Log file open, 08/24/26 17:46:51
LogWindows: Failed to load 'aqProf.dll' (GetLastError=126)
LogWindows: File 'aqProf.dll' does not exist
LogWindows: Failed to load 'VtuneApi.dll' (GetLastError=126)
LogWindows: File 'VtuneApi.dll' does not exist
LogWindows: Failed to load 'VtuneApi32e.dll' (GetLastError=126)
LogWindows: File 'VtuneApi32e.dll' does not exist
LogConsoleResponse: Display: Failed to find resolution value strings in scalability ini. Falling back to default.
LogConsoleResponse: Display: Failed to find resolution value strings in scalability ini. Falling back to default.
LogInit: Display: Running engine for game: BrackeysJam2026
LogPlatformFile: Not using cached read wrapper
LogTaskGraph: Started task graph with 5 named threads and 47 total threads with 3 sets of task threads.
LogStats: Stats thread started at 0.216073
LogICUInternationalization: ICU TimeZone Detection - Raw Offset: -3:00, Platform Override: ''
LogInit: Display: Loading text-based GConfig....
LogPluginManager: Mounting plugin MeshPainting
LogPluginManager: Mounting plugin XGEController
LogPluginManager: Mounting plugin Paper2D
LogPluginManager: Mounting plugin AISupport
LogPluginManager: Mounting plugin EnvironmentQueryEditor
LogPluginManager: Mounting plugin LiveLink
LogPluginManager: Mounting plugin LightPropagationVolume
LogPluginManager: Mounting plugin GameplayCameras
LogPluginManager: Mounting plugin CameraShakePreviewer
LogPluginManager: Mounting plugin OodleData
LogPluginManager: Mounting plugin OodleNetwork
LogPluginManager: Mounting plugin AnimationSharing
LogPluginManager: Mounting plugin CodeLiteSourceCodeAccess
LogPluginManager: Mounting plugin CLionSourceCodeAccess
LogPluginManager: Mounting plugin GitSourceControl
LogPluginManager: Mounting plugin KDevelopSourceCodeAccess
LogPluginManager: Mounting plugin NullSourceCodeAccess
LogPluginManager: Mounting plugin PerforceSourceControl
LogPluginManager: Mounting plugin PixWinPlugin
LogPluginManager: Mounting plugin PlasticSourceControl
LogPluginManager: Mounting plugin PluginUtils
LogPluginManager: Mounting plugin PropertyAccessNode
LogPluginManager: Mounting plugin RiderSourceCodeAccess
LogPluginManager: Mounting plugin AssetManagerEditor
LogPluginManager: Mounting plugin SubversionSourceControl
LogPluginManager: Mounting plugin TextureFormatOodle
LogPluginManager: Mounting plugin UObjectPlugin
LogPluginManager: Mounting plugin CryptoKeys
LogPluginManager: Mounting plugin VisualStudioCodeSourceCodeAccess
LogPluginManager: Mounting plugin VisualStudioSourceCodeAccess
LogPluginManager: Mounting plugin CurveEditorTools
LogPluginManager: Mounting plugin XCodeSourceCodeAccess
LogPluginManager: Mounting plugin DataValidation
LogPluginManager: Mounting plugin FacialAnimation
LogPluginManager: Mounting plugin GeometryMode
LogPluginManager: Mounting plugin GameplayTagsEditor
LogPluginManager: Mounting plugin MaterialAnalyzer
LogPluginManager: Mounting plugin DatasmithContent
LogPluginManager: Mounting plugin MacGraphicsSwitching
LogPluginManager: Mounting plugin PluginBrowser
LogPluginManager: Mounting plugin MobileLauncherProfileWizard
LogPluginManager: Mounting plugin SpeedTreeImporter
LogPluginManager: Mounting plugin AlembicImporter
LogPluginManager: Mounting plugin VariantManagerContent
LogPluginManager: Mounting plugin AutomationUtils
LogPluginManager: Mounting plugin BackChannel
LogPluginManager: Mounting plugin Niagara
LogPluginManager: Mounting plugin ChaosCloth
LogPluginManager: Mounting plugin ChaosEditor
LogPluginManager: Mounting plugin ChaosClothEditor
LogPluginManager: Mounting plugin ChaosNiagara
LogPluginManager: Mounting plugin ChaosSolverPlugin
LogPluginManager: Mounting plugin CharacterAI
LogPluginManager: Mounting plugin GeometryCache
LogPluginManager: Mounting plugin GeometryCollectionPlugin
LogPluginManager: Mounting plugin GeometryProcessing
LogPluginManager: Mounting plugin MotoSynth
LogPluginManager: Mounting plugin OpenImageDenoise
LogPluginManager: Mounting plugin PlanarCut
LogPluginManager: Mounting plugin PlatformCrypto
LogPluginManager: Mounting plugin ProxyLODPlugin
LogPluginManager: Mounting plugin PythonScriptPlugin
LogPluginManager: Mounting plugin SkeletalReduction
LogPluginManager: Mounting plugin LuminPlatformFeatures
LogPluginManager: Mounting plugin MagicLeap
LogPluginManager: Mounting plugin MagicLeapLightEstimation
LogPluginManager: Mounting plugin MagicLeapMedia
LogPluginManager: Mounting plugin AndroidMedia
LogPluginManager: Mounting plugin MagicLeapPassableWorld
LogPluginManager: Mounting plugin MLSDK
LogPluginManager: Mounting plugin AvfMedia
LogPluginManager: Mounting plugin ImgMedia
LogPluginManager: Mounting plugin MediaCompositing
LogPluginManager: Mounting plugin TcpMessaging
LogPluginManager: Mounting plugin UdpMessaging
LogPluginManager: Mounting plugin MediaPlayerEditor
LogPluginManager: Mounting plugin WmfMedia
LogPluginManager: Mounting plugin WebMMedia
LogPluginManager: Mounting plugin ActorSequence
LogPluginManager: Mounting plugin LevelSequenceEditor
LogPluginManager: Mounting plugin MatineeToLevelSequence
LogPluginManager: Mounting plugin TemplateSequence
LogPluginManager: Mounting plugin OnlineSubsystem
LogPluginManager: Mounting plugin LauncherChunkInstaller
LogPluginManager: Mounting plugin ActorLayerUtilities
LogPluginManager: Mounting plugin OnlineSubsystemNull
LogPluginManager: Mounting plugin OnlineSubsystemUtils
LogPluginManager: Mounting plugin AndroidMoviePlayer
LogPluginManager: Mounting plugin AndroidPermission
LogPluginManager: Mounting plugin AndroidDeviceProfileSelector
LogPluginManager: Mounting plugin AppleImageUtils
LogPluginManager: Mounting plugin AppleMoviePlayer
LogPluginManager: Mounting plugin ArchVisCharacter
LogPluginManager: Mounting plugin AssetTags
LogPluginManager: Mounting plugin AudioCapture
LogPluginManager: Mounting plugin AudioSynesthesia
LogPluginManager: Mounting plugin CableComponent
LogPluginManager: Mounting plugin ChunkDownloader
LogPluginManager: Mounting plugin CustomMeshComponent
LogPluginManager: Mounting plugin EditableMesh
LogPluginManager: Mounting plugin ExampleDeviceProfileSelector
LogPluginManager: Mounting plugin GoogleCloudMessaging
LogPluginManager: Mounting plugin GooglePAD
LogPluginManager: Mounting plugin IOSDeviceProfileSelector
LogPluginManager: Mounting plugin LinuxDeviceProfileSelector
LogPluginManager: Mounting plugin LocationServicesBPLibrary
LogPluginManager: Mounting plugin MobilePatchingUtils
LogPluginManager: Mounting plugin OpenXR
LogPluginManager: Mounting plugin OpenXREyeTracker
LogPluginManager: Mounting plugin OpenXRHandTracking
LogPluginManager: Mounting plugin PhysXVehicles
LogPluginManager: Mounting plugin PostSplashScreen
LogPluginManager: Mounting plugin ProceduralMeshComponent
LogPluginManager: Mounting plugin PropertyAccessEditor
LogPluginManager: Mounting plugin RuntimePhysXCooking
LogPluginManager: Mounting plugin SignificanceManager
LogPluginManager: Mounting plugin SoundFields
LogPluginManager: Mounting plugin Synthesis
LogPluginManager: Mounting plugin WebMMoviePlayer
LogPluginManager: Mounting plugin WindowsMoviePlayer
LogPluginManager: Mounting plugin ScreenshotTools
LogPluginManager: Mounting plugin Takes
LogPluginManager: Mounting plugin ContentBrowserAssetDataSource
LogPluginManager: Mounting plugin ContentBrowserClassDataSource
LogPluginManager: Mounting plugin ContentBrowserFileDataSource
LogPluginManager: Mounting plugin OnlineSubsystemGooglePlay
LogPluginManager: Mounting plugin OnlineSubsystemIOS
LogPluginManager: Mounting plugin OculusVR
LogPluginManager: Mounting plugin SteamVR
PixWinPlugin: PIX capture plugin failed to initialize! Check that the process is launched from PIX.
LogInit: Using libcurl 7.55.1-DEV
LogInit:  - built for x86_64-pc-win32
LogInit:  - supports SSL with OpenSSL/1.1.1
LogInit:  - supports HTTP deflate (compression) using libz 1.2.8
LogInit:  - other features:
LogInit:      CURL_VERSION_SSL
LogInit:      CURL_VERSION_LIBZ
LogInit:      CURL_VERSION_IPV6
LogInit:      CURL_VERSION_ASYNCHDNS
LogInit:      CURL_VERSION_LARGEFILE
LogInit:      CURL_VERSION_IDN
LogInit:  CurlRequestOptions (configurable via config and command line):
LogInit:  - bVerifyPeer = true  - Libcurl will verify peer certificate
LogInit:  - bUseHttpProxy = false  - Libcurl will NOT use HTTP proxy
LogInit:  - bDontReuseConnections = false  - Libcurl will reuse connections
LogInit:  - MaxHostConnections = 16  - Libcurl will limit the number of connections to a host
LogInit:  - LocalHostAddr = Default
LogInit:  - BufferSize = 65536
LogOnline: OSS: Creating online subsystem instance for: NULL
LogInit: WinSock: version 1.1 (2.2), MaxSocks=32767, MaxUdp=65467
LogOnline: OSS: TryLoadSubsystemAndSetDefault: Loaded subsystem for module [NULL]
LogOculusPluginWrapper: OculusPlugin initialized successfully
LogHMD: Failed initializing OVRPlugin 1.59.0
LogInit: Build: ++UE4+Release-4.27-CL-18319896
LogInit: Engine Version: 4.27.2-18319896+++UE4+Release-4.27
LogInit: Compatible Engine Version: 4.27.0-17155196+++UE4+Release-4.27
LogInit: Net CL: 17155196
LogInit: OS: Windows 10 (Release 2009) (), CPU: AMD Ryzen 7 5700G with Radeon Graphics         , GPU: AMD Radeon(TM) Graphics
LogInit: Compiled (64-bit): Nov 30 2021 07:12:08
LogInit: Compiled with Visual C++: 19.24.28315.00
LogInit: Build Configuration: Development
LogInit: Branch Name: ++UE4+Release-4.27
LogInit: Command Line:  -AUTH_LOGIN=unused -AUTH_PASSWORD=e551443faf6844eebf076adc828f39bc -AUTH_TYPE=exchangecode -epicapp=UE_4.27 -epicenv=Prod -EpicPortal -epicusername=Calabronx -epicuserid=198bbedd46bc4b878aa121d60088e353 -epiclocale=en -epicsandboxid=ue
LogInit: Base Directory: D:/UnrealEngine/UE_4.27/Engine/Binaries/Win64/
LogInit: Allocator: TBB
LogInit: Installed Engine Build: 1
LogDevObjectVersion: Number of dev versions registered: 29
LogDevObjectVersion:   Dev-Blueprints (B0D832E4-1F89-4F0D-ACCF-7EB736FD4AA2): 10
LogDevObjectVersion:   Dev-Build (E1C64328-A22C-4D53-A36C-8E866417BD8C): 0
LogDevObjectVersion:   Dev-Core (375EC13C-06E4-48FB-B500-84F0262A717E): 4
LogDevObjectVersion:   Dev-Editor (E4B068ED-F494-42E9-A231-DA0B2E46BB41): 40
LogDevObjectVersion:   Dev-Framework (CFFC743F-43B0-4480-9391-14DF171D2073): 37
LogDevObjectVersion:   Dev-Mobile (B02B49B5-BB20-44E9-A304-32B752E40360): 3
LogDevObjectVersion:   Dev-Networking (A4E4105C-59A1-49B5-A7C5-40C4547EDFEE): 0
LogDevObjectVersion:   Dev-Online (39C831C9-5AE6-47DC-9A44-9C173E1C8E7C): 0
LogDevObjectVersion:   Dev-Physics (78F01B33-EBEA-4F98-B9B4-84EACCB95AA2): 14
LogDevObjectVersion:   Dev-Platform (6631380F-2D4D-43E0-8009-CF276956A95A): 0
LogDevObjectVersion:   Dev-Rendering (12F88B9F-8875-4AFC-A67C-D90C383ABD29): 45
LogDevObjectVersion:   Dev-Sequencer (7B5AE74C-D270-4C10-A958-57980B212A5A): 13
LogDevObjectVersion:   Dev-VR (D7296918-1DD6-4BDD-9DE2-64A83CC13884): 3
LogDevObjectVersion:   Dev-LoadTimes (C2A15278-BFE7-4AFE-6C17-90FF531DF755): 1
LogDevObjectVersion:   Private-Geometry (6EACA3D4-40EC-4CC1-B786-8BED09428FC5): 3
LogDevObjectVersion:   Dev-AnimPhys (29E575DD-E0A3-4627-9D10-D276232CDCEA): 17
LogDevObjectVersion:   Dev-Anim (AF43A65D-7FD3-4947-9873-3E8ED9C1BB05): 15
LogDevObjectVersion:   Dev-ReflectionCapture (6B266CEC-1EC7-4B8F-A30B-E4D90942FC07): 1
LogDevObjectVersion:   Dev-Automation (0DF73D61-A23F-47EA-B727-89E90C41499A): 1
LogDevObjectVersion:   FortniteMain (601D1886-AC64-4F84-AA16-D3DE0DEAC7D6): 47
LogDevObjectVersion:   FortniteRelease (E7086368-6B23-4C58-8439-1B7016265E91): 1
LogDevObjectVersion:   Dev-Enterprise (9DFFBCD6-494F-0158-E221-12823C92A888): 10
LogDevObjectVersion:   Dev-Niagara (F2AED0AC-9AFE-416F-8664-AA7FFA26D6FC): 1
LogDevObjectVersion:   Dev-Destruction (174F1F0B-B4C6-45A5-B13F-2EE8D0FB917D): 10
LogDevObjectVersion:   Dev-Physics-Ext (35F94A83-E258-406C-A318-09F59610247C): 41
LogDevObjectVersion:   Dev-PhysicsMaterial-Chaos (B68FC16E-8B1B-42E2-B453-215C058844FE): 1
LogDevObjectVersion:   Dev-CineCamera (B2E18506-4273-CFC2-A54E-F4BB758BBA07): 1
LogDevObjectVersion:   Dev-VirtualProduction (64F58936-FD1B-42BA-BA96-7289D5D0FA4E): 1
LogDevObjectVersion:   Dev-MediaFramework (6F0ED827-A609-4895-9C91-998D90180EA4): 2
LogInit: Presizing for max 25165824 objects, including 0 objects not considered by GC, pre-allocating 0 bytes for permanent pool.
LogConfig: Applying CVar settings from Section [/Script/Engine.StreamingSettings] File [D:/GameProgramming/BrackeysGameJam/Brackeys-2026/BrackeysJam2026/Saved/Config/Windows/Engine.ini]
LogConfig: Setting CVar [[s.MinBulkDataSizeForAsyncLoading:131072]]
LogConfig: Setting CVar [[s.AsyncLoadingThreadEnabled:0]]
LogConfig: Setting CVar [[s.EventDrivenLoaderEnabled:1]]
LogConfig: Setting CVar [[s.WarnIfTimeLimitExceeded:0]]
LogConfig: Setting CVar [[s.TimeLimitExceededMultiplier:1.5]]
LogConfig: Setting CVar [[s.TimeLimitExceededMinTime:0.005]]
LogConfig: Setting CVar [[s.UseBackgroundLevelStreaming:1]]
LogConfig: Setting CVar [[s.PriorityAsyncLoadingExtraTime:15.0]]
LogConfig: Setting CVar [[s.LevelStreamingActorsUpdateTimeLimit:5.0]]
LogConfig: Setting CVar [[s.PriorityLevelStreamingActorsUpdateExtraTime:5.0]]
LogConfig: Setting CVar [[s.LevelStreamingComponentsRegistrationGranularity:10]]
LogConfig: Setting CVar [[s.UnregisterComponentsTimeLimit:1.0]]
LogConfig: Setting CVar [[s.LevelStreamingComponentsUnregistrationGranularity:5]]
LogConfig: Setting CVar [[s.FlushStreamingOnExit:1]]
LogInit: Object subsystem initialized
LogConfig: Setting CVar [[con.DebugEarlyDefault:1]]
LogConfig: Setting CVar [[r.setres:1280x720]]
[2026.08.24-20.46.51:873][  0]LogConfig: Setting CVar [[r.VSync:0]]
[2026.08.24-20.46.51:873][  0]LogConfig: Setting CVar [[r.RHICmdBypass:0]]
[2026.08.24-20.46.51:873][  0]LogConfig: Applying CVar settings from Section [/Script/Engine.RendererSettings] File [D:/GameProgramming/BrackeysGameJam/Brackeys-2026/BrackeysJam2026/Saved/Config/Windows/Engine.ini]
[2026.08.24-20.46.51:873][  0]LogConfig: Setting CVar [[r.GPUCrashDebugging:0]]
[2026.08.24-20.46.51:873][  0]LogConfig: Setting CVar [[r.DefaultFeature.MotionBlur:0]]
[2026.08.24-20.46.51:873][  0]LogConfig: Applying CVar settings from Section [/Script/Engine.RendererOverrideSettings] File [D:/GameProgramming/BrackeysGameJam/Brackeys-2026/BrackeysJam2026/Saved/Config/Windows/Engine.ini]
[2026.08.24-20.46.51:873][  0]LogConfig: Applying CVar settings from Section [/Script/Engine.StreamingSettings] File [D:/GameProgramming/BrackeysGameJam/Brackeys-2026/BrackeysJam2026/Saved/Config/Windows/Engine.ini]
[2026.08.24-20.46.51:873][  0]LogConfig: Setting CVar [[s.MinBulkDataSizeForAsyncLoading:131072]]
[2026.08.24-20.46.51:873][  0]LogConfig: Setting CVar [[s.AsyncLoadingThreadEnabled:0]]
[2026.08.24-20.46.51:873][  0]LogConfig: Setting CVar [[s.EventDrivenLoaderEnabled:1]]
[2026.08.24-20.46.51:873][  0]LogConfig: Setting CVar [[s.WarnIfTimeLimitExceeded:0]]
[2026.08.24-20.46.51:873][  0]LogConfig: Setting CVar [[s.TimeLimitExceededMultiplier:1.5]]
[2026.08.24-20.46.51:873][  0]LogConfig: Setting CVar [[s.TimeLimitExceededMinTime:0.005]]
[2026.08.24-20.46.51:873][  0]LogConfig: Setting CVar [[s.UseBackgroundLevelStreaming:1]]
[2026.08.24-20.46.51:873][  0]LogConfig: Setting CVar [[s.PriorityAsyncLoadingExtraTime:15.0]]
[2026.08.24-20.46.51:873][  0]LogConfig: Setting CVar [[s.LevelStreamingActorsUpdateTimeLimit:5.0]]
[2026.08.24-20.46.51:873][  0]LogConfig: Setting CVar [[s.PriorityLevelStreamingActorsUpdateExtraTime:5.0]]
[2026.08.24-20.46.51:873][  0]LogConfig: Setting CVar [[s.LevelStreamingComponentsRegistrationGranularity:10]]
[2026.08.24-20.46.51:873][  0]LogConfig: Setting CVar [[s.UnregisterComponentsTimeLimit:1.0]]
[2026.08.24-20.46.51:873][  0]LogConfig: Setting CVar [[s.LevelStreamingComponentsUnregistrationGranularity:5]]
[2026.08.24-20.46.51:873][  0]LogConfig: Setting CVar [[s.FlushStreamingOnExit:1]]
[2026.08.24-20.46.51:873][  0]LogConfig: Applying CVar settings from Section [/Script/Engine.GarbageCollectionSettings] File [D:/GameProgramming/BrackeysGameJam/Brackeys-2026/BrackeysJam2026/Saved/Config/Windows/Engine.ini]
[2026.08.24-20.46.51:873][  0]LogConfig: Setting CVar [[gc.MaxObjectsNotConsideredByGC:1]]
[2026.08.24-20.46.51:873][  0]LogConfig: Setting CVar [[gc.SizeOfPermanentObjectPool:0]]
[2026.08.24-20.46.51:873][  0]LogConfig: Setting CVar [[gc.FlushStreamingOnGC:0]]
[2026.08.24-20.46.51:873][  0]LogConfig: Setting CVar [[gc.NumRetriesBeforeForcingGC:10]]
[2026.08.24-20.46.51:873][  0]LogConfig: Setting CVar [[gc.AllowParallelGC:1]]
[2026.08.24-20.46.51:873][  0]LogConfig: Setting CVar [[gc.TimeBetweenPurgingPendingKillObjects:61.1]]
[2026.08.24-20.46.51:873][  0]LogConfig: Setting CVar [[gc.MaxObjectsInEditor:25165824]]
[2026.08.24-20.46.51:873][  0]LogConfig: Setting CVar [[gc.IncrementalBeginDestroyEnabled:1]]
[2026.08.24-20.46.51:873][  0]LogConfig: Setting CVar [[gc.CreateGCClusters:1]]
[2026.08.24-20.46.51:873][  0]LogConfig: Setting CVar [[gc.MinGCClusterSize:5]]
[2026.08.24-20.46.51:873][  0]LogConfig: Setting CVar [[gc.ActorClusteringEnabled:0]]
[2026.08.24-20.46.51:873][  0]LogConfig: Setting CVar [[gc.BlueprintClusteringEnabled:0]]
[2026.08.24-20.46.51:873][  0]LogConfig: Setting CVar [[gc.UseDisregardForGCOnDedicatedServers:0]]
[2026.08.24-20.46.51:873][  0]LogConfig: Setting CVar [[gc.MultithreadedDestructionEnabled:1]]
[2026.08.24-20.46.51:873][  0]LogConfig: Applying CVar settings from Section [/Script/Engine.NetworkSettings] File [D:/GameProgramming/BrackeysGameJam/Brackeys-2026/BrackeysJam2026/Saved/Config/Windows/Engine.ini]
[2026.08.24-20.46.51:873][  0]LogConfig: Applying CVar settings from Section [/Script/UnrealEd.CookerSettings] File [D:/GameProgramming/BrackeysGameJam/Brackeys-2026/BrackeysJam2026/Saved/Config/Windows/Engine.ini]
[2026.08.24-20.46.51:882][  0]LogConfig: Applying CVar settings from Section [ViewDistanceQuality@3] File [D:/GameProgramming/BrackeysGameJam/Brackeys-2026/BrackeysJam2026/Saved/Config/Windows/Scalability.ini]
[2026.08.24-20.46.51:882][  0]LogConfig: Setting CVar [[r.SkeletalMeshLODBias:0]]
[2026.08.24-20.46.51:882][  0]LogConfig: Setting CVar [[r.ViewDistanceScale:1.0]]
[2026.08.24-20.46.51:882][  0]LogConfig: Applying CVar settings from Section [AntiAliasingQuality@3] File [D:/GameProgramming/BrackeysGameJam/Brackeys-2026/BrackeysJam2026/Saved/Config/Windows/Scalability.ini]
[2026.08.24-20.46.51:882][  0]LogConfig: Setting CVar [[r.PostProcessAAQuality:4]]
[2026.08.24-20.46.51:882][  0]LogConfig: Applying CVar settings from Section [ShadowQuality@3] File [D:/GameProgramming/BrackeysGameJam/Brackeys-2026/BrackeysJam2026/Saved/Config/Windows/Scalability.ini]
[2026.08.24-20.46.51:882][  0]LogConfig: Setting CVar [[r.LightFunctionQuality:1]]
[2026.08.24-20.46.51:882][  0]LogConfig: Setting CVar [[r.ShadowQuality:5]]
[2026.08.24-20.46.51:882][  0]LogConfig: Setting CVar [[r.Shadow.CSM.MaxCascades:10]]
[2026.08.24-20.46.51:882][  0]LogConfig: Setting CVar [[r.Shadow.MaxResolution:2048]]
[2026.08.24-20.46.51:882][  0]LogConfig: Setting CVar [[r.Shadow.MaxCSMResolution:2048]]
[2026.08.24-20.46.51:882][  0]LogConfig: Setting CVar [[r.Shadow.RadiusThreshold:0.01]]
[2026.08.24-20.46.51:882][  0]LogConfig: Setting CVar [[r.Shadow.DistanceScale:1.0]]
[2026.08.24-20.46.51:882][  0]LogConfig: Setting CVar [[r.Shadow.CSM.TransitionScale:1.0]]
[2026.08.24-20.46.51:882][  0]LogConfig: Setting CVar [[r.Shadow.PreShadowResolutionFactor:1.0]]
[2026.08.24-20.46.51:882][  0]LogConfig: Setting CVar [[r.DistanceFieldShadowing:1]]
[2026.08.24-20.46.51:882][  0]LogConfig: Setting CVar [[r.DistanceFieldAO:1]]
[2026.08.24-20.46.51:882][  0]LogConfig: Setting CVar [[r.AOQuality:2]]
[2026.08.24-20.46.51:882][  0]LogConfig: Setting CVar [[r.VolumetricFog:1]]
[2026.08.24-20.46.51:882][  0]LogConfig: Setting CVar [[r.VolumetricFog.GridPixelSize:8]]
[2026.08.24-20.46.51:882][  0]LogConfig: Setting CVar [[r.VolumetricFog.GridSizeZ:128]]
[2026.08.24-20.46.51:882][  0]LogConfig: Setting CVar [[r.VolumetricFog.HistoryMissSupersampleCount:4]]
[2026.08.24-20.46.51:882][  0]LogConfig: Setting CVar [[r.LightMaxDrawDistanceScale:1]]
[2026.08.24-20.46.51:882][  0]LogConfig: Setting CVar [[r.CapsuleShadows:1]]
[2026.08.24-20.46.51:882][  0]LogConfig: Applying CVar settings from Section [PostProcessQuality@3] File [D:/GameProgramming/BrackeysGameJam/Brackeys-2026/BrackeysJam2026/Saved/Config/Windows/Scalability.ini]
[2026.08.24-20.46.51:882][  0]LogConfig: Setting CVar [[r.MotionBlurQuality:4]]
[2026.08.24-20.46.51:882][  0]LogConfig: Setting CVar [[r.AmbientOcclusionMipLevelFactor:0.4]]
[2026.08.24-20.46.51:882][  0]LogConfig: Setting CVar [[r.AmbientOcclusionMaxQuality:100]]
[2026.08.24-20.46.51:882][  0]LogConfig: Setting CVar [[r.AmbientOcclusionLevels:-1]]
[2026.08.24-20.46.51:882][  0]LogConfig: Setting CVar [[r.AmbientOcclusionRadiusScale:1.0]]
[2026.08.24-20.46.51:882][  0]LogConfig: Setting CVar [[r.DepthOfFieldQuality:2]]
[2026.08.24-20.46.51:882][  0]LogConfig: Setting CVar [[r.RenderTargetPoolMin:400]]
[2026.08.24-20.46.51:882][  0]LogConfig: Setting CVar [[r.LensFlareQuality:2]]
[2026.08.24-20.46.51:882][  0]LogConfig: Setting CVar [[r.SceneColorFringeQuality:1]]
[2026.08.24-20.46.51:882][  0]LogConfig: Setting CVar [[r.EyeAdaptationQuality:2]]
[2026.08.24-20.46.51:882][  0]LogConfig: Setting CVar [[r.BloomQuality:5]]
[2026.08.24-20.46.51:882][  0]LogConfig: Setting CVar [[r.FastBlurThreshold:100]]
[2026.08.24-20.46.51:882][  0]LogConfig: Setting CVar [[r.Upscale.Quality:3]]
[2026.08.24-20.46.51:882][  0]LogConfig: Setting CVar [[r.Tonemapper.GrainQuantization:1]]
[2026.08.24-20.46.51:882][  0]LogConfig: Setting CVar [[r.LightShaftQuality:1]]
[2026.08.24-20.46.51:882][  0]LogConfig: Setting CVar [[r.Filter.SizeScale:1]]
[2026.08.24-20.46.51:882][  0]LogConfig: Setting CVar [[r.Tonemapper.Quality:5]]
[2026.08.24-20.46.51:882][  0]LogConfig: Setting CVar [[r.DOF.Gather.AccumulatorQuality:1        ; higher gathering accumulator quality]]
[2026.08.24-20.46.51:882][  0]LogConfig: Setting CVar [[r.DOF.Gather.PostfilterMethod:1          ; Median3x3 postfilering method]]
[2026.08.24-20.46.51:882][  0]LogConfig: Setting CVar [[r.DOF.Gather.EnableBokehSettings:0       ; no bokeh simulation when gathering]]
[2026.08.24-20.46.51:882][  0]LogConfig: Setting CVar [[r.DOF.Gather.RingCount:4                 ; medium number of samples when gathering]]
[2026.08.24-20.46.51:882][  0]LogConfig: Setting CVar [[r.DOF.Scatter.ForegroundCompositing:1    ; additive foreground scattering]]
[2026.08.24-20.46.51:882][  0]LogConfig: Setting CVar [[r.DOF.Scatter.BackgroundCompositing:2    ; additive background scattering]]
[2026.08.24-20.46.51:882][  0]LogConfig: Setting CVar [[r.DOF.Scatter.EnableBokehSettings:1      ; bokeh simulation when scattering]]
[2026.08.24-20.46.51:882][  0]LogConfig: Setting CVar [[r.DOF.Scatter.MaxSpriteRatio:0.1         ; only a maximum of 10% of scattered bokeh]]
[2026.08.24-20.46.51:882][  0]LogConfig: Setting CVar [[r.DOF.Recombine.Quality:1                ; cheap slight out of focus]]
[2026.08.24-20.46.51:882][  0]LogConfig: Setting CVar [[r.DOF.Recombine.EnableBokehSettings:0    ; no bokeh simulation on slight out of focus]]
[2026.08.24-20.46.51:882][  0]LogConfig: Setting CVar [[r.DOF.TemporalAAQuality:1                ; more stable temporal accumulation]]
[2026.08.24-20.46.51:882][  0]LogConfig: Setting CVar [[r.DOF.Kernel.MaxForegroundRadius:0.025]]
[2026.08.24-20.46.51:882][  0]LogConfig: Setting CVar [[r.DOF.Kernel.MaxBackgroundRadius:0.025]]
[2026.08.24-20.46.51:882][  0]LogConfig: Applying CVar settings from Section [TextureQuality@3] File [D:/GameProgramming/BrackeysGameJam/Brackeys-2026/BrackeysJam2026/Saved/Config/Windows/Scalability.ini]
[2026.08.24-20.46.51:882][  0]LogConfig: Setting CVar [[r.Streaming.MipBias:0]]
[2026.08.24-20.46.51:882][  0]LogConfig: Setting CVar [[r.Streaming.AmortizeCPUToGPUCopy:0]]
[2026.08.24-20.46.51:882][  0]LogConfig: Setting CVar [[r.Streaming.MaxNumTexturesToStreamPerFrame:0]]
[2026.08.24-20.46.51:882][  0]LogConfig: Setting CVar [[r.Streaming.Boost:1]]
[2026.08.24-20.46.51:882][  0]LogConfig: Setting CVar [[r.MaxAnisotropy:8]]
[2026.08.24-20.46.51:882][  0]LogConfig: Setting CVar [[r.VT.MaxAnisotropy:8]]
[2026.08.24-20.46.51:882][  0]LogConfig: Setting CVar [[r.Streaming.LimitPoolSizeToVRAM:0]]
[2026.08.24-20.46.51:882][  0]LogConfig: Setting CVar [[r.Streaming.PoolSize:1000]]
[2026.08.24-20.46.51:882][  0]LogConfig: Setting CVar [[r.Streaming.MaxEffectiveScreenSize:0]]
[2026.08.24-20.46.51:882][  0]LogConfig: Applying CVar settings from Section [EffectsQuality@3] File [D:/GameProgramming/BrackeysGameJam/Brackeys-2026/BrackeysJam2026/Saved/Config/Windows/Scalability.ini]
[2026.08.24-20.46.51:882][  0]LogConfig: Setting CVar [[r.TranslucencyLightingVolumeDim:64]]
[2026.08.24-20.46.51:882][  0]LogConfig: Setting CVar [[r.RefractionQuality:2]]
[2026.08.24-20.46.51:882][  0]LogConfig: Setting CVar [[r.SSR.Quality:3]]
[2026.08.24-20.46.51:882][  0]LogConfig: Setting CVar [[r.SSR.HalfResSceneColor:0]]
[2026.08.24-20.46.51:882][  0]LogConfig: Setting CVar [[r.SceneColorFormat:4]]
[2026.08.24-20.46.51:882][  0]LogConfig: Setting CVar [[r.DetailMode:2]]
[2026.08.24-20.46.51:882][  0]LogConfig: Setting CVar [[r.TranslucencyVolumeBlur:1]]
[2026.08.24-20.46.51:882][  0]LogConfig: Setting CVar [[r.MaterialQualityLevel:1 ; High quality]]
[2026.08.24-20.46.51:882][  0]LogConfig: Setting CVar [[r.AnisotropicMaterials:1]]
[2026.08.24-20.46.51:882][  0]LogConfig: Setting CVar [[r.SSS.Scale:1]]
[2026.08.24-20.46.51:882][  0]LogConfig: Setting CVar [[r.SSS.SampleSet:2]]
[2026.08.24-20.46.51:882][  0]LogConfig: Setting CVar [[r.SSS.Quality:1]]
[2026.08.24-20.46.51:882][  0]LogConfig: Setting CVar [[r.SSS.HalfRes:0]]
[2026.08.24-20.46.51:882][  0]LogConfig: Setting CVar [[r.SSGI.Quality:3]]
[2026.08.24-20.46.51:882][  0]LogConfig: Setting CVar [[r.EmitterSpawnRateScale:1.0]]
[2026.08.24-20.46.51:882][  0]LogConfig: Setting CVar [[r.ParticleLightQuality:2]]
[2026.08.24-20.46.51:882][  0]LogConfig: Setting CVar [[r.SkyAtmosphere.AerialPerspectiveLUT.FastApplyOnOpaque:1 ; Always have FastSkyLUT 1 in this case to avoid wrong sky]]
[2026.08.24-20.46.51:882][  0]LogConfig: Setting CVar [[r.SkyAtmosphere.AerialPerspectiveLUT.SampleCountMaxPerSlice:4]]
[2026.08.24-20.46.51:882][  0]LogConfig: Setting CVar [[r.SkyAtmosphere.AerialPerspectiveLUT.DepthResolution:16.0]]
[2026.08.24-20.46.51:882][  0]LogConfig: Setting CVar [[r.SkyAtmosphere.FastSkyLUT:1]]
[2026.08.24-20.46.51:882][  0]LogConfig: Setting CVar [[r.SkyAtmosphere.FastSkyLUT.SampleCountMin:4.0]]
[2026.08.24-20.46.51:882][  0]LogConfig: Setting CVar [[r.SkyAtmosphere.FastSkyLUT.SampleCountMax:128.0]]
[2026.08.24-20.46.51:882][  0]LogConfig: Setting CVar [[r.SkyAtmosphere.SampleCountMin:4.0]]
[2026.08.24-20.46.51:882][  0]LogConfig: Setting CVar [[r.SkyAtmosphere.SampleCountMax:128.0]]
[2026.08.24-20.46.51:882][  0]LogConfig: Setting CVar [[r.SkyAtmosphere.TransmittanceLUT.UseSmallFormat:0]]
[2026.08.24-20.46.51:882][  0]LogConfig: Setting CVar [[r.SkyAtmosphere.TransmittanceLUT.SampleCount:10.0]]
[2026.08.24-20.46.51:882][  0]LogConfig: Setting CVar [[r.SkyAtmosphere.MultiScatteringLUT.SampleCount:15.0]]
[2026.08.24-20.46.51:882][  0]LogConfig: Setting CVar [[r.SkyLight.RealTimeReflectionCapture:1]]
[2026.08.24-20.46.51:882][  0]LogConfig: Applying CVar settings from Section [FoliageQuality@3] File [D:/GameProgramming/BrackeysGameJam/Brackeys-2026/BrackeysJam2026/Saved/Config/Windows/Scalability.ini]
[2026.08.24-20.46.51:882][  0]LogConfig: Setting CVar [[foliage.DensityScale:1.0]]
[2026.08.24-20.46.51:882][  0]LogConfig: Setting CVar [[grass.DensityScale:1.0]]
[2026.08.24-20.46.51:882][  0]LogConfig: Applying CVar settings from Section [ShadingQuality@3] File [D:/GameProgramming/BrackeysGameJam/Brackeys-2026/BrackeysJam2026/Saved/Config/Windows/Scalability.ini]
[2026.08.24-20.46.51:882][  0]LogConfig: Setting CVar [[r.HairStrands.SkyLighting.IntegrationType:2]]
[2026.08.24-20.46.51:882][  0]LogConfig: Setting CVar [[r.HairStrands.SkyAO.SampleCount:4]]
[2026.08.24-20.46.51:882][  0]LogConfig: Setting CVar [[r.HairStrands.Visibility.MSAA.SamplePerPixel:4]]
[2026.08.24-20.46.51:882][  0]LogInit: Selected Device Profile: [Windows]
[2026.08.24-20.46.51:882][  0]LogInit: Applying CVar settings loaded from the selected device profile: [Windows]
[2026.08.24-20.46.51:883][  0]LogHAL: Display: Platform has ~ 14 GB [14920806400 / 17179869184 / 14], which maps to Larger [LargestMinGB=32, LargerMinGB=12, DefaultMinGB=8, SmallerMinGB=6, SmallestMinGB=0)
[2026.08.24-20.46.51:883][  0]LogInit: Going up to parent DeviceProfile []
[2026.08.24-20.46.51:883][  0]LogConfig: Applying CVar settings from Section [ViewDistanceQuality@3] File [D:/GameProgramming/BrackeysGameJam/Brackeys-2026/BrackeysJam2026/Saved/Config/Windows/Scalability.ini]
[2026.08.24-20.46.51:883][  0]LogConfig: Setting CVar [[r.SkeletalMeshLODBias:0]]
[2026.08.24-20.46.51:883][  0]LogConfig: Setting CVar [[r.ViewDistanceScale:1.0]]
[2026.08.24-20.46.51:883][  0]LogConfig: Applying CVar settings from Section [AntiAliasingQuality@3] File [D:/GameProgramming/BrackeysGameJam/Brackeys-2026/BrackeysJam2026/Saved/Config/Windows/Scalability.ini]
[2026.08.24-20.46.51:883][  0]LogConfig: Setting CVar [[r.PostProcessAAQuality:4]]
[2026.08.24-20.46.51:883][  0]LogConfig: Applying CVar settings from Section [ShadowQuality@3] File [D:/GameProgramming/BrackeysGameJam/Brackeys-2026/BrackeysJam2026/Saved/Config/Windows/Scalability.ini]
[2026.08.24-20.46.51:883][  0]LogConfig: Setting CVar [[r.LightFunctionQuality:1]]
[2026.08.24-20.46.51:883][  0]LogConfig: Setting CVar [[r.ShadowQuality:5]]
[2026.08.24-20.46.51:883][  0]LogConfig: Setting CVar [[r.Shadow.CSM.MaxCascades:10]]
[2026.08.24-20.46.51:883][  0]LogConfig: Setting CVar [[r.Shadow.MaxResolution:2048]]
[2026.08.24-20.46.51:883][  0]LogConfig: Setting CVar [[r.Shadow.MaxCSMResolution:2048]]
[2026.08.24-20.46.51:883][  0]LogConfig: Setting CVar [[r.Shadow.RadiusThreshold:0.01]]
[2026.08.24-20.46.51:883][  0]LogConfig: Setting CVar [[r.Shadow.DistanceScale:1.0]]
[2026.08.24-20.46.51:883][  0]LogConfig: Setting CVar [[r.Shadow.CSM.TransitionScale:1.0]]
[2026.08.24-20.46.51:883][  0]LogConfig: Setting CVar [[r.Shadow.PreShadowResolutionFactor:1.0]]
[2026.08.24-20.46.51:883][  0]LogConfig: Setting CVar [[r.DistanceFieldShadowing:1]]
[2026.08.24-20.46.51:883][  0]LogConfig: Setting CVar [[r.DistanceFieldAO:1]]
[2026.08.24-20.46.51:883][  0]LogConfig: Setting CVar [[r.AOQuality:2]]
[2026.08.24-20.46.51:883][  0]LogConfig: Setting CVar [[r.VolumetricFog:1]]
[2026.08.24-20.46.51:883][  0]LogConfig: Setting CVar [[r.VolumetricFog.GridPixelSize:8]]
[2026.08.24-20.46.51:883][  0]LogConfig: Setting CVar [[r.VolumetricFog.GridSizeZ:128]]
[2026.08.24-20.46.51:883][  0]LogConfig: Setting CVar [[r.VolumetricFog.HistoryMissSupersampleCount:4]]
[2026.08.24-20.46.51:883][  0]LogConfig: Setting CVar [[r.LightMaxDrawDistanceScale:1]]
[2026.08.24-20.46.51:883][  0]LogConfig: Setting CVar [[r.CapsuleShadows:1]]
[2026.08.24-20.46.51:883][  0]LogConfig: Applying CVar settings from Section [PostProcessQuality@3] File [D:/GameProgramming/BrackeysGameJam/Brackeys-2026/BrackeysJam2026/Saved/Config/Windows/Scalability.ini]
[2026.08.24-20.46.51:883][  0]LogConfig: Setting CVar [[r.MotionBlurQuality:4]]
[2026.08.24-20.46.51:883][  0]LogConfig: Setting CVar [[r.AmbientOcclusionMipLevelFactor:0.4]]
[2026.08.24-20.46.51:883][  0]LogConfig: Setting CVar [[r.AmbientOcclusionMaxQuality:100]]
[2026.08.24-20.46.51:883][  0]LogConfig: Setting CVar [[r.AmbientOcclusionLevels:-1]]
[2026.08.24-20.46.51:883][  0]LogConfig: Setting CVar [[r.AmbientOcclusionRadiusScale:1.0]]
[2026.08.24-20.46.51:883][  0]LogConfig: Setting CVar [[r.DepthOfFieldQuality:2]]
[2026.08.24-20.46.51:883][  0]LogConfig: Setting CVar [[r.RenderTargetPoolMin:400]]
[2026.08.24-20.46.51:883][  0]LogConfig: Setting CVar [[r.LensFlareQuality:2]]
[2026.08.24-20.46.51:883][  0]LogConfig: Setting CVar [[r.SceneColorFringeQuality:1]]
[2026.08.24-20.46.51:883][  0]LogConfig: Setting CVar [[r.EyeAdaptationQuality:2]]
[2026.08.24-20.46.51:883][  0]LogConfig: Setting CVar [[r.BloomQuality:5]]
[2026.08.24-20.46.51:883][  0]LogConfig: Setting CVar [[r.FastBlurThreshold:100]]
[2026.08.24-20.46.51:883][  0]LogConfig: Setting CVar [[r.Upscale.Quality:3]]
[2026.08.24-20.46.51:883][  0]LogConfig: Setting CVar [[r.Tonemapper.GrainQuantization:1]]
[2026.08.24-20.46.51:883][  0]LogConfig: Setting CVar [[r.LightShaftQuality:1]]
[2026.08.24-20.46.51:883][  0]LogConfig: Setting CVar [[r.Filter.SizeScale:1]]
[2026.08.24-20.46.51:883][  0]LogConfig: Setting CVar [[r.Tonemapper.Quality:5]]
[2026.08.24-20.46.51:883][  0]LogConfig: Setting CVar [[r.DOF.Gather.AccumulatorQuality:1        ; higher gathering accumulator quality]]
[2026.08.24-20.46.51:883][  0]LogConfig: Setting CVar [[r.DOF.Gather.PostfilterMethod:1          ; Median3x3 postfilering method]]
[2026.08.24-20.46.51:883][  0]LogConfig: Setting CVar [[r.DOF.Gather.EnableBokehSettings:0       ; no bokeh simulation when gathering]]
[2026.08.24-20.46.51:883][  0]LogConfig: Setting CVar [[r.DOF.Gather.RingCount:4                 ; medium number of samples when gathering]]
[2026.08.24-20.46.51:883][  0]LogConfig: Setting CVar [[r.DOF.Scatter.ForegroundCompositing:1    ; additive foreground scattering]]
[2026.08.24-20.46.51:883][  0]LogConfig: Setting CVar [[r.DOF.Scatter.BackgroundCompositing:2    ; additive background scattering]]
[2026.08.24-20.46.51:883][  0]LogConfig: Setting CVar [[r.DOF.Scatter.EnableBokehSettings:1      ; bokeh simulation when scattering]]
[2026.08.24-20.46.51:883][  0]LogConfig: Setting CVar [[r.DOF.Scatter.MaxSpriteRatio:0.1         ; only a maximum of 10% of scattered bokeh]]
[2026.08.24-20.46.51:883][  0]LogConfig: Setting CVar [[r.DOF.Recombine.Quality:1                ; cheap slight out of focus]]
[2026.08.24-20.46.51:883][  0]LogConfig: Setting CVar [[r.DOF.Recombine.EnableBokehSettings:0    ; no bokeh simulation on slight out of focus]]
[2026.08.24-20.46.51:883][  0]LogConfig: Setting CVar [[r.DOF.TemporalAAQuality:1                ; more stable temporal accumulation]]
[2026.08.24-20.46.51:883][  0]LogConfig: Setting CVar [[r.DOF.Kernel.MaxForegroundRadius:0.025]]
[2026.08.24-20.46.51:883][  0]LogConfig: Setting CVar [[r.DOF.Kernel.MaxBackgroundRadius:0.025]]
[2026.08.24-20.46.51:883][  0]LogConfig: Applying CVar settings from Section [TextureQuality@3] File [D:/GameProgramming/BrackeysGameJam/Brackeys-2026/BrackeysJam2026/Saved/Config/Windows/Scalability.ini]
[2026.08.24-20.46.51:883][  0]LogConfig: Setting CVar [[r.Streaming.MipBias:0]]
[2026.08.24-20.46.51:883][  0]LogConfig: Setting CVar [[r.Streaming.AmortizeCPUToGPUCopy:0]]
[2026.08.24-20.46.51:883][  0]LogConfig: Setting CVar [[r.Streaming.MaxNumTexturesToStreamPerFrame:0]]
[2026.08.24-20.46.51:883][  0]LogConfig: Setting CVar [[r.Streaming.Boost:1]]
[2026.08.24-20.46.51:883][  0]LogConfig: Setting CVar [[r.MaxAnisotropy:8]]
[2026.08.24-20.46.51:883][  0]LogConfig: Setting CVar [[r.VT.MaxAnisotropy:8]]
[2026.08.24-20.46.51:883][  0]LogConfig: Setting CVar [[r.Streaming.LimitPoolSizeToVRAM:0]]
[2026.08.24-20.46.51:883][  0]LogConfig: Setting CVar [[r.Streaming.PoolSize:1000]]
[2026.08.24-20.46.51:883][  0]LogConfig: Setting CVar [[r.Streaming.MaxEffectiveScreenSize:0]]
[2026.08.24-20.46.51:883][  0]LogConfig: Applying CVar settings from Section [EffectsQuality@3] File [D:/GameProgramming/BrackeysGameJam/Brackeys-2026/BrackeysJam2026/Saved/Config/Windows/Scalability.ini]
[2026.08.24-20.46.51:883][  0]LogConfig: Setting CVar [[r.TranslucencyLightingVolumeDim:64]]
[2026.08.24-20.46.51:883][  0]LogConfig: Setting CVar [[r.RefractionQuality:2]]
[2026.08.24-20.46.51:883][  0]LogConfig: Setting CVar [[r.SSR.Quality:3]]
[2026.08.24-20.46.51:883][  0]LogConfig: Setting CVar [[r.SSR.HalfResSceneColor:0]]
[2026.08.24-20.46.51:883][  0]LogConfig: Setting CVar [[r.SceneColorFormat:4]]
[2026.08.24-20.46.51:883][  0]LogConfig: Setting CVar [[r.DetailMode:2]]
[2026.08.24-20.46.51:883][  0]LogConfig: Setting CVar [[r.TranslucencyVolumeBlur:1]]
[2026.08.24-20.46.51:883][  0]LogConfig: Setting CVar [[r.MaterialQualityLevel:1 ; High quality]]
[2026.08.24-20.46.51:883][  0]LogConfig: Setting CVar [[r.AnisotropicMaterials:1]]
[2026.08.24-20.46.51:883][  0]LogConfig: Setting CVar [[r.SSS.Scale:1]]
[2026.08.24-20.46.51:883][  0]LogConfig: Setting CVar [[r.SSS.SampleSet:2]]
[2026.08.24-20.46.51:883][  0]LogConfig: Setting CVar [[r.SSS.Quality:1]]
[2026.08.24-20.46.51:883][  0]LogConfig: Setting CVar [[r.SSS.HalfRes:0]]
[2026.08.24-20.46.51:883][  0]LogConfig: Setting CVar [[r.SSGI.Quality:3]]
[2026.08.24-20.46.51:883][  0]LogConfig: Setting CVar [[r.EmitterSpawnRateScale:1.0]]
[2026.08.24-20.46.51:883][  0]LogConfig: Setting CVar [[r.ParticleLightQuality:2]]
[2026.08.24-20.46.51:883][  0]LogConfig: Setting CVar [[r.SkyAtmosphere.AerialPerspectiveLUT.FastApplyOnOpaque:1 ; Always have FastSkyLUT 1 in this case to avoid wrong sky]]
[2026.08.24-20.46.51:883][  0]LogConfig: Setting CVar [[r.SkyAtmosphere.AerialPerspectiveLUT.SampleCountMaxPerSlice:4]]
[2026.08.24-20.46.51:883][  0]LogConfig: Setting CVar [[r.SkyAtmosphere.AerialPerspectiveLUT.DepthResolution:16.0]]
[2026.08.24-20.46.51:883][  0]LogConfig: Setting CVar [[r.SkyAtmosphere.FastSkyLUT:1]]
[2026.08.24-20.46.51:883][  0]LogConfig: Setting CVar [[r.SkyAtmosphere.FastSkyLUT.SampleCountMin:4.0]]
[2026.08.24-20.46.51:883][  0]LogConfig: Setting CVar [[r.SkyAtmosphere.FastSkyLUT.SampleCountMax:128.0]]
[2026.08.24-20.46.51:883][  0]LogConfig: Setting CVar [[r.SkyAtmosphere.SampleCountMin:4.0]]
[2026.08.24-20.46.51:883][  0]LogConfig: Setting CVar [[r.SkyAtmosphere.SampleCountMax:128.0]]
[2026.08.24-20.46.51:883][  0]LogConfig: Setting CVar [[r.SkyAtmosphere.TransmittanceLUT.UseSmallFormat:0]]
[2026.08.24-20.46.51:883][  0]LogConfig: Setting CVar [[r.SkyAtmosphere.TransmittanceLUT.SampleCount:10.0]]
[2026.08.24-20.46.51:883][  0]LogConfig: Setting CVar [[r.SkyAtmosphere.MultiScatteringLUT.SampleCount:15.0]]
[2026.08.24-20.46.51:883][  0]LogConfig: Setting CVar [[r.SkyLight.RealTimeReflectionCapture:1]]
[2026.08.24-20.46.51:883][  0]LogConfig: Applying CVar settings from Section [FoliageQuality@3] File [D:/GameProgramming/BrackeysGameJam/Brackeys-2026/BrackeysJam2026/Saved/Config/Windows/Scalability.ini]
[2026.08.24-20.46.51:883][  0]LogConfig: Setting CVar [[foliage.DensityScale:1.0]]
[2026.08.24-20.46.51:883][  0]LogConfig: Setting CVar [[grass.DensityScale:1.0]]
[2026.08.24-20.46.51:883][  0]LogConfig: Applying CVar settings from Section [ShadingQuality@3] File [D:/GameProgramming/BrackeysGameJam/Brackeys-2026/BrackeysJam2026/Saved/Config/Windows/Scalability.ini]
[2026.08.24-20.46.51:883][  0]LogConfig: Setting CVar [[r.HairStrands.SkyLighting.IntegrationType:2]]
[2026.08.24-20.46.51:883][  0]LogConfig: Setting CVar [[r.HairStrands.SkyAO.SampleCount:4]]
[2026.08.24-20.46.51:883][  0]LogConfig: Setting CVar [[r.HairStrands.Visibility.MSAA.SamplePerPixel:4]]
[2026.08.24-20.46.51:883][  0]LogConfig: Applying CVar settings from Section [Startup] File [../../../Engine/Config/ConsoleVariables.ini]
[2026.08.24-20.46.51:884][  0]LogConfig: Setting CVar [[net.UseAdaptiveNetUpdateFrequency:0]]
[2026.08.24-20.46.51:884][  0]LogConfig: Setting CVar [[p.chaos.AllowCreatePhysxBodies:1]]
[2026.08.24-20.46.51:884][  0]LogConfig: Setting CVar [[fx.SkipVectorVMBackendOptimizations:1]]
[2026.08.24-20.46.51:884][  0]LogConfig: Applying CVar settings from Section [ConsoleVariables] File [D:/GameProgramming/BrackeysGameJam/Brackeys-2026/BrackeysJam2026/Saved/Config/Windows/Engine.ini]
[2026.08.24-20.46.51:884][  0]LogConfig: Applying CVar settings from Section [ConsoleVariables] File [D:/GameProgramming/BrackeysGameJam/Brackeys-2026/BrackeysJam2026/Saved/Config/Windows/Editor.ini]
[2026.08.24-20.46.51:884][  0]LogInit: Computer: SEBASTIANGMRPC
[2026.08.24-20.46.51:884][  0]LogInit: User: sebas
[2026.08.24-20.46.51:884][  0]LogInit: CPU Page size=4096, Cores=8
[2026.08.24-20.46.51:884][  0]LogInit: High frequency timer resolution =10.000000 MHz
[2026.08.24-20.46.51:884][  0]LogMemory: Memory total: Physical=13.9GB (14GB approx)
[2026.08.24-20.46.51:884][  0]LogMemory: Platform Memory Stats for Windows
[2026.08.24-20.46.51:884][  0]LogMemory: Process Physical Memory: 153.84 MB used, 153.84 MB peak
[2026.08.24-20.46.51:884][  0]LogMemory: Process Virtual Memory: 131.76 MB used, 131.76 MB peak
[2026.08.24-20.46.51:884][  0]LogMemory: Physical Memory: 10056.16 MB used,  4173.43 MB free, 14229.59 MB total
[2026.08.24-20.46.51:884][  0]LogMemory: Virtual Memory: 134214576.00 MB used,  3148.29 MB free, 134217728.00 MB total
[2026.08.24-20.46.51:890][  0]LogWindows: WindowsPlatformFeatures enabled
[2026.08.24-20.46.51:914][  0]LogInit: Physics initialised using underlying interface: PhysX
[2026.08.24-20.46.51:915][  0]LogInit: Using OS detected language (en-US).
[2026.08.24-20.46.51:915][  0]LogInit: Using OS detected locale (es-419).
[2026.08.24-20.46.51:917][  0]LogTextLocalizationManager: No specific localization for 'en-US' exists, so the 'en' localization will be used.
[2026.08.24-20.46.52:089][  0]LogInit: Setting process to per monitor DPI aware
[2026.08.24-20.46.52:099][  0]LogWindowsTextInputMethodSystem: Display: IME system deactivated.
[2026.08.24-20.46.52:115][  0]LogSlate: New Slate User Created.  User Index 0, Is Virtual User: 0
[2026.08.24-20.46.52:115][  0]LogSlate: Slate User Registered.  User Index 0, Is Virtual User: 0
[2026.08.24-20.46.52:297][  0]LogD3D11RHI: Loaded GFSDK_Aftermath_Lib.x64.dll
[2026.08.24-20.46.52:310][  0]LogHMD: Failed to initialize OpenVR with code 110
[2026.08.24-20.46.52:310][  0]LogD3D11RHI: D3D11 min allowed feature level: 11_0
[2026.08.24-20.46.52:310][  0]LogD3D11RHI: D3D11 max allowed feature level: 11_0
[2026.08.24-20.46.52:310][  0]LogD3D11RHI: D3D11 adapters:
[2026.08.24-20.46.52:358][  0]LogD3D11RHI:    0. 'AMD Radeon(TM) Graphics' (Feature Level 11_0)
[2026.08.24-20.46.52:358][  0]LogD3D11RHI:       2031/0/7114 MB DedicatedVideo/DedicatedSystem/SharedSystem, Outputs:2, VendorId:0x1002
[2026.08.24-20.46.52:361][  0]LogD3D11RHI:    1. 'Microsoft Basic Render Driver' (Feature Level 11_0)
[2026.08.24-20.46.52:361][  0]LogD3D11RHI:       0/0/7114 MB DedicatedVideo/DedicatedSystem/SharedSystem, Outputs:0, VendorId:0x1414
[2026.08.24-20.46.52:361][  0]LogD3D11RHI: Chosen D3D11 Adapter:
[2026.08.24-20.46.52:361][  0]LogD3D11RHI:     Description : AMD Radeon(TM) Graphics
[2026.08.24-20.46.52:361][  0]LogD3D11RHI:     VendorId    : 1002
[2026.08.24-20.46.52:361][  0]LogD3D11RHI:     DeviceId    : 1638
[2026.08.24-20.46.52:361][  0]LogD3D11RHI:     SubSysId    : 16361002
[2026.08.24-20.46.52:361][  0]LogD3D11RHI:     Revision    : 00c8
[2026.08.24-20.46.52:361][  0]LogD3D11RHI:     DedicatedVideoMemory : 2130460672 bytes
[2026.08.24-20.46.52:361][  0]LogD3D11RHI:     DedicatedSystemMemory : 0 bytes
[2026.08.24-20.46.52:361][  0]LogD3D11RHI:     SharedSystemMemory : 7460403200 bytes
[2026.08.24-20.46.52:361][  0]LogD3D11RHI:     AdapterLuid : 0 57020
[2026.08.24-20.46.52:367][  0]LogD3D11RHI: Creating new Direct3DDevice
[2026.08.24-20.46.52:367][  0]LogD3D11RHI:     GPU DeviceId: 0x1638 (for the marketing name, search the web for "GPU Device Id")
[2026.08.24-20.46.52:367][  0]LogWindows: EnumDisplayDevices:
[2026.08.24-20.46.52:367][  0]LogWindows:    0. 'AMD Radeon(TM) Graphics' (P:0 D:1)
[2026.08.24-20.46.52:367][  0]LogWindows:    1. 'AMD Radeon(TM) Graphics' (P:1 D:1)
[2026.08.24-20.46.52:368][  0]LogWindows:    2. 'AMD Radeon(TM) Graphics' (P:0 D:0)
[2026.08.24-20.46.52:368][  0]LogWindows:    3. 'AMD Radeon(TM) Graphics' (P:0 D:0)
[2026.08.24-20.46.52:368][  0]LogWindows:    4. 'AMD Radeon(TM) Graphics' (P:0 D:0)
[2026.08.24-20.46.52:368][  0]LogWindows: DebugString: FoundDriverCount:5 
[2026.08.24-20.46.52:368][  0]LogD3D11RHI:     Adapter Name: AMD Radeon(TM) Graphics
[2026.08.24-20.46.52:368][  0]LogD3D11RHI:   Driver Version: AMD Software: Adrenalin Edition 22.20.27.09 (internal:31.0.12027.9001, unified:31.0.12027.9001)
[2026.08.24-20.46.52:368][  0]LogD3D11RHI:      Driver Date: 3-30-2023
[2026.08.24-20.46.52:368][  0]LogRHI: Texture pool is 5903 MB (70% of 8433 MB)
[2026.08.24-20.46.52:417][  0]LogD3D11RHI: Creating D3DDevice with AMD AGS, using adapter:
[2026.08.24-20.46.52:417][  0]LogD3D11RHI:     Description : AMD Radeon(TM) Graphics
[2026.08.24-20.46.52:417][  0]LogD3D11RHI:     VendorId    : 1002
[2026.08.24-20.46.52:417][  0]LogD3D11RHI:     DeviceId    : 1638
[2026.08.24-20.46.52:417][  0]LogD3D11RHI:     SubSysId    : 16361002
[2026.08.24-20.46.52:417][  0]LogD3D11RHI:     Revision    : 00c8
[2026.08.24-20.46.52:417][  0]LogD3D11RHI:     DedicatedVideoMemory : 2130460672 bytes
[2026.08.24-20.46.52:417][  0]LogD3D11RHI:     DedicatedSystemMemory : 0 bytes
[2026.08.24-20.46.52:417][  0]LogD3D11RHI:     SharedSystemMemory : 7460403200 bytes
[2026.08.24-20.46.52:417][  0]LogD3D11RHI:     AdapterLuid : 0 57020
[2026.08.24-20.46.52:459][  0]LogD3D11RHI: Created device via AGS, feature level 11_0, supported extensions 1fffffbf.
[2026.08.24-20.46.52:459][  0]LogD3D11RHI: RHI has support for 64 bit atomics
[2026.08.24-20.46.52:459][  0]LogD3D11RHI: Async texture creation enabled
[2026.08.24-20.46.52:459][  0]LogD3D11RHI: Array index from any shader is supported
[2026.08.24-20.46.52:470][  0]LogD3D11RHI: GPU Timing Frequency: 100.000000 (Debug: 2 1)
[2026.08.24-20.46.52:717][  0]LogTargetPlatformManager: Display: Loaded TargetPlatform 'AllDesktop'
[2026.08.24-20.46.52:735][  0]LogTargetPlatformManager: Display: Loaded TargetPlatform 'Android'
[2026.08.24-20.46.52:735][  0]LogTargetPlatformManager: Display: Loaded TargetPlatform 'Android_ASTC'
[2026.08.24-20.46.52:735][  0]LogTargetPlatformManager: Display: Loaded TargetPlatform 'Android_DXT'
[2026.08.24-20.46.52:735][  0]LogTargetPlatformManager: Display: Loaded TargetPlatform 'Android_ETC2'
[2026.08.24-20.46.52:735][  0]LogTargetPlatformManager: Display: Loaded TargetPlatform 'AndroidClient'
[2026.08.24-20.46.52:735][  0]LogTargetPlatformManager: Display: Loaded TargetPlatform 'Android_ASTCClient'
[2026.08.24-20.46.52:735][  0]LogTargetPlatformManager: Display: Loaded TargetPlatform 'Android_DXTClient'
[2026.08.24-20.46.52:735][  0]LogTargetPlatformManager: Display: Loaded TargetPlatform 'Android_ETC2Client'
[2026.08.24-20.46.52:735][  0]LogTargetPlatformManager: Display: Loaded TargetPlatform 'Android_Multi'
[2026.08.24-20.46.52:735][  0]LogTargetPlatformManager: Display: Loaded TargetPlatform 'Android_MultiClient'
[2026.08.24-20.46.52:752][  0]LogTargetPlatformManager: Display: Loaded TargetPlatform 'IOSClient'
[2026.08.24-20.46.52:752][  0]LogTargetPlatformManager: Display: Loaded TargetPlatform 'IOS'
[2026.08.24-20.46.52:760][  0]LogTargetPlatformManager: Display: Loaded TargetPlatform 'Linux'
[2026.08.24-20.46.52:764][  0]LogTargetPlatformManager: Display: Loaded TargetPlatform 'LinuxNoEditor'
[2026.08.24-20.46.52:769][  0]LogTargetPlatformManager: Display: Loaded TargetPlatform 'LinuxClient'
[2026.08.24-20.46.52:774][  0]LogTargetPlatformManager: Display: Loaded TargetPlatform 'LinuxServer'
[2026.08.24-20.46.52:781][  0]LogTargetPlatformManager: Display: Loaded TargetPlatform 'LinuxAArch64NoEditor'
[2026.08.24-20.46.52:786][  0]LogTargetPlatformManager: Display: Loaded TargetPlatform 'LinuxAArch64Client'
[2026.08.24-20.46.52:791][  0]LogTargetPlatformManager: Display: Loaded TargetPlatform 'LinuxAArch64Server'
[2026.08.24-20.46.52:809][  0]LogTargetPlatformManager: Display: Loaded TargetPlatform 'Lumin'
[2026.08.24-20.46.52:809][  0]LogTargetPlatformManager: Display: Loaded TargetPlatform 'LuminClient'
[2026.08.24-20.46.52:817][  0]LogTargetPlatformManager: Display: Loaded TargetPlatform 'MacNoEditor'
[2026.08.24-20.46.52:822][  0]LogTargetPlatformManager: Display: Loaded TargetPlatform 'Mac'
[2026.08.24-20.46.52:826][  0]LogTargetPlatformManager: Display: Loaded TargetPlatform 'MacClient'
[2026.08.24-20.46.52:830][  0]LogTargetPlatformManager: Display: Loaded TargetPlatform 'MacServer'
[2026.08.24-20.46.52:838][  0]LogTargetPlatformManager: Display: Loaded TargetPlatform 'TVOSClient'
[2026.08.24-20.46.52:838][  0]LogTargetPlatformManager: Display: Loaded TargetPlatform 'TVOS'
[2026.08.24-20.46.52:846][  0]LogTargetPlatformManager: Display: Loaded TargetPlatform 'WindowsNoEditor'
[2026.08.24-20.46.52:850][  0]LogTargetPlatformManager: Display: Loaded TargetPlatform 'Windows'
[2026.08.24-20.46.52:856][  0]LogTargetPlatformManager: Display: Loaded TargetPlatform 'WindowsClient'
[2026.08.24-20.46.52:860][  0]LogTargetPlatformManager: Display: Loaded TargetPlatform 'WindowsServer'
[2026.08.24-20.46.52:860][  0]LogTargetPlatformManager: Display: Building Assets For Windows
[2026.08.24-20.46.52:867][  0]LogAudioDebug: Display: Lib vorbis DLL was dynamically loaded.
[2026.08.24-20.46.52:896][  0]LogTextureFormatOodle: Display: Oodle Texture 2.9.0 init RDO Off
[2026.08.24-20.46.52:928][  0]LogRendererCore: Ray tracing is disabled. Reason: r.RayTracing=0.
[2026.08.24-20.46.52:928][  0]LogShaderCompilers: Guid format shader working directory is -31 characters bigger than the processId version (../../../../../GameProgramming/BrackeysGameJam/Brackeys-2026/BrackeysJam2026/Intermediate/Shaders/WorkingDirectory/18288/).
[2026.08.24-20.46.52:928][  0]LogShaderCompilers: Cleaned the shader compiler working directory 'C:/Users/sebas/AppData/Local/Temp/UnrealShaderWorkingDir/CE5135C84D2E4B39B97B0884C3290D23/'.
[2026.08.24-20.46.52:929][  0]LogXGEController: Cannot use XGE Controller as Incredibuild is not installed on this machine.
[2026.08.24-20.46.52:929][  0]LogShaderCompilers: Cannot use XGE Shader Compiler as Incredibuild is not installed on this machine.
[2026.08.24-20.46.52:929][  0]LogShaderCompilers: Display: Using Local Shader Compiler.
[2026.08.24-20.46.53:506][  0]LogDerivedDataCache: Display: Max Cache Size: 512 MB
[2026.08.24-20.46.53:559][  0]LogDerivedDataCache: Loaded boot cache 0.05s 94MB C:/Users/sebas/AppData/Local/UnrealEngine/4.27/DerivedDataCache/Boot.ddc.
[2026.08.24-20.46.53:559][  0]LogDerivedDataCache: Display: Loaded Boot cache: C:/Users/sebas/AppData/Local/UnrealEngine/4.27/DerivedDataCache/Boot.ddc
[2026.08.24-20.46.53:559][  0]LogDerivedDataCache: FDerivedDataBackendGraph:  Pak pak cache file ../../../../../GameProgramming/BrackeysGameJam/Brackeys-2026/BrackeysJam2026/DerivedDataCache/DDC.ddp not found, will not use a pak cache.
[2026.08.24-20.46.53:559][  0]LogDerivedDataCache: Unable to find inner node Pak for hierarchical cache Hierarchy.
[2026.08.24-20.46.53:559][  0]LogDerivedDataCache: FDerivedDataBackendGraph:  CompressedPak pak cache file ../../../../../GameProgramming/BrackeysGameJam/Brackeys-2026/BrackeysJam2026/DerivedDataCache/Compressed.ddp not found, will not use a pak cache.
[2026.08.24-20.46.53:559][  0]LogDerivedDataCache: Unable to find inner node CompressedPak for hierarchical cache Hierarchy.
[2026.08.24-20.46.53:575][  0]LogDerivedDataCache: Display: Pak cache opened for reading ../../../Engine/DerivedDataCache/Compressed.ddp.
[2026.08.24-20.46.53:575][  0]LogDerivedDataCache: FDerivedDataBackendGraph:  EnterprisePak pak cache file ../../../Enterprise/DerivedDataCache/Compressed.ddp not found, will not use a pak cache.
[2026.08.24-20.46.53:575][  0]LogDerivedDataCache: Unable to find inner node EnterprisePak for hierarchical cache Hierarchy.
[2026.08.24-20.46.53:584][  0]LogDerivedDataCache: Speed tests for C:/Users/sebas/AppData/Local/UnrealEngine/Common/DerivedDataCache took 0.01 seconds
[2026.08.24-20.46.53:584][  0]LogDerivedDataCache: Display: Performance to C:/Users/sebas/AppData/Local/UnrealEngine/Common/DerivedDataCache: Latency=0.04ms. RandomReadSpeed=1065.54MBs, RandomWriteSpeed=133.86MBs. Assigned SpeedClass 'Local'
[2026.08.24-20.46.53:585][  0]LogDerivedDataCache: Using Local data cache path C:/Users/sebas/AppData/Local/UnrealEngine/Common/DerivedDataCache: Writable
[2026.08.24-20.46.53:585][  0]LogDerivedDataCache: Shared data cache path not found in *engine.ini, will not use an Shared cache.
[2026.08.24-20.46.53:585][  0]LogDerivedDataCache: Unable to find inner node Shared for hierarchical cache Hierarchy.
[2026.08.24-20.46.53:627][  0]LogSlate: Using FreeType 2.10.0
[2026.08.24-20.46.53:628][  0]LogSlate: SlateFontServices - WITH_FREETYPE: 1, WITH_HARFBUZZ: 1
[2026.08.24-20.46.53:651][  0]LogAssetRegistry: FAssetRegistry took 0.0025 seconds to start up
[2026.08.24-20.46.53:855][  0]LogInit: Selected Device Profile: [Windows]
[2026.08.24-20.46.53:855][  0]LogInit: Active device profile: [00000264C35CF800][00000264C1C46380 49] Windows
[2026.08.24-20.46.53:855][  0]LogInit: Profiles: [00000264C35CF800][00000264C1C46380 49] Windows, [00000264C3590900][00000264C3484500 49] WindowsNoEditor, [00000264C35CCA00][00000264C3488680 49] WindowsServer, [00000264C3593100][00000264C2E18800 49] WindowsClient, [00000264C35CF000][00000264C3480940 49] IOS, [00000264C3591200][00000264C2E30A80 49] iPadAir, [00000264C35CD100][00000264BAC94BC0 49] iPadAir2, [00000264C3508200][00000264BACA0E40 49] IPadPro, [00000264C34F7F00][00000264BAC98E80 49] iPadAir3, [00000264C35CEC00][00000264BACA5000 49] iPadAir4, [00000264C34F4F00][00000264C3491180 49] iPadMini2, [00000264C35CD400][00000264C3495300 49] iPadMini3, [00000264C34F6C00][00000264C3499480 49] iPadMini4, [00000264C35CE500][00000264C34A1600 49] iPadMini5, [00000264C3592B00][00000264C34A98C0 49] iPhone6, [00000264C3592A00][00000264C34A5900 49] iPodTouch6, [00000264C34F5100][00000264C07EFBC0 49] iPhone7, [00000264C34F5200][00000264C34ADC00 49] iPodTouch7, [00000264C3593800][00000264C348C200 49] iPhone5S, [00000264C34F4300][00000264C349C380 49] iPhone6Plus, [00000264C3591F00][00000264C07FE500 49] iPhone6S, [00000264C34F7600][00000264C0802680 49] iPhone6SPlus, [00000264C3591100][00000264C0806800 49] iPhone7Plus, [00000264C34F7D00][00000264C080A980 49] iPhoneSE, [00000264C3591800][00000264C44FCB00 49] iPhone8, [00000264C34F6A00][00000264BAC9CC40 49] iPhone8Plus, [00000264C3592700][00000264C0816D80 49] iPhoneX, [00000264C34F5000][00000264C309CEC0 49] iPhoneXS, [00000264C3593200][00000264B6E0B040 49] iPhoneXSMax, [00000264C34F7500][00000264C1C4B1C0 49] iPhoneXR, [00000264C3590400][00000264C1C4F340 49] iPhone11, [00000264C34F6100][00000264C1C534C0 49] iPhone11Pro, [00000264C3590600][00000264C1C57640 49] iPhone11ProMax, [00000264C34F7E00][00000264C1C5B7C0 49] iPhoneSE2, [00000264C3590A00][00000264C1C5F940 49] iPhone12Mini, [00000264C34F6D00][00000264C1C63AC0 49] iPhone12, [00000264C3591700][00000264C1C660C0 49] iPhone12Pro, [00000264C34F5400][00000264C1C6A240 49] iPhone12ProMax, [00000264C3591300][00000264C1C6E3C0 49] iPadPro105, [00000264C34F6300][00000264C4500540 49] iPadPro129, [00000264C3591900][00000264C45046C0 49] iPadPro97, [00000264C34F5E00][00000264C4508840 49] iPadPro2_129, [00000264C3592D00][00000264C450C9C0 49] iPad5, [00000264C34F5600][00000264C4510B40 49] iPad6, [00000264C3591A00][00000264C4514CC0 49] iPad7, [00000264C34F5700][00000264B6E06E00 49] iPad8, [00000264C3592100][00000264C4518F40 49] iPadPro11, [00000264C34F5900][00000264C451D080 49] iPadPro2_11, [00000264C3593B00][00000264C45211C0 49] iPadPro3_129, [00000264C34F5D00][00000264C4529340 49] iPadPro4_129, [00000264C3593700][00000264C452D4C0 49] AppleTV, [00000264C34F6900][00000264C4531640 49] AppleTV4K, [00000264C3592200][00000264C45357C0 49] TVOS, [00000264C34F6400][00000264C2D11940 49] Mac, [00000264C3592800][00000264C2D15AC0 49] MacClient, [00000264C34F4800][00000264C2D180C0 49] MacNoEditor, [00000264C3593E00][00000264C2D1C240 49] MacServer, [00000264C34F7100][00000264C2D203C0 49] Linux, [00000264C3591D00][00000264C2D24540 49] LinuxAArch64, [00000264C34F4100][00000264C2D286C0 49] LinuxNoEditor, [00000264C361DD00][00000264C2D2C840 49] LinuxAArch64NoEditor, [00000264C350B800][00000264C2D309C0 49] LinuxClient, [00000264C361D600][00000264C2D34B40 49] LinuxAArch64Client, [00000264C3508600][00000264C2D38CC0 49] LinuxServer, [00000264C361E000][00000264C2D3CE40 49] LinuxAArch64Server, [00000264C3508F00][00000264C4524F80 49] Android, [00000264C361C300][00000264C2D410C0 49] Android_Low, [00000264C350AA00][00000264C2D45200 49] Android_Mid, [00000264C361D400][00000264C2D49340 49] Android_High, [00000264C3509A00][00000264C2D514C0 49] Android_Default, [00000264C361D000][00000264C2D55640 49] Android_Adreno4xx, [00000264C3508D00][00000264C2D597C0 49] Android_Adreno5xx_Low, [00000264C361D100][00000264C2D5D940 49] Android_Adreno5xx, [00000264C3509800][00000264C2D61AC0 49] Android_Adreno6xx, [00000264C361C900][00000264C2D640C0 49] Android_Adreno6xx_Vulkan, [00000264C350B000][00000264C2D68240 49] Android_Mali_T6xx, [00000264C361E100][00000264B7B1A3C0 49] Android_Mali_T7xx, [00000264C350A100][00000264B7B1E540 49] Android_Mali_T8xx, [00000264C361C500][00000264B7B226C0 49] Android_Mali_G71, [00000264C350BA00][00000264B7B26840 49] Android_Mali_G72, [00000264C361D200][00000264B7B2A9C0 49] Android_Mali_G72_Vulkan, [00000264C3509D00][00000264B7B2EB40 49] Android_Mali_G76, [00000264C361CE00][00000264B7B32CC0 49] Android_Mali_G76_Vulkan, [00000264C3508A00][00000264B7B36E40 49] Android_Mali_G77, [00000264C34F7000][00000264B7B3AFC0 49] Android_Mali_G77_Vulkan, [00000264C3591500][00000264B7B3F140 49] Android_Mali_G78, [00000264C34F4A00][00000264C2D4D280 49] Android_Mali_G78_Vulkan, [00000264C3590E00][00000264B7B433C0 49] Android_Mali_G710, [00000264C34F4700][00000264B7B47500 49] Android_Mali_G710_Vulkan, [00000264C3590F00][00000264B7B4F680 49] Android_Vulkan_SM5, [00000264C34F6B00][00000264B7B53800 49] Android_PowerVR_G6xxx, [00000264C3591400][00000264B7B57980 49] Android_PowerVR_GT7xxx, [00000264C34F6500][00000264B7B5BB00 49] Android_PowerVR_GE8xxx, [00000264C3592600][00000264B7B5E100 49] Android_PowerVR_GM9xxx, [00000264C34F4D00][00000264B7B62280 49] Android_PowerVR_GM9xxx_Vulkan, [00000264C3593A00][00000264B7B66400 49] Android_TegraK1, [00000264C361E400][00000264B7B6A580 49] Android_Unknown_Vulkan, [00000264C3590100][00000264B7B6E700 49] Lumin, [00000264C361C700][00000264B7B72880 49] Lumin_Desktop, [00000264C3592400][00000264B7B76A00 49] HoloLens, 
[2026.08.24-20.46.53:959][  0]LogMeshReduction: Using QuadricMeshReduction for automatic static mesh reduction
[2026.08.24-20.46.53:959][  0]LogMeshReduction: Using SimplygonMeshReduction for automatic skeletal mesh reduction
[2026.08.24-20.46.53:959][  0]LogMeshReduction: Using ProxyLODMeshReduction for automatic mesh merging
[2026.08.24-20.46.53:959][  0]LogMeshReduction: No distributed automatic mesh merging module available
[2026.08.24-20.46.53:959][  0]LogMeshMerging: No distributed automatic mesh merging module available
[2026.08.24-20.46.53:972][  0]LogNetVersion: BrackeysJam2026 1.0.0, NetCL: 17155196, EngineNetVer: 17, GameNetVer: 0 (Checksum: 1239153582)
[2026.08.24-20.46.54:266][  0]LogTexture: Default maximum texture size for cubemaps generated from long-lat sources has been changed from 512 to unlimited. In order to preserve old behaiour for '/Engine/MapTemplates/Sky/DaylightAmbientCubemap.DaylightAmbientCubemap', its maximum texture size has been explicitly set to 512.
[2026.08.24-20.46.54:307][  0]LogHMD: PokeAHoleMaterial loaded successfully
[2026.08.24-20.46.54:312][  0]LogUObjectArray: 17178 objects as part of root set at end of initial load.
[2026.08.24-20.46.54:312][  0]LogUObjectAllocator: 4302048 out of 0 bytes used by permanent object pool.
[2026.08.24-20.46.54:312][  0]LogUObjectArray: CloseDisregardForGC: 0/0 objects in disregard for GC pool
[2026.08.24-20.46.54:574][  0]LogNiagaraDebuggerClient: Niagara Debugger Client Initialized | Session: 7181745247F45024521DEAACC8C171BD | Instance: 8EE240234914253ED5C366AE7B0D11B2 (SEBASTIANGMRPC-18288).
[2026.08.24-20.46.54:606][  0]LogPython: Using Python 3.7.7
[2026.08.24-20.46.55:096][  0]LogTcpMessaging: Initializing TcpMessaging bridge
[2026.08.24-20.46.55:101][  0]LogUdpMessaging: Initializing bridge on interface 0.0.0.0:0 to multicast group 230.0.0.1:6666.
[2026.08.24-20.46.55:248][  0]SourceControl: Source control is disabled
[2026.08.24-20.46.55:248][  0]SourceControl: Source control is disabled
[2026.08.24-20.46.55:251][  0]SourceControl: Source control is disabled
[2026.08.24-20.46.55:254][  0]SourceControl: Source control is disabled
[2026.08.24-20.46.55:264][  0]SourceControl: Source control is disabled
[2026.08.24-20.46.55:279][  0]LogUProjectInfo: Found projects:
[2026.08.24-20.46.55:473][  0]LogOpenImageDenoise: OIDN starting up
[2026.08.24-20.46.55:514][  0]LogAndroidPermission: UAndroidPermissionCallbackProxy::GetInstance
[2026.08.24-20.46.55:536][  0]LogAudioCaptureCore: Display: No Audio Capture implementations found. Audio input will be silent.
[2026.08.24-20.46.55:536][  0]LogAudioCaptureCore: Display: No Audio Capture implementations found. Audio input will be silent.
[2026.08.24-20.46.55:646][  0]LogCollectionManager: Loaded 0 collections in 0.000577 seconds
[2026.08.24-20.46.55:669][  0]LogFileCache: Scanning file cache for directory 'D:/GameProgramming/BrackeysGameJam/Brackeys-2026/BrackeysJam2026/Saved/Collections/' took 0.00s
[2026.08.24-20.46.55:669][  0]LogFileCache: Scanning file cache for directory 'D:/GameProgramming/BrackeysGameJam/Brackeys-2026/BrackeysJam2026/Content/Developers/sebas/Collections/' took 0.00s
[2026.08.24-20.46.55:669][  0]LogFileCache: Scanning file cache for directory 'D:/GameProgramming/BrackeysGameJam/Brackeys-2026/BrackeysJam2026/Content/Collections/' took 0.00s
[2026.08.24-20.46.55:669][  0]LogOcInput: OculusInput pre-init called
[2026.08.24-20.46.55:855][  0]LogEngine: Initializing Engine...
[2026.08.24-20.46.55:857][  0]LogHMD: Failed to enumerate extensions. Please check that you have a valid OpenXR runtime installed.
[2026.08.24-20.46.55:857][  0]LogHMD: Failed to initialize OpenVR with code 110
[2026.08.24-20.46.55:857][  0]LogMagicLeap: Warning: VR disabled because ZI is not enabled.  To enable, in the editor, Edit -> Project Settings -> Plugins -> Magic Leap Plugin -> Enable Zero Iteration
[2026.08.24-20.46.55:858][  0]LogStats: UGameplayTagsManager::InitializeManager -  0.000 s
[2026.08.24-20.46.55:952][  0]LogInit: Initializing FReadOnlyCVARCache
[2026.08.24-20.46.55:965][  0]LogAIModule: Creating AISystem for world Untitled
[2026.08.24-20.46.55:966][  0]LogAudio: Display: Initializing Audio Device Manager...
[2026.08.24-20.46.55:969][  0]LogAudio: Display: Loading Default Audio Settings Objects...
[2026.08.24-20.46.55:970][  0]LogAudio: Display: No default SoundConcurrencyObject specified (or failed to load).
[2026.08.24-20.46.55:970][  0]LogAudio: Display: Audio Device Manager Initialized
[2026.08.24-20.46.55:970][  0]LogAudio: Display: Creating Audio Device:                 Id: 1, Scope: Shared, Realtime: True
[2026.08.24-20.46.55:970][  0]LogAudioMixer: Display: Audio Mixer Platform Settings:
[2026.08.24-20.46.55:970][  0]LogAudioMixer: Display: 	Sample Rate:						  48000
[2026.08.24-20.46.55:970][  0]LogAudioMixer: Display: 	Callback Buffer Frame Size Requested: 1024
[2026.08.24-20.46.55:970][  0]LogAudioMixer: Display: 	Callback Buffer Frame Size To Use:	  1024
[2026.08.24-20.46.55:970][  0]LogAudioMixer: Display: 	Number of buffers to queue:			  2
[2026.08.24-20.46.55:970][  0]LogAudioMixer: Display: 	Max Channels (voices):				  32
[2026.08.24-20.46.55:970][  0]LogAudioMixer: Display: 	Number of Async Source Workers:		  0
[2026.08.24-20.46.55:970][  0]LogAudio: Display: AudioDevice MaxSources: 32
[2026.08.24-20.46.55:971][  0]LogAudio: Display: Audio Spatialization Plugin: None (built-in).
[2026.08.24-20.46.55:971][  0]LogAudio: Display: Audio Reverb Plugin: None (built-in).
[2026.08.24-20.46.55:971][  0]LogAudio: Display: Audio Occlusion Plugin: None (built-in).
[2026.08.24-20.46.55:971][  0]LogAudioMixer: Display: Initializing audio mixer.
[2026.08.24-20.46.55:980][  0]LogAudioMixer: Display: 0: FrontLeft
[2026.08.24-20.46.55:980][  0]LogAudioMixer: Display: 1: FrontRight
[2026.08.24-20.46.56:002][  0]LogAudioMixer: Display: Using Audio Device Altavoces (Realtek(R) Audio)
[2026.08.24-20.46.56:005][  0]LogAudioMixer: Display: Initializing Sound Submixes...
[2026.08.24-20.46.56:008][  0]LogAudioMixer: Display: Creating Master Submix 'MasterSubmixDefault'
[2026.08.24-20.46.56:008][  0]LogAudioMixer: Display: Creating Master Submix 'MasterReverbSubmixDefault'
[2026.08.24-20.46.56:009][  0]LogAudioMixer: Display: Creating Master Submix 'MasterEQSubmixDefault'
[2026.08.24-20.46.56:009][  0]LogAudioMixer: FMixerPlatformXAudio2::StartAudioStream() called
[2026.08.24-20.46.56:009][  0]LogAudioMixer: Display: Output buffers initialized: Frames=1024, Channels=2, Samples=2048
[2026.08.24-20.46.56:009][  0]LogAudioMixer: Display: Starting AudioMixerPlatformInterface::RunInternal()
[2026.08.24-20.46.56:009][  0]LogAudioMixer: Display: FMixerPlatformXAudio2::SubmitBuffer() called for the first time
[2026.08.24-20.46.56:009][  0]LogInit: FAudioDevice initialized.
[2026.08.24-20.46.56:010][  0]LogAudio: Display: Audio Device (ID: 1) registered with world 'Untitled'.
[2026.08.24-20.46.56:010][  0]LogNetVersion: Set ProjectVersion to 1.0.0.0. Version Checksum will be recalculated on next use.
[2026.08.24-20.46.56:089][  0]LogDerivedDataCache: Saved boot cache 0.08s 94MB C:/Users/sebas/AppData/Local/UnrealEngine/4.27/DerivedDataCache/Boot.ddc.
[2026.08.24-20.46.56:090][  0]LogInit: Texture streaming: Enabled
[2026.08.24-20.46.56:105][  0]LogAnalytics: Display: [UEEditor.Rocket.Release] APIServer = https://datarouter.ol.epicgames.com/. AppVersion = 4.27.2-18319896+++UE4+Release-4.27
[2026.08.24-20.46.56:109][  0]LogEngineSessionManager: EngineSessionManager initialized
[2026.08.24-20.46.56:109][  0]LogEditorSessionSummary: Verbose: Initializing EditorSessionSummaryWriter for editor session tracking
[2026.08.24-20.46.56:110][  0]LogEditorSessionSummary: EditorSessionSummaryWriter initialized
[2026.08.24-20.46.56:137][  0]LogInit: Transaction tracking system initialized
[2026.08.24-20.46.56:162][  0]BlueprintLog: New page: Editor Load
[2026.08.24-20.46.56:228][  0]LocalizationService: Localization service is disabled
[2026.08.24-20.46.56:253][  0]TimingProfiler: Initialize
[2026.08.24-20.46.56:253][  0]TimingProfiler: OnSessionChanged
[2026.08.24-20.46.56:253][  0]LoadingProfiler: Initialize
[2026.08.24-20.46.56:253][  0]LoadingProfiler: OnSessionChanged
[2026.08.24-20.46.56:253][  0]NetworkingProfiler: Initialize
[2026.08.24-20.46.56:253][  0]NetworkingProfiler: OnSessionChanged
[2026.08.24-20.46.56:253][  0]MemoryProfiler: Initialize
[2026.08.24-20.46.56:253][  0]MemoryProfiler: OnSessionChanged
[2026.08.24-20.46.56:376][  0]LogCook: Display: CookSettings for Memory: MemoryMaxUsedVirtual 0MiB, MemoryMaxUsedPhysical 16384MiB, MemoryMinFreeVirtual 0MiB, MemoryMinFreePhysical 1024MiB
[2026.08.24-20.46.56:376][  0]LogCook: Display: Mobile HDR setting 1
[2026.08.24-20.46.56:555][  0]LogFileCache: Scanning file cache for directory 'D:/GameProgramming/BrackeysGameJam/Brackeys-2026/BrackeysJam2026/Content/' took 0.01s
[2026.08.24-20.46.56:696][  0]LogInit: Display: Engine is initialized. Leaving FEngineLoop::Init()
[2026.08.24-20.46.56:699][  0]SourceControl: Source control is disabled
[2026.08.24-20.46.56:699][  0]LogUnrealEdMisc: Loading editor; pre map load, took 5.788
[2026.08.24-20.46.56:699][  0]Cmd: MAP LOAD FILE="../../../../../GameProgramming/BrackeysGameJam/Brackeys-2026/BrackeysJam2026/Content/Brackeys2026/Levels/Brackeys2026Map.umap" TEMPLATE=0 SHOWPROGRESS=1 FEATURELEVEL=3
[2026.08.24-20.46.56:699][  0]LightingResults: New page: Lighting Build
[2026.08.24-20.46.56:700][  0]LogWorld: UWorld::CleanupWorld for Untitled, bSessionEnded=true, bCleanupResources=true
[2026.08.24-20.46.56:700][  0]LogSlate: InvalidateAllWidgets triggered.  All widgets were invalidated
[2026.08.24-20.46.56:700][  0]MapCheck: New page: Map Check
[2026.08.24-20.46.56:700][  0]LightingResults: New page: Lighting Build
[2026.08.24-20.46.56:704][  0]LogAudio: Display: Audio Device unregistered from world 'None'.
[2026.08.24-20.46.56:706][  0]LogUObjectHash: Compacting FUObjectHashTables data took   0.69ms
[2026.08.24-20.46.56:792][  0]LogAudio: Display: Audio Device (ID: 1) registered with world 'Brackeys2026Map'.
[2026.08.24-20.46.56:793][  0]LogAIModule: Creating AISystem for world Brackeys2026Map
[2026.08.24-20.46.56:797][  0]LogEditorServer: Finished looking for orphan Actors (0.000 secs)
[2026.08.24-20.46.56:810][  0]LogUObjectHash: Compacting FUObjectHashTables data took   0.75ms
[2026.08.24-20.46.56:810][  0]Cmd: MAP CHECKDEP NOCLEARLOG
[2026.08.24-20.46.56:810][  0]MapCheck: Map check complete: 0 Error(s), 0 Warning(s), took 0.079ms to complete.
[2026.08.24-20.46.56:810][  0]LogFileHelpers: Loading map 'Brackeys2026Map' took 0.112
[2026.08.24-20.46.56:812][  0]LogUnrealEdMisc: Total Editor Startup Time, took 5.902
[2026.08.24-20.46.56:918][  0]LogSlate: Updating window title bar state: overlay mode, drag disabled, window buttons hidden, title bar hidden
[2026.08.24-20.46.56:922][  0]LogSlate: Updating window title bar state: overlay mode, drag disabled, window buttons hidden, title bar hidden
[2026.08.24-20.46.56:927][  0]LogSlate: Updating window title bar state: overlay mode, drag disabled, window buttons hidden, title bar hidden
[2026.08.24-20.46.56:931][  0]LogSlate: Updating window title bar state: overlay mode, drag disabled, window buttons hidden, title bar hidden
[2026.08.24-20.46.56:943][  0]LogNativeClassHierarchy: Verbose: Native class hierarchy populated in 0.0083 seconds. Added 3822 classes and 928 folders.
[2026.08.24-20.46.56:946][  0]LogNativeClassHierarchy: Verbose: Native class hierarchy updated for 'WidgetCarousel' in 0.0003 seconds. Added 0 classes and 0 folders.
[2026.08.24-20.46.56:948][  0]LogPakFile: PakFile PrimaryIndexSize=187
[2026.08.24-20.46.56:948][  0]LogPakFile: PakFile PathHashIndexSize=101
[2026.08.24-20.46.56:948][  0]LogPakFile: PakFile FullDirectoryIndexSize=148
[2026.08.24-20.46.56:948][  0]LogShaderLibrary: Display: ShaderCodeLibraryPakFileMountedCallback: PakFile 'D:/UnrealEngine/UE_4.27/FeaturePacks/FP_FirstPerson.upack' (chunk index -1, root 'root:/') mounted
[2026.08.24-20.46.56:948][  0]LogShaderLibrary: Display: ShaderCodeLibraryPakFileMountedCallback: pending pak file info (ChunkID:-1 Root:root:/ File:D:/UnrealEngine/UE_4.27/FeaturePacks/FP_FirstPerson.upack)
[2026.08.24-20.46.56:948][  0]LogPakFile: OnPakFileMounted2Time == 0.000044
[2026.08.24-20.46.56:949][  0]LogPakFile: PakFile PrimaryIndexSize=189
[2026.08.24-20.46.56:949][  0]LogPakFile: PakFile PathHashIndexSize=101
[2026.08.24-20.46.56:949][  0]LogPakFile: PakFile FullDirectoryIndexSize=152
[2026.08.24-20.46.56:949][  0]LogShaderLibrary: Display: ShaderCodeLibraryPakFileMountedCallback: PakFile 'D:/UnrealEngine/UE_4.27/FeaturePacks/FP_FirstPersonBP.upack' (chunk index -1, root 'root:/') mounted
[2026.08.24-20.46.56:949][  0]LogShaderLibrary: Display: ShaderCodeLibraryPakFileMountedCallback: pending pak file info (ChunkID:-1 Root:root:/ File:D:/UnrealEngine/UE_4.27/FeaturePacks/FP_FirstPersonBP.upack)
[2026.08.24-20.46.56:949][  0]LogPakFile: OnPakFileMounted2Time == 0.000029
[2026.08.24-20.46.56:949][  0]LogPakFile: PakFile PrimaryIndexSize=191
[2026.08.24-20.46.56:949][  0]LogPakFile: PakFile PathHashIndexSize=101
[2026.08.24-20.46.56:949][  0]LogPakFile: PakFile FullDirectoryIndexSize=160
[2026.08.24-20.46.56:949][  0]LogShaderLibrary: Display: ShaderCodeLibraryPakFileMountedCallback: PakFile 'D:/UnrealEngine/UE_4.27/FeaturePacks/MobileStarterContent.upack' (chunk index -1, root 'root:/') mounted
[2026.08.24-20.46.56:949][  0]LogShaderLibrary: Display: ShaderCodeLibraryPakFileMountedCallback: pending pak file info (ChunkID:-1 Root:root:/ File:D:/UnrealEngine/UE_4.27/FeaturePacks/MobileStarterContent.upack)
[2026.08.24-20.46.56:949][  0]LogPakFile: OnPakFileMounted2Time == 0.000023
[2026.08.24-20.46.56:951][  0]LogPakFile: PakFile PrimaryIndexSize=185
[2026.08.24-20.46.56:951][  0]LogPakFile: PakFile PathHashIndexSize=101
[2026.08.24-20.46.56:951][  0]LogPakFile: PakFile FullDirectoryIndexSize=148
[2026.08.24-20.46.56:951][  0]LogShaderLibrary: Display: ShaderCodeLibraryPakFileMountedCallback: PakFile 'D:/UnrealEngine/UE_4.27/FeaturePacks/StarterContent.upack' (chunk index -1, root 'root:/') mounted
[2026.08.24-20.46.56:951][  0]LogShaderLibrary: Display: ShaderCodeLibraryPakFileMountedCallback: pending pak file info (ChunkID:-1 Root:root:/ File:D:/UnrealEngine/UE_4.27/FeaturePacks/StarterContent.upack)
[2026.08.24-20.46.56:951][  0]LogPakFile: OnPakFileMounted2Time == 0.000025
[2026.08.24-20.46.56:951][  0]LogPakFile: PakFile PrimaryIndexSize=190
[2026.08.24-20.46.56:951][  0]LogPakFile: PakFile PathHashIndexSize=101
[2026.08.24-20.46.56:951][  0]LogPakFile: PakFile FullDirectoryIndexSize=154
[2026.08.24-20.46.56:951][  0]LogShaderLibrary: Display: ShaderCodeLibraryPakFileMountedCallback: PakFile 'D:/UnrealEngine/UE_4.27/FeaturePacks/TP_2DSideScroller.upack' (chunk index -1, root 'root:/') mounted
[2026.08.24-20.46.56:951][  0]LogShaderLibrary: Display: ShaderCodeLibraryPakFileMountedCallback: pending pak file info (ChunkID:-1 Root:root:/ File:D:/UnrealEngine/UE_4.27/FeaturePacks/TP_2DSideScroller.upack)
[2026.08.24-20.46.56:951][  0]LogPakFile: OnPakFileMounted2Time == 0.000023
[2026.08.24-20.46.56:952][  0]LogPakFile: PakFile PrimaryIndexSize=192
[2026.08.24-20.46.56:952][  0]LogPakFile: PakFile PathHashIndexSize=101
[2026.08.24-20.46.56:952][  0]LogPakFile: PakFile FullDirectoryIndexSize=158
[2026.08.24-20.46.56:952][  0]LogShaderLibrary: Display: ShaderCodeLibraryPakFileMountedCallback: PakFile 'D:/UnrealEngine/UE_4.27/FeaturePacks/TP_2DSideScrollerBP.upack' (chunk index -1, root 'root:/') mounted
[2026.08.24-20.46.56:952][  0]LogShaderLibrary: Display: ShaderCodeLibraryPakFileMountedCallback: pending pak file info (ChunkID:-1 Root:root:/ File:D:/UnrealEngine/UE_4.27/FeaturePacks/TP_2DSideScrollerBP.upack)
[2026.08.24-20.46.56:952][  0]LogPakFile: OnPakFileMounted2Time == 0.000023
[2026.08.24-20.46.56:953][  0]LogPakFile: PakFile PrimaryIndexSize=182
[2026.08.24-20.46.56:953][  0]LogPakFile: PakFile PathHashIndexSize=101
[2026.08.24-20.46.56:953][  0]LogPakFile: PakFile FullDirectoryIndexSize=138
[2026.08.24-20.46.56:953][  0]LogShaderLibrary: Display: ShaderCodeLibraryPakFileMountedCallback: PakFile 'D:/UnrealEngine/UE_4.27/FeaturePacks/TP_Flying.upack' (chunk index -1, root 'root:/') mounted
[2026.08.24-20.46.56:953][  0]LogShaderLibrary: Display: ShaderCodeLibraryPakFileMountedCallback: pending pak file info (ChunkID:-1 Root:root:/ File:D:/UnrealEngine/UE_4.27/FeaturePacks/TP_Flying.upack)
[2026.08.24-20.46.56:953][  0]LogPakFile: OnPakFileMounted2Time == 0.000022
[2026.08.24-20.46.56:953][  0]LogPakFile: PakFile PrimaryIndexSize=184
[2026.08.24-20.46.56:953][  0]LogPakFile: PakFile PathHashIndexSize=101
[2026.08.24-20.46.56:953][  0]LogPakFile: PakFile FullDirectoryIndexSize=142
[2026.08.24-20.46.56:953][  0]LogShaderLibrary: Display: ShaderCodeLibraryPakFileMountedCallback: PakFile 'D:/UnrealEngine/UE_4.27/FeaturePacks/TP_FlyingBP.upack' (chunk index -1, root 'root:/') mounted
[2026.08.24-20.46.56:953][  0]LogShaderLibrary: Display: ShaderCodeLibraryPakFileMountedCallback: pending pak file info (ChunkID:-1 Root:root:/ File:D:/UnrealEngine/UE_4.27/FeaturePacks/TP_FlyingBP.upack)
[2026.08.24-20.46.56:953][  0]LogPakFile: OnPakFileMounted2Time == 0.000023
[2026.08.24-20.46.56:954][  0]LogPakFile: PakFile PrimaryIndexSize=188
[2026.08.24-20.46.56:954][  0]LogPakFile: PakFile PathHashIndexSize=101
[2026.08.24-20.46.56:954][  0]LogPakFile: PakFile FullDirectoryIndexSize=150
[2026.08.24-20.46.56:954][  0]LogShaderLibrary: Display: ShaderCodeLibraryPakFileMountedCallback: PakFile 'D:/UnrealEngine/UE_4.27/FeaturePacks/TP_HandheldARBP.upack' (chunk index -1, root 'root:/') mounted
[2026.08.24-20.46.56:954][  0]LogShaderLibrary: Display: ShaderCodeLibraryPakFileMountedCallback: pending pak file info (ChunkID:-1 Root:root:/ File:D:/UnrealEngine/UE_4.27/FeaturePacks/TP_HandheldARBP.upack)
[2026.08.24-20.46.56:954][  0]LogPakFile: OnPakFileMounted2Time == 0.000023
[2026.08.24-20.46.56:955][  0]LogPakFile: PakFile PrimaryIndexSize=182
[2026.08.24-20.46.56:955][  0]LogPakFile: PakFile PathHashIndexSize=101
[2026.08.24-20.46.56:955][  0]LogPakFile: PakFile FullDirectoryIndexSize=138
[2026.08.24-20.46.56:955][  0]LogShaderLibrary: Display: ShaderCodeLibraryPakFileMountedCallback: PakFile 'D:/UnrealEngine/UE_4.27/FeaturePacks/TP_Puzzle.upack' (chunk index -1, root 'root:/') mounted
[2026.08.24-20.46.56:955][  0]LogShaderLibrary: Display: ShaderCodeLibraryPakFileMountedCallback: pending pak file info (ChunkID:-1 Root:root:/ File:D:/UnrealEngine/UE_4.27/FeaturePacks/TP_Puzzle.upack)
[2026.08.24-20.46.56:955][  0]LogPakFile: OnPakFileMounted2Time == 0.000032
[2026.08.24-20.46.56:956][  0]LogPakFile: PakFile PrimaryIndexSize=184
[2026.08.24-20.46.56:956][  0]LogPakFile: PakFile PathHashIndexSize=101
[2026.08.24-20.46.56:956][  0]LogPakFile: PakFile FullDirectoryIndexSize=142
[2026.08.24-20.46.56:956][  0]LogShaderLibrary: Display: ShaderCodeLibraryPakFileMountedCallback: PakFile 'D:/UnrealEngine/UE_4.27/FeaturePacks/TP_PuzzleBP.upack' (chunk index -1, root 'root:/') mounted
[2026.08.24-20.46.56:956][  0]LogShaderLibrary: Display: ShaderCodeLibraryPakFileMountedCallback: pending pak file info (ChunkID:-1 Root:root:/ File:D:/UnrealEngine/UE_4.27/FeaturePacks/TP_PuzzleBP.upack)
[2026.08.24-20.46.56:956][  0]LogPakFile: OnPakFileMounted2Time == 0.000023
[2026.08.24-20.46.56:956][  0]LogPakFile: PakFile PrimaryIndexSize=183
[2026.08.24-20.46.56:956][  0]LogPakFile: PakFile PathHashIndexSize=101
[2026.08.24-20.46.56:956][  0]LogPakFile: PakFile FullDirectoryIndexSize=140
[2026.08.24-20.46.56:956][  0]LogShaderLibrary: Display: ShaderCodeLibraryPakFileMountedCallback: PakFile 'D:/UnrealEngine/UE_4.27/FeaturePacks/TP_Rolling.upack' (chunk index -1, root 'root:/') mounted
[2026.08.24-20.46.56:956][  0]LogShaderLibrary: Display: ShaderCodeLibraryPakFileMountedCallback: pending pak file info (ChunkID:-1 Root:root:/ File:D:/UnrealEngine/UE_4.27/FeaturePacks/TP_Rolling.upack)
[2026.08.24-20.46.56:956][  0]LogPakFile: OnPakFileMounted2Time == 0.000023
[2026.08.24-20.46.56:957][  0]LogPakFile: PakFile PrimaryIndexSize=185
[2026.08.24-20.46.56:957][  0]LogPakFile: PakFile PathHashIndexSize=101
[2026.08.24-20.46.56:957][  0]LogPakFile: PakFile FullDirectoryIndexSize=144
[2026.08.24-20.46.56:957][  0]LogShaderLibrary: Display: ShaderCodeLibraryPakFileMountedCallback: PakFile 'D:/UnrealEngine/UE_4.27/FeaturePacks/TP_RollingBP.upack' (chunk index -1, root 'root:/') mounted
[2026.08.24-20.46.56:957][  0]LogShaderLibrary: Display: ShaderCodeLibraryPakFileMountedCallback: pending pak file info (ChunkID:-1 Root:root:/ File:D:/UnrealEngine/UE_4.27/FeaturePacks/TP_RollingBP.upack)
[2026.08.24-20.46.56:957][  0]LogPakFile: OnPakFileMounted2Time == 0.000022
[2026.08.24-20.46.56:958][  0]LogPakFile: PakFile PrimaryIndexSize=188
[2026.08.24-20.46.56:958][  0]LogPakFile: PakFile PathHashIndexSize=101
[2026.08.24-20.46.56:958][  0]LogPakFile: PakFile FullDirectoryIndexSize=150
[2026.08.24-20.46.56:958][  0]LogShaderLibrary: Display: ShaderCodeLibraryPakFileMountedCallback: PakFile 'D:/UnrealEngine/UE_4.27/FeaturePacks/TP_SideScroller.upack' (chunk index -1, root 'root:/') mounted
[2026.08.24-20.46.56:958][  0]LogShaderLibrary: Display: ShaderCodeLibraryPakFileMountedCallback: pending pak file info (ChunkID:-1 Root:root:/ File:D:/UnrealEngine/UE_4.27/FeaturePacks/TP_SideScroller.upack)
[2026.08.24-20.46.56:958][  0]LogPakFile: OnPakFileMounted2Time == 0.000022
[2026.08.24-20.46.56:958][  0]LogPakFile: PakFile PrimaryIndexSize=190
[2026.08.24-20.46.56:958][  0]LogPakFile: PakFile PathHashIndexSize=101
[2026.08.24-20.46.56:958][  0]LogPakFile: PakFile FullDirectoryIndexSize=154
[2026.08.24-20.46.56:958][  0]LogShaderLibrary: Display: ShaderCodeLibraryPakFileMountedCallback: PakFile 'D:/UnrealEngine/UE_4.27/FeaturePacks/TP_SideScrollerBP.upack' (chunk index -1, root 'root:/') mounted
[2026.08.24-20.46.56:958][  0]LogShaderLibrary: Display: ShaderCodeLibraryPakFileMountedCallback: pending pak file info (ChunkID:-1 Root:root:/ File:D:/UnrealEngine/UE_4.27/FeaturePacks/TP_SideScrollerBP.upack)
[2026.08.24-20.46.56:958][  0]LogPakFile: OnPakFileMounted2Time == 0.000024
[2026.08.24-20.46.56:959][  0]LogPakFile: PakFile PrimaryIndexSize=187
[2026.08.24-20.46.56:959][  0]LogPakFile: PakFile PathHashIndexSize=101
[2026.08.24-20.46.56:959][  0]LogPakFile: PakFile FullDirectoryIndexSize=148
[2026.08.24-20.46.56:959][  0]LogShaderLibrary: Display: ShaderCodeLibraryPakFileMountedCallback: PakFile 'D:/UnrealEngine/UE_4.27/FeaturePacks/TP_ThirdPerson.upack' (chunk index -1, root 'root:/') mounted
[2026.08.24-20.46.56:959][  0]LogShaderLibrary: Display: ShaderCodeLibraryPakFileMountedCallback: pending pak file info (ChunkID:-1 Root:root:/ File:D:/UnrealEngine/UE_4.27/FeaturePacks/TP_ThirdPerson.upack)
[2026.08.24-20.46.56:959][  0]LogPakFile: OnPakFileMounted2Time == 0.000023
[2026.08.24-20.46.56:959][  0]LogPakFile: PakFile PrimaryIndexSize=189
[2026.08.24-20.46.56:959][  0]LogPakFile: PakFile PathHashIndexSize=101
[2026.08.24-20.46.56:959][  0]LogPakFile: PakFile FullDirectoryIndexSize=152
[2026.08.24-20.46.56:959][  0]LogShaderLibrary: Display: ShaderCodeLibraryPakFileMountedCallback: PakFile 'D:/UnrealEngine/UE_4.27/FeaturePacks/TP_ThirdPersonBP.upack' (chunk index -1, root 'root:/') mounted
[2026.08.24-20.46.56:959][  0]LogShaderLibrary: Display: ShaderCodeLibraryPakFileMountedCallback: pending pak file info (ChunkID:-1 Root:root:/ File:D:/UnrealEngine/UE_4.27/FeaturePacks/TP_ThirdPersonBP.upack)
[2026.08.24-20.46.56:959][  0]LogPakFile: OnPakFileMounted2Time == 0.000023
[2026.08.24-20.46.56:960][  0]LogPakFile: PakFile PrimaryIndexSize=183
[2026.08.24-20.46.56:960][  0]LogPakFile: PakFile PathHashIndexSize=101
[2026.08.24-20.46.56:960][  0]LogPakFile: PakFile FullDirectoryIndexSize=140
[2026.08.24-20.46.56:960][  0]LogShaderLibrary: Display: ShaderCodeLibraryPakFileMountedCallback: PakFile 'D:/UnrealEngine/UE_4.27/FeaturePacks/TP_TopDown.upack' (chunk index -1, root 'root:/') mounted
[2026.08.24-20.46.56:960][  0]LogShaderLibrary: Display: ShaderCodeLibraryPakFileMountedCallback: pending pak file info (ChunkID:-1 Root:root:/ File:D:/UnrealEngine/UE_4.27/FeaturePacks/TP_TopDown.upack)
[2026.08.24-20.46.56:960][  0]LogPakFile: OnPakFileMounted2Time == 0.000027
[2026.08.24-20.46.56:960][  0]LogPakFile: PakFile PrimaryIndexSize=185
[2026.08.24-20.46.56:960][  0]LogPakFile: PakFile PathHashIndexSize=101
[2026.08.24-20.46.56:960][  0]LogPakFile: PakFile FullDirectoryIndexSize=144
[2026.08.24-20.46.56:960][  0]LogShaderLibrary: Display: ShaderCodeLibraryPakFileMountedCallback: PakFile 'D:/UnrealEngine/UE_4.27/FeaturePacks/TP_TopDownBP.upack' (chunk index -1, root 'root:/') mounted
[2026.08.24-20.46.56:960][  0]LogShaderLibrary: Display: ShaderCodeLibraryPakFileMountedCallback: pending pak file info (ChunkID:-1 Root:root:/ File:D:/UnrealEngine/UE_4.27/FeaturePacks/TP_TopDownBP.upack)
[2026.08.24-20.46.56:960][  0]LogPakFile: OnPakFileMounted2Time == 0.000022
[2026.08.24-20.46.56:961][  0]LogPakFile: PakFile PrimaryIndexSize=185
[2026.08.24-20.46.56:961][  0]LogPakFile: PakFile PathHashIndexSize=101
[2026.08.24-20.46.56:961][  0]LogPakFile: PakFile FullDirectoryIndexSize=144
[2026.08.24-20.46.56:961][  0]LogShaderLibrary: Display: ShaderCodeLibraryPakFileMountedCallback: PakFile 'D:/UnrealEngine/UE_4.27/FeaturePacks/TP_TwinStick.upack' (chunk index -1, root 'root:/') mounted
[2026.08.24-20.46.56:961][  0]LogShaderLibrary: Display: ShaderCodeLibraryPakFileMountedCallback: pending pak file info (ChunkID:-1 Root:root:/ File:D:/UnrealEngine/UE_4.27/FeaturePacks/TP_TwinStick.upack)
[2026.08.24-20.46.56:961][  0]LogPakFile: OnPakFileMounted2Time == 0.000022
[2026.08.24-20.46.56:962][  0]LogPakFile: PakFile PrimaryIndexSize=187
[2026.08.24-20.46.56:962][  0]LogPakFile: PakFile PathHashIndexSize=101
[2026.08.24-20.46.56:962][  0]LogPakFile: PakFile FullDirectoryIndexSize=148
[2026.08.24-20.46.56:962][  0]LogShaderLibrary: Display: ShaderCodeLibraryPakFileMountedCallback: PakFile 'D:/UnrealEngine/UE_4.27/FeaturePacks/TP_TwinStickBP.upack' (chunk index -1, root 'root:/') mounted
[2026.08.24-20.46.56:962][  0]LogShaderLibrary: Display: ShaderCodeLibraryPakFileMountedCallback: pending pak file info (ChunkID:-1 Root:root:/ File:D:/UnrealEngine/UE_4.27/FeaturePacks/TP_TwinStickBP.upack)
[2026.08.24-20.46.56:962][  0]LogPakFile: OnPakFileMounted2Time == 0.000022
[2026.08.24-20.46.56:962][  0]LogPakFile: PakFile PrimaryIndexSize=183
[2026.08.24-20.46.56:962][  0]LogPakFile: PakFile PathHashIndexSize=101
[2026.08.24-20.46.56:962][  0]LogPakFile: PakFile FullDirectoryIndexSize=140
[2026.08.24-20.46.56:962][  0]LogShaderLibrary: Display: ShaderCodeLibraryPakFileMountedCallback: PakFile 'D:/UnrealEngine/UE_4.27/FeaturePacks/TP_Vehicle.upack' (chunk index -1, root 'root:/') mounted
[2026.08.24-20.46.56:962][  0]LogShaderLibrary: Display: ShaderCodeLibraryPakFileMountedCallback: pending pak file info (ChunkID:-1 Root:root:/ File:D:/UnrealEngine/UE_4.27/FeaturePacks/TP_Vehicle.upack)
[2026.08.24-20.46.56:962][  0]LogPakFile: OnPakFileMounted2Time == 0.000022
[2026.08.24-20.46.56:963][  0]LogPakFile: PakFile PrimaryIndexSize=186
[2026.08.24-20.46.56:963][  0]LogPakFile: PakFile PathHashIndexSize=101
[2026.08.24-20.46.56:963][  0]LogPakFile: PakFile FullDirectoryIndexSize=146
[2026.08.24-20.46.56:963][  0]LogShaderLibrary: Display: ShaderCodeLibraryPakFileMountedCallback: PakFile 'D:/UnrealEngine/UE_4.27/FeaturePacks/TP_VehicleAdv.upack' (chunk index -1, root 'root:/') mounted
[2026.08.24-20.46.56:963][  0]LogShaderLibrary: Display: ShaderCodeLibraryPakFileMountedCallback: pending pak file info (ChunkID:-1 Root:root:/ File:D:/UnrealEngine/UE_4.27/FeaturePacks/TP_VehicleAdv.upack)
[2026.08.24-20.46.56:963][  0]LogPakFile: OnPakFileMounted2Time == 0.000025
[2026.08.24-20.46.56:964][  0]LogPakFile: PakFile PrimaryIndexSize=188
[2026.08.24-20.46.56:964][  0]LogPakFile: PakFile PathHashIndexSize=101
[2026.08.24-20.46.56:964][  0]LogPakFile: PakFile FullDirectoryIndexSize=150
[2026.08.24-20.46.56:964][  0]LogShaderLibrary: Display: ShaderCodeLibraryPakFileMountedCallback: PakFile 'D:/UnrealEngine/UE_4.27/FeaturePacks/TP_VehicleAdvBP.upack' (chunk index -1, root 'root:/') mounted
[2026.08.24-20.46.56:964][  0]LogShaderLibrary: Display: ShaderCodeLibraryPakFileMountedCallback: pending pak file info (ChunkID:-1 Root:root:/ File:D:/UnrealEngine/UE_4.27/FeaturePacks/TP_VehicleAdvBP.upack)
[2026.08.24-20.46.56:964][  0]LogPakFile: OnPakFileMounted2Time == 0.000022
[2026.08.24-20.46.56:964][  0]LogPakFile: PakFile PrimaryIndexSize=185
[2026.08.24-20.46.56:964][  0]LogPakFile: PakFile PathHashIndexSize=101
[2026.08.24-20.46.56:964][  0]LogPakFile: PakFile FullDirectoryIndexSize=144
[2026.08.24-20.46.56:964][  0]LogShaderLibrary: Display: ShaderCodeLibraryPakFileMountedCallback: PakFile 'D:/UnrealEngine/UE_4.27/FeaturePacks/TP_VehicleBP.upack' (chunk index -1, root 'root:/') mounted
[2026.08.24-20.46.56:964][  0]LogShaderLibrary: Display: ShaderCodeLibraryPakFileMountedCallback: pending pak file info (ChunkID:-1 Root:root:/ File:D:/UnrealEngine/UE_4.27/FeaturePacks/TP_VehicleBP.upack)
[2026.08.24-20.46.56:964][  0]LogPakFile: OnPakFileMounted2Time == 0.000022
[2026.08.24-20.46.56:965][  0]LogPakFile: PakFile PrimaryIndexSize=192
[2026.08.24-20.46.56:965][  0]LogPakFile: PakFile PathHashIndexSize=101
[2026.08.24-20.46.56:965][  0]LogPakFile: PakFile FullDirectoryIndexSize=158
[2026.08.24-20.46.56:965][  0]LogShaderLibrary: Display: ShaderCodeLibraryPakFileMountedCallback: PakFile 'D:/UnrealEngine/UE_4.27/FeaturePacks/TP_VirtualRealityBP.upack' (chunk index -1, root 'root:/') mounted
[2026.08.24-20.46.56:965][  0]LogShaderLibrary: Display: ShaderCodeLibraryPakFileMountedCallback: pending pak file info (ChunkID:-1 Root:root:/ File:D:/UnrealEngine/UE_4.27/FeaturePacks/TP_VirtualRealityBP.upack)
[2026.08.24-20.46.56:965][  0]LogPakFile: OnPakFileMounted2Time == 0.000024
[2026.08.24-20.46.57:029][  0]LogNativeClassHierarchy: Verbose: Native class hierarchy updated for 'AddContentDialog' in 0.0003 seconds. Added 0 classes and 0 folders.
[2026.08.24-20.46.57:033][  0]LogNativeClassHierarchy: Verbose: Native class hierarchy updated for 'SceneOutliner' in 0.0003 seconds. Added 2 classes and 0 folders.
[2026.08.24-20.46.57:059][  0]LogSlate: Took 0.000314 seconds to synchronously load lazily loaded font '../../../Engine/Content/Slate/Fonts/Roboto-Regular.ttf' (155K)
[2026.08.24-20.46.57:061][  0]LogSlate: Took 0.000273 seconds to synchronously load lazily loaded font '../../../Engine/Content/Editor/Slate/Fonts/FontAwesome.ttf' (139K)
[2026.08.24-20.46.57:062][  0]LogSlate: Took 0.000188 seconds to synchronously load lazily loaded font '../../../Engine/Content/Slate/Fonts/Roboto-Bold.ttf' (160K)
[2026.08.24-20.46.57:118][  0]LogRenderer: Reallocating scene render targets to support 1180x604 Format 10 NumSamples 1 (Frame:1).
[2026.08.24-20.46.57:451][  0]LogSlate: Took 0.000280 seconds to synchronously load lazily loaded font '../../../Engine/Content/Slate/Fonts/Roboto-Light.ttf' (167K)
[2026.08.24-20.46.57:526][  0]LogNativeClassHierarchy: Verbose: Native class hierarchy updated for 'HierarchicalLODOutliner' in 0.0003 seconds. Added 0 classes and 0 folders.
[2026.08.24-20.46.57:526][  0]LogLoad: (Engine Initialization) Total time: 6.62 seconds
[2026.08.24-20.46.57:526][  0]LogLoad: (Engine Initialization) Total Blueprint compile time: 0.00 seconds
[2026.08.24-20.46.57:566][  0]LogAssetRegistry: Asset discovery search completed in 3.9164 seconds
[2026.08.24-20.46.57:572][  0]LogCollectionManager: Fixed up redirectors for 0 collections in 0.000003 seconds (updated 0 objects)
[2026.08.24-20.46.57:574][  0]LogContentStreaming: Texture pool size now 1000 MB
[2026.08.24-20.46.58:556][104]LogSlate: Took 0.000272 seconds to synchronously load lazily loaded font '../../../Engine/Content/Slate/Fonts/Roboto-Light.ttf' (167K)
[2026.08.24-20.47.00:656][270]LogTemp: Repeating last play command: Selected Viewport
[2026.08.24-20.47.00:660][270]LogPlayLevel: PlayLevel: No blueprints needed recompiling
[2026.08.24-20.47.00:660][270]PIE: New page: PIE session: Brackeys2026Map (24 ago. 2026 14:47:00)
[2026.08.24-20.47.00:662][270]LogOnline: OSS: Creating online subsystem instance for: NULL
[2026.08.24-20.47.00:663][270]LogOnline: OSS: TryLoadSubsystemAndSetDefault: Loaded subsystem for module [NULL]
[2026.08.24-20.47.00:663][270]LogPlayLevel: Creating play world package: /Game/Brackeys2026/Levels/UEDPIE_0_Brackeys2026Map
[2026.08.24-20.47.00:665][270]LogPlayLevel: PIE: StaticDuplicateObject took: (0.002678s)
[2026.08.24-20.47.00:666][270]LogAIModule: Creating AISystem for world Brackeys2026Map
[2026.08.24-20.47.00:666][270]LogPlayLevel: PIE: World Init took: (0.000962s)
[2026.08.24-20.47.00:666][270]LogPlayLevel: PIE: Created PIE world by copying editor world from /Game/Brackeys2026/Levels/Brackeys2026Map.Brackeys2026Map to /Game/Brackeys2026/Levels/UEDPIE_0_Brackeys2026Map.Brackeys2026Map (0.003768s)
[2026.08.24-20.47.00:669][270]LogUObjectHash: Compacting FUObjectHashTables data took   0.55ms
[2026.08.24-20.47.00:670][270]LogAudio: Display: Creating Audio Device:                 Id: 2, Scope: Unique, Realtime: True
[2026.08.24-20.47.00:670][270]LogAudioMixer: Display: Audio Mixer Platform Settings:
[2026.08.24-20.47.00:670][270]LogAudioMixer: Display: 	Sample Rate:						  48000
[2026.08.24-20.47.00:670][270]LogAudioMixer: Display: 	Callback Buffer Frame Size Requested: 1024
[2026.08.24-20.47.00:670][270]LogAudioMixer: Display: 	Callback Buffer Frame Size To Use:	  1024
[2026.08.24-20.47.00:670][270]LogAudioMixer: Display: 	Number of buffers to queue:			  2
[2026.08.24-20.47.00:670][270]LogAudioMixer: Display: 	Max Channels (voices):				  32
[2026.08.24-20.47.00:670][270]LogAudioMixer: Display: 	Number of Async Source Workers:		  0
[2026.08.24-20.47.00:670][270]LogAudio: Display: AudioDevice MaxSources: 32
[2026.08.24-20.47.00:670][270]LogAudio: Display: Audio Spatialization Plugin: None (built-in).
[2026.08.24-20.47.00:670][270]LogAudio: Display: Audio Reverb Plugin: None (built-in).
[2026.08.24-20.47.00:670][270]LogAudio: Display: Audio Occlusion Plugin: None (built-in).
[2026.08.24-20.47.00:670][270]LogAudioMixer: Display: Initializing audio mixer.
[2026.08.24-20.47.00:675][270]LogAudioMixer: Display: 0: FrontLeft
[2026.08.24-20.47.00:675][270]LogAudioMixer: Display: 1: FrontRight
[2026.08.24-20.47.00:690][270]LogAudioMixer: Display: Using Audio Device Altavoces (Realtek(R) Audio)
[2026.08.24-20.47.00:690][270]LogAudioMixer: Display: Initializing Sound Submixes...
[2026.08.24-20.47.00:690][270]LogAudioMixer: Display: Creating Master Submix 'MasterSubmixDefault'
[2026.08.24-20.47.00:690][270]LogAudioMixer: Display: Creating Master Submix 'MasterReverbSubmixDefault'
[2026.08.24-20.47.00:691][270]LogAudioMixer: Display: Creating Master Submix 'MasterEQSubmixDefault'
[2026.08.24-20.47.00:691][270]LogAudioMixer: FMixerPlatformXAudio2::StartAudioStream() called
[2026.08.24-20.47.00:691][270]LogAudioMixer: Display: Output buffers initialized: Frames=1024, Channels=2, Samples=2048
[2026.08.24-20.47.00:691][270]LogAudioMixer: Display: Starting AudioMixerPlatformInterface::RunInternal()
[2026.08.24-20.47.00:691][270]LogAudioMixer: Display: FMixerPlatformXAudio2::SubmitBuffer() called for the first time
[2026.08.24-20.47.00:691][270]LogInit: FAudioDevice initialized.
[2026.08.24-20.47.00:691][270]LogAudio: Display: Audio Device (ID: 2) registered with world 'Brackeys2026Map'.
[2026.08.24-20.47.00:702][270]LogLoad: Game class is 'BrackeysGameMode_C'
[2026.08.24-20.47.00:703][270]LogWorld: Bringing World /Game/Brackeys2026/Levels/UEDPIE_0_Brackeys2026Map.Brackeys2026Map up for play (max tick rate 0) at 2026.08.24-17.47.00
[2026.08.24-20.47.00:703][270]LogWorld: Bringing up level for play took: 0.000551
[2026.08.24-20.47.00:704][270]LogOnline: OSS: Creating online subsystem instance for: :Context_1
[2026.08.24-20.47.00:706][270]LogNativeClassHierarchy: Verbose: Native class hierarchy updated for 'MovieSceneCapture' in 0.0003 seconds. Added 20 classes and 0 folders.
[2026.08.24-20.47.00:708][270]PIE: Server logged in
[2026.08.24-20.47.00:709][270]PIE: Play in editor total start time 0.05 seconds.
[2026.08.24-20.47.11:792][433]LogSlate: Updating window title bar state: overlay mode, drag disabled, window buttons hidden, title bar hidden
[2026.08.24-20.47.11:792][433]LogWorld: BeginTearingDown for /Game/Brackeys2026/Levels/UEDPIE_0_Brackeys2026Map
[2026.08.24-20.47.11:792][433]LogWorld: UWorld::CleanupWorld for Brackeys2026Map, bSessionEnded=true, bCleanupResources=true
[2026.08.24-20.47.11:792][433]LogSlate: InvalidateAllWidgets triggered.  All widgets were invalidated
[2026.08.24-20.47.11:801][433]LogPlayLevel: Display: Shutting down PIE online subsystems
[2026.08.24-20.47.11:803][433]LogSlate: InvalidateAllWidgets triggered.  All widgets were invalidated
[2026.08.24-20.47.11:805][433]LogAudio: Display: Audio Device unregistered from world 'None'.
[2026.08.24-20.47.11:806][433]LogAudioMixer: FMixerPlatformXAudio2::StopAudioStream() called
[2026.08.24-20.47.11:807][433]LogAudioMixer: FMixerPlatformXAudio2::StopAudioStream() called
[2026.08.24-20.47.11:807][433]LogSlate: Updating window title bar state: overlay mode, drag disabled, window buttons hidden, title bar hidden
[2026.08.24-20.47.11:809][433]LogUObjectHash: Compacting FUObjectHashTables data took   0.69ms
[2026.08.24-20.47.11:857][437]LogPlayLevel: Display: Destroying online subsystem :Context_1
[2026.08.24-20.47.12:802][529]LogTemp: Repeating last play command: Selected Viewport
[2026.08.24-20.47.12:806][529]LogPlayLevel: PlayLevel: No blueprints needed recompiling
[2026.08.24-20.47.12:807][529]PIE: New page: PIE session: Brackeys2026Map (24 ago. 2026 14:47:12)
[2026.08.24-20.47.12:807][529]LogPlayLevel: Creating play world package: /Game/Brackeys2026/Levels/UEDPIE_0_Brackeys2026Map
[2026.08.24-20.47.12:808][529]LogPlayLevel: PIE: StaticDuplicateObject took: (0.002069s)
[2026.08.24-20.47.12:810][529]LogAIModule: Creating AISystem for world Brackeys2026Map
[2026.08.24-20.47.12:810][529]LogPlayLevel: PIE: World Init took: (0.000885s)
[2026.08.24-20.47.12:810][529]LogPlayLevel: PIE: Created PIE world by copying editor world from /Game/Brackeys2026/Levels/Brackeys2026Map.Brackeys2026Map to /Game/Brackeys2026/Levels/UEDPIE_0_Brackeys2026Map.Brackeys2026Map (0.003051s)
[2026.08.24-20.47.12:814][529]LogUObjectHash: Compacting FUObjectHashTables data took   0.55ms
[2026.08.24-20.47.12:814][529]LogAudio: Display: Creating Audio Device:                 Id: 3, Scope: Unique, Realtime: True
[2026.08.24-20.47.12:814][529]LogAudioMixer: Display: Audio Mixer Platform Settings:
[2026.08.24-20.47.12:814][529]LogAudioMixer: Display: 	Sample Rate:						  48000
[2026.08.24-20.47.12:814][529]LogAudioMixer: Display: 	Callback Buffer Frame Size Requested: 1024
[2026.08.24-20.47.12:814][529]LogAudioMixer: Display: 	Callback Buffer Frame Size To Use:	  1024
[2026.08.24-20.47.12:814][529]LogAudioMixer: Display: 	Number of buffers to queue:			  2
[2026.08.24-20.47.12:814][529]LogAudioMixer: Display: 	Max Channels (voices):				  32
[2026.08.24-20.47.12:814][529]LogAudioMixer: Display: 	Number of Async Source Workers:		  0
[2026.08.24-20.47.12:814][529]LogAudio: Display: AudioDevice MaxSources: 32
[2026.08.24-20.47.12:815][529]LogAudio: Display: Audio Spatialization Plugin: None (built-in).
[2026.08.24-20.47.12:815][529]LogAudio: Display: Audio Reverb Plugin: None (built-in).
[2026.08.24-20.47.12:815][529]LogAudio: Display: Audio Occlusion Plugin: None (built-in).
[2026.08.24-20.47.12:815][529]LogAudioMixer: Display: Initializing audio mixer.
[2026.08.24-20.47.12:818][529]LogAudioMixer: Display: 0: FrontLeft
[2026.08.24-20.47.12:818][529]LogAudioMixer: Display: 1: FrontRight
[2026.08.24-20.47.12:833][529]LogAudioMixer: Display: Using Audio Device Altavoces (Realtek(R) Audio)
[2026.08.24-20.47.12:833][529]LogAudioMixer: Display: Initializing Sound Submixes...
[2026.08.24-20.47.12:833][529]LogAudioMixer: Display: Creating Master Submix 'MasterSubmixDefault'
[2026.08.24-20.47.12:833][529]LogAudioMixer: Display: Creating Master Submix 'MasterReverbSubmixDefault'
[2026.08.24-20.47.12:833][529]LogAudioMixer: Display: Creating Master Submix 'MasterEQSubmixDefault'
[2026.08.24-20.47.12:833][529]LogAudioMixer: FMixerPlatformXAudio2::StartAudioStream() called
[2026.08.24-20.47.12:833][529]LogAudioMixer: Display: Output buffers initialized: Frames=1024, Channels=2, Samples=2048
[2026.08.24-20.47.12:834][529]LogAudioMixer: Display: Starting AudioMixerPlatformInterface::RunInternal()
[2026.08.24-20.47.12:834][529]LogAudioMixer: Display: FMixerPlatformXAudio2::SubmitBuffer() called for the first time
[2026.08.24-20.47.12:834][529]LogInit: FAudioDevice initialized.
[2026.08.24-20.47.12:834][529]LogAudio: Display: Audio Device (ID: 3) registered with world 'Brackeys2026Map'.
[2026.08.24-20.47.12:839][529]LogLoad: Game class is 'BrackeysGameMode_C'
[2026.08.24-20.47.12:839][529]LogWorld: Bringing World /Game/Brackeys2026/Levels/UEDPIE_0_Brackeys2026Map.Brackeys2026Map up for play (max tick rate 0) at 2026.08.24-17.47.12
[2026.08.24-20.47.12:841][529]LogWorld: Bringing up level for play took: 0.000552
[2026.08.24-20.47.12:841][529]LogOnline: OSS: Creating online subsystem instance for: :Context_2
[2026.08.24-20.47.12:843][529]PIE: Server logged in
[2026.08.24-20.47.12:844][529]PIE: Play in editor total start time 0.037 seconds.
[2026.08.24-20.47.25:912][910]LogSlate: Updating window title bar state: overlay mode, drag disabled, window buttons hidden, title bar hidden
[2026.08.24-20.47.25:912][910]LogWorld: BeginTearingDown for /Game/Brackeys2026/Levels/UEDPIE_0_Brackeys2026Map
[2026.08.24-20.47.25:912][910]LogWorld: UWorld::CleanupWorld for Brackeys2026Map, bSessionEnded=true, bCleanupResources=true
[2026.08.24-20.47.25:913][910]LogSlate: InvalidateAllWidgets triggered.  All widgets were invalidated
[2026.08.24-20.47.25:922][910]LogPlayLevel: Display: Shutting down PIE online subsystems
[2026.08.24-20.47.25:924][910]LogSlate: InvalidateAllWidgets triggered.  All widgets were invalidated
[2026.08.24-20.47.25:927][910]LogSlate: Updating window title bar state: overlay mode, drag disabled, window buttons hidden, title bar hidden
[2026.08.24-20.47.25:927][910]LogAudioMixer: FMixerPlatformXAudio2::StopAudioStream() called
[2026.08.24-20.47.25:928][910]LogAudioMixer: FMixerPlatformXAudio2::StopAudioStream() called
[2026.08.24-20.47.25:931][910]LogUObjectHash: Compacting FUObjectHashTables data took   0.55ms
[2026.08.24-20.47.25:973][914]LogPlayLevel: Display: Destroying online subsystem :Context_2
[2026.08.24-20.56.19:755][484]LogTemp: Repeating last play command: Selected Viewport
[2026.08.24-20.56.19:760][484]LogPlayLevel: PlayLevel: No blueprints needed recompiling
[2026.08.24-20.56.19:760][484]PIE: New page: PIE session: Brackeys2026Map (24 ago. 2026 14:56:19)
[2026.08.24-20.56.19:760][484]LogPlayLevel: Creating play world package: /Game/Brackeys2026/Levels/UEDPIE_0_Brackeys2026Map
[2026.08.24-20.56.19:762][484]LogPlayLevel: PIE: StaticDuplicateObject took: (0.002511s)
[2026.08.24-20.56.19:763][484]LogAIModule: Creating AISystem for world Brackeys2026Map
[2026.08.24-20.56.19:763][484]LogPlayLevel: PIE: World Init took: (0.000933s)
[2026.08.24-20.56.19:763][484]LogPlayLevel: PIE: Created PIE world by copying editor world from /Game/Brackeys2026/Levels/Brackeys2026Map.Brackeys2026Map to /Game/Brackeys2026/Levels/UEDPIE_0_Brackeys2026Map.Brackeys2026Map (0.003563s)
[2026.08.24-20.56.19:768][484]LogUObjectHash: Compacting FUObjectHashTables data took   0.78ms
[2026.08.24-20.56.19:769][484]LogAudio: Display: Creating Audio Device:                 Id: 4, Scope: Unique, Realtime: True
[2026.08.24-20.56.19:769][484]LogAudioMixer: Display: Audio Mixer Platform Settings:
[2026.08.24-20.56.19:769][484]LogAudioMixer: Display: 	Sample Rate:						  48000
[2026.08.24-20.56.19:769][484]LogAudioMixer: Display: 	Callback Buffer Frame Size Requested: 1024
[2026.08.24-20.56.19:769][484]LogAudioMixer: Display: 	Callback Buffer Frame Size To Use:	  1024
[2026.08.24-20.56.19:769][484]LogAudioMixer: Display: 	Number of buffers to queue:			  2
[2026.08.24-20.56.19:769][484]LogAudioMixer: Display: 	Max Channels (voices):				  32
[2026.08.24-20.56.19:769][484]LogAudioMixer: Display: 	Number of Async Source Workers:		  0
[2026.08.24-20.56.19:769][484]LogAudio: Display: AudioDevice MaxSources: 32
[2026.08.24-20.56.19:769][484]LogAudio: Display: Audio Spatialization Plugin: None (built-in).
[2026.08.24-20.56.19:769][484]LogAudio: Display: Audio Reverb Plugin: None (built-in).
[2026.08.24-20.56.19:769][484]LogAudio: Display: Audio Occlusion Plugin: None (built-in).
[2026.08.24-20.56.19:769][484]LogAudioMixer: Display: Initializing audio mixer.
[2026.08.24-20.56.19:774][484]LogAudioMixer: Display: 0: FrontLeft
[2026.08.24-20.56.19:774][484]LogAudioMixer: Display: 1: FrontRight
[2026.08.24-20.56.19:788][484]LogAudioMixer: Display: Using Audio Device Altavoces (Realtek(R) Audio)
[2026.08.24-20.56.19:788][484]LogAudioMixer: Display: Initializing Sound Submixes...
[2026.08.24-20.56.19:789][484]LogAudioMixer: Display: Creating Master Submix 'MasterSubmixDefault'
[2026.08.24-20.56.19:789][484]LogAudioMixer: Display: Creating Master Submix 'MasterReverbSubmixDefault'
[2026.08.24-20.56.19:789][484]LogAudioMixer: Display: Creating Master Submix 'MasterEQSubmixDefault'
[2026.08.24-20.56.19:789][484]LogAudioMixer: FMixerPlatformXAudio2::StartAudioStream() called
[2026.08.24-20.56.19:789][484]LogAudioMixer: Display: Output buffers initialized: Frames=1024, Channels=2, Samples=2048
[2026.08.24-20.56.19:790][484]LogAudioMixer: Display: Starting AudioMixerPlatformInterface::RunInternal()
[2026.08.24-20.56.19:790][484]LogAudioMixer: Display: FMixerPlatformXAudio2::SubmitBuffer() called for the first time
[2026.08.24-20.56.19:790][484]LogInit: FAudioDevice initialized.
[2026.08.24-20.56.19:790][484]LogAudio: Display: Audio Device (ID: 4) registered with world 'Brackeys2026Map'.
[2026.08.24-20.56.19:797][484]LogLoad: Game class is 'BrackeysGameMode_C'
[2026.08.24-20.56.19:798][484]LogWorld: Bringing World /Game/Brackeys2026/Levels/UEDPIE_0_Brackeys2026Map.Brackeys2026Map up for play (max tick rate 0) at 2026.08.24-17.56.19
[2026.08.24-20.56.19:798][484]LogWorld: Bringing up level for play took: 0.000546
[2026.08.24-20.56.19:799][484]LogOnline: OSS: Creating online subsystem instance for: :Context_3
[2026.08.24-20.56.19:800][484]PIE: Server logged in
[2026.08.24-20.56.19:801][484]PIE: Play in editor total start time 0.043 seconds.
[2026.08.24-20.56.32:582][791]LogSlate: Updating window title bar state: overlay mode, drag disabled, window buttons hidden, title bar hidden
[2026.08.24-20.56.32:582][791]LogWorld: BeginTearingDown for /Game/Brackeys2026/Levels/UEDPIE_0_Brackeys2026Map
[2026.08.24-20.56.32:582][791]LogWorld: UWorld::CleanupWorld for Brackeys2026Map, bSessionEnded=true, bCleanupResources=true
[2026.08.24-20.56.32:582][791]LogSlate: InvalidateAllWidgets triggered.  All widgets were invalidated
[2026.08.24-20.56.32:589][791]LogPlayLevel: Display: Shutting down PIE online subsystems
[2026.08.24-20.56.32:590][791]LogSlate: InvalidateAllWidgets triggered.  All widgets were invalidated
[2026.08.24-20.56.32:593][791]LogSlate: Updating window title bar state: overlay mode, drag disabled, window buttons hidden, title bar hidden
[2026.08.24-20.56.32:593][791]LogAudioMixer: FMixerPlatformXAudio2::StopAudioStream() called
[2026.08.24-20.56.32:594][791]LogAudioMixer: FMixerPlatformXAudio2::StopAudioStream() called
[2026.08.24-20.56.32:597][791]LogUObjectHash: Compacting FUObjectHashTables data took   0.56ms
[2026.08.24-20.56.32:657][796]LogPlayLevel: Display: Destroying online subsystem :Context_3
[2026.08.24-20.57.43:937][955]LogAssetEditorSubsystem: Opening Asset editor for Blueprint /Game/Brackeys2026/Objects/CoinGun/BP_Revolver.BP_Revolver
[2026.08.24-20.57.44:118][955]LogNativeClassHierarchy: Verbose: Native class hierarchy updated for 'BlueprintGraph' in 0.0005 seconds. Added 126 classes and 0 folders.
[2026.08.24-20.57.44:776][955]LogSlate: Took 0.000350 seconds to synchronously load lazily loaded font '../../../Engine/Content/Slate/Fonts/Roboto-BoldCondensed.ttf' (158K)
[2026.08.24-20.57.44:870][956]LogSlate: Took 0.000502 seconds to synchronously load lazily loaded font '../../../Engine/Content/Slate/Fonts/Roboto-Italic.ttf' (157K)
[2026.08.24-20.59.45:881][873]LogTemp: Repeating last play command: Selected Viewport
[2026.08.24-20.59.45:886][873]LogPlayLevel: PlayLevel: No blueprints needed recompiling
[2026.08.24-20.59.45:886][873]PIE: New page: PIE session: Brackeys2026Map (24 ago. 2026 14:59:45)
[2026.08.24-20.59.45:886][873]LogPlayLevel: Creating play world package: /Game/Brackeys2026/Levels/UEDPIE_0_Brackeys2026Map
[2026.08.24-20.59.45:888][873]LogPlayLevel: PIE: StaticDuplicateObject took: (0.002182s)
[2026.08.24-20.59.45:889][873]LogAIModule: Creating AISystem for world Brackeys2026Map
[2026.08.24-20.59.45:889][873]LogPlayLevel: PIE: World Init took: (0.001029s)
[2026.08.24-20.59.45:889][873]LogPlayLevel: PIE: Created PIE world by copying editor world from /Game/Brackeys2026/Levels/Brackeys2026Map.Brackeys2026Map to /Game/Brackeys2026/Levels/UEDPIE_0_Brackeys2026Map.Brackeys2026Map (0.003331s)
[2026.08.24-20.59.45:907][873]LogUObjectHash: Compacting FUObjectHashTables data took   1.86ms
[2026.08.24-20.59.45:908][873]LogAudio: Display: Creating Audio Device:                 Id: 5, Scope: Unique, Realtime: True
[2026.08.24-20.59.45:908][873]LogAudioMixer: Display: Audio Mixer Platform Settings:
[2026.08.24-20.59.45:908][873]LogAudioMixer: Display: 	Sample Rate:						  48000
[2026.08.24-20.59.45:908][873]LogAudioMixer: Display: 	Callback Buffer Frame Size Requested: 1024
[2026.08.24-20.59.45:908][873]LogAudioMixer: Display: 	Callback Buffer Frame Size To Use:	  1024
[2026.08.24-20.59.45:908][873]LogAudioMixer: Display: 	Number of buffers to queue:			  2
[2026.08.24-20.59.45:908][873]LogAudioMixer: Display: 	Max Channels (voices):				  32
[2026.08.24-20.59.45:908][873]LogAudioMixer: Display: 	Number of Async Source Workers:		  0
[2026.08.24-20.59.45:908][873]LogAudio: Display: AudioDevice MaxSources: 32
[2026.08.24-20.59.45:908][873]LogAudio: Display: Audio Spatialization Plugin: None (built-in).
[2026.08.24-20.59.45:908][873]LogAudio: Display: Audio Reverb Plugin: None (built-in).
[2026.08.24-20.59.45:908][873]LogAudio: Display: Audio Occlusion Plugin: None (built-in).
[2026.08.24-20.59.45:908][873]LogAudioMixer: Display: Initializing audio mixer.
[2026.08.24-20.59.45:912][873]LogAudioMixer: Display: 0: FrontLeft
[2026.08.24-20.59.45:912][873]LogAudioMixer: Display: 1: FrontRight
[2026.08.24-20.59.45:928][873]LogAudioMixer: Display: Using Audio Device Altavoces (Realtek(R) Audio)
[2026.08.24-20.59.45:928][873]LogAudioMixer: Display: Initializing Sound Submixes...
[2026.08.24-20.59.45:928][873]LogAudioMixer: Display: Creating Master Submix 'MasterSubmixDefault'
[2026.08.24-20.59.45:928][873]LogAudioMixer: Display: Creating Master Submix 'MasterReverbSubmixDefault'
[2026.08.24-20.59.45:929][873]LogAudioMixer: Display: Creating Master Submix 'MasterEQSubmixDefault'
[2026.08.24-20.59.45:929][873]LogAudioMixer: FMixerPlatformXAudio2::StartAudioStream() called
[2026.08.24-20.59.45:929][873]LogAudioMixer: Display: Output buffers initialized: Frames=1024, Channels=2, Samples=2048
[2026.08.24-20.59.45:929][873]LogAudioMixer: Display: Starting AudioMixerPlatformInterface::RunInternal()
[2026.08.24-20.59.45:930][873]LogAudioMixer: Display: FMixerPlatformXAudio2::SubmitBuffer() called for the first time
[2026.08.24-20.59.45:930][873]LogInit: FAudioDevice initialized.
[2026.08.24-20.59.45:930][873]LogAudio: Display: Audio Device (ID: 5) registered with world 'Brackeys2026Map'.
[2026.08.24-20.59.45:940][873]LogLoad: Game class is 'BrackeysGameMode_C'
[2026.08.24-20.59.45:942][873]LogWorld: Bringing World /Game/Brackeys2026/Levels/UEDPIE_0_Brackeys2026Map.Brackeys2026Map up for play (max tick rate 0) at 2026.08.24-17.59.45
[2026.08.24-20.59.45:942][873]LogWorld: Bringing up level for play took: 0.000710
[2026.08.24-20.59.45:942][873]LogOnline: OSS: Creating online subsystem instance for: :Context_5
[2026.08.24-20.59.45:945][873]PIE: Server logged in
[2026.08.24-20.59.45:946][873]PIE: Play in editor total start time 0.062 seconds.
[2026.08.24-21.02.29:675][535]LogSlate: Updating window title bar state: overlay mode, drag disabled, window buttons hidden, title bar hidden
[2026.08.24-21.02.29:675][535]LogWorld: BeginTearingDown for /Game/Brackeys2026/Levels/UEDPIE_0_Brackeys2026Map
[2026.08.24-21.02.29:675][535]LogWorld: UWorld::CleanupWorld for Brackeys2026Map, bSessionEnded=true, bCleanupResources=true
[2026.08.24-21.02.29:675][535]LogSlate: InvalidateAllWidgets triggered.  All widgets were invalidated
[2026.08.24-21.02.29:696][535]LogPlayLevel: Display: Shutting down PIE online subsystems
[2026.08.24-21.02.29:703][535]LogSlate: InvalidateAllWidgets triggered.  All widgets were invalidated
[2026.08.24-21.02.29:717][535]LogAudio: Display: Audio Device unregistered from world 'None'.
[2026.08.24-21.02.29:717][535]LogAudioMixer: FMixerPlatformXAudio2::StopAudioStream() called
[2026.08.24-21.02.29:718][535]LogAudioMixer: FMixerPlatformXAudio2::StopAudioStream() called
[2026.08.24-21.02.29:719][535]LogSlate: Updating window title bar state: overlay mode, drag disabled, window buttons hidden, title bar hidden
[2026.08.24-21.02.29:723][535]LogUObjectHash: Compacting FUObjectHashTables data took   1.98ms
[2026.08.24-21.02.29:814][536]LogPlayLevel: Display: Destroying online subsystem :Context_5
[2026.08.24-21.03.10:903][123]LogTemp: Repeating last play command: Selected Viewport
[2026.08.24-21.03.10:908][123]BlueprintLog: New page: Pre-Play auto-recompile
[2026.08.24-21.03.10:910][123]LogPlayLevel: [PlayLevel] Compiling BP_Revolver before play...
[2026.08.24-21.03.10:972][123]LogUObjectHash: Compacting FUObjectHashTables data took   1.99ms
[2026.08.24-21.03.10:972][123]LogPlayLevel: PlayLevel: Blueprint regeneration took 63 ms (1 blueprints)
[2026.08.24-21.03.10:972][123]PIE: New page: PIE session: Brackeys2026Map (24 ago. 2026 15:03:10)
[2026.08.24-21.03.10:972][123]LogPlayLevel: Creating play world package: /Game/Brackeys2026/Levels/UEDPIE_0_Brackeys2026Map
[2026.08.24-21.03.10:974][123]LogPlayLevel: PIE: StaticDuplicateObject took: (0.002150s)
[2026.08.24-21.03.10:975][123]LogAIModule: Creating AISystem for world Brackeys2026Map
[2026.08.24-21.03.10:975][123]LogPlayLevel: PIE: World Init took: (0.000875s)
[2026.08.24-21.03.10:975][123]LogPlayLevel: PIE: Created PIE world by copying editor world from /Game/Brackeys2026/Levels/Brackeys2026Map.Brackeys2026Map to /Game/Brackeys2026/Levels/UEDPIE_0_Brackeys2026Map.Brackeys2026Map (0.003124s)
[2026.08.24-21.03.10:990][123]LogUObjectHash: Compacting FUObjectHashTables data took   1.42ms
[2026.08.24-21.03.10:990][123]LogAudio: Display: Creating Audio Device:                 Id: 6, Scope: Unique, Realtime: True
[2026.08.24-21.03.10:990][123]LogAudioMixer: Display: Audio Mixer Platform Settings:
[2026.08.24-21.03.10:990][123]LogAudioMixer: Display: 	Sample Rate:						  48000
[2026.08.24-21.03.10:990][123]LogAudioMixer: Display: 	Callback Buffer Frame Size Requested: 1024
[2026.08.24-21.03.10:990][123]LogAudioMixer: Display: 	Callback Buffer Frame Size To Use:	  1024
[2026.08.24-21.03.10:990][123]LogAudioMixer: Display: 	Number of buffers to queue:			  2
[2026.08.24-21.03.10:990][123]LogAudioMixer: Display: 	Max Channels (voices):				  32
[2026.08.24-21.03.10:990][123]LogAudioMixer: Display: 	Number of Async Source Workers:		  0
[2026.08.24-21.03.10:990][123]LogAudio: Display: AudioDevice MaxSources: 32
[2026.08.24-21.03.10:990][123]LogAudio: Display: Audio Spatialization Plugin: None (built-in).
[2026.08.24-21.03.10:990][123]LogAudio: Display: Audio Reverb Plugin: None (built-in).
[2026.08.24-21.03.10:991][123]LogAudio: Display: Audio Occlusion Plugin: None (built-in).
[2026.08.24-21.03.10:991][123]LogAudioMixer: Display: Initializing audio mixer.
[2026.08.24-21.03.10:995][123]LogAudioMixer: Display: 0: FrontLeft
[2026.08.24-21.03.10:995][123]LogAudioMixer: Display: 1: FrontRight
[2026.08.24-21.03.11:010][123]LogAudioMixer: Display: Using Audio Device Altavoces (Realtek(R) Audio)
[2026.08.24-21.03.11:010][123]LogAudioMixer: Display: Initializing Sound Submixes...
[2026.08.24-21.03.11:010][123]LogAudioMixer: Display: Creating Master Submix 'MasterSubmixDefault'
[2026.08.24-21.03.11:010][123]LogAudioMixer: Display: Creating Master Submix 'MasterReverbSubmixDefault'
[2026.08.24-21.03.11:010][123]LogAudioMixer: Display: Creating Master Submix 'MasterEQSubmixDefault'
[2026.08.24-21.03.11:010][123]LogAudioMixer: FMixerPlatformXAudio2::StartAudioStream() called
[2026.08.24-21.03.11:010][123]LogAudioMixer: Display: Output buffers initialized: Frames=1024, Channels=2, Samples=2048
[2026.08.24-21.03.11:012][123]LogAudioMixer: Display: Starting AudioMixerPlatformInterface::RunInternal()
[2026.08.24-21.03.11:012][123]LogAudioMixer: Display: FMixerPlatformXAudio2::SubmitBuffer() called for the first time
[2026.08.24-21.03.11:012][123]LogInit: FAudioDevice initialized.
[2026.08.24-21.03.11:012][123]LogAudio: Display: Audio Device (ID: 6) registered with world 'Brackeys2026Map'.
[2026.08.24-21.03.11:027][123]LogLoad: Game class is 'BrackeysGameMode_C'
[2026.08.24-21.03.11:028][123]LogWorld: Bringing World /Game/Brackeys2026/Levels/UEDPIE_0_Brackeys2026Map.Brackeys2026Map up for play (max tick rate 0) at 2026.08.24-18.03.11
[2026.08.24-21.03.11:029][123]LogWorld: Bringing up level for play took: 0.000760
[2026.08.24-21.03.11:029][123]LogOnline: OSS: Creating online subsystem instance for: :Context_6
[2026.08.24-21.03.11:031][123]PIE: Server logged in
[2026.08.24-21.03.11:032][123]PIE: Play in editor total start time 0.125 seconds.
[2026.08.24-21.05.12:742][251]LogSlate: Updating window title bar state: overlay mode, drag disabled, window buttons hidden, title bar hidden
[2026.08.24-21.05.12:742][251]LogWorld: BeginTearingDown for /Game/Brackeys2026/Levels/UEDPIE_0_Brackeys2026Map
[2026.08.24-21.05.12:742][251]LogWorld: UWorld::CleanupWorld for Brackeys2026Map, bSessionEnded=true, bCleanupResources=true
[2026.08.24-21.05.12:742][251]LogSlate: InvalidateAllWidgets triggered.  All widgets were invalidated
[2026.08.24-21.05.12:765][251]LogPlayLevel: Display: Shutting down PIE online subsystems
[2026.08.24-21.05.12:771][251]LogSlate: InvalidateAllWidgets triggered.  All widgets were invalidated
[2026.08.24-21.05.12:785][251]LogSlate: Updating window title bar state: overlay mode, drag disabled, window buttons hidden, title bar hidden
[2026.08.24-21.05.12:785][251]LogAudioMixer: FMixerPlatformXAudio2::StopAudioStream() called
[2026.08.24-21.05.12:786][251]LogAudioMixer: FMixerPlatformXAudio2::StopAudioStream() called
[2026.08.24-21.05.12:790][251]LogUObjectHash: Compacting FUObjectHashTables data took   1.43ms
[2026.08.24-21.05.12:879][252]LogPlayLevel: Display: Destroying online subsystem :Context_6
[2026.08.24-21.05.13:713][307]LogTemp: Repeating last play command: Selected Viewport
[2026.08.24-21.05.13:718][307]LogPlayLevel: PlayLevel: No blueprints needed recompiling
[2026.08.24-21.05.13:718][307]PIE: New page: PIE session: Brackeys2026Map (24 ago. 2026 15:05:13)
[2026.08.24-21.05.13:718][307]LogPlayLevel: Creating play world package: /Game/Brackeys2026/Levels/UEDPIE_0_Brackeys2026Map
[2026.08.24-21.05.13:720][307]LogPlayLevel: PIE: StaticDuplicateObject took: (0.001978s)
[2026.08.24-21.05.13:721][307]LogAIModule: Creating AISystem for world Brackeys2026Map
[2026.08.24-21.05.13:721][307]LogPlayLevel: PIE: World Init took: (0.000817s)
[2026.08.24-21.05.13:721][307]LogPlayLevel: PIE: Created PIE world by copying editor world from /Game/Brackeys2026/Levels/Brackeys2026Map.Brackeys2026Map to /Game/Brackeys2026/Levels/UEDPIE_0_Brackeys2026Map.Brackeys2026Map (0.002894s)
[2026.08.24-21.05.13:736][307]LogUObjectHash: Compacting FUObjectHashTables data took   1.46ms
[2026.08.24-21.05.13:737][307]LogAudio: Display: Creating Audio Device:                 Id: 7, Scope: Unique, Realtime: True
[2026.08.24-21.05.13:737][307]LogAudioMixer: Display: Audio Mixer Platform Settings:
[2026.08.24-21.05.13:737][307]LogAudioMixer: Display: 	Sample Rate:						  48000
[2026.08.24-21.05.13:737][307]LogAudioMixer: Display: 	Callback Buffer Frame Size Requested: 1024
[2026.08.24-21.05.13:737][307]LogAudioMixer: Display: 	Callback Buffer Frame Size To Use:	  1024
[2026.08.24-21.05.13:737][307]LogAudioMixer: Display: 	Number of buffers to queue:			  2
[2026.08.24-21.05.13:737][307]LogAudioMixer: Display: 	Max Channels (voices):				  32
[2026.08.24-21.05.13:737][307]LogAudioMixer: Display: 	Number of Async Source Workers:		  0
[2026.08.24-21.05.13:737][307]LogAudio: Display: AudioDevice MaxSources: 32
[2026.08.24-21.05.13:737][307]LogAudio: Display: Audio Spatialization Plugin: None (built-in).
[2026.08.24-21.05.13:737][307]LogAudio: Display: Audio Reverb Plugin: None (built-in).
[2026.08.24-21.05.13:737][307]LogAudio: Display: Audio Occlusion Plugin: None (built-in).
[2026.08.24-21.05.13:737][307]LogAudioMixer: Display: Initializing audio mixer.
[2026.08.24-21.05.13:741][307]LogAudioMixer: Display: 0: FrontLeft
[2026.08.24-21.05.13:741][307]LogAudioMixer: Display: 1: FrontRight
[2026.08.24-21.05.13:756][307]LogAudioMixer: Display: Using Audio Device Altavoces (Realtek(R) Audio)
[2026.08.24-21.05.13:756][307]LogAudioMixer: Display: Initializing Sound Submixes...
[2026.08.24-21.05.13:756][307]LogAudioMixer: Display: Creating Master Submix 'MasterSubmixDefault'
[2026.08.24-21.05.13:756][307]LogAudioMixer: Display: Creating Master Submix 'MasterReverbSubmixDefault'
[2026.08.24-21.05.13:757][307]LogAudioMixer: Display: Creating Master Submix 'MasterEQSubmixDefault'
[2026.08.24-21.05.13:757][307]LogAudioMixer: FMixerPlatformXAudio2::StartAudioStream() called
[2026.08.24-21.05.13:757][307]LogAudioMixer: Display: Output buffers initialized: Frames=1024, Channels=2, Samples=2048
[2026.08.24-21.05.13:758][307]LogAudioMixer: Display: Starting AudioMixerPlatformInterface::RunInternal()
[2026.08.24-21.05.13:758][307]LogAudioMixer: Display: FMixerPlatformXAudio2::SubmitBuffer() called for the first time
[2026.08.24-21.05.13:758][307]LogInit: FAudioDevice initialized.
[2026.08.24-21.05.13:758][307]LogAudio: Display: Audio Device (ID: 7) registered with world 'Brackeys2026Map'.
[2026.08.24-21.05.13:768][307]LogLoad: Game class is 'BrackeysGameMode_C'
[2026.08.24-21.05.13:769][307]LogWorld: Bringing World /Game/Brackeys2026/Levels/UEDPIE_0_Brackeys2026Map.Brackeys2026Map up for play (max tick rate 0) at 2026.08.24-18.05.13
[2026.08.24-21.05.13:769][307]LogWorld: Bringing up level for play took: 0.000529
[2026.08.24-21.05.13:769][307]LogOnline: OSS: Creating online subsystem instance for: :Context_7
[2026.08.24-21.05.13:771][307]PIE: Server logged in
[2026.08.24-21.05.13:771][307]PIE: Play in editor total start time 0.054 seconds.
[2026.08.24-21.07.28:672][ 83]LogSlate: Updating window title bar state: overlay mode, drag disabled, window buttons hidden, title bar hidden
[2026.08.24-21.07.28:672][ 83]LogWorld: BeginTearingDown for /Game/Brackeys2026/Levels/UEDPIE_0_Brackeys2026Map
[2026.08.24-21.07.28:672][ 83]LogWorld: UWorld::CleanupWorld for Brackeys2026Map, bSessionEnded=true, bCleanupResources=true
[2026.08.24-21.07.28:672][ 83]LogSlate: InvalidateAllWidgets triggered.  All widgets were invalidated
[2026.08.24-21.07.28:690][ 83]LogPlayLevel: Display: Shutting down PIE online subsystems
[2026.08.24-21.07.28:698][ 83]LogSlate: InvalidateAllWidgets triggered.  All widgets were invalidated
[2026.08.24-21.07.28:711][ 83]LogSlate: Updating window title bar state: overlay mode, drag disabled, window buttons hidden, title bar hidden
[2026.08.24-21.07.28:711][ 83]LogAudioMixer: FMixerPlatformXAudio2::StopAudioStream() called
[2026.08.24-21.07.28:712][ 83]LogAudioMixer: FMixerPlatformXAudio2::StopAudioStream() called
[2026.08.24-21.07.28:716][ 83]LogUObjectHash: Compacting FUObjectHashTables data took   1.97ms
[2026.08.24-21.07.28:805][ 84]LogPlayLevel: Display: Destroying online subsystem :Context_7
[2026.08.24-21.07.41:407][895]LogEditorViewport: Clicking on Actor (LMB): BP_Phone_C (BP_Phone)
[2026.08.24-21.07.45:560][161]LogAssetEditorSubsystem: Opening Asset editor for Blueprint /Game/Brackeys2026/Objects/Phone/BP_Phone.BP_Phone
[2026.08.24-21.08.21:332][504]LogUObjectHash: Compacting FUObjectHashTables data took   1.44ms
[2026.08.24-21.08.21:340][504]LogSavePackage: Moving '../../../../../GameProgramming/BrackeysGameJam/Brackeys-2026/BrackeysJam2026/Saved/Brackeys2026Map_Auto1BF0C22994C9700EE60A318A37792AAE6.tmp' to '../../../../../GameProgramming/BrackeysGameJam/Brackeys-2026/BrackeysJam2026/Saved/Autosaves/Game/Brackeys2026/Levels/Brackeys2026Map_Auto1.umap'
[2026.08.24-21.08.21:341][504]LogFileHelpers: Editor autosave (incl. external actors) for '/Game/Brackeys2026/Levels/Brackeys2026Map' took 0.027
[2026.08.24-21.08.21:341][504]LogFileHelpers: Editor autosave (incl. sublevels & external actors) for all levels took 0.027
[2026.08.24-21.08.21:342][504]OBJ SavePackage: Generating thumbnails for [2] asset(s) in package [/Game/Brackeys2026/Objects/CoinGun/BP_Revolver] ([2] browsable assets)...
[2026.08.24-21.08.21:375][504]OBJ SavePackage:     Rendered thumbnail for [Blueprint /Game/Brackeys2026/Objects/CoinGun/BP_Revolver.BP_Revolver]
[2026.08.24-21.08.21:375][504]OBJ SavePackage: Finished generating thumbnails for package [/Game/Brackeys2026/Objects/CoinGun/BP_Revolver]
[2026.08.24-21.08.21:408][504]LogSavePackage: Moving '../../../../../GameProgramming/BrackeysGameJam/Brackeys-2026/BrackeysJam2026/Saved/BP_Revolver_Auto16FDA89314CEB948D338F2AB948AE58E0.tmp' to '../../../../../GameProgramming/BrackeysGameJam/Brackeys-2026/BrackeysJam2026/Saved/Autosaves/Game/Brackeys2026/Objects/CoinGun/BP_Revolver_Auto1.uasset'
[2026.08.24-21.08.21:408][504]LogFileHelpers: Auto-saving content packages took 0.067
[2026.08.24-21.13.25:519][917]LogSlate: Took 0.011022 seconds to synchronously load lazily loaded font '../../../Engine/Content/Slate/Fonts/Roboto-BoldCondensedItalic.ttf' (160K)
[2026.08.24-21.18.56:862][834]LogUObjectHash: Compacting FUObjectHashTables data took   2.18ms
[2026.08.24-21.18.56:870][834]LogSavePackage: Moving '../../../../../GameProgramming/BrackeysGameJam/Brackeys-2026/BrackeysJam2026/Saved/Brackeys2026Map_Auto2E0B7A63A4A06B7B8CC54FCAE18078604.tmp' to '../../../../../GameProgramming/BrackeysGameJam/Brackeys-2026/BrackeysJam2026/Saved/Autosaves/Game/Brackeys2026/Levels/Brackeys2026Map_Auto2.umap'
[2026.08.24-21.18.56:871][834]LogFileHelpers: Editor autosave (incl. external actors) for '/Game/Brackeys2026/Levels/Brackeys2026Map' took 0.028
[2026.08.24-21.18.56:871][834]LogFileHelpers: Editor autosave (incl. sublevels & external actors) for all levels took 0.028
[2026.08.24-21.18.56:871][834]OBJ SavePackage: Generating thumbnails for [2] asset(s) in package [/Game/Brackeys2026/Objects/Phone/BP_Phone] ([2] browsable assets)...
[2026.08.24-21.18.56:893][834]OBJ SavePackage:     Rendered thumbnail for [Blueprint /Game/Brackeys2026/Objects/Phone/BP_Phone.BP_Phone]
[2026.08.24-21.18.56:893][834]OBJ SavePackage: Finished generating thumbnails for package [/Game/Brackeys2026/Objects/Phone/BP_Phone]
[2026.08.24-21.18.56:900][834]LogSavePackage: Moving '../../../../../GameProgramming/BrackeysGameJam/Brackeys-2026/BrackeysJam2026/Saved/BP_Phone_Auto2F4411EE44CC2F00DB02658B4E8B3ACF7.tmp' to '../../../../../GameProgramming/BrackeysGameJam/Brackeys-2026/BrackeysJam2026/Saved/Autosaves/Game/Brackeys2026/Objects/Phone/BP_Phone_Auto2.uasset'
[2026.08.24-21.18.56:901][834]LogFileHelpers: Auto-saving content packages took 0.030
[2026.08.24-21.27.36:226][721]LogEditorTransaction: Undo Add Node
[2026.08.24-21.30.25:833][426]LogSavePackage: Moving '../../../../../GameProgramming/BrackeysGameJam/Brackeys-2026/BrackeysJam2026/Saved/BP_PhoneBAE641614966E821426C4DB5E4A38A7F.tmp' to '../../../../../GameProgramming/BrackeysGameJam/Brackeys-2026/BrackeysJam2026/Content/Brackeys2026/Objects/Phone/BP_Phone.uasset'
[2026.08.24-21.30.25:861][426]AssetCheck: New page: Asset Save: BP_Phone
[2026.08.24-21.30.25:861][426]LogContentValidation: Display: Validating Blueprint /Game/Brackeys2026/Objects/Phone/BP_Phone.BP_Phone
[2026.08.24-21.30.27:357][536]LogTemp: Repeating last play command: Selected Viewport
[2026.08.24-21.30.27:362][536]BlueprintLog: New page: Pre-Play auto-recompile
[2026.08.24-21.30.27:375][536]LogPlayLevel: [PlayLevel] Compiling BP_Phone before play...
[2026.08.24-21.30.27:426][536]LogUObjectHash: Compacting FUObjectHashTables data took   2.29ms
[2026.08.24-21.30.27:428][536]LogPlayLevel: PlayLevel: Blueprint regeneration took 65 ms (1 blueprints)
[2026.08.24-21.30.27:428][536]PIE: New page: PIE session: Brackeys2026Map (24 ago. 2026 15:30:27)
[2026.08.24-21.30.27:428][536]LogPlayLevel: Creating play world package: /Game/Brackeys2026/Levels/UEDPIE_0_Brackeys2026Map
[2026.08.24-21.30.27:430][536]LogPlayLevel: PIE: StaticDuplicateObject took: (0.002170s)
[2026.08.24-21.30.27:430][536]LogAIModule: Creating AISystem for world Brackeys2026Map
[2026.08.24-21.30.27:431][536]LogPlayLevel: PIE: World Init took: (0.000943s)
[2026.08.24-21.30.27:431][536]LogPlayLevel: PIE: Created PIE world by copying editor world from /Game/Brackeys2026/Levels/Brackeys2026Map.Brackeys2026Map to /Game/Brackeys2026/Levels/UEDPIE_0_Brackeys2026Map.Brackeys2026Map (0.003218s)
[2026.08.24-21.30.27:448][536]LogUObjectHash: Compacting FUObjectHashTables data took   1.45ms
[2026.08.24-21.30.27:448][536]LogAudio: Display: Creating Audio Device:                 Id: 8, Scope: Unique, Realtime: True
[2026.08.24-21.30.27:448][536]LogAudioMixer: Display: Audio Mixer Platform Settings:
[2026.08.24-21.30.27:448][536]LogAudioMixer: Display: 	Sample Rate:						  48000
[2026.08.24-21.30.27:448][536]LogAudioMixer: Display: 	Callback Buffer Frame Size Requested: 1024
[2026.08.24-21.30.27:448][536]LogAudioMixer: Display: 	Callback Buffer Frame Size To Use:	  1024
[2026.08.24-21.30.27:448][536]LogAudioMixer: Display: 	Number of buffers to queue:			  2
[2026.08.24-21.30.27:449][536]LogAudioMixer: Display: 	Max Channels (voices):				  32
[2026.08.24-21.30.27:449][536]LogAudioMixer: Display: 	Number of Async Source Workers:		  0
[2026.08.24-21.30.27:449][536]LogAudio: Display: AudioDevice MaxSources: 32
[2026.08.24-21.30.27:449][536]LogAudio: Display: Audio Spatialization Plugin: None (built-in).
[2026.08.24-21.30.27:449][536]LogAudio: Display: Audio Reverb Plugin: None (built-in).
[2026.08.24-21.30.27:449][536]LogAudio: Display: Audio Occlusion Plugin: None (built-in).
[2026.08.24-21.30.27:449][536]LogAudioMixer: Display: Initializing audio mixer.
[2026.08.24-21.30.27:453][536]LogAudioMixer: Display: 0: FrontLeft
[2026.08.24-21.30.27:453][536]LogAudioMixer: Display: 1: FrontRight
[2026.08.24-21.30.27:472][536]LogAudioMixer: Display: Using Audio Device Altavoces (Realtek(R) Audio)
[2026.08.24-21.30.27:472][536]LogAudioMixer: Display: Initializing Sound Submixes...
[2026.08.24-21.30.27:472][536]LogAudioMixer: Display: Creating Master Submix 'MasterSubmixDefault'
[2026.08.24-21.30.27:472][536]LogAudioMixer: Display: Creating Master Submix 'MasterReverbSubmixDefault'
[2026.08.24-21.30.27:472][536]LogAudioMixer: Display: Creating Master Submix 'MasterEQSubmixDefault'
[2026.08.24-21.30.27:472][536]LogAudioMixer: FMixerPlatformXAudio2::StartAudioStream() called
[2026.08.24-21.30.27:472][536]LogAudioMixer: Display: Output buffers initialized: Frames=1024, Channels=2, Samples=2048
[2026.08.24-21.30.27:473][536]LogAudioMixer: Display: Starting AudioMixerPlatformInterface::RunInternal()
[2026.08.24-21.30.27:473][536]LogAudioMixer: Display: FMixerPlatformXAudio2::SubmitBuffer() called for the first time
[2026.08.24-21.30.27:473][536]LogInit: FAudioDevice initialized.
[2026.08.24-21.30.27:473][536]LogAudio: Display: Audio Device (ID: 8) registered with world 'Brackeys2026Map'.
[2026.08.24-21.30.27:488][536]LogLoad: Game class is 'BrackeysGameMode_C'
[2026.08.24-21.30.27:489][536]LogWorld: Bringing World /Game/Brackeys2026/Levels/UEDPIE_0_Brackeys2026Map.Brackeys2026Map up for play (max tick rate 0) at 2026.08.24-18.30.27
[2026.08.24-21.30.27:489][536]LogWorld: Bringing up level for play took: 0.000588
[2026.08.24-21.30.27:489][536]LogOnline: OSS: Creating online subsystem instance for: :Context_11
[2026.08.24-21.30.27:493][536]PIE: Server logged in
[2026.08.24-21.30.27:493][536]PIE: Play in editor total start time 0.133 seconds.
[2026.08.24-21.30.34:604][ 44]LogBlueprintUserMessages: [BP_Phone_2] Hello
[2026.08.24-21.30.37:802][317]LogBlueprintUserMessages: [BP_Phone_2] Hello
[2026.08.24-21.30.38:326][363]LogBlueprintUserMessages: [BP_Phone_2] Hello
[2026.08.24-21.30.38:624][389]LogBlueprintUserMessages: [BP_Phone_2] Hello
[2026.08.24-21.30.38:847][409]LogBlueprintUserMessages: [BP_Phone_2] Hello
[2026.08.24-21.30.39:029][425]LogBlueprintUserMessages: [BP_Phone_2] Hello
[2026.08.24-21.30.39:209][441]LogBlueprintUserMessages: [BP_Phone_2] Hello
[2026.08.24-21.30.39:394][457]LogBlueprintUserMessages: [BP_Phone_2] Hello
[2026.08.24-21.30.39:577][473]LogBlueprintUserMessages: [BP_Phone_2] Hello
[2026.08.24-21.30.39:759][489]LogBlueprintUserMessages: [BP_Phone_2] Hello
[2026.08.24-21.30.39:927][504]LogBlueprintUserMessages: [BP_Phone_2] Hello
[2026.08.24-21.30.40:121][521]LogBlueprintUserMessages: [BP_Phone_2] Hello
[2026.08.24-21.30.42:113][695]LogSlate: Updating window title bar state: overlay mode, drag disabled, window buttons hidden, title bar hidden
[2026.08.24-21.30.42:113][695]LogWorld: BeginTearingDown for /Game/Brackeys2026/Levels/UEDPIE_0_Brackeys2026Map
[2026.08.24-21.30.42:113][695]LogWorld: UWorld::CleanupWorld for Brackeys2026Map, bSessionEnded=true, bCleanupResources=true
[2026.08.24-21.30.42:113][695]LogSlate: InvalidateAllWidgets triggered.  All widgets were invalidated
[2026.08.24-21.30.42:124][695]LogPlayLevel: Display: Shutting down PIE online subsystems
[2026.08.24-21.30.42:132][695]LogSlate: InvalidateAllWidgets triggered.  All widgets were invalidated
[2026.08.24-21.30.42:147][695]LogSlate: Updating window title bar state: overlay mode, drag disabled, window buttons hidden, title bar hidden
[2026.08.24-21.30.42:147][695]LogAudioMixer: FMixerPlatformXAudio2::StopAudioStream() called
[2026.08.24-21.30.42:148][695]LogAudioMixer: FMixerPlatformXAudio2::StopAudioStream() called
[2026.08.24-21.30.42:152][695]LogUObjectHash: Compacting FUObjectHashTables data took   1.50ms
[2026.08.24-21.30.42:185][696]LogPlayLevel: Display: Destroying online subsystem :Context_11
[2026.08.24-21.31.10:257][656]LogUObjectHash: Compacting FUObjectHashTables data took   1.46ms
[2026.08.24-21.31.10:266][656]LogSavePackage: Moving '../../../../../GameProgramming/BrackeysGameJam/Brackeys-2026/BrackeysJam2026/Saved/Brackeys2026Map_Auto3EFF19F574C673176D64A689B3A35D96C.tmp' to '../../../../../GameProgramming/BrackeysGameJam/Brackeys-2026/BrackeysJam2026/Saved/Autosaves/Game/Brackeys2026/Levels/Brackeys2026Map_Auto3.umap'
[2026.08.24-21.31.10:267][656]LogFileHelpers: Editor autosave (incl. external actors) for '/Game/Brackeys2026/Levels/Brackeys2026Map' took 0.029
[2026.08.24-21.31.10:267][656]LogFileHelpers: Editor autosave (incl. sublevels & external actors) for all levels took 0.029
[2026.08.24-21.31.10:269][656]OBJ SavePackage: Generating thumbnails for [2] asset(s) in package [/Game/Brackeys2026/Objects/CoinGun/BP_Revolver] ([2] browsable assets)...
[2026.08.24-21.31.10:285][656]OBJ SavePackage:     Rendered thumbnail for [Blueprint /Game/Brackeys2026/Objects/CoinGun/BP_Revolver.BP_Revolver]
[2026.08.24-21.31.10:285][656]OBJ SavePackage: Finished generating thumbnails for package [/Game/Brackeys2026/Objects/CoinGun/BP_Revolver]
[2026.08.24-21.31.10:319][656]LogSavePackage: Moving '../../../../../GameProgramming/BrackeysGameJam/Brackeys-2026/BrackeysJam2026/Saved/BP_Revolver_Auto33422B83042AA4FA2714B88BD760BD7B7.tmp' to '../../../../../GameProgramming/BrackeysGameJam/Brackeys-2026/BrackeysJam2026/Saved/Autosaves/Game/Brackeys2026/Objects/CoinGun/BP_Revolver_Auto3.uasset'
[2026.08.24-21.31.10:319][656]LogFileHelpers: Auto-saving content packages took 0.052
[2026.08.24-21.38.17:533][ 10]LogEditorTransaction: Undo Create Reroute Node
[2026.08.24-21.38.18:052][ 26]LogEditorTransaction: Undo Create Pin Link
[2026.08.24-21.41.21:902][ 77]LogUObjectHash: Compacting FUObjectHashTables data took   2.45ms
[2026.08.24-21.41.21:911][ 77]LogSavePackage: Moving '../../../../../GameProgramming/BrackeysGameJam/Brackeys-2026/BrackeysJam2026/Saved/Brackeys2026Map_Auto40A679D56470A6C34D48122A8132BBC3B.tmp' to '../../../../../GameProgramming/BrackeysGameJam/Brackeys-2026/BrackeysJam2026/Saved/Autosaves/Game/Brackeys2026/Levels/Brackeys2026Map_Auto4.umap'
[2026.08.24-21.41.21:912][ 77]LogFileHelpers: Editor autosave (incl. external actors) for '/Game/Brackeys2026/Levels/Brackeys2026Map' took 0.030
[2026.08.24-21.41.21:912][ 77]LogFileHelpers: Editor autosave (incl. sublevels & external actors) for all levels took 0.030
[2026.08.24-21.41.21:913][ 77]OBJ SavePackage: Generating thumbnails for [2] asset(s) in package [/Game/Brackeys2026/Objects/Phone/BP_Phone] ([4] browsable assets)...
[2026.08.24-21.41.21:931][ 77]OBJ SavePackage:     Rendered thumbnail for [Blueprint /Game/Brackeys2026/Objects/Phone/BP_Phone.BP_Phone]
[2026.08.24-21.41.21:941][ 77]OBJ SavePackage:     Rendered thumbnail for [Blueprint /Game/Brackeys2026/Objects/Phone/BP_Phone.BP_Phone]
[2026.08.24-21.41.21:942][ 77]OBJ SavePackage: Finished generating thumbnails for package [/Game/Brackeys2026/Objects/Phone/BP_Phone]
[2026.08.24-21.41.21:951][ 77]LogSavePackage: Moving '../../../../../GameProgramming/BrackeysGameJam/Brackeys-2026/BrackeysJam2026/Saved/BP_Phone_Auto43FBA463F41CF76454587269984FCBC56.tmp' to '../../../../../GameProgramming/BrackeysGameJam/Brackeys-2026/BrackeysJam2026/Saved/Autosaves/Game/Brackeys2026/Objects/Phone/BP_Phone_Auto4.uasset'
[2026.08.24-21.41.21:951][ 77]LogFileHelpers: Auto-saving content packages took 0.038
[2026.08.24-21.46.09:772][781]LogEditorTransaction: Undo Add Node
[2026.08.24-21.50.16:040][699]LogSavePackage: Moving '../../../../../GameProgramming/BrackeysGameJam/Brackeys-2026/BrackeysJam2026/Saved/BP_Phone841EA1C047AEABC83933BBA7883C1941.tmp' to '../../../../../GameProgramming/BrackeysGameJam/Brackeys-2026/BrackeysJam2026/Content/Brackeys2026/Objects/Phone/BP_Phone.uasset'
[2026.08.24-21.50.16:068][699]AssetCheck: New page: Asset Save: BP_Phone
[2026.08.24-21.50.16:068][699]LogContentValidation: Display: Validating Blueprint /Game/Brackeys2026/Objects/Phone/BP_Phone.BP_Phone
[2026.08.24-21.52.41:999][529]LogSavePackage: Moving '../../../../../GameProgramming/BrackeysGameJam/Brackeys-2026/BrackeysJam2026/Saved/BP_PhoneF2E068634A06B877698BE4AC20062835.tmp' to '../../../../../GameProgramming/BrackeysGameJam/Brackeys-2026/BrackeysJam2026/Content/Brackeys2026/Objects/Phone/BP_Phone.uasset'
[2026.08.24-21.52.42:022][529]AssetCheck: New page: Asset Save: BP_Phone
[2026.08.24-21.52.42:022][529]LogContentValidation: Display: Validating Blueprint /Game/Brackeys2026/Objects/Phone/BP_Phone.BP_Phone
[2026.08.24-21.52.45:658][737]LogSavePackage: Moving '../../../../../GameProgramming/BrackeysGameJam/Brackeys-2026/BrackeysJam2026/Saved/BP_Revolver02F90EDC463A679F260CB7A2FB2B0E8C.tmp' to '../../../../../GameProgramming/BrackeysGameJam/Brackeys-2026/BrackeysJam2026/Content/Brackeys2026/Objects/CoinGun/BP_Revolver.uasset'
[2026.08.24-21.52.45:672][737]AssetCheck: New page: Asset Save: BP_Revolver
[2026.08.24-21.52.45:672][737]LogContentValidation: Display: Validating Blueprint /Game/Brackeys2026/Objects/CoinGun/BP_Revolver.BP_Revolver
[2026.08.24-21.54.06:552][645]LogEditorClassViewer: Warning: Class /Engine/Tutorial/InWorldBlueprintEditing/TutorialAssets/IWBE_Blutility.IWBE_Blutility_C has parent /Script/Blutility.PlacedEditorUtilityBase, but this parent is not found. The Class will not be shown in ClassViewer.
[2026.08.24-21.54.41:179][666]LogSelectionDetails: Warning: NavigateToFunctionSource:  Unable to find symbols for 'UGameplayStatics::GetActorOfClass' [The specified module could not be found.]
[2026.08.24-21.55.22:333][117]LogEditorTransaction: Undo Add Node
[2026.08.24-21.56.18:387][153]LogEditorTransaction: Undo Add Node
[2026.08.24-22.01.16:195][425]LogUObjectHash: Compacting FUObjectHashTables data took   2.22ms
[2026.08.24-22.01.16:205][425]LogSavePackage: Moving '../../../../../GameProgramming/BrackeysGameJam/Brackeys-2026/BrackeysJam2026/Saved/Brackeys2026Map_Auto5FEE718F449562ADC476BDBB4836820EC.tmp' to '../../../../../GameProgramming/BrackeysGameJam/Brackeys-2026/BrackeysJam2026/Saved/Autosaves/Game/Brackeys2026/Levels/Brackeys2026Map_Auto5.umap'
[2026.08.24-22.01.16:206][425]LogFileHelpers: Editor autosave (incl. external actors) for '/Game/Brackeys2026/Levels/Brackeys2026Map' took 0.034
[2026.08.24-22.01.16:206][425]LogFileHelpers: Editor autosave (incl. sublevels & external actors) for all levels took 0.034
[2026.08.24-22.01.16:207][425]OBJ SavePackage: Generating thumbnails for [2] asset(s) in package [/Game/Brackeys2026/Objects/Phone/BP_Phone] ([4] browsable assets)...
[2026.08.24-22.01.16:221][425]OBJ SavePackage:     Rendered thumbnail for [Blueprint /Game/Brackeys2026/Objects/Phone/BP_Phone.BP_Phone]
[2026.08.24-22.01.16:234][425]OBJ SavePackage:     Rendered thumbnail for [Blueprint /Game/Brackeys2026/Objects/Phone/BP_Phone.BP_Phone]
[2026.08.24-22.01.16:234][425]OBJ SavePackage: Finished generating thumbnails for package [/Game/Brackeys2026/Objects/Phone/BP_Phone]
[2026.08.24-22.01.16:247][425]LogSavePackage: Moving '../../../../../GameProgramming/BrackeysGameJam/Brackeys-2026/BrackeysJam2026/Saved/BP_Phone_Auto511B272294076BC52810C3091AA993AD4.tmp' to '../../../../../GameProgramming/BrackeysGameJam/Brackeys-2026/BrackeysJam2026/Saved/Autosaves/Game/Brackeys2026/Objects/Phone/BP_Phone_Auto5.uasset'
[2026.08.24-22.01.16:247][425]LogFileHelpers: Auto-saving content packages took 0.041
[2026.08.24-22.02.44:236][836]LogSavePackage: Moving '../../../../../GameProgramming/BrackeysGameJam/Brackeys-2026/BrackeysJam2026/Saved/BP_Phone5D9B827B405DDA3CBB12F4A0A8449089.tmp' to '../../../../../GameProgramming/BrackeysGameJam/Brackeys-2026/BrackeysJam2026/Content/Brackeys2026/Objects/Phone/BP_Phone.uasset'
[2026.08.24-22.02.44:266][836]AssetCheck: New page: Asset Save: BP_Phone
[2026.08.24-22.02.44:266][836]LogContentValidation: Display: Validating Blueprint /Game/Brackeys2026/Objects/Phone/BP_Phone.BP_Phone
[2026.08.24-22.02.46:670][  9]LogTemp: Repeating last play command: Selected Viewport
[2026.08.24-22.02.46:675][  9]BlueprintLog: New page: Pre-Play auto-recompile
[2026.08.24-22.02.46:688][  9]LogPlayLevel: [PlayLevel] Compiling BP_Phone before play...
[2026.08.24-22.02.46:742][  9]LogUObjectHash: Compacting FUObjectHashTables data took   2.04ms
[2026.08.24-22.02.46:744][  9]LogPlayLevel: PlayLevel: Blueprint regeneration took 70 ms (1 blueprints)
[2026.08.24-22.02.46:745][  9]PIE: New page: PIE session: Brackeys2026Map (24 ago. 2026 16:02:46)
[2026.08.24-22.02.46:745][  9]LogPlayLevel: Creating play world package: /Game/Brackeys2026/Levels/UEDPIE_0_Brackeys2026Map
[2026.08.24-22.02.46:746][  9]LogPlayLevel: PIE: StaticDuplicateObject took: (0.002136s)
[2026.08.24-22.02.46:748][  9]LogAIModule: Creating AISystem for world Brackeys2026Map
[2026.08.24-22.02.46:748][  9]LogPlayLevel: PIE: World Init took: (0.000954s)
[2026.08.24-22.02.46:748][  9]LogPlayLevel: PIE: Created PIE world by copying editor world from /Game/Brackeys2026/Levels/Brackeys2026Map.Brackeys2026Map to /Game/Brackeys2026/Levels/UEDPIE_0_Brackeys2026Map.Brackeys2026Map (0.003212s)
[2026.08.24-22.02.46:765][  9]LogUObjectHash: Compacting FUObjectHashTables data took   1.47ms
[2026.08.24-22.02.46:765][  9]LogAudio: Display: Creating Audio Device:                 Id: 9, Scope: Unique, Realtime: True
[2026.08.24-22.02.46:765][  9]LogAudioMixer: Display: Audio Mixer Platform Settings:
[2026.08.24-22.02.46:765][  9]LogAudioMixer: Display: 	Sample Rate:						  48000
[2026.08.24-22.02.46:765][  9]LogAudioMixer: Display: 	Callback Buffer Frame Size Requested: 1024
[2026.08.24-22.02.46:765][  9]LogAudioMixer: Display: 	Callback Buffer Frame Size To Use:	  1024
[2026.08.24-22.02.46:765][  9]LogAudioMixer: Display: 	Number of buffers to queue:			  2
[2026.08.24-22.02.46:765][  9]LogAudioMixer: Display: 	Max Channels (voices):				  32
[2026.08.24-22.02.46:765][  9]LogAudioMixer: Display: 	Number of Async Source Workers:		  0
[2026.08.24-22.02.46:765][  9]LogAudio: Display: AudioDevice MaxSources: 32
[2026.08.24-22.02.46:766][  9]LogAudio: Display: Audio Spatialization Plugin: None (built-in).
[2026.08.24-22.02.46:766][  9]LogAudio: Display: Audio Reverb Plugin: None (built-in).
[2026.08.24-22.02.46:766][  9]LogAudio: Display: Audio Occlusion Plugin: None (built-in).
[2026.08.24-22.02.46:766][  9]LogAudioMixer: Display: Initializing audio mixer.
[2026.08.24-22.02.46:770][  9]LogAudioMixer: Display: 0: FrontLeft
[2026.08.24-22.02.46:771][  9]LogAudioMixer: Display: 1: FrontRight
[2026.08.24-22.02.46:787][  9]LogAudioMixer: Display: Using Audio Device Altavoces (Realtek(R) Audio)
[2026.08.24-22.02.46:787][  9]LogAudioMixer: Display: Initializing Sound Submixes...
[2026.08.24-22.02.46:787][  9]LogAudioMixer: Display: Creating Master Submix 'MasterSubmixDefault'
[2026.08.24-22.02.46:787][  9]LogAudioMixer: Display: Creating Master Submix 'MasterReverbSubmixDefault'
[2026.08.24-22.02.46:788][  9]LogAudioMixer: Display: Creating Master Submix 'MasterEQSubmixDefault'
[2026.08.24-22.02.46:788][  9]LogAudioMixer: FMixerPlatformXAudio2::StartAudioStream() called
[2026.08.24-22.02.46:788][  9]LogAudioMixer: Display: Output buffers initialized: Frames=1024, Channels=2, Samples=2048
[2026.08.24-22.02.46:789][  9]LogAudioMixer: Display: Starting AudioMixerPlatformInterface::RunInternal()
[2026.08.24-22.02.46:789][  9]LogAudioMixer: Display: FMixerPlatformXAudio2::SubmitBuffer() called for the first time
[2026.08.24-22.02.46:789][  9]LogInit: FAudioDevice initialized.
[2026.08.24-22.02.46:789][  9]LogAudio: Display: Audio Device (ID: 9) registered with world 'Brackeys2026Map'.
[2026.08.24-22.02.46:806][  9]LogLoad: Game class is 'BrackeysGameMode_C'
[2026.08.24-22.02.46:807][  9]LogWorld: Bringing World /Game/Brackeys2026/Levels/UEDPIE_0_Brackeys2026Map.Brackeys2026Map up for play (max tick rate 0) at 2026.08.24-19.02.46
[2026.08.24-22.02.46:807][  9]LogWorld: Bringing up level for play took: 0.000636
[2026.08.24-22.02.46:807][  9]LogOnline: OSS: Creating online subsystem instance for: :Context_12
[2026.08.24-22.02.46:809][  9]PIE: Server logged in
[2026.08.24-22.02.46:811][  9]PIE: Play in editor total start time 0.137 seconds.
[2026.08.24-22.02.56:221][725]LogBlueprintUserMessages: [BP_Phone_2] Hello
[2026.08.24-22.02.58:330][911]LogBlueprintUserMessages: [BP_Phone_2] Hello
[2026.08.24-22.02.58:738][947]LogBlueprintUserMessages: [BP_Phone_2] Hello
[2026.08.24-22.02.59:023][972]LogBlueprintUserMessages: [BP_Phone_2] Hello
[2026.08.24-22.02.59:221][989]LogBlueprintUserMessages: [BP_Phone_2] Hello
[2026.08.24-22.02.59:423][  7]LogBlueprintUserMessages: [BP_Phone_2] Hello
[2026.08.24-22.02.59:615][ 24]LogBlueprintUserMessages: [BP_Phone_2] Hello
[2026.08.24-22.02.59:815][ 41]LogBlueprintUserMessages: [BP_Phone_2] Hello
[2026.08.24-22.03.00:016][ 59]LogBlueprintUserMessages: [BP_Phone_2] Hello
[2026.08.24-22.03.00:207][ 76]LogBlueprintUserMessages: [BP_Phone_2] Hello
[2026.08.24-22.03.00:392][ 92]LogBlueprintUserMessages: [BP_Phone_2] Hello
[2026.08.24-22.03.02:173][238]LogSlate: Updating window title bar state: overlay mode, drag disabled, window buttons hidden, title bar hidden
[2026.08.24-22.03.02:173][238]LogWorld: BeginTearingDown for /Game/Brackeys2026/Levels/UEDPIE_0_Brackeys2026Map
[2026.08.24-22.03.02:173][238]LogWorld: UWorld::CleanupWorld for Brackeys2026Map, bSessionEnded=true, bCleanupResources=true
[2026.08.24-22.03.02:173][238]LogSlate: InvalidateAllWidgets triggered.  All widgets were invalidated
[2026.08.24-22.03.02:190][238]LogPlayLevel: Display: Shutting down PIE online subsystems
[2026.08.24-22.03.02:197][238]LogSlate: InvalidateAllWidgets triggered.  All widgets were invalidated
[2026.08.24-22.03.02:214][238]LogSlate: Updating window title bar state: overlay mode, drag disabled, window buttons hidden, title bar hidden
[2026.08.24-22.03.02:214][238]LogAudioMixer: FMixerPlatformXAudio2::StopAudioStream() called
[2026.08.24-22.03.02:215][238]LogAudioMixer: FMixerPlatformXAudio2::StopAudioStream() called
[2026.08.24-22.03.02:220][238]LogUObjectHash: Compacting FUObjectHashTables data took   1.54ms
[2026.08.24-22.03.02:258][239]LogPlayLevel: Display: Destroying online subsystem :Context_12
[2026.08.24-22.04.15:890][163]LogSavePackage: Moving '../../../../../GameProgramming/BrackeysGameJam/Brackeys-2026/BrackeysJam2026/Saved/BP_Phone2ACE603A4E81214831601082A9728381.tmp' to '../../../../../GameProgramming/BrackeysGameJam/Brackeys-2026/BrackeysJam2026/Content/Brackeys2026/Objects/Phone/BP_Phone.uasset'
[2026.08.24-22.04.15:913][163]AssetCheck: New page: Asset Save: BP_Phone
[2026.08.24-22.04.15:913][163]LogContentValidation: Display: Validating Blueprint /Game/Brackeys2026/Objects/Phone/BP_Phone.BP_Phone
[2026.08.24-22.04.16:611][214]LogTemp: Repeating last play command: Selected Viewport
[2026.08.24-22.04.16:615][214]BlueprintLog: New page: Pre-Play auto-recompile
[2026.08.24-22.04.16:617][214]LogPlayLevel: [PlayLevel] Compiling BP_Phone before play...
[2026.08.24-22.04.16:671][214]LogUObjectHash: Compacting FUObjectHashTables data took   2.01ms
[2026.08.24-22.04.16:674][214]LogPlayLevel: PlayLevel: Blueprint regeneration took 58 ms (1 blueprints)
[2026.08.24-22.04.16:674][214]PIE: New page: PIE session: Brackeys2026Map (24 ago. 2026 16:04:16)
[2026.08.24-22.04.16:675][214]LogPlayLevel: Creating play world package: /Game/Brackeys2026/Levels/UEDPIE_0_Brackeys2026Map
[2026.08.24-22.04.16:677][214]LogPlayLevel: PIE: StaticDuplicateObject took: (0.002059s)
[2026.08.24-22.04.16:677][214]LogAIModule: Creating AISystem for world Brackeys2026Map
[2026.08.24-22.04.16:678][214]LogPlayLevel: PIE: World Init took: (0.000965s)
[2026.08.24-22.04.16:678][214]LogPlayLevel: PIE: Created PIE world by copying editor world from /Game/Brackeys2026/Levels/Brackeys2026Map.Brackeys2026Map to /Game/Brackeys2026/Levels/UEDPIE_0_Brackeys2026Map.Brackeys2026Map (0.003137s)
[2026.08.24-22.04.16:693][214]LogUObjectHash: Compacting FUObjectHashTables data took   1.42ms
[2026.08.24-22.04.16:694][214]LogAudio: Display: Creating Audio Device:                 Id: 10, Scope: Unique, Realtime: True
[2026.08.24-22.04.16:694][214]LogAudioMixer: Display: Audio Mixer Platform Settings:
[2026.08.24-22.04.16:694][214]LogAudioMixer: Display: 	Sample Rate:						  48000
[2026.08.24-22.04.16:694][214]LogAudioMixer: Display: 	Callback Buffer Frame Size Requested: 1024
[2026.08.24-22.04.16:694][214]LogAudioMixer: Display: 	Callback Buffer Frame Size To Use:	  1024
[2026.08.24-22.04.16:694][214]LogAudioMixer: Display: 	Number of buffers to queue:			  2
[2026.08.24-22.04.16:694][214]LogAudioMixer: Display: 	Max Channels (voices):				  32
[2026.08.24-22.04.16:694][214]LogAudioMixer: Display: 	Number of Async Source Workers:		  0
[2026.08.24-22.04.16:694][214]LogAudio: Display: AudioDevice MaxSources: 32
[2026.08.24-22.04.16:694][214]LogAudio: Display: Audio Spatialization Plugin: None (built-in).
[2026.08.24-22.04.16:694][214]LogAudio: Display: Audio Reverb Plugin: None (built-in).
[2026.08.24-22.04.16:694][214]LogAudio: Display: Audio Occlusion Plugin: None (built-in).
[2026.08.24-22.04.16:694][214]LogAudioMixer: Display: Initializing audio mixer.
[2026.08.24-22.04.16:699][214]LogAudioMixer: Display: 0: FrontLeft
[2026.08.24-22.04.16:699][214]LogAudioMixer: Display: 1: FrontRight
[2026.08.24-22.04.16:714][214]LogAudioMixer: Display: Using Audio Device Altavoces (Realtek(R) Audio)
[2026.08.24-22.04.16:714][214]LogAudioMixer: Display: Initializing Sound Submixes...
[2026.08.24-22.04.16:714][214]LogAudioMixer: Display: Creating Master Submix 'MasterSubmixDefault'
[2026.08.24-22.04.16:714][214]LogAudioMixer: Display: Creating Master Submix 'MasterReverbSubmixDefault'
[2026.08.24-22.04.16:715][214]LogAudioMixer: Display: Creating Master Submix 'MasterEQSubmixDefault'
[2026.08.24-22.04.16:715][214]LogAudioMixer: FMixerPlatformXAudio2::StartAudioStream() called
[2026.08.24-22.04.16:715][214]LogAudioMixer: Display: Output buffers initialized: Frames=1024, Channels=2, Samples=2048
[2026.08.24-22.04.16:715][214]LogAudioMixer: Display: Starting AudioMixerPlatformInterface::RunInternal()
[2026.08.24-22.04.16:715][214]LogAudioMixer: Display: FMixerPlatformXAudio2::SubmitBuffer() called for the first time
[2026.08.24-22.04.16:715][214]LogInit: FAudioDevice initialized.
[2026.08.24-22.04.16:715][214]LogAudio: Display: Audio Device (ID: 10) registered with world 'Brackeys2026Map'.
[2026.08.24-22.04.16:729][214]LogLoad: Game class is 'BrackeysGameMode_C'
[2026.08.24-22.04.16:731][214]LogWorld: Bringing World /Game/Brackeys2026/Levels/UEDPIE_0_Brackeys2026Map.Brackeys2026Map up for play (max tick rate 0) at 2026.08.24-19.04.16
[2026.08.24-22.04.16:731][214]LogWorld: Bringing up level for play took: 0.000683
[2026.08.24-22.04.16:731][214]LogOnline: OSS: Creating online subsystem instance for: :Context_13
[2026.08.24-22.04.16:734][214]PIE: Server logged in
[2026.08.24-22.04.16:734][214]PIE: Play in editor total start time 0.12 seconds.
[2026.08.24-22.04.27:173][862]LogBlueprintUserMessages: [BP_Phone_2] Answer: Smell Hint
[2026.08.24-22.04.38:112][794]LogSlate: Updating window title bar state: overlay mode, drag disabled, window buttons hidden, title bar hidden
[2026.08.24-22.04.38:112][794]LogWorld: BeginTearingDown for /Game/Brackeys2026/Levels/UEDPIE_0_Brackeys2026Map
[2026.08.24-22.04.38:112][794]LogWorld: UWorld::CleanupWorld for Brackeys2026Map, bSessionEnded=true, bCleanupResources=true
[2026.08.24-22.04.38:112][794]LogSlate: InvalidateAllWidgets triggered.  All widgets were invalidated
[2026.08.24-22.04.38:129][794]LogPlayLevel: Display: Shutting down PIE online subsystems
[2026.08.24-22.04.38:136][794]LogSlate: InvalidateAllWidgets triggered.  All widgets were invalidated
[2026.08.24-22.04.38:152][794]LogSlate: Updating window title bar state: overlay mode, drag disabled, window buttons hidden, title bar hidden
[2026.08.24-22.04.38:152][794]LogAudioMixer: FMixerPlatformXAudio2::StopAudioStream() called
[2026.08.24-22.04.38:153][794]LogAudioMixer: FMixerPlatformXAudio2::StopAudioStream() called
[2026.08.24-22.04.38:158][794]LogUObjectHash: Compacting FUObjectHashTables data took   1.38ms
[2026.08.24-22.04.38:196][795]LogPlayLevel: Display: Destroying online subsystem :Context_13
[2026.08.24-22.04.39:747][901]LogTemp: Repeating last play command: Selected Viewport
[2026.08.24-22.04.39:751][901]LogPlayLevel: PlayLevel: No blueprints needed recompiling
[2026.08.24-22.04.39:751][901]PIE: New page: PIE session: Brackeys2026Map (24 ago. 2026 16:04:39)
[2026.08.24-22.04.39:751][901]LogPlayLevel: Creating play world package: /Game/Brackeys2026/Levels/UEDPIE_0_Brackeys2026Map
[2026.08.24-22.04.39:754][901]LogPlayLevel: PIE: StaticDuplicateObject took: (0.002443s)
[2026.08.24-22.04.39:754][901]LogAIModule: Creating AISystem for world Brackeys2026Map
[2026.08.24-22.04.39:755][901]LogPlayLevel: PIE: World Init took: (0.001181s)
[2026.08.24-22.04.39:755][901]LogPlayLevel: PIE: Created PIE world by copying editor world from /Game/Brackeys2026/Levels/Brackeys2026Map.Brackeys2026Map to /Game/Brackeys2026/Levels/UEDPIE_0_Brackeys2026Map.Brackeys2026Map (0.003760s)
[2026.08.24-22.04.39:775][901]LogUObjectHash: Compacting FUObjectHashTables data took   1.43ms
[2026.08.24-22.04.39:776][901]LogAudio: Display: Creating Audio Device:                 Id: 11, Scope: Unique, Realtime: True
[2026.08.24-22.04.39:776][901]LogAudioMixer: Display: Audio Mixer Platform Settings:
[2026.08.24-22.04.39:776][901]LogAudioMixer: Display: 	Sample Rate:						  48000
[2026.08.24-22.04.39:776][901]LogAudioMixer: Display: 	Callback Buffer Frame Size Requested: 1024
[2026.08.24-22.04.39:776][901]LogAudioMixer: Display: 	Callback Buffer Frame Size To Use:	  1024
[2026.08.24-22.04.39:776][901]LogAudioMixer: Display: 	Number of buffers to queue:			  2
[2026.08.24-22.04.39:776][901]LogAudioMixer: Display: 	Max Channels (voices):				  32
[2026.08.24-22.04.39:776][901]LogAudioMixer: Display: 	Number of Async Source Workers:		  0
[2026.08.24-22.04.39:776][901]LogAudio: Display: AudioDevice MaxSources: 32
[2026.08.24-22.04.39:777][901]LogAudio: Display: Audio Spatialization Plugin: None (built-in).
[2026.08.24-22.04.39:777][901]LogAudio: Display: Audio Reverb Plugin: None (built-in).
[2026.08.24-22.04.39:777][901]LogAudio: Display: Audio Occlusion Plugin: None (built-in).
[2026.08.24-22.04.39:777][901]LogAudioMixer: Display: Initializing audio mixer.
[2026.08.24-22.04.39:781][901]LogAudioMixer: Display: 0: FrontLeft
[2026.08.24-22.04.39:781][901]LogAudioMixer: Display: 1: FrontRight
[2026.08.24-22.04.39:796][901]LogAudioMixer: Display: Using Audio Device Altavoces (Realtek(R) Audio)
[2026.08.24-22.04.39:796][901]LogAudioMixer: Display: Initializing Sound Submixes...
[2026.08.24-22.04.39:796][901]LogAudioMixer: Display: Creating Master Submix 'MasterSubmixDefault'
[2026.08.24-22.04.39:796][901]LogAudioMixer: Display: Creating Master Submix 'MasterReverbSubmixDefault'
[2026.08.24-22.04.39:797][901]LogAudioMixer: Display: Creating Master Submix 'MasterEQSubmixDefault'
[2026.08.24-22.04.39:797][901]LogAudioMixer: FMixerPlatformXAudio2::StartAudioStream() called
[2026.08.24-22.04.39:797][901]LogAudioMixer: Display: Output buffers initialized: Frames=1024, Channels=2, Samples=2048
[2026.08.24-22.04.39:797][901]LogAudioMixer: Display: Starting AudioMixerPlatformInterface::RunInternal()
[2026.08.24-22.04.39:797][901]LogAudioMixer: Display: FMixerPlatformXAudio2::SubmitBuffer() called for the first time
[2026.08.24-22.04.39:797][901]LogInit: FAudioDevice initialized.
[2026.08.24-22.04.39:797][901]LogAudio: Display: Audio Device (ID: 11) registered with world 'Brackeys2026Map'.
[2026.08.24-22.04.39:807][901]LogLoad: Game class is 'BrackeysGameMode_C'
[2026.08.24-22.04.39:808][901]LogWorld: Bringing World /Game/Brackeys2026/Levels/UEDPIE_0_Brackeys2026Map.Brackeys2026Map up for play (max tick rate 0) at 2026.08.24-19.04.39
[2026.08.24-22.04.39:808][901]LogWorld: Bringing up level for play took: 0.000520
[2026.08.24-22.04.39:808][901]LogOnline: OSS: Creating online subsystem instance for: :Context_14
[2026.08.24-22.04.39:810][901]PIE: Server logged in
[2026.08.24-22.04.39:810][901]PIE: Play in editor total start time 0.06 seconds.
[2026.08.24-22.04.41:775][ 69]LogBlueprintUserMessages: [BP_Phone_2] Answer: Smell Hint
[2026.08.24-22.04.47:862][588]LogSlate: Updating window title bar state: overlay mode, drag disabled, window buttons hidden, title bar hidden
[2026.08.24-22.04.47:862][588]LogWorld: BeginTearingDown for /Game/Brackeys2026/Levels/UEDPIE_0_Brackeys2026Map
[2026.08.24-22.04.47:863][588]LogWorld: UWorld::CleanupWorld for Brackeys2026Map, bSessionEnded=true, bCleanupResources=true
[2026.08.24-22.04.47:863][588]LogSlate: InvalidateAllWidgets triggered.  All widgets were invalidated
[2026.08.24-22.04.47:879][588]LogPlayLevel: Display: Shutting down PIE online subsystems
[2026.08.24-22.04.47:887][588]LogSlate: InvalidateAllWidgets triggered.  All widgets were invalidated
[2026.08.24-22.04.47:903][588]LogSlate: Updating window title bar state: overlay mode, drag disabled, window buttons hidden, title bar hidden
[2026.08.24-22.04.47:903][588]LogAudioMixer: FMixerPlatformXAudio2::StopAudioStream() called
[2026.08.24-22.04.47:904][588]LogAudioMixer: FMixerPlatformXAudio2::StopAudioStream() called
[2026.08.24-22.04.47:909][588]LogUObjectHash: Compacting FUObjectHashTables data took   1.44ms
[2026.08.24-22.04.47:946][589]LogPlayLevel: Display: Destroying online subsystem :Context_14
[2026.08.24-22.05.31:815][ 66]LogEditorViewport: Clicking on Actor (LMB): StaticMeshActor (Floor)
[2026.08.24-22.05.32:039][ 66]LogUObjectHash: Compacting FUObjectHashTables data took   1.38ms
[2026.08.24-22.05.32:047][ 66]LogSavePackage: Moving '../../../../../GameProgramming/BrackeysGameJam/Brackeys-2026/BrackeysJam2026/Saved/Brackeys2026Map726E106E4989C0AB37BC28BCAC09DEBF.tmp' to '../../../../../GameProgramming/BrackeysGameJam/Brackeys-2026/BrackeysJam2026/Content/Brackeys2026/Levels/Brackeys2026Map.umap'
[2026.08.24-22.05.32:074][ 66]LogSavePackage: Moving '../../../../../GameProgramming/BrackeysGameJam/Brackeys-2026/BrackeysJam2026/Saved/Brackeys2026Map_BuiltData8E430C674AA2BD6A5347468546CC7B53.tmp' to '../../../../../GameProgramming/BrackeysGameJam/Brackeys-2026/BrackeysJam2026/Content/Brackeys2026/Levels/Brackeys2026Map_BuiltData.uasset'
[2026.08.24-22.05.32:089][ 66]AssetCheck: New page: Asset Save: multiple assets
[2026.08.24-22.05.32:089][ 66]LogContentValidation: Display: Validating MapBuildDataRegistry /Game/Brackeys2026/Levels/Brackeys2026Map_BuiltData.Brackeys2026Map_BuiltData
[2026.08.24-22.05.32:089][ 66]LogContentValidation: Display: Validating World /Game/Brackeys2026/Levels/Brackeys2026Map.Brackeys2026Map
[2026.08.24-22.10.52:872][773]LogEditorTransaction: Undo Move Node
[2026.08.24-22.10.53:761][814]LogEditorTransaction: Undo Add Node
[2026.08.24-22.10.55:788][953]LogEditorTransaction: Undo Move Node
[2026.08.24-22.10.56:465][998]LogEditorTransaction: Undo Add Node
[2026.08.24-22.15.32:199][102]LogUObjectHash: Compacting FUObjectHashTables data took   2.52ms
[2026.08.24-22.15.32:209][102]LogSavePackage: Moving '../../../../../GameProgramming/BrackeysGameJam/Brackeys-2026/BrackeysJam2026/Saved/Brackeys2026Map_Auto6256863224A8F0213471C708B1A6FCCEB.tmp' to '../../../../../GameProgramming/BrackeysGameJam/Brackeys-2026/BrackeysJam2026/Saved/Autosaves/Game/Brackeys2026/Levels/Brackeys2026Map_Auto6.umap'
[2026.08.24-22.15.32:210][102]LogFileHelpers: Editor autosave (incl. external actors) for '/Game/Brackeys2026/Levels/Brackeys2026Map' took 0.032
[2026.08.24-22.15.32:210][102]LogFileHelpers: Editor autosave (incl. sublevels & external actors) for all levels took 0.032
[2026.08.24-22.15.32:211][102]OBJ SavePackage: Generating thumbnails for [2] asset(s) in package [/Game/Brackeys2026/Objects/Phone/BP_Phone] ([4] browsable assets)...
[2026.08.24-22.15.32:227][102]OBJ SavePackage:     Rendered thumbnail for [Blueprint /Game/Brackeys2026/Objects/Phone/BP_Phone.BP_Phone]
[2026.08.24-22.15.32:238][102]OBJ SavePackage:     Rendered thumbnail for [Blueprint /Game/Brackeys2026/Objects/Phone/BP_Phone.BP_Phone]
[2026.08.24-22.15.32:238][102]OBJ SavePackage: Finished generating thumbnails for package [/Game/Brackeys2026/Objects/Phone/BP_Phone]
[2026.08.24-22.15.32:251][102]LogSavePackage: Moving '../../../../../GameProgramming/BrackeysGameJam/Brackeys-2026/BrackeysJam2026/Saved/BP_Phone_Auto6C033BC1B4DA2BAD4124D3C8B2CE62957.tmp' to '../../../../../GameProgramming/BrackeysGameJam/Brackeys-2026/BrackeysJam2026/Saved/Autosaves/Game/Brackeys2026/Objects/Phone/BP_Phone_Auto6.uasset'
[2026.08.24-22.15.32:252][102]LogFileHelpers: Auto-saving content packages took 0.042
[2026.08.24-23.35.57:744][501]LogTemp: Repeating last play command: Selected Viewport
[2026.08.24-23.35.57:749][501]BlueprintLog: New page: Pre-Play auto-recompile
[2026.08.24-23.35.57:750][501]LogPlayLevel: [PlayLevel] Compiling BP_Phone before play...
[2026.08.24-23.35.57:796][501]LogUObjectHash: Compacting FUObjectHashTables data took   2.00ms
[2026.08.24-23.35.57:799][501]LogPlayLevel: PlayLevel: Blueprint regeneration took 50 ms (1 blueprints)
[2026.08.24-23.35.57:799][501]PIE: New page: PIE session: Brackeys2026Map (24 ago. 2026 17:35:57)
[2026.08.24-23.35.57:799][501]LogPlayLevel: Creating play world package: /Game/Brackeys2026/Levels/UEDPIE_0_Brackeys2026Map
[2026.08.24-23.35.57:801][501]LogPlayLevel: PIE: StaticDuplicateObject took: (0.001906s)
[2026.08.24-23.35.57:802][501]LogAIModule: Creating AISystem for world Brackeys2026Map
[2026.08.24-23.35.57:802][501]LogPlayLevel: PIE: World Init took: (0.001089s)
[2026.08.24-23.35.57:803][501]LogPlayLevel: PIE: Created PIE world by copying editor world from /Game/Brackeys2026/Levels/Brackeys2026Map.Brackeys2026Map to /Game/Brackeys2026/Levels/UEDPIE_0_Brackeys2026Map.Brackeys2026Map (0.003099s)
[2026.08.24-23.35.57:819][501]LogUObjectHash: Compacting FUObjectHashTables data took   1.41ms
[2026.08.24-23.35.57:819][501]LogAudio: Display: Creating Audio Device:                 Id: 12, Scope: Unique, Realtime: True
[2026.08.24-23.35.57:819][501]LogAudioMixer: Display: Audio Mixer Platform Settings:
[2026.08.24-23.35.57:819][501]LogAudioMixer: Display: 	Sample Rate:						  48000
[2026.08.24-23.35.57:819][501]LogAudioMixer: Display: 	Callback Buffer Frame Size Requested: 1024
[2026.08.24-23.35.57:819][501]LogAudioMixer: Display: 	Callback Buffer Frame Size To Use:	  1024
[2026.08.24-23.35.57:819][501]LogAudioMixer: Display: 	Number of buffers to queue:			  2
[2026.08.24-23.35.57:819][501]LogAudioMixer: Display: 	Max Channels (voices):				  32
[2026.08.24-23.35.57:819][501]LogAudioMixer: Display: 	Number of Async Source Workers:		  0
[2026.08.24-23.35.57:819][501]LogAudio: Display: AudioDevice MaxSources: 32
[2026.08.24-23.35.57:820][501]LogAudio: Display: Audio Spatialization Plugin: None (built-in).
[2026.08.24-23.35.57:820][501]LogAudio: Display: Audio Reverb Plugin: None (built-in).
[2026.08.24-23.35.57:820][501]LogAudio: Display: Audio Occlusion Plugin: None (built-in).
[2026.08.24-23.35.57:820][501]LogAudioMixer: Display: Initializing audio mixer.
[2026.08.24-23.35.57:922][501]LogAudioMixer: Display: 0: FrontLeft
[2026.08.24-23.35.57:922][501]LogAudioMixer: Display: 1: FrontRight
[2026.08.24-23.35.57:938][501]LogAudioMixer: Display: Using Audio Device Altavoces (Realtek(R) Audio)
[2026.08.24-23.35.57:938][501]LogAudioMixer: Display: Initializing Sound Submixes...
[2026.08.24-23.35.57:938][501]LogAudioMixer: Display: Creating Master Submix 'MasterSubmixDefault'
[2026.08.24-23.35.57:938][501]LogAudioMixer: Display: Creating Master Submix 'MasterReverbSubmixDefault'
[2026.08.24-23.35.57:939][501]LogAudioMixer: Display: Creating Master Submix 'MasterEQSubmixDefault'
[2026.08.24-23.35.57:939][501]LogAudioMixer: FMixerPlatformXAudio2::StartAudioStream() called
[2026.08.24-23.35.57:939][501]LogAudioMixer: Display: Output buffers initialized: Frames=1024, Channels=2, Samples=2048
[2026.08.24-23.35.57:939][501]LogAudioMixer: Display: Starting AudioMixerPlatformInterface::RunInternal()
[2026.08.24-23.35.57:939][501]LogAudioMixer: Display: FMixerPlatformXAudio2::SubmitBuffer() called for the first time
[2026.08.24-23.35.57:939][501]LogInit: FAudioDevice initialized.
[2026.08.24-23.35.57:939][501]LogAudio: Display: Audio Device (ID: 12) registered with world 'Brackeys2026Map'.
[2026.08.24-23.35.57:953][501]LogLoad: Game class is 'BrackeysGameMode_C'
[2026.08.24-23.35.57:954][501]LogWorld: Bringing World /Game/Brackeys2026/Levels/UEDPIE_0_Brackeys2026Map.Brackeys2026Map up for play (max tick rate 0) at 2026.08.24-20.35.57
[2026.08.24-23.35.57:954][501]LogWorld: Bringing up level for play took: 0.000579
[2026.08.24-23.35.57:954][501]LogOnline: OSS: Creating online subsystem instance for: :Context_17
[2026.08.24-23.35.57:957][501]PIE: Server logged in
[2026.08.24-23.35.57:958][501]PIE: Play in editor total start time 0.21 seconds.
[2026.08.24-23.36.06:938][467]LogBlueprintUserMessages: [BP_Phone_2] Answer: Smell Hint
[2026.08.24-23.36.13:933][288]LogSlate: Updating window title bar state: overlay mode, drag disabled, window buttons hidden, title bar hidden
[2026.08.24-23.36.13:933][288]LogWorld: BeginTearingDown for /Game/Brackeys2026/Levels/UEDPIE_0_Brackeys2026Map
[2026.08.24-23.36.13:933][288]LogWorld: UWorld::CleanupWorld for Brackeys2026Map, bSessionEnded=true, bCleanupResources=true
[2026.08.24-23.36.13:933][288]LogSlate: InvalidateAllWidgets triggered.  All widgets were invalidated
[2026.08.24-23.36.13:947][288]LogPlayLevel: Display: Shutting down PIE online subsystems
[2026.08.24-23.36.13:959][288]LogSlate: InvalidateAllWidgets triggered.  All widgets were invalidated
[2026.08.24-23.36.13:976][288]LogSlate: Updating window title bar state: overlay mode, drag disabled, window buttons hidden, title bar hidden
[2026.08.24-23.36.13:976][288]LogAudioMixer: FMixerPlatformXAudio2::StopAudioStream() called
[2026.08.24-23.36.13:977][288]LogAudioMixer: FMixerPlatformXAudio2::StopAudioStream() called
[2026.08.24-23.36.13:981][288]LogUObjectHash: Compacting FUObjectHashTables data took   1.46ms
[2026.08.24-23.36.14:011][289]LogPlayLevel: Display: Destroying online subsystem :Context_17
[2026.08.24-23.38.19:146][ 19]LogUObjectHash: Compacting FUObjectHashTables data took   2.44ms
[2026.08.24-23.38.19:158][ 19]LogSavePackage: Moving '../../../../../GameProgramming/BrackeysGameJam/Brackeys-2026/BrackeysJam2026/Saved/Brackeys2026Map_Auto72F277A5D4846AFEA877036A6B47FC111.tmp' to '../../../../../GameProgramming/BrackeysGameJam/Brackeys-2026/BrackeysJam2026/Saved/Autosaves/Game/Brackeys2026/Levels/Brackeys2026Map_Auto7.umap'
[2026.08.24-23.38.19:159][ 19]LogFileHelpers: Editor autosave (incl. external actors) for '/Game/Brackeys2026/Levels/Brackeys2026Map' took 0.033
[2026.08.24-23.38.19:159][ 19]LogFileHelpers: Editor autosave (incl. sublevels & external actors) for all levels took 0.033
[2026.08.24-23.38.19:159][ 19]OBJ SavePackage: Generating thumbnails for [2] asset(s) in package [/Game/Brackeys2026/Objects/Phone/BP_Phone] ([4] browsable assets)...
[2026.08.24-23.38.19:176][ 19]OBJ SavePackage:     Rendered thumbnail for [Blueprint /Game/Brackeys2026/Objects/Phone/BP_Phone.BP_Phone]
[2026.08.24-23.38.19:187][ 19]OBJ SavePackage:     Rendered thumbnail for [Blueprint /Game/Brackeys2026/Objects/Phone/BP_Phone.BP_Phone]
[2026.08.24-23.38.19:187][ 19]OBJ SavePackage: Finished generating thumbnails for package [/Game/Brackeys2026/Objects/Phone/BP_Phone]
[2026.08.24-23.38.19:202][ 19]LogSavePackage: Moving '../../../../../GameProgramming/BrackeysGameJam/Brackeys-2026/BrackeysJam2026/Saved/BP_Phone_Auto7E008B16641E0DAC828B15389E5B4CB53.tmp' to '../../../../../GameProgramming/BrackeysGameJam/Brackeys-2026/BrackeysJam2026/Saved/Autosaves/Game/Brackeys2026/Objects/Phone/BP_Phone_Auto7.uasset'
[2026.08.24-23.38.19:203][ 19]LogFileHelpers: Auto-saving content packages took 0.043
[2026.08.24-23.48.05:346][852]LogEditorTransaction: Undo Create Reroute Node
[2026.08.24-23.48.05:867][866]LogEditorTransaction: Undo Create Pin Link
[2026.08.24-23.51.07:893][620]LogSavePackage: Moving '../../../../../GameProgramming/BrackeysGameJam/Brackeys-2026/BrackeysJam2026/Saved/BP_Phone9D21DF374B168D55F13F5195350D884A.tmp' to '../../../../../GameProgramming/BrackeysGameJam/Brackeys-2026/BrackeysJam2026/Content/Brackeys2026/Objects/Phone/BP_Phone.uasset'
[2026.08.24-23.51.07:929][620]AssetCheck: New page: Asset Save: BP_Phone
[2026.08.24-23.51.07:929][620]LogContentValidation: Display: Validating Blueprint /Game/Brackeys2026/Objects/Phone/BP_Phone.BP_Phone
[2026.08.24-23.51.08:916][689]LogTemp: Repeating last play command: Selected Viewport
[2026.08.24-23.51.08:920][689]BlueprintLog: New page: Pre-Play auto-recompile
[2026.08.24-23.51.08:922][689]LogPlayLevel: [PlayLevel] Compiling BP_Phone before play...
[2026.08.24-23.51.08:976][689]LogUObjectHash: Compacting FUObjectHashTables data took   2.09ms
[2026.08.24-23.51.08:980][689]LogPlayLevel: PlayLevel: Blueprint regeneration took 59 ms (1 blueprints)
[2026.08.24-23.51.08:980][689]PIE: New page: PIE session: Brackeys2026Map (24 ago. 2026 17:51:08)
[2026.08.24-23.51.08:981][689]LogPlayLevel: Creating play world package: /Game/Brackeys2026/Levels/UEDPIE_0_Brackeys2026Map
[2026.08.24-23.51.08:983][689]LogPlayLevel: PIE: StaticDuplicateObject took: (0.002120s)
[2026.08.24-23.51.08:983][689]LogAIModule: Creating AISystem for world Brackeys2026Map
[2026.08.24-23.51.08:983][689]LogPlayLevel: PIE: World Init took: (0.000933s)
[2026.08.24-23.51.08:983][689]LogPlayLevel: PIE: Created PIE world by copying editor world from /Game/Brackeys2026/Levels/Brackeys2026Map.Brackeys2026Map to /Game/Brackeys2026/Levels/UEDPIE_0_Brackeys2026Map.Brackeys2026Map (0.003177s)
[2026.08.24-23.51.09:000][689]LogUObjectHash: Compacting FUObjectHashTables data took   1.47ms
[2026.08.24-23.51.09:000][689]LogAudio: Display: Creating Audio Device:                 Id: 13, Scope: Unique, Realtime: True
[2026.08.24-23.51.09:000][689]LogAudioMixer: Display: Audio Mixer Platform Settings:
[2026.08.24-23.51.09:000][689]LogAudioMixer: Display: 	Sample Rate:						  48000
[2026.08.24-23.51.09:000][689]LogAudioMixer: Display: 	Callback Buffer Frame Size Requested: 1024
[2026.08.24-23.51.09:000][689]LogAudioMixer: Display: 	Callback Buffer Frame Size To Use:	  1024
[2026.08.24-23.51.09:000][689]LogAudioMixer: Display: 	Number of buffers to queue:			  2
[2026.08.24-23.51.09:000][689]LogAudioMixer: Display: 	Max Channels (voices):				  32
[2026.08.24-23.51.09:000][689]LogAudioMixer: Display: 	Number of Async Source Workers:		  0
[2026.08.24-23.51.09:000][689]LogAudio: Display: AudioDevice MaxSources: 32
[2026.08.24-23.51.09:001][689]LogAudio: Display: Audio Spatialization Plugin: None (built-in).
[2026.08.24-23.51.09:001][689]LogAudio: Display: Audio Reverb Plugin: None (built-in).
[2026.08.24-23.51.09:001][689]LogAudio: Display: Audio Occlusion Plugin: None (built-in).
[2026.08.24-23.51.09:001][689]LogAudioMixer: Display: Initializing audio mixer.
[2026.08.24-23.51.09:006][689]LogAudioMixer: Display: 0: FrontLeft
[2026.08.24-23.51.09:006][689]LogAudioMixer: Display: 1: FrontRight
[2026.08.24-23.51.09:022][689]LogAudioMixer: Display: Using Audio Device Altavoces (Realtek(R) Audio)
[2026.08.24-23.51.09:022][689]LogAudioMixer: Display: Initializing Sound Submixes...
[2026.08.24-23.51.09:022][689]LogAudioMixer: Display: Creating Master Submix 'MasterSubmixDefault'
[2026.08.24-23.51.09:022][689]LogAudioMixer: Display: Creating Master Submix 'MasterReverbSubmixDefault'
[2026.08.24-23.51.09:022][689]LogAudioMixer: Display: Creating Master Submix 'MasterEQSubmixDefault'
[2026.08.24-23.51.09:022][689]LogAudioMixer: FMixerPlatformXAudio2::StartAudioStream() called
[2026.08.24-23.51.09:022][689]LogAudioMixer: Display: Output buffers initialized: Frames=1024, Channels=2, Samples=2048
[2026.08.24-23.51.09:022][689]LogAudioMixer: Display: Starting AudioMixerPlatformInterface::RunInternal()
[2026.08.24-23.51.09:024][689]LogAudioMixer: Display: FMixerPlatformXAudio2::SubmitBuffer() called for the first time
[2026.08.24-23.51.09:024][689]LogInit: FAudioDevice initialized.
[2026.08.24-23.51.09:024][689]LogAudio: Display: Audio Device (ID: 13) registered with world 'Brackeys2026Map'.
[2026.08.24-23.51.09:037][689]LogLoad: Game class is 'BrackeysGameMode_C'
[2026.08.24-23.51.09:038][689]LogWorld: Bringing World /Game/Brackeys2026/Levels/UEDPIE_0_Brackeys2026Map.Brackeys2026Map up for play (max tick rate 0) at 2026.08.24-20.51.09
[2026.08.24-23.51.09:038][689]LogWorld: Bringing up level for play took: 0.000636
[2026.08.24-23.51.09:038][689]LogOnline: OSS: Creating online subsystem instance for: :Context_18
[2026.08.24-23.51.09:041][689]PIE: Server logged in
[2026.08.24-23.51.09:042][689]PIE: Play in editor total start time 0.122 seconds.
[2026.08.24-23.51.22:493][807]LogSlate: Updating window title bar state: overlay mode, drag disabled, window buttons hidden, title bar hidden
[2026.08.24-23.51.22:493][807]LogWorld: BeginTearingDown for /Game/Brackeys2026/Levels/UEDPIE_0_Brackeys2026Map
[2026.08.24-23.51.22:493][807]LogWorld: UWorld::CleanupWorld for Brackeys2026Map, bSessionEnded=true, bCleanupResources=true
[2026.08.24-23.51.22:493][807]LogSlate: InvalidateAllWidgets triggered.  All widgets were invalidated
[2026.08.24-23.51.22:511][807]LogPlayLevel: Display: Shutting down PIE online subsystems
[2026.08.24-23.51.22:523][807]LogSlate: InvalidateAllWidgets triggered.  All widgets were invalidated
[2026.08.24-23.51.22:537][807]LogSlate: Updating window title bar state: overlay mode, drag disabled, window buttons hidden, title bar hidden
[2026.08.24-23.51.22:537][807]LogAudioMixer: FMixerPlatformXAudio2::StopAudioStream() called
[2026.08.24-23.51.22:538][807]LogAudioMixer: FMixerPlatformXAudio2::StopAudioStream() called
[2026.08.24-23.51.22:542][807]LogUObjectHash: Compacting FUObjectHashTables data took   1.70ms
[2026.08.24-23.51.22:584][808]LogPlayLevel: Display: Destroying online subsystem :Context_18
[2026.08.24-23.51.23:398][866]LogTemp: Repeating last play command: Selected Viewport
[2026.08.24-23.51.23:403][866]LogPlayLevel: PlayLevel: No blueprints needed recompiling
[2026.08.24-23.51.23:403][866]PIE: New page: PIE session: Brackeys2026Map (24 ago. 2026 17:51:23)
[2026.08.24-23.51.23:403][866]LogPlayLevel: Creating play world package: /Game/Brackeys2026/Levels/UEDPIE_0_Brackeys2026Map
[2026.08.24-23.51.23:406][866]LogPlayLevel: PIE: StaticDuplicateObject took: (0.002611s)
[2026.08.24-23.51.23:407][866]LogAIModule: Creating AISystem for world Brackeys2026Map
[2026.08.24-23.51.23:407][866]LogPlayLevel: PIE: World Init took: (0.000996s)
[2026.08.24-23.51.23:407][866]LogPlayLevel: PIE: Created PIE world by copying editor world from /Game/Brackeys2026/Levels/Brackeys2026Map.Brackeys2026Map to /Game/Brackeys2026/Levels/UEDPIE_0_Brackeys2026Map.Brackeys2026Map (0.003734s)
[2026.08.24-23.51.23:427][866]LogUObjectHash: Compacting FUObjectHashTables data took   1.52ms
[2026.08.24-23.51.23:428][866]LogAudio: Display: Creating Audio Device:                 Id: 14, Scope: Unique, Realtime: True
[2026.08.24-23.51.23:428][866]LogAudioMixer: Display: Audio Mixer Platform Settings:
[2026.08.24-23.51.23:428][866]LogAudioMixer: Display: 	Sample Rate:						  48000
[2026.08.24-23.51.23:428][866]LogAudioMixer: Display: 	Callback Buffer Frame Size Requested: 1024
[2026.08.24-23.51.23:428][866]LogAudioMixer: Display: 	Callback Buffer Frame Size To Use:	  1024
[2026.08.24-23.51.23:428][866]LogAudioMixer: Display: 	Number of buffers to queue:			  2
[2026.08.24-23.51.23:428][866]LogAudioMixer: Display: 	Max Channels (voices):				  32
[2026.08.24-23.51.23:428][866]LogAudioMixer: Display: 	Number of Async Source Workers:		  0
[2026.08.24-23.51.23:429][866]LogAudio: Display: AudioDevice MaxSources: 32
[2026.08.24-23.51.23:429][866]LogAudio: Display: Audio Spatialization Plugin: None (built-in).
[2026.08.24-23.51.23:429][866]LogAudio: Display: Audio Reverb Plugin: None (built-in).
[2026.08.24-23.51.23:429][866]LogAudio: Display: Audio Occlusion Plugin: None (built-in).
[2026.08.24-23.51.23:429][866]LogAudioMixer: Display: Initializing audio mixer.
[2026.08.24-23.51.23:433][866]LogAudioMixer: Display: 0: FrontLeft
[2026.08.24-23.51.23:433][866]LogAudioMixer: Display: 1: FrontRight
[2026.08.24-23.51.23:449][866]LogAudioMixer: Display: Using Audio Device Altavoces (Realtek(R) Audio)
[2026.08.24-23.51.23:449][866]LogAudioMixer: Display: Initializing Sound Submixes...
[2026.08.24-23.51.23:450][866]LogAudioMixer: Display: Creating Master Submix 'MasterSubmixDefault'
[2026.08.24-23.51.23:450][866]LogAudioMixer: Display: Creating Master Submix 'MasterReverbSubmixDefault'
[2026.08.24-23.51.23:450][866]LogAudioMixer: Display: Creating Master Submix 'MasterEQSubmixDefault'
[2026.08.24-23.51.23:450][866]LogAudioMixer: FMixerPlatformXAudio2::StartAudioStream() called
[2026.08.24-23.51.23:450][866]LogAudioMixer: Display: Output buffers initialized: Frames=1024, Channels=2, Samples=2048
[2026.08.24-23.51.23:451][866]LogAudioMixer: Display: Starting AudioMixerPlatformInterface::RunInternal()
[2026.08.24-23.51.23:451][866]LogAudioMixer: Display: FMixerPlatformXAudio2::SubmitBuffer() called for the first time
[2026.08.24-23.51.23:451][866]LogInit: FAudioDevice initialized.
[2026.08.24-23.51.23:451][866]LogAudio: Display: Audio Device (ID: 14) registered with world 'Brackeys2026Map'.
[2026.08.24-23.51.23:461][866]LogLoad: Game class is 'BrackeysGameMode_C'
[2026.08.24-23.51.23:462][866]LogWorld: Bringing World /Game/Brackeys2026/Levels/UEDPIE_0_Brackeys2026Map.Brackeys2026Map up for play (max tick rate 0) at 2026.08.24-20.51.23
[2026.08.24-23.51.23:462][866]LogWorld: Bringing up level for play took: 0.000673
[2026.08.24-23.51.23:462][866]LogOnline: OSS: Creating online subsystem instance for: :Context_19
[2026.08.24-23.51.23:465][866]PIE: Server logged in
[2026.08.24-23.51.23:465][866]PIE: Play in editor total start time 0.062 seconds.
[2026.08.24-23.51.35:372][903]LogSlate: Updating window title bar state: overlay mode, drag disabled, window buttons hidden, title bar hidden
[2026.08.24-23.51.35:372][903]LogWorld: BeginTearingDown for /Game/Brackeys2026/Levels/UEDPIE_0_Brackeys2026Map
[2026.08.24-23.51.35:372][903]LogWorld: UWorld::CleanupWorld for Brackeys2026Map, bSessionEnded=true, bCleanupResources=true
[2026.08.24-23.51.35:372][903]LogSlate: InvalidateAllWidgets triggered.  All widgets were invalidated
[2026.08.24-23.51.35:384][903]LogPlayLevel: Display: Shutting down PIE online subsystems
[2026.08.24-23.51.35:398][903]LogSlate: InvalidateAllWidgets triggered.  All widgets were invalidated
[2026.08.24-23.51.35:413][903]LogSlate: Updating window title bar state: overlay mode, drag disabled, window buttons hidden, title bar hidden
[2026.08.24-23.51.35:414][903]LogAudioMixer: FMixerPlatformXAudio2::StopAudioStream() called
[2026.08.24-23.51.35:415][903]LogAudioMixer: FMixerPlatformXAudio2::StopAudioStream() called
[2026.08.24-23.51.35:419][903]LogUObjectHash: Compacting FUObjectHashTables data took   1.44ms
[2026.08.24-23.51.35:461][904]LogPlayLevel: Display: Destroying online subsystem :Context_19
[2026.08.24-23.51.45:978][649]LogSavePackage: Moving '../../../../../GameProgramming/BrackeysGameJam/Brackeys-2026/BrackeysJam2026/Saved/BP_PhoneC041CFEC4904653B5BF6F09773DC995B.tmp' to '../../../../../GameProgramming/BrackeysGameJam/Brackeys-2026/BrackeysJam2026/Content/Brackeys2026/Objects/Phone/BP_Phone.uasset'
[2026.08.24-23.51.46:002][649]AssetCheck: New page: Asset Save: BP_Phone
[2026.08.24-23.51.46:002][649]LogContentValidation: Display: Validating Blueprint /Game/Brackeys2026/Objects/Phone/BP_Phone.BP_Phone
[2026.08.24-23.51.49:957][865]LogTemp: Repeating last play command: Selected Viewport
[2026.08.24-23.51.49:962][865]BlueprintLog: New page: Pre-Play auto-recompile
[2026.08.24-23.51.49:963][865]LogPlayLevel: [PlayLevel] Compiling BP_Phone before play...
[2026.08.24-23.51.50:010][865]LogUObjectHash: Compacting FUObjectHashTables data took   1.81ms
[2026.08.24-23.51.50:012][865]LogPlayLevel: PlayLevel: Blueprint regeneration took 50 ms (1 blueprints)
[2026.08.24-23.51.50:012][865]PIE: New page: PIE session: Brackeys2026Map (24 ago. 2026 17:51:50)
[2026.08.24-23.51.50:012][865]LogPlayLevel: Creating play world package: /Game/Brackeys2026/Levels/UEDPIE_0_Brackeys2026Map
[2026.08.24-23.51.50:014][865]LogPlayLevel: PIE: StaticDuplicateObject took: (0.002068s)
[2026.08.24-23.51.50:015][865]LogAIModule: Creating AISystem for world Brackeys2026Map
[2026.08.24-23.51.50:015][865]LogPlayLevel: PIE: World Init took: (0.000867s)
[2026.08.24-23.51.50:015][865]LogPlayLevel: PIE: Created PIE world by copying editor world from /Game/Brackeys2026/Levels/Brackeys2026Map.Brackeys2026Map to /Game/Brackeys2026/Levels/UEDPIE_0_Brackeys2026Map.Brackeys2026Map (0.003042s)
[2026.08.24-23.51.50:032][865]LogUObjectHash: Compacting FUObjectHashTables data took   1.44ms
[2026.08.24-23.51.50:033][865]LogAudio: Display: Creating Audio Device:                 Id: 15, Scope: Unique, Realtime: True
[2026.08.24-23.51.50:033][865]LogAudioMixer: Display: Audio Mixer Platform Settings:
[2026.08.24-23.51.50:033][865]LogAudioMixer: Display: 	Sample Rate:						  48000
[2026.08.24-23.51.50:033][865]LogAudioMixer: Display: 	Callback Buffer Frame Size Requested: 1024
[2026.08.24-23.51.50:033][865]LogAudioMixer: Display: 	Callback Buffer Frame Size To Use:	  1024
[2026.08.24-23.51.50:033][865]LogAudioMixer: Display: 	Number of buffers to queue:			  2
[2026.08.24-23.51.50:033][865]LogAudioMixer: Display: 	Max Channels (voices):				  32
[2026.08.24-23.51.50:033][865]LogAudioMixer: Display: 	Number of Async Source Workers:		  0
[2026.08.24-23.51.50:033][865]LogAudio: Display: AudioDevice MaxSources: 32
[2026.08.24-23.51.50:033][865]LogAudio: Display: Audio Spatialization Plugin: None (built-in).
[2026.08.24-23.51.50:033][865]LogAudio: Display: Audio Reverb Plugin: None (built-in).
[2026.08.24-23.51.50:033][865]LogAudio: Display: Audio Occlusion Plugin: None (built-in).
[2026.08.24-23.51.50:033][865]LogAudioMixer: Display: Initializing audio mixer.
[2026.08.24-23.51.50:037][865]LogAudioMixer: Display: 0: FrontLeft
[2026.08.24-23.51.50:037][865]LogAudioMixer: Display: 1: FrontRight
[2026.08.24-23.51.50:052][865]LogAudioMixer: Display: Using Audio Device Altavoces (Realtek(R) Audio)
[2026.08.24-23.51.50:052][865]LogAudioMixer: Display: Initializing Sound Submixes...
[2026.08.24-23.51.50:052][865]LogAudioMixer: Display: Creating Master Submix 'MasterSubmixDefault'
[2026.08.24-23.51.50:052][865]LogAudioMixer: Display: Creating Master Submix 'MasterReverbSubmixDefault'
[2026.08.24-23.51.50:053][865]LogAudioMixer: Display: Creating Master Submix 'MasterEQSubmixDefault'
[2026.08.24-23.51.50:053][865]LogAudioMixer: FMixerPlatformXAudio2::StartAudioStream() called
[2026.08.24-23.51.50:053][865]LogAudioMixer: Display: Output buffers initialized: Frames=1024, Channels=2, Samples=2048
[2026.08.24-23.51.50:053][865]LogAudioMixer: Display: Starting AudioMixerPlatformInterface::RunInternal()
[2026.08.24-23.51.50:053][865]LogAudioMixer: Display: FMixerPlatformXAudio2::SubmitBuffer() called for the first time
[2026.08.24-23.51.50:053][865]LogInit: FAudioDevice initialized.
[2026.08.24-23.51.50:053][865]LogAudio: Display: Audio Device (ID: 15) registered with world 'Brackeys2026Map'.
[2026.08.24-23.51.50:059][865]LogLoad: Game class is 'BrackeysGameMode_C'
[2026.08.24-23.51.50:060][865]LogWorld: Bringing World /Game/Brackeys2026/Levels/UEDPIE_0_Brackeys2026Map.Brackeys2026Map up for play (max tick rate 0) at 2026.08.24-20.51.50
[2026.08.24-23.51.50:060][865]LogWorld: Bringing up level for play took: 0.000542
[2026.08.24-23.51.50:060][865]LogOnline: OSS: Creating online subsystem instance for: :Context_20
[2026.08.24-23.51.50:062][865]PIE: Server logged in
[2026.08.24-23.51.50:063][865]PIE: Play in editor total start time 0.102 seconds.
[2026.08.24-23.51.51:438][986]LogBlueprintUserMessages: [BP_Phone_2] Answer: Killer hint
[2026.08.24-23.51.57:092][485]LogSlate: Updating window title bar state: overlay mode, drag disabled, window buttons hidden, title bar hidden
[2026.08.24-23.51.57:092][485]LogWorld: BeginTearingDown for /Game/Brackeys2026/Levels/UEDPIE_0_Brackeys2026Map
[2026.08.24-23.51.57:093][485]LogWorld: UWorld::CleanupWorld for Brackeys2026Map, bSessionEnded=true, bCleanupResources=true
[2026.08.24-23.51.57:093][485]LogSlate: InvalidateAllWidgets triggered.  All widgets were invalidated
[2026.08.24-23.51.57:104][485]LogPlayLevel: Display: Shutting down PIE online subsystems
[2026.08.24-23.51.57:117][485]LogSlate: InvalidateAllWidgets triggered.  All widgets were invalidated
[2026.08.24-23.51.57:133][485]LogSlate: Updating window title bar state: overlay mode, drag disabled, window buttons hidden, title bar hidden
[2026.08.24-23.51.57:134][485]LogAudioMixer: FMixerPlatformXAudio2::StopAudioStream() called
[2026.08.24-23.51.57:135][485]LogAudioMixer: FMixerPlatformXAudio2::StopAudioStream() called
[2026.08.24-23.51.57:138][485]LogUObjectHash: Compacting FUObjectHashTables data took   1.41ms
[2026.08.24-23.51.57:184][486]LogPlayLevel: Display: Destroying online subsystem :Context_20
[2026.08.24-23.51.57:821][531]LogTemp: Repeating last play command: Selected Viewport
[2026.08.24-23.51.57:827][531]LogPlayLevel: PlayLevel: No blueprints needed recompiling
[2026.08.24-23.51.57:827][531]PIE: New page: PIE session: Brackeys2026Map (24 ago. 2026 17:51:57)
[2026.08.24-23.51.57:827][531]LogPlayLevel: Creating play world package: /Game/Brackeys2026/Levels/UEDPIE_0_Brackeys2026Map
[2026.08.24-23.51.57:830][531]LogPlayLevel: PIE: StaticDuplicateObject took: (0.002555s)
[2026.08.24-23.51.57:830][531]LogAIModule: Creating AISystem for world Brackeys2026Map
[2026.08.24-23.51.57:830][531]LogPlayLevel: PIE: World Init took: (0.000915s)
[2026.08.24-23.51.57:830][531]LogPlayLevel: PIE: Created PIE world by copying editor world from /Game/Brackeys2026/Levels/Brackeys2026Map.Brackeys2026Map to /Game/Brackeys2026/Levels/UEDPIE_0_Brackeys2026Map.Brackeys2026Map (0.003586s)
[2026.08.24-23.51.57:846][531]LogUObjectHash: Compacting FUObjectHashTables data took   1.43ms
[2026.08.24-23.51.57:847][531]LogAudio: Display: Creating Audio Device:                 Id: 16, Scope: Unique, Realtime: True
[2026.08.24-23.51.57:847][531]LogAudioMixer: Display: Audio Mixer Platform Settings:
[2026.08.24-23.51.57:847][531]LogAudioMixer: Display: 	Sample Rate:						  48000
[2026.08.24-23.51.57:847][531]LogAudioMixer: Display: 	Callback Buffer Frame Size Requested: 1024
[2026.08.24-23.51.57:847][531]LogAudioMixer: Display: 	Callback Buffer Frame Size To Use:	  1024
[2026.08.24-23.51.57:847][531]LogAudioMixer: Display: 	Number of buffers to queue:			  2
[2026.08.24-23.51.57:847][531]LogAudioMixer: Display: 	Max Channels (voices):				  32
[2026.08.24-23.51.57:847][531]LogAudioMixer: Display: 	Number of Async Source Workers:		  0
[2026.08.24-23.51.57:847][531]LogAudio: Display: AudioDevice MaxSources: 32
[2026.08.24-23.51.57:847][531]LogAudio: Display: Audio Spatialization Plugin: None (built-in).
[2026.08.24-23.51.57:848][531]LogAudio: Display: Audio Reverb Plugin: None (built-in).
[2026.08.24-23.51.57:848][531]LogAudio: Display: Audio Occlusion Plugin: None (built-in).
[2026.08.24-23.51.57:848][531]LogAudioMixer: Display: Initializing audio mixer.
[2026.08.24-23.51.57:852][531]LogAudioMixer: Display: 0: FrontLeft
[2026.08.24-23.51.57:852][531]LogAudioMixer: Display: 1: FrontRight
[2026.08.24-23.51.57:867][531]LogAudioMixer: Display: Using Audio Device Altavoces (Realtek(R) Audio)
[2026.08.24-23.51.57:867][531]LogAudioMixer: Display: Initializing Sound Submixes...
[2026.08.24-23.51.57:867][531]LogAudioMixer: Display: Creating Master Submix 'MasterSubmixDefault'
[2026.08.24-23.51.57:867][531]LogAudioMixer: Display: Creating Master Submix 'MasterReverbSubmixDefault'
[2026.08.24-23.51.57:867][531]LogAudioMixer: Display: Creating Master Submix 'MasterEQSubmixDefault'
[2026.08.24-23.51.57:868][531]LogAudioMixer: FMixerPlatformXAudio2::StartAudioStream() called
[2026.08.24-23.51.57:868][531]LogAudioMixer: Display: Output buffers initialized: Frames=1024, Channels=2, Samples=2048
[2026.08.24-23.51.57:868][531]LogAudioMixer: Display: Starting AudioMixerPlatformInterface::RunInternal()
[2026.08.24-23.51.57:868][531]LogAudioMixer: Display: FMixerPlatformXAudio2::SubmitBuffer() called for the first time
[2026.08.24-23.51.57:868][531]LogInit: FAudioDevice initialized.
[2026.08.24-23.51.57:868][531]LogAudio: Display: Audio Device (ID: 16) registered with world 'Brackeys2026Map'.
[2026.08.24-23.51.57:878][531]LogLoad: Game class is 'BrackeysGameMode_C'
[2026.08.24-23.51.57:878][531]LogWorld: Bringing World /Game/Brackeys2026/Levels/UEDPIE_0_Brackeys2026Map.Brackeys2026Map up for play (max tick rate 0) at 2026.08.24-20.51.57
[2026.08.24-23.51.57:879][531]LogWorld: Bringing up level for play took: 0.000564
[2026.08.24-23.51.57:879][531]LogOnline: OSS: Creating online subsystem instance for: :Context_21
[2026.08.24-23.51.57:881][531]PIE: Server logged in
[2026.08.24-23.51.57:881][531]PIE: Play in editor total start time 0.056 seconds.
[2026.08.24-23.51.59:229][649]LogBlueprintUserMessages: [BP_Phone_2] Answer: Killer hint
[2026.08.24-23.52.07:533][381]LogSlate: Updating window title bar state: overlay mode, drag disabled, window buttons hidden, title bar hidden
[2026.08.24-23.52.07:533][381]LogWorld: BeginTearingDown for /Game/Brackeys2026/Levels/UEDPIE_0_Brackeys2026Map
[2026.08.24-23.52.07:533][381]LogWorld: UWorld::CleanupWorld for Brackeys2026Map, bSessionEnded=true, bCleanupResources=true
[2026.08.24-23.52.07:533][381]LogSlate: InvalidateAllWidgets triggered.  All widgets were invalidated
[2026.08.24-23.52.07:551][381]LogPlayLevel: Display: Shutting down PIE online subsystems
[2026.08.24-23.52.07:564][381]LogSlate: InvalidateAllWidgets triggered.  All widgets were invalidated
[2026.08.24-23.52.07:581][381]LogSlate: Updating window title bar state: overlay mode, drag disabled, window buttons hidden, title bar hidden
[2026.08.24-23.52.07:581][381]LogAudioMixer: FMixerPlatformXAudio2::StopAudioStream() called
[2026.08.24-23.52.07:582][381]LogAudioMixer: FMixerPlatformXAudio2::StopAudioStream() called
[2026.08.24-23.52.07:586][381]LogUObjectHash: Compacting FUObjectHashTables data took   1.49ms
[2026.08.24-23.52.07:632][382]LogPlayLevel: Display: Destroying online subsystem :Context_21
[2026.08.24-23.52.12:383][718]LogSelectionDetails: Warning: NavigateToFunctionSource:  Unable to find symbols for 'UKismetMathLibrary::RandomInteger' [Element not found.]
[2026.08.24-23.52.31:317][ 47]LogTemp: Repeating last play command: Selected Viewport
[2026.08.24-23.52.31:322][ 47]LogPlayLevel: PlayLevel: No blueprints needed recompiling
[2026.08.24-23.52.31:322][ 47]PIE: New page: PIE session: Brackeys2026Map (24 ago. 2026 17:52:31)
[2026.08.24-23.52.31:322][ 47]LogPlayLevel: Creating play world package: /Game/Brackeys2026/Levels/UEDPIE_0_Brackeys2026Map
[2026.08.24-23.52.31:324][ 47]LogPlayLevel: PIE: StaticDuplicateObject took: (0.002082s)
[2026.08.24-23.52.31:325][ 47]LogAIModule: Creating AISystem for world Brackeys2026Map
[2026.08.24-23.52.31:325][ 47]LogPlayLevel: PIE: World Init took: (0.000858s)
[2026.08.24-23.52.31:325][ 47]LogPlayLevel: PIE: Created PIE world by copying editor world from /Game/Brackeys2026/Levels/Brackeys2026Map.Brackeys2026Map to /Game/Brackeys2026/Levels/UEDPIE_0_Brackeys2026Map.Brackeys2026Map (0.003054s)
[2026.08.24-23.52.31:342][ 47]LogUObjectHash: Compacting FUObjectHashTables data took   1.47ms
[2026.08.24-23.52.31:345][ 47]LogAudio: Display: Creating Audio Device:                 Id: 17, Scope: Unique, Realtime: True
[2026.08.24-23.52.31:345][ 47]LogAudioMixer: Display: Audio Mixer Platform Settings:
[2026.08.24-23.52.31:345][ 47]LogAudioMixer: Display: 	Sample Rate:						  48000
[2026.08.24-23.52.31:345][ 47]LogAudioMixer: Display: 	Callback Buffer Frame Size Requested: 1024
[2026.08.24-23.52.31:345][ 47]LogAudioMixer: Display: 	Callback Buffer Frame Size To Use:	  1024
[2026.08.24-23.52.31:345][ 47]LogAudioMixer: Display: 	Number of buffers to queue:			  2
[2026.08.24-23.52.31:345][ 47]LogAudioMixer: Display: 	Max Channels (voices):				  32
[2026.08.24-23.52.31:345][ 47]LogAudioMixer: Display: 	Number of Async Source Workers:		  0
[2026.08.24-23.52.31:345][ 47]LogAudio: Display: AudioDevice MaxSources: 32
[2026.08.24-23.52.31:345][ 47]LogAudio: Display: Audio Spatialization Plugin: None (built-in).
[2026.08.24-23.52.31:345][ 47]LogAudio: Display: Audio Reverb Plugin: None (built-in).
[2026.08.24-23.52.31:345][ 47]LogAudio: Display: Audio Occlusion Plugin: None (built-in).
[2026.08.24-23.52.31:345][ 47]LogAudioMixer: Display: Initializing audio mixer.
[2026.08.24-23.52.31:348][ 47]LogAudioMixer: Display: 0: FrontLeft
[2026.08.24-23.52.31:348][ 47]LogAudioMixer: Display: 1: FrontRight
[2026.08.24-23.52.31:364][ 47]LogAudioMixer: Display: Using Audio Device Altavoces (Realtek(R) Audio)
[2026.08.24-23.52.31:365][ 47]LogAudioMixer: Display: Initializing Sound Submixes...
[2026.08.24-23.52.31:365][ 47]LogAudioMixer: Display: Creating Master Submix 'MasterSubmixDefault'
[2026.08.24-23.52.31:365][ 47]LogAudioMixer: Display: Creating Master Submix 'MasterReverbSubmixDefault'
[2026.08.24-23.52.31:365][ 47]LogAudioMixer: Display: Creating Master Submix 'MasterEQSubmixDefault'
[2026.08.24-23.52.31:365][ 47]LogAudioMixer: FMixerPlatformXAudio2::StartAudioStream() called
[2026.08.24-23.52.31:365][ 47]LogAudioMixer: Display: Output buffers initialized: Frames=1024, Channels=2, Samples=2048
[2026.08.24-23.52.31:366][ 47]LogAudioMixer: Display: Starting AudioMixerPlatformInterface::RunInternal()
[2026.08.24-23.52.31:366][ 47]LogAudioMixer: Display: FMixerPlatformXAudio2::SubmitBuffer() called for the first time
[2026.08.24-23.52.31:366][ 47]LogInit: FAudioDevice initialized.
[2026.08.24-23.52.31:366][ 47]LogAudio: Display: Audio Device (ID: 17) registered with world 'Brackeys2026Map'.
[2026.08.24-23.52.31:376][ 47]LogLoad: Game class is 'BrackeysGameMode_C'
[2026.08.24-23.52.31:377][ 47]LogWorld: Bringing World /Game/Brackeys2026/Levels/UEDPIE_0_Brackeys2026Map.Brackeys2026Map up for play (max tick rate 0) at 2026.08.24-20.52.31
[2026.08.24-23.52.31:377][ 47]LogWorld: Bringing up level for play took: 0.000597
[2026.08.24-23.52.31:377][ 47]LogOnline: OSS: Creating online subsystem instance for: :Context_22
[2026.08.24-23.52.31:379][ 47]PIE: Server logged in
[2026.08.24-23.52.31:380][ 47]PIE: Play in editor total start time 0.059 seconds.
[2026.08.24-23.52.32:684][162]LogBlueprintUserMessages: [BP_Phone_2] Answer: Smell Hint
[2026.08.24-23.52.37:472][585]LogSlate: Updating window title bar state: overlay mode, drag disabled, window buttons hidden, title bar hidden
[2026.08.24-23.52.37:472][585]LogWorld: BeginTearingDown for /Game/Brackeys2026/Levels/UEDPIE_0_Brackeys2026Map
[2026.08.24-23.52.37:473][585]LogWorld: UWorld::CleanupWorld for Brackeys2026Map, bSessionEnded=true, bCleanupResources=true
[2026.08.24-23.52.37:473][585]LogSlate: InvalidateAllWidgets triggered.  All widgets were invalidated
[2026.08.24-23.52.37:483][585]LogPlayLevel: Display: Shutting down PIE online subsystems
[2026.08.24-23.52.37:496][585]LogSlate: InvalidateAllWidgets triggered.  All widgets were invalidated
[2026.08.24-23.52.37:511][585]LogSlate: Updating window title bar state: overlay mode, drag disabled, window buttons hidden, title bar hidden
[2026.08.24-23.52.37:511][585]LogAudioMixer: FMixerPlatformXAudio2::StopAudioStream() called
[2026.08.24-23.52.37:512][585]LogAudioMixer: FMixerPlatformXAudio2::StopAudioStream() called
[2026.08.24-23.52.37:516][585]LogUObjectHash: Compacting FUObjectHashTables data took   1.44ms
[2026.08.24-23.52.37:561][586]LogPlayLevel: Display: Destroying online subsystem :Context_22
[2026.08.24-23.52.38:457][648]LogEditorViewport: Clicking on Actor (LMB): BP_Phone_C (BP_Phone)
[2026.08.24-23.52.39:528][722]LogTemp: Repeating last play command: Selected Viewport
[2026.08.24-23.52.39:533][722]LogPlayLevel: PlayLevel: No blueprints needed recompiling
[2026.08.24-23.52.39:533][722]PIE: New page: PIE session: Brackeys2026Map (24 ago. 2026 17:52:39)
[2026.08.24-23.52.39:533][722]LogPlayLevel: Creating play world package: /Game/Brackeys2026/Levels/UEDPIE_0_Brackeys2026Map
[2026.08.24-23.52.39:536][722]LogPlayLevel: PIE: StaticDuplicateObject took: (0.002128s)
[2026.08.24-23.52.39:536][722]LogAIModule: Creating AISystem for world Brackeys2026Map
[2026.08.24-23.52.39:536][722]LogPlayLevel: PIE: World Init took: (0.000831s)
[2026.08.24-23.52.39:536][722]LogPlayLevel: PIE: Created PIE world by copying editor world from /Game/Brackeys2026/Levels/Brackeys2026Map.Brackeys2026Map to /Game/Brackeys2026/Levels/UEDPIE_0_Brackeys2026Map.Brackeys2026Map (0.003057s)
[2026.08.24-23.52.39:552][722]LogUObjectHash: Compacting FUObjectHashTables data took   1.48ms
[2026.08.24-23.52.39:554][722]LogAudio: Display: Creating Audio Device:                 Id: 18, Scope: Unique, Realtime: True
[2026.08.24-23.52.39:554][722]LogAudioMixer: Display: Audio Mixer Platform Settings:
[2026.08.24-23.52.39:554][722]LogAudioMixer: Display: 	Sample Rate:						  48000
[2026.08.24-23.52.39:554][722]LogAudioMixer: Display: 	Callback Buffer Frame Size Requested: 1024
[2026.08.24-23.52.39:554][722]LogAudioMixer: Display: 	Callback Buffer Frame Size To Use:	  1024
[2026.08.24-23.52.39:554][722]LogAudioMixer: Display: 	Number of buffers to queue:			  2
[2026.08.24-23.52.39:554][722]LogAudioMixer: Display: 	Max Channels (voices):				  32
[2026.08.24-23.52.39:554][722]LogAudioMixer: Display: 	Number of Async Source Workers:		  0
[2026.08.24-23.52.39:554][722]LogAudio: Display: AudioDevice MaxSources: 32
[2026.08.24-23.52.39:554][722]LogAudio: Display: Audio Spatialization Plugin: None (built-in).
[2026.08.24-23.52.39:554][722]LogAudio: Display: Audio Reverb Plugin: None (built-in).
[2026.08.24-23.52.39:554][722]LogAudio: Display: Audio Occlusion Plugin: None (built-in).
[2026.08.24-23.52.39:554][722]LogAudioMixer: Display: Initializing audio mixer.
[2026.08.24-23.52.39:558][722]LogAudioMixer: Display: 0: FrontLeft
[2026.08.24-23.52.39:558][722]LogAudioMixer: Display: 1: FrontRight
[2026.08.24-23.52.39:573][722]LogAudioMixer: Display: Using Audio Device Altavoces (Realtek(R) Audio)
[2026.08.24-23.52.39:573][722]LogAudioMixer: Display: Initializing Sound Submixes...
[2026.08.24-23.52.39:573][722]LogAudioMixer: Display: Creating Master Submix 'MasterSubmixDefault'
[2026.08.24-23.52.39:573][722]LogAudioMixer: Display: Creating Master Submix 'MasterReverbSubmixDefault'
[2026.08.24-23.52.39:574][722]LogAudioMixer: Display: Creating Master Submix 'MasterEQSubmixDefault'
[2026.08.24-23.52.39:574][722]LogAudioMixer: FMixerPlatformXAudio2::StartAudioStream() called
[2026.08.24-23.52.39:574][722]LogAudioMixer: Display: Output buffers initialized: Frames=1024, Channels=2, Samples=2048
[2026.08.24-23.52.39:575][722]LogAudioMixer: Display: Starting AudioMixerPlatformInterface::RunInternal()
[2026.08.24-23.52.39:575][722]LogAudioMixer: Display: FMixerPlatformXAudio2::SubmitBuffer() called for the first time
[2026.08.24-23.52.39:575][722]LogInit: FAudioDevice initialized.
[2026.08.24-23.52.39:575][722]LogAudio: Display: Audio Device (ID: 18) registered with world 'Brackeys2026Map'.
[2026.08.24-23.52.39:586][722]LogLoad: Game class is 'BrackeysGameMode_C'
[2026.08.24-23.52.39:587][722]LogWorld: Bringing World /Game/Brackeys2026/Levels/UEDPIE_0_Brackeys2026Map.Brackeys2026Map up for play (max tick rate 0) at 2026.08.24-20.52.39
[2026.08.24-23.52.39:587][722]LogWorld: Bringing up level for play took: 0.000560
[2026.08.24-23.52.39:587][722]LogOnline: OSS: Creating online subsystem instance for: :Context_23
[2026.08.24-23.52.39:589][722]PIE: Server logged in
[2026.08.24-23.52.39:590][722]PIE: Play in editor total start time 0.058 seconds.
[2026.08.24-23.52.40:972][844]LogBlueprintUserMessages: [BP_Phone_2] Answer: Killer hint
[2026.08.24-23.52.42:333][963]LogSlate: Updating window title bar state: overlay mode, drag disabled, window buttons hidden, title bar hidden
[2026.08.24-23.52.42:333][963]LogWorld: BeginTearingDown for /Game/Brackeys2026/Levels/UEDPIE_0_Brackeys2026Map
[2026.08.24-23.52.42:333][963]LogWorld: UWorld::CleanupWorld for Brackeys2026Map, bSessionEnded=true, bCleanupResources=true
[2026.08.24-23.52.42:333][963]LogSlate: InvalidateAllWidgets triggered.  All widgets were invalidated
[2026.08.24-23.52.42:345][963]LogPlayLevel: Display: Shutting down PIE online subsystems
[2026.08.24-23.52.42:352][963]LogSlate: InvalidateAllWidgets triggered.  All widgets were invalidated
[2026.08.24-23.52.42:367][963]LogSlate: Updating window title bar state: overlay mode, drag disabled, window buttons hidden, title bar hidden
[2026.08.24-23.52.42:367][963]LogAudioMixer: FMixerPlatformXAudio2::StopAudioStream() called
[2026.08.24-23.52.42:368][963]LogAudioMixer: FMixerPlatformXAudio2::StopAudioStream() called
[2026.08.24-23.52.42:372][963]LogUObjectHash: Compacting FUObjectHashTables data took   1.43ms
[2026.08.24-23.52.42:409][964]LogPlayLevel: Display: Destroying online subsystem :Context_23
[2026.08.24-23.52.42:966][  5]LogTemp: Repeating last play command: Selected Viewport
[2026.08.24-23.52.42:971][  5]LogPlayLevel: PlayLevel: No blueprints needed recompiling
[2026.08.24-23.52.42:971][  5]PIE: New page: PIE session: Brackeys2026Map (24 ago. 2026 17:52:42)
[2026.08.24-23.52.42:971][  5]LogPlayLevel: Creating play world package: /Game/Brackeys2026/Levels/UEDPIE_0_Brackeys2026Map
[2026.08.24-23.52.42:973][  5]LogPlayLevel: PIE: StaticDuplicateObject took: (0.002220s)
[2026.08.24-23.52.42:974][  5]LogAIModule: Creating AISystem for world Brackeys2026Map
[2026.08.24-23.52.42:974][  5]LogPlayLevel: PIE: World Init took: (0.000813s)
[2026.08.24-23.52.42:974][  5]LogPlayLevel: PIE: Created PIE world by copying editor world from /Game/Brackeys2026/Levels/Brackeys2026Map.Brackeys2026Map to /Game/Brackeys2026/Levels/UEDPIE_0_Brackeys2026Map.Brackeys2026Map (0.003135s)
[2026.08.24-23.52.42:991][  5]LogUObjectHash: Compacting FUObjectHashTables data took   1.43ms
[2026.08.24-23.52.42:991][  5]LogAudio: Display: Creating Audio Device:                 Id: 19, Scope: Unique, Realtime: True
[2026.08.24-23.52.42:991][  5]LogAudioMixer: Display: Audio Mixer Platform Settings:
[2026.08.24-23.52.42:991][  5]LogAudioMixer: Display: 	Sample Rate:						  48000
[2026.08.24-23.52.42:991][  5]LogAudioMixer: Display: 	Callback Buffer Frame Size Requested: 1024
[2026.08.24-23.52.42:991][  5]LogAudioMixer: Display: 	Callback Buffer Frame Size To Use:	  1024
[2026.08.24-23.52.42:991][  5]LogAudioMixer: Display: 	Number of buffers to queue:			  2
[2026.08.24-23.52.42:991][  5]LogAudioMixer: Display: 	Max Channels (voices):				  32
[2026.08.24-23.52.42:991][  5]LogAudioMixer: Display: 	Number of Async Source Workers:		  0
[2026.08.24-23.52.42:991][  5]LogAudio: Display: AudioDevice MaxSources: 32
[2026.08.24-23.52.42:992][  5]LogAudio: Display: Audio Spatialization Plugin: None (built-in).
[2026.08.24-23.52.42:992][  5]LogAudio: Display: Audio Reverb Plugin: None (built-in).
[2026.08.24-23.52.42:992][  5]LogAudio: Display: Audio Occlusion Plugin: None (built-in).
[2026.08.24-23.52.42:992][  5]LogAudioMixer: Display: Initializing audio mixer.
[2026.08.24-23.52.42:995][  5]LogAudioMixer: Display: 0: FrontLeft
[2026.08.24-23.52.42:995][  5]LogAudioMixer: Display: 1: FrontRight
[2026.08.24-23.52.43:011][  5]LogAudioMixer: Display: Using Audio Device Altavoces (Realtek(R) Audio)
[2026.08.24-23.52.43:011][  5]LogAudioMixer: Display: Initializing Sound Submixes...
[2026.08.24-23.52.43:011][  5]LogAudioMixer: Display: Creating Master Submix 'MasterSubmixDefault'
[2026.08.24-23.52.43:011][  5]LogAudioMixer: Display: Creating Master Submix 'MasterReverbSubmixDefault'
[2026.08.24-23.52.43:011][  5]LogAudioMixer: Display: Creating Master Submix 'MasterEQSubmixDefault'
[2026.08.24-23.52.43:011][  5]LogAudioMixer: FMixerPlatformXAudio2::StartAudioStream() called
[2026.08.24-23.52.43:011][  5]LogAudioMixer: Display: Output buffers initialized: Frames=1024, Channels=2, Samples=2048
[2026.08.24-23.52.43:011][  5]LogAudioMixer: Display: Starting AudioMixerPlatformInterface::RunInternal()
[2026.08.24-23.52.43:011][  5]LogAudioMixer: Display: FMixerPlatformXAudio2::SubmitBuffer() called for the first time
[2026.08.24-23.52.43:013][  5]LogInit: FAudioDevice initialized.
[2026.08.24-23.52.43:013][  5]LogAudio: Display: Audio Device (ID: 19) registered with world 'Brackeys2026Map'.
[2026.08.24-23.52.43:019][  5]LogLoad: Game class is 'BrackeysGameMode_C'
[2026.08.24-23.52.43:020][  5]LogWorld: Bringing World /Game/Brackeys2026/Levels/UEDPIE_0_Brackeys2026Map.Brackeys2026Map up for play (max tick rate 0) at 2026.08.24-20.52.43
[2026.08.24-23.52.43:021][  5]LogWorld: Bringing up level for play took: 0.000585
[2026.08.24-23.52.43:021][  5]LogOnline: OSS: Creating online subsystem instance for: :Context_24
[2026.08.24-23.52.43:023][  5]PIE: Server logged in
[2026.08.24-23.52.43:024][  5]PIE: Play in editor total start time 0.054 seconds.
[2026.08.24-23.52.44:061][ 96]LogBlueprintUserMessages: [BP_Phone_2] Answer: Smell Hint
[2026.08.24-23.52.45:533][225]LogSlate: Updating window title bar state: overlay mode, drag disabled, window buttons hidden, title bar hidden
[2026.08.24-23.52.45:533][225]LogWorld: BeginTearingDown for /Game/Brackeys2026/Levels/UEDPIE_0_Brackeys2026Map
[2026.08.24-23.52.45:533][225]LogWorld: UWorld::CleanupWorld for Brackeys2026Map, bSessionEnded=true, bCleanupResources=true
[2026.08.24-23.52.45:533][225]LogSlate: InvalidateAllWidgets triggered.  All widgets were invalidated
[2026.08.24-23.52.45:546][225]LogPlayLevel: Display: Shutting down PIE online subsystems
[2026.08.24-23.52.45:553][225]LogSlate: InvalidateAllWidgets triggered.  All widgets were invalidated
[2026.08.24-23.52.45:568][225]LogSlate: Updating window title bar state: overlay mode, drag disabled, window buttons hidden, title bar hidden
[2026.08.24-23.52.45:568][225]LogAudioMixer: FMixerPlatformXAudio2::StopAudioStream() called
[2026.08.24-23.52.45:569][225]LogAudioMixer: FMixerPlatformXAudio2::StopAudioStream() called
[2026.08.24-23.52.45:573][225]LogUObjectHash: Compacting FUObjectHashTables data took   1.42ms
[2026.08.24-23.52.45:611][226]LogPlayLevel: Display: Destroying online subsystem :Context_24
[2026.08.24-23.52.46:230][274]LogTemp: Repeating last play command: Selected Viewport
[2026.08.24-23.52.46:234][274]LogPlayLevel: PlayLevel: No blueprints needed recompiling
[2026.08.24-23.52.46:234][274]PIE: New page: PIE session: Brackeys2026Map (24 ago. 2026 17:52:46)
[2026.08.24-23.52.46:234][274]LogPlayLevel: Creating play world package: /Game/Brackeys2026/Levels/UEDPIE_0_Brackeys2026Map
[2026.08.24-23.52.46:236][274]LogPlayLevel: PIE: StaticDuplicateObject took: (0.002061s)
[2026.08.24-23.52.46:237][274]LogAIModule: Creating AISystem for world Brackeys2026Map
[2026.08.24-23.52.46:237][274]LogPlayLevel: PIE: World Init took: (0.000838s)
[2026.08.24-23.52.46:237][274]LogPlayLevel: PIE: Created PIE world by copying editor world from /Game/Brackeys2026/Levels/Brackeys2026Map.Brackeys2026Map to /Game/Brackeys2026/Levels/UEDPIE_0_Brackeys2026Map.Brackeys2026Map (0.003002s)
[2026.08.24-23.52.46:255][274]LogUObjectHash: Compacting FUObjectHashTables data took   1.46ms
[2026.08.24-23.52.46:256][274]LogAudio: Display: Creating Audio Device:                 Id: 20, Scope: Unique, Realtime: True
[2026.08.24-23.52.46:256][274]LogAudioMixer: Display: Audio Mixer Platform Settings:
[2026.08.24-23.52.46:256][274]LogAudioMixer: Display: 	Sample Rate:						  48000
[2026.08.24-23.52.46:256][274]LogAudioMixer: Display: 	Callback Buffer Frame Size Requested: 1024
[2026.08.24-23.52.46:256][274]LogAudioMixer: Display: 	Callback Buffer Frame Size To Use:	  1024
[2026.08.24-23.52.46:256][274]LogAudioMixer: Display: 	Number of buffers to queue:			  2
[2026.08.24-23.52.46:256][274]LogAudioMixer: Display: 	Max Channels (voices):				  32
[2026.08.24-23.52.46:256][274]LogAudioMixer: Display: 	Number of Async Source Workers:		  0
[2026.08.24-23.52.46:256][274]LogAudio: Display: AudioDevice MaxSources: 32
[2026.08.24-23.52.46:256][274]LogAudio: Display: Audio Spatialization Plugin: None (built-in).
[2026.08.24-23.52.46:256][274]LogAudio: Display: Audio Reverb Plugin: None (built-in).
[2026.08.24-23.52.46:256][274]LogAudio: Display: Audio Occlusion Plugin: None (built-in).
[2026.08.24-23.52.46:256][274]LogAudioMixer: Display: Initializing audio mixer.
[2026.08.24-23.52.46:260][274]LogAudioMixer: Display: 0: FrontLeft
[2026.08.24-23.52.46:260][274]LogAudioMixer: Display: 1: FrontRight
[2026.08.24-23.52.46:275][274]LogAudioMixer: Display: Using Audio Device Altavoces (Realtek(R) Audio)
[2026.08.24-23.52.46:275][274]LogAudioMixer: Display: Initializing Sound Submixes...
[2026.08.24-23.52.46:275][274]LogAudioMixer: Display: Creating Master Submix 'MasterSubmixDefault'
[2026.08.24-23.52.46:275][274]LogAudioMixer: Display: Creating Master Submix 'MasterReverbSubmixDefault'
[2026.08.24-23.52.46:275][274]LogAudioMixer: Display: Creating Master Submix 'MasterEQSubmixDefault'
[2026.08.24-23.52.46:275][274]LogAudioMixer: FMixerPlatformXAudio2::StartAudioStream() called
[2026.08.24-23.52.46:276][274]LogAudioMixer: Display: Output buffers initialized: Frames=1024, Channels=2, Samples=2048
[2026.08.24-23.52.46:276][274]LogAudioMixer: Display: Starting AudioMixerPlatformInterface::RunInternal()
[2026.08.24-23.52.46:276][274]LogAudioMixer: Display: FMixerPlatformXAudio2::SubmitBuffer() called for the first time
[2026.08.24-23.52.46:276][274]LogInit: FAudioDevice initialized.
[2026.08.24-23.52.46:276][274]LogAudio: Display: Audio Device (ID: 20) registered with world 'Brackeys2026Map'.
[2026.08.24-23.52.46:281][274]LogLoad: Game class is 'BrackeysGameMode_C'
[2026.08.24-23.52.46:281][274]LogWorld: Bringing World /Game/Brackeys2026/Levels/UEDPIE_0_Brackeys2026Map.Brackeys2026Map up for play (max tick rate 0) at 2026.08.24-20.52.46
[2026.08.24-23.52.46:281][274]LogWorld: Bringing up level for play took: 0.000570
[2026.08.24-23.52.46:281][274]LogOnline: OSS: Creating online subsystem instance for: :Context_25
[2026.08.24-23.52.46:284][274]PIE: Server logged in
[2026.08.24-23.52.46:284][274]PIE: Play in editor total start time 0.051 seconds.
[2026.08.24-23.52.47:733][394]LogSlate: Updating window title bar state: overlay mode, drag disabled, window buttons hidden, title bar hidden
[2026.08.24-23.52.47:733][394]LogWorld: BeginTearingDown for /Game/Brackeys2026/Levels/UEDPIE_0_Brackeys2026Map
[2026.08.24-23.52.47:733][394]LogWorld: UWorld::CleanupWorld for Brackeys2026Map, bSessionEnded=true, bCleanupResources=true
[2026.08.24-23.52.47:733][394]LogSlate: InvalidateAllWidgets triggered.  All widgets were invalidated
[2026.08.24-23.52.47:749][394]LogPlayLevel: Display: Shutting down PIE online subsystems
[2026.08.24-23.52.47:755][394]LogSlate: InvalidateAllWidgets triggered.  All widgets were invalidated
[2026.08.24-23.52.47:771][394]LogSlate: Updating window title bar state: overlay mode, drag disabled, window buttons hidden, title bar hidden
[2026.08.24-23.52.47:772][394]LogAudioMixer: FMixerPlatformXAudio2::StopAudioStream() called
[2026.08.24-23.52.47:773][394]LogAudioMixer: FMixerPlatformXAudio2::StopAudioStream() called
[2026.08.24-23.52.47:777][394]LogUObjectHash: Compacting FUObjectHashTables data took   1.44ms
[2026.08.24-23.52.47:814][395]LogPlayLevel: Display: Destroying online subsystem :Context_25
[2026.08.24-23.53.09:044][158]LogEditorTransaction: Undo Break Pin Links
[2026.08.24-23.53.13:074][422]LogTemp: Repeating last play command: Selected Viewport
[2026.08.24-23.53.13:079][422]BlueprintLog: New page: Pre-Play auto-recompile
[2026.08.24-23.53.13:081][422]LogPlayLevel: [PlayLevel] Compiling BP_Phone before play...
[2026.08.24-23.53.13:134][422]LogUObjectHash: Compacting FUObjectHashTables data took   1.80ms
[2026.08.24-23.53.13:136][422]LogPlayLevel: PlayLevel: Blueprint regeneration took 56 ms (1 blueprints)
[2026.08.24-23.53.13:136][422]PIE: New page: PIE session: Brackeys2026Map (24 ago. 2026 17:53:13)
[2026.08.24-23.53.13:136][422]LogPlayLevel: Creating play world package: /Game/Brackeys2026/Levels/UEDPIE_0_Brackeys2026Map
[2026.08.24-23.53.13:138][422]LogPlayLevel: PIE: StaticDuplicateObject took: (0.002003s)
[2026.08.24-23.53.13:139][422]LogAIModule: Creating AISystem for world Brackeys2026Map
[2026.08.24-23.53.13:139][422]LogPlayLevel: PIE: World Init took: (0.000835s)
[2026.08.24-23.53.13:139][422]LogPlayLevel: PIE: Created PIE world by copying editor world from /Game/Brackeys2026/Levels/Brackeys2026Map.Brackeys2026Map to /Game/Brackeys2026/Levels/UEDPIE_0_Brackeys2026Map.Brackeys2026Map (0.002940s)
[2026.08.24-23.53.13:156][422]LogUObjectHash: Compacting FUObjectHashTables data took   1.61ms
[2026.08.24-23.53.13:156][422]LogAudio: Display: Creating Audio Device:                 Id: 21, Scope: Unique, Realtime: True
[2026.08.24-23.53.13:156][422]LogAudioMixer: Display: Audio Mixer Platform Settings:
[2026.08.24-23.53.13:156][422]LogAudioMixer: Display: 	Sample Rate:						  48000
[2026.08.24-23.53.13:156][422]LogAudioMixer: Display: 	Callback Buffer Frame Size Requested: 1024
[2026.08.24-23.53.13:156][422]LogAudioMixer: Display: 	Callback Buffer Frame Size To Use:	  1024
[2026.08.24-23.53.13:156][422]LogAudioMixer: Display: 	Number of buffers to queue:			  2
[2026.08.24-23.53.13:156][422]LogAudioMixer: Display: 	Max Channels (voices):				  32
[2026.08.24-23.53.13:156][422]LogAudioMixer: Display: 	Number of Async Source Workers:		  0
[2026.08.24-23.53.13:156][422]LogAudio: Display: AudioDevice MaxSources: 32
[2026.08.24-23.53.13:156][422]LogAudio: Display: Audio Spatialization Plugin: None (built-in).
[2026.08.24-23.53.13:156][422]LogAudio: Display: Audio Reverb Plugin: None (built-in).
[2026.08.24-23.53.13:156][422]LogAudio: Display: Audio Occlusion Plugin: None (built-in).
[2026.08.24-23.53.13:156][422]LogAudioMixer: Display: Initializing audio mixer.
[2026.08.24-23.53.13:160][422]LogAudioMixer: Display: 0: FrontLeft
[2026.08.24-23.53.13:160][422]LogAudioMixer: Display: 1: FrontRight
[2026.08.24-23.53.13:176][422]LogAudioMixer: Display: Using Audio Device Altavoces (Realtek(R) Audio)
[2026.08.24-23.53.13:176][422]LogAudioMixer: Display: Initializing Sound Submixes...
[2026.08.24-23.53.13:176][422]LogAudioMixer: Display: Creating Master Submix 'MasterSubmixDefault'
[2026.08.24-23.53.13:176][422]LogAudioMixer: Display: Creating Master Submix 'MasterReverbSubmixDefault'
[2026.08.24-23.53.13:177][422]LogAudioMixer: Display: Creating Master Submix 'MasterEQSubmixDefault'
[2026.08.24-23.53.13:177][422]LogAudioMixer: FMixerPlatformXAudio2::StartAudioStream() called
[2026.08.24-23.53.13:177][422]LogAudioMixer: Display: Output buffers initialized: Frames=1024, Channels=2, Samples=2048
[2026.08.24-23.53.13:177][422]LogAudioMixer: Display: Starting AudioMixerPlatformInterface::RunInternal()
[2026.08.24-23.53.13:177][422]LogAudioMixer: Display: FMixerPlatformXAudio2::SubmitBuffer() called for the first time
[2026.08.24-23.53.13:177][422]LogInit: FAudioDevice initialized.
[2026.08.24-23.53.13:177][422]LogAudio: Display: Audio Device (ID: 21) registered with world 'Brackeys2026Map'.
[2026.08.24-23.53.13:183][422]LogLoad: Game class is 'BrackeysGameMode_C'
[2026.08.24-23.53.13:184][422]LogWorld: Bringing World /Game/Brackeys2026/Levels/UEDPIE_0_Brackeys2026Map.Brackeys2026Map up for play (max tick rate 0) at 2026.08.24-20.53.13
[2026.08.24-23.53.13:184][422]LogWorld: Bringing up level for play took: 0.000569
[2026.08.24-23.53.13:184][422]LogOnline: OSS: Creating online subsystem instance for: :Context_26
[2026.08.24-23.53.13:186][422]PIE: Server logged in
[2026.08.24-23.53.13:187][422]PIE: Play in editor total start time 0.108 seconds.
[2026.08.24-23.53.16:088][682]LogBlueprintUserMessages: [BP_Phone_2] Answer: Killer hint
[2026.08.24-23.53.17:014][766]LogBlueprintUserMessages: [BP_Phone_2] Answer: Smell Hint
[2026.08.24-23.53.17:652][824]LogBlueprintUserMessages: [BP_Phone_2] Answer: Smell Hint
[2026.08.24-23.53.18:204][874]LogBlueprintUserMessages: [BP_Phone_2] Answer: Smell Hint
[2026.08.24-23.53.18:731][922]LogBlueprintUserMessages: [BP_Phone_2] Answer: Killer hint
[2026.08.24-23.53.19:249][969]LogBlueprintUserMessages: [BP_Phone_2] Answer: Killer hint
[2026.08.24-23.53.19:711][ 11]LogBlueprintUserMessages: [BP_Phone_2] Answer: Smell Hint
[2026.08.24-23.53.20:127][ 49]LogBlueprintUserMessages: [BP_Phone_2] Answer: Smell Hint
[2026.08.24-23.53.20:635][ 95]LogBlueprintUserMessages: [BP_Phone_2] Answer: Smell Hint
[2026.08.24-23.53.21:075][135]LogBlueprintUserMessages: [BP_Phone_2] Answer: Smell Hint
[2026.08.24-23.53.21:658][188]LogBlueprintUserMessages: [BP_Phone_2] Answer: Killer hint
[2026.08.24-23.53.22:243][241]LogBlueprintUserMessages: [BP_Phone_2] Answer: Killer hint
[2026.08.24-23.53.22:549][269]LogBlueprintUserMessages: [BP_Phone_2] Answer: Smell Hint
[2026.08.24-23.53.22:963][306]LogBlueprintUserMessages: [BP_Phone_2] Answer: Killer hint
[2026.08.24-23.53.23:246][332]LogBlueprintUserMessages: [BP_Phone_2] Answer: Killer hint
[2026.08.24-23.53.23:541][359]LogBlueprintUserMessages: [BP_Phone_2] Answer: Killer hint
[2026.08.24-23.53.23:742][377]LogBlueprintUserMessages: [BP_Phone_2] Answer: Killer hint
[2026.08.24-23.53.23:928][394]LogBlueprintUserMessages: [BP_Phone_2] Answer: Smell Hint
[2026.08.24-23.53.24:116][411]LogBlueprintUserMessages: [BP_Phone_2] Answer: Smell Hint
[2026.08.24-23.53.24:301][428]LogBlueprintUserMessages: [BP_Phone_2] Answer: Smell Hint
[2026.08.24-23.53.24:502][446]LogBlueprintUserMessages: [BP_Phone_2] Answer: Smell Hint
[2026.08.24-23.53.24:714][465]LogBlueprintUserMessages: [BP_Phone_2] Answer: Smell Hint
[2026.08.24-23.53.24:889][481]LogBlueprintUserMessages: [BP_Phone_2] Answer: Killer hint
[2026.08.24-23.53.25:087][499]LogBlueprintUserMessages: [BP_Phone_2] Answer: Smell Hint
[2026.08.24-23.53.25:281][516]LogBlueprintUserMessages: [BP_Phone_2] Answer: Killer hint
[2026.08.24-23.53.25:472][533]LogBlueprintUserMessages: [BP_Phone_2] Answer: Smell Hint
[2026.08.24-23.53.26:832][645]LogSlate: Updating window title bar state: overlay mode, drag disabled, window buttons hidden, title bar hidden
[2026.08.24-23.53.26:832][645]LogWorld: BeginTearingDown for /Game/Brackeys2026/Levels/UEDPIE_0_Brackeys2026Map
[2026.08.24-23.53.26:833][645]LogWorld: UWorld::CleanupWorld for Brackeys2026Map, bSessionEnded=true, bCleanupResources=true
[2026.08.24-23.53.26:833][645]LogSlate: InvalidateAllWidgets triggered.  All widgets were invalidated
[2026.08.24-23.53.26:844][645]LogPlayLevel: Display: Shutting down PIE online subsystems
[2026.08.24-23.53.26:850][645]LogSlate: InvalidateAllWidgets triggered.  All widgets were invalidated
[2026.08.24-23.53.26:865][645]LogSlate: Updating window title bar state: overlay mode, drag disabled, window buttons hidden, title bar hidden
[2026.08.24-23.53.26:866][645]LogAudioMixer: FMixerPlatformXAudio2::StopAudioStream() called
[2026.08.24-23.53.26:867][645]LogAudioMixer: FMixerPlatformXAudio2::StopAudioStream() called
[2026.08.24-23.53.26:871][645]LogUObjectHash: Compacting FUObjectHashTables data took   1.46ms
[2026.08.24-23.53.26:926][647]LogPlayLevel: Display: Destroying online subsystem :Context_26
[2026.08.24-23.53.32:147][ 23]LogSavePackage: Moving '../../../../../GameProgramming/BrackeysGameJam/Brackeys-2026/BrackeysJam2026/Saved/BP_PhoneD3EE4B6E4D868D2F36FB52B89207CB91.tmp' to '../../../../../GameProgramming/BrackeysGameJam/Brackeys-2026/BrackeysJam2026/Content/Brackeys2026/Objects/Phone/BP_Phone.uasset'
[2026.08.24-23.53.32:178][ 23]AssetCheck: New page: Asset Save: BP_Phone
[2026.08.24-23.53.32:178][ 23]LogContentValidation: Display: Validating Blueprint /Game/Brackeys2026/Objects/Phone/BP_Phone.BP_Phone
[2026.08.24-23.53.33:558][123]LogTemp: Repeating last play command: Selected Viewport
[2026.08.24-23.53.33:562][123]BlueprintLog: New page: Pre-Play auto-recompile
[2026.08.24-23.53.33:564][123]LogPlayLevel: [PlayLevel] Compiling BP_Phone before play...
[2026.08.24-23.53.33:616][123]LogUObjectHash: Compacting FUObjectHashTables data took   1.78ms
[2026.08.24-23.53.33:619][123]LogPlayLevel: PlayLevel: Blueprint regeneration took 56 ms (1 blueprints)
[2026.08.24-23.53.33:619][123]PIE: New page: PIE session: Brackeys2026Map (24 ago. 2026 17:53:33)
[2026.08.24-23.53.33:619][123]LogPlayLevel: Creating play world package: /Game/Brackeys2026/Levels/UEDPIE_0_Brackeys2026Map
[2026.08.24-23.53.33:622][123]LogPlayLevel: PIE: StaticDuplicateObject took: (0.002112s)
[2026.08.24-23.53.33:622][123]LogAIModule: Creating AISystem for world Brackeys2026Map
[2026.08.24-23.53.33:622][123]LogPlayLevel: PIE: World Init took: (0.000910s)
[2026.08.24-23.53.33:622][123]LogPlayLevel: PIE: Created PIE world by copying editor world from /Game/Brackeys2026/Levels/Brackeys2026Map.Brackeys2026Map to /Game/Brackeys2026/Levels/UEDPIE_0_Brackeys2026Map.Brackeys2026Map (0.003136s)
[2026.08.24-23.53.33:638][123]LogUObjectHash: Compacting FUObjectHashTables data took   1.44ms
[2026.08.24-23.53.33:639][123]LogAudio: Display: Creating Audio Device:                 Id: 22, Scope: Unique, Realtime: True
[2026.08.24-23.53.33:639][123]LogAudioMixer: Display: Audio Mixer Platform Settings:
[2026.08.24-23.53.33:639][123]LogAudioMixer: Display: 	Sample Rate:						  48000
[2026.08.24-23.53.33:639][123]LogAudioMixer: Display: 	Callback Buffer Frame Size Requested: 1024
[2026.08.24-23.53.33:639][123]LogAudioMixer: Display: 	Callback Buffer Frame Size To Use:	  1024
[2026.08.24-23.53.33:639][123]LogAudioMixer: Display: 	Number of buffers to queue:			  2
[2026.08.24-23.53.33:639][123]LogAudioMixer: Display: 	Max Channels (voices):				  32
[2026.08.24-23.53.33:639][123]LogAudioMixer: Display: 	Number of Async Source Workers:		  0
[2026.08.24-23.53.33:639][123]LogAudio: Display: AudioDevice MaxSources: 32
[2026.08.24-23.53.33:639][123]LogAudio: Display: Audio Spatialization Plugin: None (built-in).
[2026.08.24-23.53.33:639][123]LogAudio: Display: Audio Reverb Plugin: None (built-in).
[2026.08.24-23.53.33:639][123]LogAudio: Display: Audio Occlusion Plugin: None (built-in).
[2026.08.24-23.53.33:639][123]LogAudioMixer: Display: Initializing audio mixer.
[2026.08.24-23.53.33:642][123]LogAudioMixer: Display: 0: FrontLeft
[2026.08.24-23.53.33:642][123]LogAudioMixer: Display: 1: FrontRight
[2026.08.24-23.53.33:658][123]LogAudioMixer: Display: Using Audio Device Altavoces (Realtek(R) Audio)
[2026.08.24-23.53.33:658][123]LogAudioMixer: Display: Initializing Sound Submixes...
[2026.08.24-23.53.33:658][123]LogAudioMixer: Display: Creating Master Submix 'MasterSubmixDefault'
[2026.08.24-23.53.33:658][123]LogAudioMixer: Display: Creating Master Submix 'MasterReverbSubmixDefault'
[2026.08.24-23.53.33:659][123]LogAudioMixer: Display: Creating Master Submix 'MasterEQSubmixDefault'
[2026.08.24-23.53.33:659][123]LogAudioMixer: FMixerPlatformXAudio2::StartAudioStream() called
[2026.08.24-23.53.33:659][123]LogAudioMixer: Display: Output buffers initialized: Frames=1024, Channels=2, Samples=2048
[2026.08.24-23.53.33:659][123]LogAudioMixer: Display: Starting AudioMixerPlatformInterface::RunInternal()
[2026.08.24-23.53.33:659][123]LogAudioMixer: Display: FMixerPlatformXAudio2::SubmitBuffer() called for the first time
[2026.08.24-23.53.33:659][123]LogInit: FAudioDevice initialized.
[2026.08.24-23.53.33:659][123]LogAudio: Display: Audio Device (ID: 22) registered with world 'Brackeys2026Map'.
[2026.08.24-23.53.33:666][123]LogLoad: Game class is 'BrackeysGameMode_C'
[2026.08.24-23.53.33:667][123]LogWorld: Bringing World /Game/Brackeys2026/Levels/UEDPIE_0_Brackeys2026Map.Brackeys2026Map up for play (max tick rate 0) at 2026.08.24-20.53.33
[2026.08.24-23.53.33:667][123]LogWorld: Bringing up level for play took: 0.000548
[2026.08.24-23.53.33:668][123]LogOnline: OSS: Creating online subsystem instance for: :Context_27
[2026.08.24-23.53.33:670][123]PIE: Server logged in
[2026.08.24-23.53.33:670][123]PIE: Play in editor total start time 0.108 seconds.
[2026.08.24-23.53.34:786][222]LogBlueprintUserMessages: [BP_Phone_2] Answer: Killer hint
[2026.08.24-23.53.35:229][262]LogBlueprintUserMessages: [BP_Phone_2] Answer: Smell Hint
[2026.08.24-23.53.35:690][303]LogBlueprintUserMessages: [BP_Phone_2] Answer: Killer hint
[2026.08.24-23.53.36:221][350]LogBlueprintUserMessages: [BP_Phone_2] Answer: Smell Hint
[2026.08.24-23.53.36:595][384]LogBlueprintUserMessages: [BP_Phone_2] Answer: Weight hint
[2026.08.24-23.53.37:356][453]LogBlueprintUserMessages: [BP_Phone_2] Answer: Weight hint
[2026.08.24-23.53.37:609][476]LogBlueprintUserMessages: [BP_Phone_2] Answer: Killer hint
[2026.08.24-23.53.37:797][493]LogBlueprintUserMessages: [BP_Phone_2] Answer: Smell Hint
[2026.08.24-23.53.38:054][516]LogBlueprintUserMessages: [BP_Phone_2] Answer: Smell Hint
[2026.08.24-23.53.38:241][533]LogBlueprintUserMessages: [BP_Phone_2] Answer: Smell Hint
[2026.08.24-23.53.38:429][550]LogBlueprintUserMessages: [BP_Phone_2] Answer: Killer hint
[2026.08.24-23.53.38:605][566]LogBlueprintUserMessages: [BP_Phone_2] Answer: Weight hint
[2026.08.24-23.53.38:771][581]LogBlueprintUserMessages: [BP_Phone_2] Answer: Killer hint
[2026.08.24-23.53.39:863][670]LogSlate: Updating window title bar state: overlay mode, drag disabled, window buttons hidden, title bar hidden
[2026.08.24-23.53.39:863][670]LogWorld: BeginTearingDown for /Game/Brackeys2026/Levels/UEDPIE_0_Brackeys2026Map
[2026.08.24-23.53.39:863][670]LogWorld: UWorld::CleanupWorld for Brackeys2026Map, bSessionEnded=true, bCleanupResources=true
[2026.08.24-23.53.39:863][670]LogSlate: InvalidateAllWidgets triggered.  All widgets were invalidated
[2026.08.24-23.53.39:879][670]LogPlayLevel: Display: Shutting down PIE online subsystems
[2026.08.24-23.53.39:886][670]LogSlate: InvalidateAllWidgets triggered.  All widgets were invalidated
[2026.08.24-23.53.39:900][670]LogSlate: Updating window title bar state: overlay mode, drag disabled, window buttons hidden, title bar hidden
[2026.08.24-23.53.39:900][670]LogAudioMixer: FMixerPlatformXAudio2::StopAudioStream() called
[2026.08.24-23.53.39:901][670]LogAudioMixer: FMixerPlatformXAudio2::StopAudioStream() called
[2026.08.24-23.53.39:906][670]LogUObjectHash: Compacting FUObjectHashTables data took   1.41ms
[2026.08.24-23.53.39:945][671]LogPlayLevel: Display: Destroying online subsystem :Context_27
[2026.08.24-23.54.37:615][683]LogUObjectHash: Compacting FUObjectHashTables data took   1.17ms
[2026.08.24-23.54.37:624][683]LogSavePackage: Moving '../../../../../GameProgramming/BrackeysGameJam/Brackeys-2026/BrackeysJam2026/Saved/Brackeys2026Map_Auto8ECDD69B0447972915CC93E9B17FF03C2.tmp' to '../../../../../GameProgramming/BrackeysGameJam/Brackeys-2026/BrackeysJam2026/Saved/Autosaves/Game/Brackeys2026/Levels/Brackeys2026Map_Auto8.umap'
[2026.08.24-23.54.37:625][683]LogFileHelpers: Editor autosave (incl. external actors) for '/Game/Brackeys2026/Levels/Brackeys2026Map' took 0.027
[2026.08.24-23.54.37:625][683]LogFileHelpers: Editor autosave (incl. sublevels & external actors) for all levels took 0.027
[2026.08.25-00.01.49:498][496]LogSavePackage: Moving '../../../../../GameProgramming/BrackeysGameJam/Brackeys-2026/BrackeysJam2026/Saved/BP_Phone1865DE8D4C8EC45ACE215CAF1608A4F5.tmp' to '../../../../../GameProgramming/BrackeysGameJam/Brackeys-2026/BrackeysJam2026/Content/Brackeys2026/Objects/Phone/BP_Phone.uasset'
[2026.08.25-00.01.49:532][496]AssetCheck: New page: Asset Save: BP_Phone
[2026.08.25-00.01.49:532][496]LogContentValidation: Display: Validating Blueprint /Game/Brackeys2026/Objects/Phone/BP_Phone.BP_Phone
[2026.08.25-00.01.49:972][528]LogTemp: Repeating last play command: Selected Viewport
[2026.08.25-00.01.49:977][528]BlueprintLog: New page: Pre-Play auto-recompile
[2026.08.25-00.01.49:979][528]LogPlayLevel: [PlayLevel] Compiling BP_Phone before play...
[2026.08.25-00.01.50:035][528]LogUObjectHash: Compacting FUObjectHashTables data took   2.21ms
[2026.08.25-00.01.50:036][528]LogPlayLevel: PlayLevel: Blueprint regeneration took 59 ms (1 blueprints)
[2026.08.25-00.01.50:036][528]PIE: New page: PIE session: Brackeys2026Map (24 ago. 2026 18:01:50)
[2026.08.25-00.01.50:037][528]LogPlayLevel: Creating play world package: /Game/Brackeys2026/Levels/UEDPIE_0_Brackeys2026Map
[2026.08.25-00.01.50:039][528]LogPlayLevel: PIE: StaticDuplicateObject took: (0.002054s)
[2026.08.25-00.01.50:039][528]LogAIModule: Creating AISystem for world Brackeys2026Map
[2026.08.25-00.01.50:040][528]LogPlayLevel: PIE: World Init took: (0.000881s)
[2026.08.25-00.01.50:040][528]LogPlayLevel: PIE: Created PIE world by copying editor world from /Game/Brackeys2026/Levels/Brackeys2026Map.Brackeys2026Map to /Game/Brackeys2026/Levels/UEDPIE_0_Brackeys2026Map.Brackeys2026Map (0.003049s)
[2026.08.25-00.01.50:056][528]LogUObjectHash: Compacting FUObjectHashTables data took   1.51ms
[2026.08.25-00.01.50:056][528]LogAudio: Display: Creating Audio Device:                 Id: 23, Scope: Unique, Realtime: True
[2026.08.25-00.01.50:056][528]LogAudioMixer: Display: Audio Mixer Platform Settings:
[2026.08.25-00.01.50:056][528]LogAudioMixer: Display: 	Sample Rate:						  48000
[2026.08.25-00.01.50:056][528]LogAudioMixer: Display: 	Callback Buffer Frame Size Requested: 1024
[2026.08.25-00.01.50:056][528]LogAudioMixer: Display: 	Callback Buffer Frame Size To Use:	  1024
[2026.08.25-00.01.50:056][528]LogAudioMixer: Display: 	Number of buffers to queue:			  2
[2026.08.25-00.01.50:056][528]LogAudioMixer: Display: 	Max Channels (voices):				  32
[2026.08.25-00.01.50:056][528]LogAudioMixer: Display: 	Number of Async Source Workers:		  0
[2026.08.25-00.01.50:056][528]LogAudio: Display: AudioDevice MaxSources: 32
[2026.08.25-00.01.50:057][528]LogAudio: Display: Audio Spatialization Plugin: None (built-in).
[2026.08.25-00.01.50:057][528]LogAudio: Display: Audio Reverb Plugin: None (built-in).
[2026.08.25-00.01.50:057][528]LogAudio: Display: Audio Occlusion Plugin: None (built-in).
[2026.08.25-00.01.50:057][528]LogAudioMixer: Display: Initializing audio mixer.
[2026.08.25-00.01.50:061][528]LogAudioMixer: Display: 0: FrontLeft
[2026.08.25-00.01.50:061][528]LogAudioMixer: Display: 1: FrontRight
[2026.08.25-00.01.50:077][528]LogAudioMixer: Display: Using Audio Device Altavoces (Realtek(R) Audio)
[2026.08.25-00.01.50:077][528]LogAudioMixer: Display: Initializing Sound Submixes...
[2026.08.25-00.01.50:077][528]LogAudioMixer: Display: Creating Master Submix 'MasterSubmixDefault'
[2026.08.25-00.01.50:077][528]LogAudioMixer: Display: Creating Master Submix 'MasterReverbSubmixDefault'
[2026.08.25-00.01.50:077][528]LogAudioMixer: Display: Creating Master Submix 'MasterEQSubmixDefault'
[2026.08.25-00.01.50:077][528]LogAudioMixer: FMixerPlatformXAudio2::StartAudioStream() called
[2026.08.25-00.01.50:077][528]LogAudioMixer: Display: Output buffers initialized: Frames=1024, Channels=2, Samples=2048
[2026.08.25-00.01.50:078][528]LogAudioMixer: Display: Starting AudioMixerPlatformInterface::RunInternal()
[2026.08.25-00.01.50:078][528]LogAudioMixer: Display: FMixerPlatformXAudio2::SubmitBuffer() called for the first time
[2026.08.25-00.01.50:078][528]LogInit: FAudioDevice initialized.
[2026.08.25-00.01.50:078][528]LogAudio: Display: Audio Device (ID: 23) registered with world 'Brackeys2026Map'.
[2026.08.25-00.01.50:089][528]LogLoad: Game class is 'BrackeysGameMode_C'
[2026.08.25-00.01.50:090][528]LogWorld: Bringing World /Game/Brackeys2026/Levels/UEDPIE_0_Brackeys2026Map.Brackeys2026Map up for play (max tick rate 0) at 2026.08.24-21.01.50
[2026.08.25-00.01.50:091][528]LogWorld: Bringing up level for play took: 0.000688
[2026.08.25-00.01.50:091][528]LogOnline: OSS: Creating online subsystem instance for: :Context_28
[2026.08.25-00.01.50:093][528]PIE: Server logged in
[2026.08.25-00.01.50:094][528]PIE: Play in editor total start time 0.118 seconds.
[2026.08.25-00.01.57:743][816]LogBlueprintUserMessages: [BP_Phone_2] Answer: Weight hint
[2026.08.25-00.01.59:557][977]LogBlueprintUserMessages: [BP_Phone_2] Answer: Smell Hint
[2026.08.25-00.02.00:452][ 56]LogBlueprintUserMessages: [BP_Phone_2] Answer: Killer hint
[2026.08.25-00.02.01:387][138]LogBlueprintUserMessages: [BP_Phone_2] Answer: Killer hint
[2026.08.25-00.02.02:077][199]LogBlueprintUserMessages: [BP_Phone_2] Answer: Weight hint
[2026.08.25-00.02.03:156][294]LogBlueprintUserMessages: [BP_Phone_2] Answer: Weight hint
[2026.08.25-00.02.03:617][335]LogBlueprintUserMessages: [BP_Phone_2] Answer: Smell Hint
[2026.08.25-00.02.04:015][371]LogBlueprintUserMessages: [BP_Phone_2] Answer: Weight hint
[2026.08.25-00.02.04:327][399]LogBlueprintUserMessages: [BP_Phone_2] Answer: Killer hint
[2026.08.25-00.02.04:551][419]LogBlueprintUserMessages: [BP_Phone_2] Answer: Smell Hint
[2026.08.25-00.02.04:775][439]LogBlueprintUserMessages: [BP_Phone_2] Answer: Smell Hint
[2026.08.25-00.02.04:967][456]LogBlueprintUserMessages: [BP_Phone_2] Answer: Killer hint
[2026.08.25-00.02.05:177][475]LogBlueprintUserMessages: [BP_Phone_2] Answer: Smell Hint
[2026.08.25-00.02.05:390][494]LogBlueprintUserMessages: [BP_Phone_2] Answer: Killer hint
[2026.08.25-00.02.05:582][511]LogBlueprintUserMessages: [BP_Phone_2] Answer: Weight hint
[2026.08.25-00.02.05:768][528]LogBlueprintUserMessages: [BP_Phone_2] Answer: Smell Hint
[2026.08.25-00.02.08:369][751]LogBlueprintUserMessages: [BP_Phone_2] Answer: Killer hint
[2026.08.25-00.02.08:525][765]LogBlueprintUserMessages: [BP_Phone_2] Answer: Weight hint
[2026.08.25-00.02.08:716][782]LogBlueprintUserMessages: [BP_Phone_2] Answer: Weight hint
[2026.08.25-00.02.08:905][799]LogBlueprintUserMessages: [BP_Phone_2] Answer: Weight hint
[2026.08.25-00.02.09:227][828]LogBlueprintUserMessages: [BP_Phone_2] Answer: Weight hint
[2026.08.25-00.02.09:395][843]LogBlueprintUserMessages: [BP_Phone_2] Answer: Smell Hint
[2026.08.25-00.02.09:586][860]LogBlueprintUserMessages: [BP_Phone_2] Answer: Killer hint
[2026.08.25-00.02.09:764][876]LogBlueprintUserMessages: [BP_Phone_2] Answer: Smell Hint
[2026.08.25-00.02.12:361][105]LogBlueprintUserMessages: [BP_Phone_2] Answer: Smell Hint
[2026.08.25-00.02.12:903][154]LogBlueprintUserMessages: [BP_Phone_2] Answer: Smell Hint
[2026.08.25-00.02.13:953][243]LogSlate: Updating window title bar state: overlay mode, drag disabled, window buttons hidden, title bar hidden
[2026.08.25-00.02.13:953][243]LogWorld: BeginTearingDown for /Game/Brackeys2026/Levels/UEDPIE_0_Brackeys2026Map
[2026.08.25-00.02.13:953][243]LogWorld: UWorld::CleanupWorld for Brackeys2026Map, bSessionEnded=true, bCleanupResources=true
[2026.08.25-00.02.13:953][243]LogSlate: InvalidateAllWidgets triggered.  All widgets were invalidated
[2026.08.25-00.02.13:967][243]LogPlayLevel: Display: Shutting down PIE online subsystems
[2026.08.25-00.02.13:974][243]LogSlate: InvalidateAllWidgets triggered.  All widgets were invalidated
[2026.08.25-00.02.13:989][243]LogSlate: Updating window title bar state: overlay mode, drag disabled, window buttons hidden, title bar hidden
[2026.08.25-00.02.13:989][243]LogAudioMixer: FMixerPlatformXAudio2::StopAudioStream() called
[2026.08.25-00.02.13:991][243]LogAudioMixer: FMixerPlatformXAudio2::StopAudioStream() called
[2026.08.25-00.02.13:995][243]LogUObjectHash: Compacting FUObjectHashTables data took   1.69ms
[2026.08.25-00.02.14:033][244]LogPlayLevel: Display: Destroying online subsystem :Context_28
[2026.08.25-00.02.14:817][299]LogTemp: Repeating last play command: Selected Viewport
[2026.08.25-00.02.14:822][299]LogPlayLevel: PlayLevel: No blueprints needed recompiling
[2026.08.25-00.02.14:822][299]PIE: New page: PIE session: Brackeys2026Map (24 ago. 2026 18:02:14)
[2026.08.25-00.02.14:822][299]LogPlayLevel: Creating play world package: /Game/Brackeys2026/Levels/UEDPIE_0_Brackeys2026Map
[2026.08.25-00.02.14:825][299]LogPlayLevel: PIE: StaticDuplicateObject took: (0.002159s)
[2026.08.25-00.02.14:825][299]LogAIModule: Creating AISystem for world Brackeys2026Map
[2026.08.25-00.02.14:825][299]LogPlayLevel: PIE: World Init took: (0.000860s)
[2026.08.25-00.02.14:825][299]LogPlayLevel: PIE: Created PIE world by copying editor world from /Game/Brackeys2026/Levels/Brackeys2026Map.Brackeys2026Map to /Game/Brackeys2026/Levels/UEDPIE_0_Brackeys2026Map.Brackeys2026Map (0.003125s)
[2026.08.25-00.02.14:842][299]LogUObjectHash: Compacting FUObjectHashTables data took   1.47ms
[2026.08.25-00.02.14:843][299]LogAudio: Display: Creating Audio Device:                 Id: 24, Scope: Unique, Realtime: True
[2026.08.25-00.02.14:843][299]LogAudioMixer: Display: Audio Mixer Platform Settings:
[2026.08.25-00.02.14:843][299]LogAudioMixer: Display: 	Sample Rate:						  48000
[2026.08.25-00.02.14:843][299]LogAudioMixer: Display: 	Callback Buffer Frame Size Requested: 1024
[2026.08.25-00.02.14:843][299]LogAudioMixer: Display: 	Callback Buffer Frame Size To Use:	  1024
[2026.08.25-00.02.14:843][299]LogAudioMixer: Display: 	Number of buffers to queue:			  2
[2026.08.25-00.02.14:843][299]LogAudioMixer: Display: 	Max Channels (voices):				  32
[2026.08.25-00.02.14:843][299]LogAudioMixer: Display: 	Number of Async Source Workers:		  0
[2026.08.25-00.02.14:843][299]LogAudio: Display: AudioDevice MaxSources: 32
[2026.08.25-00.02.14:843][299]LogAudio: Display: Audio Spatialization Plugin: None (built-in).
[2026.08.25-00.02.14:844][299]LogAudio: Display: Audio Reverb Plugin: None (built-in).
[2026.08.25-00.02.14:844][299]LogAudio: Display: Audio Occlusion Plugin: None (built-in).
[2026.08.25-00.02.14:844][299]LogAudioMixer: Display: Initializing audio mixer.
[2026.08.25-00.02.14:847][299]LogAudioMixer: Display: 0: FrontLeft
[2026.08.25-00.02.14:847][299]LogAudioMixer: Display: 1: FrontRight
[2026.08.25-00.02.14:862][299]LogAudioMixer: Display: Using Audio Device Altavoces (Realtek(R) Audio)
[2026.08.25-00.02.14:862][299]LogAudioMixer: Display: Initializing Sound Submixes...
[2026.08.25-00.02.14:862][299]LogAudioMixer: Display: Creating Master Submix 'MasterSubmixDefault'
[2026.08.25-00.02.14:862][299]LogAudioMixer: Display: Creating Master Submix 'MasterReverbSubmixDefault'
[2026.08.25-00.02.14:863][299]LogAudioMixer: Display: Creating Master Submix 'MasterEQSubmixDefault'
[2026.08.25-00.02.14:863][299]LogAudioMixer: FMixerPlatformXAudio2::StartAudioStream() called
[2026.08.25-00.02.14:863][299]LogAudioMixer: Display: Output buffers initialized: Frames=1024, Channels=2, Samples=2048
[2026.08.25-00.02.14:863][299]LogAudioMixer: Display: Starting AudioMixerPlatformInterface::RunInternal()
[2026.08.25-00.02.14:864][299]LogAudioMixer: Display: FMixerPlatformXAudio2::SubmitBuffer() called for the first time
[2026.08.25-00.02.14:864][299]LogInit: FAudioDevice initialized.
[2026.08.25-00.02.14:864][299]LogAudio: Display: Audio Device (ID: 24) registered with world 'Brackeys2026Map'.
[2026.08.25-00.02.14:874][299]LogLoad: Game class is 'BrackeysGameMode_C'
[2026.08.25-00.02.14:875][299]LogWorld: Bringing World /Game/Brackeys2026/Levels/UEDPIE_0_Brackeys2026Map.Brackeys2026Map up for play (max tick rate 0) at 2026.08.24-21.02.14
[2026.08.25-00.02.14:875][299]LogWorld: Bringing up level for play took: 0.000520
[2026.08.25-00.02.14:876][299]LogOnline: OSS: Creating online subsystem instance for: :Context_29
[2026.08.25-00.02.14:877][299]PIE: Server logged in
[2026.08.25-00.02.14:878][299]PIE: Play in editor total start time 0.057 seconds.
[2026.08.25-00.02.16:294][423]LogBlueprintUserMessages: [BP_Phone_2] Answer: Killer hint
[2026.08.25-00.02.19:623][710]LogSlate: Updating window title bar state: overlay mode, drag disabled, window buttons hidden, title bar hidden
[2026.08.25-00.02.19:623][710]LogWorld: BeginTearingDown for /Game/Brackeys2026/Levels/UEDPIE_0_Brackeys2026Map
[2026.08.25-00.02.19:623][710]LogWorld: UWorld::CleanupWorld for Brackeys2026Map, bSessionEnded=true, bCleanupResources=true
[2026.08.25-00.02.19:623][710]LogSlate: InvalidateAllWidgets triggered.  All widgets were invalidated
[2026.08.25-00.02.19:634][710]LogPlayLevel: Display: Shutting down PIE online subsystems
[2026.08.25-00.02.19:641][710]LogSlate: InvalidateAllWidgets triggered.  All widgets were invalidated
[2026.08.25-00.02.19:657][710]LogSlate: Updating window title bar state: overlay mode, drag disabled, window buttons hidden, title bar hidden
[2026.08.25-00.02.19:657][710]LogAudioMixer: FMixerPlatformXAudio2::StopAudioStream() called
[2026.08.25-00.02.19:658][710]LogAudioMixer: FMixerPlatformXAudio2::StopAudioStream() called
[2026.08.25-00.02.19:662][710]LogUObjectHash: Compacting FUObjectHashTables data took   1.47ms
[2026.08.25-00.02.19:701][711]LogPlayLevel: Display: Destroying online subsystem :Context_29
[2026.08.25-00.02.33:314][589]LogEditorTransaction: Undo Move Node
[2026.08.25-00.02.33:989][616]LogEditorTransaction: Undo Create Pin Link
[2026.08.25-00.02.38:491][876]LogEditorTransaction: Undo Move Node
[2026.08.25-00.02.39:364][915]LogEditorTransaction: Undo Add Node
[2026.08.25-00.07.05:704][323]LogSavePackage: Moving '../../../../../GameProgramming/BrackeysGameJam/Brackeys-2026/BrackeysJam2026/Saved/BP_Phone9D130A604DE7BA4385260791A84AA2B7.tmp' to '../../../../../GameProgramming/BrackeysGameJam/Brackeys-2026/BrackeysJam2026/Content/Brackeys2026/Objects/Phone/BP_Phone.uasset'
[2026.08.25-00.07.05:722][323]AssetCheck: New page: Asset Save: BP_Phone
[2026.08.25-00.07.05:722][323]LogContentValidation: Display: Validating Blueprint /Game/Brackeys2026/Objects/Phone/BP_Phone.BP_Phone
[2026.08.25-00.07.27:085][914]LogSavePackage: Moving '../../../../../GameProgramming/BrackeysGameJam/Brackeys-2026/BrackeysJam2026/Saved/BP_Phone51BF2B1248E4734FB80F368DB52FB04D.tmp' to '../../../../../GameProgramming/BrackeysGameJam/Brackeys-2026/BrackeysJam2026/Content/Brackeys2026/Objects/Phone/BP_Phone.uasset'
[2026.08.25-00.07.27:110][914]AssetCheck: New page: Asset Save: BP_Phone
[2026.08.25-00.07.27:110][914]LogContentValidation: Display: Validating Blueprint /Game/Brackeys2026/Objects/Phone/BP_Phone.BP_Phone
[2026.08.25-00.07.28:004][978]LogTemp: Repeating last play command: Selected Viewport
[2026.08.25-00.07.28:009][978]BlueprintLog: New page: Pre-Play auto-recompile
[2026.08.25-00.07.28:011][978]LogPlayLevel: [PlayLevel] Compiling BP_Phone before play...
[2026.08.25-00.07.28:073][978]LogUObjectHash: Compacting FUObjectHashTables data took   1.90ms
[2026.08.25-00.07.28:076][978]LogPlayLevel: PlayLevel: Blueprint regeneration took 66 ms (1 blueprints)
[2026.08.25-00.07.28:076][978]PIE: New page: PIE session: Brackeys2026Map (24 ago. 2026 18:07:28)
[2026.08.25-00.07.28:076][978]LogPlayLevel: Creating play world package: /Game/Brackeys2026/Levels/UEDPIE_0_Brackeys2026Map
[2026.08.25-00.07.28:078][978]LogPlayLevel: PIE: StaticDuplicateObject took: (0.002122s)
[2026.08.25-00.07.28:079][978]LogAIModule: Creating AISystem for world Brackeys2026Map
[2026.08.25-00.07.28:079][978]LogPlayLevel: PIE: World Init took: (0.000939s)
[2026.08.25-00.07.28:079][978]LogPlayLevel: PIE: Created PIE world by copying editor world from /Game/Brackeys2026/Levels/Brackeys2026Map.Brackeys2026Map to /Game/Brackeys2026/Levels/UEDPIE_0_Brackeys2026Map.Brackeys2026Map (0.003200s)
[2026.08.25-00.07.28:096][978]LogUObjectHash: Compacting FUObjectHashTables data took   1.43ms
[2026.08.25-00.07.28:096][978]LogAudio: Display: Creating Audio Device:                 Id: 25, Scope: Unique, Realtime: True
[2026.08.25-00.07.28:096][978]LogAudioMixer: Display: Audio Mixer Platform Settings:
[2026.08.25-00.07.28:096][978]LogAudioMixer: Display: 	Sample Rate:						  48000
[2026.08.25-00.07.28:096][978]LogAudioMixer: Display: 	Callback Buffer Frame Size Requested: 1024
[2026.08.25-00.07.28:096][978]LogAudioMixer: Display: 	Callback Buffer Frame Size To Use:	  1024
[2026.08.25-00.07.28:096][978]LogAudioMixer: Display: 	Number of buffers to queue:			  2
[2026.08.25-00.07.28:096][978]LogAudioMixer: Display: 	Max Channels (voices):				  32
[2026.08.25-00.07.28:096][978]LogAudioMixer: Display: 	Number of Async Source Workers:		  0
[2026.08.25-00.07.28:096][978]LogAudio: Display: AudioDevice MaxSources: 32
[2026.08.25-00.07.28:097][978]LogAudio: Display: Audio Spatialization Plugin: None (built-in).
[2026.08.25-00.07.28:097][978]LogAudio: Display: Audio Reverb Plugin: None (built-in).
[2026.08.25-00.07.28:097][978]LogAudio: Display: Audio Occlusion Plugin: None (built-in).
[2026.08.25-00.07.28:097][978]LogAudioMixer: Display: Initializing audio mixer.
[2026.08.25-00.07.28:101][978]LogAudioMixer: Display: 0: FrontLeft
[2026.08.25-00.07.28:101][978]LogAudioMixer: Display: 1: FrontRight
[2026.08.25-00.07.28:117][978]LogAudioMixer: Display: Using Audio Device Altavoces (Realtek(R) Audio)
[2026.08.25-00.07.28:117][978]LogAudioMixer: Display: Initializing Sound Submixes...
[2026.08.25-00.07.28:117][978]LogAudioMixer: Display: Creating Master Submix 'MasterSubmixDefault'
[2026.08.25-00.07.28:117][978]LogAudioMixer: Display: Creating Master Submix 'MasterReverbSubmixDefault'
[2026.08.25-00.07.28:117][978]LogAudioMixer: Display: Creating Master Submix 'MasterEQSubmixDefault'
[2026.08.25-00.07.28:117][978]LogAudioMixer: FMixerPlatformXAudio2::StartAudioStream() called
[2026.08.25-00.07.28:117][978]LogAudioMixer: Display: Output buffers initialized: Frames=1024, Channels=2, Samples=2048
[2026.08.25-00.07.28:118][978]LogAudioMixer: Display: Starting AudioMixerPlatformInterface::RunInternal()
[2026.08.25-00.07.28:118][978]LogAudioMixer: Display: FMixerPlatformXAudio2::SubmitBuffer() called for the first time
[2026.08.25-00.07.28:118][978]LogInit: FAudioDevice initialized.
[2026.08.25-00.07.28:118][978]LogAudio: Display: Audio Device (ID: 25) registered with world 'Brackeys2026Map'.
[2026.08.25-00.07.28:133][978]LogLoad: Game class is 'BrackeysGameMode_C'
[2026.08.25-00.07.28:134][978]LogWorld: Bringing World /Game/Brackeys2026/Levels/UEDPIE_0_Brackeys2026Map.Brackeys2026Map up for play (max tick rate 0) at 2026.08.24-21.07.28
[2026.08.25-00.07.28:134][978]LogWorld: Bringing up level for play took: 0.000560
[2026.08.25-00.07.28:134][978]LogOnline: OSS: Creating online subsystem instance for: :Context_30
[2026.08.25-00.07.28:137][978]PIE: Server logged in
[2026.08.25-00.07.28:138][978]PIE: Play in editor total start time 0.129 seconds.
[2026.08.25-00.07.31:168][166]LogBlueprintUserMessages: [BP_Phone_2] Smell Hint
[2026.08.25-00.07.31:779][220]LogBlueprintUserMessages: [BP_Phone_2] Smell Hint
[2026.08.25-00.07.32:169][255]LogBlueprintUserMessages: [BP_Phone_2] Smell Hint
[2026.08.25-00.07.32:389][274]LogBlueprintUserMessages: [BP_Phone_2] Smell Hint
[2026.08.25-00.07.32:571][290]LogBlueprintUserMessages: [BP_Phone_2] Smell Hint
[2026.08.25-00.07.32:764][307]LogBlueprintUserMessages: [BP_Phone_2] Smell Hint
[2026.08.25-00.07.33:864][404]LogBlueprintUserMessages: [BP_Phone_2] Smell Hint
[2026.08.25-00.07.34:046][420]LogBlueprintUserMessages: [BP_Phone_2] Smell Hint
[2026.08.25-00.07.34:205][434]LogBlueprintUserMessages: [BP_Phone_2] Smell Hint
[2026.08.25-00.07.36:392][609]LogSlate: Updating window title bar state: overlay mode, drag disabled, window buttons hidden, title bar hidden
[2026.08.25-00.07.36:392][609]LogWorld: BeginTearingDown for /Game/Brackeys2026/Levels/UEDPIE_0_Brackeys2026Map
[2026.08.25-00.07.36:392][609]LogWorld: UWorld::CleanupWorld for Brackeys2026Map, bSessionEnded=true, bCleanupResources=true
[2026.08.25-00.07.36:393][609]LogSlate: InvalidateAllWidgets triggered.  All widgets were invalidated
[2026.08.25-00.07.36:403][609]LogPlayLevel: Display: Shutting down PIE online subsystems
[2026.08.25-00.07.36:410][609]LogSlate: InvalidateAllWidgets triggered.  All widgets were invalidated
[2026.08.25-00.07.36:426][609]LogSlate: Updating window title bar state: overlay mode, drag disabled, window buttons hidden, title bar hidden
[2026.08.25-00.07.36:426][609]LogAudioMixer: FMixerPlatformXAudio2::StopAudioStream() called
[2026.08.25-00.07.36:427][609]LogAudioMixer: FMixerPlatformXAudio2::StopAudioStream() called
[2026.08.25-00.07.36:430][609]LogUObjectHash: Compacting FUObjectHashTables data took   1.80ms
[2026.08.25-00.07.36:469][610]LogPlayLevel: Display: Destroying online subsystem :Context_30
[2026.08.25-00.08.09:052][371]LogSavePackage: Moving '../../../../../GameProgramming/BrackeysGameJam/Brackeys-2026/BrackeysJam2026/Saved/BP_Phone863E784146D0B9E1354F4093D29F11B3.tmp' to '../../../../../GameProgramming/BrackeysGameJam/Brackeys-2026/BrackeysJam2026/Content/Brackeys2026/Objects/Phone/BP_Phone.uasset'
[2026.08.25-00.08.09:084][371]AssetCheck: New page: Asset Save: BP_Phone
[2026.08.25-00.08.09:084][371]LogContentValidation: Display: Validating Blueprint /Game/Brackeys2026/Objects/Phone/BP_Phone.BP_Phone
[2026.08.25-00.08.39:257][477]LogSavePackage: Moving '../../../../../GameProgramming/BrackeysGameJam/Brackeys-2026/BrackeysJam2026/Saved/BP_Revolver4936B0914DF4E0CF147964985F8648D9.tmp' to '../../../../../GameProgramming/BrackeysGameJam/Brackeys-2026/BrackeysJam2026/Content/Brackeys2026/Objects/CoinGun/BP_Revolver.uasset'
[2026.08.25-00.08.39:307][477]AssetCheck: New page: Asset Save: BP_Revolver
[2026.08.25-00.08.39:307][477]LogContentValidation: Display: Validating Blueprint /Game/Brackeys2026/Objects/CoinGun/BP_Revolver.BP_Revolver
[2026.08.25-00.08.49:252][931]LogTemp: Repeating last play command: Selected Viewport
[2026.08.25-00.08.49:257][931]BlueprintLog: New page: Pre-Play auto-recompile
[2026.08.25-00.08.49:267][931]LogPlayLevel: [PlayLevel] Compiling BP_Revolver before play...
[2026.08.25-00.08.49:336][931]LogPlayLevel: [PlayLevel] Compiling BP_Phone before play...
[2026.08.25-00.08.49:391][931]LogUObjectHash: Compacting FUObjectHashTables data took   2.21ms
[2026.08.25-00.08.49:394][931]LogPlayLevel: PlayLevel: Blueprint regeneration took 137 ms (2 blueprints)
[2026.08.25-00.08.49:394][931]PIE: New page: PIE session: Brackeys2026Map (24 ago. 2026 18:08:49)
[2026.08.25-00.08.49:394][931]LogPlayLevel: Creating play world package: /Game/Brackeys2026/Levels/UEDPIE_0_Brackeys2026Map
[2026.08.25-00.08.49:396][931]LogPlayLevel: PIE: StaticDuplicateObject took: (0.002057s)
[2026.08.25-00.08.49:397][931]LogAIModule: Creating AISystem for world Brackeys2026Map
[2026.08.25-00.08.49:397][931]LogPlayLevel: PIE: World Init took: (0.000871s)
[2026.08.25-00.08.49:397][931]LogPlayLevel: PIE: Created PIE world by copying editor world from /Game/Brackeys2026/Levels/Brackeys2026Map.Brackeys2026Map to /Game/Brackeys2026/Levels/UEDPIE_0_Brackeys2026Map.Brackeys2026Map (0.003054s)
[2026.08.25-00.08.49:413][931]LogUObjectHash: Compacting FUObjectHashTables data took   1.44ms
[2026.08.25-00.08.49:413][931]LogAudio: Display: Creating Audio Device:                 Id: 26, Scope: Unique, Realtime: True
[2026.08.25-00.08.49:413][931]LogAudioMixer: Display: Audio Mixer Platform Settings:
[2026.08.25-00.08.49:413][931]LogAudioMixer: Display: 	Sample Rate:						  48000
[2026.08.25-00.08.49:413][931]LogAudioMixer: Display: 	Callback Buffer Frame Size Requested: 1024
[2026.08.25-00.08.49:414][931]LogAudioMixer: Display: 	Callback Buffer Frame Size To Use:	  1024
[2026.08.25-00.08.49:414][931]LogAudioMixer: Display: 	Number of buffers to queue:			  2
[2026.08.25-00.08.49:414][931]LogAudioMixer: Display: 	Max Channels (voices):				  32
[2026.08.25-00.08.49:414][931]LogAudioMixer: Display: 	Number of Async Source Workers:		  0
[2026.08.25-00.08.49:414][931]LogAudio: Display: AudioDevice MaxSources: 32
[2026.08.25-00.08.49:414][931]LogAudio: Display: Audio Spatialization Plugin: None (built-in).
[2026.08.25-00.08.49:414][931]LogAudio: Display: Audio Reverb Plugin: None (built-in).
[2026.08.25-00.08.49:414][931]LogAudio: Display: Audio Occlusion Plugin: None (built-in).
[2026.08.25-00.08.49:414][931]LogAudioMixer: Display: Initializing audio mixer.
[2026.08.25-00.08.49:418][931]LogAudioMixer: Display: 0: FrontLeft
[2026.08.25-00.08.49:418][931]LogAudioMixer: Display: 1: FrontRight
[2026.08.25-00.08.49:433][931]LogAudioMixer: Display: Using Audio Device Altavoces (Realtek(R) Audio)
[2026.08.25-00.08.49:433][931]LogAudioMixer: Display: Initializing Sound Submixes...
[2026.08.25-00.08.49:433][931]LogAudioMixer: Display: Creating Master Submix 'MasterSubmixDefault'
[2026.08.25-00.08.49:433][931]LogAudioMixer: Display: Creating Master Submix 'MasterReverbSubmixDefault'
[2026.08.25-00.08.49:433][931]LogAudioMixer: Display: Creating Master Submix 'MasterEQSubmixDefault'
[2026.08.25-00.08.49:433][931]LogAudioMixer: FMixerPlatformXAudio2::StartAudioStream() called
[2026.08.25-00.08.49:433][931]LogAudioMixer: Display: Output buffers initialized: Frames=1024, Channels=2, Samples=2048
[2026.08.25-00.08.49:434][931]LogAudioMixer: Display: Starting AudioMixerPlatformInterface::RunInternal()
[2026.08.25-00.08.49:434][931]LogAudioMixer: Display: FMixerPlatformXAudio2::SubmitBuffer() called for the first time
[2026.08.25-00.08.49:434][931]LogInit: FAudioDevice initialized.
[2026.08.25-00.08.49:434][931]LogAudio: Display: Audio Device (ID: 26) registered with world 'Brackeys2026Map'.
[2026.08.25-00.08.49:443][931]LogLoad: Game class is 'BrackeysGameMode_C'
[2026.08.25-00.08.49:444][931]LogWorld: Bringing World /Game/Brackeys2026/Levels/UEDPIE_0_Brackeys2026Map.Brackeys2026Map up for play (max tick rate 0) at 2026.08.24-21.08.49
[2026.08.25-00.08.49:444][931]LogWorld: Bringing up level for play took: 0.000534
[2026.08.25-00.08.49:445][931]LogOnline: OSS: Creating online subsystem instance for: :Context_31
[2026.08.25-00.08.49:447][931]PIE: Server logged in
[2026.08.25-00.08.49:447][931]PIE: Play in editor total start time 0.191 seconds.
[2026.08.25-00.08.50:777][ 40]LogBlueprintUserMessages: [BP_Phone_2] Smell Hint
[2026.08.25-00.08.51:293][ 84]LogBlueprintUserMessages: [BP_Phone_2] Smell Hint
[2026.08.25-00.08.51:661][115]LogBlueprintUserMessages: [BP_Phone_2] Smell Hint
[2026.08.25-00.08.51:929][138]LogBlueprintUserMessages: [BP_Phone_2] Smell Hint
[2026.08.25-00.08.52:143][156]LogBlueprintUserMessages: [BP_Phone_2] Smell Hint
[2026.08.25-00.08.52:356][174]LogBlueprintUserMessages: [BP_Phone_2] Smell Hint
[2026.08.25-00.08.52:532][189]LogBlueprintUserMessages: [BP_Phone_2] Smell Hint
[2026.08.25-00.08.52:706][204]LogBlueprintUserMessages: [BP_Phone_2] Smell Hint
[2026.08.25-00.08.52:887][219]LogBlueprintUserMessages: [BP_Phone_2] Smell Hint
[2026.08.25-00.08.53:041][232]LogBlueprintUserMessages: [BP_Phone_2] Smell Hint
[2026.08.25-00.08.53:206][246]LogBlueprintUserMessages: [BP_Phone_2] Smell Hint
[2026.08.25-00.08.53:382][261]LogBlueprintUserMessages: [BP_Phone_2] Smell Hint
[2026.08.25-00.08.53:569][277]LogBlueprintUserMessages: [BP_Phone_2] Smell Hint
[2026.08.25-00.08.54:623][361]LogSlate: Updating window title bar state: overlay mode, drag disabled, window buttons hidden, title bar hidden
[2026.08.25-00.08.54:623][361]LogWorld: BeginTearingDown for /Game/Brackeys2026/Levels/UEDPIE_0_Brackeys2026Map
[2026.08.25-00.08.54:623][361]LogWorld: UWorld::CleanupWorld for Brackeys2026Map, bSessionEnded=true, bCleanupResources=true
[2026.08.25-00.08.54:623][361]LogSlate: InvalidateAllWidgets triggered.  All widgets were invalidated
[2026.08.25-00.08.54:633][361]LogPlayLevel: Display: Shutting down PIE online subsystems
[2026.08.25-00.08.54:639][361]LogSlate: InvalidateAllWidgets triggered.  All widgets were invalidated
[2026.08.25-00.08.54:655][361]LogSlate: Updating window title bar state: overlay mode, drag disabled, window buttons hidden, title bar hidden
[2026.08.25-00.08.54:655][361]LogAudioMixer: FMixerPlatformXAudio2::StopAudioStream() called
[2026.08.25-00.08.54:656][361]LogAudioMixer: FMixerPlatformXAudio2::StopAudioStream() called
[2026.08.25-00.08.54:660][361]LogUObjectHash: Compacting FUObjectHashTables data took   1.45ms
[2026.08.25-00.08.54:701][362]LogPlayLevel: Display: Destroying online subsystem :Context_31
[2026.08.25-00.11.43:203][844]LogUObjectHash: Compacting FUObjectHashTables data took   1.38ms
[2026.08.25-00.11.43:212][844]LogSavePackage: Moving '../../../../../GameProgramming/BrackeysGameJam/Brackeys-2026/BrackeysJam2026/Saved/Brackeys2026Map_Auto9F66FABC443125F3D4D462DB3C989AA2A.tmp' to '../../../../../GameProgramming/BrackeysGameJam/Brackeys-2026/BrackeysJam2026/Saved/Autosaves/Game/Brackeys2026/Levels/Brackeys2026Map_Auto9.umap'
[2026.08.25-00.11.43:213][844]LogFileHelpers: Editor autosave (incl. external actors) for '/Game/Brackeys2026/Levels/Brackeys2026Map' took 0.027
[2026.08.25-00.11.43:213][844]LogFileHelpers: Editor autosave (incl. sublevels & external actors) for all levels took 0.027
[2026.08.25-00.11.43:213][844]OBJ SavePackage: Generating thumbnails for [2] asset(s) in package [/Game/Brackeys2026/Objects/Phone/BP_Phone] ([4] browsable assets)...
[2026.08.25-00.11.43:235][844]OBJ SavePackage:     Rendered thumbnail for [Blueprint /Game/Brackeys2026/Objects/Phone/BP_Phone.BP_Phone]
[2026.08.25-00.11.43:245][844]OBJ SavePackage:     Rendered thumbnail for [Blueprint /Game/Brackeys2026/Objects/Phone/BP_Phone.BP_Phone]
[2026.08.25-00.11.43:245][844]OBJ SavePackage: Finished generating thumbnails for package [/Game/Brackeys2026/Objects/Phone/BP_Phone]
[2026.08.25-00.11.43:262][844]LogSavePackage: Moving '../../../../../GameProgramming/BrackeysGameJam/Brackeys-2026/BrackeysJam2026/Saved/BP_Phone_Auto9D42A99154339FC563F19E0923AB6BB06.tmp' to '../../../../../GameProgramming/BrackeysGameJam/Brackeys-2026/BrackeysJam2026/Saved/Autosaves/Game/Brackeys2026/Objects/Phone/BP_Phone_Auto9.uasset'
[2026.08.25-00.11.43:263][844]LogFileHelpers: Auto-saving content packages took 0.050
[2026.08.25-00.13.08:883][598]LogSavePackage: Moving '../../../../../GameProgramming/BrackeysGameJam/Brackeys-2026/BrackeysJam2026/Saved/BP_Phone292B52724E9CC50D63C15ABB3B594390.tmp' to '../../../../../GameProgramming/BrackeysGameJam/Brackeys-2026/BrackeysJam2026/Content/Brackeys2026/Objects/Phone/BP_Phone.uasset'
[2026.08.25-00.13.08:914][598]AssetCheck: New page: Asset Save: BP_Phone
[2026.08.25-00.13.08:914][598]LogContentValidation: Display: Validating Blueprint /Game/Brackeys2026/Objects/Phone/BP_Phone.BP_Phone
[2026.08.25-00.13.10:436][696]LogTemp: Repeating last play command: Selected Viewport
[2026.08.25-00.13.10:441][696]BlueprintLog: New page: Pre-Play auto-recompile
[2026.08.25-00.13.10:454][696]LogPlayLevel: [PlayLevel] Compiling BP_Phone before play...
[2026.08.25-00.13.10:509][696]LogUObjectHash: Compacting FUObjectHashTables data took   1.93ms
[2026.08.25-00.13.10:511][696]LogPlayLevel: PlayLevel: Blueprint regeneration took 70 ms (1 blueprints)
[2026.08.25-00.13.10:511][696]PIE: New page: PIE session: Brackeys2026Map (24 ago. 2026 18:13:10)
[2026.08.25-00.13.10:511][696]LogPlayLevel: Creating play world package: /Game/Brackeys2026/Levels/UEDPIE_0_Brackeys2026Map
[2026.08.25-00.13.10:513][696]LogPlayLevel: PIE: StaticDuplicateObject took: (0.001996s)
[2026.08.25-00.13.10:514][696]LogAIModule: Creating AISystem for world Brackeys2026Map
[2026.08.25-00.13.10:514][696]LogPlayLevel: PIE: World Init took: (0.000833s)
[2026.08.25-00.13.10:514][696]LogPlayLevel: PIE: Created PIE world by copying editor world from /Game/Brackeys2026/Levels/Brackeys2026Map.Brackeys2026Map to /Game/Brackeys2026/Levels/UEDPIE_0_Brackeys2026Map.Brackeys2026Map (0.002933s)
[2026.08.25-00.13.10:530][696]LogUObjectHash: Compacting FUObjectHashTables data took   1.41ms
[2026.08.25-00.13.10:530][696]LogAudio: Display: Creating Audio Device:                 Id: 27, Scope: Unique, Realtime: True
[2026.08.25-00.13.10:530][696]LogAudioMixer: Display: Audio Mixer Platform Settings:
[2026.08.25-00.13.10:530][696]LogAudioMixer: Display: 	Sample Rate:						  48000
[2026.08.25-00.13.10:530][696]LogAudioMixer: Display: 	Callback Buffer Frame Size Requested: 1024
[2026.08.25-00.13.10:530][696]LogAudioMixer: Display: 	Callback Buffer Frame Size To Use:	  1024
[2026.08.25-00.13.10:530][696]LogAudioMixer: Display: 	Number of buffers to queue:			  2
[2026.08.25-00.13.10:530][696]LogAudioMixer: Display: 	Max Channels (voices):				  32
[2026.08.25-00.13.10:530][696]LogAudioMixer: Display: 	Number of Async Source Workers:		  0
[2026.08.25-00.13.10:530][696]LogAudio: Display: AudioDevice MaxSources: 32
[2026.08.25-00.13.10:530][696]LogAudio: Display: Audio Spatialization Plugin: None (built-in).
[2026.08.25-00.13.10:530][696]LogAudio: Display: Audio Reverb Plugin: None (built-in).
[2026.08.25-00.13.10:530][696]LogAudio: Display: Audio Occlusion Plugin: None (built-in).
[2026.08.25-00.13.10:530][696]LogAudioMixer: Display: Initializing audio mixer.
[2026.08.25-00.13.10:533][696]LogAudioMixer: Display: 0: FrontLeft
[2026.08.25-00.13.10:534][696]LogAudioMixer: Display: 1: FrontRight
[2026.08.25-00.13.10:549][696]LogAudioMixer: Display: Using Audio Device Altavoces (Realtek(R) Audio)
[2026.08.25-00.13.10:550][696]LogAudioMixer: Display: Initializing Sound Submixes...
[2026.08.25-00.13.10:550][696]LogAudioMixer: Display: Creating Master Submix 'MasterSubmixDefault'
[2026.08.25-00.13.10:550][696]LogAudioMixer: Display: Creating Master Submix 'MasterReverbSubmixDefault'
[2026.08.25-00.13.10:550][696]LogAudioMixer: Display: Creating Master Submix 'MasterEQSubmixDefault'
[2026.08.25-00.13.10:550][696]LogAudioMixer: FMixerPlatformXAudio2::StartAudioStream() called
[2026.08.25-00.13.10:550][696]LogAudioMixer: Display: Output buffers initialized: Frames=1024, Channels=2, Samples=2048
[2026.08.25-00.13.10:551][696]LogAudioMixer: Display: Starting AudioMixerPlatformInterface::RunInternal()
[2026.08.25-00.13.10:551][696]LogAudioMixer: Display: FMixerPlatformXAudio2::SubmitBuffer() called for the first time
[2026.08.25-00.13.10:551][696]LogInit: FAudioDevice initialized.
[2026.08.25-00.13.10:551][696]LogAudio: Display: Audio Device (ID: 27) registered with world 'Brackeys2026Map'.
[2026.08.25-00.13.10:561][696]LogLoad: Game class is 'BrackeysGameMode_C'
[2026.08.25-00.13.10:562][696]LogWorld: Bringing World /Game/Brackeys2026/Levels/UEDPIE_0_Brackeys2026Map.Brackeys2026Map up for play (max tick rate 0) at 2026.08.24-21.13.10
[2026.08.25-00.13.10:562][696]LogWorld: Bringing up level for play took: 0.000613
[2026.08.25-00.13.10:562][696]LogOnline: OSS: Creating online subsystem instance for: :Context_32
[2026.08.25-00.13.10:564][696]PIE: Server logged in
[2026.08.25-00.13.10:565][696]PIE: Play in editor total start time 0.125 seconds.
[2026.08.25-00.13.12:139][827]LogBlueprintUserMessages: [BP_Phone_2] Smell Hint
[2026.08.25-00.13.19:743][545]LogSlate: Updating window title bar state: overlay mode, drag disabled, window buttons hidden, title bar hidden
[2026.08.25-00.13.19:743][545]LogWorld: BeginTearingDown for /Game/Brackeys2026/Levels/UEDPIE_0_Brackeys2026Map
[2026.08.25-00.13.19:743][545]LogWorld: UWorld::CleanupWorld for Brackeys2026Map, bSessionEnded=true, bCleanupResources=true
[2026.08.25-00.13.19:743][545]LogSlate: InvalidateAllWidgets triggered.  All widgets were invalidated
[2026.08.25-00.13.19:757][545]LogPlayLevel: Display: Shutting down PIE online subsystems
[2026.08.25-00.13.19:765][545]LogSlate: InvalidateAllWidgets triggered.  All widgets were invalidated
[2026.08.25-00.13.19:780][545]LogSlate: Updating window title bar state: overlay mode, drag disabled, window buttons hidden, title bar hidden
[2026.08.25-00.13.19:780][545]LogAudioMixer: FMixerPlatformXAudio2::StopAudioStream() called
[2026.08.25-00.13.19:781][545]LogAudioMixer: FMixerPlatformXAudio2::StopAudioStream() called
[2026.08.25-00.13.19:785][545]LogUObjectHash: Compacting FUObjectHashTables data took   1.93ms
[2026.08.25-00.13.19:825][546]LogPlayLevel: Display: Destroying online subsystem :Context_32
[2026.08.25-00.14.16:735][ 95]LogSavePackage: Moving '../../../../../GameProgramming/BrackeysGameJam/Brackeys-2026/BrackeysJam2026/Saved/BP_PhoneC42716704F6F05E004078F883FA0F554.tmp' to '../../../../../GameProgramming/BrackeysGameJam/Brackeys-2026/BrackeysJam2026/Content/Brackeys2026/Objects/Phone/BP_Phone.uasset'
[2026.08.25-00.14.16:770][ 95]AssetCheck: New page: Asset Save: BP_Phone
[2026.08.25-00.14.16:770][ 95]LogContentValidation: Display: Validating Blueprint /Game/Brackeys2026/Objects/Phone/BP_Phone.BP_Phone
[2026.08.25-00.14.17:232][127]LogTemp: Repeating last play command: Selected Viewport
[2026.08.25-00.14.17:236][127]BlueprintLog: New page: Pre-Play auto-recompile
[2026.08.25-00.14.17:238][127]LogPlayLevel: [PlayLevel] Compiling BP_Phone before play...
[2026.08.25-00.14.17:294][127]LogUObjectHash: Compacting FUObjectHashTables data took   1.84ms
[2026.08.25-00.14.17:296][127]LogPlayLevel: PlayLevel: Blueprint regeneration took 60 ms (1 blueprints)
[2026.08.25-00.14.17:296][127]PIE: New page: PIE session: Brackeys2026Map (24 ago. 2026 18:14:17)
[2026.08.25-00.14.17:296][127]LogPlayLevel: Creating play world package: /Game/Brackeys2026/Levels/UEDPIE_0_Brackeys2026Map
[2026.08.25-00.14.17:299][127]LogPlayLevel: PIE: StaticDuplicateObject took: (0.002059s)
[2026.08.25-00.14.17:300][127]LogAIModule: Creating AISystem for world Brackeys2026Map
[2026.08.25-00.14.17:300][127]LogPlayLevel: PIE: World Init took: (0.000870s)
[2026.08.25-00.14.17:300][127]LogPlayLevel: PIE: Created PIE world by copying editor world from /Game/Brackeys2026/Levels/Brackeys2026Map.Brackeys2026Map to /Game/Brackeys2026/Levels/UEDPIE_0_Brackeys2026Map.Brackeys2026Map (0.003042s)
[2026.08.25-00.14.17:316][127]LogUObjectHash: Compacting FUObjectHashTables data took   1.43ms
[2026.08.25-00.14.17:316][127]LogAudio: Display: Creating Audio Device:                 Id: 28, Scope: Unique, Realtime: True
[2026.08.25-00.14.17:316][127]LogAudioMixer: Display: Audio Mixer Platform Settings:
[2026.08.25-00.14.17:316][127]LogAudioMixer: Display: 	Sample Rate:						  48000
[2026.08.25-00.14.17:316][127]LogAudioMixer: Display: 	Callback Buffer Frame Size Requested: 1024
[2026.08.25-00.14.17:316][127]LogAudioMixer: Display: 	Callback Buffer Frame Size To Use:	  1024
[2026.08.25-00.14.17:316][127]LogAudioMixer: Display: 	Number of buffers to queue:			  2
[2026.08.25-00.14.17:316][127]LogAudioMixer: Display: 	Max Channels (voices):				  32
[2026.08.25-00.14.17:316][127]LogAudioMixer: Display: 	Number of Async Source Workers:		  0
[2026.08.25-00.14.17:316][127]LogAudio: Display: AudioDevice MaxSources: 32
[2026.08.25-00.14.17:316][127]LogAudio: Display: Audio Spatialization Plugin: None (built-in).
[2026.08.25-00.14.17:316][127]LogAudio: Display: Audio Reverb Plugin: None (built-in).
[2026.08.25-00.14.17:316][127]LogAudio: Display: Audio Occlusion Plugin: None (built-in).
[2026.08.25-00.14.17:316][127]LogAudioMixer: Display: Initializing audio mixer.
[2026.08.25-00.14.17:320][127]LogAudioMixer: Display: 0: FrontLeft
[2026.08.25-00.14.17:320][127]LogAudioMixer: Display: 1: FrontRight
[2026.08.25-00.14.17:335][127]LogAudioMixer: Display: Using Audio Device Altavoces (Realtek(R) Audio)
[2026.08.25-00.14.17:335][127]LogAudioMixer: Display: Initializing Sound Submixes...
[2026.08.25-00.14.17:335][127]LogAudioMixer: Display: Creating Master Submix 'MasterSubmixDefault'
[2026.08.25-00.14.17:335][127]LogAudioMixer: Display: Creating Master Submix 'MasterReverbSubmixDefault'
[2026.08.25-00.14.17:336][127]LogAudioMixer: Display: Creating Master Submix 'MasterEQSubmixDefault'
[2026.08.25-00.14.17:336][127]LogAudioMixer: FMixerPlatformXAudio2::StartAudioStream() called
[2026.08.25-00.14.17:336][127]LogAudioMixer: Display: Output buffers initialized: Frames=1024, Channels=2, Samples=2048
[2026.08.25-00.14.17:336][127]LogAudioMixer: Display: Starting AudioMixerPlatformInterface::RunInternal()
[2026.08.25-00.14.17:336][127]LogAudioMixer: Display: FMixerPlatformXAudio2::SubmitBuffer() called for the first time
[2026.08.25-00.14.17:336][127]LogInit: FAudioDevice initialized.
[2026.08.25-00.14.17:336][127]LogAudio: Display: Audio Device (ID: 28) registered with world 'Brackeys2026Map'.
[2026.08.25-00.14.17:349][127]LogLoad: Game class is 'BrackeysGameMode_C'
[2026.08.25-00.14.17:351][127]LogWorld: Bringing World /Game/Brackeys2026/Levels/UEDPIE_0_Brackeys2026Map.Brackeys2026Map up for play (max tick rate 0) at 2026.08.24-21.14.17
[2026.08.25-00.14.17:351][127]LogWorld: Bringing up level for play took: 0.000633
[2026.08.25-00.14.17:351][127]LogOnline: OSS: Creating online subsystem instance for: :Context_33
[2026.08.25-00.14.17:353][127]PIE: Server logged in
[2026.08.25-00.14.17:354][127]PIE: Play in editor total start time 0.118 seconds.
[2026.08.25-00.14.18:976][254]LogScript: Warning: Accessed None trying to read property GunReference
	BP_Phone_C /Game/Brackeys2026/Levels/UEDPIE_0_Brackeys2026Map.Brackeys2026Map:PersistentLevel.BP_Phone_2
	Function /Game/Brackeys2026/Objects/Phone/BP_Phone.BP_Phone_C:GetHint:0078
[2026.08.25-00.14.18:979][254]PIE: Error: Blueprint Runtime Error: "Accessed None trying to read property GunReference". Blueprint:  BP_Phone Function:  Get Hint Graph:  ForEachLoop Node:  Branch
[2026.08.25-00.14.18:979][254]LogScript: Warning: Accessed None
	BP_Phone_C /Game/Brackeys2026/Levels/UEDPIE_0_Brackeys2026Map.Brackeys2026Map:PersistentLevel.BP_Phone_2
	Function /Game/Brackeys2026/Objects/Phone/BP_Phone.BP_Phone_C:GetHint:0059
[2026.08.25-00.14.18:979][254]PIE: Error: Blueprint Runtime Error: "Accessed None". Blueprint:  BP_Phone Function:  Get Hint Graph:  ForEachLoop Node:  Branch
[2026.08.25-00.14.21:210][441]LogScript: Warning: Accessed None trying to read property GunReference
	BP_Phone_C /Game/Brackeys2026/Levels/UEDPIE_0_Brackeys2026Map.Brackeys2026Map:PersistentLevel.BP_Phone_2
	Function /Game/Brackeys2026/Objects/Phone/BP_Phone.BP_Phone_C:GetHint:0078
[2026.08.25-00.14.21:210][441]PIE: Error: Blueprint Runtime Error: "Accessed None trying to read property GunReference". Blueprint:  BP_Phone Function:  Get Hint Graph:  ForEachLoop Node:  Branch
[2026.08.25-00.14.21:210][441]LogScript: Warning: Accessed None
	BP_Phone_C /Game/Brackeys2026/Levels/UEDPIE_0_Brackeys2026Map.Brackeys2026Map:PersistentLevel.BP_Phone_2
	Function /Game/Brackeys2026/Objects/Phone/BP_Phone.BP_Phone_C:GetHint:0059
[2026.08.25-00.14.21:210][441]PIE: Error: Blueprint Runtime Error: "Accessed None". Blueprint:  BP_Phone Function:  Get Hint Graph:  ForEachLoop Node:  Branch
[2026.08.25-00.14.21:829][493]LogScript: Warning: Accessed None trying to read property GunReference
	BP_Phone_C /Game/Brackeys2026/Levels/UEDPIE_0_Brackeys2026Map.Brackeys2026Map:PersistentLevel.BP_Phone_2
	Function /Game/Brackeys2026/Objects/Phone/BP_Phone.BP_Phone_C:GetHint:0078
[2026.08.25-00.14.21:829][493]PIE: Error: Blueprint Runtime Error: "Accessed None trying to read property GunReference". Blueprint:  BP_Phone Function:  Get Hint Graph:  ForEachLoop Node:  Branch
[2026.08.25-00.14.21:829][493]LogScript: Warning: Accessed None
	BP_Phone_C /Game/Brackeys2026/Levels/UEDPIE_0_Brackeys2026Map.Brackeys2026Map:PersistentLevel.BP_Phone_2
	Function /Game/Brackeys2026/Objects/Phone/BP_Phone.BP_Phone_C:GetHint:0059
[2026.08.25-00.14.21:829][493]PIE: Error: Blueprint Runtime Error: "Accessed None". Blueprint:  BP_Phone Function:  Get Hint Graph:  ForEachLoop Node:  Branch
[2026.08.25-00.14.22:199][524]LogScript: Warning: Accessed None trying to read property GunReference
	BP_Phone_C /Game/Brackeys2026/Levels/UEDPIE_0_Brackeys2026Map.Brackeys2026Map:PersistentLevel.BP_Phone_2
	Function /Game/Brackeys2026/Objects/Phone/BP_Phone.BP_Phone_C:GetHint:0078
[2026.08.25-00.14.22:199][524]PIE: Error: Blueprint Runtime Error: "Accessed None trying to read property GunReference". Blueprint:  BP_Phone Function:  Get Hint Graph:  ForEachLoop Node:  Branch
[2026.08.25-00.14.22:199][524]LogScript: Warning: Accessed None
	BP_Phone_C /Game/Brackeys2026/Levels/UEDPIE_0_Brackeys2026Map.Brackeys2026Map:PersistentLevel.BP_Phone_2
	Function /Game/Brackeys2026/Objects/Phone/BP_Phone.BP_Phone_C:GetHint:0059
[2026.08.25-00.14.22:199][524]PIE: Error: Blueprint Runtime Error: "Accessed None". Blueprint:  BP_Phone Function:  Get Hint Graph:  ForEachLoop Node:  Branch
[2026.08.25-00.14.22:435][544]LogScript: Warning: Accessed None trying to read property GunReference
	BP_Phone_C /Game/Brackeys2026/Levels/UEDPIE_0_Brackeys2026Map.Brackeys2026Map:PersistentLevel.BP_Phone_2
	Function /Game/Brackeys2026/Objects/Phone/BP_Phone.BP_Phone_C:GetHint:0078
[2026.08.25-00.14.22:435][544]PIE: Error: Blueprint Runtime Error: "Accessed None trying to read property GunReference". Blueprint:  BP_Phone Function:  Get Hint Graph:  ForEachLoop Node:  Branch
[2026.08.25-00.14.22:435][544]LogScript: Warning: Accessed None
	BP_Phone_C /Game/Brackeys2026/Levels/UEDPIE_0_Brackeys2026Map.Brackeys2026Map:PersistentLevel.BP_Phone_2
	Function /Game/Brackeys2026/Objects/Phone/BP_Phone.BP_Phone_C:GetHint:0059
[2026.08.25-00.14.22:436][544]PIE: Error: Blueprint Runtime Error: "Accessed None". Blueprint:  BP_Phone Function:  Get Hint Graph:  ForEachLoop Node:  Branch
[2026.08.25-00.14.22:641][561]LogScript: Warning: Accessed None trying to read property GunReference
	BP_Phone_C /Game/Brackeys2026/Levels/UEDPIE_0_Brackeys2026Map.Brackeys2026Map:PersistentLevel.BP_Phone_2
	Function /Game/Brackeys2026/Objects/Phone/BP_Phone.BP_Phone_C:GetHint:0078
[2026.08.25-00.14.22:641][561]PIE: Error: Blueprint Runtime Error: "Accessed None trying to read property GunReference". Blueprint:  BP_Phone Function:  Get Hint Graph:  ForEachLoop Node:  Branch
[2026.08.25-00.14.22:641][561]LogScript: Warning: Accessed None
	BP_Phone_C /Game/Brackeys2026/Levels/UEDPIE_0_Brackeys2026Map.Brackeys2026Map:PersistentLevel.BP_Phone_2
	Function /Game/Brackeys2026/Objects/Phone/BP_Phone.BP_Phone_C:GetHint:0059
[2026.08.25-00.14.22:641][561]PIE: Error: Blueprint Runtime Error: "Accessed None". Blueprint:  BP_Phone Function:  Get Hint Graph:  ForEachLoop Node:  Branch
[2026.08.25-00.14.22:823][576]LogScript: Warning: Accessed None trying to read property GunReference
	BP_Phone_C /Game/Brackeys2026/Levels/UEDPIE_0_Brackeys2026Map.Brackeys2026Map:PersistentLevel.BP_Phone_2
	Function /Game/Brackeys2026/Objects/Phone/BP_Phone.BP_Phone_C:GetHint:0078
[2026.08.25-00.14.22:823][576]PIE: Error: Blueprint Runtime Error: "Accessed None trying to read property GunReference". Blueprint:  BP_Phone Function:  Get Hint Graph:  ForEachLoop Node:  Branch
[2026.08.25-00.14.22:823][576]LogScript: Warning: Accessed None
	BP_Phone_C /Game/Brackeys2026/Levels/UEDPIE_0_Brackeys2026Map.Brackeys2026Map:PersistentLevel.BP_Phone_2
	Function /Game/Brackeys2026/Objects/Phone/BP_Phone.BP_Phone_C:GetHint:0059
[2026.08.25-00.14.22:823][576]PIE: Error: Blueprint Runtime Error: "Accessed None". Blueprint:  BP_Phone Function:  Get Hint Graph:  ForEachLoop Node:  Branch
[2026.08.25-00.14.24:333][692]LogSlate: Updating window title bar state: overlay mode, drag disabled, window buttons hidden, title bar hidden
[2026.08.25-00.14.24:333][692]LogWorld: BeginTearingDown for /Game/Brackeys2026/Levels/UEDPIE_0_Brackeys2026Map
[2026.08.25-00.14.24:333][692]LogWorld: UWorld::CleanupWorld for Brackeys2026Map, bSessionEnded=true, bCleanupResources=true
[2026.08.25-00.14.24:333][692]LogSlate: InvalidateAllWidgets triggered.  All widgets were invalidated
[2026.08.25-00.14.24:346][692]LogPlayLevel: Display: Shutting down PIE online subsystems
[2026.08.25-00.14.24:354][692]LogSlate: InvalidateAllWidgets triggered.  All widgets were invalidated
[2026.08.25-00.14.24:369][692]LogSlate: Updating window title bar state: overlay mode, drag disabled, window buttons hidden, title bar hidden
[2026.08.25-00.14.24:369][692]LogAudioMixer: FMixerPlatformXAudio2::StopAudioStream() called
[2026.08.25-00.14.24:371][692]LogAudioMixer: FMixerPlatformXAudio2::StopAudioStream() called
[2026.08.25-00.14.24:375][692]LogUObjectHash: Compacting FUObjectHashTables data took   1.46ms
[2026.08.25-00.14.24:554][692]LogSlate: Took 0.014938 seconds to synchronously load lazily loaded font '../../../Engine/Content/Slate/Fonts/DroidSansMono.ttf' (77K)
[2026.08.25-00.14.24:567][693]LogPlayLevel: Display: Destroying online subsystem :Context_33
[2026.08.25-00.14.25:729][756]LogEditorTransaction: Undo Create Pin Link
[2026.08.25-00.14.26:858][804]LogSavePackage: Moving '../../../../../GameProgramming/BrackeysGameJam/Brackeys-2026/BrackeysJam2026/Saved/BP_PhoneBF2D07F34B8D5782D241EBABAE362B23.tmp' to '../../../../../GameProgramming/BrackeysGameJam/Brackeys-2026/BrackeysJam2026/Content/Brackeys2026/Objects/Phone/BP_Phone.uasset'
[2026.08.25-00.14.26:871][804]AssetCheck: New page: Asset Save: BP_Phone
[2026.08.25-00.14.26:871][804]LogContentValidation: Display: Validating Blueprint /Game/Brackeys2026/Objects/Phone/BP_Phone.BP_Phone
[2026.08.25-00.14.38:889][614]LogSavePackage: Moving '../../../../../GameProgramming/BrackeysGameJam/Brackeys-2026/BrackeysJam2026/Saved/BP_Phone2A8463FB40FEF66ECA255CBF5B4F721E.tmp' to '../../../../../GameProgramming/BrackeysGameJam/Brackeys-2026/BrackeysJam2026/Content/Brackeys2026/Objects/Phone/BP_Phone.uasset'
[2026.08.25-00.14.38:901][614]AssetCheck: New page: Asset Save: BP_Phone
[2026.08.25-00.14.38:901][614]LogContentValidation: Display: Validating Blueprint /Game/Brackeys2026/Objects/Phone/BP_Phone.BP_Phone
[2026.08.25-00.16.08:669][993]LogEditorTransaction: Undo Add Node
[2026.08.25-00.16.11:852][177]LogSavePackage: Moving '../../../../../GameProgramming/BrackeysGameJam/Brackeys-2026/BrackeysJam2026/Saved/BP_Phone3EFB3C67489C8ACC3DAFC7A4BD6B17D3.tmp' to '../../../../../GameProgramming/BrackeysGameJam/Brackeys-2026/BrackeysJam2026/Content/Brackeys2026/Objects/Phone/BP_Phone.uasset'
[2026.08.25-00.16.11:889][177]AssetCheck: New page: Asset Save: BP_Phone
[2026.08.25-00.16.11:889][177]LogContentValidation: Display: Validating Blueprint /Game/Brackeys2026/Objects/Phone/BP_Phone.BP_Phone
[2026.08.25-00.16.37:647][842]LogEditorTransaction: Undo Create Pin Link
[2026.08.25-00.17.04:810][615]LogSavePackage: Moving '../../../../../GameProgramming/BrackeysGameJam/Brackeys-2026/BrackeysJam2026/Saved/BP_Phone569C2BFA4904D66C8910748203919F92.tmp' to '../../../../../GameProgramming/BrackeysGameJam/Brackeys-2026/BrackeysJam2026/Content/Brackeys2026/Objects/Phone/BP_Phone.uasset'
[2026.08.25-00.17.04:845][615]AssetCheck: New page: Asset Save: BP_Phone
[2026.08.25-00.17.04:845][615]LogContentValidation: Display: Validating Blueprint /Game/Brackeys2026/Objects/Phone/BP_Phone.BP_Phone
[2026.08.25-00.17.05:977][683]LogTemp: Repeating last play command: Selected Viewport
[2026.08.25-00.17.05:982][683]BlueprintLog: New page: Pre-Play auto-recompile
[2026.08.25-00.17.05:997][683]LogPlayLevel: [PlayLevel] Compiling BP_Phone before play...
[2026.08.25-00.17.06:055][683]LogUObjectHash: Compacting FUObjectHashTables data took   1.82ms
[2026.08.25-00.17.06:057][683]LogPlayLevel: PlayLevel: Blueprint regeneration took 74 ms (1 blueprints)
[2026.08.25-00.17.06:057][683]PIE: New page: PIE session: Brackeys2026Map (24 ago. 2026 18:17:06)
[2026.08.25-00.17.06:057][683]LogPlayLevel: Creating play world package: /Game/Brackeys2026/Levels/UEDPIE_0_Brackeys2026Map
[2026.08.25-00.17.06:059][683]LogPlayLevel: PIE: StaticDuplicateObject took: (0.002095s)
[2026.08.25-00.17.06:060][683]LogAIModule: Creating AISystem for world Brackeys2026Map
[2026.08.25-00.17.06:060][683]LogPlayLevel: PIE: World Init took: (0.000905s)
[2026.08.25-00.17.06:060][683]LogPlayLevel: PIE: Created PIE world by copying editor world from /Game/Brackeys2026/Levels/Brackeys2026Map.Brackeys2026Map to /Game/Brackeys2026/Levels/UEDPIE_0_Brackeys2026Map.Brackeys2026Map (0.003125s)
[2026.08.25-00.17.06:077][683]LogUObjectHash: Compacting FUObjectHashTables data took   1.45ms
[2026.08.25-00.17.06:078][683]LogAudio: Display: Creating Audio Device:                 Id: 29, Scope: Unique, Realtime: True
[2026.08.25-00.17.06:078][683]LogAudioMixer: Display: Audio Mixer Platform Settings:
[2026.08.25-00.17.06:078][683]LogAudioMixer: Display: 	Sample Rate:						  48000
[2026.08.25-00.17.06:078][683]LogAudioMixer: Display: 	Callback Buffer Frame Size Requested: 1024
[2026.08.25-00.17.06:078][683]LogAudioMixer: Display: 	Callback Buffer Frame Size To Use:	  1024
[2026.08.25-00.17.06:078][683]LogAudioMixer: Display: 	Number of buffers to queue:			  2
[2026.08.25-00.17.06:078][683]LogAudioMixer: Display: 	Max Channels (voices):				  32
[2026.08.25-00.17.06:078][683]LogAudioMixer: Display: 	Number of Async Source Workers:		  0
[2026.08.25-00.17.06:078][683]LogAudio: Display: AudioDevice MaxSources: 32
[2026.08.25-00.17.06:078][683]LogAudio: Display: Audio Spatialization Plugin: None (built-in).
[2026.08.25-00.17.06:078][683]LogAudio: Display: Audio Reverb Plugin: None (built-in).
[2026.08.25-00.17.06:078][683]LogAudio: Display: Audio Occlusion Plugin: None (built-in).
[2026.08.25-00.17.06:078][683]LogAudioMixer: Display: Initializing audio mixer.
[2026.08.25-00.17.06:082][683]LogAudioMixer: Display: 0: FrontLeft
[2026.08.25-00.17.06:082][683]LogAudioMixer: Display: 1: FrontRight
[2026.08.25-00.17.06:098][683]LogAudioMixer: Display: Using Audio Device Altavoces (Realtek(R) Audio)
[2026.08.25-00.17.06:099][683]LogAudioMixer: Display: Initializing Sound Submixes...
[2026.08.25-00.17.06:099][683]LogAudioMixer: Display: Creating Master Submix 'MasterSubmixDefault'
[2026.08.25-00.17.06:099][683]LogAudioMixer: Display: Creating Master Submix 'MasterReverbSubmixDefault'
[2026.08.25-00.17.06:099][683]LogAudioMixer: Display: Creating Master Submix 'MasterEQSubmixDefault'
[2026.08.25-00.17.06:099][683]LogAudioMixer: FMixerPlatformXAudio2::StartAudioStream() called
[2026.08.25-00.17.06:099][683]LogAudioMixer: Display: Output buffers initialized: Frames=1024, Channels=2, Samples=2048
[2026.08.25-00.17.06:100][683]LogAudioMixer: Display: Starting AudioMixerPlatformInterface::RunInternal()
[2026.08.25-00.17.06:100][683]LogAudioMixer: Display: FMixerPlatformXAudio2::SubmitBuffer() called for the first time
[2026.08.25-00.17.06:100][683]LogInit: FAudioDevice initialized.
[2026.08.25-00.17.06:100][683]LogAudio: Display: Audio Device (ID: 29) registered with world 'Brackeys2026Map'.
[2026.08.25-00.17.06:111][683]LogLoad: Game class is 'BrackeysGameMode_C'
[2026.08.25-00.17.06:112][683]LogWorld: Bringing World /Game/Brackeys2026/Levels/UEDPIE_0_Brackeys2026Map.Brackeys2026Map up for play (max tick rate 0) at 2026.08.24-21.17.06
[2026.08.25-00.17.06:113][683]LogWorld: Bringing up level for play took: 0.000649
[2026.08.25-00.17.06:113][683]LogOnline: OSS: Creating online subsystem instance for: :Context_34
[2026.08.25-00.17.06:115][683]PIE: Server logged in
[2026.08.25-00.17.06:116][683]PIE: Play in editor total start time 0.135 seconds.
[2026.08.25-00.17.11:592][ 69]LogSlate: Window 'Message Log' being destroyed
[2026.08.25-00.17.11:599][ 69]LogSlate: Window 'Message Log' being destroyed
[2026.08.25-00.17.13:923][229]LogSlate: Updating window title bar state: overlay mode, drag disabled, window buttons hidden, title bar hidden
[2026.08.25-00.17.13:923][229]LogWorld: BeginTearingDown for /Game/Brackeys2026/Levels/UEDPIE_0_Brackeys2026Map
[2026.08.25-00.17.13:923][229]LogWorld: UWorld::CleanupWorld for Brackeys2026Map, bSessionEnded=true, bCleanupResources=true
[2026.08.25-00.17.13:923][229]LogSlate: InvalidateAllWidgets triggered.  All widgets were invalidated
[2026.08.25-00.17.13:941][229]LogPlayLevel: Display: Shutting down PIE online subsystems
[2026.08.25-00.17.13:949][229]LogSlate: InvalidateAllWidgets triggered.  All widgets were invalidated
[2026.08.25-00.17.13:964][229]LogSlate: Updating window title bar state: overlay mode, drag disabled, window buttons hidden, title bar hidden
[2026.08.25-00.17.13:964][229]LogAudioMixer: FMixerPlatformXAudio2::StopAudioStream() called
[2026.08.25-00.17.13:965][229]LogAudioMixer: FMixerPlatformXAudio2::StopAudioStream() called
[2026.08.25-00.17.13:968][229]LogUObjectHash: Compacting FUObjectHashTables data took   1.38ms
[2026.08.25-00.17.14:014][230]LogPlayLevel: Display: Destroying online subsystem :Context_34
[2026.08.25-00.17.15:867][354]LogTemp: Repeating last play command: Selected Viewport
[2026.08.25-00.17.15:871][354]LogPlayLevel: PlayLevel: No blueprints needed recompiling
[2026.08.25-00.17.15:872][354]PIE: New page: PIE session: Brackeys2026Map (24 ago. 2026 18:17:15)
[2026.08.25-00.17.15:872][354]LogPlayLevel: Creating play world package: /Game/Brackeys2026/Levels/UEDPIE_0_Brackeys2026Map
[2026.08.25-00.17.15:874][354]LogPlayLevel: PIE: StaticDuplicateObject took: (0.002192s)
[2026.08.25-00.17.15:875][354]LogAIModule: Creating AISystem for world Brackeys2026Map
[2026.08.25-00.17.15:875][354]LogPlayLevel: PIE: World Init took: (0.000847s)
[2026.08.25-00.17.15:875][354]LogPlayLevel: PIE: Created PIE world by copying editor world from /Game/Brackeys2026/Levels/Brackeys2026Map.Brackeys2026Map to /Game/Brackeys2026/Levels/UEDPIE_0_Brackeys2026Map.Brackeys2026Map (0.003145s)
[2026.08.25-00.17.15:892][354]LogUObjectHash: Compacting FUObjectHashTables data took   1.46ms
[2026.08.25-00.17.15:893][354]LogAudio: Display: Creating Audio Device:                 Id: 30, Scope: Unique, Realtime: True
[2026.08.25-00.17.15:893][354]LogAudioMixer: Display: Audio Mixer Platform Settings:
[2026.08.25-00.17.15:893][354]LogAudioMixer: Display: 	Sample Rate:						  48000
[2026.08.25-00.17.15:893][354]LogAudioMixer: Display: 	Callback Buffer Frame Size Requested: 1024
[2026.08.25-00.17.15:893][354]LogAudioMixer: Display: 	Callback Buffer Frame Size To Use:	  1024
[2026.08.25-00.17.15:893][354]LogAudioMixer: Display: 	Number of buffers to queue:			  2
[2026.08.25-00.17.15:893][354]LogAudioMixer: Display: 	Max Channels (voices):				  32
[2026.08.25-00.17.15:893][354]LogAudioMixer: Display: 	Number of Async Source Workers:		  0
[2026.08.25-00.17.15:893][354]LogAudio: Display: AudioDevice MaxSources: 32
[2026.08.25-00.17.15:893][354]LogAudio: Display: Audio Spatialization Plugin: None (built-in).
[2026.08.25-00.17.15:893][354]LogAudio: Display: Audio Reverb Plugin: None (built-in).
[2026.08.25-00.17.15:893][354]LogAudio: Display: Audio Occlusion Plugin: None (built-in).
[2026.08.25-00.17.15:893][354]LogAudioMixer: Display: Initializing audio mixer.
[2026.08.25-00.17.15:896][354]LogAudioMixer: Display: 0: FrontLeft
[2026.08.25-00.17.15:896][354]LogAudioMixer: Display: 1: FrontRight
[2026.08.25-00.17.15:912][354]LogAudioMixer: Display: Using Audio Device Altavoces (Realtek(R) Audio)
[2026.08.25-00.17.15:912][354]LogAudioMixer: Display: Initializing Sound Submixes...
[2026.08.25-00.17.15:912][354]LogAudioMixer: Display: Creating Master Submix 'MasterSubmixDefault'
[2026.08.25-00.17.15:912][354]LogAudioMixer: Display: Creating Master Submix 'MasterReverbSubmixDefault'
[2026.08.25-00.17.15:913][354]LogAudioMixer: Display: Creating Master Submix 'MasterEQSubmixDefault'
[2026.08.25-00.17.15:913][354]LogAudioMixer: FMixerPlatformXAudio2::StartAudioStream() called
[2026.08.25-00.17.15:913][354]LogAudioMixer: Display: Output buffers initialized: Frames=1024, Channels=2, Samples=2048
[2026.08.25-00.17.15:913][354]LogAudioMixer: Display: Starting AudioMixerPlatformInterface::RunInternal()
[2026.08.25-00.17.15:914][354]LogAudioMixer: Display: FMixerPlatformXAudio2::SubmitBuffer() called for the first time
[2026.08.25-00.17.15:914][354]LogInit: FAudioDevice initialized.
[2026.08.25-00.17.15:914][354]LogAudio: Display: Audio Device (ID: 30) registered with world 'Brackeys2026Map'.
[2026.08.25-00.17.15:918][354]LogLoad: Game class is 'BrackeysGameMode_C'
[2026.08.25-00.17.15:919][354]LogWorld: Bringing World /Game/Brackeys2026/Levels/UEDPIE_0_Brackeys2026Map.Brackeys2026Map up for play (max tick rate 0) at 2026.08.24-21.17.15
[2026.08.25-00.17.15:919][354]LogWorld: Bringing up level for play took: 0.000524
[2026.08.25-00.17.15:919][354]LogOnline: OSS: Creating online subsystem instance for: :Context_35
[2026.08.25-00.17.15:921][354]PIE: Server logged in
[2026.08.25-00.17.15:922][354]PIE: Play in editor total start time 0.051 seconds.
[2026.08.25-00.17.17:507][476]LogBlueprintUserMessages: [BP_Phone_2] Smell Hint
[2026.08.25-00.17.19:716][651]LogBlueprintUserMessages: [BP_Phone_2] Smell Hint
[2026.08.25-00.17.20:047][674]LogBlueprintUserMessages: [BP_Phone_2] Smell Hint
[2026.08.25-00.17.20:364][699]LogBlueprintUserMessages: [BP_Phone_2] Smell Hint
[2026.08.25-00.17.20:564][715]LogBlueprintUserMessages: [BP_Phone_2] Smell Hint
[2026.08.25-00.17.20:723][728]LogBlueprintUserMessages: [BP_Phone_2] Smell Hint
[2026.08.25-00.17.20:889][741]LogBlueprintUserMessages: [BP_Phone_2] Smell Hint
[2026.08.25-00.17.21:051][754]LogBlueprintUserMessages: [BP_Phone_2] Smell Hint
[2026.08.25-00.17.21:217][767]LogBlueprintUserMessages: [BP_Phone_2] Smell Hint
[2026.08.25-00.17.21:379][780]LogBlueprintUserMessages: [BP_Phone_2] Smell Hint
[2026.08.25-00.17.21:556][794]LogBlueprintUserMessages: [BP_Phone_2] Smell Hint
[2026.08.25-00.17.27:073][223]LogBlueprintUserMessages: [BP_Phone_2] Smell Hint
[2026.08.25-00.17.27:436][252]LogBlueprintUserMessages: [BP_Phone_2] Smell Hint
[2026.08.25-00.17.27:603][265]LogBlueprintUserMessages: [BP_Phone_2] Smell Hint
[2026.08.25-00.17.29:143][371]LogSlate: Updating window title bar state: overlay mode, drag disabled, window buttons hidden, title bar hidden
[2026.08.25-00.17.29:143][371]LogWorld: BeginTearingDown for /Game/Brackeys2026/Levels/UEDPIE_0_Brackeys2026Map
[2026.08.25-00.17.29:143][371]LogWorld: UWorld::CleanupWorld for Brackeys2026Map, bSessionEnded=true, bCleanupResources=true
[2026.08.25-00.17.29:143][371]LogSlate: InvalidateAllWidgets triggered.  All widgets were invalidated
[2026.08.25-00.17.29:161][371]LogPlayLevel: Display: Shutting down PIE online subsystems
[2026.08.25-00.17.29:168][371]LogSlate: InvalidateAllWidgets triggered.  All widgets were invalidated
[2026.08.25-00.17.29:183][371]LogSlate: Updating window title bar state: overlay mode, drag disabled, window buttons hidden, title bar hidden
[2026.08.25-00.17.29:183][371]LogAudioMixer: FMixerPlatformXAudio2::StopAudioStream() called
[2026.08.25-00.17.29:184][371]LogAudioMixer: FMixerPlatformXAudio2::StopAudioStream() called
[2026.08.25-00.17.29:188][371]LogUObjectHash: Compacting FUObjectHashTables data took   1.42ms
[2026.08.25-00.17.29:231][372]LogPlayLevel: Display: Destroying online subsystem :Context_35
[2026.08.25-00.17.41:061][167]LogTemp: Repeating last play command: Selected Viewport
[2026.08.25-00.17.41:066][167]LogPlayLevel: PlayLevel: No blueprints needed recompiling
[2026.08.25-00.17.41:066][167]PIE: New page: PIE session: Brackeys2026Map (24 ago. 2026 18:17:41)
[2026.08.25-00.17.41:066][167]LogPlayLevel: Creating play world package: /Game/Brackeys2026/Levels/UEDPIE_0_Brackeys2026Map
[2026.08.25-00.17.41:068][167]LogPlayLevel: PIE: StaticDuplicateObject took: (0.002206s)
[2026.08.25-00.17.41:069][167]LogAIModule: Creating AISystem for world Brackeys2026Map
[2026.08.25-00.17.41:069][167]LogPlayLevel: PIE: World Init took: (0.000968s)
[2026.08.25-00.17.41:069][167]LogPlayLevel: PIE: Created PIE world by copying editor world from /Game/Brackeys2026/Levels/Brackeys2026Map.Brackeys2026Map to /Game/Brackeys2026/Levels/UEDPIE_0_Brackeys2026Map.Brackeys2026Map (0.003317s)
[2026.08.25-00.17.41:086][167]LogUObjectHash: Compacting FUObjectHashTables data took   1.52ms
[2026.08.25-00.17.41:088][167]LogAudio: Display: Creating Audio Device:                 Id: 31, Scope: Unique, Realtime: True
[2026.08.25-00.17.41:088][167]LogAudioMixer: Display: Audio Mixer Platform Settings:
[2026.08.25-00.17.41:088][167]LogAudioMixer: Display: 	Sample Rate:						  48000
[2026.08.25-00.17.41:088][167]LogAudioMixer: Display: 	Callback Buffer Frame Size Requested: 1024
[2026.08.25-00.17.41:088][167]LogAudioMixer: Display: 	Callback Buffer Frame Size To Use:	  1024
[2026.08.25-00.17.41:088][167]LogAudioMixer: Display: 	Number of buffers to queue:			  2
[2026.08.25-00.17.41:088][167]LogAudioMixer: Display: 	Max Channels (voices):				  32
[2026.08.25-00.17.41:088][167]LogAudioMixer: Display: 	Number of Async Source Workers:		  0
[2026.08.25-00.17.41:088][167]LogAudio: Display: AudioDevice MaxSources: 32
[2026.08.25-00.17.41:089][167]LogAudio: Display: Audio Spatialization Plugin: None (built-in).
[2026.08.25-00.17.41:089][167]LogAudio: Display: Audio Reverb Plugin: None (built-in).
[2026.08.25-00.17.41:089][167]LogAudio: Display: Audio Occlusion Plugin: None (built-in).
[2026.08.25-00.17.41:089][167]LogAudioMixer: Display: Initializing audio mixer.
[2026.08.25-00.17.41:092][167]LogAudioMixer: Display: 0: FrontLeft
[2026.08.25-00.17.41:092][167]LogAudioMixer: Display: 1: FrontRight
[2026.08.25-00.17.41:108][167]LogAudioMixer: Display: Using Audio Device Altavoces (Realtek(R) Audio)
[2026.08.25-00.17.41:108][167]LogAudioMixer: Display: Initializing Sound Submixes...
[2026.08.25-00.17.41:108][167]LogAudioMixer: Display: Creating Master Submix 'MasterSubmixDefault'
[2026.08.25-00.17.41:108][167]LogAudioMixer: Display: Creating Master Submix 'MasterReverbSubmixDefault'
[2026.08.25-00.17.41:108][167]LogAudioMixer: Display: Creating Master Submix 'MasterEQSubmixDefault'
[2026.08.25-00.17.41:108][167]LogAudioMixer: FMixerPlatformXAudio2::StartAudioStream() called
[2026.08.25-00.17.41:108][167]LogAudioMixer: Display: Output buffers initialized: Frames=1024, Channels=2, Samples=2048
[2026.08.25-00.17.41:109][167]LogAudioMixer: Display: Starting AudioMixerPlatformInterface::RunInternal()
[2026.08.25-00.17.41:109][167]LogAudioMixer: Display: FMixerPlatformXAudio2::SubmitBuffer() called for the first time
[2026.08.25-00.17.41:109][167]LogInit: FAudioDevice initialized.
[2026.08.25-00.17.41:109][167]LogAudio: Display: Audio Device (ID: 31) registered with world 'Brackeys2026Map'.
[2026.08.25-00.17.41:122][167]LogLoad: Game class is 'BrackeysGameMode_C'
[2026.08.25-00.17.41:123][167]LogWorld: Bringing World /Game/Brackeys2026/Levels/UEDPIE_0_Brackeys2026Map.Brackeys2026Map up for play (max tick rate 0) at 2026.08.24-21.17.41
[2026.08.25-00.17.41:123][167]LogWorld: Bringing up level for play took: 0.000611
[2026.08.25-00.17.41:123][167]LogOnline: OSS: Creating online subsystem instance for: :Context_36
[2026.08.25-00.17.41:125][167]PIE: Server logged in
[2026.08.25-00.17.41:126][167]PIE: Play in editor total start time 0.061 seconds.
[2026.08.25-00.17.44:353][408]LogBlueprintUserMessages: [BP_Phone_2] Smell Hint
[2026.08.25-00.17.47:823][668]LogSlate: Updating window title bar state: overlay mode, drag disabled, window buttons hidden, title bar hidden
[2026.08.25-00.17.47:823][668]LogWorld: BeginTearingDown for /Game/Brackeys2026/Levels/UEDPIE_0_Brackeys2026Map
[2026.08.25-00.17.47:823][668]LogWorld: UWorld::CleanupWorld for Brackeys2026Map, bSessionEnded=true, bCleanupResources=true
[2026.08.25-00.17.47:823][668]LogSlate: InvalidateAllWidgets triggered.  All widgets were invalidated
[2026.08.25-00.17.47:837][668]LogPlayLevel: Display: Shutting down PIE online subsystems
[2026.08.25-00.17.47:845][668]LogSlate: InvalidateAllWidgets triggered.  All widgets were invalidated
[2026.08.25-00.17.47:860][668]LogSlate: Updating window title bar state: overlay mode, drag disabled, window buttons hidden, title bar hidden
[2026.08.25-00.17.47:860][668]LogAudioMixer: FMixerPlatformXAudio2::StopAudioStream() called
[2026.08.25-00.17.47:861][668]LogAudioMixer: FMixerPlatformXAudio2::StopAudioStream() called
[2026.08.25-00.17.47:865][668]LogUObjectHash: Compacting FUObjectHashTables data took   1.44ms
[2026.08.25-00.17.47:908][669]LogPlayLevel: Display: Destroying online subsystem :Context_36
[2026.08.25-00.20.04:987][ 52]LogEditorTransaction: Undo Move Node
[2026.08.25-00.20.05:454][ 64]LogEditorTransaction: Undo Move Node
[2026.08.25-00.20.06:013][ 97]LogEditorTransaction: Undo Paste clipboard contents
[2026.08.25-00.20.58:346][191]LogSavePackage: Moving '../../../../../GameProgramming/BrackeysGameJam/Brackeys-2026/BrackeysJam2026/Saved/BP_Phone2D8482A942053AC3C92BF1A3E622BF9A.tmp' to '../../../../../GameProgramming/BrackeysGameJam/Brackeys-2026/BrackeysJam2026/Content/Brackeys2026/Objects/Phone/BP_Phone.uasset'
[2026.08.25-00.20.58:387][191]AssetCheck: New page: Asset Save: BP_Phone
[2026.08.25-00.20.58:387][191]LogContentValidation: Display: Validating Blueprint /Game/Brackeys2026/Objects/Phone/BP_Phone.BP_Phone
[2026.08.25-00.21.00:980][307]LogTemp: Repeating last play command: Selected Viewport
[2026.08.25-00.21.00:985][307]BlueprintLog: New page: Pre-Play auto-recompile
[2026.08.25-00.21.01:000][307]LogPlayLevel: [PlayLevel] Compiling BP_Phone before play...
[2026.08.25-00.21.01:061][307]LogUObjectHash: Compacting FUObjectHashTables data took   2.09ms
[2026.08.25-00.21.01:063][307]LogPlayLevel: PlayLevel: Blueprint regeneration took 78 ms (1 blueprints)
[2026.08.25-00.21.01:063][307]PIE: New page: PIE session: Brackeys2026Map (24 ago. 2026 18:21:01)
[2026.08.25-00.21.01:064][307]LogPlayLevel: Creating play world package: /Game/Brackeys2026/Levels/UEDPIE_0_Brackeys2026Map
[2026.08.25-00.21.01:066][307]LogPlayLevel: PIE: StaticDuplicateObject took: (0.002143s)
[2026.08.25-00.21.01:066][307]LogAIModule: Creating AISystem for world Brackeys2026Map
[2026.08.25-00.21.01:066][307]LogPlayLevel: PIE: World Init took: (0.000908s)
[2026.08.25-00.21.01:066][307]LogPlayLevel: PIE: Created PIE world by copying editor world from /Game/Brackeys2026/Levels/Brackeys2026Map.Brackeys2026Map to /Game/Brackeys2026/Levels/UEDPIE_0_Brackeys2026Map.Brackeys2026Map (0.003165s)
[2026.08.25-00.21.01:082][307]LogUObjectHash: Compacting FUObjectHashTables data took   1.45ms
[2026.08.25-00.21.01:083][307]LogAudio: Display: Creating Audio Device:                 Id: 32, Scope: Unique, Realtime: True
[2026.08.25-00.21.01:083][307]LogAudioMixer: Display: Audio Mixer Platform Settings:
[2026.08.25-00.21.01:083][307]LogAudioMixer: Display: 	Sample Rate:						  48000
[2026.08.25-00.21.01:083][307]LogAudioMixer: Display: 	Callback Buffer Frame Size Requested: 1024
[2026.08.25-00.21.01:083][307]LogAudioMixer: Display: 	Callback Buffer Frame Size To Use:	  1024
[2026.08.25-00.21.01:083][307]LogAudioMixer: Display: 	Number of buffers to queue:			  2
[2026.08.25-00.21.01:083][307]LogAudioMixer: Display: 	Max Channels (voices):				  32
[2026.08.25-00.21.01:083][307]LogAudioMixer: Display: 	Number of Async Source Workers:		  0
[2026.08.25-00.21.01:083][307]LogAudio: Display: AudioDevice MaxSources: 32
[2026.08.25-00.21.01:083][307]LogAudio: Display: Audio Spatialization Plugin: None (built-in).
[2026.08.25-00.21.01:083][307]LogAudio: Display: Audio Reverb Plugin: None (built-in).
[2026.08.25-00.21.01:083][307]LogAudio: Display: Audio Occlusion Plugin: None (built-in).
[2026.08.25-00.21.01:083][307]LogAudioMixer: Display: Initializing audio mixer.
[2026.08.25-00.21.01:087][307]LogAudioMixer: Display: 0: FrontLeft
[2026.08.25-00.21.01:087][307]LogAudioMixer: Display: 1: FrontRight
[2026.08.25-00.21.01:103][307]LogAudioMixer: Display: Using Audio Device Altavoces (Realtek(R) Audio)
[2026.08.25-00.21.01:103][307]LogAudioMixer: Display: Initializing Sound Submixes...
[2026.08.25-00.21.01:103][307]LogAudioMixer: Display: Creating Master Submix 'MasterSubmixDefault'
[2026.08.25-00.21.01:103][307]LogAudioMixer: Display: Creating Master Submix 'MasterReverbSubmixDefault'
[2026.08.25-00.21.01:103][307]LogAudioMixer: Display: Creating Master Submix 'MasterEQSubmixDefault'
[2026.08.25-00.21.01:103][307]LogAudioMixer: FMixerPlatformXAudio2::StartAudioStream() called
[2026.08.25-00.21.01:104][307]LogAudioMixer: Display: Output buffers initialized: Frames=1024, Channels=2, Samples=2048
[2026.08.25-00.21.01:104][307]LogAudioMixer: Display: Starting AudioMixerPlatformInterface::RunInternal()
[2026.08.25-00.21.01:104][307]LogAudioMixer: Display: FMixerPlatformXAudio2::SubmitBuffer() called for the first time
[2026.08.25-00.21.01:104][307]LogInit: FAudioDevice initialized.
[2026.08.25-00.21.01:104][307]LogAudio: Display: Audio Device (ID: 32) registered with world 'Brackeys2026Map'.
[2026.08.25-00.21.01:111][307]LogLoad: Game class is 'BrackeysGameMode_C'
[2026.08.25-00.21.01:113][307]LogWorld: Bringing World /Game/Brackeys2026/Levels/UEDPIE_0_Brackeys2026Map.Brackeys2026Map up for play (max tick rate 0) at 2026.08.24-21.21.01
[2026.08.25-00.21.01:113][307]LogWorld: Bringing up level for play took: 0.000558
[2026.08.25-00.21.01:113][307]LogOnline: OSS: Creating online subsystem instance for: :Context_37
[2026.08.25-00.21.01:115][307]LogScript: Warning: Accessed None trying to read property GunReference
	BP_Phone_C /Game/Brackeys2026/Levels/UEDPIE_0_Brackeys2026Map.Brackeys2026Map:PersistentLevel.BP_Phone_2
	Function /Game/Brackeys2026/Objects/Phone/BP_Phone.BP_Phone_C:ExecuteUbergraph_BP_Phone:007E
[2026.08.25-00.21.01:115][307]PIE: Error: Blueprint Runtime Error: "Accessed None trying to read property GunReference". Blueprint:  BP_Phone Function:  Execute Ubergraph BP Phone Graph:  ForEachLoop Node:  Branch
[2026.08.25-00.21.01:115][307]LogScript: Warning: Accessed None
	BP_Phone_C /Game/Brackeys2026/Levels/UEDPIE_0_Brackeys2026Map.Brackeys2026Map:PersistentLevel.BP_Phone_2
	Function /Game/Brackeys2026/Objects/Phone/BP_Phone.BP_Phone_C:ExecuteUbergraph_BP_Phone:005F
[2026.08.25-00.21.01:115][307]PIE: Error: Blueprint Runtime Error: "Accessed None". Blueprint:  BP_Phone Function:  Execute Ubergraph BP Phone Graph:  ForEachLoop Node:  Branch
[2026.08.25-00.21.01:115][307]PIE: Server logged in
[2026.08.25-00.21.01:116][307]PIE: Play in editor total start time 0.132 seconds.
[2026.08.25-00.21.06:919][790]LogBlueprintUserMessages: [BP_Phone_2] Smell Hint
[2026.08.25-00.21.07:465][837]LogBlueprintUserMessages: [BP_Phone_2] Smell Hint
[2026.08.25-00.21.07:751][861]LogBlueprintUserMessages: [BP_Phone_2] Smell Hint
[2026.08.25-00.21.07:963][878]LogBlueprintUserMessages: [BP_Phone_2] Smell Hint
[2026.08.25-00.21.08:140][893]LogBlueprintUserMessages: [BP_Phone_2] Smell Hint
[2026.08.25-00.21.08:328][909]LogBlueprintUserMessages: [BP_Phone_2] Smell Hint
[2026.08.25-00.21.08:503][924]LogBlueprintUserMessages: [BP_Phone_2] Smell Hint
[2026.08.25-00.21.08:669][938]LogBlueprintUserMessages: [BP_Phone_2] Smell Hint
[2026.08.25-00.21.08:824][951]LogBlueprintUserMessages: [BP_Phone_2] Smell Hint
[2026.08.25-00.21.10:022][ 43]LogSlate: Updating window title bar state: overlay mode, drag disabled, window buttons hidden, title bar hidden
[2026.08.25-00.21.10:023][ 43]LogWorld: BeginTearingDown for /Game/Brackeys2026/Levels/UEDPIE_0_Brackeys2026Map
[2026.08.25-00.21.10:023][ 43]LogWorld: UWorld::CleanupWorld for Brackeys2026Map, bSessionEnded=true, bCleanupResources=true
[2026.08.25-00.21.10:023][ 43]LogSlate: InvalidateAllWidgets triggered.  All widgets were invalidated
[2026.08.25-00.21.10:040][ 43]LogPlayLevel: Display: Shutting down PIE online subsystems
[2026.08.25-00.21.10:047][ 43]LogSlate: InvalidateAllWidgets triggered.  All widgets were invalidated
[2026.08.25-00.21.10:062][ 43]LogSlate: Updating window title bar state: overlay mode, drag disabled, window buttons hidden, title bar hidden
[2026.08.25-00.21.10:062][ 43]LogAudioMixer: FMixerPlatformXAudio2::StopAudioStream() called
[2026.08.25-00.21.10:063][ 43]LogAudioMixer: FMixerPlatformXAudio2::StopAudioStream() called
[2026.08.25-00.21.10:067][ 43]LogUObjectHash: Compacting FUObjectHashTables data took   1.43ms
[2026.08.25-00.21.10:193][ 44]LogPlayLevel: Display: Destroying online subsystem :Context_37
[2026.08.25-00.21.17:896][536]LogTemp: Repeating last play command: Selected Viewport
[2026.08.25-00.21.17:902][536]LogPlayLevel: PlayLevel: No blueprints needed recompiling
[2026.08.25-00.21.17:902][536]PIE: New page: PIE session: Brackeys2026Map (24 ago. 2026 18:21:17)
[2026.08.25-00.21.17:902][536]LogPlayLevel: Creating play world package: /Game/Brackeys2026/Levels/UEDPIE_0_Brackeys2026Map
[2026.08.25-00.21.17:904][536]LogPlayLevel: PIE: StaticDuplicateObject took: (0.002251s)
[2026.08.25-00.21.17:905][536]LogAIModule: Creating AISystem for world Brackeys2026Map
[2026.08.25-00.21.17:905][536]LogPlayLevel: PIE: World Init took: (0.000876s)
[2026.08.25-00.21.17:905][536]LogPlayLevel: PIE: Created PIE world by copying editor world from /Game/Brackeys2026/Levels/Brackeys2026Map.Brackeys2026Map to /Game/Brackeys2026/Levels/UEDPIE_0_Brackeys2026Map.Brackeys2026Map (0.003273s)
[2026.08.25-00.21.17:922][536]LogUObjectHash: Compacting FUObjectHashTables data took   1.45ms
[2026.08.25-00.21.17:924][536]LogAudio: Display: Creating Audio Device:                 Id: 33, Scope: Unique, Realtime: True
[2026.08.25-00.21.17:924][536]LogAudioMixer: Display: Audio Mixer Platform Settings:
[2026.08.25-00.21.17:924][536]LogAudioMixer: Display: 	Sample Rate:						  48000
[2026.08.25-00.21.17:924][536]LogAudioMixer: Display: 	Callback Buffer Frame Size Requested: 1024
[2026.08.25-00.21.17:924][536]LogAudioMixer: Display: 	Callback Buffer Frame Size To Use:	  1024
[2026.08.25-00.21.17:924][536]LogAudioMixer: Display: 	Number of buffers to queue:			  2
[2026.08.25-00.21.17:924][536]LogAudioMixer: Display: 	Max Channels (voices):				  32
[2026.08.25-00.21.17:924][536]LogAudioMixer: Display: 	Number of Async Source Workers:		  0
[2026.08.25-00.21.17:924][536]LogAudio: Display: AudioDevice MaxSources: 32
[2026.08.25-00.21.17:925][536]LogAudio: Display: Audio Spatialization Plugin: None (built-in).
[2026.08.25-00.21.17:925][536]LogAudio: Display: Audio Reverb Plugin: None (built-in).
[2026.08.25-00.21.17:925][536]LogAudio: Display: Audio Occlusion Plugin: None (built-in).
[2026.08.25-00.21.17:925][536]LogAudioMixer: Display: Initializing audio mixer.
[2026.08.25-00.21.17:928][536]LogAudioMixer: Display: 0: FrontLeft
[2026.08.25-00.21.17:928][536]LogAudioMixer: Display: 1: FrontRight
[2026.08.25-00.21.17:944][536]LogAudioMixer: Display: Using Audio Device Altavoces (Realtek(R) Audio)
[2026.08.25-00.21.17:944][536]LogAudioMixer: Display: Initializing Sound Submixes...
[2026.08.25-00.21.17:944][536]LogAudioMixer: Display: Creating Master Submix 'MasterSubmixDefault'
[2026.08.25-00.21.17:944][536]LogAudioMixer: Display: Creating Master Submix 'MasterReverbSubmixDefault'
[2026.08.25-00.21.17:944][536]LogAudioMixer: Display: Creating Master Submix 'MasterEQSubmixDefault'
[2026.08.25-00.21.17:944][536]LogAudioMixer: FMixerPlatformXAudio2::StartAudioStream() called
[2026.08.25-00.21.17:944][536]LogAudioMixer: Display: Output buffers initialized: Frames=1024, Channels=2, Samples=2048
[2026.08.25-00.21.17:945][536]LogAudioMixer: Display: Starting AudioMixerPlatformInterface::RunInternal()
[2026.08.25-00.21.17:945][536]LogAudioMixer: Display: FMixerPlatformXAudio2::SubmitBuffer() called for the first time
[2026.08.25-00.21.17:945][536]LogInit: FAudioDevice initialized.
[2026.08.25-00.21.17:945][536]LogAudio: Display: Audio Device (ID: 33) registered with world 'Brackeys2026Map'.
[2026.08.25-00.21.17:958][536]LogLoad: Game class is 'BrackeysGameMode_C'
[2026.08.25-00.21.17:959][536]LogWorld: Bringing World /Game/Brackeys2026/Levels/UEDPIE_0_Brackeys2026Map.Brackeys2026Map up for play (max tick rate 0) at 2026.08.24-21.21.17
[2026.08.25-00.21.17:959][536]LogWorld: Bringing up level for play took: 0.000680
[2026.08.25-00.21.17:959][536]LogOnline: OSS: Creating online subsystem instance for: :Context_38
[2026.08.25-00.21.17:962][536]PIE: Error: Blueprint Runtime Error: "Accessed None trying to read property GunReference". Blueprint:  BP_Phone Function:  Execute Ubergraph BP Phone Graph:  ForEachLoop Node:  Branch
[2026.08.25-00.21.17:962][536]PIE: Error: Blueprint Runtime Error: "Accessed None". Blueprint:  BP_Phone Function:  Execute Ubergraph BP Phone Graph:  ForEachLoop Node:  Branch
[2026.08.25-00.21.17:962][536]PIE: Server logged in
[2026.08.25-00.21.17:963][536]PIE: Play in editor total start time 0.063 seconds.
[2026.08.25-00.21.31:228][616]LogSlate: Window 'Message Log' being destroyed
[2026.08.25-00.21.31:238][616]LogSlate: Window 'Message Log' being destroyed
[2026.08.25-00.21.33:753][808]LogSlate: Updating window title bar state: overlay mode, drag disabled, window buttons hidden, title bar hidden
[2026.08.25-00.21.33:753][808]LogWorld: BeginTearingDown for /Game/Brackeys2026/Levels/UEDPIE_0_Brackeys2026Map
[2026.08.25-00.21.33:753][808]LogWorld: UWorld::CleanupWorld for Brackeys2026Map, bSessionEnded=true, bCleanupResources=true
[2026.08.25-00.21.33:753][808]LogSlate: InvalidateAllWidgets triggered.  All widgets were invalidated
[2026.08.25-00.21.33:769][808]LogPlayLevel: Display: Shutting down PIE online subsystems
[2026.08.25-00.21.33:776][808]LogSlate: InvalidateAllWidgets triggered.  All widgets were invalidated
[2026.08.25-00.21.33:792][808]LogSlate: Updating window title bar state: overlay mode, drag disabled, window buttons hidden, title bar hidden
[2026.08.25-00.21.33:792][808]LogAudioMixer: FMixerPlatformXAudio2::StopAudioStream() called
[2026.08.25-00.21.33:793][808]LogAudioMixer: FMixerPlatformXAudio2::StopAudioStream() called
[2026.08.25-00.21.33:797][808]LogUObjectHash: Compacting FUObjectHashTables data took   1.47ms
[2026.08.25-00.21.33:900][809]LogPlayLevel: Display: Destroying online subsystem :Context_38
[2026.08.25-00.21.35:493][898]LogSlate: Window 'Message Log' being destroyed
[2026.08.25-00.21.35:503][898]LogSlate: Window 'Message Log' being destroyed
[2026.08.25-00.21.36:383][957]LogTemp: Repeating last play command: Selected Viewport
[2026.08.25-00.21.36:387][957]LogPlayLevel: PlayLevel: No blueprints needed recompiling
[2026.08.25-00.21.36:387][957]PIE: New page: PIE session: Brackeys2026Map (24 ago. 2026 18:21:36)
[2026.08.25-00.21.36:387][957]LogPlayLevel: Creating play world package: /Game/Brackeys2026/Levels/UEDPIE_0_Brackeys2026Map
[2026.08.25-00.21.36:390][957]LogPlayLevel: PIE: StaticDuplicateObject took: (0.002215s)
[2026.08.25-00.21.36:390][957]LogAIModule: Creating AISystem for world Brackeys2026Map
[2026.08.25-00.21.36:391][957]LogPlayLevel: PIE: World Init took: (0.000945s)
[2026.08.25-00.21.36:391][957]LogPlayLevel: PIE: Created PIE world by copying editor world from /Game/Brackeys2026/Levels/Brackeys2026Map.Brackeys2026Map to /Game/Brackeys2026/Levels/UEDPIE_0_Brackeys2026Map.Brackeys2026Map (0.003279s)
[2026.08.25-00.21.36:407][957]LogUObjectHash: Compacting FUObjectHashTables data took   1.48ms
[2026.08.25-00.21.36:408][957]LogAudio: Display: Creating Audio Device:                 Id: 34, Scope: Unique, Realtime: True
[2026.08.25-00.21.36:408][957]LogAudioMixer: Display: Audio Mixer Platform Settings:
[2026.08.25-00.21.36:409][957]LogAudioMixer: Display: 	Sample Rate:						  48000
[2026.08.25-00.21.36:409][957]LogAudioMixer: Display: 	Callback Buffer Frame Size Requested: 1024
[2026.08.25-00.21.36:409][957]LogAudioMixer: Display: 	Callback Buffer Frame Size To Use:	  1024
[2026.08.25-00.21.36:409][957]LogAudioMixer: Display: 	Number of buffers to queue:			  2
[2026.08.25-00.21.36:409][957]LogAudioMixer: Display: 	Max Channels (voices):				  32
[2026.08.25-00.21.36:409][957]LogAudioMixer: Display: 	Number of Async Source Workers:		  0
[2026.08.25-00.21.36:409][957]LogAudio: Display: AudioDevice MaxSources: 32
[2026.08.25-00.21.36:409][957]LogAudio: Display: Audio Spatialization Plugin: None (built-in).
[2026.08.25-00.21.36:409][957]LogAudio: Display: Audio Reverb Plugin: None (built-in).
[2026.08.25-00.21.36:409][957]LogAudio: Display: Audio Occlusion Plugin: None (built-in).
[2026.08.25-00.21.36:409][957]LogAudioMixer: Display: Initializing audio mixer.
[2026.08.25-00.21.36:412][957]LogAudioMixer: Display: 0: FrontLeft
[2026.08.25-00.21.36:412][957]LogAudioMixer: Display: 1: FrontRight
[2026.08.25-00.21.36:428][957]LogAudioMixer: Display: Using Audio Device Altavoces (Realtek(R) Audio)
[2026.08.25-00.21.36:428][957]LogAudioMixer: Display: Initializing Sound Submixes...
[2026.08.25-00.21.36:428][957]LogAudioMixer: Display: Creating Master Submix 'MasterSubmixDefault'
[2026.08.25-00.21.36:428][957]LogAudioMixer: Display: Creating Master Submix 'MasterReverbSubmixDefault'
[2026.08.25-00.21.36:429][957]LogAudioMixer: Display: Creating Master Submix 'MasterEQSubmixDefault'
[2026.08.25-00.21.36:429][957]LogAudioMixer: FMixerPlatformXAudio2::StartAudioStream() called
[2026.08.25-00.21.36:429][957]LogAudioMixer: Display: Output buffers initialized: Frames=1024, Channels=2, Samples=2048
[2026.08.25-00.21.36:429][957]LogAudioMixer: Display: Starting AudioMixerPlatformInterface::RunInternal()
[2026.08.25-00.21.36:429][957]LogAudioMixer: Display: FMixerPlatformXAudio2::SubmitBuffer() called for the first time
[2026.08.25-00.21.36:429][957]LogInit: FAudioDevice initialized.
[2026.08.25-00.21.36:429][957]LogAudio: Display: Audio Device (ID: 34) registered with world 'Brackeys2026Map'.
[2026.08.25-00.21.36:434][957]LogLoad: Game class is 'BrackeysGameMode_C'
[2026.08.25-00.21.36:435][957]LogWorld: Bringing World /Game/Brackeys2026/Levels/UEDPIE_0_Brackeys2026Map.Brackeys2026Map up for play (max tick rate 0) at 2026.08.24-21.21.36
[2026.08.25-00.21.36:435][957]LogWorld: Bringing up level for play took: 0.000592
[2026.08.25-00.21.36:435][957]LogOnline: OSS: Creating online subsystem instance for: :Context_39
[2026.08.25-00.21.36:437][957]PIE: Error: Blueprint Runtime Error: "Accessed None trying to read property GunReference". Blueprint:  BP_Phone Function:  Execute Ubergraph BP Phone Graph:  ForEachLoop Node:  Branch
[2026.08.25-00.21.36:437][957]PIE: Error: Blueprint Runtime Error: "Accessed None". Blueprint:  BP_Phone Function:  Execute Ubergraph BP Phone Graph:  ForEachLoop Node:  Branch
[2026.08.25-00.21.36:437][957]PIE: Server logged in
[2026.08.25-00.21.36:438][957]PIE: Play in editor total start time 0.051 seconds.
[2026.08.25-00.21.40:543][284]LogSlate: Updating window title bar state: overlay mode, drag disabled, window buttons hidden, title bar hidden
[2026.08.25-00.21.40:543][284]LogWorld: BeginTearingDown for /Game/Brackeys2026/Levels/UEDPIE_0_Brackeys2026Map
[2026.08.25-00.21.40:543][284]LogWorld: UWorld::CleanupWorld for Brackeys2026Map, bSessionEnded=true, bCleanupResources=true
[2026.08.25-00.21.40:543][284]LogSlate: InvalidateAllWidgets triggered.  All widgets were invalidated
[2026.08.25-00.21.40:558][284]LogPlayLevel: Display: Shutting down PIE online subsystems
[2026.08.25-00.21.40:565][284]LogSlate: InvalidateAllWidgets triggered.  All widgets were invalidated
[2026.08.25-00.21.40:579][284]LogSlate: Updating window title bar state: overlay mode, drag disabled, window buttons hidden, title bar hidden
[2026.08.25-00.21.40:581][284]LogAudioMixer: FMixerPlatformXAudio2::StopAudioStream() called
[2026.08.25-00.21.40:582][284]LogAudioMixer: FMixerPlatformXAudio2::StopAudioStream() called
[2026.08.25-00.21.40:586][284]LogUObjectHash: Compacting FUObjectHashTables data took   1.44ms
[2026.08.25-00.21.40:689][285]LogPlayLevel: Display: Destroying online subsystem :Context_39
[2026.08.25-00.21.42:479][391]LogSlate: Window 'Message Log' being destroyed
[2026.08.25-00.21.42:490][391]LogSlate: Window 'Message Log' being destroyed
[2026.08.25-00.21.47:618][750]LogEditorTransaction: Undo Create Pin Link
[2026.08.25-00.21.49:638][860]LogSavePackage: Moving '../../../../../GameProgramming/BrackeysGameJam/Brackeys-2026/BrackeysJam2026/Saved/BP_PhoneDF6DC5484318B1995976C98709B83662.tmp' to '../../../../../GameProgramming/BrackeysGameJam/Brackeys-2026/BrackeysJam2026/Content/Brackeys2026/Objects/Phone/BP_Phone.uasset'
[2026.08.25-00.21.49:653][860]AssetCheck: New page: Asset Save: BP_Phone
[2026.08.25-00.21.49:653][860]LogContentValidation: Display: Validating Blueprint /Game/Brackeys2026/Objects/Phone/BP_Phone.BP_Phone
[2026.08.25-00.23.14:678][525]LogSavePackage: Moving '../../../../../GameProgramming/BrackeysGameJam/Brackeys-2026/BrackeysJam2026/Saved/BP_PhoneB2B7DE354617572FA1BCFEAA59C1821F.tmp' to '../../../../../GameProgramming/BrackeysGameJam/Brackeys-2026/BrackeysJam2026/Content/Brackeys2026/Objects/Phone/BP_Phone.uasset'
[2026.08.25-00.23.14:691][525]AssetCheck: New page: Asset Save: BP_Phone
[2026.08.25-00.23.14:691][525]LogContentValidation: Display: Validating Blueprint /Game/Brackeys2026/Objects/Phone/BP_Phone.BP_Phone
[2026.08.25-00.23.16:811][670]LogTemp: Repeating last play command: Selected Viewport
[2026.08.25-00.23.16:816][670]BlueprintLog: New page: Pre-Play auto-recompile
[2026.08.25-00.23.16:818][670]LogPlayLevel: [PlayLevel] Compiling BP_Phone before play...
[2026.08.25-00.23.16:876][670]LogUObjectHash: Compacting FUObjectHashTables data took   1.87ms
[2026.08.25-00.23.16:879][670]LogPlayLevel: PlayLevel: Blueprint regeneration took 62 ms (1 blueprints)
[2026.08.25-00.23.16:879][670]PIE: New page: PIE session: Brackeys2026Map (24 ago. 2026 18:23:16)
[2026.08.25-00.23.16:879][670]LogPlayLevel: Creating play world package: /Game/Brackeys2026/Levels/UEDPIE_0_Brackeys2026Map
[2026.08.25-00.23.16:881][670]LogPlayLevel: PIE: StaticDuplicateObject took: (0.002084s)
[2026.08.25-00.23.16:882][670]LogAIModule: Creating AISystem for world Brackeys2026Map
[2026.08.25-00.23.16:882][670]LogPlayLevel: PIE: World Init took: (0.000967s)
[2026.08.25-00.23.16:882][670]LogPlayLevel: PIE: Created PIE world by copying editor world from /Game/Brackeys2026/Levels/Brackeys2026Map.Brackeys2026Map to /Game/Brackeys2026/Levels/UEDPIE_0_Brackeys2026Map.Brackeys2026Map (0.003161s)
[2026.08.25-00.23.16:899][670]LogUObjectHash: Compacting FUObjectHashTables data took   1.43ms
[2026.08.25-00.23.16:899][670]LogAudio: Display: Creating Audio Device:                 Id: 35, Scope: Unique, Realtime: True
[2026.08.25-00.23.16:899][670]LogAudioMixer: Display: Audio Mixer Platform Settings:
[2026.08.25-00.23.16:899][670]LogAudioMixer: Display: 	Sample Rate:						  48000
[2026.08.25-00.23.16:899][670]LogAudioMixer: Display: 	Callback Buffer Frame Size Requested: 1024
[2026.08.25-00.23.16:899][670]LogAudioMixer: Display: 	Callback Buffer Frame Size To Use:	  1024
[2026.08.25-00.23.16:899][670]LogAudioMixer: Display: 	Number of buffers to queue:			  2
[2026.08.25-00.23.16:899][670]LogAudioMixer: Display: 	Max Channels (voices):				  32
[2026.08.25-00.23.16:899][670]LogAudioMixer: Display: 	Number of Async Source Workers:		  0
[2026.08.25-00.23.16:899][670]LogAudio: Display: AudioDevice MaxSources: 32
[2026.08.25-00.23.16:899][670]LogAudio: Display: Audio Spatialization Plugin: None (built-in).
[2026.08.25-00.23.16:899][670]LogAudio: Display: Audio Reverb Plugin: None (built-in).
[2026.08.25-00.23.16:899][670]LogAudio: Display: Audio Occlusion Plugin: None (built-in).
[2026.08.25-00.23.16:899][670]LogAudioMixer: Display: Initializing audio mixer.
[2026.08.25-00.23.16:903][670]LogAudioMixer: Display: 0: FrontLeft
[2026.08.25-00.23.16:903][670]LogAudioMixer: Display: 1: FrontRight
[2026.08.25-00.23.16:920][670]LogAudioMixer: Display: Using Audio Device Altavoces (Realtek(R) Audio)
[2026.08.25-00.23.16:920][670]LogAudioMixer: Display: Initializing Sound Submixes...
[2026.08.25-00.23.16:920][670]LogAudioMixer: Display: Creating Master Submix 'MasterSubmixDefault'
[2026.08.25-00.23.16:920][670]LogAudioMixer: Display: Creating Master Submix 'MasterReverbSubmixDefault'
[2026.08.25-00.23.16:920][670]LogAudioMixer: Display: Creating Master Submix 'MasterEQSubmixDefault'
[2026.08.25-00.23.16:920][670]LogAudioMixer: FMixerPlatformXAudio2::StartAudioStream() called
[2026.08.25-00.23.16:920][670]LogAudioMixer: Display: Output buffers initialized: Frames=1024, Channels=2, Samples=2048
[2026.08.25-00.23.16:921][670]LogAudioMixer: Display: Starting AudioMixerPlatformInterface::RunInternal()
[2026.08.25-00.23.16:921][670]LogAudioMixer: Display: FMixerPlatformXAudio2::SubmitBuffer() called for the first time
[2026.08.25-00.23.16:921][670]LogInit: FAudioDevice initialized.
[2026.08.25-00.23.16:921][670]LogAudio: Display: Audio Device (ID: 35) registered with world 'Brackeys2026Map'.
[2026.08.25-00.23.16:930][670]LogLoad: Game class is 'BrackeysGameMode_C'
[2026.08.25-00.23.16:931][670]LogWorld: Bringing World /Game/Brackeys2026/Levels/UEDPIE_0_Brackeys2026Map.Brackeys2026Map up for play (max tick rate 0) at 2026.08.24-21.23.16
[2026.08.25-00.23.16:931][670]LogWorld: Bringing up level for play took: 0.000954
[2026.08.25-00.23.16:932][670]LogOnline: OSS: Creating online subsystem instance for: :Context_40
[2026.08.25-00.23.16:936][670]PIE: Server logged in
[2026.08.25-00.23.16:937][670]PIE: Play in editor total start time 0.122 seconds.
[2026.08.25-00.23.18:508][795]LogBlueprintUserMessages: [BP_Phone_2] Smell Hint
[2026.08.25-00.23.19:270][858]LogBlueprintUserMessages: [BP_Phone_2] Smell Hint
[2026.08.25-00.23.19:549][881]LogBlueprintUserMessages: [BP_Phone_2] Smell Hint
[2026.08.25-00.23.19:696][893]LogBlueprintUserMessages: [BP_Phone_2] Smell Hint
[2026.08.25-00.23.29:272][883]LogSlate: Updating window title bar state: overlay mode, drag disabled, window buttons hidden, title bar hidden
[2026.08.25-00.23.29:272][883]LogWorld: BeginTearingDown for /Game/Brackeys2026/Levels/UEDPIE_0_Brackeys2026Map
[2026.08.25-00.23.29:273][883]LogWorld: UWorld::CleanupWorld for Brackeys2026Map, bSessionEnded=true, bCleanupResources=true
[2026.08.25-00.23.29:273][883]LogSlate: InvalidateAllWidgets triggered.  All widgets were invalidated
[2026.08.25-00.23.29:291][883]LogPlayLevel: Display: Shutting down PIE online subsystems
[2026.08.25-00.23.29:298][883]LogSlate: InvalidateAllWidgets triggered.  All widgets were invalidated
[2026.08.25-00.23.29:312][883]LogSlate: Updating window title bar state: overlay mode, drag disabled, window buttons hidden, title bar hidden
[2026.08.25-00.23.29:314][883]LogAudioMixer: FMixerPlatformXAudio2::StopAudioStream() called
[2026.08.25-00.23.29:315][883]LogAudioMixer: FMixerPlatformXAudio2::StopAudioStream() called
[2026.08.25-00.23.29:319][883]LogUObjectHash: Compacting FUObjectHashTables data took   1.42ms
[2026.08.25-00.23.29:359][884]LogPlayLevel: Display: Destroying online subsystem :Context_40
[2026.08.25-00.23.31:117][  0]LogTemp: Repeating last play command: Selected Viewport
[2026.08.25-00.23.31:122][  0]LogPlayLevel: PlayLevel: No blueprints needed recompiling
[2026.08.25-00.23.31:122][  0]PIE: New page: PIE session: Brackeys2026Map (24 ago. 2026 18:23:31)
[2026.08.25-00.23.31:122][  0]LogPlayLevel: Creating play world package: /Game/Brackeys2026/Levels/UEDPIE_0_Brackeys2026Map
[2026.08.25-00.23.31:124][  0]LogPlayLevel: PIE: StaticDuplicateObject took: (0.002100s)
[2026.08.25-00.23.31:125][  0]LogAIModule: Creating AISystem for world Brackeys2026Map
[2026.08.25-00.23.31:125][  0]LogPlayLevel: PIE: World Init took: (0.000847s)
[2026.08.25-00.23.31:125][  0]LogPlayLevel: PIE: Created PIE world by copying editor world from /Game/Brackeys2026/Levels/Brackeys2026Map.Brackeys2026Map to /Game/Brackeys2026/Levels/UEDPIE_0_Brackeys2026Map.Brackeys2026Map (0.003057s)
[2026.08.25-00.23.31:142][  0]LogUObjectHash: Compacting FUObjectHashTables data took   1.44ms
[2026.08.25-00.23.31:142][  0]LogAudio: Display: Creating Audio Device:                 Id: 36, Scope: Unique, Realtime: True
[2026.08.25-00.23.31:142][  0]LogAudioMixer: Display: Audio Mixer Platform Settings:
[2026.08.25-00.23.31:142][  0]LogAudioMixer: Display: 	Sample Rate:						  48000
[2026.08.25-00.23.31:142][  0]LogAudioMixer: Display: 	Callback Buffer Frame Size Requested: 1024
[2026.08.25-00.23.31:142][  0]LogAudioMixer: Display: 	Callback Buffer Frame Size To Use:	  1024
[2026.08.25-00.23.31:142][  0]LogAudioMixer: Display: 	Number of buffers to queue:			  2
[2026.08.25-00.23.31:143][  0]LogAudioMixer: Display: 	Max Channels (voices):				  32
[2026.08.25-00.23.31:143][  0]LogAudioMixer: Display: 	Number of Async Source Workers:		  0
[2026.08.25-00.23.31:143][  0]LogAudio: Display: AudioDevice MaxSources: 32
[2026.08.25-00.23.31:143][  0]LogAudio: Display: Audio Spatialization Plugin: None (built-in).
[2026.08.25-00.23.31:143][  0]LogAudio: Display: Audio Reverb Plugin: None (built-in).
[2026.08.25-00.23.31:143][  0]LogAudio: Display: Audio Occlusion Plugin: None (built-in).
[2026.08.25-00.23.31:143][  0]LogAudioMixer: Display: Initializing audio mixer.
[2026.08.25-00.23.31:146][  0]LogAudioMixer: Display: 0: FrontLeft
[2026.08.25-00.23.31:146][  0]LogAudioMixer: Display: 1: FrontRight
[2026.08.25-00.23.31:162][  0]LogAudioMixer: Display: Using Audio Device Altavoces (Realtek(R) Audio)
[2026.08.25-00.23.31:162][  0]LogAudioMixer: Display: Initializing Sound Submixes...
[2026.08.25-00.23.31:162][  0]LogAudioMixer: Display: Creating Master Submix 'MasterSubmixDefault'
[2026.08.25-00.23.31:162][  0]LogAudioMixer: Display: Creating Master Submix 'MasterReverbSubmixDefault'
[2026.08.25-00.23.31:163][  0]LogAudioMixer: Display: Creating Master Submix 'MasterEQSubmixDefault'
[2026.08.25-00.23.31:163][  0]LogAudioMixer: FMixerPlatformXAudio2::StartAudioStream() called
[2026.08.25-00.23.31:163][  0]LogAudioMixer: Display: Output buffers initialized: Frames=1024, Channels=2, Samples=2048
[2026.08.25-00.23.31:163][  0]LogAudioMixer: Display: Starting AudioMixerPlatformInterface::RunInternal()
[2026.08.25-00.23.31:163][  0]LogAudioMixer: Display: FMixerPlatformXAudio2::SubmitBuffer() called for the first time
[2026.08.25-00.23.31:163][  0]LogInit: FAudioDevice initialized.
[2026.08.25-00.23.31:163][  0]LogAudio: Display: Audio Device (ID: 36) registered with world 'Brackeys2026Map'.
[2026.08.25-00.23.31:170][  0]LogLoad: Game class is 'BrackeysGameMode_C'
[2026.08.25-00.23.31:171][  0]LogWorld: Bringing World /Game/Brackeys2026/Levels/UEDPIE_0_Brackeys2026Map.Brackeys2026Map up for play (max tick rate 0) at 2026.08.24-21.23.31
[2026.08.25-00.23.31:171][  0]LogWorld: Bringing up level for play took: 0.000544
[2026.08.25-00.23.31:171][  0]LogOnline: OSS: Creating online subsystem instance for: :Context_41
[2026.08.25-00.23.31:173][  0]PIE: Server logged in
[2026.08.25-00.23.31:174][  0]PIE: Play in editor total start time 0.054 seconds.
[2026.08.25-00.23.35:113][327]LogSlate: Updating window title bar state: overlay mode, drag disabled, window buttons hidden, title bar hidden
[2026.08.25-00.23.35:113][327]LogWorld: BeginTearingDown for /Game/Brackeys2026/Levels/UEDPIE_0_Brackeys2026Map
[2026.08.25-00.23.35:113][327]LogWorld: UWorld::CleanupWorld for Brackeys2026Map, bSessionEnded=true, bCleanupResources=true
[2026.08.25-00.23.35:113][327]LogSlate: InvalidateAllWidgets triggered.  All widgets were invalidated
[2026.08.25-00.23.35:127][327]LogPlayLevel: Display: Shutting down PIE online subsystems
[2026.08.25-00.23.35:134][327]LogSlate: InvalidateAllWidgets triggered.  All widgets were invalidated
[2026.08.25-00.23.35:150][327]LogSlate: Updating window title bar state: overlay mode, drag disabled, window buttons hidden, title bar hidden
[2026.08.25-00.23.35:150][327]LogAudioMixer: FMixerPlatformXAudio2::StopAudioStream() called
[2026.08.25-00.23.35:151][327]LogAudioMixer: FMixerPlatformXAudio2::StopAudioStream() called
[2026.08.25-00.23.35:155][327]LogUObjectHash: Compacting FUObjectHashTables data took   1.44ms
[2026.08.25-00.23.35:197][328]LogPlayLevel: Display: Destroying online subsystem :Context_41
[2026.08.25-00.23.36:996][454]LogTemp: Repeating last play command: Selected Viewport
[2026.08.25-00.23.37:000][454]LogPlayLevel: PlayLevel: No blueprints needed recompiling
[2026.08.25-00.23.37:001][454]PIE: New page: PIE session: Brackeys2026Map (24 ago. 2026 18:23:37)
[2026.08.25-00.23.37:001][454]LogPlayLevel: Creating play world package: /Game/Brackeys2026/Levels/UEDPIE_0_Brackeys2026Map
[2026.08.25-00.23.37:003][454]LogPlayLevel: PIE: StaticDuplicateObject took: (0.002045s)
[2026.08.25-00.23.37:004][454]LogAIModule: Creating AISystem for world Brackeys2026Map
[2026.08.25-00.23.37:004][454]LogPlayLevel: PIE: World Init took: (0.000831s)
[2026.08.25-00.23.37:004][454]LogPlayLevel: PIE: Created PIE world by copying editor world from /Game/Brackeys2026/Levels/Brackeys2026Map.Brackeys2026Map to /Game/Brackeys2026/Levels/UEDPIE_0_Brackeys2026Map.Brackeys2026Map (0.002976s)
[2026.08.25-00.23.37:021][454]LogUObjectHash: Compacting FUObjectHashTables data took   1.45ms
[2026.08.25-00.23.37:022][454]LogAudio: Display: Creating Audio Device:                 Id: 37, Scope: Unique, Realtime: True
[2026.08.25-00.23.37:022][454]LogAudioMixer: Display: Audio Mixer Platform Settings:
[2026.08.25-00.23.37:022][454]LogAudioMixer: Display: 	Sample Rate:						  48000
[2026.08.25-00.23.37:022][454]LogAudioMixer: Display: 	Callback Buffer Frame Size Requested: 1024
[2026.08.25-00.23.37:022][454]LogAudioMixer: Display: 	Callback Buffer Frame Size To Use:	  1024
[2026.08.25-00.23.37:022][454]LogAudioMixer: Display: 	Number of buffers to queue:			  2
[2026.08.25-00.23.37:022][454]LogAudioMixer: Display: 	Max Channels (voices):				  32
[2026.08.25-00.23.37:022][454]LogAudioMixer: Display: 	Number of Async Source Workers:		  0
[2026.08.25-00.23.37:022][454]LogAudio: Display: AudioDevice MaxSources: 32
[2026.08.25-00.23.37:022][454]LogAudio: Display: Audio Spatialization Plugin: None (built-in).
[2026.08.25-00.23.37:022][454]LogAudio: Display: Audio Reverb Plugin: None (built-in).
[2026.08.25-00.23.37:022][454]LogAudio: Display: Audio Occlusion Plugin: None (built-in).
[2026.08.25-00.23.37:022][454]LogAudioMixer: Display: Initializing audio mixer.
[2026.08.25-00.23.37:026][454]LogAudioMixer: Display: 0: FrontLeft
[2026.08.25-00.23.37:026][454]LogAudioMixer: Display: 1: FrontRight
[2026.08.25-00.23.37:041][454]LogAudioMixer: Display: Using Audio Device Altavoces (Realtek(R) Audio)
[2026.08.25-00.23.37:041][454]LogAudioMixer: Display: Initializing Sound Submixes...
[2026.08.25-00.23.37:042][454]LogAudioMixer: Display: Creating Master Submix 'MasterSubmixDefault'
[2026.08.25-00.23.37:042][454]LogAudioMixer: Display: Creating Master Submix 'MasterReverbSubmixDefault'
[2026.08.25-00.23.37:042][454]LogAudioMixer: Display: Creating Master Submix 'MasterEQSubmixDefault'
[2026.08.25-00.23.37:042][454]LogAudioMixer: FMixerPlatformXAudio2::StartAudioStream() called
[2026.08.25-00.23.37:042][454]LogAudioMixer: Display: Output buffers initialized: Frames=1024, Channels=2, Samples=2048
[2026.08.25-00.23.37:044][454]LogAudioMixer: Display: Starting AudioMixerPlatformInterface::RunInternal()
[2026.08.25-00.23.37:044][454]LogAudioMixer: Display: FMixerPlatformXAudio2::SubmitBuffer() called for the first time
[2026.08.25-00.23.37:044][454]LogInit: FAudioDevice initialized.
[2026.08.25-00.23.37:044][454]LogAudio: Display: Audio Device (ID: 37) registered with world 'Brackeys2026Map'.
[2026.08.25-00.23.37:052][454]LogLoad: Game class is 'BrackeysGameMode_C'
[2026.08.25-00.23.37:053][454]LogWorld: Bringing World /Game/Brackeys2026/Levels/UEDPIE_0_Brackeys2026Map.Brackeys2026Map up for play (max tick rate 0) at 2026.08.24-21.23.37
[2026.08.25-00.23.37:053][454]LogWorld: Bringing up level for play took: 0.000538
[2026.08.25-00.23.37:053][454]LogOnline: OSS: Creating online subsystem instance for: :Context_42
[2026.08.25-00.23.37:055][454]PIE: Server logged in
[2026.08.25-00.23.37:056][454]PIE: Play in editor total start time 0.056 seconds.
[2026.08.25-00.23.38:808][606]LogBlueprintUserMessages: [BP_Phone_2] Smell Hint
[2026.08.25-00.23.39:151][636]LogBlueprintUserMessages: [BP_Phone_2] Smell Hint
[2026.08.25-00.23.39:323][651]LogBlueprintUserMessages: [BP_Phone_2] Smell Hint
[2026.08.25-00.23.39:469][664]LogBlueprintUserMessages: [BP_Phone_2] Smell Hint
[2026.08.25-00.23.39:708][685]LogBlueprintUserMessages: [BP_Phone_2] Smell Hint
[2026.08.25-00.23.39:902][702]LogBlueprintUserMessages: [BP_Phone_2] Smell Hint
[2026.08.25-00.23.40:933][787]LogSlate: Updating window title bar state: overlay mode, drag disabled, window buttons hidden, title bar hidden
[2026.08.25-00.23.40:933][787]LogWorld: BeginTearingDown for /Game/Brackeys2026/Levels/UEDPIE_0_Brackeys2026Map
[2026.08.25-00.23.40:933][787]LogWorld: UWorld::CleanupWorld for Brackeys2026Map, bSessionEnded=true, bCleanupResources=true
[2026.08.25-00.23.40:933][787]LogSlate: InvalidateAllWidgets triggered.  All widgets were invalidated
[2026.08.25-00.23.40:945][787]LogPlayLevel: Display: Shutting down PIE online subsystems
[2026.08.25-00.23.40:952][787]LogSlate: InvalidateAllWidgets triggered.  All widgets were invalidated
[2026.08.25-00.23.40:968][787]LogSlate: Updating window title bar state: overlay mode, drag disabled, window buttons hidden, title bar hidden
[2026.08.25-00.23.40:968][787]LogAudioMixer: FMixerPlatformXAudio2::StopAudioStream() called
[2026.08.25-00.23.40:969][787]LogAudioMixer: FMixerPlatformXAudio2::StopAudioStream() called
[2026.08.25-00.23.40:974][787]LogUObjectHash: Compacting FUObjectHashTables data took   1.43ms
[2026.08.25-00.23.41:015][788]LogPlayLevel: Display: Destroying online subsystem :Context_42
[2026.08.25-00.23.54:652][626]LogSavePackage: Moving '../../../../../GameProgramming/BrackeysGameJam/Brackeys-2026/BrackeysJam2026/Saved/BP_Revolver8EC7C50749644058A5604A8BF36109EE.tmp' to '../../../../../GameProgramming/BrackeysGameJam/Brackeys-2026/BrackeysJam2026/Content/Brackeys2026/Objects/CoinGun/BP_Revolver.uasset'
[2026.08.25-00.23.54:702][626]AssetCheck: New page: Asset Save: BP_Revolver
[2026.08.25-00.23.54:702][626]LogContentValidation: Display: Validating Blueprint /Game/Brackeys2026/Objects/CoinGun/BP_Revolver.BP_Revolver
[2026.08.25-00.23.56:796][760]LogTemp: Repeating last play command: Selected Viewport
[2026.08.25-00.23.56:800][760]BlueprintLog: New page: Pre-Play auto-recompile
[2026.08.25-00.23.56:807][760]LogPlayLevel: [PlayLevel] Compiling BP_Revolver before play...
[2026.08.25-00.23.56:872][760]LogUObjectHash: Compacting FUObjectHashTables data took   2.02ms
[2026.08.25-00.23.56:874][760]LogPlayLevel: PlayLevel: Blueprint regeneration took 73 ms (1 blueprints)
[2026.08.25-00.23.56:874][760]PIE: New page: PIE session: Brackeys2026Map (24 ago. 2026 18:23:56)
[2026.08.25-00.23.56:874][760]LogPlayLevel: Creating play world package: /Game/Brackeys2026/Levels/UEDPIE_0_Brackeys2026Map
[2026.08.25-00.23.56:876][760]LogPlayLevel: PIE: StaticDuplicateObject took: (0.002053s)
[2026.08.25-00.23.56:877][760]LogAIModule: Creating AISystem for world Brackeys2026Map
[2026.08.25-00.23.56:877][760]LogPlayLevel: PIE: World Init took: (0.000839s)
[2026.08.25-00.23.56:877][760]LogPlayLevel: PIE: Created PIE world by copying editor world from /Game/Brackeys2026/Levels/Brackeys2026Map.Brackeys2026Map to /Game/Brackeys2026/Levels/UEDPIE_0_Brackeys2026Map.Brackeys2026Map (0.002996s)
[2026.08.25-00.23.56:892][760]LogUObjectHash: Compacting FUObjectHashTables data took   1.44ms
[2026.08.25-00.23.56:893][760]LogAudio: Display: Creating Audio Device:                 Id: 38, Scope: Unique, Realtime: True
[2026.08.25-00.23.56:893][760]LogAudioMixer: Display: Audio Mixer Platform Settings:
[2026.08.25-00.23.56:893][760]LogAudioMixer: Display: 	Sample Rate:						  48000
[2026.08.25-00.23.56:893][760]LogAudioMixer: Display: 	Callback Buffer Frame Size Requested: 1024
[2026.08.25-00.23.56:893][760]LogAudioMixer: Display: 	Callback Buffer Frame Size To Use:	  1024
[2026.08.25-00.23.56:893][760]LogAudioMixer: Display: 	Number of buffers to queue:			  2
[2026.08.25-00.23.56:893][760]LogAudioMixer: Display: 	Max Channels (voices):				  32
[2026.08.25-00.23.56:893][760]LogAudioMixer: Display: 	Number of Async Source Workers:		  0
[2026.08.25-00.23.56:893][760]LogAudio: Display: AudioDevice MaxSources: 32
[2026.08.25-00.23.56:893][760]LogAudio: Display: Audio Spatialization Plugin: None (built-in).
[2026.08.25-00.23.56:893][760]LogAudio: Display: Audio Reverb Plugin: None (built-in).
[2026.08.25-00.23.56:893][760]LogAudio: Display: Audio Occlusion Plugin: None (built-in).
[2026.08.25-00.23.56:893][760]LogAudioMixer: Display: Initializing audio mixer.
[2026.08.25-00.23.56:897][760]LogAudioMixer: Display: 0: FrontLeft
[2026.08.25-00.23.56:897][760]LogAudioMixer: Display: 1: FrontRight
[2026.08.25-00.23.56:912][760]LogAudioMixer: Display: Using Audio Device Altavoces (Realtek(R) Audio)
[2026.08.25-00.23.56:912][760]LogAudioMixer: Display: Initializing Sound Submixes...
[2026.08.25-00.23.56:912][760]LogAudioMixer: Display: Creating Master Submix 'MasterSubmixDefault'
[2026.08.25-00.23.56:912][760]LogAudioMixer: Display: Creating Master Submix 'MasterReverbSubmixDefault'
[2026.08.25-00.23.56:912][760]LogAudioMixer: Display: Creating Master Submix 'MasterEQSubmixDefault'
[2026.08.25-00.23.56:913][760]LogAudioMixer: FMixerPlatformXAudio2::StartAudioStream() called
[2026.08.25-00.23.56:913][760]LogAudioMixer: Display: Output buffers initialized: Frames=1024, Channels=2, Samples=2048
[2026.08.25-00.23.56:913][760]LogAudioMixer: Display: Starting AudioMixerPlatformInterface::RunInternal()
[2026.08.25-00.23.56:913][760]LogAudioMixer: Display: FMixerPlatformXAudio2::SubmitBuffer() called for the first time
[2026.08.25-00.23.56:913][760]LogInit: FAudioDevice initialized.
[2026.08.25-00.23.56:913][760]LogAudio: Display: Audio Device (ID: 38) registered with world 'Brackeys2026Map'.
[2026.08.25-00.23.56:923][760]LogLoad: Game class is 'BrackeysGameMode_C'
[2026.08.25-00.23.56:924][760]LogWorld: Bringing World /Game/Brackeys2026/Levels/UEDPIE_0_Brackeys2026Map.Brackeys2026Map up for play (max tick rate 0) at 2026.08.24-21.23.56
[2026.08.25-00.23.56:924][760]LogWorld: Bringing up level for play took: 0.000569
[2026.08.25-00.23.56:924][760]LogOnline: OSS: Creating online subsystem instance for: :Context_43
[2026.08.25-00.23.56:926][760]PIE: Server logged in
[2026.08.25-00.23.56:927][760]PIE: Play in editor total start time 0.128 seconds.
[2026.08.25-00.23.59:186][952]LogBlueprintUserMessages: [BP_Phone_2] Smell Hint
[2026.08.25-00.23.59:561][985]LogBlueprintUserMessages: [BP_Phone_2] Smell Hint
[2026.08.25-00.23.59:718][999]LogBlueprintUserMessages: [BP_Phone_2] Smell Hint
[2026.08.25-00.23.59:881][ 13]LogBlueprintUserMessages: [BP_Phone_2] Smell Hint
[2026.08.25-00.24.05:602][519]LogSlate: Updating window title bar state: overlay mode, drag disabled, window buttons hidden, title bar hidden
[2026.08.25-00.24.05:602][519]LogWorld: BeginTearingDown for /Game/Brackeys2026/Levels/UEDPIE_0_Brackeys2026Map
[2026.08.25-00.24.05:603][519]LogWorld: UWorld::CleanupWorld for Brackeys2026Map, bSessionEnded=true, bCleanupResources=true
[2026.08.25-00.24.05:603][519]LogSlate: InvalidateAllWidgets triggered.  All widgets were invalidated
[2026.08.25-00.24.05:621][519]LogPlayLevel: Display: Shutting down PIE online subsystems
[2026.08.25-00.24.05:627][519]LogSlate: InvalidateAllWidgets triggered.  All widgets were invalidated
[2026.08.25-00.24.05:641][519]LogSlate: Updating window title bar state: overlay mode, drag disabled, window buttons hidden, title bar hidden
[2026.08.25-00.24.05:643][519]LogAudioMixer: FMixerPlatformXAudio2::StopAudioStream() called
[2026.08.25-00.24.05:644][519]LogAudioMixer: FMixerPlatformXAudio2::StopAudioStream() called
[2026.08.25-00.24.05:648][519]LogUObjectHash: Compacting FUObjectHashTables data took   1.48ms
[2026.08.25-00.24.05:691][520]LogPlayLevel: Display: Destroying online subsystem :Context_43
[2026.08.25-00.24.08:516][747]LogTemp: Repeating last play command: Selected Viewport
[2026.08.25-00.24.08:521][747]LogPlayLevel: PlayLevel: No blueprints needed recompiling
[2026.08.25-00.24.08:521][747]PIE: New page: PIE session: Brackeys2026Map (24 ago. 2026 18:24:08)
[2026.08.25-00.24.08:522][747]LogPlayLevel: Creating play world package: /Game/Brackeys2026/Levels/UEDPIE_0_Brackeys2026Map
[2026.08.25-00.24.08:524][747]LogPlayLevel: PIE: StaticDuplicateObject took: (0.002238s)
[2026.08.25-00.24.08:524][747]LogAIModule: Creating AISystem for world Brackeys2026Map
[2026.08.25-00.24.08:524][747]LogPlayLevel: PIE: World Init took: (0.000855s)
[2026.08.25-00.24.08:524][747]LogPlayLevel: PIE: Created PIE world by copying editor world from /Game/Brackeys2026/Levels/Brackeys2026Map.Brackeys2026Map to /Game/Brackeys2026/Levels/UEDPIE_0_Brackeys2026Map.Brackeys2026Map (0.003207s)
[2026.08.25-00.24.08:541][747]LogUObjectHash: Compacting FUObjectHashTables data took   1.48ms
[2026.08.25-00.24.08:542][747]LogAudio: Display: Creating Audio Device:                 Id: 39, Scope: Unique, Realtime: True
[2026.08.25-00.24.08:542][747]LogAudioMixer: Display: Audio Mixer Platform Settings:
[2026.08.25-00.24.08:542][747]LogAudioMixer: Display: 	Sample Rate:						  48000
[2026.08.25-00.24.08:542][747]LogAudioMixer: Display: 	Callback Buffer Frame Size Requested: 1024
[2026.08.25-00.24.08:542][747]LogAudioMixer: Display: 	Callback Buffer Frame Size To Use:	  1024
[2026.08.25-00.24.08:542][747]LogAudioMixer: Display: 	Number of buffers to queue:			  2
[2026.08.25-00.24.08:542][747]LogAudioMixer: Display: 	Max Channels (voices):				  32
[2026.08.25-00.24.08:542][747]LogAudioMixer: Display: 	Number of Async Source Workers:		  0
[2026.08.25-00.24.08:542][747]LogAudio: Display: AudioDevice MaxSources: 32
[2026.08.25-00.24.08:543][747]LogAudio: Display: Audio Spatialization Plugin: None (built-in).
[2026.08.25-00.24.08:543][747]LogAudio: Display: Audio Reverb Plugin: None (built-in).
[2026.08.25-00.24.08:543][747]LogAudio: Display: Audio Occlusion Plugin: None (built-in).
[2026.08.25-00.24.08:543][747]LogAudioMixer: Display: Initializing audio mixer.
[2026.08.25-00.24.08:546][747]LogAudioMixer: Display: 0: FrontLeft
[2026.08.25-00.24.08:546][747]LogAudioMixer: Display: 1: FrontRight
[2026.08.25-00.24.08:561][747]LogAudioMixer: Display: Using Audio Device Altavoces (Realtek(R) Audio)
[2026.08.25-00.24.08:562][747]LogAudioMixer: Display: Initializing Sound Submixes...
[2026.08.25-00.24.08:562][747]LogAudioMixer: Display: Creating Master Submix 'MasterSubmixDefault'
[2026.08.25-00.24.08:562][747]LogAudioMixer: Display: Creating Master Submix 'MasterReverbSubmixDefault'
[2026.08.25-00.24.08:562][747]LogAudioMixer: Display: Creating Master Submix 'MasterEQSubmixDefault'
[2026.08.25-00.24.08:562][747]LogAudioMixer: FMixerPlatformXAudio2::StartAudioStream() called
[2026.08.25-00.24.08:562][747]LogAudioMixer: Display: Output buffers initialized: Frames=1024, Channels=2, Samples=2048
[2026.08.25-00.24.08:564][747]LogAudioMixer: Display: Starting AudioMixerPlatformInterface::RunInternal()
[2026.08.25-00.24.08:564][747]LogAudioMixer: Display: FMixerPlatformXAudio2::SubmitBuffer() called for the first time
[2026.08.25-00.24.08:564][747]LogInit: FAudioDevice initialized.
[2026.08.25-00.24.08:564][747]LogAudio: Display: Audio Device (ID: 39) registered with world 'Brackeys2026Map'.
[2026.08.25-00.24.08:570][747]LogLoad: Game class is 'BrackeysGameMode_C'
[2026.08.25-00.24.08:570][747]LogWorld: Bringing World /Game/Brackeys2026/Levels/UEDPIE_0_Brackeys2026Map.Brackeys2026Map up for play (max tick rate 0) at 2026.08.24-21.24.08
[2026.08.25-00.24.08:571][747]LogWorld: Bringing up level for play took: 0.000540
[2026.08.25-00.24.08:571][747]LogOnline: OSS: Creating online subsystem instance for: :Context_44
[2026.08.25-00.24.08:573][747]PIE: Server logged in
[2026.08.25-00.24.08:573][747]PIE: Play in editor total start time 0.053 seconds.
[2026.08.25-00.24.37:793][725]LogSlate: Updating window title bar state: overlay mode, drag disabled, window buttons hidden, title bar hidden
[2026.08.25-00.24.37:793][725]LogWorld: BeginTearingDown for /Game/Brackeys2026/Levels/UEDPIE_0_Brackeys2026Map
[2026.08.25-00.24.37:793][725]LogWorld: UWorld::CleanupWorld for Brackeys2026Map, bSessionEnded=true, bCleanupResources=true
[2026.08.25-00.24.37:793][725]LogSlate: InvalidateAllWidgets triggered.  All widgets were invalidated
[2026.08.25-00.24.37:808][725]LogPlayLevel: Display: Shutting down PIE online subsystems
[2026.08.25-00.24.37:815][725]LogSlate: InvalidateAllWidgets triggered.  All widgets were invalidated
[2026.08.25-00.24.37:831][725]LogSlate: Updating window title bar state: overlay mode, drag disabled, window buttons hidden, title bar hidden
[2026.08.25-00.24.37:831][725]LogAudioMixer: FMixerPlatformXAudio2::StopAudioStream() called
[2026.08.25-00.24.37:832][725]LogAudioMixer: FMixerPlatformXAudio2::StopAudioStream() called
[2026.08.25-00.24.37:837][725]LogUObjectHash: Compacting FUObjectHashTables data took   1.92ms
[2026.08.25-00.24.37:882][726]LogPlayLevel: Display: Destroying online subsystem :Context_44
[2026.08.25-00.24.44:011][194]LogSavePackage: Moving '../../../../../GameProgramming/BrackeysGameJam/Brackeys-2026/BrackeysJam2026/Saved/BP_PhoneDF7A76174F9AA2F6AE58ED927C510A72.tmp' to '../../../../../GameProgramming/BrackeysGameJam/Brackeys-2026/BrackeysJam2026/Content/Brackeys2026/Objects/Phone/BP_Phone.uasset'
[2026.08.25-00.24.44:045][194]AssetCheck: New page: Asset Save: BP_Phone
[2026.08.25-00.24.44:045][194]LogContentValidation: Display: Validating Blueprint /Game/Brackeys2026/Objects/Phone/BP_Phone.BP_Phone
[2026.08.25-00.25.06:428][817]LogTemp: Repeating last play command: Selected Viewport
[2026.08.25-00.25.06:433][817]BlueprintLog: New page: Pre-Play auto-recompile
[2026.08.25-00.25.06:435][817]LogPlayLevel: [PlayLevel] Compiling BP_Phone before play...
[2026.08.25-00.25.06:495][817]LogUObjectHash: Compacting FUObjectHashTables data took   2.11ms
[2026.08.25-00.25.06:498][817]LogPlayLevel: PlayLevel: Blueprint regeneration took 64 ms (1 blueprints)
[2026.08.25-00.25.06:498][817]PIE: New page: PIE session: Brackeys2026Map (24 ago. 2026 18:25:06)
[2026.08.25-00.25.06:498][817]LogPlayLevel: Creating play world package: /Game/Brackeys2026/Levels/UEDPIE_0_Brackeys2026Map
[2026.08.25-00.25.06:501][817]LogPlayLevel: PIE: StaticDuplicateObject took: (0.002055s)
[2026.08.25-00.25.06:501][817]LogAIModule: Creating AISystem for world Brackeys2026Map
[2026.08.25-00.25.06:501][817]LogPlayLevel: PIE: World Init took: (0.000851s)
[2026.08.25-00.25.06:501][817]LogPlayLevel: PIE: Created PIE world by copying editor world from /Game/Brackeys2026/Levels/Brackeys2026Map.Brackeys2026Map to /Game/Brackeys2026/Levels/UEDPIE_0_Brackeys2026Map.Brackeys2026Map (0.003031s)
[2026.08.25-00.25.06:517][817]LogUObjectHash: Compacting FUObjectHashTables data took   1.45ms
[2026.08.25-00.25.06:517][817]LogAudio: Display: Creating Audio Device:                 Id: 40, Scope: Unique, Realtime: True
[2026.08.25-00.25.06:517][817]LogAudioMixer: Display: Audio Mixer Platform Settings:
[2026.08.25-00.25.06:517][817]LogAudioMixer: Display: 	Sample Rate:						  48000
[2026.08.25-00.25.06:517][817]LogAudioMixer: Display: 	Callback Buffer Frame Size Requested: 1024
[2026.08.25-00.25.06:517][817]LogAudioMixer: Display: 	Callback Buffer Frame Size To Use:	  1024
[2026.08.25-00.25.06:517][817]LogAudioMixer: Display: 	Number of buffers to queue:			  2
[2026.08.25-00.25.06:517][817]LogAudioMixer: Display: 	Max Channels (voices):				  32
[2026.08.25-00.25.06:517][817]LogAudioMixer: Display: 	Number of Async Source Workers:		  0
[2026.08.25-00.25.06:517][817]LogAudio: Display: AudioDevice MaxSources: 32
[2026.08.25-00.25.06:518][817]LogAudio: Display: Audio Spatialization Plugin: None (built-in).
[2026.08.25-00.25.06:518][817]LogAudio: Display: Audio Reverb Plugin: None (built-in).
[2026.08.25-00.25.06:518][817]LogAudio: Display: Audio Occlusion Plugin: None (built-in).
[2026.08.25-00.25.06:518][817]LogAudioMixer: Display: Initializing audio mixer.
[2026.08.25-00.25.06:522][817]LogAudioMixer: Display: 0: FrontLeft
[2026.08.25-00.25.06:522][817]LogAudioMixer: Display: 1: FrontRight
[2026.08.25-00.25.06:538][817]LogAudioMixer: Display: Using Audio Device Altavoces (Realtek(R) Audio)
[2026.08.25-00.25.06:538][817]LogAudioMixer: Display: Initializing Sound Submixes...
[2026.08.25-00.25.06:538][817]LogAudioMixer: Display: Creating Master Submix 'MasterSubmixDefault'
[2026.08.25-00.25.06:538][817]LogAudioMixer: Display: Creating Master Submix 'MasterReverbSubmixDefault'
[2026.08.25-00.25.06:538][817]LogAudioMixer: Display: Creating Master Submix 'MasterEQSubmixDefault'
[2026.08.25-00.25.06:538][817]LogAudioMixer: FMixerPlatformXAudio2::StartAudioStream() called
[2026.08.25-00.25.06:538][817]LogAudioMixer: Display: Output buffers initialized: Frames=1024, Channels=2, Samples=2048
[2026.08.25-00.25.06:539][817]LogAudioMixer: Display: Starting AudioMixerPlatformInterface::RunInternal()
[2026.08.25-00.25.06:539][817]LogAudioMixer: Display: FMixerPlatformXAudio2::SubmitBuffer() called for the first time
[2026.08.25-00.25.06:539][817]LogInit: FAudioDevice initialized.
[2026.08.25-00.25.06:539][817]LogAudio: Display: Audio Device (ID: 40) registered with world 'Brackeys2026Map'.
[2026.08.25-00.25.06:547][817]LogLoad: Game class is 'BrackeysGameMode_C'
[2026.08.25-00.25.06:547][817]LogWorld: Bringing World /Game/Brackeys2026/Levels/UEDPIE_0_Brackeys2026Map.Brackeys2026Map up for play (max tick rate 0) at 2026.08.24-21.25.06
[2026.08.25-00.25.06:548][817]LogWorld: Bringing up level for play took: 0.000544
[2026.08.25-00.25.06:548][817]LogOnline: OSS: Creating online subsystem instance for: :Context_45
[2026.08.25-00.25.06:549][817]PIE: Server logged in
[2026.08.25-00.25.06:551][817]PIE: Play in editor total start time 0.118 seconds.
[2026.08.25-00.25.08:527][984]LogBlueprintUserMessages: [BP_Phone_2] Smell Hint
[2026.08.25-00.25.09:330][ 55]LogBlueprintUserMessages: [BP_Phone_2] Smell Hint
[2026.08.25-00.25.09:551][ 74]LogBlueprintUserMessages: [BP_Phone_2] Smell Hint
[2026.08.25-00.25.09:971][111]LogBlueprintUserMessages: [BP_Phone_2] Smell Hint
[2026.08.25-00.25.10:232][134]LogBlueprintUserMessages: [BP_Phone_2] Smell Hint
[2026.08.25-00.25.18:503][980]LogSlate: Updating window title bar state: overlay mode, drag disabled, window buttons hidden, title bar hidden
[2026.08.25-00.25.18:503][980]LogWorld: BeginTearingDown for /Game/Brackeys2026/Levels/UEDPIE_0_Brackeys2026Map
[2026.08.25-00.25.18:503][980]LogWorld: UWorld::CleanupWorld for Brackeys2026Map, bSessionEnded=true, bCleanupResources=true
[2026.08.25-00.25.18:503][980]LogSlate: InvalidateAllWidgets triggered.  All widgets were invalidated
[2026.08.25-00.25.18:515][980]LogPlayLevel: Display: Shutting down PIE online subsystems
[2026.08.25-00.25.18:522][980]LogSlate: InvalidateAllWidgets triggered.  All widgets were invalidated
[2026.08.25-00.25.18:538][980]LogSlate: Updating window title bar state: overlay mode, drag disabled, window buttons hidden, title bar hidden
[2026.08.25-00.25.18:538][980]LogAudioMixer: FMixerPlatformXAudio2::StopAudioStream() called
[2026.08.25-00.25.18:539][980]LogAudioMixer: FMixerPlatformXAudio2::StopAudioStream() called
[2026.08.25-00.25.18:544][980]LogUObjectHash: Compacting FUObjectHashTables data took   1.42ms
[2026.08.25-00.25.18:583][981]LogPlayLevel: Display: Destroying online subsystem :Context_45
[2026.08.25-00.25.22:567][257]LogAssetEditorSubsystem: Opening Asset editor for Blueprint /Engine/EditorBlueprintResources/StandardMacros.StandardMacros
[2026.08.25-00.25.25:886][460]LogWorld: UWorld::CleanupWorld for World_6, bSessionEnded=true, bCleanupResources=true
[2026.08.25-00.25.25:886][460]LogSlate: InvalidateAllWidgets triggered.  All widgets were invalidated
[2026.08.25-00.25.38:528][448]LogTemp: Repeating last play command: Selected Viewport
[2026.08.25-00.25.38:534][448]LogPlayLevel: PlayLevel: No blueprints needed recompiling
[2026.08.25-00.25.38:534][448]PIE: New page: PIE session: Brackeys2026Map (24 ago. 2026 18:25:38)
[2026.08.25-00.25.38:534][448]LogPlayLevel: Creating play world package: /Game/Brackeys2026/Levels/UEDPIE_0_Brackeys2026Map
[2026.08.25-00.25.38:536][448]LogPlayLevel: PIE: StaticDuplicateObject took: (0.002098s)
[2026.08.25-00.25.38:537][448]LogAIModule: Creating AISystem for world Brackeys2026Map
[2026.08.25-00.25.38:537][448]LogPlayLevel: PIE: World Init took: (0.000850s)
[2026.08.25-00.25.38:537][448]LogPlayLevel: PIE: Created PIE world by copying editor world from /Game/Brackeys2026/Levels/Brackeys2026Map.Brackeys2026Map to /Game/Brackeys2026/Levels/UEDPIE_0_Brackeys2026Map.Brackeys2026Map (0.003058s)
[2026.08.25-00.25.38:560][448]LogUObjectHash: Compacting FUObjectHashTables data took   1.73ms
[2026.08.25-00.25.38:563][448]LogAudio: Display: Creating Audio Device:                 Id: 41, Scope: Unique, Realtime: True
[2026.08.25-00.25.38:563][448]LogAudioMixer: Display: Audio Mixer Platform Settings:
[2026.08.25-00.25.38:563][448]LogAudioMixer: Display: 	Sample Rate:						  48000
[2026.08.25-00.25.38:563][448]LogAudioMixer: Display: 	Callback Buffer Frame Size Requested: 1024
[2026.08.25-00.25.38:563][448]LogAudioMixer: Display: 	Callback Buffer Frame Size To Use:	  1024
[2026.08.25-00.25.38:563][448]LogAudioMixer: Display: 	Number of buffers to queue:			  2
[2026.08.25-00.25.38:563][448]LogAudioMixer: Display: 	Max Channels (voices):				  32
[2026.08.25-00.25.38:563][448]LogAudioMixer: Display: 	Number of Async Source Workers:		  0
[2026.08.25-00.25.38:563][448]LogAudio: Display: AudioDevice MaxSources: 32
[2026.08.25-00.25.38:563][448]LogAudio: Display: Audio Spatialization Plugin: None (built-in).
[2026.08.25-00.25.38:563][448]LogAudio: Display: Audio Reverb Plugin: None (built-in).
[2026.08.25-00.25.38:563][448]LogAudio: Display: Audio Occlusion Plugin: None (built-in).
[2026.08.25-00.25.38:563][448]LogAudioMixer: Display: Initializing audio mixer.
[2026.08.25-00.25.38:567][448]LogAudioMixer: Display: 0: FrontLeft
[2026.08.25-00.25.38:567][448]LogAudioMixer: Display: 1: FrontRight
[2026.08.25-00.25.38:582][448]LogAudioMixer: Display: Using Audio Device Altavoces (Realtek(R) Audio)
[2026.08.25-00.25.38:582][448]LogAudioMixer: Display: Initializing Sound Submixes...
[2026.08.25-00.25.38:582][448]LogAudioMixer: Display: Creating Master Submix 'MasterSubmixDefault'
[2026.08.25-00.25.38:583][448]LogAudioMixer: Display: Creating Master Submix 'MasterReverbSubmixDefault'
[2026.08.25-00.25.38:583][448]LogAudioMixer: Display: Creating Master Submix 'MasterEQSubmixDefault'
[2026.08.25-00.25.38:583][448]LogAudioMixer: FMixerPlatformXAudio2::StartAudioStream() called
[2026.08.25-00.25.38:583][448]LogAudioMixer: Display: Output buffers initialized: Frames=1024, Channels=2, Samples=2048
[2026.08.25-00.25.38:583][448]LogAudioMixer: Display: Starting AudioMixerPlatformInterface::RunInternal()
[2026.08.25-00.25.38:584][448]LogAudioMixer: Display: FMixerPlatformXAudio2::SubmitBuffer() called for the first time
[2026.08.25-00.25.38:584][448]LogInit: FAudioDevice initialized.
[2026.08.25-00.25.38:584][448]LogAudio: Display: Audio Device (ID: 41) registered with world 'Brackeys2026Map'.
[2026.08.25-00.25.38:599][448]LogLoad: Game class is 'BrackeysGameMode_C'
[2026.08.25-00.25.38:600][448]LogWorld: Bringing World /Game/Brackeys2026/Levels/UEDPIE_0_Brackeys2026Map.Brackeys2026Map up for play (max tick rate 0) at 2026.08.24-21.25.38
[2026.08.25-00.25.38:600][448]LogWorld: Bringing up level for play took: 0.000567
[2026.08.25-00.25.38:600][448]LogOnline: OSS: Creating online subsystem instance for: :Context_47
[2026.08.25-00.25.38:603][448]PIE: Server logged in
[2026.08.25-00.25.38:604][448]PIE: Play in editor total start time 0.071 seconds.
[2026.08.25-00.25.44:964][ 49]LogBlueprintUserMessages: [BP_Phone_2] Smell Hint
[2026.08.25-00.25.45:483][ 95]LogBlueprintUserMessages: [BP_Phone_2] Smell Hint
[2026.08.25-00.25.45:708][115]LogBlueprintUserMessages: [BP_Phone_2] Smell Hint
[2026.08.25-00.25.45:896][131]LogBlueprintUserMessages: [BP_Phone_2] Smell Hint
[2026.08.25-00.25.46:067][146]LogBlueprintUserMessages: [BP_Phone_2] Smell Hint
[2026.08.25-00.25.46:246][162]LogBlueprintUserMessages: [BP_Phone_2] Smell Hint
[2026.08.25-00.25.46:416][177]LogBlueprintUserMessages: [BP_Phone_2] Smell Hint
[2026.08.25-00.25.46:609][194]LogBlueprintUserMessages: [BP_Phone_2] Smell Hint
[2026.08.25-00.25.46:791][210]LogBlueprintUserMessages: [BP_Phone_2] Smell Hint
[2026.08.25-00.25.46:984][227]LogBlueprintUserMessages: [BP_Phone_2] Smell Hint
[2026.08.25-00.25.47:166][243]LogBlueprintUserMessages: [BP_Phone_2] Smell Hint
[2026.08.25-00.25.47:358][260]LogBlueprintUserMessages: [BP_Phone_2] Smell Hint
[2026.08.25-00.25.47:552][277]LogBlueprintUserMessages: [BP_Phone_2] Smell Hint
[2026.08.25-00.25.47:748][294]LogBlueprintUserMessages: [BP_Phone_2] Smell Hint
[2026.08.25-00.25.47:953][312]LogBlueprintUserMessages: [BP_Phone_2] Smell Hint
[2026.08.25-00.25.48:135][328]LogBlueprintUserMessages: [BP_Phone_2] Smell Hint
[2026.08.25-00.25.50:023][484]LogSlate: Updating window title bar state: overlay mode, drag disabled, window buttons hidden, title bar hidden
[2026.08.25-00.25.50:023][484]LogWorld: BeginTearingDown for /Game/Brackeys2026/Levels/UEDPIE_0_Brackeys2026Map
[2026.08.25-00.25.50:023][484]LogWorld: UWorld::CleanupWorld for Brackeys2026Map, bSessionEnded=true, bCleanupResources=true
[2026.08.25-00.25.50:023][484]LogSlate: InvalidateAllWidgets triggered.  All widgets were invalidated
[2026.08.25-00.25.50:035][484]LogPlayLevel: Display: Shutting down PIE online subsystems
[2026.08.25-00.25.50:042][484]LogSlate: InvalidateAllWidgets triggered.  All widgets were invalidated
[2026.08.25-00.25.50:058][484]LogAudio: Display: Audio Device unregistered from world 'None'.
[2026.08.25-00.25.50:058][484]LogAudioMixer: FMixerPlatformXAudio2::StopAudioStream() called
[2026.08.25-00.25.50:059][484]LogAudioMixer: FMixerPlatformXAudio2::StopAudioStream() called
[2026.08.25-00.25.50:060][484]LogSlate: Updating window title bar state: overlay mode, drag disabled, window buttons hidden, title bar hidden
[2026.08.25-00.25.50:062][484]LogUObjectHash: Compacting FUObjectHashTables data took   1.46ms
[2026.08.25-00.25.50:105][485]LogPlayLevel: Display: Destroying online subsystem :Context_47
[2026.08.25-00.26.17:305][829]LogSavePackage: Moving '../../../../../GameProgramming/BrackeysGameJam/Brackeys-2026/BrackeysJam2026/Saved/BP_PhoneEBF71A624E99966039879FB106934D28.tmp' to '../../../../../GameProgramming/BrackeysGameJam/Brackeys-2026/BrackeysJam2026/Content/Brackeys2026/Objects/Phone/BP_Phone.uasset'
[2026.08.25-00.26.17:338][829]AssetCheck: New page: Asset Save: BP_Phone
[2026.08.25-00.26.17:338][829]LogContentValidation: Display: Validating Blueprint /Game/Brackeys2026/Objects/Phone/BP_Phone.BP_Phone
[2026.08.25-00.26.49:366][200]LogSavePackage: Moving '../../../../../GameProgramming/BrackeysGameJam/Brackeys-2026/BrackeysJam2026/Saved/BP_PhoneA37FD8B248B1F25D6FEBEFAAE32566C3.tmp' to '../../../../../GameProgramming/BrackeysGameJam/Brackeys-2026/BrackeysJam2026/Content/Brackeys2026/Objects/Phone/BP_Phone.uasset'
[2026.08.25-00.26.49:405][200]AssetCheck: New page: Asset Save: BP_Phone
[2026.08.25-00.26.49:405][200]LogContentValidation: Display: Validating Blueprint /Game/Brackeys2026/Objects/Phone/BP_Phone.BP_Phone
[2026.08.25-00.26.51:075][307]LogTemp: Repeating last play command: Selected Viewport
[2026.08.25-00.26.51:080][307]BlueprintLog: New page: Pre-Play auto-recompile
[2026.08.25-00.26.51:081][307]LogPlayLevel: [PlayLevel] Compiling BP_Phone before play...
[2026.08.25-00.26.51:139][307]LogUObjectHash: Compacting FUObjectHashTables data took   1.99ms
[2026.08.25-00.26.51:142][307]LogPlayLevel: PlayLevel: Blueprint regeneration took 62 ms (1 blueprints)
[2026.08.25-00.26.51:142][307]PIE: New page: PIE session: Brackeys2026Map (24 ago. 2026 18:26:51)
[2026.08.25-00.26.51:142][307]LogPlayLevel: Creating play world package: /Game/Brackeys2026/Levels/UEDPIE_0_Brackeys2026Map
[2026.08.25-00.26.51:144][307]LogPlayLevel: PIE: StaticDuplicateObject took: (0.002030s)
[2026.08.25-00.26.51:145][307]LogAIModule: Creating AISystem for world Brackeys2026Map
[2026.08.25-00.26.51:145][307]LogPlayLevel: PIE: World Init took: (0.000889s)
[2026.08.25-00.26.51:145][307]LogPlayLevel: PIE: Created PIE world by copying editor world from /Game/Brackeys2026/Levels/Brackeys2026Map.Brackeys2026Map to /Game/Brackeys2026/Levels/UEDPIE_0_Brackeys2026Map.Brackeys2026Map (0.003023s)
[2026.08.25-00.26.51:162][307]LogUObjectHash: Compacting FUObjectHashTables data took   1.46ms
[2026.08.25-00.26.51:162][307]LogAudio: Display: Creating Audio Device:                 Id: 42, Scope: Unique, Realtime: True
[2026.08.25-00.26.51:162][307]LogAudioMixer: Display: Audio Mixer Platform Settings:
[2026.08.25-00.26.51:162][307]LogAudioMixer: Display: 	Sample Rate:						  48000
[2026.08.25-00.26.51:162][307]LogAudioMixer: Display: 	Callback Buffer Frame Size Requested: 1024
[2026.08.25-00.26.51:162][307]LogAudioMixer: Display: 	Callback Buffer Frame Size To Use:	  1024
[2026.08.25-00.26.51:162][307]LogAudioMixer: Display: 	Number of buffers to queue:			  2
[2026.08.25-00.26.51:162][307]LogAudioMixer: Display: 	Max Channels (voices):				  32
[2026.08.25-00.26.51:162][307]LogAudioMixer: Display: 	Number of Async Source Workers:		  0
[2026.08.25-00.26.51:162][307]LogAudio: Display: AudioDevice MaxSources: 32
[2026.08.25-00.26.51:162][307]LogAudio: Display: Audio Spatialization Plugin: None (built-in).
[2026.08.25-00.26.51:162][307]LogAudio: Display: Audio Reverb Plugin: None (built-in).
[2026.08.25-00.26.51:162][307]LogAudio: Display: Audio Occlusion Plugin: None (built-in).
[2026.08.25-00.26.51:162][307]LogAudioMixer: Display: Initializing audio mixer.
[2026.08.25-00.26.51:166][307]LogAudioMixer: Display: 0: FrontLeft
[2026.08.25-00.26.51:166][307]LogAudioMixer: Display: 1: FrontRight
[2026.08.25-00.26.51:181][307]LogAudioMixer: Display: Using Audio Device Altavoces (Realtek(R) Audio)
[2026.08.25-00.26.51:181][307]LogAudioMixer: Display: Initializing Sound Submixes...
[2026.08.25-00.26.51:181][307]LogAudioMixer: Display: Creating Master Submix 'MasterSubmixDefault'
[2026.08.25-00.26.51:182][307]LogAudioMixer: Display: Creating Master Submix 'MasterReverbSubmixDefault'
[2026.08.25-00.26.51:182][307]LogAudioMixer: Display: Creating Master Submix 'MasterEQSubmixDefault'
[2026.08.25-00.26.51:182][307]LogAudioMixer: FMixerPlatformXAudio2::StartAudioStream() called
[2026.08.25-00.26.51:182][307]LogAudioMixer: Display: Output buffers initialized: Frames=1024, Channels=2, Samples=2048
[2026.08.25-00.26.51:182][307]LogAudioMixer: Display: Starting AudioMixerPlatformInterface::RunInternal()
[2026.08.25-00.26.51:184][307]LogAudioMixer: Display: FMixerPlatformXAudio2::SubmitBuffer() called for the first time
[2026.08.25-00.26.51:184][307]LogInit: FAudioDevice initialized.
[2026.08.25-00.26.51:184][307]LogAudio: Display: Audio Device (ID: 42) registered with world 'Brackeys2026Map'.
[2026.08.25-00.26.51:192][307]LogLoad: Game class is 'BrackeysGameMode_C'
[2026.08.25-00.26.51:193][307]LogWorld: Bringing World /Game/Brackeys2026/Levels/UEDPIE_0_Brackeys2026Map.Brackeys2026Map up for play (max tick rate 0) at 2026.08.24-21.26.51
[2026.08.25-00.26.51:193][307]LogWorld: Bringing up level for play took: 0.000556
[2026.08.25-00.26.51:193][307]LogOnline: OSS: Creating online subsystem instance for: :Context_48
[2026.08.25-00.26.51:195][307]PIE: Server logged in
[2026.08.25-00.26.51:196][307]PIE: Play in editor total start time 0.117 seconds.
[2026.08.25-00.26.52:313][395]LogBlueprintUserMessages: [BP_Phone_2] Smell Hint
[2026.08.25-00.26.52:629][422]LogBlueprintUserMessages: [BP_Phone_2] Smell Hint
[2026.08.25-00.26.52:797][436]LogBlueprintUserMessages: [BP_Phone_2] Smell Hint
[2026.08.25-00.26.52:951][449]LogBlueprintUserMessages: [BP_Phone_2] Smell Hint
[2026.08.25-00.26.53:117][463]LogBlueprintUserMessages: [BP_Phone_2] Smell Hint
[2026.08.25-00.26.53:283][477]LogBlueprintUserMessages: [BP_Phone_2] Smell Hint
[2026.08.25-00.26.53:456][492]LogBlueprintUserMessages: [BP_Phone_2] Smell Hint
[2026.08.25-00.26.53:635][507]LogBlueprintUserMessages: [BP_Phone_2] Smell Hint
[2026.08.25-00.26.53:859][526]LogBlueprintUserMessages: [BP_Phone_2] Smell Hint
[2026.08.25-00.26.54:335][566]LogBlueprintUserMessages: [BP_Phone_2] Smell Hint
[2026.08.25-00.26.54:698][597]LogBlueprintUserMessages: [BP_Phone_2] Smell Hint
[2026.08.25-00.26.55:027][625]LogBlueprintUserMessages: [BP_Phone_2] Smell Hint
[2026.08.25-00.26.55:239][642]LogBlueprintUserMessages: [BP_Phone_2] Smell Hint
[2026.08.25-00.27.00:254][172]LogBlueprintUserMessages: [BP_Phone_2] Smell Hint
[2026.08.25-00.27.00:533][196]LogBlueprintUserMessages: [BP_Phone_2] Smell Hint
[2026.08.25-00.27.00:704][211]LogBlueprintUserMessages: [BP_Phone_2] Smell Hint
[2026.08.25-00.27.00:894][227]LogBlueprintUserMessages: [BP_Phone_2] Smell Hint
[2026.08.25-00.27.01:076][243]LogBlueprintUserMessages: [BP_Phone_2] Smell Hint
[2026.08.25-00.27.05:443][582]LogSlate: Updating window title bar state: overlay mode, drag disabled, window buttons hidden, title bar hidden
[2026.08.25-00.27.05:443][582]LogWorld: BeginTearingDown for /Game/Brackeys2026/Levels/UEDPIE_0_Brackeys2026Map
[2026.08.25-00.27.05:443][582]LogWorld: UWorld::CleanupWorld for Brackeys2026Map, bSessionEnded=true, bCleanupResources=true
[2026.08.25-00.27.05:443][582]LogSlate: InvalidateAllWidgets triggered.  All widgets were invalidated
[2026.08.25-00.27.05:459][582]LogPlayLevel: Display: Shutting down PIE online subsystems
[2026.08.25-00.27.05:466][582]LogSlate: InvalidateAllWidgets triggered.  All widgets were invalidated
[2026.08.25-00.27.05:481][582]LogSlate: Updating window title bar state: overlay mode, drag disabled, window buttons hidden, title bar hidden
[2026.08.25-00.27.05:481][582]LogAudioMixer: FMixerPlatformXAudio2::StopAudioStream() called
[2026.08.25-00.27.05:482][582]LogAudioMixer: FMixerPlatformXAudio2::StopAudioStream() called
[2026.08.25-00.27.05:487][582]LogUObjectHash: Compacting FUObjectHashTables data took   1.46ms
[2026.08.25-00.27.05:537][583]LogPlayLevel: Display: Destroying online subsystem :Context_48
[2026.08.25-00.27.06:418][636]LogTemp: Repeating last play command: Selected Viewport
[2026.08.25-00.27.06:423][636]LogPlayLevel: PlayLevel: No blueprints needed recompiling
[2026.08.25-00.27.06:423][636]PIE: New page: PIE session: Brackeys2026Map (24 ago. 2026 18:27:06)
[2026.08.25-00.27.06:423][636]LogPlayLevel: Creating play world package: /Game/Brackeys2026/Levels/UEDPIE_0_Brackeys2026Map
[2026.08.25-00.27.06:425][636]LogPlayLevel: PIE: StaticDuplicateObject took: (0.001962s)
[2026.08.25-00.27.06:426][636]LogAIModule: Creating AISystem for world Brackeys2026Map
[2026.08.25-00.27.06:426][636]LogPlayLevel: PIE: World Init took: (0.000817s)
[2026.08.25-00.27.06:426][636]LogPlayLevel: PIE: Created PIE world by copying editor world from /Game/Brackeys2026/Levels/Brackeys2026Map.Brackeys2026Map to /Game/Brackeys2026/Levels/UEDPIE_0_Brackeys2026Map.Brackeys2026Map (0.002877s)
[2026.08.25-00.27.06:444][636]LogUObjectHash: Compacting FUObjectHashTables data took   1.46ms
[2026.08.25-00.27.06:444][636]LogAudio: Display: Creating Audio Device:                 Id: 43, Scope: Unique, Realtime: True
[2026.08.25-00.27.06:444][636]LogAudioMixer: Display: Audio Mixer Platform Settings:
[2026.08.25-00.27.06:444][636]LogAudioMixer: Display: 	Sample Rate:						  48000
[2026.08.25-00.27.06:444][636]LogAudioMixer: Display: 	Callback Buffer Frame Size Requested: 1024
[2026.08.25-00.27.06:444][636]LogAudioMixer: Display: 	Callback Buffer Frame Size To Use:	  1024
[2026.08.25-00.27.06:444][636]LogAudioMixer: Display: 	Number of buffers to queue:			  2
[2026.08.25-00.27.06:444][636]LogAudioMixer: Display: 	Max Channels (voices):				  32
[2026.08.25-00.27.06:444][636]LogAudioMixer: Display: 	Number of Async Source Workers:		  0
[2026.08.25-00.27.06:444][636]LogAudio: Display: AudioDevice MaxSources: 32
[2026.08.25-00.27.06:445][636]LogAudio: Display: Audio Spatialization Plugin: None (built-in).
[2026.08.25-00.27.06:445][636]LogAudio: Display: Audio Reverb Plugin: None (built-in).
[2026.08.25-00.27.06:445][636]LogAudio: Display: Audio Occlusion Plugin: None (built-in).
[2026.08.25-00.27.06:445][636]LogAudioMixer: Display: Initializing audio mixer.
[2026.08.25-00.27.06:448][636]LogAudioMixer: Display: 0: FrontLeft
[2026.08.25-00.27.06:448][636]LogAudioMixer: Display: 1: FrontRight
[2026.08.25-00.27.06:463][636]LogAudioMixer: Display: Using Audio Device Altavoces (Realtek(R) Audio)
[2026.08.25-00.27.06:463][636]LogAudioMixer: Display: Initializing Sound Submixes...
[2026.08.25-00.27.06:463][636]LogAudioMixer: Display: Creating Master Submix 'MasterSubmixDefault'
[2026.08.25-00.27.06:463][636]LogAudioMixer: Display: Creating Master Submix 'MasterReverbSubmixDefault'
[2026.08.25-00.27.06:464][636]LogAudioMixer: Display: Creating Master Submix 'MasterEQSubmixDefault'
[2026.08.25-00.27.06:464][636]LogAudioMixer: FMixerPlatformXAudio2::StartAudioStream() called
[2026.08.25-00.27.06:464][636]LogAudioMixer: Display: Output buffers initialized: Frames=1024, Channels=2, Samples=2048
[2026.08.25-00.27.06:464][636]LogAudioMixer: Display: Starting AudioMixerPlatformInterface::RunInternal()
[2026.08.25-00.27.06:464][636]LogAudioMixer: Display: FMixerPlatformXAudio2::SubmitBuffer() called for the first time
[2026.08.25-00.27.06:465][636]LogInit: FAudioDevice initialized.
[2026.08.25-00.27.06:465][636]LogAudio: Display: Audio Device (ID: 43) registered with world 'Brackeys2026Map'.
[2026.08.25-00.27.06:473][636]LogLoad: Game class is 'BrackeysGameMode_C'
[2026.08.25-00.27.06:474][636]LogWorld: Bringing World /Game/Brackeys2026/Levels/UEDPIE_0_Brackeys2026Map.Brackeys2026Map up for play (max tick rate 0) at 2026.08.24-21.27.06
[2026.08.25-00.27.06:474][636]LogWorld: Bringing up level for play took: 0.000567
[2026.08.25-00.27.06:474][636]LogOnline: OSS: Creating online subsystem instance for: :Context_49
[2026.08.25-00.27.06:477][636]PIE: Server logged in
[2026.08.25-00.27.06:477][636]PIE: Play in editor total start time 0.055 seconds.
[2026.08.25-00.27.10:843][973]LogSlate: Updating window title bar state: overlay mode, drag disabled, window buttons hidden, title bar hidden
[2026.08.25-00.27.10:843][973]LogWorld: BeginTearingDown for /Game/Brackeys2026/Levels/UEDPIE_0_Brackeys2026Map
[2026.08.25-00.27.10:843][973]LogWorld: UWorld::CleanupWorld for Brackeys2026Map, bSessionEnded=true, bCleanupResources=true
[2026.08.25-00.27.10:843][973]LogSlate: InvalidateAllWidgets triggered.  All widgets were invalidated
[2026.08.25-00.27.10:861][973]LogPlayLevel: Display: Shutting down PIE online subsystems
[2026.08.25-00.27.10:867][973]LogSlate: InvalidateAllWidgets triggered.  All widgets were invalidated
[2026.08.25-00.27.10:884][973]LogSlate: Updating window title bar state: overlay mode, drag disabled, window buttons hidden, title bar hidden
[2026.08.25-00.27.10:884][973]LogAudioMixer: FMixerPlatformXAudio2::StopAudioStream() called
[2026.08.25-00.27.10:885][973]LogAudioMixer: FMixerPlatformXAudio2::StopAudioStream() called
[2026.08.25-00.27.10:889][973]LogUObjectHash: Compacting FUObjectHashTables data took   1.44ms
[2026.08.25-00.27.10:935][974]LogPlayLevel: Display: Destroying online subsystem :Context_49
[2026.08.25-00.27.14:291][217]LogSavePackage: Moving '../../../../../GameProgramming/BrackeysGameJam/Brackeys-2026/BrackeysJam2026/Saved/BP_Phone0C31A6E546EB34B2201705B12862021E.tmp' to '../../../../../GameProgramming/BrackeysGameJam/Brackeys-2026/BrackeysJam2026/Content/Brackeys2026/Objects/Phone/BP_Phone.uasset'
[2026.08.25-00.27.14:324][217]AssetCheck: New page: Asset Save: BP_Phone
[2026.08.25-00.27.14:324][217]LogContentValidation: Display: Validating Blueprint /Game/Brackeys2026/Objects/Phone/BP_Phone.BP_Phone
[2026.08.25-00.27.15:866][318]LogTemp: Repeating last play command: Selected Viewport
[2026.08.25-00.27.15:871][318]BlueprintLog: New page: Pre-Play auto-recompile
[2026.08.25-00.27.15:873][318]LogPlayLevel: [PlayLevel] Compiling BP_Phone before play...
[2026.08.25-00.27.15:885][318]LogBlueprint: Error: [AssetLog] D:\GameProgramming\BrackeysGameJam\Brackeys-2026\BrackeysJam2026\Content\Brackeys2026\Objects\Phone\BP_Phone.uasset: [Compiler] This blueprint (self) is not a BP_Revolver_C, therefore ' Target ' must have a connection.
[2026.08.25-00.27.15:890][318]LogBlueprint: Error: [AssetLog] D:\GameProgramming\BrackeysGameJam\Brackeys-2026\BrackeysJam2026\Content\Brackeys2026\Objects\Phone\BP_Phone.uasset: [Compiler] Variable node  Get IsLiveBullet  uses an invalid target.  It may depend on a node that is not connected to the execution chain, and got purged.
[2026.08.25-00.27.15:968][318]LogUObjectHash: Compacting FUObjectHashTables data took   1.74ms
[2026.08.25-00.27.15:969][318]LogPlayLevel: PlayLevel: Blueprint regeneration took 97 ms (1 blueprints)
[2026.08.25-00.27.15:969][318]BlueprintLog: Warning: Blueprint failed to compile:  BP_Phone
[2026.08.25-00.27.15:979][318]LogCustomDialog: Dialog displayed:
[2026.08.25-00.27.18:794][318]LogSlate: Window 'Blueprint Compilation Errors' being destroyed
[2026.08.25-00.27.21:425][492]LogSlate: Window 'Message Log' being destroyed
[2026.08.25-00.27.21:434][492]LogSlate: Window 'Message Log' being destroyed
[2026.08.25-00.27.43:534][134]LogEditorTransaction: Undo Create Pin Link
[2026.08.25-00.27.44:290][166]LogEditorTransaction: Undo Move Node
[2026.08.25-00.27.44:876][205]LogEditorTransaction: Undo Create Pin Link
[2026.08.25-00.27.45:852][276]LogEditorTransaction: Undo Move Node
[2026.08.25-00.27.46:212][299]LogEditorTransaction: Undo Create Pin Link
[2026.08.25-00.27.48:002][424]LogEditorTransaction: Redo Create Pin Link
[2026.08.25-00.27.49:654][532]LogSavePackage: Moving '../../../../../GameProgramming/BrackeysGameJam/Brackeys-2026/BrackeysJam2026/Saved/BP_Phone28B2D5CC4AB782526ACE62B211F10815.tmp' to '../../../../../GameProgramming/BrackeysGameJam/Brackeys-2026/BrackeysJam2026/Content/Brackeys2026/Objects/Phone/BP_Phone.uasset'
[2026.08.25-00.27.49:681][532]AssetCheck: New page: Asset Save: BP_Phone
[2026.08.25-00.27.49:681][532]LogContentValidation: Display: Validating Blueprint /Game/Brackeys2026/Objects/Phone/BP_Phone.BP_Phone
[2026.08.25-00.27.51:636][665]Cmd: TRANSACTION UNDO
[2026.08.25-00.27.51:640][665]LogEditorTransaction: Undo Create Pin Link
[2026.08.25-00.27.52:949][730]LogUObjectHash: Compacting FUObjectHashTables data took   2.02ms
[2026.08.25-00.27.52:960][730]LogSavePackage: Moving '../../../../../GameProgramming/BrackeysGameJam/Brackeys-2026/BrackeysJam2026/Saved/Brackeys2026Map99615EF14375F93FDB9DDFBE62364E13.tmp' to '../../../../../GameProgramming/BrackeysGameJam/Brackeys-2026/BrackeysJam2026/Content/Brackeys2026/Levels/Brackeys2026Map.umap'
[2026.08.25-00.27.52:986][730]LogSavePackage: Moving '../../../../../GameProgramming/BrackeysGameJam/Brackeys-2026/BrackeysJam2026/Saved/Brackeys2026Map_BuiltDataFBCF85564E65B46BD7218988C08704F7.tmp' to '../../../../../GameProgramming/BrackeysGameJam/Brackeys-2026/BrackeysJam2026/Content/Brackeys2026/Levels/Brackeys2026Map_BuiltData.uasset'
[2026.08.25-00.27.53:011][730]AssetCheck: New page: Asset Save: multiple assets
[2026.08.25-00.27.53:011][730]LogContentValidation: Display: Validating MapBuildDataRegistry /Game/Brackeys2026/Levels/Brackeys2026Map_BuiltData.Brackeys2026Map_BuiltData
[2026.08.25-00.27.53:011][730]LogContentValidation: Display: Validating World /Game/Brackeys2026/Levels/Brackeys2026Map.Brackeys2026Map
[2026.08.25-00.27.55:608][915]LogTemp: Repeating last play command: Selected Viewport
[2026.08.25-00.27.55:613][915]BlueprintLog: New page: Pre-Play auto-recompile
[2026.08.25-00.27.55:614][915]LogPlayLevel: [PlayLevel] Compiling BP_Phone before play...
[2026.08.25-00.27.55:672][915]LogUObjectHash: Compacting FUObjectHashTables data took   1.83ms
[2026.08.25-00.27.55:673][915]LogPlayLevel: PlayLevel: Blueprint regeneration took 60 ms (1 blueprints)
[2026.08.25-00.27.55:673][915]PIE: New page: PIE session: Brackeys2026Map (24 ago. 2026 18:27:55)
[2026.08.25-00.27.55:673][915]LogPlayLevel: Creating play world package: /Game/Brackeys2026/Levels/UEDPIE_0_Brackeys2026Map
[2026.08.25-00.27.55:675][915]LogPlayLevel: PIE: StaticDuplicateObject took: (0.002007s)
[2026.08.25-00.27.55:676][915]LogAIModule: Creating AISystem for world Brackeys2026Map
[2026.08.25-00.27.55:676][915]LogPlayLevel: PIE: World Init took: (0.000858s)
[2026.08.25-00.27.55:676][915]LogPlayLevel: PIE: Created PIE world by copying editor world from /Game/Brackeys2026/Levels/Brackeys2026Map.Brackeys2026Map to /Game/Brackeys2026/Levels/UEDPIE_0_Brackeys2026Map.Brackeys2026Map (0.002970s)
[2026.08.25-00.27.55:693][915]LogUObjectHash: Compacting FUObjectHashTables data took   1.47ms
[2026.08.25-00.27.55:693][915]LogAudio: Display: Creating Audio Device:                 Id: 44, Scope: Unique, Realtime: True
[2026.08.25-00.27.55:693][915]LogAudioMixer: Display: Audio Mixer Platform Settings:
[2026.08.25-00.27.55:693][915]LogAudioMixer: Display: 	Sample Rate:						  48000
[2026.08.25-00.27.55:693][915]LogAudioMixer: Display: 	Callback Buffer Frame Size Requested: 1024
[2026.08.25-00.27.55:693][915]LogAudioMixer: Display: 	Callback Buffer Frame Size To Use:	  1024
[2026.08.25-00.27.55:693][915]LogAudioMixer: Display: 	Number of buffers to queue:			  2
[2026.08.25-00.27.55:693][915]LogAudioMixer: Display: 	Max Channels (voices):				  32
[2026.08.25-00.27.55:693][915]LogAudioMixer: Display: 	Number of Async Source Workers:		  0
[2026.08.25-00.27.55:693][915]LogAudio: Display: AudioDevice MaxSources: 32
[2026.08.25-00.27.55:693][915]LogAudio: Display: Audio Spatialization Plugin: None (built-in).
[2026.08.25-00.27.55:693][915]LogAudio: Display: Audio Reverb Plugin: None (built-in).
[2026.08.25-00.27.55:693][915]LogAudio: Display: Audio Occlusion Plugin: None (built-in).
[2026.08.25-00.27.55:693][915]LogAudioMixer: Display: Initializing audio mixer.
[2026.08.25-00.27.55:697][915]LogAudioMixer: Display: 0: FrontLeft
[2026.08.25-00.27.55:697][915]LogAudioMixer: Display: 1: FrontRight
[2026.08.25-00.27.55:712][915]LogAudioMixer: Display: Using Audio Device Altavoces (Realtek(R) Audio)
[2026.08.25-00.27.55:712][915]LogAudioMixer: Display: Initializing Sound Submixes...
[2026.08.25-00.27.55:712][915]LogAudioMixer: Display: Creating Master Submix 'MasterSubmixDefault'
[2026.08.25-00.27.55:712][915]LogAudioMixer: Display: Creating Master Submix 'MasterReverbSubmixDefault'
[2026.08.25-00.27.55:713][915]LogAudioMixer: Display: Creating Master Submix 'MasterEQSubmixDefault'
[2026.08.25-00.27.55:713][915]LogAudioMixer: FMixerPlatformXAudio2::StartAudioStream() called
[2026.08.25-00.27.55:713][915]LogAudioMixer: Display: Output buffers initialized: Frames=1024, Channels=2, Samples=2048
[2026.08.25-00.27.55:714][915]LogAudioMixer: Display: Starting AudioMixerPlatformInterface::RunInternal()
[2026.08.25-00.27.55:714][915]LogAudioMixer: Display: FMixerPlatformXAudio2::SubmitBuffer() called for the first time
[2026.08.25-00.27.55:714][915]LogInit: FAudioDevice initialized.
[2026.08.25-00.27.55:714][915]LogAudio: Display: Audio Device (ID: 44) registered with world 'Brackeys2026Map'.
[2026.08.25-00.27.55:722][915]LogLoad: Game class is 'BrackeysGameMode_C'
[2026.08.25-00.27.55:723][915]LogWorld: Bringing World /Game/Brackeys2026/Levels/UEDPIE_0_Brackeys2026Map.Brackeys2026Map up for play (max tick rate 0) at 2026.08.24-21.27.55
[2026.08.25-00.27.55:723][915]LogWorld: Bringing up level for play took: 0.000548
[2026.08.25-00.27.55:723][915]LogOnline: OSS: Creating online subsystem instance for: :Context_50
[2026.08.25-00.27.55:725][915]PIE: Server logged in
[2026.08.25-00.27.55:726][915]PIE: Play in editor total start time 0.114 seconds.
[2026.08.25-00.27.59:962][280]LogSlate: Updating window title bar state: overlay mode, drag disabled, window buttons hidden, title bar hidden
[2026.08.25-00.27.59:963][280]LogWorld: BeginTearingDown for /Game/Brackeys2026/Levels/UEDPIE_0_Brackeys2026Map
[2026.08.25-00.27.59:963][280]LogWorld: UWorld::CleanupWorld for Brackeys2026Map, bSessionEnded=true, bCleanupResources=true
[2026.08.25-00.27.59:963][280]LogSlate: InvalidateAllWidgets triggered.  All widgets were invalidated
[2026.08.25-00.27.59:979][280]LogPlayLevel: Display: Shutting down PIE online subsystems
[2026.08.25-00.27.59:986][280]LogSlate: InvalidateAllWidgets triggered.  All widgets were invalidated
[2026.08.25-00.28.00:001][280]LogSlate: Updating window title bar state: overlay mode, drag disabled, window buttons hidden, title bar hidden
[2026.08.25-00.28.00:001][280]LogAudioMixer: FMixerPlatformXAudio2::StopAudioStream() called
[2026.08.25-00.28.00:002][280]LogAudioMixer: FMixerPlatformXAudio2::StopAudioStream() called
[2026.08.25-00.28.00:007][280]LogUObjectHash: Compacting FUObjectHashTables data took   1.51ms
[2026.08.25-00.28.00:050][281]LogPlayLevel: Display: Destroying online subsystem :Context_50
[2026.08.25-00.28.04:898][668]LogSavePackage: Moving '../../../../../GameProgramming/BrackeysGameJam/Brackeys-2026/BrackeysJam2026/Saved/BP_PhoneB092055741C20112B4B51F972B3E69B9.tmp' to '../../../../../GameProgramming/BrackeysGameJam/Brackeys-2026/BrackeysJam2026/Content/Brackeys2026/Objects/Phone/BP_Phone.uasset'
[2026.08.25-00.28.04:936][668]AssetCheck: New page: Asset Save: BP_Phone
[2026.08.25-00.28.04:936][668]LogContentValidation: Display: Validating Blueprint /Game/Brackeys2026/Objects/Phone/BP_Phone.BP_Phone
[2026.08.25-00.28.19:069][785]LogSavePackage: Moving '../../../../../GameProgramming/BrackeysGameJam/Brackeys-2026/BrackeysJam2026/Saved/BP_Phone0B2FBD6E4AAE8A838EDC2DA64F734E33.tmp' to '../../../../../GameProgramming/BrackeysGameJam/Brackeys-2026/BrackeysJam2026/Content/Brackeys2026/Objects/Phone/BP_Phone.uasset'
[2026.08.25-00.28.19:094][785]AssetCheck: New page: Asset Save: BP_Phone
[2026.08.25-00.28.19:094][785]LogContentValidation: Display: Validating Blueprint /Game/Brackeys2026/Objects/Phone/BP_Phone.BP_Phone
[2026.08.25-00.28.22:992][ 63]LogTemp: Repeating last play command: Selected Viewport
[2026.08.25-00.28.22:996][ 63]BlueprintLog: New page: Pre-Play auto-recompile
[2026.08.25-00.28.22:998][ 63]LogPlayLevel: [PlayLevel] Compiling BP_Phone before play...
[2026.08.25-00.28.23:054][ 63]LogUObjectHash: Compacting FUObjectHashTables data took   1.81ms
[2026.08.25-00.28.23:057][ 63]LogPlayLevel: PlayLevel: Blueprint regeneration took 60 ms (1 blueprints)
[2026.08.25-00.28.23:057][ 63]PIE: New page: PIE session: Brackeys2026Map (24 ago. 2026 18:28:23)
[2026.08.25-00.28.23:057][ 63]LogPlayLevel: Creating play world package: /Game/Brackeys2026/Levels/UEDPIE_0_Brackeys2026Map
[2026.08.25-00.28.23:059][ 63]LogPlayLevel: PIE: StaticDuplicateObject took: (0.002005s)
[2026.08.25-00.28.23:059][ 63]LogAIModule: Creating AISystem for world Brackeys2026Map
[2026.08.25-00.28.23:059][ 63]LogPlayLevel: PIE: World Init took: (0.000893s)
[2026.08.25-00.28.23:059][ 63]LogPlayLevel: PIE: Created PIE world by copying editor world from /Game/Brackeys2026/Levels/Brackeys2026Map.Brackeys2026Map to /Game/Brackeys2026/Levels/UEDPIE_0_Brackeys2026Map.Brackeys2026Map (0.003003s)
[2026.08.25-00.28.23:077][ 63]LogUObjectHash: Compacting FUObjectHashTables data took   1.45ms
[2026.08.25-00.28.23:077][ 63]LogAudio: Display: Creating Audio Device:                 Id: 45, Scope: Unique, Realtime: True
[2026.08.25-00.28.23:077][ 63]LogAudioMixer: Display: Audio Mixer Platform Settings:
[2026.08.25-00.28.23:077][ 63]LogAudioMixer: Display: 	Sample Rate:						  48000
[2026.08.25-00.28.23:077][ 63]LogAudioMixer: Display: 	Callback Buffer Frame Size Requested: 1024
[2026.08.25-00.28.23:077][ 63]LogAudioMixer: Display: 	Callback Buffer Frame Size To Use:	  1024
[2026.08.25-00.28.23:077][ 63]LogAudioMixer: Display: 	Number of buffers to queue:			  2
[2026.08.25-00.28.23:077][ 63]LogAudioMixer: Display: 	Max Channels (voices):				  32
[2026.08.25-00.28.23:077][ 63]LogAudioMixer: Display: 	Number of Async Source Workers:		  0
[2026.08.25-00.28.23:077][ 63]LogAudio: Display: AudioDevice MaxSources: 32
[2026.08.25-00.28.23:077][ 63]LogAudio: Display: Audio Spatialization Plugin: None (built-in).
[2026.08.25-00.28.23:077][ 63]LogAudio: Display: Audio Reverb Plugin: None (built-in).
[2026.08.25-00.28.23:077][ 63]LogAudio: Display: Audio Occlusion Plugin: None (built-in).
[2026.08.25-00.28.23:077][ 63]LogAudioMixer: Display: Initializing audio mixer.
[2026.08.25-00.28.23:081][ 63]LogAudioMixer: Display: 0: FrontLeft
[2026.08.25-00.28.23:081][ 63]LogAudioMixer: Display: 1: FrontRight
[2026.08.25-00.28.23:096][ 63]LogAudioMixer: Display: Using Audio Device Altavoces (Realtek(R) Audio)
[2026.08.25-00.28.23:096][ 63]LogAudioMixer: Display: Initializing Sound Submixes...
[2026.08.25-00.28.23:096][ 63]LogAudioMixer: Display: Creating Master Submix 'MasterSubmixDefault'
[2026.08.25-00.28.23:096][ 63]LogAudioMixer: Display: Creating Master Submix 'MasterReverbSubmixDefault'
[2026.08.25-00.28.23:097][ 63]LogAudioMixer: Display: Creating Master Submix 'MasterEQSubmixDefault'
[2026.08.25-00.28.23:097][ 63]LogAudioMixer: FMixerPlatformXAudio2::StartAudioStream() called
[2026.08.25-00.28.23:097][ 63]LogAudioMixer: Display: Output buffers initialized: Frames=1024, Channels=2, Samples=2048
[2026.08.25-00.28.23:097][ 63]LogAudioMixer: Display: Starting AudioMixerPlatformInterface::RunInternal()
[2026.08.25-00.28.23:097][ 63]LogAudioMixer: Display: FMixerPlatformXAudio2::SubmitBuffer() called for the first time
[2026.08.25-00.28.23:097][ 63]LogInit: FAudioDevice initialized.
[2026.08.25-00.28.23:098][ 63]LogAudio: Display: Audio Device (ID: 45) registered with world 'Brackeys2026Map'.
[2026.08.25-00.28.23:108][ 63]LogLoad: Game class is 'BrackeysGameMode_C'
[2026.08.25-00.28.23:109][ 63]LogWorld: Bringing World /Game/Brackeys2026/Levels/UEDPIE_0_Brackeys2026Map.Brackeys2026Map up for play (max tick rate 0) at 2026.08.24-21.28.23
[2026.08.25-00.28.23:109][ 63]LogWorld: Bringing up level for play took: 0.000541
[2026.08.25-00.28.23:109][ 63]LogOnline: OSS: Creating online subsystem instance for: :Context_51
[2026.08.25-00.28.23:111][ 63]PIE: Server logged in
[2026.08.25-00.28.23:111][ 63]PIE: Play in editor total start time 0.116 seconds.
[2026.08.25-00.28.24:879][209]LogBlueprintUserMessages: [BP_Phone_2] Smell Hint
[2026.08.25-00.28.25:102][228]LogBlueprintUserMessages: [BP_Phone_2] Smell Hint
[2026.08.25-00.28.25:276][243]LogBlueprintUserMessages: [BP_Phone_2] Smell Hint
[2026.08.25-00.28.26:213][313]LogSlate: Updating window title bar state: overlay mode, drag disabled, window buttons hidden, title bar hidden
[2026.08.25-00.28.26:213][313]LogWorld: BeginTearingDown for /Game/Brackeys2026/Levels/UEDPIE_0_Brackeys2026Map
[2026.08.25-00.28.26:213][313]LogWorld: UWorld::CleanupWorld for Brackeys2026Map, bSessionEnded=true, bCleanupResources=true
[2026.08.25-00.28.26:213][313]LogSlate: InvalidateAllWidgets triggered.  All widgets were invalidated
[2026.08.25-00.28.26:231][313]LogPlayLevel: Display: Shutting down PIE online subsystems
[2026.08.25-00.28.26:238][313]LogSlate: InvalidateAllWidgets triggered.  All widgets were invalidated
[2026.08.25-00.28.26:254][313]LogSlate: Updating window title bar state: overlay mode, drag disabled, window buttons hidden, title bar hidden
[2026.08.25-00.28.26:254][313]LogAudioMixer: FMixerPlatformXAudio2::StopAudioStream() called
[2026.08.25-00.28.26:255][313]LogAudioMixer: FMixerPlatformXAudio2::StopAudioStream() called
[2026.08.25-00.28.26:259][313]LogUObjectHash: Compacting FUObjectHashTables data took   1.43ms
[2026.08.25-00.28.26:306][314]LogPlayLevel: Display: Destroying online subsystem :Context_51
[2026.08.25-00.28.30:746][640]LogSavePackage: Moving '../../../../../GameProgramming/BrackeysGameJam/Brackeys-2026/BrackeysJam2026/Saved/BP_PhoneB11F4EFA47A31178FE6714898B63641C.tmp' to '../../../../../GameProgramming/BrackeysGameJam/Brackeys-2026/BrackeysJam2026/Content/Brackeys2026/Objects/Phone/BP_Phone.uasset'
[2026.08.25-00.28.30:784][640]AssetCheck: New page: Asset Save: BP_Phone
[2026.08.25-00.28.30:785][640]LogContentValidation: Display: Validating Blueprint /Game/Brackeys2026/Objects/Phone/BP_Phone.BP_Phone
[2026.08.25-00.28.32:764][776]LogTemp: Repeating last play command: Selected Viewport
[2026.08.25-00.28.32:769][776]BlueprintLog: New page: Pre-Play auto-recompile
[2026.08.25-00.28.32:770][776]LogPlayLevel: [PlayLevel] Compiling BP_Phone before play...
[2026.08.25-00.28.32:775][776]LogBlueprint: Error: [AssetLog] D:\GameProgramming\BrackeysGameJam\Brackeys-2026\BrackeysJam2026\Content\Brackeys2026\Objects\Phone\BP_Phone.uasset: [Compiler] This blueprint (self) is not a BP_Revolver_C, therefore ' Target ' must have a connection.
[2026.08.25-00.28.32:776][776]LogBlueprint: Error: [AssetLog] D:\GameProgramming\BrackeysGameJam\Brackeys-2026\BrackeysJam2026\Content\Brackeys2026\Objects\Phone\BP_Phone.uasset: [Compiler] Variable node  Get IsLiveBullet  uses an invalid target.  It may depend on a node that is not connected to the execution chain, and got purged.
[2026.08.25-00.28.32:830][776]LogUObjectHash: Compacting FUObjectHashTables data took   1.81ms
[2026.08.25-00.28.32:831][776]LogPlayLevel: PlayLevel: Blueprint regeneration took 62 ms (1 blueprints)
[2026.08.25-00.28.32:831][776]BlueprintLog: Warning: Blueprint failed to compile:  BP_Phone
[2026.08.25-00.28.32:831][776]LogCustomDialog: Dialog displayed:
[2026.08.25-00.28.42:754][776]LogSlate: Window 'Blueprint Compilation Errors' being destroyed
[2026.08.25-00.28.44:087][860]LogSlate: Window 'Message Log' being destroyed
[2026.08.25-00.28.44:096][860]LogSlate: Window 'Message Log' being destroyed
[2026.08.25-00.28.45:609][965]LogEditorTransaction: Undo Create Pin Link
[2026.08.25-00.28.46:665][ 13]LogSavePackage: Moving '../../../../../GameProgramming/BrackeysGameJam/Brackeys-2026/BrackeysJam2026/Saved/BP_Phone61415B3347093EE199E94993C973163D.tmp' to '../../../../../GameProgramming/BrackeysGameJam/Brackeys-2026/BrackeysJam2026/Content/Brackeys2026/Objects/Phone/BP_Phone.uasset'
[2026.08.25-00.28.46:676][ 13]AssetCheck: New page: Asset Save: BP_Phone
[2026.08.25-00.28.46:676][ 13]LogContentValidation: Display: Validating Blueprint /Game/Brackeys2026/Objects/Phone/BP_Phone.BP_Phone
[2026.08.25-00.28.56:063][686]LogSavePackage: Moving '../../../../../GameProgramming/BrackeysGameJam/Brackeys-2026/BrackeysJam2026/Saved/BP_PhoneF25D630C4A129AA3B8E1D3B7BBEB80A5.tmp' to '../../../../../GameProgramming/BrackeysGameJam/Brackeys-2026/BrackeysJam2026/Content/Brackeys2026/Objects/Phone/BP_Phone.uasset'
[2026.08.25-00.28.56:091][686]AssetCheck: New page: Asset Save: BP_Phone
[2026.08.25-00.28.56:091][686]LogContentValidation: Display: Validating Blueprint /Game/Brackeys2026/Objects/Phone/BP_Phone.BP_Phone
[2026.08.25-00.28.56:791][737]LogTemp: Repeating last play command: Selected Viewport
[2026.08.25-00.28.56:795][737]BlueprintLog: New page: Pre-Play auto-recompile
[2026.08.25-00.28.56:797][737]LogPlayLevel: [PlayLevel] Compiling BP_Phone before play...
[2026.08.25-00.28.56:854][737]LogUObjectHash: Compacting FUObjectHashTables data took   1.80ms
[2026.08.25-00.28.56:857][737]LogPlayLevel: PlayLevel: Blueprint regeneration took 61 ms (1 blueprints)
[2026.08.25-00.28.56:857][737]PIE: New page: PIE session: Brackeys2026Map (24 ago. 2026 18:28:56)
[2026.08.25-00.28.56:857][737]LogPlayLevel: Creating play world package: /Game/Brackeys2026/Levels/UEDPIE_0_Brackeys2026Map
[2026.08.25-00.28.56:859][737]LogPlayLevel: PIE: StaticDuplicateObject took: (0.002014s)
[2026.08.25-00.28.56:859][737]LogAIModule: Creating AISystem for world Brackeys2026Map
[2026.08.25-00.28.56:861][737]LogPlayLevel: PIE: World Init took: (0.000853s)
[2026.08.25-00.28.56:861][737]LogPlayLevel: PIE: Created PIE world by copying editor world from /Game/Brackeys2026/Levels/Brackeys2026Map.Brackeys2026Map to /Game/Brackeys2026/Levels/UEDPIE_0_Brackeys2026Map.Brackeys2026Map (0.002972s)
[2026.08.25-00.28.56:877][737]LogUObjectHash: Compacting FUObjectHashTables data took   1.45ms
[2026.08.25-00.28.56:877][737]LogAudio: Display: Creating Audio Device:                 Id: 46, Scope: Unique, Realtime: True
[2026.08.25-00.28.56:877][737]LogAudioMixer: Display: Audio Mixer Platform Settings:
[2026.08.25-00.28.56:877][737]LogAudioMixer: Display: 	Sample Rate:						  48000
[2026.08.25-00.28.56:877][737]LogAudioMixer: Display: 	Callback Buffer Frame Size Requested: 1024
[2026.08.25-00.28.56:877][737]LogAudioMixer: Display: 	Callback Buffer Frame Size To Use:	  1024
[2026.08.25-00.28.56:877][737]LogAudioMixer: Display: 	Number of buffers to queue:			  2
[2026.08.25-00.28.56:877][737]LogAudioMixer: Display: 	Max Channels (voices):				  32
[2026.08.25-00.28.56:877][737]LogAudioMixer: Display: 	Number of Async Source Workers:		  0
[2026.08.25-00.28.56:877][737]LogAudio: Display: AudioDevice MaxSources: 32
[2026.08.25-00.28.56:878][737]LogAudio: Display: Audio Spatialization Plugin: None (built-in).
[2026.08.25-00.28.56:878][737]LogAudio: Display: Audio Reverb Plugin: None (built-in).
[2026.08.25-00.28.56:878][737]LogAudio: Display: Audio Occlusion Plugin: None (built-in).
[2026.08.25-00.28.56:878][737]LogAudioMixer: Display: Initializing audio mixer.
[2026.08.25-00.28.56:882][737]LogAudioMixer: Display: 0: FrontLeft
[2026.08.25-00.28.56:882][737]LogAudioMixer: Display: 1: FrontRight
[2026.08.25-00.28.56:896][737]LogAudioMixer: Display: Using Audio Device Altavoces (Realtek(R) Audio)
[2026.08.25-00.28.56:897][737]LogAudioMixer: Display: Initializing Sound Submixes...
[2026.08.25-00.28.56:897][737]LogAudioMixer: Display: Creating Master Submix 'MasterSubmixDefault'
[2026.08.25-00.28.56:897][737]LogAudioMixer: Display: Creating Master Submix 'MasterReverbSubmixDefault'
[2026.08.25-00.28.56:897][737]LogAudioMixer: Display: Creating Master Submix 'MasterEQSubmixDefault'
[2026.08.25-00.28.56:897][737]LogAudioMixer: FMixerPlatformXAudio2::StartAudioStream() called
[2026.08.25-00.28.56:897][737]LogAudioMixer: Display: Output buffers initialized: Frames=1024, Channels=2, Samples=2048
[2026.08.25-00.28.56:898][737]LogAudioMixer: Display: Starting AudioMixerPlatformInterface::RunInternal()
[2026.08.25-00.28.56:898][737]LogAudioMixer: Display: FMixerPlatformXAudio2::SubmitBuffer() called for the first time
[2026.08.25-00.28.56:898][737]LogInit: FAudioDevice initialized.
[2026.08.25-00.28.56:898][737]LogAudio: Display: Audio Device (ID: 46) registered with world 'Brackeys2026Map'.
[2026.08.25-00.28.56:906][737]LogLoad: Game class is 'BrackeysGameMode_C'
[2026.08.25-00.28.56:906][737]LogWorld: Bringing World /Game/Brackeys2026/Levels/UEDPIE_0_Brackeys2026Map.Brackeys2026Map up for play (max tick rate 0) at 2026.08.24-21.28.56
[2026.08.25-00.28.56:907][737]LogWorld: Bringing up level for play took: 0.000546
[2026.08.25-00.28.56:907][737]LogOnline: OSS: Creating online subsystem instance for: :Context_52
[2026.08.25-00.28.56:909][737]PIE: Server logged in
[2026.08.25-00.28.56:910][737]PIE: Play in editor total start time 0.115 seconds.
[2026.08.25-00.29.03:861][437]LogBlueprintUserMessages: [BP_Phone_2] Smell Hint
[2026.08.25-00.29.04:093][458]LogBlueprintUserMessages: [BP_Phone_2] Smell Hint
[2026.08.25-00.29.04:269][474]LogBlueprintUserMessages: [BP_Phone_2] Smell Hint
[2026.08.25-00.29.04:457][491]LogBlueprintUserMessages: [BP_Phone_2] Smell Hint
[2026.08.25-00.29.04:635][507]LogBlueprintUserMessages: [BP_Phone_2] Smell Hint
[2026.08.25-00.29.06:003][625]LogSlate: Updating window title bar state: overlay mode, drag disabled, window buttons hidden, title bar hidden
[2026.08.25-00.29.06:003][625]LogWorld: BeginTearingDown for /Game/Brackeys2026/Levels/UEDPIE_0_Brackeys2026Map
[2026.08.25-00.29.06:003][625]LogWorld: UWorld::CleanupWorld for Brackeys2026Map, bSessionEnded=true, bCleanupResources=true
[2026.08.25-00.29.06:003][625]LogSlate: InvalidateAllWidgets triggered.  All widgets were invalidated
[2026.08.25-00.29.06:021][625]LogPlayLevel: Display: Shutting down PIE online subsystems
[2026.08.25-00.29.06:028][625]LogSlate: InvalidateAllWidgets triggered.  All widgets were invalidated
[2026.08.25-00.29.06:044][625]LogSlate: Updating window title bar state: overlay mode, drag disabled, window buttons hidden, title bar hidden
[2026.08.25-00.29.06:044][625]LogAudioMixer: FMixerPlatformXAudio2::StopAudioStream() called
[2026.08.25-00.29.06:045][625]LogAudioMixer: FMixerPlatformXAudio2::StopAudioStream() called
[2026.08.25-00.29.06:050][625]LogUObjectHash: Compacting FUObjectHashTables data took   1.45ms
[2026.08.25-00.29.06:090][626]LogPlayLevel: Display: Destroying online subsystem :Context_52
[2026.08.25-00.29.18:573][636]LogSavePackage: Moving '../../../../../GameProgramming/BrackeysGameJam/Brackeys-2026/BrackeysJam2026/Saved/BP_PhoneC0CDAE314605C5712156EF96CDCAE693.tmp' to '../../../../../GameProgramming/BrackeysGameJam/Brackeys-2026/BrackeysJam2026/Content/Brackeys2026/Objects/Phone/BP_Phone.uasset'
[2026.08.25-00.29.18:596][636]AssetCheck: New page: Asset Save: BP_Phone
[2026.08.25-00.29.18:596][636]LogContentValidation: Display: Validating Blueprint /Game/Brackeys2026/Objects/Phone/BP_Phone.BP_Phone
[2026.08.25-00.29.19:956][730]LogTemp: Repeating last play command: Selected Viewport
[2026.08.25-00.29.19:961][730]BlueprintLog: New page: Pre-Play auto-recompile
[2026.08.25-00.29.19:963][730]LogPlayLevel: [PlayLevel] Compiling BP_Phone before play...
[2026.08.25-00.29.19:968][730]LogBlueprint: Warning: [AssetLog] D:\GameProgramming\BrackeysGameJam\Brackeys-2026\BrackeysJam2026\Content\Brackeys2026\Objects\Phone\BP_Phone.uasset: [Compiler] Set GunReference  was pruned because its Exec pin is not connected, the connected value is not available and will instead be read as default
[2026.08.25-00.29.19:971][730]LogBlueprint: Error: [AssetLog] D:\GameProgramming\BrackeysGameJam\Brackeys-2026\BrackeysJam2026\Content\Brackeys2026\Objects\Phone\BP_Phone.uasset: [Compiler] This blueprint (self) is not a BP_Revolver_C, therefore ' Target ' must have a connection.
[2026.08.25-00.29.19:971][730]LogBlueprint: Error: [AssetLog] D:\GameProgramming\BrackeysGameJam\Brackeys-2026\BrackeysJam2026\Content\Brackeys2026\Objects\Phone\BP_Phone.uasset: [Compiler] Variable node  Get IsLiveBullet  uses an invalid target.  It may depend on a node that is not connected to the execution chain, and got purged.
[2026.08.25-00.29.20:025][730]LogUObjectHash: Compacting FUObjectHashTables data took   1.82ms
[2026.08.25-00.29.20:027][730]LogPlayLevel: PlayLevel: Blueprint regeneration took 65 ms (1 blueprints)
[2026.08.25-00.29.20:027][730]BlueprintLog: Warning: Blueprint failed to compile:  BP_Phone
[2026.08.25-00.29.20:027][730]LogCustomDialog: Dialog displayed:
[2026.08.25-00.29.22:169][730]LogSlate: Window 'Blueprint Compilation Errors' being destroyed
[2026.08.25-00.29.24:284][869]LogEditorTransaction: Undo Move Node
[2026.08.25-00.29.24:907][891]LogEditorTransaction: Undo Create Pin Link
[2026.08.25-00.29.25:570][931]LogEditorTransaction: Undo Create Pin Link
[2026.08.25-00.29.26:460][988]LogEditorTransaction: Undo Create Pin Link
[2026.08.25-00.29.27:137][ 31]LogEditorTransaction: Undo Move Node
[2026.08.25-00.29.30:604][278]LogEditorTransaction: Redo Move Node
[2026.08.25-00.29.31:347][302]LogSavePackage: Moving '../../../../../GameProgramming/BrackeysGameJam/Brackeys-2026/BrackeysJam2026/Saved/BP_Phone6354365640070249EBA644B42BE2DD7F.tmp' to '../../../../../GameProgramming/BrackeysGameJam/Brackeys-2026/BrackeysJam2026/Content/Brackeys2026/Objects/Phone/BP_Phone.uasset'
[2026.08.25-00.29.31:371][302]AssetCheck: New page: Asset Save: BP_Phone
[2026.08.25-00.29.31:371][302]LogContentValidation: Display: Validating Blueprint /Game/Brackeys2026/Objects/Phone/BP_Phone.BP_Phone
[2026.08.25-00.29.37:208][698]LogSlate: Window 'Message Log' being destroyed
[2026.08.25-00.29.37:218][698]LogSlate: Window 'Message Log' being destroyed
[2026.08.25-00.29.42:134][ 58]LogEditorTransaction: Undo Move Node
[2026.08.25-00.29.42:866][ 88]LogEditorTransaction: Undo Create Pin Link
[2026.08.25-00.29.49:832][600]LogSavePackage: Moving '../../../../../GameProgramming/BrackeysGameJam/Brackeys-2026/BrackeysJam2026/Saved/BP_Phone6AFE16AE477110DF44A34FBE371EDE0C.tmp' to '../../../../../GameProgramming/BrackeysGameJam/Brackeys-2026/BrackeysJam2026/Content/Brackeys2026/Objects/Phone/BP_Phone.uasset'
[2026.08.25-00.29.49:866][600]AssetCheck: New page: Asset Save: BP_Phone
[2026.08.25-00.29.49:866][600]LogContentValidation: Display: Validating Blueprint /Game/Brackeys2026/Objects/Phone/BP_Phone.BP_Phone
[2026.08.25-00.29.54:754][987]LogSavePackage: Moving '../../../../../GameProgramming/BrackeysGameJam/Brackeys-2026/BrackeysJam2026/Saved/BP_Phone8BC9580E41B11BDD3BA71681CB101FFF.tmp' to '../../../../../GameProgramming/BrackeysGameJam/Brackeys-2026/BrackeysJam2026/Content/Brackeys2026/Objects/Phone/BP_Phone.uasset'
[2026.08.25-00.29.54:795][987]AssetCheck: New page: Asset Save: BP_Phone
[2026.08.25-00.29.54:795][987]LogContentValidation: Display: Validating Blueprint /Game/Brackeys2026/Objects/Phone/BP_Phone.BP_Phone
[2026.08.25-00.30.02:027][581]LogTemp: Repeating last play command: Selected Viewport
[2026.08.25-00.30.02:033][581]BlueprintLog: New page: Pre-Play auto-recompile
[2026.08.25-00.30.02:034][581]LogPlayLevel: [PlayLevel] Compiling BP_Phone before play...
[2026.08.25-00.30.02:094][581]LogUObjectHash: Compacting FUObjectHashTables data took   1.98ms
[2026.08.25-00.30.02:095][581]LogPlayLevel: PlayLevel: Blueprint regeneration took 62 ms (1 blueprints)
[2026.08.25-00.30.02:096][581]PIE: New page: PIE session: Brackeys2026Map (24 ago. 2026 18:30:02)
[2026.08.25-00.30.02:096][581]LogPlayLevel: Creating play world package: /Game/Brackeys2026/Levels/UEDPIE_0_Brackeys2026Map
[2026.08.25-00.30.02:097][581]LogPlayLevel: PIE: StaticDuplicateObject took: (0.002076s)
[2026.08.25-00.30.02:098][581]LogAIModule: Creating AISystem for world Brackeys2026Map
[2026.08.25-00.30.02:098][581]LogPlayLevel: PIE: World Init took: (0.000860s)
[2026.08.25-00.30.02:098][581]LogPlayLevel: PIE: Created PIE world by copying editor world from /Game/Brackeys2026/Levels/Brackeys2026Map.Brackeys2026Map to /Game/Brackeys2026/Levels/UEDPIE_0_Brackeys2026Map.Brackeys2026Map (0.003043s)
[2026.08.25-00.30.02:114][581]LogUObjectHash: Compacting FUObjectHashTables data took   1.46ms
[2026.08.25-00.30.02:115][581]LogAudio: Display: Creating Audio Device:                 Id: 47, Scope: Unique, Realtime: True
[2026.08.25-00.30.02:115][581]LogAudioMixer: Display: Audio Mixer Platform Settings:
[2026.08.25-00.30.02:115][581]LogAudioMixer: Display: 	Sample Rate:						  48000
[2026.08.25-00.30.02:115][581]LogAudioMixer: Display: 	Callback Buffer Frame Size Requested: 1024
[2026.08.25-00.30.02:115][581]LogAudioMixer: Display: 	Callback Buffer Frame Size To Use:	  1024
[2026.08.25-00.30.02:115][581]LogAudioMixer: Display: 	Number of buffers to queue:			  2
[2026.08.25-00.30.02:115][581]LogAudioMixer: Display: 	Max Channels (voices):				  32
[2026.08.25-00.30.02:115][581]LogAudioMixer: Display: 	Number of Async Source Workers:		  0
[2026.08.25-00.30.02:115][581]LogAudio: Display: AudioDevice MaxSources: 32
[2026.08.25-00.30.02:115][581]LogAudio: Display: Audio Spatialization Plugin: None (built-in).
[2026.08.25-00.30.02:115][581]LogAudio: Display: Audio Reverb Plugin: None (built-in).
[2026.08.25-00.30.02:115][581]LogAudio: Display: Audio Occlusion Plugin: None (built-in).
[2026.08.25-00.30.02:115][581]LogAudioMixer: Display: Initializing audio mixer.
[2026.08.25-00.30.02:119][581]LogAudioMixer: Display: 0: FrontLeft
[2026.08.25-00.30.02:119][581]LogAudioMixer: Display: 1: FrontRight
[2026.08.25-00.30.02:135][581]LogAudioMixer: Display: Using Audio Device Altavoces (Realtek(R) Audio)
[2026.08.25-00.30.02:135][581]LogAudioMixer: Display: Initializing Sound Submixes...
[2026.08.25-00.30.02:135][581]LogAudioMixer: Display: Creating Master Submix 'MasterSubmixDefault'
[2026.08.25-00.30.02:135][581]LogAudioMixer: Display: Creating Master Submix 'MasterReverbSubmixDefault'
[2026.08.25-00.30.02:136][581]LogAudioMixer: Display: Creating Master Submix 'MasterEQSubmixDefault'
[2026.08.25-00.30.02:136][581]LogAudioMixer: FMixerPlatformXAudio2::StartAudioStream() called
[2026.08.25-00.30.02:136][581]LogAudioMixer: Display: Output buffers initialized: Frames=1024, Channels=2, Samples=2048
[2026.08.25-00.30.02:136][581]LogAudioMixer: Display: Starting AudioMixerPlatformInterface::RunInternal()
[2026.08.25-00.30.02:136][581]LogAudioMixer: Display: FMixerPlatformXAudio2::SubmitBuffer() called for the first time
[2026.08.25-00.30.02:136][581]LogInit: FAudioDevice initialized.
[2026.08.25-00.30.02:136][581]LogAudio: Display: Audio Device (ID: 47) registered with world 'Brackeys2026Map'.
[2026.08.25-00.30.02:150][581]LogLoad: Game class is 'BrackeysGameMode_C'
[2026.08.25-00.30.02:151][581]LogWorld: Bringing World /Game/Brackeys2026/Levels/UEDPIE_0_Brackeys2026Map.Brackeys2026Map up for play (max tick rate 0) at 2026.08.24-21.30.02
[2026.08.25-00.30.02:152][581]LogWorld: Bringing up level for play took: 0.000685
[2026.08.25-00.30.02:152][581]LogOnline: OSS: Creating online subsystem instance for: :Context_53
[2026.08.25-00.30.02:154][581]PIE: Server logged in
[2026.08.25-00.30.02:155][581]PIE: Play in editor total start time 0.124 seconds.
[2026.08.25-00.30.06:023][947]LogSlate: Updating window title bar state: overlay mode, drag disabled, window buttons hidden, title bar hidden
[2026.08.25-00.30.06:023][947]LogWorld: BeginTearingDown for /Game/Brackeys2026/Levels/UEDPIE_0_Brackeys2026Map
[2026.08.25-00.30.06:023][947]LogWorld: UWorld::CleanupWorld for Brackeys2026Map, bSessionEnded=true, bCleanupResources=true
[2026.08.25-00.30.06:023][947]LogSlate: InvalidateAllWidgets triggered.  All widgets were invalidated
[2026.08.25-00.30.06:038][947]LogPlayLevel: Display: Shutting down PIE online subsystems
[2026.08.25-00.30.06:043][947]LogSlate: InvalidateAllWidgets triggered.  All widgets were invalidated
[2026.08.25-00.30.06:060][947]LogSlate: Updating window title bar state: overlay mode, drag disabled, window buttons hidden, title bar hidden
[2026.08.25-00.30.06:060][947]LogAudioMixer: FMixerPlatformXAudio2::StopAudioStream() called
[2026.08.25-00.30.06:061][947]LogAudioMixer: FMixerPlatformXAudio2::StopAudioStream() called
[2026.08.25-00.30.06:065][947]LogUObjectHash: Compacting FUObjectHashTables data took   1.54ms
[2026.08.25-00.30.06:105][948]LogPlayLevel: Display: Destroying online subsystem :Context_53
[2026.08.25-00.30.10:852][309]LogTemp: Repeating last play command: Selected Viewport
[2026.08.25-00.30.10:857][309]BlueprintLog: New page: Pre-Play auto-recompile
[2026.08.25-00.30.10:859][309]LogPlayLevel: [PlayLevel] Compiling BP_Phone before play...
[2026.08.25-00.30.10:864][309]LogBlueprint: Error: [AssetLog] D:\GameProgramming\BrackeysGameJam\Brackeys-2026\BrackeysJam2026\Content\Brackeys2026\Objects\Phone\BP_Phone.uasset: [Compiler] This blueprint (self) is not a BP_Revolver_C, therefore ' Target ' must have a connection.
[2026.08.25-00.30.10:864][309]LogBlueprint: Error: [AssetLog] D:\GameProgramming\BrackeysGameJam\Brackeys-2026\BrackeysJam2026\Content\Brackeys2026\Objects\Phone\BP_Phone.uasset: [Compiler] Variable node  Get IsLiveBullet  uses an invalid target.  It may depend on a node that is not connected to the execution chain, and got purged.
[2026.08.25-00.30.10:916][309]LogUObjectHash: Compacting FUObjectHashTables data took   1.80ms
[2026.08.25-00.30.10:918][309]LogPlayLevel: PlayLevel: Blueprint regeneration took 60 ms (1 blueprints)
[2026.08.25-00.30.10:918][309]BlueprintLog: Warning: Blueprint failed to compile:  BP_Phone
[2026.08.25-00.30.10:918][309]LogCustomDialog: Dialog displayed:
[2026.08.25-00.30.12:422][309]LogSlate: Window 'Blueprint Compilation Errors' being destroyed
[2026.08.25-00.30.14:069][414]LogEditorTransaction: Undo Create Pin Link
[2026.08.25-00.30.15:122][457]LogSavePackage: Moving '../../../../../GameProgramming/BrackeysGameJam/Brackeys-2026/BrackeysJam2026/Saved/BP_Phone6426230543D0C6CA2BBBAD88F83ACA37.tmp' to '../../../../../GameProgramming/BrackeysGameJam/Brackeys-2026/BrackeysJam2026/Content/Brackeys2026/Objects/Phone/BP_Phone.uasset'
[2026.08.25-00.30.15:156][457]AssetCheck: New page: Asset Save: BP_Phone
[2026.08.25-00.30.15:156][457]LogContentValidation: Display: Validating Blueprint /Game/Brackeys2026/Objects/Phone/BP_Phone.BP_Phone
[2026.08.25-00.30.16:582][547]LogSlate: Window 'Message Log' being destroyed
[2026.08.25-00.30.16:590][547]LogSlate: Window 'Message Log' being destroyed
[2026.08.25-00.30.17:266][595]LogTemp: Repeating last play command: Selected Viewport
[2026.08.25-00.30.17:271][595]BlueprintLog: New page: Pre-Play auto-recompile
[2026.08.25-00.30.17:273][595]LogPlayLevel: [PlayLevel] Compiling BP_Phone before play...
[2026.08.25-00.30.17:329][595]LogUObjectHash: Compacting FUObjectHashTables data took   1.81ms
[2026.08.25-00.30.17:331][595]LogPlayLevel: PlayLevel: Blueprint regeneration took 60 ms (1 blueprints)
[2026.08.25-00.30.17:332][595]PIE: New page: PIE session: Brackeys2026Map (24 ago. 2026 18:30:17)
[2026.08.25-00.30.17:332][595]LogPlayLevel: Creating play world package: /Game/Brackeys2026/Levels/UEDPIE_0_Brackeys2026Map
[2026.08.25-00.30.17:334][595]LogPlayLevel: PIE: StaticDuplicateObject took: (0.002090s)
[2026.08.25-00.30.17:335][595]LogAIModule: Creating AISystem for world Brackeys2026Map
[2026.08.25-00.30.17:335][595]LogPlayLevel: PIE: World Init took: (0.000862s)
[2026.08.25-00.30.17:335][595]LogPlayLevel: PIE: Created PIE world by copying editor world from /Game/Brackeys2026/Levels/Brackeys2026Map.Brackeys2026Map to /Game/Brackeys2026/Levels/UEDPIE_0_Brackeys2026Map.Brackeys2026Map (0.003064s)
[2026.08.25-00.30.17:352][595]LogUObjectHash: Compacting FUObjectHashTables data took   1.47ms
[2026.08.25-00.30.17:352][595]LogAudio: Display: Creating Audio Device:                 Id: 48, Scope: Unique, Realtime: True
[2026.08.25-00.30.17:352][595]LogAudioMixer: Display: Audio Mixer Platform Settings:
[2026.08.25-00.30.17:352][595]LogAudioMixer: Display: 	Sample Rate:						  48000
[2026.08.25-00.30.17:352][595]LogAudioMixer: Display: 	Callback Buffer Frame Size Requested: 1024
[2026.08.25-00.30.17:352][595]LogAudioMixer: Display: 	Callback Buffer Frame Size To Use:	  1024
[2026.08.25-00.30.17:352][595]LogAudioMixer: Display: 	Number of buffers to queue:			  2
[2026.08.25-00.30.17:352][595]LogAudioMixer: Display: 	Max Channels (voices):				  32
[2026.08.25-00.30.17:352][595]LogAudioMixer: Display: 	Number of Async Source Workers:		  0
[2026.08.25-00.30.17:352][595]LogAudio: Display: AudioDevice MaxSources: 32
[2026.08.25-00.30.17:353][595]LogAudio: Display: Audio Spatialization Plugin: None (built-in).
[2026.08.25-00.30.17:353][595]LogAudio: Display: Audio Reverb Plugin: None (built-in).
[2026.08.25-00.30.17:353][595]LogAudio: Display: Audio Occlusion Plugin: None (built-in).
[2026.08.25-00.30.17:353][595]LogAudioMixer: Display: Initializing audio mixer.
[2026.08.25-00.30.17:356][595]LogAudioMixer: Display: 0: FrontLeft
[2026.08.25-00.30.17:356][595]LogAudioMixer: Display: 1: FrontRight
[2026.08.25-00.30.17:371][595]LogAudioMixer: Display: Using Audio Device Altavoces (Realtek(R) Audio)
[2026.08.25-00.30.17:371][595]LogAudioMixer: Display: Initializing Sound Submixes...
[2026.08.25-00.30.17:371][595]LogAudioMixer: Display: Creating Master Submix 'MasterSubmixDefault'
[2026.08.25-00.30.17:371][595]LogAudioMixer: Display: Creating Master Submix 'MasterReverbSubmixDefault'
[2026.08.25-00.30.17:372][595]LogAudioMixer: Display: Creating Master Submix 'MasterEQSubmixDefault'
[2026.08.25-00.30.17:372][595]LogAudioMixer: FMixerPlatformXAudio2::StartAudioStream() called
[2026.08.25-00.30.17:372][595]LogAudioMixer: Display: Output buffers initialized: Frames=1024, Channels=2, Samples=2048
[2026.08.25-00.30.17:372][595]LogAudioMixer: Display: Starting AudioMixerPlatformInterface::RunInternal()
[2026.08.25-00.30.17:372][595]LogAudioMixer: Display: FMixerPlatformXAudio2::SubmitBuffer() called for the first time
[2026.08.25-00.30.17:372][595]LogInit: FAudioDevice initialized.
[2026.08.25-00.30.17:372][595]LogAudio: Display: Audio Device (ID: 48) registered with world 'Brackeys2026Map'.
[2026.08.25-00.30.17:379][595]LogLoad: Game class is 'BrackeysGameMode_C'
[2026.08.25-00.30.17:380][595]LogWorld: Bringing World /Game/Brackeys2026/Levels/UEDPIE_0_Brackeys2026Map.Brackeys2026Map up for play (max tick rate 0) at 2026.08.24-21.30.17
[2026.08.25-00.30.17:380][595]LogWorld: Bringing up level for play took: 0.000565
[2026.08.25-00.30.17:380][595]LogOnline: OSS: Creating online subsystem instance for: :Context_54
[2026.08.25-00.30.17:382][595]PIE: Server logged in
[2026.08.25-00.30.17:382][595]PIE: Play in editor total start time 0.112 seconds.
[2026.08.25-00.30.27:813][502]LogSlate: Updating window title bar state: overlay mode, drag disabled, window buttons hidden, title bar hidden
[2026.08.25-00.30.27:813][502]LogWorld: BeginTearingDown for /Game/Brackeys2026/Levels/UEDPIE_0_Brackeys2026Map
[2026.08.25-00.30.27:813][502]LogWorld: UWorld::CleanupWorld for Brackeys2026Map, bSessionEnded=true, bCleanupResources=true
[2026.08.25-00.30.27:813][502]LogSlate: InvalidateAllWidgets triggered.  All widgets were invalidated
[2026.08.25-00.30.27:833][502]LogPlayLevel: Display: Shutting down PIE online subsystems
[2026.08.25-00.30.27:839][502]LogSlate: InvalidateAllWidgets triggered.  All widgets were invalidated
[2026.08.25-00.30.27:855][502]LogSlate: Updating window title bar state: overlay mode, drag disabled, window buttons hidden, title bar hidden
[2026.08.25-00.30.27:856][502]LogAudioMixer: FMixerPlatformXAudio2::StopAudioStream() called
[2026.08.25-00.30.27:857][502]LogAudioMixer: FMixerPlatformXAudio2::StopAudioStream() called
[2026.08.25-00.30.27:860][502]LogUObjectHash: Compacting FUObjectHashTables data took   1.40ms
[2026.08.25-00.30.27:899][503]LogPlayLevel: Display: Destroying online subsystem :Context_54
[2026.08.25-00.30.31:637][777]LogSavePackage: Moving '../../../../../GameProgramming/BrackeysGameJam/Brackeys-2026/BrackeysJam2026/Saved/BP_Phone3647C266415E4E48CE479C976C03D3BD.tmp' to '../../../../../GameProgramming/BrackeysGameJam/Brackeys-2026/BrackeysJam2026/Content/Brackeys2026/Objects/Phone/BP_Phone.uasset'
[2026.08.25-00.30.31:679][777]AssetCheck: New page: Asset Save: BP_Phone
[2026.08.25-00.30.31:679][777]LogContentValidation: Display: Validating Blueprint /Game/Brackeys2026/Objects/Phone/BP_Phone.BP_Phone
[2026.08.25-00.30.32:171][816]LogTemp: Repeating last play command: Selected Viewport
[2026.08.25-00.30.32:176][816]BlueprintLog: New page: Pre-Play auto-recompile
[2026.08.25-00.30.32:178][816]LogPlayLevel: [PlayLevel] Compiling BP_Phone before play...
[2026.08.25-00.30.32:235][816]LogUObjectHash: Compacting FUObjectHashTables data took   1.81ms
[2026.08.25-00.30.32:237][816]LogPlayLevel: PlayLevel: Blueprint regeneration took 60 ms (1 blueprints)
[2026.08.25-00.30.32:237][816]PIE: New page: PIE session: Brackeys2026Map (24 ago. 2026 18:30:32)
[2026.08.25-00.30.32:237][816]LogPlayLevel: Creating play world package: /Game/Brackeys2026/Levels/UEDPIE_0_Brackeys2026Map
[2026.08.25-00.30.32:239][816]LogPlayLevel: PIE: StaticDuplicateObject took: (0.001902s)
[2026.08.25-00.30.32:239][816]LogAIModule: Creating AISystem for world Brackeys2026Map
[2026.08.25-00.30.32:240][816]LogPlayLevel: PIE: World Init took: (0.000888s)
[2026.08.25-00.30.32:240][816]LogPlayLevel: PIE: Created PIE world by copying editor world from /Game/Brackeys2026/Levels/Brackeys2026Map.Brackeys2026Map to /Game/Brackeys2026/Levels/UEDPIE_0_Brackeys2026Map.Brackeys2026Map (0.002889s)
[2026.08.25-00.30.32:255][816]LogUObjectHash: Compacting FUObjectHashTables data took   1.39ms
[2026.08.25-00.30.32:255][816]LogAudio: Display: Creating Audio Device:                 Id: 49, Scope: Unique, Realtime: True
[2026.08.25-00.30.32:255][816]LogAudioMixer: Display: Audio Mixer Platform Settings:
[2026.08.25-00.30.32:255][816]LogAudioMixer: Display: 	Sample Rate:						  48000
[2026.08.25-00.30.32:255][816]LogAudioMixer: Display: 	Callback Buffer Frame Size Requested: 1024
[2026.08.25-00.30.32:255][816]LogAudioMixer: Display: 	Callback Buffer Frame Size To Use:	  1024
[2026.08.25-00.30.32:255][816]LogAudioMixer: Display: 	Number of buffers to queue:			  2
[2026.08.25-00.30.32:255][816]LogAudioMixer: Display: 	Max Channels (voices):				  32
[2026.08.25-00.30.32:255][816]LogAudioMixer: Display: 	Number of Async Source Workers:		  0
[2026.08.25-00.30.32:255][816]LogAudio: Display: AudioDevice MaxSources: 32
[2026.08.25-00.30.32:256][816]LogAudio: Display: Audio Spatialization Plugin: None (built-in).
[2026.08.25-00.30.32:256][816]LogAudio: Display: Audio Reverb Plugin: None (built-in).
[2026.08.25-00.30.32:256][816]LogAudio: Display: Audio Occlusion Plugin: None (built-in).
[2026.08.25-00.30.32:256][816]LogAudioMixer: Display: Initializing audio mixer.
[2026.08.25-00.30.32:259][816]LogAudioMixer: Display: 0: FrontLeft
[2026.08.25-00.30.32:259][816]LogAudioMixer: Display: 1: FrontRight
[2026.08.25-00.30.32:275][816]LogAudioMixer: Display: Using Audio Device Altavoces (Realtek(R) Audio)
[2026.08.25-00.30.32:275][816]LogAudioMixer: Display: Initializing Sound Submixes...
[2026.08.25-00.30.32:275][816]LogAudioMixer: Display: Creating Master Submix 'MasterSubmixDefault'
[2026.08.25-00.30.32:275][816]LogAudioMixer: Display: Creating Master Submix 'MasterReverbSubmixDefault'
[2026.08.25-00.30.32:276][816]LogAudioMixer: Display: Creating Master Submix 'MasterEQSubmixDefault'
[2026.08.25-00.30.32:276][816]LogAudioMixer: FMixerPlatformXAudio2::StartAudioStream() called
[2026.08.25-00.30.32:276][816]LogAudioMixer: Display: Output buffers initialized: Frames=1024, Channels=2, Samples=2048
[2026.08.25-00.30.32:277][816]LogAudioMixer: Display: Starting AudioMixerPlatformInterface::RunInternal()
[2026.08.25-00.30.32:277][816]LogAudioMixer: Display: FMixerPlatformXAudio2::SubmitBuffer() called for the first time
[2026.08.25-00.30.32:277][816]LogInit: FAudioDevice initialized.
[2026.08.25-00.30.32:277][816]LogAudio: Display: Audio Device (ID: 49) registered with world 'Brackeys2026Map'.
[2026.08.25-00.30.32:282][816]LogLoad: Game class is 'BrackeysGameMode_C'
[2026.08.25-00.30.32:283][816]LogWorld: Bringing World /Game/Brackeys2026/Levels/UEDPIE_0_Brackeys2026Map.Brackeys2026Map up for play (max tick rate 0) at 2026.08.24-21.30.32
[2026.08.25-00.30.32:283][816]LogWorld: Bringing up level for play took: 0.000572
[2026.08.25-00.30.32:283][816]LogOnline: OSS: Creating online subsystem instance for: :Context_55
[2026.08.25-00.30.32:285][816]PIE: Server logged in
[2026.08.25-00.30.32:286][816]PIE: Play in editor total start time 0.111 seconds.
[2026.08.25-00.30.40:473][591]LogSlate: Updating window title bar state: overlay mode, drag disabled, window buttons hidden, title bar hidden
[2026.08.25-00.30.40:473][591]LogWorld: BeginTearingDown for /Game/Brackeys2026/Levels/UEDPIE_0_Brackeys2026Map
[2026.08.25-00.30.40:473][591]LogWorld: UWorld::CleanupWorld for Brackeys2026Map, bSessionEnded=true, bCleanupResources=true
[2026.08.25-00.30.40:473][591]LogSlate: InvalidateAllWidgets triggered.  All widgets were invalidated
[2026.08.25-00.30.40:484][591]LogPlayLevel: Display: Shutting down PIE online subsystems
[2026.08.25-00.30.40:492][591]LogSlate: InvalidateAllWidgets triggered.  All widgets were invalidated
[2026.08.25-00.30.40:507][591]LogSlate: Updating window title bar state: overlay mode, drag disabled, window buttons hidden, title bar hidden
[2026.08.25-00.30.40:507][591]LogAudioMixer: FMixerPlatformXAudio2::StopAudioStream() called
[2026.08.25-00.30.40:508][591]LogAudioMixer: FMixerPlatformXAudio2::StopAudioStream() called
[2026.08.25-00.30.40:512][591]LogUObjectHash: Compacting FUObjectHashTables data took   1.51ms
[2026.08.25-00.30.40:555][592]LogPlayLevel: Display: Destroying online subsystem :Context_55
[2026.08.25-00.30.48:574][216]LogEditorTransaction: Undo Create Pin Link
[2026.08.25-00.30.49:938][285]LogSavePackage: Moving '../../../../../GameProgramming/BrackeysGameJam/Brackeys-2026/BrackeysJam2026/Saved/BP_PhoneDCF32FFB4883ADBB7D15FFBDF6AB9C5B.tmp' to '../../../../../GameProgramming/BrackeysGameJam/Brackeys-2026/BrackeysJam2026/Content/Brackeys2026/Objects/Phone/BP_Phone.uasset'
[2026.08.25-00.30.49:973][285]AssetCheck: New page: Asset Save: BP_Phone
[2026.08.25-00.30.49:973][285]LogContentValidation: Display: Validating Blueprint /Game/Brackeys2026/Objects/Phone/BP_Phone.BP_Phone
[2026.08.25-00.31.02:242][255]LogTemp: Repeating last play command: Selected Viewport
[2026.08.25-00.31.02:247][255]BlueprintLog: New page: Pre-Play auto-recompile
[2026.08.25-00.31.02:248][255]LogPlayLevel: [PlayLevel] Compiling BP_Phone before play...
[2026.08.25-00.31.02:306][255]LogUObjectHash: Compacting FUObjectHashTables data took   1.81ms
[2026.08.25-00.31.02:308][255]LogPlayLevel: PlayLevel: Blueprint regeneration took 61 ms (1 blueprints)
[2026.08.25-00.31.02:308][255]PIE: New page: PIE session: Brackeys2026Map (24 ago. 2026 18:31:02)
[2026.08.25-00.31.02:308][255]LogPlayLevel: Creating play world package: /Game/Brackeys2026/Levels/UEDPIE_0_Brackeys2026Map
[2026.08.25-00.31.02:311][255]LogPlayLevel: PIE: StaticDuplicateObject took: (0.002059s)
[2026.08.25-00.31.02:311][255]LogAIModule: Creating AISystem for world Brackeys2026Map
[2026.08.25-00.31.02:311][255]LogPlayLevel: PIE: World Init took: (0.000892s)
[2026.08.25-00.31.02:311][255]LogPlayLevel: PIE: Created PIE world by copying editor world from /Game/Brackeys2026/Levels/Brackeys2026Map.Brackeys2026Map to /Game/Brackeys2026/Levels/UEDPIE_0_Brackeys2026Map.Brackeys2026Map (0.003071s)
[2026.08.25-00.31.02:329][255]LogUObjectHash: Compacting FUObjectHashTables data took   1.44ms
[2026.08.25-00.31.02:329][255]LogAudio: Display: Creating Audio Device:                 Id: 50, Scope: Unique, Realtime: True
[2026.08.25-00.31.02:329][255]LogAudioMixer: Display: Audio Mixer Platform Settings:
[2026.08.25-00.31.02:329][255]LogAudioMixer: Display: 	Sample Rate:						  48000
[2026.08.25-00.31.02:329][255]LogAudioMixer: Display: 	Callback Buffer Frame Size Requested: 1024
[2026.08.25-00.31.02:329][255]LogAudioMixer: Display: 	Callback Buffer Frame Size To Use:	  1024
[2026.08.25-00.31.02:329][255]LogAudioMixer: Display: 	Number of buffers to queue:			  2
[2026.08.25-00.31.02:329][255]LogAudioMixer: Display: 	Max Channels (voices):				  32
[2026.08.25-00.31.02:329][255]LogAudioMixer: Display: 	Number of Async Source Workers:		  0
[2026.08.25-00.31.02:329][255]LogAudio: Display: AudioDevice MaxSources: 32
[2026.08.25-00.31.02:329][255]LogAudio: Display: Audio Spatialization Plugin: None (built-in).
[2026.08.25-00.31.02:329][255]LogAudio: Display: Audio Reverb Plugin: None (built-in).
[2026.08.25-00.31.02:329][255]LogAudio: Display: Audio Occlusion Plugin: None (built-in).
[2026.08.25-00.31.02:329][255]LogAudioMixer: Display: Initializing audio mixer.
[2026.08.25-00.31.02:332][255]LogAudioMixer: Display: 0: FrontLeft
[2026.08.25-00.31.02:332][255]LogAudioMixer: Display: 1: FrontRight
[2026.08.25-00.31.02:348][255]LogAudioMixer: Display: Using Audio Device Altavoces (Realtek(R) Audio)
[2026.08.25-00.31.02:348][255]LogAudioMixer: Display: Initializing Sound Submixes...
[2026.08.25-00.31.02:348][255]LogAudioMixer: Display: Creating Master Submix 'MasterSubmixDefault'
[2026.08.25-00.31.02:348][255]LogAudioMixer: Display: Creating Master Submix 'MasterReverbSubmixDefault'
[2026.08.25-00.31.02:349][255]LogAudioMixer: Display: Creating Master Submix 'MasterEQSubmixDefault'
[2026.08.25-00.31.02:349][255]LogAudioMixer: FMixerPlatformXAudio2::StartAudioStream() called
[2026.08.25-00.31.02:349][255]LogAudioMixer: Display: Output buffers initialized: Frames=1024, Channels=2, Samples=2048
[2026.08.25-00.31.02:350][255]LogAudioMixer: Display: Starting AudioMixerPlatformInterface::RunInternal()
[2026.08.25-00.31.02:350][255]LogAudioMixer: Display: FMixerPlatformXAudio2::SubmitBuffer() called for the first time
[2026.08.25-00.31.02:350][255]LogInit: FAudioDevice initialized.
[2026.08.25-00.31.02:350][255]LogAudio: Display: Audio Device (ID: 50) registered with world 'Brackeys2026Map'.
[2026.08.25-00.31.02:359][255]LogLoad: Game class is 'BrackeysGameMode_C'
[2026.08.25-00.31.02:361][255]LogWorld: Bringing World /Game/Brackeys2026/Levels/UEDPIE_0_Brackeys2026Map.Brackeys2026Map up for play (max tick rate 0) at 2026.08.24-21.31.02
[2026.08.25-00.31.02:361][255]LogWorld: Bringing up level for play took: 0.000595
[2026.08.25-00.31.02:361][255]LogOnline: OSS: Creating online subsystem instance for: :Context_56
[2026.08.25-00.31.02:364][255]PIE: Server logged in
[2026.08.25-00.31.02:364][255]PIE: Play in editor total start time 0.118 seconds.
[2026.08.25-00.31.04:863][463]LogSlate: Updating window title bar state: overlay mode, drag disabled, window buttons hidden, title bar hidden
[2026.08.25-00.31.04:863][463]LogWorld: BeginTearingDown for /Game/Brackeys2026/Levels/UEDPIE_0_Brackeys2026Map
[2026.08.25-00.31.04:863][463]LogWorld: UWorld::CleanupWorld for Brackeys2026Map, bSessionEnded=true, bCleanupResources=true
[2026.08.25-00.31.04:863][463]LogSlate: InvalidateAllWidgets triggered.  All widgets were invalidated
[2026.08.25-00.31.04:877][463]LogPlayLevel: Display: Shutting down PIE online subsystems
[2026.08.25-00.31.04:883][463]LogSlate: InvalidateAllWidgets triggered.  All widgets were invalidated
[2026.08.25-00.31.04:898][463]LogSlate: Updating window title bar state: overlay mode, drag disabled, window buttons hidden, title bar hidden
[2026.08.25-00.31.04:898][463]LogAudioMixer: FMixerPlatformXAudio2::StopAudioStream() called
[2026.08.25-00.31.04:899][463]LogAudioMixer: FMixerPlatformXAudio2::StopAudioStream() called
[2026.08.25-00.31.04:903][463]LogUObjectHash: Compacting FUObjectHashTables data took   1.41ms
[2026.08.25-00.31.04:945][464]LogPlayLevel: Display: Destroying online subsystem :Context_56
[2026.08.25-00.31.12:299][ 27]LogSavePackage: Moving '../../../../../GameProgramming/BrackeysGameJam/Brackeys-2026/BrackeysJam2026/Saved/BP_PhoneAB1ED8C748DC3D2BA27448B8EBD3D2BD.tmp' to '../../../../../GameProgramming/BrackeysGameJam/Brackeys-2026/BrackeysJam2026/Content/Brackeys2026/Objects/Phone/BP_Phone.uasset'
[2026.08.25-00.31.12:337][ 27]AssetCheck: New page: Asset Save: BP_Phone
[2026.08.25-00.31.12:337][ 27]LogContentValidation: Display: Validating Blueprint /Game/Brackeys2026/Objects/Phone/BP_Phone.BP_Phone
[2026.08.25-00.31.13:667][119]LogTemp: Repeating last play command: Selected Viewport
[2026.08.25-00.31.13:672][119]BlueprintLog: New page: Pre-Play auto-recompile
[2026.08.25-00.31.13:673][119]LogPlayLevel: [PlayLevel] Compiling BP_Phone before play...
[2026.08.25-00.31.13:731][119]LogUObjectHash: Compacting FUObjectHashTables data took   1.82ms
[2026.08.25-00.31.13:733][119]LogPlayLevel: PlayLevel: Blueprint regeneration took 61 ms (1 blueprints)
[2026.08.25-00.31.13:733][119]PIE: New page: PIE session: Brackeys2026Map (24 ago. 2026 18:31:13)
[2026.08.25-00.31.13:733][119]LogPlayLevel: Creating play world package: /Game/Brackeys2026/Levels/UEDPIE_0_Brackeys2026Map
[2026.08.25-00.31.13:735][119]LogPlayLevel: PIE: StaticDuplicateObject took: (0.001990s)
[2026.08.25-00.31.13:736][119]LogAIModule: Creating AISystem for world Brackeys2026Map
[2026.08.25-00.31.13:736][119]LogPlayLevel: PIE: World Init took: (0.000856s)
[2026.08.25-00.31.13:736][119]LogPlayLevel: PIE: Created PIE world by copying editor world from /Game/Brackeys2026/Levels/Brackeys2026Map.Brackeys2026Map to /Game/Brackeys2026/Levels/UEDPIE_0_Brackeys2026Map.Brackeys2026Map (0.002948s)
[2026.08.25-00.31.13:752][119]LogUObjectHash: Compacting FUObjectHashTables data took   1.44ms
[2026.08.25-00.31.13:752][119]LogAudio: Display: Creating Audio Device:                 Id: 51, Scope: Unique, Realtime: True
[2026.08.25-00.31.13:752][119]LogAudioMixer: Display: Audio Mixer Platform Settings:
[2026.08.25-00.31.13:752][119]LogAudioMixer: Display: 	Sample Rate:						  48000
[2026.08.25-00.31.13:752][119]LogAudioMixer: Display: 	Callback Buffer Frame Size Requested: 1024
[2026.08.25-00.31.13:753][119]LogAudioMixer: Display: 	Callback Buffer Frame Size To Use:	  1024
[2026.08.25-00.31.13:753][119]LogAudioMixer: Display: 	Number of buffers to queue:			  2
[2026.08.25-00.31.13:753][119]LogAudioMixer: Display: 	Max Channels (voices):				  32
[2026.08.25-00.31.13:753][119]LogAudioMixer: Display: 	Number of Async Source Workers:		  0
[2026.08.25-00.31.13:753][119]LogAudio: Display: AudioDevice MaxSources: 32
[2026.08.25-00.31.13:753][119]LogAudio: Display: Audio Spatialization Plugin: None (built-in).
[2026.08.25-00.31.13:753][119]LogAudio: Display: Audio Reverb Plugin: None (built-in).
[2026.08.25-00.31.13:753][119]LogAudio: Display: Audio Occlusion Plugin: None (built-in).
[2026.08.25-00.31.13:753][119]LogAudioMixer: Display: Initializing audio mixer.
[2026.08.25-00.31.13:756][119]LogAudioMixer: Display: 0: FrontLeft
[2026.08.25-00.31.13:757][119]LogAudioMixer: Display: 1: FrontRight
[2026.08.25-00.31.13:773][119]LogAudioMixer: Display: Using Audio Device Altavoces (Realtek(R) Audio)
[2026.08.25-00.31.13:773][119]LogAudioMixer: Display: Initializing Sound Submixes...
[2026.08.25-00.31.13:773][119]LogAudioMixer: Display: Creating Master Submix 'MasterSubmixDefault'
[2026.08.25-00.31.13:773][119]LogAudioMixer: Display: Creating Master Submix 'MasterReverbSubmixDefault'
[2026.08.25-00.31.13:773][119]LogAudioMixer: Display: Creating Master Submix 'MasterEQSubmixDefault'
[2026.08.25-00.31.13:773][119]LogAudioMixer: FMixerPlatformXAudio2::StartAudioStream() called
[2026.08.25-00.31.13:773][119]LogAudioMixer: Display: Output buffers initialized: Frames=1024, Channels=2, Samples=2048
[2026.08.25-00.31.13:774][119]LogAudioMixer: Display: Starting AudioMixerPlatformInterface::RunInternal()
[2026.08.25-00.31.13:774][119]LogAudioMixer: Display: FMixerPlatformXAudio2::SubmitBuffer() called for the first time
[2026.08.25-00.31.13:774][119]LogInit: FAudioDevice initialized.
[2026.08.25-00.31.13:774][119]LogAudio: Display: Audio Device (ID: 51) registered with world 'Brackeys2026Map'.
[2026.08.25-00.31.13:780][119]LogLoad: Game class is 'BrackeysGameMode_C'
[2026.08.25-00.31.13:781][119]LogWorld: Bringing World /Game/Brackeys2026/Levels/UEDPIE_0_Brackeys2026Map.Brackeys2026Map up for play (max tick rate 0) at 2026.08.24-21.31.13
[2026.08.25-00.31.13:781][119]LogWorld: Bringing up level for play took: 0.000535
[2026.08.25-00.31.13:781][119]LogOnline: OSS: Creating online subsystem instance for: :Context_57
[2026.08.25-00.31.13:789][119]LogBlueprintUserMessages: [BP_Phone_2] 1
[2026.08.25-00.31.13:789][119]LogBlueprintUserMessages: [BP_Phone_2] 2
[2026.08.25-00.31.13:789][119]LogBlueprintUserMessages: [BP_Phone_2] 3
[2026.08.25-00.31.13:789][119]LogBlueprintUserMessages: [BP_Phone_2] 4
[2026.08.25-00.31.13:789][119]LogBlueprintUserMessages: [BP_Phone_2] 5
[2026.08.25-00.31.13:790][119]PIE: Server logged in
[2026.08.25-00.31.13:791][119]PIE: Play in editor total start time 0.12 seconds.
[2026.08.25-00.31.18:837][605]LogBlueprintUserMessages: [BP_Phone_2] Weight Hint
[2026.08.25-00.31.19:407][656]LogBlueprintUserMessages: [BP_Phone_2] Killer Hint
[2026.08.25-00.31.19:822][693]LogBlueprintUserMessages: [BP_Phone_2] Weight Hint
[2026.08.25-00.31.20:058][714]LogBlueprintUserMessages: [BP_Phone_2] Killer Hint
[2026.08.25-00.31.20:563][759]LogBlueprintUserMessages: [BP_Phone_2] Smell Hint
[2026.08.25-00.31.21:363][830]LogBlueprintUserMessages: [BP_Phone_2] Weight Hint
[2026.08.25-00.31.21:698][860]LogBlueprintUserMessages: [BP_Phone_2] Killer Hint
[2026.08.25-00.31.22:189][904]LogBlueprintUserMessages: [BP_Phone_2] Weight Hint
[2026.08.25-00.31.22:494][931]LogBlueprintUserMessages: [BP_Phone_2] Weight Hint
[2026.08.25-00.31.22:743][953]LogBlueprintUserMessages: [BP_Phone_2] Killer Hint
[2026.08.25-00.31.24:962][151]LogBlueprintUserMessages: [BP_Phone_2] Weight Hint
[2026.08.25-00.31.25:905][235]LogBlueprintUserMessages: [BP_Phone_2] Smell Hint
[2026.08.25-00.31.26:273][267]LogBlueprintUserMessages: [BP_Phone_2] Smell Hint
[2026.08.25-00.31.26:837][316]LogBlueprintUserMessages: [BP_Phone_2] Smell Hint
[2026.08.25-00.31.28:727][478]LogBlueprintUserMessages: [BP_Phone_2] Smell Hint
[2026.08.25-00.31.28:932][496]LogBlueprintUserMessages: [BP_Phone_2] Killer Hint
[2026.08.25-00.31.29:113][512]LogBlueprintUserMessages: [BP_Phone_2] Weight Hint
[2026.08.25-00.31.29:372][534]LogBlueprintUserMessages: [BP_Phone_2] Killer Hint
[2026.08.25-00.31.30:783][645]LogSlate: Updating window title bar state: overlay mode, drag disabled, window buttons hidden, title bar hidden
[2026.08.25-00.31.30:783][645]LogWorld: BeginTearingDown for /Game/Brackeys2026/Levels/UEDPIE_0_Brackeys2026Map
[2026.08.25-00.31.30:783][645]LogWorld: UWorld::CleanupWorld for Brackeys2026Map, bSessionEnded=true, bCleanupResources=true
[2026.08.25-00.31.30:783][645]LogSlate: InvalidateAllWidgets triggered.  All widgets were invalidated
[2026.08.25-00.31.30:798][645]LogPlayLevel: Display: Shutting down PIE online subsystems
[2026.08.25-00.31.30:805][645]LogSlate: InvalidateAllWidgets triggered.  All widgets were invalidated
[2026.08.25-00.31.30:820][645]LogSlate: Updating window title bar state: overlay mode, drag disabled, window buttons hidden, title bar hidden
[2026.08.25-00.31.30:820][645]LogAudioMixer: FMixerPlatformXAudio2::StopAudioStream() called
[2026.08.25-00.31.30:821][645]LogAudioMixer: FMixerPlatformXAudio2::StopAudioStream() called
[2026.08.25-00.31.30:825][645]LogUObjectHash: Compacting FUObjectHashTables data took   1.44ms
[2026.08.25-00.31.30:870][646]LogPlayLevel: Display: Destroying online subsystem :Context_57
[2026.08.25-00.32.41:004][782]LogSavePackage: Moving '../../../../../GameProgramming/BrackeysGameJam/Brackeys-2026/BrackeysJam2026/Saved/BP_PhoneC375AF9F45CA7FD07590128CB847EFA9.tmp' to '../../../../../GameProgramming/BrackeysGameJam/Brackeys-2026/BrackeysJam2026/Content/Brackeys2026/Objects/Phone/BP_Phone.uasset'
[2026.08.25-00.32.41:043][782]AssetCheck: New page: Asset Save: BP_Phone
[2026.08.25-00.32.41:044][782]LogContentValidation: Display: Validating Blueprint /Game/Brackeys2026/Objects/Phone/BP_Phone.BP_Phone
[2026.08.25-00.32.47:526][312]LogTemp: Repeating last play command: Selected Viewport
[2026.08.25-00.32.47:531][312]BlueprintLog: New page: Pre-Play auto-recompile
[2026.08.25-00.32.47:533][312]LogPlayLevel: [PlayLevel] Compiling BP_Phone before play...
[2026.08.25-00.32.47:591][312]LogUObjectHash: Compacting FUObjectHashTables data took   1.80ms
[2026.08.25-00.32.47:594][312]LogPlayLevel: PlayLevel: Blueprint regeneration took 63 ms (1 blueprints)
[2026.08.25-00.32.47:594][312]PIE: New page: PIE session: Brackeys2026Map (24 ago. 2026 18:32:47)
[2026.08.25-00.32.47:594][312]LogPlayLevel: Creating play world package: /Game/Brackeys2026/Levels/UEDPIE_0_Brackeys2026Map
[2026.08.25-00.32.47:596][312]LogPlayLevel: PIE: StaticDuplicateObject took: (0.002020s)
[2026.08.25-00.32.47:597][312]LogAIModule: Creating AISystem for world Brackeys2026Map
[2026.08.25-00.32.47:597][312]LogPlayLevel: PIE: World Init took: (0.000869s)
[2026.08.25-00.32.47:597][312]LogPlayLevel: PIE: Created PIE world by copying editor world from /Game/Brackeys2026/Levels/Brackeys2026Map.Brackeys2026Map to /Game/Brackeys2026/Levels/UEDPIE_0_Brackeys2026Map.Brackeys2026Map (0.002995s)
[2026.08.25-00.32.47:613][312]LogUObjectHash: Compacting FUObjectHashTables data took   1.47ms
[2026.08.25-00.32.47:614][312]LogAudio: Display: Creating Audio Device:                 Id: 52, Scope: Unique, Realtime: True
[2026.08.25-00.32.47:614][312]LogAudioMixer: Display: Audio Mixer Platform Settings:
[2026.08.25-00.32.47:614][312]LogAudioMixer: Display: 	Sample Rate:						  48000
[2026.08.25-00.32.47:614][312]LogAudioMixer: Display: 	Callback Buffer Frame Size Requested: 1024
[2026.08.25-00.32.47:614][312]LogAudioMixer: Display: 	Callback Buffer Frame Size To Use:	  1024
[2026.08.25-00.32.47:614][312]LogAudioMixer: Display: 	Number of buffers to queue:			  2
[2026.08.25-00.32.47:614][312]LogAudioMixer: Display: 	Max Channels (voices):				  32
[2026.08.25-00.32.47:614][312]LogAudioMixer: Display: 	Number of Async Source Workers:		  0
[2026.08.25-00.32.47:614][312]LogAudio: Display: AudioDevice MaxSources: 32
[2026.08.25-00.32.47:614][312]LogAudio: Display: Audio Spatialization Plugin: None (built-in).
[2026.08.25-00.32.47:614][312]LogAudio: Display: Audio Reverb Plugin: None (built-in).
[2026.08.25-00.32.47:614][312]LogAudio: Display: Audio Occlusion Plugin: None (built-in).
[2026.08.25-00.32.47:614][312]LogAudioMixer: Display: Initializing audio mixer.
[2026.08.25-00.32.47:618][312]LogAudioMixer: Display: 0: FrontLeft
[2026.08.25-00.32.47:618][312]LogAudioMixer: Display: 1: FrontRight
[2026.08.25-00.32.47:633][312]LogAudioMixer: Display: Using Audio Device Altavoces (Realtek(R) Audio)
[2026.08.25-00.32.47:633][312]LogAudioMixer: Display: Initializing Sound Submixes...
[2026.08.25-00.32.47:633][312]LogAudioMixer: Display: Creating Master Submix 'MasterSubmixDefault'
[2026.08.25-00.32.47:633][312]LogAudioMixer: Display: Creating Master Submix 'MasterReverbSubmixDefault'
[2026.08.25-00.32.47:634][312]LogAudioMixer: Display: Creating Master Submix 'MasterEQSubmixDefault'
[2026.08.25-00.32.47:634][312]LogAudioMixer: FMixerPlatformXAudio2::StartAudioStream() called
[2026.08.25-00.32.47:634][312]LogAudioMixer: Display: Output buffers initialized: Frames=1024, Channels=2, Samples=2048
[2026.08.25-00.32.47:634][312]LogAudioMixer: Display: Starting AudioMixerPlatformInterface::RunInternal()
[2026.08.25-00.32.47:634][312]LogAudioMixer: Display: FMixerPlatformXAudio2::SubmitBuffer() called for the first time
[2026.08.25-00.32.47:634][312]LogInit: FAudioDevice initialized.
[2026.08.25-00.32.47:634][312]LogAudio: Display: Audio Device (ID: 52) registered with world 'Brackeys2026Map'.
[2026.08.25-00.32.47:643][312]LogLoad: Game class is 'BrackeysGameMode_C'
[2026.08.25-00.32.47:644][312]LogWorld: Bringing World /Game/Brackeys2026/Levels/UEDPIE_0_Brackeys2026Map.Brackeys2026Map up for play (max tick rate 0) at 2026.08.24-21.32.47
[2026.08.25-00.32.47:644][312]LogWorld: Bringing up level for play took: 0.000551
[2026.08.25-00.32.47:644][312]LogOnline: OSS: Creating online subsystem instance for: :Context_58
[2026.08.25-00.32.47:646][312]LogBlueprintUserMessages: [BP_Phone_2] 1
[2026.08.25-00.32.47:646][312]LogBlueprintUserMessages: [BP_Phone_2] 2
[2026.08.25-00.32.47:646][312]LogBlueprintUserMessages: [BP_Phone_2] 3
[2026.08.25-00.32.47:646][312]LogBlueprintUserMessages: [BP_Phone_2] 4
[2026.08.25-00.32.47:646][312]LogBlueprintUserMessages: [BP_Phone_2] 5
[2026.08.25-00.32.47:646][312]PIE: Server logged in
[2026.08.25-00.32.47:647][312]PIE: Play in editor total start time 0.117 seconds.
[2026.08.25-00.32.56:363][ 28]LogSlate: Updating window title bar state: overlay mode, drag disabled, window buttons hidden, title bar hidden
[2026.08.25-00.32.56:363][ 28]LogWorld: BeginTearingDown for /Game/Brackeys2026/Levels/UEDPIE_0_Brackeys2026Map
[2026.08.25-00.32.56:363][ 28]LogWorld: UWorld::CleanupWorld for Brackeys2026Map, bSessionEnded=true, bCleanupResources=true
[2026.08.25-00.32.56:363][ 28]LogSlate: InvalidateAllWidgets triggered.  All widgets were invalidated
[2026.08.25-00.32.56:376][ 28]LogPlayLevel: Display: Shutting down PIE online subsystems
[2026.08.25-00.32.56:383][ 28]LogSlate: InvalidateAllWidgets triggered.  All widgets were invalidated
[2026.08.25-00.32.56:397][ 28]LogSlate: Updating window title bar state: overlay mode, drag disabled, window buttons hidden, title bar hidden
[2026.08.25-00.32.56:397][ 28]LogAudioMixer: FMixerPlatformXAudio2::StopAudioStream() called
[2026.08.25-00.32.56:399][ 28]LogAudioMixer: FMixerPlatformXAudio2::StopAudioStream() called
[2026.08.25-00.32.56:402][ 28]LogUObjectHash: Compacting FUObjectHashTables data took   1.40ms
[2026.08.25-00.32.56:444][ 29]LogPlayLevel: Display: Destroying online subsystem :Context_58
[2026.08.25-00.33.09:721][793]LogSavePackage: Moving '../../../../../GameProgramming/BrackeysGameJam/Brackeys-2026/BrackeysJam2026/Saved/BP_Revolver875C40DB4BE59721721376A58269B8BA.tmp' to '../../../../../GameProgramming/BrackeysGameJam/Brackeys-2026/BrackeysJam2026/Content/Brackeys2026/Objects/CoinGun/BP_Revolver.uasset'
[2026.08.25-00.33.09:768][793]AssetCheck: New page: Asset Save: BP_Revolver
[2026.08.25-00.33.09:768][793]LogContentValidation: Display: Validating Blueprint /Game/Brackeys2026/Objects/CoinGun/BP_Revolver.BP_Revolver
[2026.08.25-00.33.14:867][117]LogTemp: Repeating last play command: Selected Viewport
[2026.08.25-00.33.14:871][117]BlueprintLog: New page: Pre-Play auto-recompile
[2026.08.25-00.33.14:878][117]LogPlayLevel: [PlayLevel] Compiling BP_Revolver before play...
[2026.08.25-00.33.14:943][117]LogUObjectHash: Compacting FUObjectHashTables data took   2.00ms
[2026.08.25-00.33.14:945][117]LogPlayLevel: PlayLevel: Blueprint regeneration took 73 ms (1 blueprints)
[2026.08.25-00.33.14:945][117]PIE: New page: PIE session: Brackeys2026Map (24 ago. 2026 18:33:14)
[2026.08.25-00.33.14:945][117]LogPlayLevel: Creating play world package: /Game/Brackeys2026/Levels/UEDPIE_0_Brackeys2026Map
[2026.08.25-00.33.14:947][117]LogPlayLevel: PIE: StaticDuplicateObject took: (0.002014s)
[2026.08.25-00.33.14:948][117]LogAIModule: Creating AISystem for world Brackeys2026Map
[2026.08.25-00.33.14:948][117]LogPlayLevel: PIE: World Init took: (0.000915s)
[2026.08.25-00.33.14:948][117]LogPlayLevel: PIE: Created PIE world by copying editor world from /Game/Brackeys2026/Levels/Brackeys2026Map.Brackeys2026Map to /Game/Brackeys2026/Levels/UEDPIE_0_Brackeys2026Map.Brackeys2026Map (0.003032s)
[2026.08.25-00.33.14:964][117]LogUObjectHash: Compacting FUObjectHashTables data took   1.47ms
[2026.08.25-00.33.14:965][117]LogAudio: Display: Creating Audio Device:                 Id: 53, Scope: Unique, Realtime: True
[2026.08.25-00.33.14:965][117]LogAudioMixer: Display: Audio Mixer Platform Settings:
[2026.08.25-00.33.14:965][117]LogAudioMixer: Display: 	Sample Rate:						  48000
[2026.08.25-00.33.14:965][117]LogAudioMixer: Display: 	Callback Buffer Frame Size Requested: 1024
[2026.08.25-00.33.14:965][117]LogAudioMixer: Display: 	Callback Buffer Frame Size To Use:	  1024
[2026.08.25-00.33.14:965][117]LogAudioMixer: Display: 	Number of buffers to queue:			  2
[2026.08.25-00.33.14:965][117]LogAudioMixer: Display: 	Max Channels (voices):				  32
[2026.08.25-00.33.14:965][117]LogAudioMixer: Display: 	Number of Async Source Workers:		  0
[2026.08.25-00.33.14:965][117]LogAudio: Display: AudioDevice MaxSources: 32
[2026.08.25-00.33.14:965][117]LogAudio: Display: Audio Spatialization Plugin: None (built-in).
[2026.08.25-00.33.14:965][117]LogAudio: Display: Audio Reverb Plugin: None (built-in).
[2026.08.25-00.33.14:965][117]LogAudio: Display: Audio Occlusion Plugin: None (built-in).
[2026.08.25-00.33.14:965][117]LogAudioMixer: Display: Initializing audio mixer.
[2026.08.25-00.33.14:969][117]LogAudioMixer: Display: 0: FrontLeft
[2026.08.25-00.33.14:969][117]LogAudioMixer: Display: 1: FrontRight
[2026.08.25-00.33.14:985][117]LogAudioMixer: Display: Using Audio Device Altavoces (Realtek(R) Audio)
[2026.08.25-00.33.14:985][117]LogAudioMixer: Display: Initializing Sound Submixes...
[2026.08.25-00.33.14:985][117]LogAudioMixer: Display: Creating Master Submix 'MasterSubmixDefault'
[2026.08.25-00.33.14:985][117]LogAudioMixer: Display: Creating Master Submix 'MasterReverbSubmixDefault'
[2026.08.25-00.33.14:986][117]LogAudioMixer: Display: Creating Master Submix 'MasterEQSubmixDefault'
[2026.08.25-00.33.14:986][117]LogAudioMixer: FMixerPlatformXAudio2::StartAudioStream() called
[2026.08.25-00.33.14:986][117]LogAudioMixer: Display: Output buffers initialized: Frames=1024, Channels=2, Samples=2048
[2026.08.25-00.33.14:986][117]LogAudioMixer: Display: Starting AudioMixerPlatformInterface::RunInternal()
[2026.08.25-00.33.14:986][117]LogAudioMixer: Display: FMixerPlatformXAudio2::SubmitBuffer() called for the first time
[2026.08.25-00.33.14:987][117]LogInit: FAudioDevice initialized.
[2026.08.25-00.33.14:987][117]LogAudio: Display: Audio Device (ID: 53) registered with world 'Brackeys2026Map'.
[2026.08.25-00.33.15:000][117]LogLoad: Game class is 'BrackeysGameMode_C'
[2026.08.25-00.33.15:001][117]LogWorld: Bringing World /Game/Brackeys2026/Levels/UEDPIE_0_Brackeys2026Map.Brackeys2026Map up for play (max tick rate 0) at 2026.08.24-21.33.15
[2026.08.25-00.33.15:001][117]LogWorld: Bringing up level for play took: 0.000636
[2026.08.25-00.33.15:001][117]LogOnline: OSS: Creating online subsystem instance for: :Context_59
[2026.08.25-00.33.15:004][117]LogBlueprintUserMessages: [BP_Phone_2] 1
[2026.08.25-00.33.15:004][117]LogBlueprintUserMessages: [BP_Phone_2] 2
[2026.08.25-00.33.15:004][117]LogBlueprintUserMessages: [BP_Phone_2] 3
[2026.08.25-00.33.15:004][117]LogBlueprintUserMessages: [BP_Phone_2] 4
[2026.08.25-00.33.15:004][117]LogBlueprintUserMessages: [BP_Phone_2] 5
[2026.08.25-00.33.15:004][117]PIE: Server logged in
[2026.08.25-00.33.15:005][117]PIE: Play in editor total start time 0.134 seconds.
[2026.08.25-00.33.25:162][955]LogSlate: Updating window title bar state: overlay mode, drag disabled, window buttons hidden, title bar hidden
[2026.08.25-00.33.25:162][955]LogWorld: BeginTearingDown for /Game/Brackeys2026/Levels/UEDPIE_0_Brackeys2026Map
[2026.08.25-00.33.25:163][955]LogWorld: UWorld::CleanupWorld for Brackeys2026Map, bSessionEnded=true, bCleanupResources=true
[2026.08.25-00.33.25:163][955]LogSlate: InvalidateAllWidgets triggered.  All widgets were invalidated
[2026.08.25-00.33.25:180][955]LogPlayLevel: Display: Shutting down PIE online subsystems
[2026.08.25-00.33.25:187][955]LogSlate: InvalidateAllWidgets triggered.  All widgets were invalidated
[2026.08.25-00.33.25:201][955]LogSlate: Updating window title bar state: overlay mode, drag disabled, window buttons hidden, title bar hidden
[2026.08.25-00.33.25:201][955]LogAudioMixer: FMixerPlatformXAudio2::StopAudioStream() called
[2026.08.25-00.33.25:203][955]LogAudioMixer: FMixerPlatformXAudio2::StopAudioStream() called
[2026.08.25-00.33.25:207][955]LogUObjectHash: Compacting FUObjectHashTables data took   1.42ms
[2026.08.25-00.33.25:247][956]LogPlayLevel: Display: Destroying online subsystem :Context_59
[2026.08.25-00.33.31:310][429]LogSavePackage: Moving '../../../../../GameProgramming/BrackeysGameJam/Brackeys-2026/BrackeysJam2026/Saved/BP_PhoneD8087F074C7F44C49BA4DF82521BEB68.tmp' to '../../../../../GameProgramming/BrackeysGameJam/Brackeys-2026/BrackeysJam2026/Content/Brackeys2026/Objects/Phone/BP_Phone.uasset'
[2026.08.25-00.33.31:341][429]AssetCheck: New page: Asset Save: BP_Phone
[2026.08.25-00.33.31:341][429]LogContentValidation: Display: Validating Blueprint /Game/Brackeys2026/Objects/Phone/BP_Phone.BP_Phone
[2026.08.25-00.33.34:812][671]Cmd: TRANSACTION UNDO
[2026.08.25-00.33.34:812][671]LogEditorTransaction: Undo Create Pin Link
[2026.08.25-00.33.36:599][759]LogUObjectHash: Compacting FUObjectHashTables data took   1.92ms
[2026.08.25-00.33.36:608][759]LogSavePackage: Moving '../../../../../GameProgramming/BrackeysGameJam/Brackeys-2026/BrackeysJam2026/Saved/Brackeys2026MapEDF343044076D14C8908B4AFB8888AFD.tmp' to '../../../../../GameProgramming/BrackeysGameJam/Brackeys-2026/BrackeysJam2026/Content/Brackeys2026/Levels/Brackeys2026Map.umap'
[2026.08.25-00.33.36:632][759]LogSavePackage: Moving '../../../../../GameProgramming/BrackeysGameJam/Brackeys-2026/BrackeysJam2026/Saved/Brackeys2026Map_BuiltData7ED10F2345863DA20812A6B52877446B.tmp' to '../../../../../GameProgramming/BrackeysGameJam/Brackeys-2026/BrackeysJam2026/Content/Brackeys2026/Levels/Brackeys2026Map_BuiltData.uasset'
[2026.08.25-00.33.36:653][759]AssetCheck: New page: Asset Save: multiple assets
[2026.08.25-00.33.36:653][759]LogContentValidation: Display: Validating MapBuildDataRegistry /Game/Brackeys2026/Levels/Brackeys2026Map_BuiltData.Brackeys2026Map_BuiltData
[2026.08.25-00.33.36:653][759]LogContentValidation: Display: Validating World /Game/Brackeys2026/Levels/Brackeys2026Map.Brackeys2026Map
[2026.08.25-00.33.41:162][ 71]LogTemp: Repeating last play command: Selected Viewport
[2026.08.25-00.33.41:167][ 71]BlueprintLog: New page: Pre-Play auto-recompile
[2026.08.25-00.33.41:169][ 71]LogPlayLevel: [PlayLevel] Compiling BP_Phone before play...
[2026.08.25-00.33.41:228][ 71]LogUObjectHash: Compacting FUObjectHashTables data took   1.96ms
[2026.08.25-00.33.41:229][ 71]LogPlayLevel: PlayLevel: Blueprint regeneration took 61 ms (1 blueprints)
[2026.08.25-00.33.41:229][ 71]PIE: New page: PIE session: Brackeys2026Map (24 ago. 2026 18:33:41)
[2026.08.25-00.33.41:229][ 71]LogPlayLevel: Creating play world package: /Game/Brackeys2026/Levels/UEDPIE_0_Brackeys2026Map
[2026.08.25-00.33.41:231][ 71]LogPlayLevel: PIE: StaticDuplicateObject took: (0.001947s)
[2026.08.25-00.33.41:232][ 71]LogAIModule: Creating AISystem for world Brackeys2026Map
[2026.08.25-00.33.41:232][ 71]LogPlayLevel: PIE: World Init took: (0.000905s)
[2026.08.25-00.33.41:232][ 71]LogPlayLevel: PIE: Created PIE world by copying editor world from /Game/Brackeys2026/Levels/Brackeys2026Map.Brackeys2026Map to /Game/Brackeys2026/Levels/UEDPIE_0_Brackeys2026Map.Brackeys2026Map (0.002962s)
[2026.08.25-00.33.41:248][ 71]LogUObjectHash: Compacting FUObjectHashTables data took   1.46ms
[2026.08.25-00.33.41:249][ 71]LogAudio: Display: Creating Audio Device:                 Id: 54, Scope: Unique, Realtime: True
[2026.08.25-00.33.41:249][ 71]LogAudioMixer: Display: Audio Mixer Platform Settings:
[2026.08.25-00.33.41:249][ 71]LogAudioMixer: Display: 	Sample Rate:						  48000
[2026.08.25-00.33.41:249][ 71]LogAudioMixer: Display: 	Callback Buffer Frame Size Requested: 1024
[2026.08.25-00.33.41:249][ 71]LogAudioMixer: Display: 	Callback Buffer Frame Size To Use:	  1024
[2026.08.25-00.33.41:249][ 71]LogAudioMixer: Display: 	Number of buffers to queue:			  2
[2026.08.25-00.33.41:249][ 71]LogAudioMixer: Display: 	Max Channels (voices):				  32
[2026.08.25-00.33.41:249][ 71]LogAudioMixer: Display: 	Number of Async Source Workers:		  0
[2026.08.25-00.33.41:249][ 71]LogAudio: Display: AudioDevice MaxSources: 32
[2026.08.25-00.33.41:249][ 71]LogAudio: Display: Audio Spatialization Plugin: None (built-in).
[2026.08.25-00.33.41:249][ 71]LogAudio: Display: Audio Reverb Plugin: None (built-in).
[2026.08.25-00.33.41:249][ 71]LogAudio: Display: Audio Occlusion Plugin: None (built-in).
[2026.08.25-00.33.41:249][ 71]LogAudioMixer: Display: Initializing audio mixer.
[2026.08.25-00.33.41:253][ 71]LogAudioMixer: Display: 0: FrontLeft
[2026.08.25-00.33.41:253][ 71]LogAudioMixer: Display: 1: FrontRight
[2026.08.25-00.33.41:268][ 71]LogAudioMixer: Display: Using Audio Device Altavoces (Realtek(R) Audio)
[2026.08.25-00.33.41:268][ 71]LogAudioMixer: Display: Initializing Sound Submixes...
[2026.08.25-00.33.41:268][ 71]LogAudioMixer: Display: Creating Master Submix 'MasterSubmixDefault'
[2026.08.25-00.33.41:268][ 71]LogAudioMixer: Display: Creating Master Submix 'MasterReverbSubmixDefault'
[2026.08.25-00.33.41:269][ 71]LogAudioMixer: Display: Creating Master Submix 'MasterEQSubmixDefault'
[2026.08.25-00.33.41:269][ 71]LogAudioMixer: FMixerPlatformXAudio2::StartAudioStream() called
[2026.08.25-00.33.41:269][ 71]LogAudioMixer: Display: Output buffers initialized: Frames=1024, Channels=2, Samples=2048
[2026.08.25-00.33.41:269][ 71]LogAudioMixer: Display: Starting AudioMixerPlatformInterface::RunInternal()
[2026.08.25-00.33.41:269][ 71]LogAudioMixer: Display: FMixerPlatformXAudio2::SubmitBuffer() called for the first time
[2026.08.25-00.33.41:269][ 71]LogInit: FAudioDevice initialized.
[2026.08.25-00.33.41:269][ 71]LogAudio: Display: Audio Device (ID: 54) registered with world 'Brackeys2026Map'.
[2026.08.25-00.33.41:278][ 71]LogLoad: Game class is 'BrackeysGameMode_C'
[2026.08.25-00.33.41:279][ 71]LogWorld: Bringing World /Game/Brackeys2026/Levels/UEDPIE_0_Brackeys2026Map.Brackeys2026Map up for play (max tick rate 0) at 2026.08.24-21.33.41
[2026.08.25-00.33.41:279][ 71]LogWorld: Bringing up level for play took: 0.000545
[2026.08.25-00.33.41:279][ 71]LogOnline: OSS: Creating online subsystem instance for: :Context_60
[2026.08.25-00.33.41:281][ 71]LogBlueprintUserMessages: [BP_Phone_2] 1
[2026.08.25-00.33.41:281][ 71]LogBlueprintUserMessages: [BP_Phone_2] 2
[2026.08.25-00.33.41:281][ 71]LogBlueprintUserMessages: [BP_Phone_2] 3
[2026.08.25-00.33.41:281][ 71]LogBlueprintUserMessages: [BP_Phone_2] 4
[2026.08.25-00.33.41:281][ 71]LogBlueprintUserMessages: [BP_Phone_2] 5
[2026.08.25-00.33.41:281][ 71]PIE: Server logged in
[2026.08.25-00.33.41:282][ 71]PIE: Play in editor total start time 0.115 seconds.
[2026.08.25-00.34.01:493][999]LogSlate: Updating window title bar state: overlay mode, drag disabled, window buttons hidden, title bar hidden
[2026.08.25-00.34.01:493][999]LogWorld: BeginTearingDown for /Game/Brackeys2026/Levels/UEDPIE_0_Brackeys2026Map
[2026.08.25-00.34.01:493][999]LogWorld: UWorld::CleanupWorld for Brackeys2026Map, bSessionEnded=true, bCleanupResources=true
[2026.08.25-00.34.01:493][999]LogSlate: InvalidateAllWidgets triggered.  All widgets were invalidated
[2026.08.25-00.34.01:511][999]LogPlayLevel: Display: Shutting down PIE online subsystems
[2026.08.25-00.34.01:518][999]LogSlate: InvalidateAllWidgets triggered.  All widgets were invalidated
[2026.08.25-00.34.01:532][999]LogSlate: Updating window title bar state: overlay mode, drag disabled, window buttons hidden, title bar hidden
[2026.08.25-00.34.01:534][999]LogAudioMixer: FMixerPlatformXAudio2::StopAudioStream() called
[2026.08.25-00.34.01:535][999]LogAudioMixer: FMixerPlatformXAudio2::StopAudioStream() called
[2026.08.25-00.34.01:539][999]LogUObjectHash: Compacting FUObjectHashTables data took   1.42ms
[2026.08.25-00.34.01:582][  0]LogPlayLevel: Display: Destroying online subsystem :Context_60
[2026.08.25-00.34.02:431][ 60]LogTemp: Repeating last play command: Selected Viewport
[2026.08.25-00.34.02:436][ 60]LogPlayLevel: PlayLevel: No blueprints needed recompiling
[2026.08.25-00.34.02:436][ 60]PIE: New page: PIE session: Brackeys2026Map (24 ago. 2026 18:34:02)
[2026.08.25-00.34.02:436][ 60]LogPlayLevel: Creating play world package: /Game/Brackeys2026/Levels/UEDPIE_0_Brackeys2026Map
[2026.08.25-00.34.02:438][ 60]LogPlayLevel: PIE: StaticDuplicateObject took: (0.001918s)
[2026.08.25-00.34.02:439][ 60]LogAIModule: Creating AISystem for world Brackeys2026Map
[2026.08.25-00.34.02:439][ 60]LogPlayLevel: PIE: World Init took: (0.000839s)
[2026.08.25-00.34.02:439][ 60]LogPlayLevel: PIE: Created PIE world by copying editor world from /Game/Brackeys2026/Levels/Brackeys2026Map.Brackeys2026Map to /Game/Brackeys2026/Levels/UEDPIE_0_Brackeys2026Map.Brackeys2026Map (0.002853s)
[2026.08.25-00.34.02:455][ 60]LogUObjectHash: Compacting FUObjectHashTables data took   1.46ms
[2026.08.25-00.34.02:456][ 60]LogAudio: Display: Creating Audio Device:                 Id: 55, Scope: Unique, Realtime: True
[2026.08.25-00.34.02:456][ 60]LogAudioMixer: Display: Audio Mixer Platform Settings:
[2026.08.25-00.34.02:456][ 60]LogAudioMixer: Display: 	Sample Rate:						  48000
[2026.08.25-00.34.02:456][ 60]LogAudioMixer: Display: 	Callback Buffer Frame Size Requested: 1024
[2026.08.25-00.34.02:456][ 60]LogAudioMixer: Display: 	Callback Buffer Frame Size To Use:	  1024
[2026.08.25-00.34.02:456][ 60]LogAudioMixer: Display: 	Number of buffers to queue:			  2
[2026.08.25-00.34.02:456][ 60]LogAudioMixer: Display: 	Max Channels (voices):				  32
[2026.08.25-00.34.02:456][ 60]LogAudioMixer: Display: 	Number of Async Source Workers:		  0
[2026.08.25-00.34.02:456][ 60]LogAudio: Display: AudioDevice MaxSources: 32
[2026.08.25-00.34.02:456][ 60]LogAudio: Display: Audio Spatialization Plugin: None (built-in).
[2026.08.25-00.34.02:456][ 60]LogAudio: Display: Audio Reverb Plugin: None (built-in).
[2026.08.25-00.34.02:456][ 60]LogAudio: Display: Audio Occlusion Plugin: None (built-in).
[2026.08.25-00.34.02:456][ 60]LogAudioMixer: Display: Initializing audio mixer.
[2026.08.25-00.34.02:459][ 60]LogAudioMixer: Display: 0: FrontLeft
[2026.08.25-00.34.02:459][ 60]LogAudioMixer: Display: 1: FrontRight
[2026.08.25-00.34.02:475][ 60]LogAudioMixer: Display: Using Audio Device Altavoces (Realtek(R) Audio)
[2026.08.25-00.34.02:475][ 60]LogAudioMixer: Display: Initializing Sound Submixes...
[2026.08.25-00.34.02:476][ 60]LogAudioMixer: Display: Creating Master Submix 'MasterSubmixDefault'
[2026.08.25-00.34.02:476][ 60]LogAudioMixer: Display: Creating Master Submix 'MasterReverbSubmixDefault'
[2026.08.25-00.34.02:476][ 60]LogAudioMixer: Display: Creating Master Submix 'MasterEQSubmixDefault'
[2026.08.25-00.34.02:476][ 60]LogAudioMixer: FMixerPlatformXAudio2::StartAudioStream() called
[2026.08.25-00.34.02:476][ 60]LogAudioMixer: Display: Output buffers initialized: Frames=1024, Channels=2, Samples=2048
[2026.08.25-00.34.02:476][ 60]LogAudioMixer: Display: Starting AudioMixerPlatformInterface::RunInternal()
[2026.08.25-00.34.02:477][ 60]LogAudioMixer: Display: FMixerPlatformXAudio2::SubmitBuffer() called for the first time
[2026.08.25-00.34.02:477][ 60]LogInit: FAudioDevice initialized.
[2026.08.25-00.34.02:477][ 60]LogAudio: Display: Audio Device (ID: 55) registered with world 'Brackeys2026Map'.
[2026.08.25-00.34.02:483][ 60]LogLoad: Game class is 'BrackeysGameMode_C'
[2026.08.25-00.34.02:484][ 60]LogWorld: Bringing World /Game/Brackeys2026/Levels/UEDPIE_0_Brackeys2026Map.Brackeys2026Map up for play (max tick rate 0) at 2026.08.24-21.34.02
[2026.08.25-00.34.02:484][ 60]LogWorld: Bringing up level for play took: 0.000598
[2026.08.25-00.34.02:484][ 60]LogOnline: OSS: Creating online subsystem instance for: :Context_61
[2026.08.25-00.34.02:486][ 60]LogBlueprintUserMessages: [BP_Phone_2] 1
[2026.08.25-00.34.02:486][ 60]LogBlueprintUserMessages: [BP_Phone_2] 2
[2026.08.25-00.34.02:486][ 60]LogBlueprintUserMessages: [BP_Phone_2] 3
[2026.08.25-00.34.02:486][ 60]LogBlueprintUserMessages: [BP_Phone_2] 4
[2026.08.25-00.34.02:486][ 60]LogBlueprintUserMessages: [BP_Phone_2] 5
[2026.08.25-00.34.02:487][ 60]PIE: Server logged in
[2026.08.25-00.34.02:487][ 60]PIE: Play in editor total start time 0.052 seconds.
[2026.08.25-00.34.05:703][338]LogSlate: Updating window title bar state: overlay mode, drag disabled, window buttons hidden, title bar hidden
[2026.08.25-00.34.05:703][338]LogWorld: BeginTearingDown for /Game/Brackeys2026/Levels/UEDPIE_0_Brackeys2026Map
[2026.08.25-00.34.05:703][338]LogWorld: UWorld::CleanupWorld for Brackeys2026Map, bSessionEnded=true, bCleanupResources=true
[2026.08.25-00.34.05:703][338]LogSlate: InvalidateAllWidgets triggered.  All widgets were invalidated
[2026.08.25-00.34.05:718][338]LogPlayLevel: Display: Shutting down PIE online subsystems
[2026.08.25-00.34.05:724][338]LogSlate: InvalidateAllWidgets triggered.  All widgets were invalidated
[2026.08.25-00.34.05:739][338]LogSlate: Updating window title bar state: overlay mode, drag disabled, window buttons hidden, title bar hidden
[2026.08.25-00.34.05:739][338]LogAudioMixer: FMixerPlatformXAudio2::StopAudioStream() called
[2026.08.25-00.34.05:740][338]LogAudioMixer: FMixerPlatformXAudio2::StopAudioStream() called
[2026.08.25-00.34.05:745][338]LogUObjectHash: Compacting FUObjectHashTables data took   1.45ms
[2026.08.25-00.34.05:787][339]LogPlayLevel: Display: Destroying online subsystem :Context_61
[2026.08.25-00.34.06:405][385]LogTemp: Repeating last play command: Selected Viewport
[2026.08.25-00.34.06:410][385]LogPlayLevel: PlayLevel: No blueprints needed recompiling
[2026.08.25-00.34.06:410][385]PIE: New page: PIE session: Brackeys2026Map (24 ago. 2026 18:34:06)
[2026.08.25-00.34.06:410][385]LogPlayLevel: Creating play world package: /Game/Brackeys2026/Levels/UEDPIE_0_Brackeys2026Map
[2026.08.25-00.34.06:412][385]LogPlayLevel: PIE: StaticDuplicateObject took: (0.002363s)
[2026.08.25-00.34.06:412][385]LogAIModule: Creating AISystem for world Brackeys2026Map
[2026.08.25-00.34.06:413][385]LogPlayLevel: PIE: World Init took: (0.000975s)
[2026.08.25-00.34.06:413][385]LogPlayLevel: PIE: Created PIE world by copying editor world from /Game/Brackeys2026/Levels/Brackeys2026Map.Brackeys2026Map to /Game/Brackeys2026/Levels/UEDPIE_0_Brackeys2026Map.Brackeys2026Map (0.003457s)
[2026.08.25-00.34.06:429][385]LogUObjectHash: Compacting FUObjectHashTables data took   1.46ms
[2026.08.25-00.34.06:431][385]LogAudio: Display: Creating Audio Device:                 Id: 56, Scope: Unique, Realtime: True
[2026.08.25-00.34.06:431][385]LogAudioMixer: Display: Audio Mixer Platform Settings:
[2026.08.25-00.34.06:431][385]LogAudioMixer: Display: 	Sample Rate:						  48000
[2026.08.25-00.34.06:431][385]LogAudioMixer: Display: 	Callback Buffer Frame Size Requested: 1024
[2026.08.25-00.34.06:431][385]LogAudioMixer: Display: 	Callback Buffer Frame Size To Use:	  1024
[2026.08.25-00.34.06:431][385]LogAudioMixer: Display: 	Number of buffers to queue:			  2
[2026.08.25-00.34.06:431][385]LogAudioMixer: Display: 	Max Channels (voices):				  32
[2026.08.25-00.34.06:431][385]LogAudioMixer: Display: 	Number of Async Source Workers:		  0
[2026.08.25-00.34.06:431][385]LogAudio: Display: AudioDevice MaxSources: 32
[2026.08.25-00.34.06:431][385]LogAudio: Display: Audio Spatialization Plugin: None (built-in).
[2026.08.25-00.34.06:431][385]LogAudio: Display: Audio Reverb Plugin: None (built-in).
[2026.08.25-00.34.06:431][385]LogAudio: Display: Audio Occlusion Plugin: None (built-in).
[2026.08.25-00.34.06:431][385]LogAudioMixer: Display: Initializing audio mixer.
[2026.08.25-00.34.06:435][385]LogAudioMixer: Display: 0: FrontLeft
[2026.08.25-00.34.06:435][385]LogAudioMixer: Display: 1: FrontRight
[2026.08.25-00.34.06:449][385]LogAudioMixer: Display: Using Audio Device Altavoces (Realtek(R) Audio)
[2026.08.25-00.34.06:449][385]LogAudioMixer: Display: Initializing Sound Submixes...
[2026.08.25-00.34.06:449][385]LogAudioMixer: Display: Creating Master Submix 'MasterSubmixDefault'
[2026.08.25-00.34.06:449][385]LogAudioMixer: Display: Creating Master Submix 'MasterReverbSubmixDefault'
[2026.08.25-00.34.06:451][385]LogAudioMixer: Display: Creating Master Submix 'MasterEQSubmixDefault'
[2026.08.25-00.34.06:451][385]LogAudioMixer: FMixerPlatformXAudio2::StartAudioStream() called
[2026.08.25-00.34.06:451][385]LogAudioMixer: Display: Output buffers initialized: Frames=1024, Channels=2, Samples=2048
[2026.08.25-00.34.06:451][385]LogAudioMixer: Display: Starting AudioMixerPlatformInterface::RunInternal()
[2026.08.25-00.34.06:451][385]LogAudioMixer: Display: FMixerPlatformXAudio2::SubmitBuffer() called for the first time
[2026.08.25-00.34.06:451][385]LogInit: FAudioDevice initialized.
[2026.08.25-00.34.06:451][385]LogAudio: Display: Audio Device (ID: 56) registered with world 'Brackeys2026Map'.
[2026.08.25-00.34.06:456][385]LogLoad: Game class is 'BrackeysGameMode_C'
[2026.08.25-00.34.06:457][385]LogWorld: Bringing World /Game/Brackeys2026/Levels/UEDPIE_0_Brackeys2026Map.Brackeys2026Map up for play (max tick rate 0) at 2026.08.24-21.34.06
[2026.08.25-00.34.06:457][385]LogWorld: Bringing up level for play took: 0.000553
[2026.08.25-00.34.06:458][385]LogOnline: OSS: Creating online subsystem instance for: :Context_62
[2026.08.25-00.34.06:459][385]LogBlueprintUserMessages: [BP_Phone_2] 1
[2026.08.25-00.34.06:459][385]LogBlueprintUserMessages: [BP_Phone_2] 2
[2026.08.25-00.34.06:459][385]LogBlueprintUserMessages: [BP_Phone_2] 3
[2026.08.25-00.34.06:459][385]LogBlueprintUserMessages: [BP_Phone_2] 4
[2026.08.25-00.34.06:459][385]LogBlueprintUserMessages: [BP_Phone_2] 5
[2026.08.25-00.34.06:459][385]PIE: Server logged in
[2026.08.25-00.34.06:461][385]PIE: Play in editor total start time 0.052 seconds.
[2026.08.25-00.34.43:684][646]LogSavePackage: Moving '../../../../../GameProgramming/BrackeysGameJam/Brackeys-2026/BrackeysJam2026/Saved/BP_Phone925C65D5483ED3B617CD3F96786FC907.tmp' to '../../../../../GameProgramming/BrackeysGameJam/Brackeys-2026/BrackeysJam2026/Content/Brackeys2026/Objects/Phone/BP_Phone.uasset'
[2026.08.25-00.34.43:695][646]AssetCheck: New page: Asset Save: BP_Phone
[2026.08.25-00.34.43:696][646]LogContentValidation: Display: Validating Blueprint /Game/Brackeys2026/Objects/Phone/BP_Phone.BP_Phone
[2026.08.25-00.35.13:352][269]LogSlate: Updating window title bar state: overlay mode, drag disabled, window buttons hidden, title bar hidden
[2026.08.25-00.35.13:352][269]LogWorld: BeginTearingDown for /Game/Brackeys2026/Levels/UEDPIE_0_Brackeys2026Map
[2026.08.25-00.35.13:352][269]LogWorld: UWorld::CleanupWorld for Brackeys2026Map, bSessionEnded=true, bCleanupResources=true
[2026.08.25-00.35.13:353][269]LogSlate: InvalidateAllWidgets triggered.  All widgets were invalidated
[2026.08.25-00.35.13:379][269]LogPlayLevel: Display: Shutting down PIE online subsystems
[2026.08.25-00.35.13:387][269]LogSlate: InvalidateAllWidgets triggered.  All widgets were invalidated
[2026.08.25-00.35.13:402][269]LogSlate: Updating window title bar state: overlay mode, drag disabled, window buttons hidden, title bar hidden
[2026.08.25-00.35.13:403][269]LogAudioMixer: FMixerPlatformXAudio2::StopAudioStream() called
[2026.08.25-00.35.13:404][269]LogAudioMixer: FMixerPlatformXAudio2::StopAudioStream() called
[2026.08.25-00.35.13:408][269]LogUObjectHash: Compacting FUObjectHashTables data took   1.40ms
[2026.08.25-00.35.13:450][270]LogPlayLevel: Display: Destroying online subsystem :Context_62
[2026.08.25-00.35.19:206][696]LogTemp: Repeating last play command: Selected Viewport
[2026.08.25-00.35.19:211][696]LogPlayLevel: PlayLevel: No blueprints needed recompiling
[2026.08.25-00.35.19:212][696]PIE: New page: PIE session: Brackeys2026Map (24 ago. 2026 18:35:19)
[2026.08.25-00.35.19:212][696]LogPlayLevel: Creating play world package: /Game/Brackeys2026/Levels/UEDPIE_0_Brackeys2026Map
[2026.08.25-00.35.19:214][696]LogPlayLevel: PIE: StaticDuplicateObject took: (0.002054s)
[2026.08.25-00.35.19:214][696]LogAIModule: Creating AISystem for world Brackeys2026Map
[2026.08.25-00.35.19:215][696]LogPlayLevel: PIE: World Init took: (0.000895s)
[2026.08.25-00.35.19:215][696]LogPlayLevel: PIE: Created PIE world by copying editor world from /Game/Brackeys2026/Levels/Brackeys2026Map.Brackeys2026Map to /Game/Brackeys2026/Levels/UEDPIE_0_Brackeys2026Map.Brackeys2026Map (0.003057s)
[2026.08.25-00.35.19:232][696]LogUObjectHash: Compacting FUObjectHashTables data took   1.39ms
[2026.08.25-00.35.19:234][696]LogAudio: Display: Creating Audio Device:                 Id: 57, Scope: Unique, Realtime: True
[2026.08.25-00.35.19:234][696]LogAudioMixer: Display: Audio Mixer Platform Settings:
[2026.08.25-00.35.19:234][696]LogAudioMixer: Display: 	Sample Rate:						  48000
[2026.08.25-00.35.19:234][696]LogAudioMixer: Display: 	Callback Buffer Frame Size Requested: 1024
[2026.08.25-00.35.19:234][696]LogAudioMixer: Display: 	Callback Buffer Frame Size To Use:	  1024
[2026.08.25-00.35.19:234][696]LogAudioMixer: Display: 	Number of buffers to queue:			  2
[2026.08.25-00.35.19:234][696]LogAudioMixer: Display: 	Max Channels (voices):				  32
[2026.08.25-00.35.19:234][696]LogAudioMixer: Display: 	Number of Async Source Workers:		  0
[2026.08.25-00.35.19:234][696]LogAudio: Display: AudioDevice MaxSources: 32
[2026.08.25-00.35.19:235][696]LogAudio: Display: Audio Spatialization Plugin: None (built-in).
[2026.08.25-00.35.19:235][696]LogAudio: Display: Audio Reverb Plugin: None (built-in).
[2026.08.25-00.35.19:235][696]LogAudio: Display: Audio Occlusion Plugin: None (built-in).
[2026.08.25-00.35.19:235][696]LogAudioMixer: Display: Initializing audio mixer.
[2026.08.25-00.35.19:239][696]LogAudioMixer: Display: 0: FrontLeft
[2026.08.25-00.35.19:239][696]LogAudioMixer: Display: 1: FrontRight
[2026.08.25-00.35.19:254][696]LogAudioMixer: Display: Using Audio Device Altavoces (Realtek(R) Audio)
[2026.08.25-00.35.19:254][696]LogAudioMixer: Display: Initializing Sound Submixes...
[2026.08.25-00.35.19:254][696]LogAudioMixer: Display: Creating Master Submix 'MasterSubmixDefault'
[2026.08.25-00.35.19:254][696]LogAudioMixer: Display: Creating Master Submix 'MasterReverbSubmixDefault'
[2026.08.25-00.35.19:255][696]LogAudioMixer: Display: Creating Master Submix 'MasterEQSubmixDefault'
[2026.08.25-00.35.19:255][696]LogAudioMixer: FMixerPlatformXAudio2::StartAudioStream() called
[2026.08.25-00.35.19:255][696]LogAudioMixer: Display: Output buffers initialized: Frames=1024, Channels=2, Samples=2048
[2026.08.25-00.35.19:255][696]LogAudioMixer: Display: Starting AudioMixerPlatformInterface::RunInternal()
[2026.08.25-00.35.19:255][696]LogAudioMixer: Display: FMixerPlatformXAudio2::SubmitBuffer() called for the first time
[2026.08.25-00.35.19:255][696]LogInit: FAudioDevice initialized.
[2026.08.25-00.35.19:255][696]LogAudio: Display: Audio Device (ID: 57) registered with world 'Brackeys2026Map'.
[2026.08.25-00.35.19:263][696]LogLoad: Game class is 'BrackeysGameMode_C'
[2026.08.25-00.35.19:263][696]LogWorld: Bringing World /Game/Brackeys2026/Levels/UEDPIE_0_Brackeys2026Map.Brackeys2026Map up for play (max tick rate 0) at 2026.08.24-21.35.19
[2026.08.25-00.35.19:263][696]LogWorld: Bringing up level for play took: 0.000585
[2026.08.25-00.35.19:263][696]LogOnline: OSS: Creating online subsystem instance for: :Context_63
[2026.08.25-00.35.19:267][696]LogBlueprintUserMessages: [BP_Phone_2] 1
[2026.08.25-00.35.19:267][696]LogBlueprintUserMessages: [BP_Phone_2] 2
[2026.08.25-00.35.19:267][696]LogBlueprintUserMessages: [BP_Phone_2] 3
[2026.08.25-00.35.19:267][696]LogBlueprintUserMessages: [BP_Phone_2] 4
[2026.08.25-00.35.19:267][696]LogBlueprintUserMessages: [BP_Phone_2] 5
[2026.08.25-00.35.19:267][696]PIE: Server logged in
[2026.08.25-00.35.19:268][696]PIE: Play in editor total start time 0.057 seconds.
[2026.08.25-00.35.21:304][875]LogBlueprintUserMessages: [BP_Phone_2] Smell Hint
[2026.08.25-00.35.21:996][937]LogBlueprintUserMessages: [BP_Phone_2] Weight Hint
[2026.08.25-00.35.22:281][963]LogBlueprintUserMessages: [BP_Phone_2] Killer Hint
[2026.08.25-00.35.22:493][982]LogBlueprintUserMessages: [BP_Phone_2] Killer Hint
[2026.08.25-00.35.22:704][  1]LogBlueprintUserMessages: [BP_Phone_2] Killer Hint
[2026.08.25-00.35.22:909][ 19]LogBlueprintUserMessages: [BP_Phone_2] Weight Hint
[2026.08.25-00.35.23:100][ 36]LogBlueprintUserMessages: [BP_Phone_2] Weight Hint
[2026.08.25-00.35.23:281][ 52]LogBlueprintUserMessages: [BP_Phone_2] Weight Hint
[2026.08.25-00.35.23:459][ 68]LogBlueprintUserMessages: [BP_Phone_2] Smell Hint
[2026.08.25-00.35.25:213][210]LogSlate: Updating window title bar state: overlay mode, drag disabled, window buttons hidden, title bar hidden
[2026.08.25-00.35.25:213][210]LogWorld: BeginTearingDown for /Game/Brackeys2026/Levels/UEDPIE_0_Brackeys2026Map
[2026.08.25-00.35.25:213][210]LogWorld: UWorld::CleanupWorld for Brackeys2026Map, bSessionEnded=true, bCleanupResources=true
[2026.08.25-00.35.25:213][210]LogSlate: InvalidateAllWidgets triggered.  All widgets were invalidated
[2026.08.25-00.35.25:226][210]LogPlayLevel: Display: Shutting down PIE online subsystems
[2026.08.25-00.35.25:233][210]LogSlate: InvalidateAllWidgets triggered.  All widgets were invalidated
[2026.08.25-00.35.25:248][210]LogSlate: Updating window title bar state: overlay mode, drag disabled, window buttons hidden, title bar hidden
[2026.08.25-00.35.25:248][210]LogAudioMixer: FMixerPlatformXAudio2::StopAudioStream() called
[2026.08.25-00.35.25:249][210]LogAudioMixer: FMixerPlatformXAudio2::StopAudioStream() called
[2026.08.25-00.35.25:253][210]LogUObjectHash: Compacting FUObjectHashTables data took   1.40ms
[2026.08.25-00.35.25:292][211]LogPlayLevel: Display: Destroying online subsystem :Context_63
[2026.08.25-00.35.35:475][942]LogTemp: Repeating last play command: Selected Viewport
[2026.08.25-00.35.35:479][942]LogPlayLevel: PlayLevel: No blueprints needed recompiling
[2026.08.25-00.35.35:479][942]PIE: New page: PIE session: Brackeys2026Map (24 ago. 2026 18:35:35)
[2026.08.25-00.35.35:479][942]LogPlayLevel: Creating play world package: /Game/Brackeys2026/Levels/UEDPIE_0_Brackeys2026Map
[2026.08.25-00.35.35:483][942]LogPlayLevel: PIE: StaticDuplicateObject took: (0.002312s)
[2026.08.25-00.35.35:483][942]LogAIModule: Creating AISystem for world Brackeys2026Map
[2026.08.25-00.35.35:483][942]LogPlayLevel: PIE: World Init took: (0.000889s)
[2026.08.25-00.35.35:483][942]LogPlayLevel: PIE: Created PIE world by copying editor world from /Game/Brackeys2026/Levels/Brackeys2026Map.Brackeys2026Map to /Game/Brackeys2026/Levels/UEDPIE_0_Brackeys2026Map.Brackeys2026Map (0.003303s)
[2026.08.25-00.35.35:500][942]LogUObjectHash: Compacting FUObjectHashTables data took   1.50ms
[2026.08.25-00.35.35:503][942]LogAudio: Display: Creating Audio Device:                 Id: 58, Scope: Unique, Realtime: True
[2026.08.25-00.35.35:503][942]LogAudioMixer: Display: Audio Mixer Platform Settings:
[2026.08.25-00.35.35:503][942]LogAudioMixer: Display: 	Sample Rate:						  48000
[2026.08.25-00.35.35:503][942]LogAudioMixer: Display: 	Callback Buffer Frame Size Requested: 1024
[2026.08.25-00.35.35:503][942]LogAudioMixer: Display: 	Callback Buffer Frame Size To Use:	  1024
[2026.08.25-00.35.35:503][942]LogAudioMixer: Display: 	Number of buffers to queue:			  2
[2026.08.25-00.35.35:503][942]LogAudioMixer: Display: 	Max Channels (voices):				  32
[2026.08.25-00.35.35:503][942]LogAudioMixer: Display: 	Number of Async Source Workers:		  0
[2026.08.25-00.35.35:503][942]LogAudio: Display: AudioDevice MaxSources: 32
[2026.08.25-00.35.35:503][942]LogAudio: Display: Audio Spatialization Plugin: None (built-in).
[2026.08.25-00.35.35:503][942]LogAudio: Display: Audio Reverb Plugin: None (built-in).
[2026.08.25-00.35.35:503][942]LogAudio: Display: Audio Occlusion Plugin: None (built-in).
[2026.08.25-00.35.35:503][942]LogAudioMixer: Display: Initializing audio mixer.
[2026.08.25-00.35.35:507][942]LogAudioMixer: Display: 0: FrontLeft
[2026.08.25-00.35.35:507][942]LogAudioMixer: Display: 1: FrontRight
[2026.08.25-00.35.35:522][942]LogAudioMixer: Display: Using Audio Device Altavoces (Realtek(R) Audio)
[2026.08.25-00.35.35:523][942]LogAudioMixer: Display: Initializing Sound Submixes...
[2026.08.25-00.35.35:523][942]LogAudioMixer: Display: Creating Master Submix 'MasterSubmixDefault'
[2026.08.25-00.35.35:523][942]LogAudioMixer: Display: Creating Master Submix 'MasterReverbSubmixDefault'
[2026.08.25-00.35.35:523][942]LogAudioMixer: Display: Creating Master Submix 'MasterEQSubmixDefault'
[2026.08.25-00.35.35:523][942]LogAudioMixer: FMixerPlatformXAudio2::StartAudioStream() called
[2026.08.25-00.35.35:523][942]LogAudioMixer: Display: Output buffers initialized: Frames=1024, Channels=2, Samples=2048
[2026.08.25-00.35.35:524][942]LogAudioMixer: Display: Starting AudioMixerPlatformInterface::RunInternal()
[2026.08.25-00.35.35:524][942]LogAudioMixer: Display: FMixerPlatformXAudio2::SubmitBuffer() called for the first time
[2026.08.25-00.35.35:524][942]LogInit: FAudioDevice initialized.
[2026.08.25-00.35.35:524][942]LogAudio: Display: Audio Device (ID: 58) registered with world 'Brackeys2026Map'.
[2026.08.25-00.35.35:529][942]LogLoad: Game class is 'BrackeysGameMode_C'
[2026.08.25-00.35.35:530][942]LogWorld: Bringing World /Game/Brackeys2026/Levels/UEDPIE_0_Brackeys2026Map.Brackeys2026Map up for play (max tick rate 0) at 2026.08.24-21.35.35
[2026.08.25-00.35.35:530][942]LogWorld: Bringing up level for play took: 0.000548
[2026.08.25-00.35.35:530][942]LogOnline: OSS: Creating online subsystem instance for: :Context_64
[2026.08.25-00.35.35:532][942]LogBlueprintUserMessages: [BP_Phone_2] 1
[2026.08.25-00.35.35:532][942]LogBlueprintUserMessages: [BP_Phone_2] 2
[2026.08.25-00.35.35:532][942]LogBlueprintUserMessages: [BP_Phone_2] 3
[2026.08.25-00.35.35:532][942]LogBlueprintUserMessages: [BP_Phone_2] 4
[2026.08.25-00.35.35:532][942]LogBlueprintUserMessages: [BP_Phone_2] 5
[2026.08.25-00.35.35:532][942]PIE: Server logged in
[2026.08.25-00.35.35:533][942]PIE: Play in editor total start time 0.054 seconds.
[2026.08.25-00.35.37:251][ 93]LogBlueprintUserMessages: [BP_Phone_2] Smell Hint
[2026.08.25-00.35.40:043][344]LogBlueprintUserMessages: [BP_Phone_2] Killer Hint
[2026.08.25-00.35.40:299][367]LogBlueprintUserMessages: [BP_Phone_2] Weight Hint
[2026.08.25-00.35.41:871][505]LogBlueprintUserMessages: [BP_Phone_2] Weight Hint
[2026.08.25-00.35.42:058][522]LogBlueprintUserMessages: [BP_Phone_2] Killer Hint
[2026.08.25-00.35.42:235][538]LogBlueprintUserMessages: [BP_Phone_2] Weight Hint
[2026.08.25-00.35.44:803][754]LogSlate: Updating window title bar state: overlay mode, drag disabled, window buttons hidden, title bar hidden
[2026.08.25-00.35.44:803][754]LogWorld: BeginTearingDown for /Game/Brackeys2026/Levels/UEDPIE_0_Brackeys2026Map
[2026.08.25-00.35.44:803][754]LogWorld: UWorld::CleanupWorld for Brackeys2026Map, bSessionEnded=true, bCleanupResources=true
[2026.08.25-00.35.44:803][754]LogSlate: InvalidateAllWidgets triggered.  All widgets were invalidated
[2026.08.25-00.35.44:817][754]LogPlayLevel: Display: Shutting down PIE online subsystems
[2026.08.25-00.35.44:824][754]LogSlate: InvalidateAllWidgets triggered.  All widgets were invalidated
[2026.08.25-00.35.44:838][754]LogSlate: Updating window title bar state: overlay mode, drag disabled, window buttons hidden, title bar hidden
[2026.08.25-00.35.44:838][754]LogAudioMixer: FMixerPlatformXAudio2::StopAudioStream() called
[2026.08.25-00.35.44:839][754]LogAudioMixer: FMixerPlatformXAudio2::StopAudioStream() called
[2026.08.25-00.35.44:843][754]LogUObjectHash: Compacting FUObjectHashTables data took   1.92ms
[2026.08.25-00.35.44:885][755]LogPlayLevel: Display: Destroying online subsystem :Context_64
[2026.08.25-00.35.46:203][850]LogTemp: Repeating last play command: Selected Viewport
[2026.08.25-00.35.46:207][850]LogPlayLevel: PlayLevel: No blueprints needed recompiling
[2026.08.25-00.35.46:207][850]PIE: New page: PIE session: Brackeys2026Map (24 ago. 2026 18:35:46)
[2026.08.25-00.35.46:207][850]LogPlayLevel: Creating play world package: /Game/Brackeys2026/Levels/UEDPIE_0_Brackeys2026Map
[2026.08.25-00.35.46:210][850]LogPlayLevel: PIE: StaticDuplicateObject took: (0.002219s)
[2026.08.25-00.35.46:210][850]LogAIModule: Creating AISystem for world Brackeys2026Map
[2026.08.25-00.35.46:211][850]LogPlayLevel: PIE: World Init took: (0.000885s)
[2026.08.25-00.35.46:211][850]LogPlayLevel: PIE: Created PIE world by copying editor world from /Game/Brackeys2026/Levels/Brackeys2026Map.Brackeys2026Map to /Game/Brackeys2026/Levels/UEDPIE_0_Brackeys2026Map.Brackeys2026Map (0.003222s)
[2026.08.25-00.35.46:227][850]LogUObjectHash: Compacting FUObjectHashTables data took   1.46ms
[2026.08.25-00.35.46:228][850]LogAudio: Display: Creating Audio Device:                 Id: 59, Scope: Unique, Realtime: True
[2026.08.25-00.35.46:228][850]LogAudioMixer: Display: Audio Mixer Platform Settings:
[2026.08.25-00.35.46:228][850]LogAudioMixer: Display: 	Sample Rate:						  48000
[2026.08.25-00.35.46:228][850]LogAudioMixer: Display: 	Callback Buffer Frame Size Requested: 1024
[2026.08.25-00.35.46:228][850]LogAudioMixer: Display: 	Callback Buffer Frame Size To Use:	  1024
[2026.08.25-00.35.46:228][850]LogAudioMixer: Display: 	Number of buffers to queue:			  2
[2026.08.25-00.35.46:228][850]LogAudioMixer: Display: 	Max Channels (voices):				  32
[2026.08.25-00.35.46:228][850]LogAudioMixer: Display: 	Number of Async Source Workers:		  0
[2026.08.25-00.35.46:228][850]LogAudio: Display: AudioDevice MaxSources: 32
[2026.08.25-00.35.46:228][850]LogAudio: Display: Audio Spatialization Plugin: None (built-in).
[2026.08.25-00.35.46:228][850]LogAudio: Display: Audio Reverb Plugin: None (built-in).
[2026.08.25-00.35.46:228][850]LogAudio: Display: Audio Occlusion Plugin: None (built-in).
[2026.08.25-00.35.46:228][850]LogAudioMixer: Display: Initializing audio mixer.
[2026.08.25-00.35.46:232][850]LogAudioMixer: Display: 0: FrontLeft
[2026.08.25-00.35.46:232][850]LogAudioMixer: Display: 1: FrontRight
[2026.08.25-00.35.46:247][850]LogAudioMixer: Display: Using Audio Device Altavoces (Realtek(R) Audio)
[2026.08.25-00.35.46:248][850]LogAudioMixer: Display: Initializing Sound Submixes...
[2026.08.25-00.35.46:248][850]LogAudioMixer: Display: Creating Master Submix 'MasterSubmixDefault'
[2026.08.25-00.35.46:248][850]LogAudioMixer: Display: Creating Master Submix 'MasterReverbSubmixDefault'
[2026.08.25-00.35.46:248][850]LogAudioMixer: Display: Creating Master Submix 'MasterEQSubmixDefault'
[2026.08.25-00.35.46:248][850]LogAudioMixer: FMixerPlatformXAudio2::StartAudioStream() called
[2026.08.25-00.35.46:248][850]LogAudioMixer: Display: Output buffers initialized: Frames=1024, Channels=2, Samples=2048
[2026.08.25-00.35.46:249][850]LogAudioMixer: Display: Starting AudioMixerPlatformInterface::RunInternal()
[2026.08.25-00.35.46:249][850]LogAudioMixer: Display: FMixerPlatformXAudio2::SubmitBuffer() called for the first time
[2026.08.25-00.35.46:249][850]LogInit: FAudioDevice initialized.
[2026.08.25-00.35.46:249][850]LogAudio: Display: Audio Device (ID: 59) registered with world 'Brackeys2026Map'.
[2026.08.25-00.35.46:259][850]LogLoad: Game class is 'BrackeysGameMode_C'
[2026.08.25-00.35.46:260][850]LogWorld: Bringing World /Game/Brackeys2026/Levels/UEDPIE_0_Brackeys2026Map.Brackeys2026Map up for play (max tick rate 0) at 2026.08.24-21.35.46
[2026.08.25-00.35.46:260][850]LogWorld: Bringing up level for play took: 0.000546
[2026.08.25-00.35.46:261][850]LogOnline: OSS: Creating online subsystem instance for: :Context_65
[2026.08.25-00.35.46:262][850]LogBlueprintUserMessages: [BP_Phone_2] 1
[2026.08.25-00.35.46:262][850]LogBlueprintUserMessages: [BP_Phone_2] 2
[2026.08.25-00.35.46:262][850]LogBlueprintUserMessages: [BP_Phone_2] 3
[2026.08.25-00.35.46:262][850]LogBlueprintUserMessages: [BP_Phone_2] 4
[2026.08.25-00.35.46:262][850]LogBlueprintUserMessages: [BP_Phone_2] 5
[2026.08.25-00.35.46:262][850]PIE: Server logged in
[2026.08.25-00.35.46:264][850]PIE: Play in editor total start time 0.057 seconds.
[2026.08.25-00.35.54:013][515]LogSlate: Updating window title bar state: overlay mode, drag disabled, window buttons hidden, title bar hidden
[2026.08.25-00.35.54:013][515]LogWorld: BeginTearingDown for /Game/Brackeys2026/Levels/UEDPIE_0_Brackeys2026Map
[2026.08.25-00.35.54:013][515]LogWorld: UWorld::CleanupWorld for Brackeys2026Map, bSessionEnded=true, bCleanupResources=true
[2026.08.25-00.35.54:013][515]LogSlate: InvalidateAllWidgets triggered.  All widgets were invalidated
[2026.08.25-00.35.54:030][515]LogPlayLevel: Display: Shutting down PIE online subsystems
[2026.08.25-00.35.54:036][515]LogSlate: InvalidateAllWidgets triggered.  All widgets were invalidated
[2026.08.25-00.35.54:051][515]LogSlate: Updating window title bar state: overlay mode, drag disabled, window buttons hidden, title bar hidden
[2026.08.25-00.35.54:051][515]LogAudioMixer: FMixerPlatformXAudio2::StopAudioStream() called
[2026.08.25-00.35.54:052][515]LogAudioMixer: FMixerPlatformXAudio2::StopAudioStream() called
[2026.08.25-00.35.54:056][515]LogUObjectHash: Compacting FUObjectHashTables data took   1.45ms
[2026.08.25-00.35.54:097][516]LogPlayLevel: Display: Destroying online subsystem :Context_65
[2026.08.25-00.36.04:762][272]LogTemp: Repeating last play command: Selected Viewport
[2026.08.25-00.36.04:766][272]LogPlayLevel: PlayLevel: No blueprints needed recompiling
[2026.08.25-00.36.04:767][272]PIE: New page: PIE session: Brackeys2026Map (24 ago. 2026 18:36:04)
[2026.08.25-00.36.04:767][272]LogPlayLevel: Creating play world package: /Game/Brackeys2026/Levels/UEDPIE_0_Brackeys2026Map
[2026.08.25-00.36.04:769][272]LogPlayLevel: PIE: StaticDuplicateObject took: (0.002281s)
[2026.08.25-00.36.04:770][272]LogAIModule: Creating AISystem for world Brackeys2026Map
[2026.08.25-00.36.04:770][272]LogPlayLevel: PIE: World Init took: (0.000903s)
[2026.08.25-00.36.04:770][272]LogPlayLevel: PIE: Created PIE world by copying editor world from /Game/Brackeys2026/Levels/Brackeys2026Map.Brackeys2026Map to /Game/Brackeys2026/Levels/UEDPIE_0_Brackeys2026Map.Brackeys2026Map (0.003299s)
[2026.08.25-00.36.04:787][272]LogUObjectHash: Compacting FUObjectHashTables data took   1.49ms
[2026.08.25-00.36.04:790][272]LogAudio: Display: Creating Audio Device:                 Id: 60, Scope: Unique, Realtime: True
[2026.08.25-00.36.04:790][272]LogAudioMixer: Display: Audio Mixer Platform Settings:
[2026.08.25-00.36.04:790][272]LogAudioMixer: Display: 	Sample Rate:						  48000
[2026.08.25-00.36.04:790][272]LogAudioMixer: Display: 	Callback Buffer Frame Size Requested: 1024
[2026.08.25-00.36.04:790][272]LogAudioMixer: Display: 	Callback Buffer Frame Size To Use:	  1024
[2026.08.25-00.36.04:790][272]LogAudioMixer: Display: 	Number of buffers to queue:			  2
[2026.08.25-00.36.04:790][272]LogAudioMixer: Display: 	Max Channels (voices):				  32
[2026.08.25-00.36.04:790][272]LogAudioMixer: Display: 	Number of Async Source Workers:		  0
[2026.08.25-00.36.04:790][272]LogAudio: Display: AudioDevice MaxSources: 32
[2026.08.25-00.36.04:790][272]LogAudio: Display: Audio Spatialization Plugin: None (built-in).
[2026.08.25-00.36.04:790][272]LogAudio: Display: Audio Reverb Plugin: None (built-in).
[2026.08.25-00.36.04:790][272]LogAudio: Display: Audio Occlusion Plugin: None (built-in).
[2026.08.25-00.36.04:790][272]LogAudioMixer: Display: Initializing audio mixer.
[2026.08.25-00.36.04:793][272]LogAudioMixer: Display: 0: FrontLeft
[2026.08.25-00.36.04:793][272]LogAudioMixer: Display: 1: FrontRight
[2026.08.25-00.36.04:809][272]LogAudioMixer: Display: Using Audio Device Altavoces (Realtek(R) Audio)
[2026.08.25-00.36.04:809][272]LogAudioMixer: Display: Initializing Sound Submixes...
[2026.08.25-00.36.04:809][272]LogAudioMixer: Display: Creating Master Submix 'MasterSubmixDefault'
[2026.08.25-00.36.04:809][272]LogAudioMixer: Display: Creating Master Submix 'MasterReverbSubmixDefault'
[2026.08.25-00.36.04:810][272]LogAudioMixer: Display: Creating Master Submix 'MasterEQSubmixDefault'
[2026.08.25-00.36.04:810][272]LogAudioMixer: FMixerPlatformXAudio2::StartAudioStream() called
[2026.08.25-00.36.04:810][272]LogAudioMixer: Display: Output buffers initialized: Frames=1024, Channels=2, Samples=2048
[2026.08.25-00.36.04:810][272]LogAudioMixer: Display: Starting AudioMixerPlatformInterface::RunInternal()
[2026.08.25-00.36.04:810][272]LogAudioMixer: Display: FMixerPlatformXAudio2::SubmitBuffer() called for the first time
[2026.08.25-00.36.04:810][272]LogInit: FAudioDevice initialized.
[2026.08.25-00.36.04:810][272]LogAudio: Display: Audio Device (ID: 60) registered with world 'Brackeys2026Map'.
[2026.08.25-00.36.04:816][272]LogLoad: Game class is 'BrackeysGameMode_C'
[2026.08.25-00.36.04:817][272]LogWorld: Bringing World /Game/Brackeys2026/Levels/UEDPIE_0_Brackeys2026Map.Brackeys2026Map up for play (max tick rate 0) at 2026.08.24-21.36.04
[2026.08.25-00.36.04:818][272]LogWorld: Bringing up level for play took: 0.000605
[2026.08.25-00.36.04:818][272]LogOnline: OSS: Creating online subsystem instance for: :Context_66
[2026.08.25-00.36.04:820][272]LogBlueprintUserMessages: [BP_Phone_2] 1
[2026.08.25-00.36.04:820][272]LogBlueprintUserMessages: [BP_Phone_2] 2
[2026.08.25-00.36.04:820][272]LogBlueprintUserMessages: [BP_Phone_2] 3
[2026.08.25-00.36.04:820][272]LogBlueprintUserMessages: [BP_Phone_2] 4
[2026.08.25-00.36.04:820][272]LogBlueprintUserMessages: [BP_Phone_2] 5
[2026.08.25-00.36.04:820][272]PIE: Server logged in
[2026.08.25-00.36.04:821][272]PIE: Play in editor total start time 0.055 seconds.
[2026.08.25-00.36.09:052][638]LogSlate: Updating window title bar state: overlay mode, drag disabled, window buttons hidden, title bar hidden
[2026.08.25-00.36.09:053][638]LogWorld: BeginTearingDown for /Game/Brackeys2026/Levels/UEDPIE_0_Brackeys2026Map
[2026.08.25-00.36.09:053][638]LogWorld: UWorld::CleanupWorld for Brackeys2026Map, bSessionEnded=true, bCleanupResources=true
[2026.08.25-00.36.09:053][638]LogSlate: InvalidateAllWidgets triggered.  All widgets were invalidated
[2026.08.25-00.36.09:065][638]LogPlayLevel: Display: Shutting down PIE online subsystems
[2026.08.25-00.36.09:071][638]LogSlate: InvalidateAllWidgets triggered.  All widgets were invalidated
[2026.08.25-00.36.09:086][638]LogSlate: Updating window title bar state: overlay mode, drag disabled, window buttons hidden, title bar hidden
[2026.08.25-00.36.09:086][638]LogAudioMixer: FMixerPlatformXAudio2::StopAudioStream() called
[2026.08.25-00.36.09:087][638]LogAudioMixer: FMixerPlatformXAudio2::StopAudioStream() called
[2026.08.25-00.36.09:092][638]LogUObjectHash: Compacting FUObjectHashTables data took   1.40ms
[2026.08.25-00.36.09:131][639]LogPlayLevel: Display: Destroying online subsystem :Context_66
[2026.08.25-00.36.10:636][749]LogTemp: Repeating last play command: Selected Viewport
[2026.08.25-00.36.10:641][749]LogPlayLevel: PlayLevel: No blueprints needed recompiling
[2026.08.25-00.36.10:641][749]PIE: New page: PIE session: Brackeys2026Map (24 ago. 2026 18:36:10)
[2026.08.25-00.36.10:641][749]LogPlayLevel: Creating play world package: /Game/Brackeys2026/Levels/UEDPIE_0_Brackeys2026Map
[2026.08.25-00.36.10:643][749]LogPlayLevel: PIE: StaticDuplicateObject took: (0.002036s)
[2026.08.25-00.36.10:644][749]LogAIModule: Creating AISystem for world Brackeys2026Map
[2026.08.25-00.36.10:644][749]LogPlayLevel: PIE: World Init took: (0.000972s)
[2026.08.25-00.36.10:644][749]LogPlayLevel: PIE: Created PIE world by copying editor world from /Game/Brackeys2026/Levels/Brackeys2026Map.Brackeys2026Map to /Game/Brackeys2026/Levels/UEDPIE_0_Brackeys2026Map.Brackeys2026Map (0.003114s)
[2026.08.25-00.36.10:662][749]LogUObjectHash: Compacting FUObjectHashTables data took   1.52ms
[2026.08.25-00.36.10:663][749]LogAudio: Display: Creating Audio Device:                 Id: 61, Scope: Unique, Realtime: True
[2026.08.25-00.36.10:663][749]LogAudioMixer: Display: Audio Mixer Platform Settings:
[2026.08.25-00.36.10:663][749]LogAudioMixer: Display: 	Sample Rate:						  48000
[2026.08.25-00.36.10:663][749]LogAudioMixer: Display: 	Callback Buffer Frame Size Requested: 1024
[2026.08.25-00.36.10:663][749]LogAudioMixer: Display: 	Callback Buffer Frame Size To Use:	  1024
[2026.08.25-00.36.10:663][749]LogAudioMixer: Display: 	Number of buffers to queue:			  2
[2026.08.25-00.36.10:663][749]LogAudioMixer: Display: 	Max Channels (voices):				  32
[2026.08.25-00.36.10:663][749]LogAudioMixer: Display: 	Number of Async Source Workers:		  0
[2026.08.25-00.36.10:663][749]LogAudio: Display: AudioDevice MaxSources: 32
[2026.08.25-00.36.10:663][749]LogAudio: Display: Audio Spatialization Plugin: None (built-in).
[2026.08.25-00.36.10:663][749]LogAudio: Display: Audio Reverb Plugin: None (built-in).
[2026.08.25-00.36.10:663][749]LogAudio: Display: Audio Occlusion Plugin: None (built-in).
[2026.08.25-00.36.10:663][749]LogAudioMixer: Display: Initializing audio mixer.
[2026.08.25-00.36.10:667][749]LogAudioMixer: Display: 0: FrontLeft
[2026.08.25-00.36.10:667][749]LogAudioMixer: Display: 1: FrontRight
[2026.08.25-00.36.10:682][749]LogAudioMixer: Display: Using Audio Device Altavoces (Realtek(R) Audio)
[2026.08.25-00.36.10:682][749]LogAudioMixer: Display: Initializing Sound Submixes...
[2026.08.25-00.36.10:682][749]LogAudioMixer: Display: Creating Master Submix 'MasterSubmixDefault'
[2026.08.25-00.36.10:683][749]LogAudioMixer: Display: Creating Master Submix 'MasterReverbSubmixDefault'
[2026.08.25-00.36.10:683][749]LogAudioMixer: Display: Creating Master Submix 'MasterEQSubmixDefault'
[2026.08.25-00.36.10:683][749]LogAudioMixer: FMixerPlatformXAudio2::StartAudioStream() called
[2026.08.25-00.36.10:683][749]LogAudioMixer: Display: Output buffers initialized: Frames=1024, Channels=2, Samples=2048
[2026.08.25-00.36.10:684][749]LogAudioMixer: Display: Starting AudioMixerPlatformInterface::RunInternal()
[2026.08.25-00.36.10:684][749]LogAudioMixer: Display: FMixerPlatformXAudio2::SubmitBuffer() called for the first time
[2026.08.25-00.36.10:684][749]LogInit: FAudioDevice initialized.
[2026.08.25-00.36.10:684][749]LogAudio: Display: Audio Device (ID: 61) registered with world 'Brackeys2026Map'.
[2026.08.25-00.36.10:691][749]LogLoad: Game class is 'BrackeysGameMode_C'
[2026.08.25-00.36.10:692][749]LogWorld: Bringing World /Game/Brackeys2026/Levels/UEDPIE_0_Brackeys2026Map.Brackeys2026Map up for play (max tick rate 0) at 2026.08.24-21.36.10
[2026.08.25-00.36.10:692][749]LogWorld: Bringing up level for play took: 0.000585
[2026.08.25-00.36.10:692][749]LogOnline: OSS: Creating online subsystem instance for: :Context_67
[2026.08.25-00.36.10:694][749]LogBlueprintUserMessages: [BP_Phone_2] 1
[2026.08.25-00.36.10:694][749]LogBlueprintUserMessages: [BP_Phone_2] 2
[2026.08.25-00.36.10:694][749]LogBlueprintUserMessages: [BP_Phone_2] 3
[2026.08.25-00.36.10:694][749]LogBlueprintUserMessages: [BP_Phone_2] 4
[2026.08.25-00.36.10:694][749]LogBlueprintUserMessages: [BP_Phone_2] 5
[2026.08.25-00.36.10:694][749]PIE: Server logged in
[2026.08.25-00.36.10:695][749]PIE: Play in editor total start time 0.055 seconds.
[2026.08.25-00.36.36:406][994]LogBlueprintUserMessages: [BP_Phone_2] Weight Hint
[2026.08.25-00.36.37:242][ 64]LogBlueprintUserMessages: [BP_Phone_2] Weight Hint
[2026.08.25-00.37.02:373][ 46]LogBlueprintUserMessages: [BP_Phone_2] Smell Hint
[2026.08.25-00.37.03:170][112]LogBlueprintUserMessages: [BP_Phone_2] Killer Hint
[2026.08.25-00.37.03:894][172]LogBlueprintUserMessages: [BP_Phone_2] Smell Hint
[2026.08.25-00.37.05:240][284]LogBlueprintUserMessages: [BP_Phone_2] Smell Hint
[2026.08.25-00.37.05:613][315]LogBlueprintUserMessages: [BP_Phone_2] Weight Hint
[2026.08.25-00.37.06:063][352]LogBlueprintUserMessages: [BP_Phone_2] Weight Hint
[2026.08.25-00.37.06:418][381]LogBlueprintUserMessages: [BP_Phone_2] Killer Hint
[2026.08.25-00.37.06:752][408]LogBlueprintUserMessages: [BP_Phone_2] Killer Hint
[2026.08.25-00.37.07:069][434]LogBlueprintUserMessages: [BP_Phone_2] Smell Hint
[2026.08.25-00.37.07:723][488]LogBlueprintUserMessages: [BP_Phone_2] Smell Hint
[2026.08.25-00.37.08:081][516]LogBlueprintUserMessages: [BP_Phone_2] Killer Hint
[2026.08.25-00.37.08:765][572]LogBlueprintUserMessages: [BP_Phone_2] Killer Hint
[2026.08.25-00.37.09:071][597]LogBlueprintUserMessages: [BP_Phone_2] Smell Hint
[2026.08.25-00.37.09:448][628]LogBlueprintUserMessages: [BP_Phone_2] Weight Hint
[2026.08.25-00.37.44:303][553]LogSlate: Updating window title bar state: overlay mode, drag disabled, window buttons hidden, title bar hidden
[2026.08.25-00.37.44:303][553]LogWorld: BeginTearingDown for /Game/Brackeys2026/Levels/UEDPIE_0_Brackeys2026Map
[2026.08.25-00.37.44:303][553]LogWorld: UWorld::CleanupWorld for Brackeys2026Map, bSessionEnded=true, bCleanupResources=true
[2026.08.25-00.37.44:303][553]LogSlate: InvalidateAllWidgets triggered.  All widgets were invalidated
[2026.08.25-00.37.44:336][553]LogPlayLevel: Display: Shutting down PIE online subsystems
[2026.08.25-00.37.44:343][553]LogSlate: InvalidateAllWidgets triggered.  All widgets were invalidated
[2026.08.25-00.37.44:357][553]LogSlate: Updating window title bar state: overlay mode, drag disabled, window buttons hidden, title bar hidden
[2026.08.25-00.37.44:358][553]LogAudioMixer: FMixerPlatformXAudio2::StopAudioStream() called
[2026.08.25-00.37.44:359][553]LogAudioMixer: FMixerPlatformXAudio2::StopAudioStream() called
[2026.08.25-00.37.44:363][553]LogUObjectHash: Compacting FUObjectHashTables data took   1.40ms
[2026.08.25-00.37.44:405][554]LogPlayLevel: Display: Destroying online subsystem :Context_67
[2026.08.25-00.38.01:552][531]LogSavePackage: Moving '../../../../../GameProgramming/BrackeysGameJam/Brackeys-2026/BrackeysJam2026/Saved/BP_Revolver989E6B10473CAA2B27683FBB908AC1D7.tmp' to '../../../../../GameProgramming/BrackeysGameJam/Brackeys-2026/BrackeysJam2026/Content/Brackeys2026/Objects/CoinGun/BP_Revolver.uasset'
[2026.08.25-00.38.01:602][531]AssetCheck: New page: Asset Save: BP_Revolver
[2026.08.25-00.38.01:602][531]LogContentValidation: Display: Validating Blueprint /Game/Brackeys2026/Objects/CoinGun/BP_Revolver.BP_Revolver
[2026.08.25-00.38.02:815][589]LogTemp: Repeating last play command: Selected Viewport
[2026.08.25-00.38.02:821][589]BlueprintLog: New page: Pre-Play auto-recompile
[2026.08.25-00.38.02:827][589]LogPlayLevel: [PlayLevel] Compiling BP_Revolver before play...
[2026.08.25-00.38.02:894][589]LogUObjectHash: Compacting FUObjectHashTables data took   2.06ms
[2026.08.25-00.38.02:895][589]LogPlayLevel: PlayLevel: Blueprint regeneration took 75 ms (1 blueprints)
[2026.08.25-00.38.02:896][589]PIE: New page: PIE session: Brackeys2026Map (24 ago. 2026 18:38:02)
[2026.08.25-00.38.02:896][589]LogPlayLevel: Creating play world package: /Game/Brackeys2026/Levels/UEDPIE_0_Brackeys2026Map
[2026.08.25-00.38.02:898][589]LogPlayLevel: PIE: StaticDuplicateObject took: (0.002004s)
[2026.08.25-00.38.02:898][589]LogAIModule: Creating AISystem for world Brackeys2026Map
[2026.08.25-00.38.02:899][589]LogPlayLevel: PIE: World Init took: (0.000869s)
[2026.08.25-00.38.02:899][589]LogPlayLevel: PIE: Created PIE world by copying editor world from /Game/Brackeys2026/Levels/Brackeys2026Map.Brackeys2026Map to /Game/Brackeys2026/Levels/UEDPIE_0_Brackeys2026Map.Brackeys2026Map (0.002973s)
[2026.08.25-00.38.02:916][589]LogUObjectHash: Compacting FUObjectHashTables data took   1.43ms
[2026.08.25-00.38.02:916][589]LogAudio: Display: Creating Audio Device:                 Id: 62, Scope: Unique, Realtime: True
[2026.08.25-00.38.02:916][589]LogAudioMixer: Display: Audio Mixer Platform Settings:
[2026.08.25-00.38.02:916][589]LogAudioMixer: Display: 	Sample Rate:						  48000
[2026.08.25-00.38.02:916][589]LogAudioMixer: Display: 	Callback Buffer Frame Size Requested: 1024
[2026.08.25-00.38.02:916][589]LogAudioMixer: Display: 	Callback Buffer Frame Size To Use:	  1024
[2026.08.25-00.38.02:916][589]LogAudioMixer: Display: 	Number of buffers to queue:			  2
[2026.08.25-00.38.02:916][589]LogAudioMixer: Display: 	Max Channels (voices):				  32
[2026.08.25-00.38.02:916][589]LogAudioMixer: Display: 	Number of Async Source Workers:		  0
[2026.08.25-00.38.02:916][589]LogAudio: Display: AudioDevice MaxSources: 32
[2026.08.25-00.38.02:916][589]LogAudio: Display: Audio Spatialization Plugin: None (built-in).
[2026.08.25-00.38.02:916][589]LogAudio: Display: Audio Reverb Plugin: None (built-in).
[2026.08.25-00.38.02:916][589]LogAudio: Display: Audio Occlusion Plugin: None (built-in).
[2026.08.25-00.38.02:916][589]LogAudioMixer: Display: Initializing audio mixer.
[2026.08.25-00.38.02:920][589]LogAudioMixer: Display: 0: FrontLeft
[2026.08.25-00.38.02:921][589]LogAudioMixer: Display: 1: FrontRight
[2026.08.25-00.38.02:936][589]LogAudioMixer: Display: Using Audio Device Altavoces (Realtek(R) Audio)
[2026.08.25-00.38.02:936][589]LogAudioMixer: Display: Initializing Sound Submixes...
[2026.08.25-00.38.02:936][589]LogAudioMixer: Display: Creating Master Submix 'MasterSubmixDefault'
[2026.08.25-00.38.02:936][589]LogAudioMixer: Display: Creating Master Submix 'MasterReverbSubmixDefault'
[2026.08.25-00.38.02:937][589]LogAudioMixer: Display: Creating Master Submix 'MasterEQSubmixDefault'
[2026.08.25-00.38.02:937][589]LogAudioMixer: FMixerPlatformXAudio2::StartAudioStream() called
[2026.08.25-00.38.02:937][589]LogAudioMixer: Display: Output buffers initialized: Frames=1024, Channels=2, Samples=2048
[2026.08.25-00.38.02:937][589]LogAudioMixer: Display: Starting AudioMixerPlatformInterface::RunInternal()
[2026.08.25-00.38.02:937][589]LogAudioMixer: Display: FMixerPlatformXAudio2::SubmitBuffer() called for the first time
[2026.08.25-00.38.02:938][589]LogInit: FAudioDevice initialized.
[2026.08.25-00.38.02:938][589]LogAudio: Display: Audio Device (ID: 62) registered with world 'Brackeys2026Map'.
[2026.08.25-00.38.02:946][589]LogLoad: Game class is 'BrackeysGameMode_C'
[2026.08.25-00.38.02:947][589]LogWorld: Bringing World /Game/Brackeys2026/Levels/UEDPIE_0_Brackeys2026Map.Brackeys2026Map up for play (max tick rate 0) at 2026.08.24-21.38.02
[2026.08.25-00.38.02:947][589]LogWorld: Bringing up level for play took: 0.000560
[2026.08.25-00.38.02:948][589]LogOnline: OSS: Creating online subsystem instance for: :Context_68
[2026.08.25-00.38.02:949][589]LogBlueprintUserMessages: [BP_Phone_2] 1
[2026.08.25-00.38.02:950][589]LogBlueprintUserMessages: [BP_Phone_2] 2
[2026.08.25-00.38.02:950][589]LogBlueprintUserMessages: [BP_Phone_2] 3
[2026.08.25-00.38.02:950][589]LogBlueprintUserMessages: [BP_Phone_2] 4
[2026.08.25-00.38.02:950][589]LogBlueprintUserMessages: [BP_Phone_2] 5
[2026.08.25-00.38.02:950][589]PIE: Server logged in
[2026.08.25-00.38.02:951][589]PIE: Play in editor total start time 0.131 seconds.
[2026.08.25-00.38.04:429][671]LogBlueprintUserMessages: [BP_Phone_2] Killer Hint
[2026.08.25-00.38.04:807][693]LogBlueprintUserMessages: [BP_Phone_2] Smell Hint
[2026.08.25-00.38.05:080][709]LogBlueprintUserMessages: [BP_Phone_2] Weight Hint
[2026.08.25-00.38.05:282][721]LogBlueprintUserMessages: [BP_Phone_2] Killer Hint
[2026.08.25-00.38.05:657][743]LogBlueprintUserMessages: [BP_Phone_2] Killer Hint
[2026.08.25-00.38.06:127][771]LogBlueprintUserMessages: [BP_Phone_2] Smell Hint
[2026.08.25-00.38.11:082][102]LogSlate: Updating window title bar state: overlay mode, drag disabled, window buttons hidden, title bar hidden
[2026.08.25-00.38.11:082][102]LogWorld: BeginTearingDown for /Game/Brackeys2026/Levels/UEDPIE_0_Brackeys2026Map
[2026.08.25-00.38.11:082][102]LogWorld: UWorld::CleanupWorld for Brackeys2026Map, bSessionEnded=true, bCleanupResources=true
[2026.08.25-00.38.11:083][102]LogSlate: InvalidateAllWidgets triggered.  All widgets were invalidated
[2026.08.25-00.38.11:110][102]LogPlayLevel: Display: Shutting down PIE online subsystems
[2026.08.25-00.38.11:116][102]LogSlate: InvalidateAllWidgets triggered.  All widgets were invalidated
[2026.08.25-00.38.11:131][102]LogSlate: Updating window title bar state: overlay mode, drag disabled, window buttons hidden, title bar hidden
[2026.08.25-00.38.11:131][102]LogAudioMixer: FMixerPlatformXAudio2::StopAudioStream() called
[2026.08.25-00.38.11:132][102]LogAudioMixer: FMixerPlatformXAudio2::StopAudioStream() called
[2026.08.25-00.38.11:136][102]LogUObjectHash: Compacting FUObjectHashTables data took   1.44ms
[2026.08.25-00.38.11:183][103]LogPlayLevel: Display: Destroying online subsystem :Context_68
[2026.08.25-00.38.53:117][ 52]LogSavePackage: Moving '../../../../../GameProgramming/BrackeysGameJam/Brackeys-2026/BrackeysJam2026/Saved/BP_Phone4CD6D7D04ED07BADAEB39C81BB429ADB.tmp' to '../../../../../GameProgramming/BrackeysGameJam/Brackeys-2026/BrackeysJam2026/Content/Brackeys2026/Objects/Phone/BP_Phone.uasset'
[2026.08.25-00.38.53:155][ 52]AssetCheck: New page: Asset Save: BP_Phone
[2026.08.25-00.38.53:155][ 52]LogContentValidation: Display: Validating Blueprint /Game/Brackeys2026/Objects/Phone/BP_Phone.BP_Phone
[2026.08.25-00.39.35:377][176]LogSavePackage: Moving '../../../../../GameProgramming/BrackeysGameJam/Brackeys-2026/BrackeysJam2026/Saved/BP_Phone3F1507D749AE8C2F65A4EC8F42C88DA3.tmp' to '../../../../../GameProgramming/BrackeysGameJam/Brackeys-2026/BrackeysJam2026/Content/Brackeys2026/Objects/Phone/BP_Phone.uasset'
[2026.08.25-00.39.35:410][176]AssetCheck: New page: Asset Save: BP_Phone
[2026.08.25-00.39.35:410][176]LogContentValidation: Display: Validating Blueprint /Game/Brackeys2026/Objects/Phone/BP_Phone.BP_Phone
[2026.08.25-00.39.36:559][258]LogTemp: Repeating last play command: Selected Viewport
[2026.08.25-00.39.36:563][258]BlueprintLog: New page: Pre-Play auto-recompile
[2026.08.25-00.39.36:564][258]LogPlayLevel: [PlayLevel] Compiling BP_Phone before play...
[2026.08.25-00.39.36:624][258]LogUObjectHash: Compacting FUObjectHashTables data took   1.98ms
[2026.08.25-00.39.36:627][258]LogPlayLevel: PlayLevel: Blueprint regeneration took 63 ms (1 blueprints)
[2026.08.25-00.39.36:627][258]PIE: New page: PIE session: Brackeys2026Map (24 ago. 2026 18:39:36)
[2026.08.25-00.39.36:627][258]LogPlayLevel: Creating play world package: /Game/Brackeys2026/Levels/UEDPIE_0_Brackeys2026Map
[2026.08.25-00.39.36:629][258]LogPlayLevel: PIE: StaticDuplicateObject took: (0.002040s)
[2026.08.25-00.39.36:630][258]LogAIModule: Creating AISystem for world Brackeys2026Map
[2026.08.25-00.39.36:630][258]LogPlayLevel: PIE: World Init took: (0.000920s)
[2026.08.25-00.39.36:630][258]LogPlayLevel: PIE: Created PIE world by copying editor world from /Game/Brackeys2026/Levels/Brackeys2026Map.Brackeys2026Map to /Game/Brackeys2026/Levels/UEDPIE_0_Brackeys2026Map.Brackeys2026Map (0.003068s)
[2026.08.25-00.39.36:647][258]LogUObjectHash: Compacting FUObjectHashTables data took   1.49ms
[2026.08.25-00.39.36:647][258]LogAudio: Display: Creating Audio Device:                 Id: 63, Scope: Unique, Realtime: True
[2026.08.25-00.39.36:647][258]LogAudioMixer: Display: Audio Mixer Platform Settings:
[2026.08.25-00.39.36:647][258]LogAudioMixer: Display: 	Sample Rate:						  48000
[2026.08.25-00.39.36:647][258]LogAudioMixer: Display: 	Callback Buffer Frame Size Requested: 1024
[2026.08.25-00.39.36:647][258]LogAudioMixer: Display: 	Callback Buffer Frame Size To Use:	  1024
[2026.08.25-00.39.36:647][258]LogAudioMixer: Display: 	Number of buffers to queue:			  2
[2026.08.25-00.39.36:647][258]LogAudioMixer: Display: 	Max Channels (voices):				  32
[2026.08.25-00.39.36:647][258]LogAudioMixer: Display: 	Number of Async Source Workers:		  0
[2026.08.25-00.39.36:647][258]LogAudio: Display: AudioDevice MaxSources: 32
[2026.08.25-00.39.36:647][258]LogAudio: Display: Audio Spatialization Plugin: None (built-in).
[2026.08.25-00.39.36:647][258]LogAudio: Display: Audio Reverb Plugin: None (built-in).
[2026.08.25-00.39.36:647][258]LogAudio: Display: Audio Occlusion Plugin: None (built-in).
[2026.08.25-00.39.36:647][258]LogAudioMixer: Display: Initializing audio mixer.
[2026.08.25-00.39.36:651][258]LogAudioMixer: Display: 0: FrontLeft
[2026.08.25-00.39.36:651][258]LogAudioMixer: Display: 1: FrontRight
[2026.08.25-00.39.36:666][258]LogAudioMixer: Display: Using Audio Device Altavoces (Realtek(R) Audio)
[2026.08.25-00.39.36:667][258]LogAudioMixer: Display: Initializing Sound Submixes...
[2026.08.25-00.39.36:667][258]LogAudioMixer: Display: Creating Master Submix 'MasterSubmixDefault'
[2026.08.25-00.39.36:667][258]LogAudioMixer: Display: Creating Master Submix 'MasterReverbSubmixDefault'
[2026.08.25-00.39.36:667][258]LogAudioMixer: Display: Creating Master Submix 'MasterEQSubmixDefault'
[2026.08.25-00.39.36:667][258]LogAudioMixer: FMixerPlatformXAudio2::StartAudioStream() called
[2026.08.25-00.39.36:667][258]LogAudioMixer: Display: Output buffers initialized: Frames=1024, Channels=2, Samples=2048
[2026.08.25-00.39.36:668][258]LogAudioMixer: Display: Starting AudioMixerPlatformInterface::RunInternal()
[2026.08.25-00.39.36:668][258]LogAudioMixer: Display: FMixerPlatformXAudio2::SubmitBuffer() called for the first time
[2026.08.25-00.39.36:668][258]LogInit: FAudioDevice initialized.
[2026.08.25-00.39.36:668][258]LogAudio: Display: Audio Device (ID: 63) registered with world 'Brackeys2026Map'.
[2026.08.25-00.39.36:679][258]LogLoad: Game class is 'BrackeysGameMode_C'
[2026.08.25-00.39.36:679][258]LogWorld: Bringing World /Game/Brackeys2026/Levels/UEDPIE_0_Brackeys2026Map.Brackeys2026Map up for play (max tick rate 0) at 2026.08.24-21.39.36
[2026.08.25-00.39.36:680][258]LogWorld: Bringing up level for play took: 0.000521
[2026.08.25-00.39.36:680][258]LogOnline: OSS: Creating online subsystem instance for: :Context_69
[2026.08.25-00.39.36:682][258]LogBlueprintUserMessages: [BP_Phone_2] 1
[2026.08.25-00.39.36:682][258]LogBlueprintUserMessages: [BP_Phone_2] 2
[2026.08.25-00.39.36:682][258]LogBlueprintUserMessages: [BP_Phone_2] 3
[2026.08.25-00.39.36:682][258]LogBlueprintUserMessages: [BP_Phone_2] 4
[2026.08.25-00.39.36:682][258]LogBlueprintUserMessages: [BP_Phone_2] 5
[2026.08.25-00.39.36:682][258]PIE: Server logged in
[2026.08.25-00.39.36:683][258]PIE: Play in editor total start time 0.12 seconds.
[2026.08.25-00.39.37:959][368]LogBlueprintUserMessages: [BP_Phone_2] Smell Hint
[2026.08.25-00.39.38:179][388]LogBlueprintUserMessages: [BP_Phone_2] Weight Hint
[2026.08.25-00.39.38:918][455]LogBlueprintUserMessages: [BP_Phone_2] Killer Hint
[2026.08.25-00.39.39:262][486]LogBlueprintUserMessages: [BP_Phone_2] Smell Hint
[2026.08.25-00.39.40:577][604]LogBlueprintUserMessages: [BP_Phone_2] Killer Hint
[2026.08.25-00.39.41:384][677]LogBlueprintUserMessages: [BP_Phone_2] Smell Hint
[2026.08.25-00.39.41:588][695]LogBlueprintUserMessages: [BP_Phone_2] Smell Hint
[2026.08.25-00.39.47:372][178]LogSlate: Updating window title bar state: overlay mode, drag disabled, window buttons hidden, title bar hidden
[2026.08.25-00.39.47:372][178]LogWorld: BeginTearingDown for /Game/Brackeys2026/Levels/UEDPIE_0_Brackeys2026Map
[2026.08.25-00.39.47:373][178]LogWorld: UWorld::CleanupWorld for Brackeys2026Map, bSessionEnded=true, bCleanupResources=true
[2026.08.25-00.39.47:373][178]LogSlate: InvalidateAllWidgets triggered.  All widgets were invalidated
[2026.08.25-00.39.47:385][178]LogPlayLevel: Display: Shutting down PIE online subsystems
[2026.08.25-00.39.47:392][178]LogSlate: InvalidateAllWidgets triggered.  All widgets were invalidated
[2026.08.25-00.39.47:408][178]LogSlate: Updating window title bar state: overlay mode, drag disabled, window buttons hidden, title bar hidden
[2026.08.25-00.39.47:408][178]LogAudioMixer: FMixerPlatformXAudio2::StopAudioStream() called
[2026.08.25-00.39.47:409][178]LogAudioMixer: FMixerPlatformXAudio2::StopAudioStream() called
[2026.08.25-00.39.47:412][178]LogUObjectHash: Compacting FUObjectHashTables data took   1.42ms
[2026.08.25-00.39.47:450][179]LogPlayLevel: Display: Destroying online subsystem :Context_69
[2026.08.25-00.39.52:493][540]LogSavePackage: Moving '../../../../../GameProgramming/BrackeysGameJam/Brackeys-2026/BrackeysJam2026/Saved/BP_Phone93C3BCF543C47222B241D9B4DD219F42.tmp' to '../../../../../GameProgramming/BrackeysGameJam/Brackeys-2026/BrackeysJam2026/Content/Brackeys2026/Objects/Phone/BP_Phone.uasset'
[2026.08.25-00.39.52:514][540]AssetCheck: New page: Asset Save: BP_Phone
[2026.08.25-00.39.52:514][540]LogContentValidation: Display: Validating Blueprint /Game/Brackeys2026/Objects/Phone/BP_Phone.BP_Phone
[2026.08.25-00.39.53:770][629]LogTemp: Repeating last play command: Selected Viewport
[2026.08.25-00.39.53:775][629]BlueprintLog: New page: Pre-Play auto-recompile
[2026.08.25-00.39.53:776][629]LogPlayLevel: [PlayLevel] Compiling BP_Phone before play...
[2026.08.25-00.39.53:830][629]LogUObjectHash: Compacting FUObjectHashTables data took   1.73ms
[2026.08.25-00.39.53:833][629]LogPlayLevel: PlayLevel: Blueprint regeneration took 57 ms (1 blueprints)
[2026.08.25-00.39.53:833][629]PIE: New page: PIE session: Brackeys2026Map (24 ago. 2026 18:39:53)
[2026.08.25-00.39.53:833][629]LogPlayLevel: Creating play world package: /Game/Brackeys2026/Levels/UEDPIE_0_Brackeys2026Map
[2026.08.25-00.39.53:835][629]LogPlayLevel: PIE: StaticDuplicateObject took: (0.001897s)
[2026.08.25-00.39.53:836][629]LogAIModule: Creating AISystem for world Brackeys2026Map
[2026.08.25-00.39.53:836][629]LogPlayLevel: PIE: World Init took: (0.000887s)
[2026.08.25-00.39.53:836][629]LogPlayLevel: PIE: Created PIE world by copying editor world from /Game/Brackeys2026/Levels/Brackeys2026Map.Brackeys2026Map to /Game/Brackeys2026/Levels/UEDPIE_0_Brackeys2026Map.Brackeys2026Map (0.002892s)
[2026.08.25-00.39.53:852][629]LogUObjectHash: Compacting FUObjectHashTables data took   1.42ms
[2026.08.25-00.39.53:852][629]LogAudio: Display: Creating Audio Device:                 Id: 64, Scope: Unique, Realtime: True
[2026.08.25-00.39.53:852][629]LogAudioMixer: Display: Audio Mixer Platform Settings:
[2026.08.25-00.39.53:852][629]LogAudioMixer: Display: 	Sample Rate:						  48000
[2026.08.25-00.39.53:852][629]LogAudioMixer: Display: 	Callback Buffer Frame Size Requested: 1024
[2026.08.25-00.39.53:852][629]LogAudioMixer: Display: 	Callback Buffer Frame Size To Use:	  1024
[2026.08.25-00.39.53:852][629]LogAudioMixer: Display: 	Number of buffers to queue:			  2
[2026.08.25-00.39.53:852][629]LogAudioMixer: Display: 	Max Channels (voices):				  32
[2026.08.25-00.39.53:852][629]LogAudioMixer: Display: 	Number of Async Source Workers:		  0
[2026.08.25-00.39.53:852][629]LogAudio: Display: AudioDevice MaxSources: 32
[2026.08.25-00.39.53:852][629]LogAudio: Display: Audio Spatialization Plugin: None (built-in).
[2026.08.25-00.39.53:852][629]LogAudio: Display: Audio Reverb Plugin: None (built-in).
[2026.08.25-00.39.53:852][629]LogAudio: Display: Audio Occlusion Plugin: None (built-in).
[2026.08.25-00.39.53:852][629]LogAudioMixer: Display: Initializing audio mixer.
[2026.08.25-00.39.53:856][629]LogAudioMixer: Display: 0: FrontLeft
[2026.08.25-00.39.53:856][629]LogAudioMixer: Display: 1: FrontRight
[2026.08.25-00.39.53:871][629]LogAudioMixer: Display: Using Audio Device Altavoces (Realtek(R) Audio)
[2026.08.25-00.39.53:871][629]LogAudioMixer: Display: Initializing Sound Submixes...
[2026.08.25-00.39.53:871][629]LogAudioMixer: Display: Creating Master Submix 'MasterSubmixDefault'
[2026.08.25-00.39.53:871][629]LogAudioMixer: Display: Creating Master Submix 'MasterReverbSubmixDefault'
[2026.08.25-00.39.53:872][629]LogAudioMixer: Display: Creating Master Submix 'MasterEQSubmixDefault'
[2026.08.25-00.39.53:872][629]LogAudioMixer: FMixerPlatformXAudio2::StartAudioStream() called
[2026.08.25-00.39.53:872][629]LogAudioMixer: Display: Output buffers initialized: Frames=1024, Channels=2, Samples=2048
[2026.08.25-00.39.53:872][629]LogAudioMixer: Display: Starting AudioMixerPlatformInterface::RunInternal()
[2026.08.25-00.39.53:873][629]LogAudioMixer: Display: FMixerPlatformXAudio2::SubmitBuffer() called for the first time
[2026.08.25-00.39.53:873][629]LogInit: FAudioDevice initialized.
[2026.08.25-00.39.53:873][629]LogAudio: Display: Audio Device (ID: 64) registered with world 'Brackeys2026Map'.
[2026.08.25-00.39.53:883][629]LogLoad: Game class is 'BrackeysGameMode_C'
[2026.08.25-00.39.53:884][629]LogWorld: Bringing World /Game/Brackeys2026/Levels/UEDPIE_0_Brackeys2026Map.Brackeys2026Map up for play (max tick rate 0) at 2026.08.24-21.39.53
[2026.08.25-00.39.53:884][629]LogWorld: Bringing up level for play took: 0.000603
[2026.08.25-00.39.53:884][629]LogOnline: OSS: Creating online subsystem instance for: :Context_70
[2026.08.25-00.39.53:886][629]LogBlueprintUserMessages: [BP_Phone_2] 1
[2026.08.25-00.39.53:886][629]LogBlueprintUserMessages: [BP_Phone_2] 2
[2026.08.25-00.39.53:886][629]LogBlueprintUserMessages: [BP_Phone_2] 3
[2026.08.25-00.39.53:886][629]LogBlueprintUserMessages: [BP_Phone_2] 4
[2026.08.25-00.39.53:886][629]LogBlueprintUserMessages: [BP_Phone_2] 5
[2026.08.25-00.39.53:886][629]PIE: Server logged in
[2026.08.25-00.39.53:887][629]PIE: Play in editor total start time 0.113 seconds.
[2026.08.25-00.39.59:123][ 89]LogSlate: Updating window title bar state: overlay mode, drag disabled, window buttons hidden, title bar hidden
[2026.08.25-00.39.59:123][ 89]LogWorld: BeginTearingDown for /Game/Brackeys2026/Levels/UEDPIE_0_Brackeys2026Map
[2026.08.25-00.39.59:123][ 89]LogWorld: UWorld::CleanupWorld for Brackeys2026Map, bSessionEnded=true, bCleanupResources=true
[2026.08.25-00.39.59:123][ 89]LogSlate: InvalidateAllWidgets triggered.  All widgets were invalidated
[2026.08.25-00.39.59:139][ 89]LogPlayLevel: Display: Shutting down PIE online subsystems
[2026.08.25-00.39.59:147][ 89]LogSlate: InvalidateAllWidgets triggered.  All widgets were invalidated
[2026.08.25-00.39.59:161][ 89]LogSlate: Updating window title bar state: overlay mode, drag disabled, window buttons hidden, title bar hidden
[2026.08.25-00.39.59:162][ 89]LogAudioMixer: FMixerPlatformXAudio2::StopAudioStream() called
[2026.08.25-00.39.59:163][ 89]LogAudioMixer: FMixerPlatformXAudio2::StopAudioStream() called
[2026.08.25-00.39.59:167][ 89]LogUObjectHash: Compacting FUObjectHashTables data took   1.46ms
[2026.08.25-00.39.59:206][ 90]LogPlayLevel: Display: Destroying online subsystem :Context_70
[2026.08.25-00.39.59:748][130]LogTemp: Repeating last play command: Selected Viewport
[2026.08.25-00.39.59:753][130]LogPlayLevel: PlayLevel: No blueprints needed recompiling
[2026.08.25-00.39.59:753][130]PIE: New page: PIE session: Brackeys2026Map (24 ago. 2026 18:39:59)
[2026.08.25-00.39.59:754][130]LogPlayLevel: Creating play world package: /Game/Brackeys2026/Levels/UEDPIE_0_Brackeys2026Map
[2026.08.25-00.39.59:756][130]LogPlayLevel: PIE: StaticDuplicateObject took: (0.002075s)
[2026.08.25-00.39.59:756][130]LogAIModule: Creating AISystem for world Brackeys2026Map
[2026.08.25-00.39.59:757][130]LogPlayLevel: PIE: World Init took: (0.000844s)
[2026.08.25-00.39.59:757][130]LogPlayLevel: PIE: Created PIE world by copying editor world from /Game/Brackeys2026/Levels/Brackeys2026Map.Brackeys2026Map to /Game/Brackeys2026/Levels/UEDPIE_0_Brackeys2026Map.Brackeys2026Map (0.003020s)
[2026.08.25-00.39.59:773][130]LogUObjectHash: Compacting FUObjectHashTables data took   1.45ms
[2026.08.25-00.39.59:774][130]LogAudio: Display: Creating Audio Device:                 Id: 65, Scope: Unique, Realtime: True
[2026.08.25-00.39.59:774][130]LogAudioMixer: Display: Audio Mixer Platform Settings:
[2026.08.25-00.39.59:774][130]LogAudioMixer: Display: 	Sample Rate:						  48000
[2026.08.25-00.39.59:774][130]LogAudioMixer: Display: 	Callback Buffer Frame Size Requested: 1024
[2026.08.25-00.39.59:774][130]LogAudioMixer: Display: 	Callback Buffer Frame Size To Use:	  1024
[2026.08.25-00.39.59:774][130]LogAudioMixer: Display: 	Number of buffers to queue:			  2
[2026.08.25-00.39.59:774][130]LogAudioMixer: Display: 	Max Channels (voices):				  32
[2026.08.25-00.39.59:774][130]LogAudioMixer: Display: 	Number of Async Source Workers:		  0
[2026.08.25-00.39.59:774][130]LogAudio: Display: AudioDevice MaxSources: 32
[2026.08.25-00.39.59:774][130]LogAudio: Display: Audio Spatialization Plugin: None (built-in).
[2026.08.25-00.39.59:774][130]LogAudio: Display: Audio Reverb Plugin: None (built-in).
[2026.08.25-00.39.59:774][130]LogAudio: Display: Audio Occlusion Plugin: None (built-in).
[2026.08.25-00.39.59:774][130]LogAudioMixer: Display: Initializing audio mixer.
[2026.08.25-00.39.59:778][130]LogAudioMixer: Display: 0: FrontLeft
[2026.08.25-00.39.59:778][130]LogAudioMixer: Display: 1: FrontRight
[2026.08.25-00.39.59:793][130]LogAudioMixer: Display: Using Audio Device Altavoces (Realtek(R) Audio)
[2026.08.25-00.39.59:793][130]LogAudioMixer: Display: Initializing Sound Submixes...
[2026.08.25-00.39.59:793][130]LogAudioMixer: Display: Creating Master Submix 'MasterSubmixDefault'
[2026.08.25-00.39.59:793][130]LogAudioMixer: Display: Creating Master Submix 'MasterReverbSubmixDefault'
[2026.08.25-00.39.59:794][130]LogAudioMixer: Display: Creating Master Submix 'MasterEQSubmixDefault'
[2026.08.25-00.39.59:794][130]LogAudioMixer: FMixerPlatformXAudio2::StartAudioStream() called
[2026.08.25-00.39.59:794][130]LogAudioMixer: Display: Output buffers initialized: Frames=1024, Channels=2, Samples=2048
[2026.08.25-00.39.59:794][130]LogAudioMixer: Display: Starting AudioMixerPlatformInterface::RunInternal()
[2026.08.25-00.39.59:795][130]LogAudioMixer: Display: FMixerPlatformXAudio2::SubmitBuffer() called for the first time
[2026.08.25-00.39.59:795][130]LogInit: FAudioDevice initialized.
[2026.08.25-00.39.59:795][130]LogAudio: Display: Audio Device (ID: 65) registered with world 'Brackeys2026Map'.
[2026.08.25-00.39.59:802][130]LogLoad: Game class is 'BrackeysGameMode_C'
[2026.08.25-00.39.59:803][130]LogWorld: Bringing World /Game/Brackeys2026/Levels/UEDPIE_0_Brackeys2026Map.Brackeys2026Map up for play (max tick rate 0) at 2026.08.24-21.39.59
[2026.08.25-00.39.59:803][130]LogWorld: Bringing up level for play took: 0.000499
[2026.08.25-00.39.59:803][130]LogOnline: OSS: Creating online subsystem instance for: :Context_71
[2026.08.25-00.39.59:805][130]LogBlueprintUserMessages: [BP_Phone_2] 1
[2026.08.25-00.39.59:805][130]LogBlueprintUserMessages: [BP_Phone_2] 2
[2026.08.25-00.39.59:805][130]LogBlueprintUserMessages: [BP_Phone_2] 3
[2026.08.25-00.39.59:805][130]LogBlueprintUserMessages: [BP_Phone_2] 4
[2026.08.25-00.39.59:805][130]LogBlueprintUserMessages: [BP_Phone_2] 5
[2026.08.25-00.39.59:805][130]PIE: Server logged in
[2026.08.25-00.39.59:806][130]PIE: Play in editor total start time 0.054 seconds.
[2026.08.25-00.40.08:263][872]LogSlate: Updating window title bar state: overlay mode, drag disabled, window buttons hidden, title bar hidden
[2026.08.25-00.40.08:263][872]LogWorld: BeginTearingDown for /Game/Brackeys2026/Levels/UEDPIE_0_Brackeys2026Map
[2026.08.25-00.40.08:263][872]LogWorld: UWorld::CleanupWorld for Brackeys2026Map, bSessionEnded=true, bCleanupResources=true
[2026.08.25-00.40.08:263][872]LogSlate: InvalidateAllWidgets triggered.  All widgets were invalidated
[2026.08.25-00.40.08:273][872]LogPlayLevel: Display: Shutting down PIE online subsystems
[2026.08.25-00.40.08:279][872]LogSlate: InvalidateAllWidgets triggered.  All widgets were invalidated
[2026.08.25-00.40.08:296][872]LogSlate: Updating window title bar state: overlay mode, drag disabled, window buttons hidden, title bar hidden
[2026.08.25-00.40.08:296][872]LogAudioMixer: FMixerPlatformXAudio2::StopAudioStream() called
[2026.08.25-00.40.08:297][872]LogAudioMixer: FMixerPlatformXAudio2::StopAudioStream() called
[2026.08.25-00.40.08:302][872]LogUObjectHash: Compacting FUObjectHashTables data took   1.92ms
[2026.08.25-00.40.08:342][873]LogPlayLevel: Display: Destroying online subsystem :Context_71
[2026.08.25-00.40.11:071][ 63]LogTemp: Repeating last play command: Selected Viewport
[2026.08.25-00.40.11:077][ 63]BlueprintLog: New page: Pre-Play auto-recompile
[2026.08.25-00.40.11:078][ 63]LogPlayLevel: [PlayLevel] Compiling BP_Phone before play...
[2026.08.25-00.40.11:134][ 63]LogUObjectHash: Compacting FUObjectHashTables data took   1.85ms
[2026.08.25-00.40.11:135][ 63]LogPlayLevel: PlayLevel: Blueprint regeneration took 58 ms (1 blueprints)
[2026.08.25-00.40.11:136][ 63]PIE: New page: PIE session: Brackeys2026Map (24 ago. 2026 18:40:11)
[2026.08.25-00.40.11:136][ 63]LogPlayLevel: Creating play world package: /Game/Brackeys2026/Levels/UEDPIE_0_Brackeys2026Map
[2026.08.25-00.40.11:138][ 63]LogPlayLevel: PIE: StaticDuplicateObject took: (0.002085s)
[2026.08.25-00.40.11:138][ 63]LogAIModule: Creating AISystem for world Brackeys2026Map
[2026.08.25-00.40.11:139][ 63]LogPlayLevel: PIE: World Init took: (0.000869s)
[2026.08.25-00.40.11:139][ 63]LogPlayLevel: PIE: Created PIE world by copying editor world from /Game/Brackeys2026/Levels/Brackeys2026Map.Brackeys2026Map to /Game/Brackeys2026/Levels/UEDPIE_0_Brackeys2026Map.Brackeys2026Map (0.003066s)
[2026.08.25-00.40.11:155][ 63]LogUObjectHash: Compacting FUObjectHashTables data took   1.44ms
[2026.08.25-00.40.11:155][ 63]LogAudio: Display: Creating Audio Device:                 Id: 66, Scope: Unique, Realtime: True
[2026.08.25-00.40.11:155][ 63]LogAudioMixer: Display: Audio Mixer Platform Settings:
[2026.08.25-00.40.11:155][ 63]LogAudioMixer: Display: 	Sample Rate:						  48000
[2026.08.25-00.40.11:155][ 63]LogAudioMixer: Display: 	Callback Buffer Frame Size Requested: 1024
[2026.08.25-00.40.11:155][ 63]LogAudioMixer: Display: 	Callback Buffer Frame Size To Use:	  1024
[2026.08.25-00.40.11:155][ 63]LogAudioMixer: Display: 	Number of buffers to queue:			  2
[2026.08.25-00.40.11:155][ 63]LogAudioMixer: Display: 	Max Channels (voices):				  32
[2026.08.25-00.40.11:155][ 63]LogAudioMixer: Display: 	Number of Async Source Workers:		  0
[2026.08.25-00.40.11:155][ 63]LogAudio: Display: AudioDevice MaxSources: 32
[2026.08.25-00.40.11:156][ 63]LogAudio: Display: Audio Spatialization Plugin: None (built-in).
[2026.08.25-00.40.11:156][ 63]LogAudio: Display: Audio Reverb Plugin: None (built-in).
[2026.08.25-00.40.11:156][ 63]LogAudio: Display: Audio Occlusion Plugin: None (built-in).
[2026.08.25-00.40.11:156][ 63]LogAudioMixer: Display: Initializing audio mixer.
[2026.08.25-00.40.11:159][ 63]LogAudioMixer: Display: 0: FrontLeft
[2026.08.25-00.40.11:159][ 63]LogAudioMixer: Display: 1: FrontRight
[2026.08.25-00.40.11:175][ 63]LogAudioMixer: Display: Using Audio Device Altavoces (Realtek(R) Audio)
[2026.08.25-00.40.11:175][ 63]LogAudioMixer: Display: Initializing Sound Submixes...
[2026.08.25-00.40.11:175][ 63]LogAudioMixer: Display: Creating Master Submix 'MasterSubmixDefault'
[2026.08.25-00.40.11:175][ 63]LogAudioMixer: Display: Creating Master Submix 'MasterReverbSubmixDefault'
[2026.08.25-00.40.11:175][ 63]LogAudioMixer: Display: Creating Master Submix 'MasterEQSubmixDefault'
[2026.08.25-00.40.11:176][ 63]LogAudioMixer: FMixerPlatformXAudio2::StartAudioStream() called
[2026.08.25-00.40.11:176][ 63]LogAudioMixer: Display: Output buffers initialized: Frames=1024, Channels=2, Samples=2048
[2026.08.25-00.40.11:176][ 63]LogAudioMixer: Display: Starting AudioMixerPlatformInterface::RunInternal()
[2026.08.25-00.40.11:176][ 63]LogAudioMixer: Display: FMixerPlatformXAudio2::SubmitBuffer() called for the first time
[2026.08.25-00.40.11:176][ 63]LogInit: FAudioDevice initialized.
[2026.08.25-00.40.11:176][ 63]LogAudio: Display: Audio Device (ID: 66) registered with world 'Brackeys2026Map'.
[2026.08.25-00.40.11:183][ 63]LogLoad: Game class is 'BrackeysGameMode_C'
[2026.08.25-00.40.11:184][ 63]LogWorld: Bringing World /Game/Brackeys2026/Levels/UEDPIE_0_Brackeys2026Map.Brackeys2026Map up for play (max tick rate 0) at 2026.08.24-21.40.11
[2026.08.25-00.40.11:184][ 63]LogWorld: Bringing up level for play took: 0.000546
[2026.08.25-00.40.11:185][ 63]LogOnline: OSS: Creating online subsystem instance for: :Context_72
[2026.08.25-00.40.11:187][ 63]LogBlueprintUserMessages: [BP_Phone_2] 1
[2026.08.25-00.40.11:187][ 63]LogBlueprintUserMessages: [BP_Phone_2] 2
[2026.08.25-00.40.11:187][ 63]LogBlueprintUserMessages: [BP_Phone_2] 3
[2026.08.25-00.40.11:187][ 63]LogBlueprintUserMessages: [BP_Phone_2] 4
[2026.08.25-00.40.11:187][ 63]LogBlueprintUserMessages: [BP_Phone_2] 5
[2026.08.25-00.40.11:187][ 63]PIE: Server logged in
[2026.08.25-00.40.11:188][ 63]PIE: Play in editor total start time 0.112 seconds.
[2026.08.25-00.40.12:549][180]LogBlueprintUserMessages: [BP_Phone_2] Weight Hint
[2026.08.25-00.40.12:922][213]LogBlueprintUserMessages: [BP_Phone_2] Smell Hint
[2026.08.25-00.40.13:767][286]LogBlueprintUserMessages: [BP_Phone_2] Smell Hint
[2026.08.25-00.40.14:348][337]LogBlueprintUserMessages: [BP_Phone_2] Killer Hint
[2026.08.25-00.40.14:523][352]LogBlueprintUserMessages: [BP_Phone_2] Killer Hint
[2026.08.25-00.40.15:912][467]LogSlate: Updating window title bar state: overlay mode, drag disabled, window buttons hidden, title bar hidden
[2026.08.25-00.40.15:912][467]LogWorld: BeginTearingDown for /Game/Brackeys2026/Levels/UEDPIE_0_Brackeys2026Map
[2026.08.25-00.40.15:913][467]LogWorld: UWorld::CleanupWorld for Brackeys2026Map, bSessionEnded=true, bCleanupResources=true
[2026.08.25-00.40.15:913][467]LogSlate: InvalidateAllWidgets triggered.  All widgets were invalidated
[2026.08.25-00.40.15:930][467]LogPlayLevel: Display: Shutting down PIE online subsystems
[2026.08.25-00.40.15:937][467]LogSlate: InvalidateAllWidgets triggered.  All widgets were invalidated
[2026.08.25-00.40.15:951][467]LogSlate: Updating window title bar state: overlay mode, drag disabled, window buttons hidden, title bar hidden
[2026.08.25-00.40.15:951][467]LogAudioMixer: FMixerPlatformXAudio2::StopAudioStream() called
[2026.08.25-00.40.15:952][467]LogAudioMixer: FMixerPlatformXAudio2::StopAudioStream() called
[2026.08.25-00.40.15:957][467]LogUObjectHash: Compacting FUObjectHashTables data took   1.44ms
[2026.08.25-00.40.15:997][468]LogPlayLevel: Display: Destroying online subsystem :Context_72
[2026.08.25-00.40.19:248][689]LogSavePackage: Moving '../../../../../GameProgramming/BrackeysGameJam/Brackeys-2026/BrackeysJam2026/Saved/BP_Phone894FCCB54F5CA74BE53311BCE48C7924.tmp' to '../../../../../GameProgramming/BrackeysGameJam/Brackeys-2026/BrackeysJam2026/Content/Brackeys2026/Objects/Phone/BP_Phone.uasset'
[2026.08.25-00.40.19:281][689]AssetCheck: New page: Asset Save: BP_Phone
[2026.08.25-00.40.19:281][689]LogContentValidation: Display: Validating Blueprint /Game/Brackeys2026/Objects/Phone/BP_Phone.BP_Phone
[2026.08.25-00.40.20:169][755]LogTemp: Repeating last play command: Selected Viewport
[2026.08.25-00.40.20:174][755]BlueprintLog: New page: Pre-Play auto-recompile
[2026.08.25-00.40.20:176][755]LogPlayLevel: [PlayLevel] Compiling BP_Phone before play...
[2026.08.25-00.40.20:231][755]LogUObjectHash: Compacting FUObjectHashTables data took   1.81ms
[2026.08.25-00.40.20:233][755]LogPlayLevel: PlayLevel: Blueprint regeneration took 58 ms (1 blueprints)
[2026.08.25-00.40.20:233][755]PIE: New page: PIE session: Brackeys2026Map (24 ago. 2026 18:40:20)
[2026.08.25-00.40.20:233][755]LogPlayLevel: Creating play world package: /Game/Brackeys2026/Levels/UEDPIE_0_Brackeys2026Map
[2026.08.25-00.40.20:235][755]LogPlayLevel: PIE: StaticDuplicateObject took: (0.002088s)
[2026.08.25-00.40.20:236][755]LogAIModule: Creating AISystem for world Brackeys2026Map
[2026.08.25-00.40.20:236][755]LogPlayLevel: PIE: World Init took: (0.000856s)
[2026.08.25-00.40.20:236][755]LogPlayLevel: PIE: Created PIE world by copying editor world from /Game/Brackeys2026/Levels/Brackeys2026Map.Brackeys2026Map to /Game/Brackeys2026/Levels/UEDPIE_0_Brackeys2026Map.Brackeys2026Map (0.003054s)
[2026.08.25-00.40.20:252][755]LogUObjectHash: Compacting FUObjectHashTables data took   1.47ms
[2026.08.25-00.40.20:253][755]LogAudio: Display: Creating Audio Device:                 Id: 67, Scope: Unique, Realtime: True
[2026.08.25-00.40.20:253][755]LogAudioMixer: Display: Audio Mixer Platform Settings:
[2026.08.25-00.40.20:253][755]LogAudioMixer: Display: 	Sample Rate:						  48000
[2026.08.25-00.40.20:253][755]LogAudioMixer: Display: 	Callback Buffer Frame Size Requested: 1024
[2026.08.25-00.40.20:253][755]LogAudioMixer: Display: 	Callback Buffer Frame Size To Use:	  1024
[2026.08.25-00.40.20:253][755]LogAudioMixer: Display: 	Number of buffers to queue:			  2
[2026.08.25-00.40.20:253][755]LogAudioMixer: Display: 	Max Channels (voices):				  32
[2026.08.25-00.40.20:253][755]LogAudioMixer: Display: 	Number of Async Source Workers:		  0
[2026.08.25-00.40.20:253][755]LogAudio: Display: AudioDevice MaxSources: 32
[2026.08.25-00.40.20:253][755]LogAudio: Display: Audio Spatialization Plugin: None (built-in).
[2026.08.25-00.40.20:253][755]LogAudio: Display: Audio Reverb Plugin: None (built-in).
[2026.08.25-00.40.20:253][755]LogAudio: Display: Audio Occlusion Plugin: None (built-in).
[2026.08.25-00.40.20:253][755]LogAudioMixer: Display: Initializing audio mixer.
[2026.08.25-00.40.20:257][755]LogAudioMixer: Display: 0: FrontLeft
[2026.08.25-00.40.20:257][755]LogAudioMixer: Display: 1: FrontRight
[2026.08.25-00.40.20:272][755]LogAudioMixer: Display: Using Audio Device Altavoces (Realtek(R) Audio)
[2026.08.25-00.40.20:272][755]LogAudioMixer: Display: Initializing Sound Submixes...
[2026.08.25-00.40.20:273][755]LogAudioMixer: Display: Creating Master Submix 'MasterSubmixDefault'
[2026.08.25-00.40.20:273][755]LogAudioMixer: Display: Creating Master Submix 'MasterReverbSubmixDefault'
[2026.08.25-00.40.20:273][755]LogAudioMixer: Display: Creating Master Submix 'MasterEQSubmixDefault'
[2026.08.25-00.40.20:273][755]LogAudioMixer: FMixerPlatformXAudio2::StartAudioStream() called
[2026.08.25-00.40.20:273][755]LogAudioMixer: Display: Output buffers initialized: Frames=1024, Channels=2, Samples=2048
[2026.08.25-00.40.20:273][755]LogAudioMixer: Display: Starting AudioMixerPlatformInterface::RunInternal()
[2026.08.25-00.40.20:273][755]LogAudioMixer: Display: FMixerPlatformXAudio2::SubmitBuffer() called for the first time
[2026.08.25-00.40.20:274][755]LogInit: FAudioDevice initialized.
[2026.08.25-00.40.20:274][755]LogAudio: Display: Audio Device (ID: 67) registered with world 'Brackeys2026Map'.
[2026.08.25-00.40.20:283][755]LogLoad: Game class is 'BrackeysGameMode_C'
[2026.08.25-00.40.20:284][755]LogWorld: Bringing World /Game/Brackeys2026/Levels/UEDPIE_0_Brackeys2026Map.Brackeys2026Map up for play (max tick rate 0) at 2026.08.24-21.40.20
[2026.08.25-00.40.20:284][755]LogWorld: Bringing up level for play took: 0.000535
[2026.08.25-00.40.20:284][755]LogOnline: OSS: Creating online subsystem instance for: :Context_73
[2026.08.25-00.40.20:286][755]LogBlueprintUserMessages: [BP_Phone_2] 1
[2026.08.25-00.40.20:286][755]LogBlueprintUserMessages: [BP_Phone_2] 2
[2026.08.25-00.40.20:286][755]LogBlueprintUserMessages: [BP_Phone_2] 3
[2026.08.25-00.40.20:286][755]LogBlueprintUserMessages: [BP_Phone_2] 4
[2026.08.25-00.40.20:286][755]LogBlueprintUserMessages: [BP_Phone_2] 5
[2026.08.25-00.40.20:287][755]PIE: Server logged in
[2026.08.25-00.40.20:287][755]PIE: Play in editor total start time 0.114 seconds.
[2026.08.25-00.40.25:293][175]LogSlate: Updating window title bar state: overlay mode, drag disabled, window buttons hidden, title bar hidden
[2026.08.25-00.40.25:293][175]LogWorld: BeginTearingDown for /Game/Brackeys2026/Levels/UEDPIE_0_Brackeys2026Map
[2026.08.25-00.40.25:293][175]LogWorld: UWorld::CleanupWorld for Brackeys2026Map, bSessionEnded=true, bCleanupResources=true
[2026.08.25-00.40.25:293][175]LogSlate: InvalidateAllWidgets triggered.  All widgets were invalidated
[2026.08.25-00.40.25:309][175]LogPlayLevel: Display: Shutting down PIE online subsystems
[2026.08.25-00.40.25:316][175]LogSlate: InvalidateAllWidgets triggered.  All widgets were invalidated
[2026.08.25-00.40.25:331][175]LogSlate: Updating window title bar state: overlay mode, drag disabled, window buttons hidden, title bar hidden
[2026.08.25-00.40.25:332][175]LogAudioMixer: FMixerPlatformXAudio2::StopAudioStream() called
[2026.08.25-00.40.25:333][175]LogAudioMixer: FMixerPlatformXAudio2::StopAudioStream() called
[2026.08.25-00.40.25:337][175]LogUObjectHash: Compacting FUObjectHashTables data took   1.42ms
[2026.08.25-00.40.25:378][176]LogPlayLevel: Display: Destroying online subsystem :Context_73
[2026.08.25-00.40.31:406][632]LogSavePackage: Moving '../../../../../GameProgramming/BrackeysGameJam/Brackeys-2026/BrackeysJam2026/Saved/BP_PhoneF2ACE0734F6FA10AC502D68AF194FAB5.tmp' to '../../../../../GameProgramming/BrackeysGameJam/Brackeys-2026/BrackeysJam2026/Content/Brackeys2026/Objects/Phone/BP_Phone.uasset'
[2026.08.25-00.40.31:435][632]AssetCheck: New page: Asset Save: BP_Phone
[2026.08.25-00.40.31:435][632]LogContentValidation: Display: Validating Blueprint /Game/Brackeys2026/Objects/Phone/BP_Phone.BP_Phone
[2026.08.25-00.40.32:634][717]LogTemp: Repeating last play command: Selected Viewport
[2026.08.25-00.40.32:639][717]BlueprintLog: New page: Pre-Play auto-recompile
[2026.08.25-00.40.32:640][717]LogPlayLevel: [PlayLevel] Compiling BP_Phone before play...
[2026.08.25-00.40.32:698][717]LogUObjectHash: Compacting FUObjectHashTables data took   1.82ms
[2026.08.25-00.40.32:699][717]LogPlayLevel: PlayLevel: Blueprint regeneration took 60 ms (1 blueprints)
[2026.08.25-00.40.32:700][717]PIE: New page: PIE session: Brackeys2026Map (24 ago. 2026 18:40:32)
[2026.08.25-00.40.32:700][717]LogPlayLevel: Creating play world package: /Game/Brackeys2026/Levels/UEDPIE_0_Brackeys2026Map
[2026.08.25-00.40.32:701][717]LogPlayLevel: PIE: StaticDuplicateObject took: (0.002050s)
[2026.08.25-00.40.32:702][717]LogAIModule: Creating AISystem for world Brackeys2026Map
[2026.08.25-00.40.32:702][717]LogPlayLevel: PIE: World Init took: (0.000934s)
[2026.08.25-00.40.32:702][717]LogPlayLevel: PIE: Created PIE world by copying editor world from /Game/Brackeys2026/Levels/Brackeys2026Map.Brackeys2026Map to /Game/Brackeys2026/Levels/UEDPIE_0_Brackeys2026Map.Brackeys2026Map (0.003091s)
[2026.08.25-00.40.32:718][717]LogUObjectHash: Compacting FUObjectHashTables data took   1.47ms
[2026.08.25-00.40.32:718][717]LogAudio: Display: Creating Audio Device:                 Id: 68, Scope: Unique, Realtime: True
[2026.08.25-00.40.32:718][717]LogAudioMixer: Display: Audio Mixer Platform Settings:
[2026.08.25-00.40.32:718][717]LogAudioMixer: Display: 	Sample Rate:						  48000
[2026.08.25-00.40.32:718][717]LogAudioMixer: Display: 	Callback Buffer Frame Size Requested: 1024
[2026.08.25-00.40.32:718][717]LogAudioMixer: Display: 	Callback Buffer Frame Size To Use:	  1024
[2026.08.25-00.40.32:718][717]LogAudioMixer: Display: 	Number of buffers to queue:			  2
[2026.08.25-00.40.32:718][717]LogAudioMixer: Display: 	Max Channels (voices):				  32
[2026.08.25-00.40.32:718][717]LogAudioMixer: Display: 	Number of Async Source Workers:		  0
[2026.08.25-00.40.32:718][717]LogAudio: Display: AudioDevice MaxSources: 32
[2026.08.25-00.40.32:718][717]LogAudio: Display: Audio Spatialization Plugin: None (built-in).
[2026.08.25-00.40.32:718][717]LogAudio: Display: Audio Reverb Plugin: None (built-in).
[2026.08.25-00.40.32:718][717]LogAudio: Display: Audio Occlusion Plugin: None (built-in).
[2026.08.25-00.40.32:718][717]LogAudioMixer: Display: Initializing audio mixer.
[2026.08.25-00.40.32:723][717]LogAudioMixer: Display: 0: FrontLeft
[2026.08.25-00.40.32:723][717]LogAudioMixer: Display: 1: FrontRight
[2026.08.25-00.40.32:738][717]LogAudioMixer: Display: Using Audio Device Altavoces (Realtek(R) Audio)
[2026.08.25-00.40.32:738][717]LogAudioMixer: Display: Initializing Sound Submixes...
[2026.08.25-00.40.32:738][717]LogAudioMixer: Display: Creating Master Submix 'MasterSubmixDefault'
[2026.08.25-00.40.32:738][717]LogAudioMixer: Display: Creating Master Submix 'MasterReverbSubmixDefault'
[2026.08.25-00.40.32:739][717]LogAudioMixer: Display: Creating Master Submix 'MasterEQSubmixDefault'
[2026.08.25-00.40.32:739][717]LogAudioMixer: FMixerPlatformXAudio2::StartAudioStream() called
[2026.08.25-00.40.32:739][717]LogAudioMixer: Display: Output buffers initialized: Frames=1024, Channels=2, Samples=2048
[2026.08.25-00.40.32:739][717]LogAudioMixer: Display: Starting AudioMixerPlatformInterface::RunInternal()
[2026.08.25-00.40.32:739][717]LogAudioMixer: Display: FMixerPlatformXAudio2::SubmitBuffer() called for the first time
[2026.08.25-00.40.32:740][717]LogInit: FAudioDevice initialized.
[2026.08.25-00.40.32:740][717]LogAudio: Display: Audio Device (ID: 68) registered with world 'Brackeys2026Map'.
[2026.08.25-00.40.32:747][717]LogLoad: Game class is 'BrackeysGameMode_C'
[2026.08.25-00.40.32:748][717]LogWorld: Bringing World /Game/Brackeys2026/Levels/UEDPIE_0_Brackeys2026Map.Brackeys2026Map up for play (max tick rate 0) at 2026.08.24-21.40.32
[2026.08.25-00.40.32:748][717]LogWorld: Bringing up level for play took: 0.000541
[2026.08.25-00.40.32:748][717]LogOnline: OSS: Creating online subsystem instance for: :Context_74
[2026.08.25-00.40.32:750][717]LogBlueprintUserMessages: [BP_Phone_2] 1
[2026.08.25-00.40.32:750][717]LogBlueprintUserMessages: [BP_Phone_2] 2
[2026.08.25-00.40.32:750][717]LogBlueprintUserMessages: [BP_Phone_2] 3
[2026.08.25-00.40.32:750][717]LogBlueprintUserMessages: [BP_Phone_2] 4
[2026.08.25-00.40.32:750][717]LogBlueprintUserMessages: [BP_Phone_2] 5
[2026.08.25-00.40.32:750][717]PIE: Server logged in
[2026.08.25-00.40.32:751][717]PIE: Play in editor total start time 0.113 seconds.
[2026.08.25-00.40.36:099][ 12]LogBlueprintUserMessages: [BP_Phone_2] Killer Hint
[2026.08.25-00.40.36:488][ 47]LogBlueprintUserMessages: [BP_Phone_2] Weight Hint
[2026.08.25-00.40.37:443][133]LogBlueprintUserMessages: [BP_Phone_2] Smell Hint
[2026.08.25-00.40.37:629][150]LogBlueprintUserMessages: [BP_Phone_2] Smell Hint
[2026.08.25-00.40.37:821][167]LogBlueprintUserMessages: [BP_Phone_2] Smell Hint
[2026.08.25-00.40.37:979][181]LogBlueprintUserMessages: [BP_Phone_2] Killer Hint
[2026.08.25-00.40.38:348][214]LogBlueprintUserMessages: [BP_Phone_2] Smell Hint
[2026.08.25-00.40.38:518][229]LogBlueprintUserMessages: [BP_Phone_2] Weight Hint
[2026.08.25-00.40.38:752][250]LogBlueprintUserMessages: [BP_Phone_2] Smell Hint
[2026.08.25-00.40.39:973][353]LogSlate: Updating window title bar state: overlay mode, drag disabled, window buttons hidden, title bar hidden
[2026.08.25-00.40.39:973][353]LogWorld: BeginTearingDown for /Game/Brackeys2026/Levels/UEDPIE_0_Brackeys2026Map
[2026.08.25-00.40.39:973][353]LogWorld: UWorld::CleanupWorld for Brackeys2026Map, bSessionEnded=true, bCleanupResources=true
[2026.08.25-00.40.39:973][353]LogSlate: InvalidateAllWidgets triggered.  All widgets were invalidated
[2026.08.25-00.40.39:990][353]LogPlayLevel: Display: Shutting down PIE online subsystems
[2026.08.25-00.40.39:998][353]LogSlate: InvalidateAllWidgets triggered.  All widgets were invalidated
[2026.08.25-00.40.40:013][353]LogSlate: Updating window title bar state: overlay mode, drag disabled, window buttons hidden, title bar hidden
[2026.08.25-00.40.40:013][353]LogAudioMixer: FMixerPlatformXAudio2::StopAudioStream() called
[2026.08.25-00.40.40:014][353]LogAudioMixer: FMixerPlatformXAudio2::StopAudioStream() called
[2026.08.25-00.40.40:018][353]LogUObjectHash: Compacting FUObjectHashTables data took   1.43ms
[2026.08.25-00.40.40:058][354]LogPlayLevel: Display: Destroying online subsystem :Context_74
[2026.08.25-00.41.07:145][380]LogTemp: Repeating last play command: Selected Viewport
[2026.08.25-00.41.07:150][380]LogPlayLevel: PlayLevel: No blueprints needed recompiling
[2026.08.25-00.41.07:150][380]PIE: New page: PIE session: Brackeys2026Map (24 ago. 2026 18:41:07)
[2026.08.25-00.41.07:150][380]LogPlayLevel: Creating play world package: /Game/Brackeys2026/Levels/UEDPIE_0_Brackeys2026Map
[2026.08.25-00.41.07:152][380]LogPlayLevel: PIE: StaticDuplicateObject took: (0.002151s)
[2026.08.25-00.41.07:153][380]LogAIModule: Creating AISystem for world Brackeys2026Map
[2026.08.25-00.41.07:153][380]LogPlayLevel: PIE: World Init took: (0.000936s)
[2026.08.25-00.41.07:153][380]LogPlayLevel: PIE: Created PIE world by copying editor world from /Game/Brackeys2026/Levels/Brackeys2026Map.Brackeys2026Map to /Game/Brackeys2026/Levels/UEDPIE_0_Brackeys2026Map.Brackeys2026Map (0.003190s)
[2026.08.25-00.41.07:169][380]LogUObjectHash: Compacting FUObjectHashTables data took   1.48ms
[2026.08.25-00.41.07:172][380]LogAudio: Display: Creating Audio Device:                 Id: 69, Scope: Unique, Realtime: True
[2026.08.25-00.41.07:172][380]LogAudioMixer: Display: Audio Mixer Platform Settings:
[2026.08.25-00.41.07:172][380]LogAudioMixer: Display: 	Sample Rate:						  48000
[2026.08.25-00.41.07:172][380]LogAudioMixer: Display: 	Callback Buffer Frame Size Requested: 1024
[2026.08.25-00.41.07:172][380]LogAudioMixer: Display: 	Callback Buffer Frame Size To Use:	  1024
[2026.08.25-00.41.07:172][380]LogAudioMixer: Display: 	Number of buffers to queue:			  2
[2026.08.25-00.41.07:172][380]LogAudioMixer: Display: 	Max Channels (voices):				  32
[2026.08.25-00.41.07:172][380]LogAudioMixer: Display: 	Number of Async Source Workers:		  0
[2026.08.25-00.41.07:172][380]LogAudio: Display: AudioDevice MaxSources: 32
[2026.08.25-00.41.07:172][380]LogAudio: Display: Audio Spatialization Plugin: None (built-in).
[2026.08.25-00.41.07:172][380]LogAudio: Display: Audio Reverb Plugin: None (built-in).
[2026.08.25-00.41.07:172][380]LogAudio: Display: Audio Occlusion Plugin: None (built-in).
[2026.08.25-00.41.07:172][380]LogAudioMixer: Display: Initializing audio mixer.
[2026.08.25-00.41.07:176][380]LogAudioMixer: Display: 0: FrontLeft
[2026.08.25-00.41.07:176][380]LogAudioMixer: Display: 1: FrontRight
[2026.08.25-00.41.07:191][380]LogAudioMixer: Display: Using Audio Device Altavoces (Realtek(R) Audio)
[2026.08.25-00.41.07:192][380]LogAudioMixer: Display: Initializing Sound Submixes...
[2026.08.25-00.41.07:192][380]LogAudioMixer: Display: Creating Master Submix 'MasterSubmixDefault'
[2026.08.25-00.41.07:192][380]LogAudioMixer: Display: Creating Master Submix 'MasterReverbSubmixDefault'
[2026.08.25-00.41.07:192][380]LogAudioMixer: Display: Creating Master Submix 'MasterEQSubmixDefault'
[2026.08.25-00.41.07:192][380]LogAudioMixer: FMixerPlatformXAudio2::StartAudioStream() called
[2026.08.25-00.41.07:192][380]LogAudioMixer: Display: Output buffers initialized: Frames=1024, Channels=2, Samples=2048
[2026.08.25-00.41.07:194][380]LogAudioMixer: Display: Starting AudioMixerPlatformInterface::RunInternal()
[2026.08.25-00.41.07:194][380]LogAudioMixer: Display: FMixerPlatformXAudio2::SubmitBuffer() called for the first time
[2026.08.25-00.41.07:194][380]LogInit: FAudioDevice initialized.
[2026.08.25-00.41.07:194][380]LogAudio: Display: Audio Device (ID: 69) registered with world 'Brackeys2026Map'.
[2026.08.25-00.41.07:204][380]LogLoad: Game class is 'BrackeysGameMode_C'
[2026.08.25-00.41.07:205][380]LogWorld: Bringing World /Game/Brackeys2026/Levels/UEDPIE_0_Brackeys2026Map.Brackeys2026Map up for play (max tick rate 0) at 2026.08.24-21.41.07
[2026.08.25-00.41.07:205][380]LogWorld: Bringing up level for play took: 0.000727
[2026.08.25-00.41.07:205][380]LogOnline: OSS: Creating online subsystem instance for: :Context_75
[2026.08.25-00.41.07:208][380]LogBlueprintUserMessages: [BP_Phone_2] 1
[2026.08.25-00.41.07:208][380]LogBlueprintUserMessages: [BP_Phone_2] 2
[2026.08.25-00.41.07:208][380]LogBlueprintUserMessages: [BP_Phone_2] 3
[2026.08.25-00.41.07:208][380]LogBlueprintUserMessages: [BP_Phone_2] 4
[2026.08.25-00.41.07:208][380]LogBlueprintUserMessages: [BP_Phone_2] 5
[2026.08.25-00.41.07:208][380]PIE: Server logged in
[2026.08.25-00.41.07:209][380]PIE: Play in editor total start time 0.06 seconds.
[2026.08.25-00.41.11:723][756]LogSlate: Updating window title bar state: overlay mode, drag disabled, window buttons hidden, title bar hidden
[2026.08.25-00.41.11:723][756]LogWorld: BeginTearingDown for /Game/Brackeys2026/Levels/UEDPIE_0_Brackeys2026Map
[2026.08.25-00.41.11:723][756]LogWorld: UWorld::CleanupWorld for Brackeys2026Map, bSessionEnded=true, bCleanupResources=true
[2026.08.25-00.41.11:723][756]LogSlate: InvalidateAllWidgets triggered.  All widgets were invalidated
[2026.08.25-00.41.11:751][756]LogPlayLevel: Display: Shutting down PIE online subsystems
[2026.08.25-00.41.11:758][756]LogSlate: InvalidateAllWidgets triggered.  All widgets were invalidated
[2026.08.25-00.41.11:774][756]LogSlate: Updating window title bar state: overlay mode, drag disabled, window buttons hidden, title bar hidden
[2026.08.25-00.41.11:774][756]LogAudioMixer: FMixerPlatformXAudio2::StopAudioStream() called
[2026.08.25-00.41.11:775][756]LogAudioMixer: FMixerPlatformXAudio2::StopAudioStream() called
[2026.08.25-00.41.11:780][756]LogUObjectHash: Compacting FUObjectHashTables data took   1.43ms
[2026.08.25-00.41.11:820][757]LogPlayLevel: Display: Destroying online subsystem :Context_75
[2026.08.25-00.41.34:048][530]LogSavePackage: Moving '../../../../../GameProgramming/BrackeysGameJam/Brackeys-2026/BrackeysJam2026/Saved/BP_Phone8BA9923541ABBE2A956BE198BFD2D82D.tmp' to '../../../../../GameProgramming/BrackeysGameJam/Brackeys-2026/BrackeysJam2026/Content/Brackeys2026/Objects/Phone/BP_Phone.uasset'
[2026.08.25-00.41.34:078][530]AssetCheck: New page: Asset Save: BP_Phone
[2026.08.25-00.41.34:078][530]LogContentValidation: Display: Validating Blueprint /Game/Brackeys2026/Objects/Phone/BP_Phone.BP_Phone
[2026.08.25-00.41.36:158][681]LogTemp: Repeating last play command: Selected Viewport
[2026.08.25-00.41.36:163][681]BlueprintLog: New page: Pre-Play auto-recompile
[2026.08.25-00.41.36:165][681]LogPlayLevel: [PlayLevel] Compiling BP_Phone before play...
[2026.08.25-00.41.36:222][681]LogUObjectHash: Compacting FUObjectHashTables data took   2.06ms
[2026.08.25-00.41.36:225][681]LogPlayLevel: PlayLevel: Blueprint regeneration took 62 ms (1 blueprints)
[2026.08.25-00.41.36:225][681]PIE: New page: PIE session: Brackeys2026Map (24 ago. 2026 18:41:36)
[2026.08.25-00.41.36:225][681]LogPlayLevel: Creating play world package: /Game/Brackeys2026/Levels/UEDPIE_0_Brackeys2026Map
[2026.08.25-00.41.36:227][681]LogPlayLevel: PIE: StaticDuplicateObject took: (0.002074s)
[2026.08.25-00.41.36:228][681]LogAIModule: Creating AISystem for world Brackeys2026Map
[2026.08.25-00.41.36:228][681]LogPlayLevel: PIE: World Init took: (0.000879s)
[2026.08.25-00.41.36:228][681]LogPlayLevel: PIE: Created PIE world by copying editor world from /Game/Brackeys2026/Levels/Brackeys2026Map.Brackeys2026Map to /Game/Brackeys2026/Levels/UEDPIE_0_Brackeys2026Map.Brackeys2026Map (0.003062s)
[2026.08.25-00.41.36:245][681]LogUObjectHash: Compacting FUObjectHashTables data took   1.44ms
[2026.08.25-00.41.36:245][681]LogAudio: Display: Creating Audio Device:                 Id: 70, Scope: Unique, Realtime: True
[2026.08.25-00.41.36:245][681]LogAudioMixer: Display: Audio Mixer Platform Settings:
[2026.08.25-00.41.36:245][681]LogAudioMixer: Display: 	Sample Rate:						  48000
[2026.08.25-00.41.36:245][681]LogAudioMixer: Display: 	Callback Buffer Frame Size Requested: 1024
[2026.08.25-00.41.36:245][681]LogAudioMixer: Display: 	Callback Buffer Frame Size To Use:	  1024
[2026.08.25-00.41.36:245][681]LogAudioMixer: Display: 	Number of buffers to queue:			  2
[2026.08.25-00.41.36:245][681]LogAudioMixer: Display: 	Max Channels (voices):				  32
[2026.08.25-00.41.36:245][681]LogAudioMixer: Display: 	Number of Async Source Workers:		  0
[2026.08.25-00.41.36:245][681]LogAudio: Display: AudioDevice MaxSources: 32
[2026.08.25-00.41.36:246][681]LogAudio: Display: Audio Spatialization Plugin: None (built-in).
[2026.08.25-00.41.36:246][681]LogAudio: Display: Audio Reverb Plugin: None (built-in).
[2026.08.25-00.41.36:246][681]LogAudio: Display: Audio Occlusion Plugin: None (built-in).
[2026.08.25-00.41.36:246][681]LogAudioMixer: Display: Initializing audio mixer.
[2026.08.25-00.41.36:249][681]LogAudioMixer: Display: 0: FrontLeft
[2026.08.25-00.41.36:249][681]LogAudioMixer: Display: 1: FrontRight
[2026.08.25-00.41.36:264][681]LogAudioMixer: Display: Using Audio Device Altavoces (Realtek(R) Audio)
[2026.08.25-00.41.36:266][681]LogAudioMixer: Display: Initializing Sound Submixes...
[2026.08.25-00.41.36:266][681]LogAudioMixer: Display: Creating Master Submix 'MasterSubmixDefault'
[2026.08.25-00.41.36:266][681]LogAudioMixer: Display: Creating Master Submix 'MasterReverbSubmixDefault'
[2026.08.25-00.41.36:266][681]LogAudioMixer: Display: Creating Master Submix 'MasterEQSubmixDefault'
[2026.08.25-00.41.36:266][681]LogAudioMixer: FMixerPlatformXAudio2::StartAudioStream() called
[2026.08.25-00.41.36:266][681]LogAudioMixer: Display: Output buffers initialized: Frames=1024, Channels=2, Samples=2048
[2026.08.25-00.41.36:267][681]LogAudioMixer: Display: Starting AudioMixerPlatformInterface::RunInternal()
[2026.08.25-00.41.36:267][681]LogAudioMixer: Display: FMixerPlatformXAudio2::SubmitBuffer() called for the first time
[2026.08.25-00.41.36:267][681]LogInit: FAudioDevice initialized.
[2026.08.25-00.41.36:267][681]LogAudio: Display: Audio Device (ID: 70) registered with world 'Brackeys2026Map'.
[2026.08.25-00.41.36:273][681]LogLoad: Game class is 'BrackeysGameMode_C'
[2026.08.25-00.41.36:274][681]LogWorld: Bringing World /Game/Brackeys2026/Levels/UEDPIE_0_Brackeys2026Map.Brackeys2026Map up for play (max tick rate 0) at 2026.08.24-21.41.36
[2026.08.25-00.41.36:274][681]LogWorld: Bringing up level for play took: 0.000546
[2026.08.25-00.41.36:274][681]LogOnline: OSS: Creating online subsystem instance for: :Context_76
[2026.08.25-00.41.36:276][681]LogBlueprintUserMessages: [BP_Phone_2] 1
[2026.08.25-00.41.36:276][681]LogBlueprintUserMessages: [BP_Phone_2] 2
[2026.08.25-00.41.36:276][681]LogBlueprintUserMessages: [BP_Phone_2] 3
[2026.08.25-00.41.36:276][681]LogBlueprintUserMessages: [BP_Phone_2] 4
[2026.08.25-00.41.36:276][681]LogBlueprintUserMessages: [BP_Phone_2] 5
[2026.08.25-00.41.36:276][681]PIE: Server logged in
[2026.08.25-00.41.36:277][681]PIE: Play in editor total start time 0.116 seconds.
[2026.08.25-00.41.41:939][173]LogBlueprintUserMessages: [BP_Phone_2] Smell Hint
[2026.08.25-00.41.42:120][189]LogBlueprintUserMessages: [BP_Phone_2] Weight Hint
[2026.08.25-00.41.42:291][204]LogBlueprintUserMessages: [BP_Phone_2] Smell Hint
[2026.08.25-00.41.42:599][231]LogBlueprintUserMessages: [BP_Phone_2] Smell Hint
[2026.08.25-00.41.42:931][260]LogBlueprintUserMessages: [BP_Phone_2] Killer Hint
[2026.08.25-00.41.43:101][275]LogBlueprintUserMessages: [BP_Phone_2] Killer Hint
[2026.08.25-00.41.48:043][672]LogSlate: Updating window title bar state: overlay mode, drag disabled, window buttons hidden, title bar hidden
[2026.08.25-00.41.48:043][672]LogWorld: BeginTearingDown for /Game/Brackeys2026/Levels/UEDPIE_0_Brackeys2026Map
[2026.08.25-00.41.48:043][672]LogWorld: UWorld::CleanupWorld for Brackeys2026Map, bSessionEnded=true, bCleanupResources=true
[2026.08.25-00.41.48:043][672]LogSlate: InvalidateAllWidgets triggered.  All widgets were invalidated
[2026.08.25-00.41.48:061][672]LogPlayLevel: Display: Shutting down PIE online subsystems
[2026.08.25-00.41.48:068][672]LogSlate: InvalidateAllWidgets triggered.  All widgets were invalidated
[2026.08.25-00.41.48:083][672]LogSlate: Updating window title bar state: overlay mode, drag disabled, window buttons hidden, title bar hidden
[2026.08.25-00.41.48:083][672]LogAudioMixer: FMixerPlatformXAudio2::StopAudioStream() called
[2026.08.25-00.41.48:084][672]LogAudioMixer: FMixerPlatformXAudio2::StopAudioStream() called
[2026.08.25-00.41.48:089][672]LogUObjectHash: Compacting FUObjectHashTables data took   1.52ms
[2026.08.25-00.41.48:130][673]LogPlayLevel: Display: Destroying online subsystem :Context_76
[2026.08.25-00.41.49:005][733]LogTemp: Repeating last play command: Selected Viewport
[2026.08.25-00.41.49:009][733]LogPlayLevel: PlayLevel: No blueprints needed recompiling
[2026.08.25-00.41.49:009][733]PIE: New page: PIE session: Brackeys2026Map (24 ago. 2026 18:41:49)
[2026.08.25-00.41.49:009][733]LogPlayLevel: Creating play world package: /Game/Brackeys2026/Levels/UEDPIE_0_Brackeys2026Map
[2026.08.25-00.41.49:012][733]LogPlayLevel: PIE: StaticDuplicateObject took: (0.002066s)
[2026.08.25-00.41.49:013][733]LogAIModule: Creating AISystem for world Brackeys2026Map
[2026.08.25-00.41.49:013][733]LogPlayLevel: PIE: World Init took: (0.001009s)
[2026.08.25-00.41.49:013][733]LogPlayLevel: PIE: Created PIE world by copying editor world from /Game/Brackeys2026/Levels/Brackeys2026Map.Brackeys2026Map to /Game/Brackeys2026/Levels/UEDPIE_0_Brackeys2026Map.Brackeys2026Map (0.003198s)
[2026.08.25-00.41.49:029][733]LogUObjectHash: Compacting FUObjectHashTables data took   1.49ms
[2026.08.25-00.41.49:030][733]LogAudio: Display: Creating Audio Device:                 Id: 71, Scope: Unique, Realtime: True
[2026.08.25-00.41.49:030][733]LogAudioMixer: Display: Audio Mixer Platform Settings:
[2026.08.25-00.41.49:030][733]LogAudioMixer: Display: 	Sample Rate:						  48000
[2026.08.25-00.41.49:030][733]LogAudioMixer: Display: 	Callback Buffer Frame Size Requested: 1024
[2026.08.25-00.41.49:030][733]LogAudioMixer: Display: 	Callback Buffer Frame Size To Use:	  1024
[2026.08.25-00.41.49:030][733]LogAudioMixer: Display: 	Number of buffers to queue:			  2
[2026.08.25-00.41.49:030][733]LogAudioMixer: Display: 	Max Channels (voices):				  32
[2026.08.25-00.41.49:030][733]LogAudioMixer: Display: 	Number of Async Source Workers:		  0
[2026.08.25-00.41.49:030][733]LogAudio: Display: AudioDevice MaxSources: 32
[2026.08.25-00.41.49:031][733]LogAudio: Display: Audio Spatialization Plugin: None (built-in).
[2026.08.25-00.41.49:031][733]LogAudio: Display: Audio Reverb Plugin: None (built-in).
[2026.08.25-00.41.49:031][733]LogAudio: Display: Audio Occlusion Plugin: None (built-in).
[2026.08.25-00.41.49:031][733]LogAudioMixer: Display: Initializing audio mixer.
[2026.08.25-00.41.49:035][733]LogAudioMixer: Display: 0: FrontLeft
[2026.08.25-00.41.49:035][733]LogAudioMixer: Display: 1: FrontRight
[2026.08.25-00.41.49:049][733]LogAudioMixer: Display: Using Audio Device Altavoces (Realtek(R) Audio)
[2026.08.25-00.41.49:049][733]LogAudioMixer: Display: Initializing Sound Submixes...
[2026.08.25-00.41.49:049][733]LogAudioMixer: Display: Creating Master Submix 'MasterSubmixDefault'
[2026.08.25-00.41.49:049][733]LogAudioMixer: Display: Creating Master Submix 'MasterReverbSubmixDefault'
[2026.08.25-00.41.49:051][733]LogAudioMixer: Display: Creating Master Submix 'MasterEQSubmixDefault'
[2026.08.25-00.41.49:051][733]LogAudioMixer: FMixerPlatformXAudio2::StartAudioStream() called
[2026.08.25-00.41.49:051][733]LogAudioMixer: Display: Output buffers initialized: Frames=1024, Channels=2, Samples=2048
[2026.08.25-00.41.49:051][733]LogAudioMixer: Display: Starting AudioMixerPlatformInterface::RunInternal()
[2026.08.25-00.41.49:051][733]LogAudioMixer: Display: FMixerPlatformXAudio2::SubmitBuffer() called for the first time
[2026.08.25-00.41.49:051][733]LogInit: FAudioDevice initialized.
[2026.08.25-00.41.49:051][733]LogAudio: Display: Audio Device (ID: 71) registered with world 'Brackeys2026Map'.
[2026.08.25-00.41.49:061][733]LogLoad: Game class is 'BrackeysGameMode_C'
[2026.08.25-00.41.49:062][733]LogWorld: Bringing World /Game/Brackeys2026/Levels/UEDPIE_0_Brackeys2026Map.Brackeys2026Map up for play (max tick rate 0) at 2026.08.24-21.41.49
[2026.08.25-00.41.49:062][733]LogWorld: Bringing up level for play took: 0.000566
[2026.08.25-00.41.49:063][733]LogOnline: OSS: Creating online subsystem instance for: :Context_77
[2026.08.25-00.41.49:065][733]LogBlueprintUserMessages: [BP_Phone_2] 1
[2026.08.25-00.41.49:065][733]LogBlueprintUserMessages: [BP_Phone_2] 2
[2026.08.25-00.41.49:065][733]LogBlueprintUserMessages: [BP_Phone_2] 3
[2026.08.25-00.41.49:065][733]LogBlueprintUserMessages: [BP_Phone_2] 4
[2026.08.25-00.41.49:065][733]LogBlueprintUserMessages: [BP_Phone_2] 5
[2026.08.25-00.41.49:065][733]PIE: Server logged in
[2026.08.25-00.41.49:066][733]PIE: Play in editor total start time 0.057 seconds.
[2026.08.25-00.41.50:353][840]LogSlate: Updating window title bar state: overlay mode, drag disabled, window buttons hidden, title bar hidden
[2026.08.25-00.41.50:353][840]LogWorld: BeginTearingDown for /Game/Brackeys2026/Levels/UEDPIE_0_Brackeys2026Map
[2026.08.25-00.41.50:353][840]LogWorld: UWorld::CleanupWorld for Brackeys2026Map, bSessionEnded=true, bCleanupResources=true
[2026.08.25-00.41.50:353][840]LogSlate: InvalidateAllWidgets triggered.  All widgets were invalidated
[2026.08.25-00.41.50:371][840]LogPlayLevel: Display: Shutting down PIE online subsystems
[2026.08.25-00.41.50:378][840]LogSlate: InvalidateAllWidgets triggered.  All widgets were invalidated
[2026.08.25-00.41.50:393][840]LogSlate: Updating window title bar state: overlay mode, drag disabled, window buttons hidden, title bar hidden
[2026.08.25-00.41.50:394][840]LogAudioMixer: FMixerPlatformXAudio2::StopAudioStream() called
[2026.08.25-00.41.50:394][840]LogAudioMixer: FMixerPlatformXAudio2::StopAudioStream() called
[2026.08.25-00.41.50:399][840]LogUObjectHash: Compacting FUObjectHashTables data took   1.44ms
[2026.08.25-00.41.50:442][841]LogPlayLevel: Display: Destroying online subsystem :Context_77
[2026.08.25-00.42.20:009][159]LogSavePackage: Moving '../../../../../GameProgramming/BrackeysGameJam/Brackeys-2026/BrackeysJam2026/Saved/BP_Phone996FDCAF40BCBBAFC6EF30A611A6777F.tmp' to '../../../../../GameProgramming/BrackeysGameJam/Brackeys-2026/BrackeysJam2026/Content/Brackeys2026/Objects/Phone/BP_Phone.uasset'
[2026.08.25-00.42.20:040][159]AssetCheck: New page: Asset Save: BP_Phone
[2026.08.25-00.42.20:040][159]LogContentValidation: Display: Validating Blueprint /Game/Brackeys2026/Objects/Phone/BP_Phone.BP_Phone
[2026.08.25-00.42.21:238][244]LogTemp: Repeating last play command: Selected Viewport
[2026.08.25-00.42.21:242][244]BlueprintLog: New page: Pre-Play auto-recompile
[2026.08.25-00.42.21:244][244]LogPlayLevel: [PlayLevel] Compiling BP_Phone before play...
[2026.08.25-00.42.21:299][244]LogUObjectHash: Compacting FUObjectHashTables data took   1.82ms
[2026.08.25-00.42.21:302][244]LogPlayLevel: PlayLevel: Blueprint regeneration took 59 ms (1 blueprints)
[2026.08.25-00.42.21:302][244]PIE: New page: PIE session: Brackeys2026Map (24 ago. 2026 18:42:21)
[2026.08.25-00.42.21:302][244]LogPlayLevel: Creating play world package: /Game/Brackeys2026/Levels/UEDPIE_0_Brackeys2026Map
[2026.08.25-00.42.21:304][244]LogPlayLevel: PIE: StaticDuplicateObject took: (0.002059s)
[2026.08.25-00.42.21:305][244]LogAIModule: Creating AISystem for world Brackeys2026Map
[2026.08.25-00.42.21:305][244]LogPlayLevel: PIE: World Init took: (0.000872s)
[2026.08.25-00.42.21:305][244]LogPlayLevel: PIE: Created PIE world by copying editor world from /Game/Brackeys2026/Levels/Brackeys2026Map.Brackeys2026Map to /Game/Brackeys2026/Levels/UEDPIE_0_Brackeys2026Map.Brackeys2026Map (0.003038s)
[2026.08.25-00.42.21:321][244]LogUObjectHash: Compacting FUObjectHashTables data took   1.44ms
[2026.08.25-00.42.21:321][244]LogAudio: Display: Creating Audio Device:                 Id: 72, Scope: Unique, Realtime: True
[2026.08.25-00.42.21:321][244]LogAudioMixer: Display: Audio Mixer Platform Settings:
[2026.08.25-00.42.21:321][244]LogAudioMixer: Display: 	Sample Rate:						  48000
[2026.08.25-00.42.21:321][244]LogAudioMixer: Display: 	Callback Buffer Frame Size Requested: 1024
[2026.08.25-00.42.21:321][244]LogAudioMixer: Display: 	Callback Buffer Frame Size To Use:	  1024
[2026.08.25-00.42.21:321][244]LogAudioMixer: Display: 	Number of buffers to queue:			  2
[2026.08.25-00.42.21:321][244]LogAudioMixer: Display: 	Max Channels (voices):				  32
[2026.08.25-00.42.21:321][244]LogAudioMixer: Display: 	Number of Async Source Workers:		  0
[2026.08.25-00.42.21:321][244]LogAudio: Display: AudioDevice MaxSources: 32
[2026.08.25-00.42.21:321][244]LogAudio: Display: Audio Spatialization Plugin: None (built-in).
[2026.08.25-00.42.21:321][244]LogAudio: Display: Audio Reverb Plugin: None (built-in).
[2026.08.25-00.42.21:322][244]LogAudio: Display: Audio Occlusion Plugin: None (built-in).
[2026.08.25-00.42.21:322][244]LogAudioMixer: Display: Initializing audio mixer.
[2026.08.25-00.42.21:325][244]LogAudioMixer: Display: 0: FrontLeft
[2026.08.25-00.42.21:325][244]LogAudioMixer: Display: 1: FrontRight
[2026.08.25-00.42.21:341][244]LogAudioMixer: Display: Using Audio Device Altavoces (Realtek(R) Audio)
[2026.08.25-00.42.21:341][244]LogAudioMixer: Display: Initializing Sound Submixes...
[2026.08.25-00.42.21:341][244]LogAudioMixer: Display: Creating Master Submix 'MasterSubmixDefault'
[2026.08.25-00.42.21:341][244]LogAudioMixer: Display: Creating Master Submix 'MasterReverbSubmixDefault'
[2026.08.25-00.42.21:341][244]LogAudioMixer: Display: Creating Master Submix 'MasterEQSubmixDefault'
[2026.08.25-00.42.21:341][244]LogAudioMixer: FMixerPlatformXAudio2::StartAudioStream() called
[2026.08.25-00.42.21:342][244]LogAudioMixer: Display: Output buffers initialized: Frames=1024, Channels=2, Samples=2048
[2026.08.25-00.42.21:342][244]LogAudioMixer: Display: Starting AudioMixerPlatformInterface::RunInternal()
[2026.08.25-00.42.21:342][244]LogAudioMixer: Display: FMixerPlatformXAudio2::SubmitBuffer() called for the first time
[2026.08.25-00.42.21:342][244]LogInit: FAudioDevice initialized.
[2026.08.25-00.42.21:342][244]LogAudio: Display: Audio Device (ID: 72) registered with world 'Brackeys2026Map'.
[2026.08.25-00.42.21:350][244]LogLoad: Game class is 'BrackeysGameMode_C'
[2026.08.25-00.42.21:350][244]LogWorld: Bringing World /Game/Brackeys2026/Levels/UEDPIE_0_Brackeys2026Map.Brackeys2026Map up for play (max tick rate 0) at 2026.08.24-21.42.21
[2026.08.25-00.42.21:350][244]LogWorld: Bringing up level for play took: 0.000551
[2026.08.25-00.42.21:350][244]LogOnline: OSS: Creating online subsystem instance for: :Context_78
[2026.08.25-00.42.21:352][244]PIE: Server logged in
[2026.08.25-00.42.21:353][244]PIE: Play in editor total start time 0.111 seconds.
[2026.08.25-00.42.25:840][627]LogBlueprintUserMessages: [BP_Phone_2] Smell Hint
[2026.08.25-00.42.26:037][644]LogBlueprintUserMessages: [BP_Phone_2] Smell Hint
[2026.08.25-00.42.26:359][672]LogBlueprintUserMessages: [BP_Phone_2] Smell Hint
[2026.08.25-00.42.26:517][686]LogBlueprintUserMessages: [BP_Phone_2] Smell Hint
[2026.08.25-00.42.26:701][702]LogBlueprintUserMessages: [BP_Phone_2] Smell Hint
[2026.08.25-00.42.26:875][717]LogBlueprintUserMessages: [BP_Phone_2] Smell Hint
[2026.08.25-00.42.27:055][733]LogBlueprintUserMessages: [BP_Phone_2] Smell Hint
[2026.08.25-00.42.27:479][770]LogBlueprintUserMessages: [BP_Phone_2] Smell Hint
[2026.08.25-00.42.27:685][788]LogBlueprintUserMessages: [BP_Phone_2] Smell Hint
[2026.08.25-00.42.27:856][803]LogBlueprintUserMessages: [BP_Phone_2] Smell Hint
[2026.08.25-00.42.29:303][926]LogSlate: Updating window title bar state: overlay mode, drag disabled, window buttons hidden, title bar hidden
[2026.08.25-00.42.29:303][926]LogWorld: BeginTearingDown for /Game/Brackeys2026/Levels/UEDPIE_0_Brackeys2026Map
[2026.08.25-00.42.29:303][926]LogWorld: UWorld::CleanupWorld for Brackeys2026Map, bSessionEnded=true, bCleanupResources=true
[2026.08.25-00.42.29:303][926]LogSlate: InvalidateAllWidgets triggered.  All widgets were invalidated
[2026.08.25-00.42.29:316][926]LogPlayLevel: Display: Shutting down PIE online subsystems
[2026.08.25-00.42.29:323][926]LogSlate: InvalidateAllWidgets triggered.  All widgets were invalidated
[2026.08.25-00.42.29:339][926]LogSlate: Updating window title bar state: overlay mode, drag disabled, window buttons hidden, title bar hidden
[2026.08.25-00.42.29:340][926]LogAudioMixer: FMixerPlatformXAudio2::StopAudioStream() called
[2026.08.25-00.42.29:340][926]LogAudioMixer: FMixerPlatformXAudio2::StopAudioStream() called
[2026.08.25-00.42.29:345][926]LogUObjectHash: Compacting FUObjectHashTables data took   1.44ms
[2026.08.25-00.42.29:385][927]LogPlayLevel: Display: Destroying online subsystem :Context_78
[2026.08.25-00.45.13:617][445]LogSavePackage: Moving '../../../../../GameProgramming/BrackeysGameJam/Brackeys-2026/BrackeysJam2026/Saved/BP_Phone73BB16B5441D29E132F8A3A3A07C0A3A.tmp' to '../../../../../GameProgramming/BrackeysGameJam/Brackeys-2026/BrackeysJam2026/Content/Brackeys2026/Objects/Phone/BP_Phone.uasset'
[2026.08.25-00.45.13:646][445]AssetCheck: New page: Asset Save: BP_Phone
[2026.08.25-00.45.13:646][445]LogContentValidation: Display: Validating Blueprint /Game/Brackeys2026/Objects/Phone/BP_Phone.BP_Phone
[2026.08.25-00.45.18:724][793]LogTemp: Repeating last play command: Selected Viewport
[2026.08.25-00.45.18:728][793]BlueprintLog: New page: Pre-Play auto-recompile
[2026.08.25-00.45.18:729][793]LogPlayLevel: [PlayLevel] Compiling BP_Phone before play...
[2026.08.25-00.45.18:791][793]LogUObjectHash: Compacting FUObjectHashTables data took   1.84ms
[2026.08.25-00.45.18:793][793]LogPlayLevel: PlayLevel: Blueprint regeneration took 64 ms (1 blueprints)
[2026.08.25-00.45.18:793][793]PIE: New page: PIE session: Brackeys2026Map (24 ago. 2026 18:45:18)
[2026.08.25-00.45.18:793][793]LogPlayLevel: Creating play world package: /Game/Brackeys2026/Levels/UEDPIE_0_Brackeys2026Map
[2026.08.25-00.45.18:796][793]LogPlayLevel: PIE: StaticDuplicateObject took: (0.002063s)
[2026.08.25-00.45.18:796][793]LogAIModule: Creating AISystem for world Brackeys2026Map
[2026.08.25-00.45.18:796][793]LogPlayLevel: PIE: World Init took: (0.000911s)
[2026.08.25-00.45.18:797][793]LogPlayLevel: PIE: Created PIE world by copying editor world from /Game/Brackeys2026/Levels/Brackeys2026Map.Brackeys2026Map to /Game/Brackeys2026/Levels/UEDPIE_0_Brackeys2026Map.Brackeys2026Map (0.003095s)
[2026.08.25-00.45.18:813][793]LogUObjectHash: Compacting FUObjectHashTables data took   1.50ms
[2026.08.25-00.45.18:813][793]LogAudio: Display: Creating Audio Device:                 Id: 73, Scope: Unique, Realtime: True
[2026.08.25-00.45.18:813][793]LogAudioMixer: Display: Audio Mixer Platform Settings:
[2026.08.25-00.45.18:814][793]LogAudioMixer: Display: 	Sample Rate:						  48000
[2026.08.25-00.45.18:814][793]LogAudioMixer: Display: 	Callback Buffer Frame Size Requested: 1024
[2026.08.25-00.45.18:814][793]LogAudioMixer: Display: 	Callback Buffer Frame Size To Use:	  1024
[2026.08.25-00.45.18:814][793]LogAudioMixer: Display: 	Number of buffers to queue:			  2
[2026.08.25-00.45.18:814][793]LogAudioMixer: Display: 	Max Channels (voices):				  32
[2026.08.25-00.45.18:814][793]LogAudioMixer: Display: 	Number of Async Source Workers:		  0
[2026.08.25-00.45.18:814][793]LogAudio: Display: AudioDevice MaxSources: 32
[2026.08.25-00.45.18:814][793]LogAudio: Display: Audio Spatialization Plugin: None (built-in).
[2026.08.25-00.45.18:814][793]LogAudio: Display: Audio Reverb Plugin: None (built-in).
[2026.08.25-00.45.18:814][793]LogAudio: Display: Audio Occlusion Plugin: None (built-in).
[2026.08.25-00.45.18:814][793]LogAudioMixer: Display: Initializing audio mixer.
[2026.08.25-00.45.18:818][793]LogAudioMixer: Display: 0: FrontLeft
[2026.08.25-00.45.18:818][793]LogAudioMixer: Display: 1: FrontRight
[2026.08.25-00.45.18:834][793]LogAudioMixer: Display: Using Audio Device Altavoces (Realtek(R) Audio)
[2026.08.25-00.45.18:835][793]LogAudioMixer: Display: Initializing Sound Submixes...
[2026.08.25-00.45.18:835][793]LogAudioMixer: Display: Creating Master Submix 'MasterSubmixDefault'
[2026.08.25-00.45.18:835][793]LogAudioMixer: Display: Creating Master Submix 'MasterReverbSubmixDefault'
[2026.08.25-00.45.18:835][793]LogAudioMixer: Display: Creating Master Submix 'MasterEQSubmixDefault'
[2026.08.25-00.45.18:835][793]LogAudioMixer: FMixerPlatformXAudio2::StartAudioStream() called
[2026.08.25-00.45.18:835][793]LogAudioMixer: Display: Output buffers initialized: Frames=1024, Channels=2, Samples=2048
[2026.08.25-00.45.18:836][793]LogAudioMixer: Display: Starting AudioMixerPlatformInterface::RunInternal()
[2026.08.25-00.45.18:836][793]LogAudioMixer: Display: FMixerPlatformXAudio2::SubmitBuffer() called for the first time
[2026.08.25-00.45.18:836][793]LogInit: FAudioDevice initialized.
[2026.08.25-00.45.18:836][793]LogAudio: Display: Audio Device (ID: 73) registered with world 'Brackeys2026Map'.
[2026.08.25-00.45.18:846][793]LogLoad: Game class is 'BrackeysGameMode_C'
[2026.08.25-00.45.18:847][793]LogWorld: Bringing World /Game/Brackeys2026/Levels/UEDPIE_0_Brackeys2026Map.Brackeys2026Map up for play (max tick rate 0) at 2026.08.24-21.45.18
[2026.08.25-00.45.18:847][793]LogWorld: Bringing up level for play took: 0.000558
[2026.08.25-00.45.18:847][793]LogOnline: OSS: Creating online subsystem instance for: :Context_79
[2026.08.25-00.45.18:849][793]PIE: Server logged in
[2026.08.25-00.45.18:850][793]PIE: Play in editor total start time 0.122 seconds.
[2026.08.25-00.45.28:693][650]LogSlate: Updating window title bar state: overlay mode, drag disabled, window buttons hidden, title bar hidden
[2026.08.25-00.45.28:693][650]LogWorld: BeginTearingDown for /Game/Brackeys2026/Levels/UEDPIE_0_Brackeys2026Map
[2026.08.25-00.45.28:693][650]LogWorld: UWorld::CleanupWorld for Brackeys2026Map, bSessionEnded=true, bCleanupResources=true
[2026.08.25-00.45.28:693][650]LogSlate: InvalidateAllWidgets triggered.  All widgets were invalidated
[2026.08.25-00.45.28:711][650]LogPlayLevel: Display: Shutting down PIE online subsystems
[2026.08.25-00.45.28:718][650]LogSlate: InvalidateAllWidgets triggered.  All widgets were invalidated
[2026.08.25-00.45.28:732][650]LogSlate: Updating window title bar state: overlay mode, drag disabled, window buttons hidden, title bar hidden
[2026.08.25-00.45.28:732][650]LogAudioMixer: FMixerPlatformXAudio2::StopAudioStream() called
[2026.08.25-00.45.28:733][650]LogAudioMixer: FMixerPlatformXAudio2::StopAudioStream() called
[2026.08.25-00.45.28:737][650]LogUObjectHash: Compacting FUObjectHashTables data took   1.42ms
[2026.08.25-00.45.28:776][651]LogPlayLevel: Display: Destroying online subsystem :Context_79
[2026.08.25-00.45.36:560][204]LogTemp: Repeating last play command: Selected Viewport
[2026.08.25-00.45.36:565][204]LogPlayLevel: PlayLevel: No blueprints needed recompiling
[2026.08.25-00.45.36:565][204]PIE: New page: PIE session: Brackeys2026Map (24 ago. 2026 18:45:36)
[2026.08.25-00.45.36:565][204]LogPlayLevel: Creating play world package: /Game/Brackeys2026/Levels/UEDPIE_0_Brackeys2026Map
[2026.08.25-00.45.36:567][204]LogPlayLevel: PIE: StaticDuplicateObject took: (0.002072s)
[2026.08.25-00.45.36:568][204]LogAIModule: Creating AISystem for world Brackeys2026Map
[2026.08.25-00.45.36:568][204]LogPlayLevel: PIE: World Init took: (0.000860s)
[2026.08.25-00.45.36:568][204]LogPlayLevel: PIE: Created PIE world by copying editor world from /Game/Brackeys2026/Levels/Brackeys2026Map.Brackeys2026Map to /Game/Brackeys2026/Levels/UEDPIE_0_Brackeys2026Map.Brackeys2026Map (0.003032s)
[2026.08.25-00.45.36:585][204]LogUObjectHash: Compacting FUObjectHashTables data took   1.47ms
[2026.08.25-00.45.36:587][204]LogAudio: Display: Creating Audio Device:                 Id: 74, Scope: Unique, Realtime: True
[2026.08.25-00.45.36:587][204]LogAudioMixer: Display: Audio Mixer Platform Settings:
[2026.08.25-00.45.36:587][204]LogAudioMixer: Display: 	Sample Rate:						  48000
[2026.08.25-00.45.36:587][204]LogAudioMixer: Display: 	Callback Buffer Frame Size Requested: 1024
[2026.08.25-00.45.36:587][204]LogAudioMixer: Display: 	Callback Buffer Frame Size To Use:	  1024
[2026.08.25-00.45.36:587][204]LogAudioMixer: Display: 	Number of buffers to queue:			  2
[2026.08.25-00.45.36:587][204]LogAudioMixer: Display: 	Max Channels (voices):				  32
[2026.08.25-00.45.36:587][204]LogAudioMixer: Display: 	Number of Async Source Workers:		  0
[2026.08.25-00.45.36:587][204]LogAudio: Display: AudioDevice MaxSources: 32
[2026.08.25-00.45.36:588][204]LogAudio: Display: Audio Spatialization Plugin: None (built-in).
[2026.08.25-00.45.36:588][204]LogAudio: Display: Audio Reverb Plugin: None (built-in).
[2026.08.25-00.45.36:588][204]LogAudio: Display: Audio Occlusion Plugin: None (built-in).
[2026.08.25-00.45.36:588][204]LogAudioMixer: Display: Initializing audio mixer.
[2026.08.25-00.45.36:591][204]LogAudioMixer: Display: 0: FrontLeft
[2026.08.25-00.45.36:591][204]LogAudioMixer: Display: 1: FrontRight
[2026.08.25-00.45.36:607][204]LogAudioMixer: Display: Using Audio Device Altavoces (Realtek(R) Audio)
[2026.08.25-00.45.36:607][204]LogAudioMixer: Display: Initializing Sound Submixes...
[2026.08.25-00.45.36:607][204]LogAudioMixer: Display: Creating Master Submix 'MasterSubmixDefault'
[2026.08.25-00.45.36:607][204]LogAudioMixer: Display: Creating Master Submix 'MasterReverbSubmixDefault'
[2026.08.25-00.45.36:608][204]LogAudioMixer: Display: Creating Master Submix 'MasterEQSubmixDefault'
[2026.08.25-00.45.36:608][204]LogAudioMixer: FMixerPlatformXAudio2::StartAudioStream() called
[2026.08.25-00.45.36:608][204]LogAudioMixer: Display: Output buffers initialized: Frames=1024, Channels=2, Samples=2048
[2026.08.25-00.45.36:608][204]LogAudioMixer: Display: Starting AudioMixerPlatformInterface::RunInternal()
[2026.08.25-00.45.36:608][204]LogAudioMixer: Display: FMixerPlatformXAudio2::SubmitBuffer() called for the first time
[2026.08.25-00.45.36:608][204]LogInit: FAudioDevice initialized.
[2026.08.25-00.45.36:608][204]LogAudio: Display: Audio Device (ID: 74) registered with world 'Brackeys2026Map'.
[2026.08.25-00.45.36:613][204]LogLoad: Game class is 'BrackeysGameMode_C'
[2026.08.25-00.45.36:614][204]LogWorld: Bringing World /Game/Brackeys2026/Levels/UEDPIE_0_Brackeys2026Map.Brackeys2026Map up for play (max tick rate 0) at 2026.08.24-21.45.36
[2026.08.25-00.45.36:614][204]LogWorld: Bringing up level for play took: 0.000556
[2026.08.25-00.45.36:614][204]LogOnline: OSS: Creating online subsystem instance for: :Context_80
[2026.08.25-00.45.36:616][204]PIE: Server logged in
[2026.08.25-00.45.36:617][204]PIE: Play in editor total start time 0.053 seconds.
[2026.08.25-00.45.39:212][416]LogSlate: Updating window title bar state: overlay mode, drag disabled, window buttons hidden, title bar hidden
[2026.08.25-00.45.39:212][416]LogWorld: BeginTearingDown for /Game/Brackeys2026/Levels/UEDPIE_0_Brackeys2026Map
[2026.08.25-00.45.39:212][416]LogWorld: UWorld::CleanupWorld for Brackeys2026Map, bSessionEnded=true, bCleanupResources=true
[2026.08.25-00.45.39:212][416]LogSlate: InvalidateAllWidgets triggered.  All widgets were invalidated
[2026.08.25-00.45.39:228][416]LogPlayLevel: Display: Shutting down PIE online subsystems
[2026.08.25-00.45.39:235][416]LogSlate: InvalidateAllWidgets triggered.  All widgets were invalidated
[2026.08.25-00.45.39:249][416]LogSlate: Updating window title bar state: overlay mode, drag disabled, window buttons hidden, title bar hidden
[2026.08.25-00.45.39:250][416]LogAudioMixer: FMixerPlatformXAudio2::StopAudioStream() called
[2026.08.25-00.45.39:251][416]LogAudioMixer: FMixerPlatformXAudio2::StopAudioStream() called
[2026.08.25-00.45.39:255][416]LogUObjectHash: Compacting FUObjectHashTables data took   1.42ms
[2026.08.25-00.45.39:292][417]LogPlayLevel: Display: Destroying online subsystem :Context_80
[2026.08.25-00.45.49:412][102]LogSavePackage: Moving '../../../../../GameProgramming/BrackeysGameJam/Brackeys-2026/BrackeysJam2026/Saved/BP_RevolverEAF3BBBD4837D9A9C680BCAACBF26BDE.tmp' to '../../../../../GameProgramming/BrackeysGameJam/Brackeys-2026/BrackeysJam2026/Content/Brackeys2026/Objects/CoinGun/BP_Revolver.uasset'
[2026.08.25-00.45.49:460][102]AssetCheck: New page: Asset Save: BP_Revolver
[2026.08.25-00.45.49:460][102]LogContentValidation: Display: Validating Blueprint /Game/Brackeys2026/Objects/CoinGun/BP_Revolver.BP_Revolver
[2026.08.25-00.45.52:560][313]LogTemp: Repeating last play command: Selected Viewport
[2026.08.25-00.45.52:564][313]BlueprintLog: New page: Pre-Play auto-recompile
[2026.08.25-00.45.52:567][313]LogPlayLevel: [PlayLevel] Compiling BP_Revolver before play...
[2026.08.25-00.45.52:636][313]LogUObjectHash: Compacting FUObjectHashTables data took   2.03ms
[2026.08.25-00.45.52:638][313]LogPlayLevel: PlayLevel: Blueprint regeneration took 72 ms (1 blueprints)
[2026.08.25-00.45.52:638][313]PIE: New page: PIE session: Brackeys2026Map (24 ago. 2026 18:45:52)
[2026.08.25-00.45.52:638][313]LogPlayLevel: Creating play world package: /Game/Brackeys2026/Levels/UEDPIE_0_Brackeys2026Map
[2026.08.25-00.45.52:640][313]LogPlayLevel: PIE: StaticDuplicateObject took: (0.002018s)
[2026.08.25-00.45.52:640][313]LogAIModule: Creating AISystem for world Brackeys2026Map
[2026.08.25-00.45.52:640][313]LogPlayLevel: PIE: World Init took: (0.000981s)
[2026.08.25-00.45.52:641][313]LogPlayLevel: PIE: Created PIE world by copying editor world from /Game/Brackeys2026/Levels/Brackeys2026Map.Brackeys2026Map to /Game/Brackeys2026/Levels/UEDPIE_0_Brackeys2026Map.Brackeys2026Map (0.003112s)
[2026.08.25-00.45.52:657][313]LogUObjectHash: Compacting FUObjectHashTables data took   1.48ms
[2026.08.25-00.45.52:657][313]LogAudio: Display: Creating Audio Device:                 Id: 75, Scope: Unique, Realtime: True
[2026.08.25-00.45.52:657][313]LogAudioMixer: Display: Audio Mixer Platform Settings:
[2026.08.25-00.45.52:657][313]LogAudioMixer: Display: 	Sample Rate:						  48000
[2026.08.25-00.45.52:657][313]LogAudioMixer: Display: 	Callback Buffer Frame Size Requested: 1024
[2026.08.25-00.45.52:657][313]LogAudioMixer: Display: 	Callback Buffer Frame Size To Use:	  1024
[2026.08.25-00.45.52:657][313]LogAudioMixer: Display: 	Number of buffers to queue:			  2
[2026.08.25-00.45.52:657][313]LogAudioMixer: Display: 	Max Channels (voices):				  32
[2026.08.25-00.45.52:657][313]LogAudioMixer: Display: 	Number of Async Source Workers:		  0
[2026.08.25-00.45.52:657][313]LogAudio: Display: AudioDevice MaxSources: 32
[2026.08.25-00.45.52:657][313]LogAudio: Display: Audio Spatialization Plugin: None (built-in).
[2026.08.25-00.45.52:657][313]LogAudio: Display: Audio Reverb Plugin: None (built-in).
[2026.08.25-00.45.52:657][313]LogAudio: Display: Audio Occlusion Plugin: None (built-in).
[2026.08.25-00.45.52:657][313]LogAudioMixer: Display: Initializing audio mixer.
[2026.08.25-00.45.52:661][313]LogAudioMixer: Display: 0: FrontLeft
[2026.08.25-00.45.52:661][313]LogAudioMixer: Display: 1: FrontRight
[2026.08.25-00.45.52:676][313]LogAudioMixer: Display: Using Audio Device Altavoces (Realtek(R) Audio)
[2026.08.25-00.45.52:676][313]LogAudioMixer: Display: Initializing Sound Submixes...
[2026.08.25-00.45.52:676][313]LogAudioMixer: Display: Creating Master Submix 'MasterSubmixDefault'
[2026.08.25-00.45.52:676][313]LogAudioMixer: Display: Creating Master Submix 'MasterReverbSubmixDefault'
[2026.08.25-00.45.52:677][313]LogAudioMixer: Display: Creating Master Submix 'MasterEQSubmixDefault'
[2026.08.25-00.45.52:677][313]LogAudioMixer: FMixerPlatformXAudio2::StartAudioStream() called
[2026.08.25-00.45.52:677][313]LogAudioMixer: Display: Output buffers initialized: Frames=1024, Channels=2, Samples=2048
[2026.08.25-00.45.52:677][313]LogAudioMixer: Display: Starting AudioMixerPlatformInterface::RunInternal()
[2026.08.25-00.45.52:677][313]LogAudioMixer: Display: FMixerPlatformXAudio2::SubmitBuffer() called for the first time
[2026.08.25-00.45.52:677][313]LogInit: FAudioDevice initialized.
[2026.08.25-00.45.52:677][313]LogAudio: Display: Audio Device (ID: 75) registered with world 'Brackeys2026Map'.
[2026.08.25-00.45.52:682][313]LogLoad: Game class is 'BrackeysGameMode_C'
[2026.08.25-00.45.52:683][313]LogWorld: Bringing World /Game/Brackeys2026/Levels/UEDPIE_0_Brackeys2026Map.Brackeys2026Map up for play (max tick rate 0) at 2026.08.24-21.45.52
[2026.08.25-00.45.52:683][313]LogWorld: Bringing up level for play took: 0.000587
[2026.08.25-00.45.52:683][313]LogOnline: OSS: Creating online subsystem instance for: :Context_81
[2026.08.25-00.45.52:685][313]LogBlueprintUserMessages: [BP_Phone_2] 1
[2026.08.25-00.45.52:685][313]PIE: Server logged in
[2026.08.25-00.45.52:686][313]PIE: Play in editor total start time 0.123 seconds.
[2026.08.25-00.45.54:515][466]LogBlueprintUserMessages: [BP_Phone_2] Smell Hint
[2026.08.25-00.45.55:206][527]LogBlueprintUserMessages: [BP_Phone_2] Smell Hint
[2026.08.25-00.45.55:921][590]LogBlueprintUserMessages: [BP_Phone_2] Smell Hint
[2026.08.25-00.45.56:706][660]LogBlueprintUserMessages: [BP_Phone_2] Smell Hint
[2026.08.25-00.45.57:484][729]LogBlueprintUserMessages: [BP_Phone_2] Smell Hint
[2026.08.25-00.45.58:249][796]LogBlueprintUserMessages: [BP_Phone_2] Smell Hint
[2026.08.25-00.46.03:369][187]LogBlueprintUserMessages: [BP_Phone_2] Smell Hint
[2026.08.25-00.46.04:090][251]LogBlueprintUserMessages: [BP_Phone_2] Smell Hint
[2026.08.25-00.46.04:356][274]LogBlueprintUserMessages: [BP_Phone_2] Smell Hint
[2026.08.25-00.46.04:563][291]LogBlueprintUserMessages: [BP_Phone_2] Smell Hint
[2026.08.25-00.46.04:757][308]LogBlueprintUserMessages: [BP_Phone_2] Smell Hint
[2026.08.25-00.46.10:133][772]LogSlate: Updating window title bar state: overlay mode, drag disabled, window buttons hidden, title bar hidden
[2026.08.25-00.46.10:133][772]LogWorld: BeginTearingDown for /Game/Brackeys2026/Levels/UEDPIE_0_Brackeys2026Map
[2026.08.25-00.46.10:133][772]LogWorld: UWorld::CleanupWorld for Brackeys2026Map, bSessionEnded=true, bCleanupResources=true
[2026.08.25-00.46.10:133][772]LogSlate: InvalidateAllWidgets triggered.  All widgets were invalidated
[2026.08.25-00.46.10:151][772]LogPlayLevel: Display: Shutting down PIE online subsystems
[2026.08.25-00.46.10:158][772]LogSlate: InvalidateAllWidgets triggered.  All widgets were invalidated
[2026.08.25-00.46.10:174][772]LogSlate: Updating window title bar state: overlay mode, drag disabled, window buttons hidden, title bar hidden
[2026.08.25-00.46.10:174][772]LogAudioMixer: FMixerPlatformXAudio2::StopAudioStream() called
[2026.08.25-00.46.10:175][772]LogAudioMixer: FMixerPlatformXAudio2::StopAudioStream() called
[2026.08.25-00.46.10:179][772]LogUObjectHash: Compacting FUObjectHashTables data took   1.39ms
[2026.08.25-00.46.10:218][773]LogPlayLevel: Display: Destroying online subsystem :Context_81
[2026.08.25-00.46.19:951][427]LogSavePackage: Moving '../../../../../GameProgramming/BrackeysGameJam/Brackeys-2026/BrackeysJam2026/Saved/BP_RevolverF9C112194AC9E064BF1E40933712C8EC.tmp' to '../../../../../GameProgramming/BrackeysGameJam/Brackeys-2026/BrackeysJam2026/Content/Brackeys2026/Objects/CoinGun/BP_Revolver.uasset'
[2026.08.25-00.46.20:000][427]AssetCheck: New page: Asset Save: BP_Revolver
[2026.08.25-00.46.20:000][427]LogContentValidation: Display: Validating Blueprint /Game/Brackeys2026/Objects/CoinGun/BP_Revolver.BP_Revolver
[2026.08.25-00.46.21:784][544]LogTemp: Repeating last play command: Selected Viewport
[2026.08.25-00.46.21:788][544]BlueprintLog: New page: Pre-Play auto-recompile
[2026.08.25-00.46.21:790][544]LogPlayLevel: [PlayLevel] Compiling BP_Revolver before play...
[2026.08.25-00.46.21:859][544]LogUObjectHash: Compacting FUObjectHashTables data took   1.74ms
[2026.08.25-00.46.21:861][544]LogPlayLevel: PlayLevel: Blueprint regeneration took 72 ms (1 blueprints)
[2026.08.25-00.46.21:861][544]PIE: New page: PIE session: Brackeys2026Map (24 ago. 2026 18:46:21)
[2026.08.25-00.46.21:861][544]LogPlayLevel: Creating play world package: /Game/Brackeys2026/Levels/UEDPIE_0_Brackeys2026Map
[2026.08.25-00.46.21:863][544]LogPlayLevel: PIE: StaticDuplicateObject took: (0.001901s)
[2026.08.25-00.46.21:864][544]LogAIModule: Creating AISystem for world Brackeys2026Map
[2026.08.25-00.46.21:864][544]LogPlayLevel: PIE: World Init took: (0.000872s)
[2026.08.25-00.46.21:864][544]LogPlayLevel: PIE: Created PIE world by copying editor world from /Game/Brackeys2026/Levels/Brackeys2026Map.Brackeys2026Map to /Game/Brackeys2026/Levels/UEDPIE_0_Brackeys2026Map.Brackeys2026Map (0.002872s)
[2026.08.25-00.46.21:879][544]LogUObjectHash: Compacting FUObjectHashTables data took   1.51ms
[2026.08.25-00.46.21:881][544]LogAudio: Display: Creating Audio Device:                 Id: 76, Scope: Unique, Realtime: True
[2026.08.25-00.46.21:881][544]LogAudioMixer: Display: Audio Mixer Platform Settings:
[2026.08.25-00.46.21:881][544]LogAudioMixer: Display: 	Sample Rate:						  48000
[2026.08.25-00.46.21:881][544]LogAudioMixer: Display: 	Callback Buffer Frame Size Requested: 1024
[2026.08.25-00.46.21:881][544]LogAudioMixer: Display: 	Callback Buffer Frame Size To Use:	  1024
[2026.08.25-00.46.21:881][544]LogAudioMixer: Display: 	Number of buffers to queue:			  2
[2026.08.25-00.46.21:881][544]LogAudioMixer: Display: 	Max Channels (voices):				  32
[2026.08.25-00.46.21:881][544]LogAudioMixer: Display: 	Number of Async Source Workers:		  0
[2026.08.25-00.46.21:881][544]LogAudio: Display: AudioDevice MaxSources: 32
[2026.08.25-00.46.21:881][544]LogAudio: Display: Audio Spatialization Plugin: None (built-in).
[2026.08.25-00.46.21:881][544]LogAudio: Display: Audio Reverb Plugin: None (built-in).
[2026.08.25-00.46.21:881][544]LogAudio: Display: Audio Occlusion Plugin: None (built-in).
[2026.08.25-00.46.21:881][544]LogAudioMixer: Display: Initializing audio mixer.
[2026.08.25-00.46.21:885][544]LogAudioMixer: Display: 0: FrontLeft
[2026.08.25-00.46.21:885][544]LogAudioMixer: Display: 1: FrontRight
[2026.08.25-00.46.21:900][544]LogAudioMixer: Display: Using Audio Device Altavoces (Realtek(R) Audio)
[2026.08.25-00.46.21:901][544]LogAudioMixer: Display: Initializing Sound Submixes...
[2026.08.25-00.46.21:901][544]LogAudioMixer: Display: Creating Master Submix 'MasterSubmixDefault'
[2026.08.25-00.46.21:901][544]LogAudioMixer: Display: Creating Master Submix 'MasterReverbSubmixDefault'
[2026.08.25-00.46.21:901][544]LogAudioMixer: Display: Creating Master Submix 'MasterEQSubmixDefault'
[2026.08.25-00.46.21:901][544]LogAudioMixer: FMixerPlatformXAudio2::StartAudioStream() called
[2026.08.25-00.46.21:901][544]LogAudioMixer: Display: Output buffers initialized: Frames=1024, Channels=2, Samples=2048
[2026.08.25-00.46.21:902][544]LogAudioMixer: Display: Starting AudioMixerPlatformInterface::RunInternal()
[2026.08.25-00.46.21:902][544]LogAudioMixer: Display: FMixerPlatformXAudio2::SubmitBuffer() called for the first time
[2026.08.25-00.46.21:902][544]LogInit: FAudioDevice initialized.
[2026.08.25-00.46.21:902][544]LogAudio: Display: Audio Device (ID: 76) registered with world 'Brackeys2026Map'.
[2026.08.25-00.46.21:909][544]LogLoad: Game class is 'BrackeysGameMode_C'
[2026.08.25-00.46.21:910][544]LogWorld: Bringing World /Game/Brackeys2026/Levels/UEDPIE_0_Brackeys2026Map.Brackeys2026Map up for play (max tick rate 0) at 2026.08.24-21.46.21
[2026.08.25-00.46.21:910][544]LogWorld: Bringing up level for play took: 0.000551
[2026.08.25-00.46.21:910][544]LogOnline: OSS: Creating online subsystem instance for: :Context_82
[2026.08.25-00.46.21:911][544]LogBlueprintUserMessages: [BP_Phone_2] 1
[2026.08.25-00.46.21:911][544]LogBlueprintUserMessages: [BP_Phone_2] 2
[2026.08.25-00.46.21:912][544]PIE: Server logged in
[2026.08.25-00.46.21:912][544]PIE: Play in editor total start time 0.125 seconds.
[2026.08.25-00.46.25:312][818]LogBlueprintUserMessages: [BP_Phone_2] Smell Hint
[2026.08.25-00.46.27:456][  9]LogBlueprintUserMessages: [BP_Phone_2] Killer Hint
[2026.08.25-00.46.29:732][210]LogBlueprintUserMessages: [BP_Phone_2] Killer Hint
[2026.08.25-00.46.30:707][295]LogBlueprintUserMessages: [BP_Phone_2] Killer Hint
[2026.08.25-00.46.31:091][329]LogBlueprintUserMessages: [BP_Phone_2] Killer Hint
[2026.08.25-00.46.31:402][357]LogBlueprintUserMessages: [BP_Phone_2] Killer Hint
[2026.08.25-00.46.32:974][496]LogBlueprintUserMessages: [BP_Phone_2] Killer Hint
[2026.08.25-00.46.33:342][528]LogBlueprintUserMessages: [BP_Phone_2] Killer Hint
[2026.08.25-00.46.33:634][554]LogBlueprintUserMessages: [BP_Phone_2] Smell Hint
[2026.08.25-00.46.33:894][577]LogBlueprintUserMessages: [BP_Phone_2] Killer Hint
[2026.08.25-00.46.34:199][604]LogBlueprintUserMessages: [BP_Phone_2] Killer Hint
[2026.08.25-00.46.34:431][625]LogBlueprintUserMessages: [BP_Phone_2] Killer Hint
[2026.08.25-00.46.34:656][644]LogBlueprintUserMessages: [BP_Phone_2] Smell Hint
[2026.08.25-00.46.34:873][663]LogBlueprintUserMessages: [BP_Phone_2] Smell Hint
[2026.08.25-00.46.35:079][681]LogBlueprintUserMessages: [BP_Phone_2] Killer Hint
[2026.08.25-00.46.35:288][699]LogBlueprintUserMessages: [BP_Phone_2] Killer Hint
[2026.08.25-00.46.35:484][716]LogBlueprintUserMessages: [BP_Phone_2] Killer Hint
[2026.08.25-00.46.35:665][732]LogBlueprintUserMessages: [BP_Phone_2] Killer Hint
[2026.08.25-00.46.35:867][750]LogBlueprintUserMessages: [BP_Phone_2] Killer Hint
[2026.08.25-00.46.36:064][767]LogBlueprintUserMessages: [BP_Phone_2] Killer Hint
[2026.08.25-00.46.36:237][782]LogBlueprintUserMessages: [BP_Phone_2] Killer Hint
[2026.08.25-00.46.36:408][797]LogBlueprintUserMessages: [BP_Phone_2] Killer Hint
[2026.08.25-00.46.36:591][813]LogBlueprintUserMessages: [BP_Phone_2] Smell Hint
[2026.08.25-00.46.45:782][602]LogSlate: Updating window title bar state: overlay mode, drag disabled, window buttons hidden, title bar hidden
[2026.08.25-00.46.45:782][602]LogWorld: BeginTearingDown for /Game/Brackeys2026/Levels/UEDPIE_0_Brackeys2026Map
[2026.08.25-00.46.45:783][602]LogWorld: UWorld::CleanupWorld for Brackeys2026Map, bSessionEnded=true, bCleanupResources=true
[2026.08.25-00.46.45:783][602]LogSlate: InvalidateAllWidgets triggered.  All widgets were invalidated
[2026.08.25-00.46.45:808][602]LogPlayLevel: Display: Shutting down PIE online subsystems
[2026.08.25-00.46.45:815][602]LogSlate: InvalidateAllWidgets triggered.  All widgets were invalidated
[2026.08.25-00.46.45:831][602]LogSlate: Updating window title bar state: overlay mode, drag disabled, window buttons hidden, title bar hidden
[2026.08.25-00.46.45:831][602]LogAudioMixer: FMixerPlatformXAudio2::StopAudioStream() called
[2026.08.25-00.46.45:832][602]LogAudioMixer: FMixerPlatformXAudio2::StopAudioStream() called
[2026.08.25-00.46.45:836][602]LogUObjectHash: Compacting FUObjectHashTables data took   1.43ms
[2026.08.25-00.46.45:876][603]LogPlayLevel: Display: Destroying online subsystem :Context_82
[2026.08.25-00.46.57:763][132]LogSavePackage: Moving '../../../../../GameProgramming/BrackeysGameJam/Brackeys-2026/BrackeysJam2026/Saved/BP_RevolverE2AB4370464AA7A358780F83EB9D1A89.tmp' to '../../../../../GameProgramming/BrackeysGameJam/Brackeys-2026/BrackeysJam2026/Content/Brackeys2026/Objects/CoinGun/BP_Revolver.uasset'
[2026.08.25-00.46.57:808][132]AssetCheck: New page: Asset Save: BP_Revolver
[2026.08.25-00.46.57:808][132]LogContentValidation: Display: Validating Blueprint /Game/Brackeys2026/Objects/CoinGun/BP_Revolver.BP_Revolver
[2026.08.25-00.46.59:604][250]LogTemp: Repeating last play command: Selected Viewport
[2026.08.25-00.46.59:609][250]BlueprintLog: New page: Pre-Play auto-recompile
[2026.08.25-00.46.59:611][250]LogPlayLevel: [PlayLevel] Compiling BP_Revolver before play...
[2026.08.25-00.46.59:678][250]LogUObjectHash: Compacting FUObjectHashTables data took   1.76ms
[2026.08.25-00.46.59:679][250]LogPlayLevel: PlayLevel: Blueprint regeneration took 70 ms (1 blueprints)
[2026.08.25-00.46.59:680][250]PIE: New page: PIE session: Brackeys2026Map (24 ago. 2026 18:46:59)
[2026.08.25-00.46.59:680][250]LogPlayLevel: Creating play world package: /Game/Brackeys2026/Levels/UEDPIE_0_Brackeys2026Map
[2026.08.25-00.46.59:681][250]LogPlayLevel: PIE: StaticDuplicateObject took: (0.001885s)
[2026.08.25-00.46.59:682][250]LogAIModule: Creating AISystem for world Brackeys2026Map
[2026.08.25-00.46.59:682][250]LogPlayLevel: PIE: World Init took: (0.000913s)
[2026.08.25-00.46.59:682][250]LogPlayLevel: PIE: Created PIE world by copying editor world from /Game/Brackeys2026/Levels/Brackeys2026Map.Brackeys2026Map to /Game/Brackeys2026/Levels/UEDPIE_0_Brackeys2026Map.Brackeys2026Map (0.002897s)
[2026.08.25-00.46.59:698][250]LogUObjectHash: Compacting FUObjectHashTables data took   1.46ms
[2026.08.25-00.46.59:698][250]LogAudio: Display: Creating Audio Device:                 Id: 77, Scope: Unique, Realtime: True
[2026.08.25-00.46.59:699][250]LogAudioMixer: Display: Audio Mixer Platform Settings:
[2026.08.25-00.46.59:699][250]LogAudioMixer: Display: 	Sample Rate:						  48000
[2026.08.25-00.46.59:699][250]LogAudioMixer: Display: 	Callback Buffer Frame Size Requested: 1024
[2026.08.25-00.46.59:699][250]LogAudioMixer: Display: 	Callback Buffer Frame Size To Use:	  1024
[2026.08.25-00.46.59:699][250]LogAudioMixer: Display: 	Number of buffers to queue:			  2
[2026.08.25-00.46.59:699][250]LogAudioMixer: Display: 	Max Channels (voices):				  32
[2026.08.25-00.46.59:699][250]LogAudioMixer: Display: 	Number of Async Source Workers:		  0
[2026.08.25-00.46.59:699][250]LogAudio: Display: AudioDevice MaxSources: 32
[2026.08.25-00.46.59:699][250]LogAudio: Display: Audio Spatialization Plugin: None (built-in).
[2026.08.25-00.46.59:699][250]LogAudio: Display: Audio Reverb Plugin: None (built-in).
[2026.08.25-00.46.59:699][250]LogAudio: Display: Audio Occlusion Plugin: None (built-in).
[2026.08.25-00.46.59:699][250]LogAudioMixer: Display: Initializing audio mixer.
[2026.08.25-00.46.59:703][250]LogAudioMixer: Display: 0: FrontLeft
[2026.08.25-00.46.59:703][250]LogAudioMixer: Display: 1: FrontRight
[2026.08.25-00.46.59:717][250]LogAudioMixer: Display: Using Audio Device Altavoces (Realtek(R) Audio)
[2026.08.25-00.46.59:717][250]LogAudioMixer: Display: Initializing Sound Submixes...
[2026.08.25-00.46.59:718][250]LogAudioMixer: Display: Creating Master Submix 'MasterSubmixDefault'
[2026.08.25-00.46.59:718][250]LogAudioMixer: Display: Creating Master Submix 'MasterReverbSubmixDefault'
[2026.08.25-00.46.59:718][250]LogAudioMixer: Display: Creating Master Submix 'MasterEQSubmixDefault'
[2026.08.25-00.46.59:718][250]LogAudioMixer: FMixerPlatformXAudio2::StartAudioStream() called
[2026.08.25-00.46.59:718][250]LogAudioMixer: Display: Output buffers initialized: Frames=1024, Channels=2, Samples=2048
[2026.08.25-00.46.59:718][250]LogAudioMixer: Display: Starting AudioMixerPlatformInterface::RunInternal()
[2026.08.25-00.46.59:720][250]LogAudioMixer: Display: FMixerPlatformXAudio2::SubmitBuffer() called for the first time
[2026.08.25-00.46.59:720][250]LogInit: FAudioDevice initialized.
[2026.08.25-00.46.59:720][250]LogAudio: Display: Audio Device (ID: 77) registered with world 'Brackeys2026Map'.
[2026.08.25-00.46.59:728][250]LogLoad: Game class is 'BrackeysGameMode_C'
[2026.08.25-00.46.59:729][250]LogWorld: Bringing World /Game/Brackeys2026/Levels/UEDPIE_0_Brackeys2026Map.Brackeys2026Map up for play (max tick rate 0) at 2026.08.24-21.46.59
[2026.08.25-00.46.59:729][250]LogWorld: Bringing up level for play took: 0.000546
[2026.08.25-00.46.59:729][250]LogOnline: OSS: Creating online subsystem instance for: :Context_83
[2026.08.25-00.46.59:732][250]LogBlueprintUserMessages: [BP_Phone_2] 1
[2026.08.25-00.46.59:732][250]LogBlueprintUserMessages: [BP_Phone_2] 2
[2026.08.25-00.46.59:732][250]LogBlueprintUserMessages: [BP_Phone_2] 3
[2026.08.25-00.46.59:732][250]PIE: Server logged in
[2026.08.25-00.46.59:733][250]PIE: Play in editor total start time 0.125 seconds.
[2026.08.25-00.47.00:842][343]LogBlueprintUserMessages: [BP_Phone_2] Killer Hint
[2026.08.25-00.47.01:659][415]LogBlueprintUserMessages: [BP_Phone_2] Weight Hint
[2026.08.25-00.47.02:398][481]LogBlueprintUserMessages: [BP_Phone_2] Killer Hint
[2026.08.25-00.47.02:787][516]LogBlueprintUserMessages: [BP_Phone_2] Killer Hint
[2026.08.25-00.47.03:150][548]LogBlueprintUserMessages: [BP_Phone_2] Weight Hint
[2026.08.25-00.47.03:484][578]LogBlueprintUserMessages: [BP_Phone_2] Smell Hint
[2026.08.25-00.47.03:704][598]LogBlueprintUserMessages: [BP_Phone_2] Smell Hint
[2026.08.25-00.47.03:876][613]LogBlueprintUserMessages: [BP_Phone_2] Weight Hint
[2026.08.25-00.47.05:052][704]LogSlate: Updating window title bar state: overlay mode, drag disabled, window buttons hidden, title bar hidden
[2026.08.25-00.47.05:052][704]LogWorld: BeginTearingDown for /Game/Brackeys2026/Levels/UEDPIE_0_Brackeys2026Map
[2026.08.25-00.47.05:053][704]LogWorld: UWorld::CleanupWorld for Brackeys2026Map, bSessionEnded=true, bCleanupResources=true
[2026.08.25-00.47.05:053][704]LogSlate: InvalidateAllWidgets triggered.  All widgets were invalidated
[2026.08.25-00.47.05:071][704]LogPlayLevel: Display: Shutting down PIE online subsystems
[2026.08.25-00.47.05:077][704]LogSlate: InvalidateAllWidgets triggered.  All widgets were invalidated
[2026.08.25-00.47.05:091][704]LogSlate: Updating window title bar state: overlay mode, drag disabled, window buttons hidden, title bar hidden
[2026.08.25-00.47.05:091][704]LogAudioMixer: FMixerPlatformXAudio2::StopAudioStream() called
[2026.08.25-00.47.05:092][704]LogAudioMixer: FMixerPlatformXAudio2::StopAudioStream() called
[2026.08.25-00.47.05:097][704]LogUObjectHash: Compacting FUObjectHashTables data took   1.40ms
[2026.08.25-00.47.05:136][705]LogPlayLevel: Display: Destroying online subsystem :Context_83
[2026.08.25-00.47.14:258][ 96]LogSavePackage: Moving '../../../../../GameProgramming/BrackeysGameJam/Brackeys-2026/BrackeysJam2026/Saved/BP_Phone5FADDF4D4CFF9D9E0FDD54A2ABBC5E3C.tmp' to '../../../../../GameProgramming/BrackeysGameJam/Brackeys-2026/BrackeysJam2026/Content/Brackeys2026/Objects/Phone/BP_Phone.uasset'
[2026.08.25-00.47.14:290][ 96]AssetCheck: New page: Asset Save: BP_Phone
[2026.08.25-00.47.14:290][ 96]LogContentValidation: Display: Validating Blueprint /Game/Brackeys2026/Objects/Phone/BP_Phone.BP_Phone
[2026.08.25-00.47.29:049][150]LogSavePackage: Moving '../../../../../GameProgramming/BrackeysGameJam/Brackeys-2026/BrackeysJam2026/Saved/BP_Phone9EAE8A484F00F85A72827F93E62A7752.tmp' to '../../../../../GameProgramming/BrackeysGameJam/Brackeys-2026/BrackeysJam2026/Content/Brackeys2026/Objects/Phone/BP_Phone.uasset'
[2026.08.25-00.47.29:087][150]AssetCheck: New page: Asset Save: BP_Phone
[2026.08.25-00.47.29:087][150]LogContentValidation: Display: Validating Blueprint /Game/Brackeys2026/Objects/Phone/BP_Phone.BP_Phone
[2026.08.25-00.47.30:556][252]LogTemp: Repeating last play command: Selected Viewport
[2026.08.25-00.47.30:561][252]BlueprintLog: New page: Pre-Play auto-recompile
[2026.08.25-00.47.30:562][252]LogPlayLevel: [PlayLevel] Compiling BP_Phone before play...
[2026.08.25-00.47.30:618][252]LogUObjectHash: Compacting FUObjectHashTables data took   2.24ms
[2026.08.25-00.47.30:620][252]LogPlayLevel: PlayLevel: Blueprint regeneration took 59 ms (1 blueprints)
[2026.08.25-00.47.30:620][252]PIE: New page: PIE session: Brackeys2026Map (24 ago. 2026 18:47:30)
[2026.08.25-00.47.30:620][252]LogPlayLevel: Creating play world package: /Game/Brackeys2026/Levels/UEDPIE_0_Brackeys2026Map
[2026.08.25-00.47.30:622][252]LogPlayLevel: PIE: StaticDuplicateObject took: (0.002066s)
[2026.08.25-00.47.30:623][252]LogAIModule: Creating AISystem for world Brackeys2026Map
[2026.08.25-00.47.30:623][252]LogPlayLevel: PIE: World Init took: (0.000890s)
[2026.08.25-00.47.30:623][252]LogPlayLevel: PIE: Created PIE world by copying editor world from /Game/Brackeys2026/Levels/Brackeys2026Map.Brackeys2026Map to /Game/Brackeys2026/Levels/UEDPIE_0_Brackeys2026Map.Brackeys2026Map (0.003062s)
[2026.08.25-00.47.30:639][252]LogUObjectHash: Compacting FUObjectHashTables data took   1.46ms
[2026.08.25-00.47.30:639][252]LogAudio: Display: Creating Audio Device:                 Id: 78, Scope: Unique, Realtime: True
[2026.08.25-00.47.30:639][252]LogAudioMixer: Display: Audio Mixer Platform Settings:
[2026.08.25-00.47.30:639][252]LogAudioMixer: Display: 	Sample Rate:						  48000
[2026.08.25-00.47.30:639][252]LogAudioMixer: Display: 	Callback Buffer Frame Size Requested: 1024
[2026.08.25-00.47.30:639][252]LogAudioMixer: Display: 	Callback Buffer Frame Size To Use:	  1024
[2026.08.25-00.47.30:639][252]LogAudioMixer: Display: 	Number of buffers to queue:			  2
[2026.08.25-00.47.30:639][252]LogAudioMixer: Display: 	Max Channels (voices):				  32
[2026.08.25-00.47.30:639][252]LogAudioMixer: Display: 	Number of Async Source Workers:		  0
[2026.08.25-00.47.30:639][252]LogAudio: Display: AudioDevice MaxSources: 32
[2026.08.25-00.47.30:639][252]LogAudio: Display: Audio Spatialization Plugin: None (built-in).
[2026.08.25-00.47.30:639][252]LogAudio: Display: Audio Reverb Plugin: None (built-in).
[2026.08.25-00.47.30:639][252]LogAudio: Display: Audio Occlusion Plugin: None (built-in).
[2026.08.25-00.47.30:639][252]LogAudioMixer: Display: Initializing audio mixer.
[2026.08.25-00.47.30:644][252]LogAudioMixer: Display: 0: FrontLeft
[2026.08.25-00.47.30:644][252]LogAudioMixer: Display: 1: FrontRight
[2026.08.25-00.47.30:659][252]LogAudioMixer: Display: Using Audio Device Altavoces (Realtek(R) Audio)
[2026.08.25-00.47.30:659][252]LogAudioMixer: Display: Initializing Sound Submixes...
[2026.08.25-00.47.30:660][252]LogAudioMixer: Display: Creating Master Submix 'MasterSubmixDefault'
[2026.08.25-00.47.30:660][252]LogAudioMixer: Display: Creating Master Submix 'MasterReverbSubmixDefault'
[2026.08.25-00.47.30:660][252]LogAudioMixer: Display: Creating Master Submix 'MasterEQSubmixDefault'
[2026.08.25-00.47.30:660][252]LogAudioMixer: FMixerPlatformXAudio2::StartAudioStream() called
[2026.08.25-00.47.30:660][252]LogAudioMixer: Display: Output buffers initialized: Frames=1024, Channels=2, Samples=2048
[2026.08.25-00.47.30:661][252]LogAudioMixer: Display: Starting AudioMixerPlatformInterface::RunInternal()
[2026.08.25-00.47.30:661][252]LogAudioMixer: Display: FMixerPlatformXAudio2::SubmitBuffer() called for the first time
[2026.08.25-00.47.30:661][252]LogInit: FAudioDevice initialized.
[2026.08.25-00.47.30:661][252]LogAudio: Display: Audio Device (ID: 78) registered with world 'Brackeys2026Map'.
[2026.08.25-00.47.30:667][252]LogLoad: Game class is 'BrackeysGameMode_C'
[2026.08.25-00.47.30:668][252]LogWorld: Bringing World /Game/Brackeys2026/Levels/UEDPIE_0_Brackeys2026Map.Brackeys2026Map up for play (max tick rate 0) at 2026.08.24-21.47.30
[2026.08.25-00.47.30:668][252]LogWorld: Bringing up level for play took: 0.000540
[2026.08.25-00.47.30:668][252]LogOnline: OSS: Creating online subsystem instance for: :Context_84
[2026.08.25-00.47.30:670][252]LogBlueprintUserMessages: [BP_Phone_2] 1
[2026.08.25-00.47.30:670][252]LogBlueprintUserMessages: [BP_Phone_2] 2
[2026.08.25-00.47.30:670][252]LogBlueprintUserMessages: [BP_Phone_2] 3
[2026.08.25-00.47.30:670][252]PIE: Server logged in
[2026.08.25-00.47.30:670][252]PIE: Play in editor total start time 0.111 seconds.
[2026.08.25-00.47.31:829][348]LogBlueprintUserMessages: [BP_Phone_2] Weight Hint
[2026.08.25-00.47.32:206][381]LogBlueprintUserMessages: [BP_Phone_2] Killer Hint
[2026.08.25-00.47.32:368][395]LogBlueprintUserMessages: [BP_Phone_2] Weight Hint
[2026.08.25-00.47.32:536][410]LogBlueprintUserMessages: [BP_Phone_2] Killer Hint
[2026.08.25-00.47.32:683][423]LogBlueprintUserMessages: [BP_Phone_2] Weight Hint
[2026.08.25-00.47.33:983][526]LogSlate: Updating window title bar state: overlay mode, drag disabled, window buttons hidden, title bar hidden
[2026.08.25-00.47.33:983][526]LogWorld: BeginTearingDown for /Game/Brackeys2026/Levels/UEDPIE_0_Brackeys2026Map
[2026.08.25-00.47.33:983][526]LogWorld: UWorld::CleanupWorld for Brackeys2026Map, bSessionEnded=true, bCleanupResources=true
[2026.08.25-00.47.33:983][526]LogSlate: InvalidateAllWidgets triggered.  All widgets were invalidated
[2026.08.25-00.47.34:000][526]LogPlayLevel: Display: Shutting down PIE online subsystems
[2026.08.25-00.47.34:007][526]LogSlate: InvalidateAllWidgets triggered.  All widgets were invalidated
[2026.08.25-00.47.34:021][526]LogSlate: Updating window title bar state: overlay mode, drag disabled, window buttons hidden, title bar hidden
[2026.08.25-00.47.34:021][526]LogAudioMixer: FMixerPlatformXAudio2::StopAudioStream() called
[2026.08.25-00.47.34:023][526]LogAudioMixer: FMixerPlatformXAudio2::StopAudioStream() called
[2026.08.25-00.47.34:027][526]LogUObjectHash: Compacting FUObjectHashTables data took   1.40ms
[2026.08.25-00.47.34:065][527]LogPlayLevel: Display: Destroying online subsystem :Context_84
[2026.08.25-00.47.58:378][379]LogSavePackage: Moving '../../../../../GameProgramming/BrackeysGameJam/Brackeys-2026/BrackeysJam2026/Saved/BP_PhoneBA16EA87461C2B899B3B7AB822CEC231.tmp' to '../../../../../GameProgramming/BrackeysGameJam/Brackeys-2026/BrackeysJam2026/Content/Brackeys2026/Objects/Phone/BP_Phone.uasset'
[2026.08.25-00.47.58:412][379]AssetCheck: New page: Asset Save: BP_Phone
[2026.08.25-00.47.58:412][379]LogContentValidation: Display: Validating Blueprint /Game/Brackeys2026/Objects/Phone/BP_Phone.BP_Phone
[2026.08.25-00.48.07:189][ 10]LogSavePackage: Moving '../../../../../GameProgramming/BrackeysGameJam/Brackeys-2026/BrackeysJam2026/Saved/BP_Phone4C62DE3749221C840C41DB9A61F73EFF.tmp' to '../../../../../GameProgramming/BrackeysGameJam/Brackeys-2026/BrackeysJam2026/Content/Brackeys2026/Objects/Phone/BP_Phone.uasset'
[2026.08.25-00.48.07:218][ 10]AssetCheck: New page: Asset Save: BP_Phone
[2026.08.25-00.48.07:218][ 10]LogContentValidation: Display: Validating Blueprint /Game/Brackeys2026/Objects/Phone/BP_Phone.BP_Phone
[2026.08.25-00.48.10:077][215]LogTemp: Repeating last play command: Selected Viewport
[2026.08.25-00.48.10:082][215]BlueprintLog: New page: Pre-Play auto-recompile
[2026.08.25-00.48.10:084][215]LogPlayLevel: [PlayLevel] Compiling BP_Phone before play...
[2026.08.25-00.48.10:140][215]LogUObjectHash: Compacting FUObjectHashTables data took   1.78ms
[2026.08.25-00.48.10:142][215]LogPlayLevel: PlayLevel: Blueprint regeneration took 60 ms (1 blueprints)
[2026.08.25-00.48.10:142][215]PIE: New page: PIE session: Brackeys2026Map (24 ago. 2026 18:48:10)
[2026.08.25-00.48.10:143][215]LogPlayLevel: Creating play world package: /Game/Brackeys2026/Levels/UEDPIE_0_Brackeys2026Map
[2026.08.25-00.48.10:145][215]LogPlayLevel: PIE: StaticDuplicateObject took: (0.001908s)
[2026.08.25-00.48.10:145][215]LogAIModule: Creating AISystem for world Brackeys2026Map
[2026.08.25-00.48.10:145][215]LogPlayLevel: PIE: World Init took: (0.000883s)
[2026.08.25-00.48.10:145][215]LogPlayLevel: PIE: Created PIE world by copying editor world from /Game/Brackeys2026/Levels/Brackeys2026Map.Brackeys2026Map to /Game/Brackeys2026/Levels/UEDPIE_0_Brackeys2026Map.Brackeys2026Map (0.002890s)
[2026.08.25-00.48.10:162][215]LogUObjectHash: Compacting FUObjectHashTables data took   1.44ms
[2026.08.25-00.48.10:162][215]LogAudio: Display: Creating Audio Device:                 Id: 79, Scope: Unique, Realtime: True
[2026.08.25-00.48.10:162][215]LogAudioMixer: Display: Audio Mixer Platform Settings:
[2026.08.25-00.48.10:162][215]LogAudioMixer: Display: 	Sample Rate:						  48000
[2026.08.25-00.48.10:162][215]LogAudioMixer: Display: 	Callback Buffer Frame Size Requested: 1024
[2026.08.25-00.48.10:162][215]LogAudioMixer: Display: 	Callback Buffer Frame Size To Use:	  1024
[2026.08.25-00.48.10:162][215]LogAudioMixer: Display: 	Number of buffers to queue:			  2
[2026.08.25-00.48.10:162][215]LogAudioMixer: Display: 	Max Channels (voices):				  32
[2026.08.25-00.48.10:162][215]LogAudioMixer: Display: 	Number of Async Source Workers:		  0
[2026.08.25-00.48.10:162][215]LogAudio: Display: AudioDevice MaxSources: 32
[2026.08.25-00.48.10:163][215]LogAudio: Display: Audio Spatialization Plugin: None (built-in).
[2026.08.25-00.48.10:163][215]LogAudio: Display: Audio Reverb Plugin: None (built-in).
[2026.08.25-00.48.10:163][215]LogAudio: Display: Audio Occlusion Plugin: None (built-in).
[2026.08.25-00.48.10:163][215]LogAudioMixer: Display: Initializing audio mixer.
[2026.08.25-00.48.10:166][215]LogAudioMixer: Display: 0: FrontLeft
[2026.08.25-00.48.10:166][215]LogAudioMixer: Display: 1: FrontRight
[2026.08.25-00.48.10:182][215]LogAudioMixer: Display: Using Audio Device Altavoces (Realtek(R) Audio)
[2026.08.25-00.48.10:182][215]LogAudioMixer: Display: Initializing Sound Submixes...
[2026.08.25-00.48.10:182][215]LogAudioMixer: Display: Creating Master Submix 'MasterSubmixDefault'
[2026.08.25-00.48.10:182][215]LogAudioMixer: Display: Creating Master Submix 'MasterReverbSubmixDefault'
[2026.08.25-00.48.10:182][215]LogAudioMixer: Display: Creating Master Submix 'MasterEQSubmixDefault'
[2026.08.25-00.48.10:182][215]LogAudioMixer: FMixerPlatformXAudio2::StartAudioStream() called
[2026.08.25-00.48.10:182][215]LogAudioMixer: Display: Output buffers initialized: Frames=1024, Channels=2, Samples=2048
[2026.08.25-00.48.10:184][215]LogAudioMixer: Display: Starting AudioMixerPlatformInterface::RunInternal()
[2026.08.25-00.48.10:184][215]LogAudioMixer: Display: FMixerPlatformXAudio2::SubmitBuffer() called for the first time
[2026.08.25-00.48.10:184][215]LogInit: FAudioDevice initialized.
[2026.08.25-00.48.10:184][215]LogAudio: Display: Audio Device (ID: 79) registered with world 'Brackeys2026Map'.
[2026.08.25-00.48.10:190][215]LogLoad: Game class is 'BrackeysGameMode_C'
[2026.08.25-00.48.10:190][215]LogWorld: Bringing World /Game/Brackeys2026/Levels/UEDPIE_0_Brackeys2026Map.Brackeys2026Map up for play (max tick rate 0) at 2026.08.24-21.48.10
[2026.08.25-00.48.10:191][215]LogWorld: Bringing up level for play took: 0.000533
[2026.08.25-00.48.10:191][215]LogOnline: OSS: Creating online subsystem instance for: :Context_85
[2026.08.25-00.48.10:193][215]PIE: Server logged in
[2026.08.25-00.48.10:193][215]PIE: Play in editor total start time 0.112 seconds.
[2026.08.25-00.48.11:911][363]LogBlueprintUserMessages: [BP_Phone_2] Smell Hint
[2026.08.25-00.48.12:114][381]LogBlueprintUserMessages: [BP_Phone_2] Smell Hint
[2026.08.25-00.48.12:284][396]LogBlueprintUserMessages: [BP_Phone_2] Weight Hint
[2026.08.25-00.48.12:454][411]LogBlueprintUserMessages: [BP_Phone_2] Killer Hint
[2026.08.25-00.48.12:614][425]LogBlueprintUserMessages: [BP_Phone_2] Smell Hint
[2026.08.25-00.48.12:786][440]LogBlueprintUserMessages: [BP_Phone_2] Weight Hint
[2026.08.25-00.48.12:958][455]LogBlueprintUserMessages: [BP_Phone_2] Killer Hint
[2026.08.25-00.48.13:095][467]LogBlueprintUserMessages: [BP_Phone_2] Smell Hint
[2026.08.25-00.48.14:073][547]LogSlate: Updating window title bar state: overlay mode, drag disabled, window buttons hidden, title bar hidden
[2026.08.25-00.48.14:073][547]LogWorld: BeginTearingDown for /Game/Brackeys2026/Levels/UEDPIE_0_Brackeys2026Map
[2026.08.25-00.48.14:073][547]LogWorld: UWorld::CleanupWorld for Brackeys2026Map, bSessionEnded=true, bCleanupResources=true
[2026.08.25-00.48.14:073][547]LogSlate: InvalidateAllWidgets triggered.  All widgets were invalidated
[2026.08.25-00.48.14:091][547]LogPlayLevel: Display: Shutting down PIE online subsystems
[2026.08.25-00.48.14:099][547]LogSlate: InvalidateAllWidgets triggered.  All widgets were invalidated
[2026.08.25-00.48.14:112][547]LogSlate: Updating window title bar state: overlay mode, drag disabled, window buttons hidden, title bar hidden
[2026.08.25-00.48.14:112][547]LogAudioMixer: FMixerPlatformXAudio2::StopAudioStream() called
[2026.08.25-00.48.14:113][547]LogAudioMixer: FMixerPlatformXAudio2::StopAudioStream() called
[2026.08.25-00.48.14:117][547]LogUObjectHash: Compacting FUObjectHashTables data took   1.40ms
[2026.08.25-00.48.14:158][548]LogPlayLevel: Display: Destroying online subsystem :Context_85
[2026.08.25-00.49.33:438][885]LogUObjectHash: Compacting FUObjectHashTables data took   1.45ms
[2026.08.25-00.49.33:447][885]LogSavePackage: Moving '../../../../../GameProgramming/BrackeysGameJam/Brackeys-2026/BrackeysJam2026/Saved/Brackeys2026Map_Auto05FB4B82E45C09812745D3F9F9AC9648B.tmp' to '../../../../../GameProgramming/BrackeysGameJam/Brackeys-2026/BrackeysJam2026/Saved/Autosaves/Game/Brackeys2026/Levels/Brackeys2026Map_Auto0.umap'
[2026.08.25-00.49.33:447][885]LogFileHelpers: Editor autosave (incl. external actors) for '/Game/Brackeys2026/Levels/Brackeys2026Map' took 0.025
[2026.08.25-00.49.33:447][885]LogFileHelpers: Editor autosave (incl. sublevels & external actors) for all levels took 0.025
