Log file open, 08/26/26 13:15:28
LogWindows: Failed to load 'aqProf.dll' (GetLastError=126)
LogWindows: File 'aqProf.dll' does not exist
LogWindows: Failed to load 'VtuneApi.dll' (GetLastError=126)
LogWindows: File 'VtuneApi.dll' does not exist
LogWindows: Failed to load 'VtuneApi32e.dll' (GetLastError=126)
LogWindows: File 'VtuneApi32e.dll' does not exist
LogConsoleResponse: Display: Failed to find resolution value strings in scalability ini. Falling back to default.
LogConsoleResponse: Display: Failed to find resolution value strings in scalability ini. Falling back to default.
LogInit: Display: Running engine for game: BrackeysJam2026
LogPlatformFile: Not using cached read wrapper
LogTaskGraph: Started task graph with 5 named threads and 47 total threads with 3 sets of task threads.
LogStats: Stats thread started at 0.342968
LogICUInternationalization: ICU TimeZone Detection - Raw Offset: -8:00, Platform Override: ''
LogInit: Display: Loading text-based GConfig....
LogPluginManager: Mounting plugin MeshPainting
LogPluginManager: Mounting plugin XGEController
LogPluginManager: Mounting plugin Paper2D
LogPluginManager: Mounting plugin LiveLink
LogPluginManager: Mounting plugin AISupport
LogPluginManager: Mounting plugin EnvironmentQueryEditor
LogPluginManager: Mounting plugin LightPropagationVolume
LogPluginManager: Mounting plugin CameraShakePreviewer
LogPluginManager: Mounting plugin GameplayCameras
LogPluginManager: Mounting plugin GitSourceControl
LogPluginManager: Mounting plugin OodleNetwork
LogPluginManager: Mounting plugin KDevelopSourceCodeAccess
LogPluginManager: Mounting plugin OodleData
LogPluginManager: Mounting plugin AnimationSharing
LogPluginManager: Mounting plugin PlasticSourceControl
LogPluginManager: Mounting plugin PerforceSourceControl
LogPluginManager: Mounting plugin PluginUtils
LogPluginManager: Mounting plugin CodeLiteSourceCodeAccess
LogPluginManager: Mounting plugin NullSourceCodeAccess
LogPluginManager: Mounting plugin CLionSourceCodeAccess
LogPluginManager: Mounting plugin PropertyAccessNode
LogPluginManager: Mounting plugin PixWinPlugin
LogPluginManager: Mounting plugin DatasmithContent
LogPluginManager: Mounting plugin TextureFormatOodle
LogPluginManager: Mounting plugin RiderSourceCodeAccess
LogPluginManager: Mounting plugin UObjectPlugin
LogPluginManager: Mounting plugin VariantManagerContent
LogPluginManager: Mounting plugin XCodeSourceCodeAccess
LogPluginManager: Mounting plugin VisualStudioSourceCodeAccess
LogPluginManager: Mounting plugin SubversionSourceControl
LogPluginManager: Mounting plugin CryptoKeys
LogPluginManager: Mounting plugin CurveEditorTools
LogPluginManager: Mounting plugin DataValidation
LogPluginManager: Mounting plugin FacialAnimation
LogPluginManager: Mounting plugin GameplayTagsEditor
LogPluginManager: Mounting plugin GeometryMode
LogPluginManager: Mounting plugin MacGraphicsSwitching
LogPluginManager: Mounting plugin MaterialAnalyzer
LogPluginManager: Mounting plugin SpeedTreeImporter
LogPluginManager: Mounting plugin VisualStudioCodeSourceCodeAccess
LogPluginManager: Mounting plugin AssetManagerEditor
LogPluginManager: Mounting plugin PluginBrowser
LogPluginManager: Mounting plugin MobileLauncherProfileWizard
LogPluginManager: Mounting plugin AlembicImporter
LogPluginManager: Mounting plugin Niagara
LogPluginManager: Mounting plugin AutomationUtils
LogPluginManager: Mounting plugin AndroidMedia
LogPluginManager: Mounting plugin ChaosCloth
LogPluginManager: Mounting plugin AvfMedia
LogPluginManager: Mounting plugin ChaosEditor
LogPluginManager: Mounting plugin ChaosClothEditor
LogPluginManager: Mounting plugin BackChannel
LogPluginManager: Mounting plugin ChaosNiagara
LogPluginManager: Mounting plugin ChaosSolverPlugin
LogPluginManager: Mounting plugin MediaCompositing
LogPluginManager: Mounting plugin CharacterAI
LogPluginManager: Mounting plugin ImgMedia
LogPluginManager: Mounting plugin LuminPlatformFeatures
LogPluginManager: Mounting plugin MediaPlayerEditor
LogPluginManager: Mounting plugin WmfMedia
LogPluginManager: Mounting plugin WebMMedia
LogPluginManager: Mounting plugin MagicLeap
LogPluginManager: Mounting plugin MagicLeapLightEstimation
LogPluginManager: Mounting plugin MagicLeapMedia
LogPluginManager: Mounting plugin MagicLeapPassableWorld
LogPluginManager: Mounting plugin MLSDK
LogPluginManager: Mounting plugin GeometryCache
LogPluginManager: Mounting plugin GeometryCollectionPlugin
LogPluginManager: Mounting plugin GeometryProcessing
LogPluginManager: Mounting plugin MotoSynth
LogPluginManager: Mounting plugin OpenImageDenoise
LogPluginManager: Mounting plugin PlanarCut
LogPluginManager: Mounting plugin PlatformCrypto
LogPluginManager: Mounting plugin PythonScriptPlugin
LogPluginManager: Mounting plugin ProxyLODPlugin
LogPluginManager: Mounting plugin ActorSequence
LogPluginManager: Mounting plugin SkeletalReduction
LogPluginManager: Mounting plugin MatineeToLevelSequence
LogPluginManager: Mounting plugin LevelSequenceEditor
LogPluginManager: Mounting plugin TemplateSequence
LogPluginManager: Mounting plugin LauncherChunkInstaller
LogPluginManager: Mounting plugin UdpMessaging
LogPluginManager: Mounting plugin ActorLayerUtilities
LogPluginManager: Mounting plugin TcpMessaging
LogPluginManager: Mounting plugin AndroidDeviceProfileSelector
LogPluginManager: Mounting plugin AndroidMoviePlayer
LogPluginManager: Mounting plugin AndroidPermission
LogPluginManager: Mounting plugin AppleImageUtils
LogPluginManager: Mounting plugin AssetTags
LogPluginManager: Mounting plugin ArchVisCharacter
LogPluginManager: Mounting plugin AppleMoviePlayer
LogPluginManager: Mounting plugin AudioCapture
LogPluginManager: Mounting plugin AudioSynesthesia
LogPluginManager: Mounting plugin CableComponent
LogPluginManager: Mounting plugin ChunkDownloader
LogPluginManager: Mounting plugin CustomMeshComponent
LogPluginManager: Mounting plugin EditableMesh
LogPluginManager: Mounting plugin ExampleDeviceProfileSelector
LogPluginManager: Mounting plugin GoogleCloudMessaging
LogPluginManager: Mounting plugin OnlineSubsystem
LogPluginManager: Mounting plugin OnlineSubsystemUtils
LogPluginManager: Mounting plugin OnlineSubsystemNull
LogPluginManager: Mounting plugin GooglePAD
LogPluginManager: Mounting plugin ScreenshotTools
LogPluginManager: Mounting plugin IOSDeviceProfileSelector
LogPluginManager: Mounting plugin LinuxDeviceProfileSelector
LogPluginManager: Mounting plugin LocationServicesBPLibrary
LogPluginManager: Mounting plugin MobilePatchingUtils
LogPluginManager: Mounting plugin OpenXRHandTracking
LogPluginManager: Mounting plugin OpenXR
LogPluginManager: Mounting plugin OpenXREyeTracker
LogPluginManager: Mounting plugin PhysXVehicles
LogPluginManager: Mounting plugin PostSplashScreen
LogPluginManager: Mounting plugin ProceduralMeshComponent
LogPluginManager: Mounting plugin PropertyAccessEditor
LogPluginManager: Mounting plugin RuntimePhysXCooking
LogPluginManager: Mounting plugin SignificanceManager
LogPluginManager: Mounting plugin SoundFields
LogPluginManager: Mounting plugin Synthesis
LogPluginManager: Mounting plugin WebMMoviePlayer
LogPluginManager: Mounting plugin WindowsMoviePlayer
LogPluginManager: Mounting plugin Takes
LogPluginManager: Mounting plugin ContentBrowserAssetDataSource
LogPluginManager: Mounting plugin ContentBrowserClassDataSource
LogPluginManager: Mounting plugin ContentBrowserFileDataSource
LogPluginManager: Mounting plugin OnlineSubsystemGooglePlay
LogPluginManager: Mounting plugin OnlineSubsystemIOS
LogPluginManager: Mounting plugin OculusVR
LogPluginManager: Mounting plugin SteamVR
PixWinPlugin: PIX capture plugin failed to initialize! Check that the process is launched from PIX.
LogInit: Using libcurl 7.55.1-DEV
LogInit:  - built for x86_64-pc-win32
LogInit:  - supports SSL with OpenSSL/1.1.1
LogInit:  - supports HTTP deflate (compression) using libz 1.2.8
LogInit:  - other features:
LogInit:      CURL_VERSION_SSL
LogInit:      CURL_VERSION_LIBZ
LogInit:      CURL_VERSION_IPV6
LogInit:      CURL_VERSION_ASYNCHDNS
LogInit:      CURL_VERSION_LARGEFILE
LogInit:      CURL_VERSION_IDN
LogInit:  CurlRequestOptions (configurable via config and command line):
LogInit:  - bVerifyPeer = true  - Libcurl will verify peer certificate
LogInit:  - bUseHttpProxy = false  - Libcurl will NOT use HTTP proxy
LogInit:  - bDontReuseConnections = false  - Libcurl will reuse connections
LogInit:  - MaxHostConnections = 16  - Libcurl will limit the number of connections to a host
LogInit:  - LocalHostAddr = Default
LogInit:  - BufferSize = 65536
LogOnline: OSS: Creating online subsystem instance for: NULL
LogInit: WinSock: version 1.1 (2.2), MaxSocks=32767, MaxUdp=65467
LogOnline: OSS: TryLoadSubsystemAndSetDefault: Loaded subsystem for module [NULL]
LogOculusPluginWrapper: OculusPlugin initialized successfully
LogHMD: Failed initializing OVRPlugin 1.59.0
LogInit: Build: ++UE4+Release-4.27-CL-18319896
LogInit: Engine Version: 4.27.2-18319896+++UE4+Release-4.27
LogInit: Compatible Engine Version: 4.27.0-17155196+++UE4+Release-4.27
LogInit: Net CL: 17155196
LogInit: OS: Windows 10 (Release 2009) (), CPU: AMD Ryzen 7 PRO 8845HS w/ Radeon 780M Graphics, GPU: AMD Radeon 780M Graphics
LogInit: Compiled (64-bit): Nov 30 2021 07:12:08
LogInit: Compiled with Visual C++: 19.24.28315.00
LogInit: Build Configuration: Development
LogInit: Branch Name: ++UE4+Release-4.27
LogInit: Command Line: 
LogInit: Base Directory: C:/Program Files/Epic Games/UE_4.27/Engine/Binaries/Win64/
LogInit: Allocator: TBB
LogInit: Installed Engine Build: 1
LogDevObjectVersion: Number of dev versions registered: 29
LogDevObjectVersion:   Dev-Blueprints (B0D832E4-1F89-4F0D-ACCF-7EB736FD4AA2): 10
LogDevObjectVersion:   Dev-Build (E1C64328-A22C-4D53-A36C-8E866417BD8C): 0
LogDevObjectVersion:   Dev-Core (375EC13C-06E4-48FB-B500-84F0262A717E): 4
LogDevObjectVersion:   Dev-Editor (E4B068ED-F494-42E9-A231-DA0B2E46BB41): 40
LogDevObjectVersion:   Dev-Framework (CFFC743F-43B0-4480-9391-14DF171D2073): 37
LogDevObjectVersion:   Dev-Mobile (B02B49B5-BB20-44E9-A304-32B752E40360): 3
LogDevObjectVersion:   Dev-Networking (A4E4105C-59A1-49B5-A7C5-40C4547EDFEE): 0
LogDevObjectVersion:   Dev-Online (39C831C9-5AE6-47DC-9A44-9C173E1C8E7C): 0
LogDevObjectVersion:   Dev-Physics (78F01B33-EBEA-4F98-B9B4-84EACCB95AA2): 14
LogDevObjectVersion:   Dev-Platform (6631380F-2D4D-43E0-8009-CF276956A95A): 0
LogDevObjectVersion:   Dev-Rendering (12F88B9F-8875-4AFC-A67C-D90C383ABD29): 45
LogDevObjectVersion:   Dev-Sequencer (7B5AE74C-D270-4C10-A958-57980B212A5A): 13
LogDevObjectVersion:   Dev-VR (D7296918-1DD6-4BDD-9DE2-64A83CC13884): 3
LogDevObjectVersion:   Dev-LoadTimes (C2A15278-BFE7-4AFE-6C17-90FF531DF755): 1
LogDevObjectVersion:   Private-Geometry (6EACA3D4-40EC-4CC1-B786-8BED09428FC5): 3
LogDevObjectVersion:   Dev-AnimPhys (29E575DD-E0A3-4627-9D10-D276232CDCEA): 17
LogDevObjectVersion:   Dev-Anim (AF43A65D-7FD3-4947-9873-3E8ED9C1BB05): 15
LogDevObjectVersion:   Dev-ReflectionCapture (6B266CEC-1EC7-4B8F-A30B-E4D90942FC07): 1
LogDevObjectVersion:   Dev-Automation (0DF73D61-A23F-47EA-B727-89E90C41499A): 1
LogDevObjectVersion:   FortniteMain (601D1886-AC64-4F84-AA16-D3DE0DEAC7D6): 47
LogDevObjectVersion:   FortniteRelease (E7086368-6B23-4C58-8439-1B7016265E91): 1
LogDevObjectVersion:   Dev-Enterprise (9DFFBCD6-494F-0158-E221-12823C92A888): 10
LogDevObjectVersion:   Dev-Niagara (F2AED0AC-9AFE-416F-8664-AA7FFA26D6FC): 1
LogDevObjectVersion:   Dev-Destruction (174F1F0B-B4C6-45A5-B13F-2EE8D0FB917D): 10
LogDevObjectVersion:   Dev-Physics-Ext (35F94A83-E258-406C-A318-09F59610247C): 41
LogDevObjectVersion:   Dev-PhysicsMaterial-Chaos (B68FC16E-8B1B-42E2-B453-215C058844FE): 1
LogDevObjectVersion:   Dev-CineCamera (B2E18506-4273-CFC2-A54E-F4BB758BBA07): 1
LogDevObjectVersion:   Dev-VirtualProduction (64F58936-FD1B-42BA-BA96-7289D5D0FA4E): 1
LogDevObjectVersion:   Dev-MediaFramework (6F0ED827-A609-4895-9C91-998D90180EA4): 2
LogInit: Presizing for max 25165824 objects, including 0 objects not considered by GC, pre-allocating 0 bytes for permanent pool.
LogConfig: Applying CVar settings from Section [/Script/Engine.StreamingSettings] File [E:/_Alex's Data/Unreal Engine/Unreal Projects/Brackeys2026/Brackeys-2026/BrackeysJam2026/Saved/Config/Windows/Engine.ini]
LogConfig: Setting CVar [[s.MinBulkDataSizeForAsyncLoading:131072]]
LogConfig: Setting CVar [[s.AsyncLoadingThreadEnabled:0]]
LogConfig: Setting CVar [[s.EventDrivenLoaderEnabled:1]]
LogConfig: Setting CVar [[s.WarnIfTimeLimitExceeded:0]]
LogConfig: Setting CVar [[s.TimeLimitExceededMultiplier:1.5]]
LogConfig: Setting CVar [[s.TimeLimitExceededMinTime:0.005]]
LogConfig: Setting CVar [[s.UseBackgroundLevelStreaming:1]]
LogConfig: Setting CVar [[s.PriorityAsyncLoadingExtraTime:15.0]]
LogConfig: Setting CVar [[s.LevelStreamingActorsUpdateTimeLimit:5.0]]
LogConfig: Setting CVar [[s.PriorityLevelStreamingActorsUpdateExtraTime:5.0]]
LogConfig: Setting CVar [[s.LevelStreamingComponentsRegistrationGranularity:10]]
LogConfig: Setting CVar [[s.UnregisterComponentsTimeLimit:1.0]]
LogConfig: Setting CVar [[s.LevelStreamingComponentsUnregistrationGranularity:5]]
LogConfig: Setting CVar [[s.FlushStreamingOnExit:1]]
LogInit: Object subsystem initialized
LogConfig: Setting CVar [[con.DebugEarlyDefault:1]]
LogConfig: Setting CVar [[r.setres:1280x720]]
[2026.08.26-20.15.29:472][  0]LogConfig: Setting CVar [[r.VSync:0]]
[2026.08.26-20.15.29:472][  0]LogConfig: Setting CVar [[r.RHICmdBypass:0]]
[2026.08.26-20.15.29:472][  0]LogConfig: Applying CVar settings from Section [/Script/Engine.RendererSettings] File [E:/_Alex's Data/Unreal Engine/Unreal Projects/Brackeys2026/Brackeys-2026/BrackeysJam2026/Saved/Config/Windows/Engine.ini]
[2026.08.26-20.15.29:472][  0]LogConfig: Setting CVar [[r.GPUCrashDebugging:0]]
[2026.08.26-20.15.29:472][  0]LogConfig: Setting CVar [[r.DefaultFeature.MotionBlur:0]]
[2026.08.26-20.15.29:472][  0]LogConfig: Applying CVar settings from Section [/Script/Engine.RendererOverrideSettings] File [E:/_Alex's Data/Unreal Engine/Unreal Projects/Brackeys2026/Brackeys-2026/BrackeysJam2026/Saved/Config/Windows/Engine.ini]
[2026.08.26-20.15.29:472][  0]LogConfig: Applying CVar settings from Section [/Script/Engine.StreamingSettings] File [E:/_Alex's Data/Unreal Engine/Unreal Projects/Brackeys2026/Brackeys-2026/BrackeysJam2026/Saved/Config/Windows/Engine.ini]
[2026.08.26-20.15.29:472][  0]LogConfig: Setting CVar [[s.MinBulkDataSizeForAsyncLoading:131072]]
[2026.08.26-20.15.29:472][  0]LogConfig: Setting CVar [[s.AsyncLoadingThreadEnabled:0]]
[2026.08.26-20.15.29:472][  0]LogConfig: Setting CVar [[s.EventDrivenLoaderEnabled:1]]
[2026.08.26-20.15.29:472][  0]LogConfig: Setting CVar [[s.WarnIfTimeLimitExceeded:0]]
[2026.08.26-20.15.29:472][  0]LogConfig: Setting CVar [[s.TimeLimitExceededMultiplier:1.5]]
[2026.08.26-20.15.29:472][  0]LogConfig: Setting CVar [[s.TimeLimitExceededMinTime:0.005]]
[2026.08.26-20.15.29:472][  0]LogConfig: Setting CVar [[s.UseBackgroundLevelStreaming:1]]
[2026.08.26-20.15.29:472][  0]LogConfig: Setting CVar [[s.PriorityAsyncLoadingExtraTime:15.0]]
[2026.08.26-20.15.29:472][  0]LogConfig: Setting CVar [[s.LevelStreamingActorsUpdateTimeLimit:5.0]]
[2026.08.26-20.15.29:472][  0]LogConfig: Setting CVar [[s.PriorityLevelStreamingActorsUpdateExtraTime:5.0]]
[2026.08.26-20.15.29:472][  0]LogConfig: Setting CVar [[s.LevelStreamingComponentsRegistrationGranularity:10]]
[2026.08.26-20.15.29:472][  0]LogConfig: Setting CVar [[s.UnregisterComponentsTimeLimit:1.0]]
[2026.08.26-20.15.29:472][  0]LogConfig: Setting CVar [[s.LevelStreamingComponentsUnregistrationGranularity:5]]
[2026.08.26-20.15.29:472][  0]LogConfig: Setting CVar [[s.FlushStreamingOnExit:1]]
[2026.08.26-20.15.29:472][  0]LogConfig: Applying CVar settings from Section [/Script/Engine.GarbageCollectionSettings] File [E:/_Alex's Data/Unreal Engine/Unreal Projects/Brackeys2026/Brackeys-2026/BrackeysJam2026/Saved/Config/Windows/Engine.ini]
[2026.08.26-20.15.29:472][  0]LogConfig: Setting CVar [[gc.MaxObjectsNotConsideredByGC:1]]
[2026.08.26-20.15.29:472][  0]LogConfig: Setting CVar [[gc.SizeOfPermanentObjectPool:0]]
[2026.08.26-20.15.29:472][  0]LogConfig: Setting CVar [[gc.FlushStreamingOnGC:0]]
[2026.08.26-20.15.29:472][  0]LogConfig: Setting CVar [[gc.NumRetriesBeforeForcingGC:10]]
[2026.08.26-20.15.29:472][  0]LogConfig: Setting CVar [[gc.AllowParallelGC:1]]
[2026.08.26-20.15.29:472][  0]LogConfig: Setting CVar [[gc.TimeBetweenPurgingPendingKillObjects:61.1]]
[2026.08.26-20.15.29:472][  0]LogConfig: Setting CVar [[gc.MaxObjectsInEditor:25165824]]
[2026.08.26-20.15.29:472][  0]LogConfig: Setting CVar [[gc.IncrementalBeginDestroyEnabled:1]]
[2026.08.26-20.15.29:472][  0]LogConfig: Setting CVar [[gc.CreateGCClusters:1]]
[2026.08.26-20.15.29:472][  0]LogConfig: Setting CVar [[gc.MinGCClusterSize:5]]
[2026.08.26-20.15.29:472][  0]LogConfig: Setting CVar [[gc.ActorClusteringEnabled:0]]
[2026.08.26-20.15.29:472][  0]LogConfig: Setting CVar [[gc.BlueprintClusteringEnabled:0]]
[2026.08.26-20.15.29:472][  0]LogConfig: Setting CVar [[gc.UseDisregardForGCOnDedicatedServers:0]]
[2026.08.26-20.15.29:472][  0]LogConfig: Setting CVar [[gc.MultithreadedDestructionEnabled:1]]
[2026.08.26-20.15.29:472][  0]LogConfig: Applying CVar settings from Section [/Script/Engine.NetworkSettings] File [E:/_Alex's Data/Unreal Engine/Unreal Projects/Brackeys2026/Brackeys-2026/BrackeysJam2026/Saved/Config/Windows/Engine.ini]
[2026.08.26-20.15.29:472][  0]LogConfig: Applying CVar settings from Section [/Script/UnrealEd.CookerSettings] File [E:/_Alex's Data/Unreal Engine/Unreal Projects/Brackeys2026/Brackeys-2026/BrackeysJam2026/Saved/Config/Windows/Engine.ini]
[2026.08.26-20.15.29:476][  0]LogConfig: Applying CVar settings from Section [ViewDistanceQuality@3] File [E:/_Alex's Data/Unreal Engine/Unreal Projects/Brackeys2026/Brackeys-2026/BrackeysJam2026/Saved/Config/Windows/Scalability.ini]
[2026.08.26-20.15.29:476][  0]LogConfig: Setting CVar [[r.SkeletalMeshLODBias:0]]
[2026.08.26-20.15.29:476][  0]LogConfig: Setting CVar [[r.ViewDistanceScale:1.0]]
[2026.08.26-20.15.29:476][  0]LogConfig: Applying CVar settings from Section [AntiAliasingQuality@3] File [E:/_Alex's Data/Unreal Engine/Unreal Projects/Brackeys2026/Brackeys-2026/BrackeysJam2026/Saved/Config/Windows/Scalability.ini]
[2026.08.26-20.15.29:476][  0]LogConfig: Setting CVar [[r.PostProcessAAQuality:4]]
[2026.08.26-20.15.29:476][  0]LogConfig: Applying CVar settings from Section [ShadowQuality@3] File [E:/_Alex's Data/Unreal Engine/Unreal Projects/Brackeys2026/Brackeys-2026/BrackeysJam2026/Saved/Config/Windows/Scalability.ini]
[2026.08.26-20.15.29:476][  0]LogConfig: Setting CVar [[r.LightFunctionQuality:1]]
[2026.08.26-20.15.29:476][  0]LogConfig: Setting CVar [[r.ShadowQuality:5]]
[2026.08.26-20.15.29:476][  0]LogConfig: Setting CVar [[r.Shadow.CSM.MaxCascades:10]]
[2026.08.26-20.15.29:476][  0]LogConfig: Setting CVar [[r.Shadow.MaxResolution:2048]]
[2026.08.26-20.15.29:476][  0]LogConfig: Setting CVar [[r.Shadow.MaxCSMResolution:2048]]
[2026.08.26-20.15.29:476][  0]LogConfig: Setting CVar [[r.Shadow.RadiusThreshold:0.01]]
[2026.08.26-20.15.29:476][  0]LogConfig: Setting CVar [[r.Shadow.DistanceScale:1.0]]
[2026.08.26-20.15.29:476][  0]LogConfig: Setting CVar [[r.Shadow.CSM.TransitionScale:1.0]]
[2026.08.26-20.15.29:476][  0]LogConfig: Setting CVar [[r.Shadow.PreShadowResolutionFactor:1.0]]
[2026.08.26-20.15.29:476][  0]LogConfig: Setting CVar [[r.DistanceFieldShadowing:1]]
[2026.08.26-20.15.29:476][  0]LogConfig: Setting CVar [[r.DistanceFieldAO:1]]
[2026.08.26-20.15.29:476][  0]LogConfig: Setting CVar [[r.AOQuality:2]]
[2026.08.26-20.15.29:476][  0]LogConfig: Setting CVar [[r.VolumetricFog:1]]
[2026.08.26-20.15.29:476][  0]LogConfig: Setting CVar [[r.VolumetricFog.GridPixelSize:8]]
[2026.08.26-20.15.29:476][  0]LogConfig: Setting CVar [[r.VolumetricFog.GridSizeZ:128]]
[2026.08.26-20.15.29:476][  0]LogConfig: Setting CVar [[r.VolumetricFog.HistoryMissSupersampleCount:4]]
[2026.08.26-20.15.29:476][  0]LogConfig: Setting CVar [[r.LightMaxDrawDistanceScale:1]]
[2026.08.26-20.15.29:476][  0]LogConfig: Setting CVar [[r.CapsuleShadows:1]]
[2026.08.26-20.15.29:477][  0]LogConfig: Applying CVar settings from Section [PostProcessQuality@3] File [E:/_Alex's Data/Unreal Engine/Unreal Projects/Brackeys2026/Brackeys-2026/BrackeysJam2026/Saved/Config/Windows/Scalability.ini]
[2026.08.26-20.15.29:477][  0]LogConfig: Setting CVar [[r.MotionBlurQuality:4]]
[2026.08.26-20.15.29:477][  0]LogConfig: Setting CVar [[r.AmbientOcclusionMipLevelFactor:0.4]]
[2026.08.26-20.15.29:477][  0]LogConfig: Setting CVar [[r.AmbientOcclusionMaxQuality:100]]
[2026.08.26-20.15.29:477][  0]LogConfig: Setting CVar [[r.AmbientOcclusionLevels:-1]]
[2026.08.26-20.15.29:477][  0]LogConfig: Setting CVar [[r.AmbientOcclusionRadiusScale:1.0]]
[2026.08.26-20.15.29:477][  0]LogConfig: Setting CVar [[r.DepthOfFieldQuality:2]]
[2026.08.26-20.15.29:477][  0]LogConfig: Setting CVar [[r.RenderTargetPoolMin:400]]
[2026.08.26-20.15.29:477][  0]LogConfig: Setting CVar [[r.LensFlareQuality:2]]
[2026.08.26-20.15.29:477][  0]LogConfig: Setting CVar [[r.SceneColorFringeQuality:1]]
[2026.08.26-20.15.29:477][  0]LogConfig: Setting CVar [[r.EyeAdaptationQuality:2]]
[2026.08.26-20.15.29:477][  0]LogConfig: Setting CVar [[r.BloomQuality:5]]
[2026.08.26-20.15.29:477][  0]LogConfig: Setting CVar [[r.FastBlurThreshold:100]]
[2026.08.26-20.15.29:477][  0]LogConfig: Setting CVar [[r.Upscale.Quality:3]]
[2026.08.26-20.15.29:477][  0]LogConfig: Setting CVar [[r.Tonemapper.GrainQuantization:1]]
[2026.08.26-20.15.29:477][  0]LogConfig: Setting CVar [[r.LightShaftQuality:1]]
[2026.08.26-20.15.29:477][  0]LogConfig: Setting CVar [[r.Filter.SizeScale:1]]
[2026.08.26-20.15.29:477][  0]LogConfig: Setting CVar [[r.Tonemapper.Quality:5]]
[2026.08.26-20.15.29:477][  0]LogConfig: Setting CVar [[r.DOF.Gather.AccumulatorQuality:1        ; higher gathering accumulator quality]]
[2026.08.26-20.15.29:477][  0]LogConfig: Setting CVar [[r.DOF.Gather.PostfilterMethod:1          ; Median3x3 postfilering method]]
[2026.08.26-20.15.29:477][  0]LogConfig: Setting CVar [[r.DOF.Gather.EnableBokehSettings:0       ; no bokeh simulation when gathering]]
[2026.08.26-20.15.29:477][  0]LogConfig: Setting CVar [[r.DOF.Gather.RingCount:4                 ; medium number of samples when gathering]]
[2026.08.26-20.15.29:477][  0]LogConfig: Setting CVar [[r.DOF.Scatter.ForegroundCompositing:1    ; additive foreground scattering]]
[2026.08.26-20.15.29:477][  0]LogConfig: Setting CVar [[r.DOF.Scatter.BackgroundCompositing:2    ; additive background scattering]]
[2026.08.26-20.15.29:477][  0]LogConfig: Setting CVar [[r.DOF.Scatter.EnableBokehSettings:1      ; bokeh simulation when scattering]]
[2026.08.26-20.15.29:477][  0]LogConfig: Setting CVar [[r.DOF.Scatter.MaxSpriteRatio:0.1         ; only a maximum of 10% of scattered bokeh]]
[2026.08.26-20.15.29:477][  0]LogConfig: Setting CVar [[r.DOF.Recombine.Quality:1                ; cheap slight out of focus]]
[2026.08.26-20.15.29:477][  0]LogConfig: Setting CVar [[r.DOF.Recombine.EnableBokehSettings:0    ; no bokeh simulation on slight out of focus]]
[2026.08.26-20.15.29:477][  0]LogConfig: Setting CVar [[r.DOF.TemporalAAQuality:1                ; more stable temporal accumulation]]
[2026.08.26-20.15.29:477][  0]LogConfig: Setting CVar [[r.DOF.Kernel.MaxForegroundRadius:0.025]]
[2026.08.26-20.15.29:477][  0]LogConfig: Setting CVar [[r.DOF.Kernel.MaxBackgroundRadius:0.025]]
[2026.08.26-20.15.29:477][  0]LogConfig: Applying CVar settings from Section [TextureQuality@3] File [E:/_Alex's Data/Unreal Engine/Unreal Projects/Brackeys2026/Brackeys-2026/BrackeysJam2026/Saved/Config/Windows/Scalability.ini]
[2026.08.26-20.15.29:477][  0]LogConfig: Setting CVar [[r.Streaming.MipBias:0]]
[2026.08.26-20.15.29:477][  0]LogConfig: Setting CVar [[r.Streaming.AmortizeCPUToGPUCopy:0]]
[2026.08.26-20.15.29:477][  0]LogConfig: Setting CVar [[r.Streaming.MaxNumTexturesToStreamPerFrame:0]]
[2026.08.26-20.15.29:477][  0]LogConfig: Setting CVar [[r.Streaming.Boost:1]]
[2026.08.26-20.15.29:477][  0]LogConfig: Setting CVar [[r.MaxAnisotropy:8]]
[2026.08.26-20.15.29:477][  0]LogConfig: Setting CVar [[r.VT.MaxAnisotropy:8]]
[2026.08.26-20.15.29:477][  0]LogConfig: Setting CVar [[r.Streaming.LimitPoolSizeToVRAM:0]]
[2026.08.26-20.15.29:477][  0]LogConfig: Setting CVar [[r.Streaming.PoolSize:1000]]
[2026.08.26-20.15.29:477][  0]LogConfig: Setting CVar [[r.Streaming.MaxEffectiveScreenSize:0]]
[2026.08.26-20.15.29:477][  0]LogConfig: Applying CVar settings from Section [EffectsQuality@3] File [E:/_Alex's Data/Unreal Engine/Unreal Projects/Brackeys2026/Brackeys-2026/BrackeysJam2026/Saved/Config/Windows/Scalability.ini]
[2026.08.26-20.15.29:477][  0]LogConfig: Setting CVar [[r.TranslucencyLightingVolumeDim:64]]
[2026.08.26-20.15.29:477][  0]LogConfig: Setting CVar [[r.RefractionQuality:2]]
[2026.08.26-20.15.29:477][  0]LogConfig: Setting CVar [[r.SSR.Quality:3]]
[2026.08.26-20.15.29:477][  0]LogConfig: Setting CVar [[r.SSR.HalfResSceneColor:0]]
[2026.08.26-20.15.29:477][  0]LogConfig: Setting CVar [[r.SceneColorFormat:4]]
[2026.08.26-20.15.29:477][  0]LogConfig: Setting CVar [[r.DetailMode:2]]
[2026.08.26-20.15.29:477][  0]LogConfig: Setting CVar [[r.TranslucencyVolumeBlur:1]]
[2026.08.26-20.15.29:477][  0]LogConfig: Setting CVar [[r.MaterialQualityLevel:1 ; High quality]]
[2026.08.26-20.15.29:477][  0]LogConfig: Setting CVar [[r.AnisotropicMaterials:1]]
[2026.08.26-20.15.29:477][  0]LogConfig: Setting CVar [[r.SSS.Scale:1]]
[2026.08.26-20.15.29:477][  0]LogConfig: Setting CVar [[r.SSS.SampleSet:2]]
[2026.08.26-20.15.29:477][  0]LogConfig: Setting CVar [[r.SSS.Quality:1]]
[2026.08.26-20.15.29:477][  0]LogConfig: Setting CVar [[r.SSS.HalfRes:0]]
[2026.08.26-20.15.29:477][  0]LogConfig: Setting CVar [[r.SSGI.Quality:3]]
[2026.08.26-20.15.29:477][  0]LogConfig: Setting CVar [[r.EmitterSpawnRateScale:1.0]]
[2026.08.26-20.15.29:477][  0]LogConfig: Setting CVar [[r.ParticleLightQuality:2]]
[2026.08.26-20.15.29:477][  0]LogConfig: Setting CVar [[r.SkyAtmosphere.AerialPerspectiveLUT.FastApplyOnOpaque:1 ; Always have FastSkyLUT 1 in this case to avoid wrong sky]]
[2026.08.26-20.15.29:477][  0]LogConfig: Setting CVar [[r.SkyAtmosphere.AerialPerspectiveLUT.SampleCountMaxPerSlice:4]]
[2026.08.26-20.15.29:477][  0]LogConfig: Setting CVar [[r.SkyAtmosphere.AerialPerspectiveLUT.DepthResolution:16.0]]
[2026.08.26-20.15.29:477][  0]LogConfig: Setting CVar [[r.SkyAtmosphere.FastSkyLUT:1]]
[2026.08.26-20.15.29:477][  0]LogConfig: Setting CVar [[r.SkyAtmosphere.FastSkyLUT.SampleCountMin:4.0]]
[2026.08.26-20.15.29:477][  0]LogConfig: Setting CVar [[r.SkyAtmosphere.FastSkyLUT.SampleCountMax:128.0]]
[2026.08.26-20.15.29:477][  0]LogConfig: Setting CVar [[r.SkyAtmosphere.SampleCountMin:4.0]]
[2026.08.26-20.15.29:477][  0]LogConfig: Setting CVar [[r.SkyAtmosphere.SampleCountMax:128.0]]
[2026.08.26-20.15.29:477][  0]LogConfig: Setting CVar [[r.SkyAtmosphere.TransmittanceLUT.UseSmallFormat:0]]
[2026.08.26-20.15.29:477][  0]LogConfig: Setting CVar [[r.SkyAtmosphere.TransmittanceLUT.SampleCount:10.0]]
[2026.08.26-20.15.29:477][  0]LogConfig: Setting CVar [[r.SkyAtmosphere.MultiScatteringLUT.SampleCount:15.0]]
[2026.08.26-20.15.29:477][  0]LogConfig: Setting CVar [[r.SkyLight.RealTimeReflectionCapture:1]]
[2026.08.26-20.15.29:477][  0]LogConfig: Applying CVar settings from Section [FoliageQuality@3] File [E:/_Alex's Data/Unreal Engine/Unreal Projects/Brackeys2026/Brackeys-2026/BrackeysJam2026/Saved/Config/Windows/Scalability.ini]
[2026.08.26-20.15.29:477][  0]LogConfig: Setting CVar [[foliage.DensityScale:1.0]]
[2026.08.26-20.15.29:477][  0]LogConfig: Setting CVar [[grass.DensityScale:1.0]]
[2026.08.26-20.15.29:477][  0]LogConfig: Applying CVar settings from Section [ShadingQuality@3] File [E:/_Alex's Data/Unreal Engine/Unreal Projects/Brackeys2026/Brackeys-2026/BrackeysJam2026/Saved/Config/Windows/Scalability.ini]
[2026.08.26-20.15.29:477][  0]LogConfig: Setting CVar [[r.HairStrands.SkyLighting.IntegrationType:2]]
[2026.08.26-20.15.29:477][  0]LogConfig: Setting CVar [[r.HairStrands.SkyAO.SampleCount:4]]
[2026.08.26-20.15.29:477][  0]LogConfig: Setting CVar [[r.HairStrands.Visibility.MSAA.SamplePerPixel:4]]
[2026.08.26-20.15.29:477][  0]LogInit: Selected Device Profile: [Windows]
[2026.08.26-20.15.29:477][  0]LogInit: Applying CVar settings loaded from the selected device profile: [Windows]
[2026.08.26-20.15.29:477][  0]LogHAL: Display: Platform has ~ 32 GB [33639129088 / 34359738368 / 32], which maps to Largest [LargestMinGB=32, LargerMinGB=12, DefaultMinGB=8, SmallerMinGB=6, SmallestMinGB=0)
[2026.08.26-20.15.29:477][  0]LogInit: Going up to parent DeviceProfile []
[2026.08.26-20.15.29:477][  0]LogConfig: Applying CVar settings from Section [ViewDistanceQuality@3] File [E:/_Alex's Data/Unreal Engine/Unreal Projects/Brackeys2026/Brackeys-2026/BrackeysJam2026/Saved/Config/Windows/Scalability.ini]
[2026.08.26-20.15.29:477][  0]LogConfig: Setting CVar [[r.SkeletalMeshLODBias:0]]
[2026.08.26-20.15.29:477][  0]LogConfig: Setting CVar [[r.ViewDistanceScale:1.0]]
[2026.08.26-20.15.29:477][  0]LogConfig: Applying CVar settings from Section [AntiAliasingQuality@3] File [E:/_Alex's Data/Unreal Engine/Unreal Projects/Brackeys2026/Brackeys-2026/BrackeysJam2026/Saved/Config/Windows/Scalability.ini]
[2026.08.26-20.15.29:477][  0]LogConfig: Setting CVar [[r.PostProcessAAQuality:4]]
[2026.08.26-20.15.29:477][  0]LogConfig: Applying CVar settings from Section [ShadowQuality@3] File [E:/_Alex's Data/Unreal Engine/Unreal Projects/Brackeys2026/Brackeys-2026/BrackeysJam2026/Saved/Config/Windows/Scalability.ini]
[2026.08.26-20.15.29:477][  0]LogConfig: Setting CVar [[r.LightFunctionQuality:1]]
[2026.08.26-20.15.29:477][  0]LogConfig: Setting CVar [[r.ShadowQuality:5]]
[2026.08.26-20.15.29:477][  0]LogConfig: Setting CVar [[r.Shadow.CSM.MaxCascades:10]]
[2026.08.26-20.15.29:477][  0]LogConfig: Setting CVar [[r.Shadow.MaxResolution:2048]]
[2026.08.26-20.15.29:477][  0]LogConfig: Setting CVar [[r.Shadow.MaxCSMResolution:2048]]
[2026.08.26-20.15.29:477][  0]LogConfig: Setting CVar [[r.Shadow.RadiusThreshold:0.01]]
[2026.08.26-20.15.29:477][  0]LogConfig: Setting CVar [[r.Shadow.DistanceScale:1.0]]
[2026.08.26-20.15.29:477][  0]LogConfig: Setting CVar [[r.Shadow.CSM.TransitionScale:1.0]]
[2026.08.26-20.15.29:477][  0]LogConfig: Setting CVar [[r.Shadow.PreShadowResolutionFactor:1.0]]
[2026.08.26-20.15.29:478][  0]LogConfig: Setting CVar [[r.DistanceFieldShadowing:1]]
[2026.08.26-20.15.29:478][  0]LogConfig: Setting CVar [[r.DistanceFieldAO:1]]
[2026.08.26-20.15.29:478][  0]LogConfig: Setting CVar [[r.AOQuality:2]]
[2026.08.26-20.15.29:478][  0]LogConfig: Setting CVar [[r.VolumetricFog:1]]
[2026.08.26-20.15.29:478][  0]LogConfig: Setting CVar [[r.VolumetricFog.GridPixelSize:8]]
[2026.08.26-20.15.29:478][  0]LogConfig: Setting CVar [[r.VolumetricFog.GridSizeZ:128]]
[2026.08.26-20.15.29:478][  0]LogConfig: Setting CVar [[r.VolumetricFog.HistoryMissSupersampleCount:4]]
[2026.08.26-20.15.29:478][  0]LogConfig: Setting CVar [[r.LightMaxDrawDistanceScale:1]]
[2026.08.26-20.15.29:478][  0]LogConfig: Setting CVar [[r.CapsuleShadows:1]]
[2026.08.26-20.15.29:478][  0]LogConfig: Applying CVar settings from Section [PostProcessQuality@3] File [E:/_Alex's Data/Unreal Engine/Unreal Projects/Brackeys2026/Brackeys-2026/BrackeysJam2026/Saved/Config/Windows/Scalability.ini]
[2026.08.26-20.15.29:478][  0]LogConfig: Setting CVar [[r.MotionBlurQuality:4]]
[2026.08.26-20.15.29:478][  0]LogConfig: Setting CVar [[r.AmbientOcclusionMipLevelFactor:0.4]]
[2026.08.26-20.15.29:478][  0]LogConfig: Setting CVar [[r.AmbientOcclusionMaxQuality:100]]
[2026.08.26-20.15.29:478][  0]LogConfig: Setting CVar [[r.AmbientOcclusionLevels:-1]]
[2026.08.26-20.15.29:478][  0]LogConfig: Setting CVar [[r.AmbientOcclusionRadiusScale:1.0]]
[2026.08.26-20.15.29:478][  0]LogConfig: Setting CVar [[r.DepthOfFieldQuality:2]]
[2026.08.26-20.15.29:478][  0]LogConfig: Setting CVar [[r.RenderTargetPoolMin:400]]
[2026.08.26-20.15.29:478][  0]LogConfig: Setting CVar [[r.LensFlareQuality:2]]
[2026.08.26-20.15.29:478][  0]LogConfig: Setting CVar [[r.SceneColorFringeQuality:1]]
[2026.08.26-20.15.29:478][  0]LogConfig: Setting CVar [[r.EyeAdaptationQuality:2]]
[2026.08.26-20.15.29:478][  0]LogConfig: Setting CVar [[r.BloomQuality:5]]
[2026.08.26-20.15.29:478][  0]LogConfig: Setting CVar [[r.FastBlurThreshold:100]]
[2026.08.26-20.15.29:478][  0]LogConfig: Setting CVar [[r.Upscale.Quality:3]]
[2026.08.26-20.15.29:478][  0]LogConfig: Setting CVar [[r.Tonemapper.GrainQuantization:1]]
[2026.08.26-20.15.29:478][  0]LogConfig: Setting CVar [[r.LightShaftQuality:1]]
[2026.08.26-20.15.29:478][  0]LogConfig: Setting CVar [[r.Filter.SizeScale:1]]
[2026.08.26-20.15.29:478][  0]LogConfig: Setting CVar [[r.Tonemapper.Quality:5]]
[2026.08.26-20.15.29:478][  0]LogConfig: Setting CVar [[r.DOF.Gather.AccumulatorQuality:1        ; higher gathering accumulator quality]]
[2026.08.26-20.15.29:478][  0]LogConfig: Setting CVar [[r.DOF.Gather.PostfilterMethod:1          ; Median3x3 postfilering method]]
[2026.08.26-20.15.29:478][  0]LogConfig: Setting CVar [[r.DOF.Gather.EnableBokehSettings:0       ; no bokeh simulation when gathering]]
[2026.08.26-20.15.29:478][  0]LogConfig: Setting CVar [[r.DOF.Gather.RingCount:4                 ; medium number of samples when gathering]]
[2026.08.26-20.15.29:478][  0]LogConfig: Setting CVar [[r.DOF.Scatter.ForegroundCompositing:1    ; additive foreground scattering]]
[2026.08.26-20.15.29:478][  0]LogConfig: Setting CVar [[r.DOF.Scatter.BackgroundCompositing:2    ; additive background scattering]]
[2026.08.26-20.15.29:478][  0]LogConfig: Setting CVar [[r.DOF.Scatter.EnableBokehSettings:1      ; bokeh simulation when scattering]]
[2026.08.26-20.15.29:478][  0]LogConfig: Setting CVar [[r.DOF.Scatter.MaxSpriteRatio:0.1         ; only a maximum of 10% of scattered bokeh]]
[2026.08.26-20.15.29:478][  0]LogConfig: Setting CVar [[r.DOF.Recombine.Quality:1                ; cheap slight out of focus]]
[2026.08.26-20.15.29:478][  0]LogConfig: Setting CVar [[r.DOF.Recombine.EnableBokehSettings:0    ; no bokeh simulation on slight out of focus]]
[2026.08.26-20.15.29:478][  0]LogConfig: Setting CVar [[r.DOF.TemporalAAQuality:1                ; more stable temporal accumulation]]
[2026.08.26-20.15.29:478][  0]LogConfig: Setting CVar [[r.DOF.Kernel.MaxForegroundRadius:0.025]]
[2026.08.26-20.15.29:478][  0]LogConfig: Setting CVar [[r.DOF.Kernel.MaxBackgroundRadius:0.025]]
[2026.08.26-20.15.29:478][  0]LogConfig: Applying CVar settings from Section [TextureQuality@3] File [E:/_Alex's Data/Unreal Engine/Unreal Projects/Brackeys2026/Brackeys-2026/BrackeysJam2026/Saved/Config/Windows/Scalability.ini]
[2026.08.26-20.15.29:478][  0]LogConfig: Setting CVar [[r.Streaming.MipBias:0]]
[2026.08.26-20.15.29:478][  0]LogConfig: Setting CVar [[r.Streaming.AmortizeCPUToGPUCopy:0]]
[2026.08.26-20.15.29:478][  0]LogConfig: Setting CVar [[r.Streaming.MaxNumTexturesToStreamPerFrame:0]]
[2026.08.26-20.15.29:478][  0]LogConfig: Setting CVar [[r.Streaming.Boost:1]]
[2026.08.26-20.15.29:478][  0]LogConfig: Setting CVar [[r.MaxAnisotropy:8]]
[2026.08.26-20.15.29:478][  0]LogConfig: Setting CVar [[r.VT.MaxAnisotropy:8]]
[2026.08.26-20.15.29:478][  0]LogConfig: Setting CVar [[r.Streaming.LimitPoolSizeToVRAM:0]]
[2026.08.26-20.15.29:478][  0]LogConfig: Setting CVar [[r.Streaming.PoolSize:1000]]
[2026.08.26-20.15.29:478][  0]LogConfig: Setting CVar [[r.Streaming.MaxEffectiveScreenSize:0]]
[2026.08.26-20.15.29:478][  0]LogConfig: Applying CVar settings from Section [EffectsQuality@3] File [E:/_Alex's Data/Unreal Engine/Unreal Projects/Brackeys2026/Brackeys-2026/BrackeysJam2026/Saved/Config/Windows/Scalability.ini]
[2026.08.26-20.15.29:478][  0]LogConfig: Setting CVar [[r.TranslucencyLightingVolumeDim:64]]
[2026.08.26-20.15.29:478][  0]LogConfig: Setting CVar [[r.RefractionQuality:2]]
[2026.08.26-20.15.29:478][  0]LogConfig: Setting CVar [[r.SSR.Quality:3]]
[2026.08.26-20.15.29:478][  0]LogConfig: Setting CVar [[r.SSR.HalfResSceneColor:0]]
[2026.08.26-20.15.29:478][  0]LogConfig: Setting CVar [[r.SceneColorFormat:4]]
[2026.08.26-20.15.29:478][  0]LogConfig: Setting CVar [[r.DetailMode:2]]
[2026.08.26-20.15.29:478][  0]LogConfig: Setting CVar [[r.TranslucencyVolumeBlur:1]]
[2026.08.26-20.15.29:478][  0]LogConfig: Setting CVar [[r.MaterialQualityLevel:1 ; High quality]]
[2026.08.26-20.15.29:478][  0]LogConfig: Setting CVar [[r.AnisotropicMaterials:1]]
[2026.08.26-20.15.29:478][  0]LogConfig: Setting CVar [[r.SSS.Scale:1]]
[2026.08.26-20.15.29:478][  0]LogConfig: Setting CVar [[r.SSS.SampleSet:2]]
[2026.08.26-20.15.29:478][  0]LogConfig: Setting CVar [[r.SSS.Quality:1]]
[2026.08.26-20.15.29:478][  0]LogConfig: Setting CVar [[r.SSS.HalfRes:0]]
[2026.08.26-20.15.29:478][  0]LogConfig: Setting CVar [[r.SSGI.Quality:3]]
[2026.08.26-20.15.29:478][  0]LogConfig: Setting CVar [[r.EmitterSpawnRateScale:1.0]]
[2026.08.26-20.15.29:478][  0]LogConfig: Setting CVar [[r.ParticleLightQuality:2]]
[2026.08.26-20.15.29:478][  0]LogConfig: Setting CVar [[r.SkyAtmosphere.AerialPerspectiveLUT.FastApplyOnOpaque:1 ; Always have FastSkyLUT 1 in this case to avoid wrong sky]]
[2026.08.26-20.15.29:478][  0]LogConfig: Setting CVar [[r.SkyAtmosphere.AerialPerspectiveLUT.SampleCountMaxPerSlice:4]]
[2026.08.26-20.15.29:478][  0]LogConfig: Setting CVar [[r.SkyAtmosphere.AerialPerspectiveLUT.DepthResolution:16.0]]
[2026.08.26-20.15.29:478][  0]LogConfig: Setting CVar [[r.SkyAtmosphere.FastSkyLUT:1]]
[2026.08.26-20.15.29:478][  0]LogConfig: Setting CVar [[r.SkyAtmosphere.FastSkyLUT.SampleCountMin:4.0]]
[2026.08.26-20.15.29:478][  0]LogConfig: Setting CVar [[r.SkyAtmosphere.FastSkyLUT.SampleCountMax:128.0]]
[2026.08.26-20.15.29:478][  0]LogConfig: Setting CVar [[r.SkyAtmosphere.SampleCountMin:4.0]]
[2026.08.26-20.15.29:478][  0]LogConfig: Setting CVar [[r.SkyAtmosphere.SampleCountMax:128.0]]
[2026.08.26-20.15.29:478][  0]LogConfig: Setting CVar [[r.SkyAtmosphere.TransmittanceLUT.UseSmallFormat:0]]
[2026.08.26-20.15.29:478][  0]LogConfig: Setting CVar [[r.SkyAtmosphere.TransmittanceLUT.SampleCount:10.0]]
[2026.08.26-20.15.29:478][  0]LogConfig: Setting CVar [[r.SkyAtmosphere.MultiScatteringLUT.SampleCount:15.0]]
[2026.08.26-20.15.29:478][  0]LogConfig: Setting CVar [[r.SkyLight.RealTimeReflectionCapture:1]]
[2026.08.26-20.15.29:478][  0]LogConfig: Applying CVar settings from Section [FoliageQuality@3] File [E:/_Alex's Data/Unreal Engine/Unreal Projects/Brackeys2026/Brackeys-2026/BrackeysJam2026/Saved/Config/Windows/Scalability.ini]
[2026.08.26-20.15.29:478][  0]LogConfig: Setting CVar [[foliage.DensityScale:1.0]]
[2026.08.26-20.15.29:478][  0]LogConfig: Setting CVar [[grass.DensityScale:1.0]]
[2026.08.26-20.15.29:478][  0]LogConfig: Applying CVar settings from Section [ShadingQuality@3] File [E:/_Alex's Data/Unreal Engine/Unreal Projects/Brackeys2026/Brackeys-2026/BrackeysJam2026/Saved/Config/Windows/Scalability.ini]
[2026.08.26-20.15.29:478][  0]LogConfig: Setting CVar [[r.HairStrands.SkyLighting.IntegrationType:2]]
[2026.08.26-20.15.29:478][  0]LogConfig: Setting CVar [[r.HairStrands.SkyAO.SampleCount:4]]
[2026.08.26-20.15.29:478][  0]LogConfig: Setting CVar [[r.HairStrands.Visibility.MSAA.SamplePerPixel:4]]
[2026.08.26-20.15.29:478][  0]LogConfig: Applying CVar settings from Section [Startup] File [../../../Engine/Config/ConsoleVariables.ini]
[2026.08.26-20.15.29:478][  0]LogConfig: Setting CVar [[net.UseAdaptiveNetUpdateFrequency:0]]
[2026.08.26-20.15.29:478][  0]LogConfig: Setting CVar [[p.chaos.AllowCreatePhysxBodies:1]]
[2026.08.26-20.15.29:479][  0]LogConfig: Setting CVar [[fx.SkipVectorVMBackendOptimizations:1]]
[2026.08.26-20.15.29:479][  0]LogConfig: Applying CVar settings from Section [ConsoleVariables] File [E:/_Alex's Data/Unreal Engine/Unreal Projects/Brackeys2026/Brackeys-2026/BrackeysJam2026/Saved/Config/Windows/Engine.ini]
[2026.08.26-20.15.29:479][  0]LogConfig: Applying CVar settings from Section [ConsoleVariables] File [E:/_Alex's Data/Unreal Engine/Unreal Projects/Brackeys2026/Brackeys-2026/BrackeysJam2026/Saved/Config/Windows/Editor.ini]
[2026.08.26-20.15.29:479][  0]LogInit: Computer: LAPTOP-EB09ONFM
[2026.08.26-20.15.29:479][  0]LogInit: User: AlexT
[2026.08.26-20.15.29:479][  0]LogInit: CPU Page size=4096, Cores=8
[2026.08.26-20.15.29:479][  0]LogInit: High frequency timer resolution =10.000000 MHz
[2026.08.26-20.15.29:479][  0]LogMemory: Memory total: Physical=31.3GB (32GB approx)
[2026.08.26-20.15.29:479][  0]LogMemory: Platform Memory Stats for Windows
[2026.08.26-20.15.29:479][  0]LogMemory: Process Physical Memory: 155.61 MB used, 155.61 MB peak
[2026.08.26-20.15.29:479][  0]LogMemory: Process Virtual Memory: 129.25 MB used, 129.25 MB peak
[2026.08.26-20.15.29:479][  0]LogMemory: Physical Memory: 13439.97 MB used,  18640.80 MB free, 32080.77 MB total
[2026.08.26-20.15.29:479][  0]LogMemory: Virtual Memory: 134195704.00 MB used,  22020.74 MB free, 134217728.00 MB total
[2026.08.26-20.15.29:483][  0]LogWindows: WindowsPlatformFeatures enabled
[2026.08.26-20.15.29:500][  0]LogInit: Physics initialised using underlying interface: PhysX
[2026.08.26-20.15.29:502][  0]LogInit: Using OS detected language (en-US).
[2026.08.26-20.15.29:502][  0]LogInit: Using OS detected locale (en-US).
[2026.08.26-20.15.29:506][  0]LogTextLocalizationManager: No specific localization for 'en-US' exists, so the 'en' localization will be used.
[2026.08.26-20.15.29:642][  0]LogInit: Setting process to per monitor DPI aware
[2026.08.26-20.15.29:652][  0]LogWindowsTextInputMethodSystem: Display: IME system deactivated.
[2026.08.26-20.15.29:664][  0]LogSlate: New Slate User Created.  User Index 0, Is Virtual User: 0
[2026.08.26-20.15.29:664][  0]LogSlate: Slate User Registered.  User Index 0, Is Virtual User: 0
[2026.08.26-20.15.29:769][  0]LogD3D11RHI: Loaded GFSDK_Aftermath_Lib.x64.dll
[2026.08.26-20.15.29:793][  0]LogHMD: Failed to initialize OpenVR with code 110
[2026.08.26-20.15.29:793][  0]LogD3D11RHI: D3D11 min allowed feature level: 11_0
[2026.08.26-20.15.29:793][  0]LogD3D11RHI: D3D11 max allowed feature level: 11_0
[2026.08.26-20.15.29:793][  0]LogD3D11RHI: D3D11 adapters:
[2026.08.26-20.15.29:892][  0]LogD3D11RHI:    0. 'AMD Radeon 780M Graphics' (Feature Level 11_0)
[2026.08.26-20.15.29:892][  0]LogD3D11RHI:       421/0/16040 MB DedicatedVideo/DedicatedSystem/SharedSystem, Outputs:1, VendorId:0x1002
[2026.08.26-20.15.29:899][  0]LogD3D11RHI:    1. 'Microsoft Basic Render Driver' (Feature Level 11_0)
[2026.08.26-20.15.29:899][  0]LogD3D11RHI:       0/0/16040 MB DedicatedVideo/DedicatedSystem/SharedSystem, Outputs:0, VendorId:0x1414
[2026.08.26-20.15.29:899][  0]LogD3D11RHI: Chosen D3D11 Adapter:
[2026.08.26-20.15.29:899][  0]LogD3D11RHI:     Description : AMD Radeon 780M Graphics
[2026.08.26-20.15.29:899][  0]LogD3D11RHI:     VendorId    : 1002
[2026.08.26-20.15.29:899][  0]LogD3D11RHI:     DeviceId    : 1900
[2026.08.26-20.15.29:899][  0]LogD3D11RHI:     SubSysId    : 1241002
[2026.08.26-20.15.29:899][  0]LogD3D11RHI:     Revision    : 00d5
[2026.08.26-20.15.29:899][  0]LogD3D11RHI:     DedicatedVideoMemory : 441671680 bytes
[2026.08.26-20.15.29:899][  0]LogD3D11RHI:     DedicatedSystemMemory : 0 bytes
[2026.08.26-20.15.29:899][  0]LogD3D11RHI:     SharedSystemMemory : 16819564544 bytes
[2026.08.26-20.15.29:899][  0]LogD3D11RHI:     AdapterLuid : 0 66722
[2026.08.26-20.15.29:906][  0]LogD3D11RHI: Creating new Direct3DDevice
[2026.08.26-20.15.29:906][  0]LogD3D11RHI:     GPU DeviceId: 0x1900 (for the marketing name, search the web for "GPU Device Id")
[2026.08.26-20.15.29:906][  0]LogWindows: EnumDisplayDevices:
[2026.08.26-20.15.29:906][  0]LogWindows:    0. 'AMD Radeon 780M Graphics' (P:1 D:1)
[2026.08.26-20.15.29:906][  0]LogWindows:    1. 'AMD Radeon 780M Graphics' (P:0 D:0)
[2026.08.26-20.15.29:907][  0]LogWindows:    2. 'AMD Radeon 780M Graphics' (P:0 D:0)
[2026.08.26-20.15.29:907][  0]LogWindows:    3. 'AMD Radeon 780M Graphics' (P:0 D:0)
[2026.08.26-20.15.29:908][  0]LogWindows:    4. 'AMD Radeon 780M Graphics' (P:0 D:0)
[2026.08.26-20.15.29:908][  0]LogWindows: DebugString: FoundDriverCount:5 
[2026.08.26-20.15.29:908][  0]LogD3D11RHI:     Adapter Name: AMD Radeon 780M Graphics
[2026.08.26-20.15.29:908][  0]LogD3D11RHI:   Driver Version: AMD Software: Adrenalin Edition 26.7.1 (internal:32.0.31035.1003, unified:32.0.31035.1003)
[2026.08.26-20.15.29:908][  0]LogD3D11RHI:      Driver Date: 7-24-2026
[2026.08.26-20.15.29:908][  0]LogRHI: Texture pool is 10985 MB (70% of 15693 MB)
[2026.08.26-20.15.29:940][  0]LogD3D11RHI: Creating D3DDevice with AMD AGS, using adapter:
[2026.08.26-20.15.29:940][  0]LogD3D11RHI:     Description : AMD Radeon 780M Graphics
[2026.08.26-20.15.29:940][  0]LogD3D11RHI:     VendorId    : 1002
[2026.08.26-20.15.29:940][  0]LogD3D11RHI:     DeviceId    : 1900
[2026.08.26-20.15.29:940][  0]LogD3D11RHI:     SubSysId    : 1241002
[2026.08.26-20.15.29:940][  0]LogD3D11RHI:     Revision    : 00d5
[2026.08.26-20.15.29:940][  0]LogD3D11RHI:     DedicatedVideoMemory : 441671680 bytes
[2026.08.26-20.15.29:940][  0]LogD3D11RHI:     DedicatedSystemMemory : 0 bytes
[2026.08.26-20.15.29:940][  0]LogD3D11RHI:     SharedSystemMemory : 16819564544 bytes
[2026.08.26-20.15.29:940][  0]LogD3D11RHI:     AdapterLuid : 0 66722
[2026.08.26-20.15.30:035][  0]LogD3D11RHI: Created device via AGS, feature level 11_0, supported extensions 1fffffbf.
[2026.08.26-20.15.30:035][  0]LogD3D11RHI: RHI has support for 64 bit atomics
[2026.08.26-20.15.30:035][  0]LogD3D11RHI: Async texture creation enabled
[2026.08.26-20.15.30:035][  0]LogD3D11RHI: Array index from any shader is supported
[2026.08.26-20.15.30:047][  0]LogD3D11RHI: GPU Timing Frequency: 100.000000 (Debug: 2 1)
[2026.08.26-20.15.30:339][  0]LogTargetPlatformManager: Display: Loaded TargetPlatform 'AllDesktop'
[2026.08.26-20.15.30:354][  0]LogTargetPlatformManager: Display: Loaded TargetPlatform 'Android'
[2026.08.26-20.15.30:354][  0]LogTargetPlatformManager: Display: Loaded TargetPlatform 'Android_ASTC'
[2026.08.26-20.15.30:354][  0]LogTargetPlatformManager: Display: Loaded TargetPlatform 'Android_DXT'
[2026.08.26-20.15.30:354][  0]LogTargetPlatformManager: Display: Loaded TargetPlatform 'Android_ETC2'
[2026.08.26-20.15.30:354][  0]LogTargetPlatformManager: Display: Loaded TargetPlatform 'AndroidClient'
[2026.08.26-20.15.30:354][  0]LogTargetPlatformManager: Display: Loaded TargetPlatform 'Android_ASTCClient'
[2026.08.26-20.15.30:354][  0]LogTargetPlatformManager: Display: Loaded TargetPlatform 'Android_DXTClient'
[2026.08.26-20.15.30:354][  0]LogTargetPlatformManager: Display: Loaded TargetPlatform 'Android_ETC2Client'
[2026.08.26-20.15.30:354][  0]LogTargetPlatformManager: Display: Loaded TargetPlatform 'Android_Multi'
[2026.08.26-20.15.30:354][  0]LogTargetPlatformManager: Display: Loaded TargetPlatform 'Android_MultiClient'
[2026.08.26-20.15.30:373][  0]LogTargetPlatformManager: Display: Loaded TargetPlatform 'IOSClient'
[2026.08.26-20.15.30:373][  0]LogTargetPlatformManager: Display: Loaded TargetPlatform 'IOS'
[2026.08.26-20.15.30:381][  0]LogTargetPlatformManager: Display: Loaded TargetPlatform 'Linux'
[2026.08.26-20.15.30:384][  0]LogTargetPlatformManager: Display: Loaded TargetPlatform 'LinuxNoEditor'
[2026.08.26-20.15.30:387][  0]LogTargetPlatformManager: Display: Loaded TargetPlatform 'LinuxClient'
[2026.08.26-20.15.30:392][  0]LogTargetPlatformManager: Display: Loaded TargetPlatform 'LinuxServer'
[2026.08.26-20.15.30:399][  0]LogTargetPlatformManager: Display: Loaded TargetPlatform 'LinuxAArch64NoEditor'
[2026.08.26-20.15.30:403][  0]LogTargetPlatformManager: Display: Loaded TargetPlatform 'LinuxAArch64Client'
[2026.08.26-20.15.30:406][  0]LogTargetPlatformManager: Display: Loaded TargetPlatform 'LinuxAArch64Server'
[2026.08.26-20.15.30:422][  0]LogTargetPlatformManager: Display: Loaded TargetPlatform 'Lumin'
[2026.08.26-20.15.30:423][  0]LogTargetPlatformManager: Display: Loaded TargetPlatform 'LuminClient'
[2026.08.26-20.15.30:428][  0]LogTargetPlatformManager: Display: Loaded TargetPlatform 'MacNoEditor'
[2026.08.26-20.15.30:431][  0]LogTargetPlatformManager: Display: Loaded TargetPlatform 'Mac'
[2026.08.26-20.15.30:434][  0]LogTargetPlatformManager: Display: Loaded TargetPlatform 'MacClient'
[2026.08.26-20.15.30:438][  0]LogTargetPlatformManager: Display: Loaded TargetPlatform 'MacServer'
[2026.08.26-20.15.30:447][  0]LogTargetPlatformManager: Display: Loaded TargetPlatform 'TVOSClient'
[2026.08.26-20.15.30:447][  0]LogTargetPlatformManager: Display: Loaded TargetPlatform 'TVOS'
[2026.08.26-20.15.30:453][  0]LogTargetPlatformManager: Display: Loaded TargetPlatform 'WindowsNoEditor'
[2026.08.26-20.15.30:457][  0]LogTargetPlatformManager: Display: Loaded TargetPlatform 'Windows'
[2026.08.26-20.15.30:460][  0]LogTargetPlatformManager: Display: Loaded TargetPlatform 'WindowsClient'
[2026.08.26-20.15.30:463][  0]LogTargetPlatformManager: Display: Loaded TargetPlatform 'WindowsServer'
[2026.08.26-20.15.30:463][  0]LogTargetPlatformManager: Display: Building Assets For Windows
[2026.08.26-20.15.30:468][  0]LogAudioDebug: Display: Lib vorbis DLL was dynamically loaded.
[2026.08.26-20.15.30:494][  0]LogTextureFormatOodle: Display: Oodle Texture 2.9.0 init RDO Off
[2026.08.26-20.15.30:522][  0]LogRendererCore: Ray tracing is disabled. Reason: r.RayTracing=0.
[2026.08.26-20.15.30:522][  0]LogShaderCompilers: Guid format shader working directory is -41 characters bigger than the processId version (E:/_Alex's Data/Unreal Engine/Unreal Projects/Brackeys2026/Brackeys-2026/BrackeysJam2026/Intermediate/Shaders/WorkingDirectory/5676/).
[2026.08.26-20.15.30:522][  0]LogShaderCompilers: Cleaned the shader compiler working directory 'C:/Users/Alex T/AppData/Local/Temp/UnrealShaderWorkingDir/2C2D0E3E488FDDE0434B6799033CA3F0/'.
[2026.08.26-20.15.30:522][  0]LogXGEController: Cannot use XGE Controller as Incredibuild is not installed on this machine.
[2026.08.26-20.15.30:522][  0]LogShaderCompilers: Cannot use XGE Shader Compiler as Incredibuild is not installed on this machine.
[2026.08.26-20.15.30:522][  0]LogShaderCompilers: Display: Using Local Shader Compiler.
[2026.08.26-20.15.31:026][  0]LogDerivedDataCache: Display: Max Cache Size: 512 MB
[2026.08.26-20.15.31:077][  0]LogDerivedDataCache: Loaded boot cache 0.05s 99MB C:/Users/Alex T/AppData/Local/UnrealEngine/4.27/DerivedDataCache/Boot.ddc.
[2026.08.26-20.15.31:077][  0]LogDerivedDataCache: Display: Loaded Boot cache: C:/Users/Alex T/AppData/Local/UnrealEngine/4.27/DerivedDataCache/Boot.ddc
[2026.08.26-20.15.31:077][  0]LogDerivedDataCache: FDerivedDataBackendGraph:  Pak pak cache file E:/_Alex's Data/Unreal Engine/Unreal Projects/Brackeys2026/Brackeys-2026/BrackeysJam2026/DerivedDataCache/DDC.ddp not found, will not use a pak cache.
[2026.08.26-20.15.31:078][  0]LogDerivedDataCache: Unable to find inner node Pak for hierarchical cache Hierarchy.
[2026.08.26-20.15.31:078][  0]LogDerivedDataCache: FDerivedDataBackendGraph:  CompressedPak pak cache file E:/_Alex's Data/Unreal Engine/Unreal Projects/Brackeys2026/Brackeys-2026/BrackeysJam2026/DerivedDataCache/Compressed.ddp not found, will not use a pak cache.
[2026.08.26-20.15.31:078][  0]LogDerivedDataCache: Unable to find inner node CompressedPak for hierarchical cache Hierarchy.
[2026.08.26-20.15.31:096][  0]LogDerivedDataCache: Display: Pak cache opened for reading ../../../Engine/DerivedDataCache/Compressed.ddp.
[2026.08.26-20.15.31:096][  0]LogDerivedDataCache: FDerivedDataBackendGraph:  EnterprisePak pak cache file ../../../Enterprise/DerivedDataCache/Compressed.ddp not found, will not use a pak cache.
[2026.08.26-20.15.31:096][  0]LogDerivedDataCache: Unable to find inner node EnterprisePak for hierarchical cache Hierarchy.
[2026.08.26-20.15.31:105][  0]LogDerivedDataCache: Speed tests for C:/Users/Alex T/AppData/Local/UnrealEngine/Common/DerivedDataCache took 0.01 seconds
[2026.08.26-20.15.31:105][  0]LogDerivedDataCache: Display: Performance to C:/Users/Alex T/AppData/Local/UnrealEngine/Common/DerivedDataCache: Latency=0.03ms. RandomReadSpeed=908.34MBs, RandomWriteSpeed=126.87MBs. Assigned SpeedClass 'Local'
[2026.08.26-20.15.31:106][  0]LogDerivedDataCache: Using Local data cache path C:/Users/Alex T/AppData/Local/UnrealEngine/Common/DerivedDataCache: Writable
[2026.08.26-20.15.31:106][  0]LogDerivedDataCache: Shared data cache path not found in *engine.ini, will not use an Shared cache.
[2026.08.26-20.15.31:106][  0]LogDerivedDataCache: Unable to find inner node Shared for hierarchical cache Hierarchy.
[2026.08.26-20.15.31:162][  0]LogSlate: Using FreeType 2.10.0
[2026.08.26-20.15.31:162][  0]LogSlate: SlateFontServices - WITH_FREETYPE: 1, WITH_HARFBUZZ: 1
[2026.08.26-20.15.31:185][  0]LogAssetRegistry: FAssetRegistry took 0.0026 seconds to start up
[2026.08.26-20.15.31:498][  0]LogInit: Selected Device Profile: [Windows]
[2026.08.26-20.15.31:498][  0]LogInit: Active device profile: [0000020CDEED6C00][0000020CDC769640 49] Windows
[2026.08.26-20.15.31:498][  0]LogInit: Profiles: [0000020CDEED6C00][0000020CDC769640 49] Windows, [0000020CDEE6D200][0000020CDBB15900 49] WindowsNoEditor, [0000020CDEED6400][0000020CDBB19BC0 49] WindowsServer, [0000020CDEE6D900][0000020CDBB1C300 49] WindowsClient, [0000020CDEED4D00][0000020CDBB205C0 49] IOS, [0000020CDEE6ED00][0000020CDBB24880 49] iPadAir, [0000020CDEE63F00][0000020CDBB28B40 49] iPadAir2, [0000020CDEE29000][0000020CDBC7D040 49] IPadPro, [0000020CDEE29100][0000020CDC76D080 49] iPadAir3, [0000020CDEED5300][0000020CDBC75340 49] iPadAir4, [0000020CDEE2AD00][0000020CDBC71600 49] iPadMini2, [0000020CDEE60100][0000020CDBC798C0 49] iPadMini3, [0000020CDEED4F00][0000020CDBC81B80 49] iPadMini4, [0000020CDEE28500][0000020CDBC842C0 49] iPadMini5, [0000020CDEE6C200][0000020CDEB2E800 49] iPhone6, [0000020CDEE6C300][0000020CDBC88840 49] iPodTouch6, [0000020CDEED5A00][0000020CDEB32D40 49] iPhone7, [0000020CDEED7800][0000020CDEB26D80 49] iPodTouch7, [0000020CDEE6F300][0000020CDBC6D000 49] iPhone5S, [0000020CDEE60F00][0000020CDEB232C0 49] iPhone6Plus, [0000020CDEE6CC00][0000020CDEB37580 49] iPhone6S, [0000020CDEE61600][0000020CDEB3B840 49] iPhone6SPlus, [0000020CDEE6C400][0000020CDEB3FB00 49] iPhone7Plus, [0000020CDEE60200][0000020CDEB42240 49] iPhoneSE, [0000020CDEE6FF00][0000020CDEB46500 49] iPhone8, [0000020CDEE62300][0000020CDEB4A7C0 49] iPhone8Plus, [0000020CDEE6F000][0000020CDEB4EA80 49] iPhoneX, [0000020CDEE60700][0000020CDEB52D40 49] iPhoneXS, [0000020CDEED5000][0000020CDEB2AFC0 49] iPhoneXSMax, [0000020CDEE61F00][0000020CDEB57240 49] iPhoneXR, [0000020CDEED5800][0000020CDEB5F500 49] iPhone11, [0000020CDEE60300][0000020CDEB637C0 49] iPhone11Pro, [0000020CDEED5B00][0000020CDEB67A80 49] iPhone11ProMax, [0000020CDEE62F00][0000020CDEB6A1C0 49] iPhoneSE2, [0000020CDEED6600][0000020CDEB6E480 49] iPhone12Mini, [0000020CDEE63A00][0000020CDEB72740 49] iPhone12, [0000020CDEED4500][0000020CDEB76A00 49] iPhone12Pro, [0000020CDEE61200][0000020CDEB7ACC0 49] iPhone12ProMax, [0000020CDEED4100][0000020CDBA14F80 49] iPadPro105, [0000020CDEE61300][0000020CDEB5B200 49] iPadPro129, [0000020CDEED6A00][0000020CDBA19480 49] iPadPro97, [0000020CDEE63C00][0000020CDBA21740 49] iPadPro2_129, [0000020CDEED4600][0000020CDBA25A00 49] iPad5, [0000020CDEE60D00][0000020CDBA28140 49] iPad6, [0000020CDEED5100][0000020CDBA2C400 49] iPad7, [0000020CDEE62200][0000020CDBA306C0 49] iPad8, [0000020CDEED7400][0000020CDBA34980 49] iPadPro11, [0000020CDEE63200][0000020CDBA38C40 49] iPadPro2_11, [0000020CDEED6100][0000020CDBA3CF00 49] iPadPro3_129, [0000020CDEE63B00][0000020CDBA411C0 49] iPadPro4_129, [0000020CDEED4400][0000020CDBA1D440 49] AppleTV, [0000020CDEE61900][0000020CDBA456C0 49] AppleTV4K, [0000020CDEED4200][0000020CDBA5D980 49] TVOS, [0000020CDEE60500][0000020CDBA600C0 49] Mac, [0000020CDEED5F00][0000020CDBA64380 49] MacClient, [0000020CDEE62600][0000020CDBA68640 49] MacNoEditor, [0000020CDEED5400][0000020CDBA6C900 49] MacServer, [0000020CDEE61700][0000020CDBA70BC0 49] Linux, [0000020CDEED7500][0000020CDBA74E80 49] LinuxAArch64, [0000020CDEE63000][0000020CDBA79140 49] LinuxNoEditor, [0000020CDEED6800][0000020CDBA7D400 49] LinuxAArch64NoEditor, [0000020CDEE61500][0000020CDBA59680 49] LinuxClient, [0000020CDEED5600][0000020CDBA81900 49] LinuxAArch64Client, [0000020CDEE60B00][0000020CDBA89BC0 49] LinuxServer, [0000020CDEED7200][0000020CDBA8C300 49] LinuxAArch64Server, [0000020CDEE61800][0000020CDBA905C0 49] Android, [0000020CDEED6900][0000020CDBA94880 49] Android_Low, [0000020CDEE62E00][0000020CDBA98B40 49] Android_Mid, [0000020CDEED6500][0000020CDBA9CE00 49] Android_High, [0000020CDEE28A00][0000020CDBAA10C0 49] Android_Default, [0000020CDEE6DC00][0000020CDBAA5380 49] Android_Adreno4xx, [0000020CDEE29300][0000020CDBAA9640 49] Android_Adreno5xx_Low, [0000020CDEE6D800][0000020CDBA858C0 49] Android_Adreno5xx, [0000020CDEE29A00][0000020CDBAADB40 49] Android_Adreno6xx, [0000020CDEE6C700][0000020CDFB94280 49] Android_Adreno6xx_Vulkan, [0000020CDEE2AA00][0000020CDFB98540 49] Android_Mali_T6xx, [0000020CDEE6FB00][0000020CDFB9C800 49] Android_Mali_T7xx, [0000020CDEE28900][0000020CDFBA0AC0 49] Android_Mali_T8xx, [0000020CDEE6EA00][0000020CDFBA4D80 49] Android_Mali_G71, [0000020CDEE28700][0000020CDFBA9040 49] Android_Mali_G72, [0000020CDEE6C800][0000020CDFBAD300 49] Android_Mali_G72_Vulkan, [0000020CDEE28C00][0000020CDFBB15C0 49] Android_Mali_G76, [0000020CDEE6D300][0000020CDFBB5880 49] Android_Mali_G76_Vulkan, [0000020CDEE28D00][0000020CDFB91B00 49] Android_Mali_G77, [0000020CDEE6E000][0000020CDFBB8200 49] Android_Mali_G77_Vulkan, [0000020CDEE28E00][0000020CDFBC04C0 49] Android_Mali_G78, [0000020CDEE6DE00][0000020CDFBC4780 49] Android_Mali_G78_Vulkan, [0000020CDEE2B100][0000020CDFBC8A40 49] Android_Mali_G710, [0000020CDEE6D600][0000020CDFBCCD00 49] Android_Mali_G710_Vulkan, [0000020CDEE29600][0000020CDFBD0FC0 49] Android_Vulkan_SM5, [0000020CDEE6F400][0000020CDFBD5280 49] Android_PowerVR_G6xxx, [0000020CDEE2B800][0000020CDFBD9540 49] Android_PowerVR_GT7xxx, [0000020CDEE6EC00][0000020CDFBDD800 49] Android_PowerVR_GE8xxx, [0000020CDEE29C00][0000020CDFBE1AC0 49] Android_PowerVR_GM9xxx, [0000020CDEE6EF00][0000020CDFBBC1C0 49] Android_PowerVR_GM9xxx_Vulkan, [0000020CDEE2BF00][0000020CDFBE4440 49] Android_TegraK1, [0000020CDEE6EE00][0000020CDFBEC700 49] Android_Unknown_Vulkan, [0000020CDEE29D00][0000020CDFBF09C0 49] Lumin, [0000020CDEE6F600][0000020CDFBF4C80 49] Lumin_Desktop, [0000020CDEE2A700][0000020CDFBF8F40 49] HoloLens, 
[2026.08.26-20.15.31:659][  0]LogMeshReduction: Using QuadricMeshReduction for automatic static mesh reduction
[2026.08.26-20.15.31:659][  0]LogMeshReduction: Using SimplygonMeshReduction for automatic skeletal mesh reduction
[2026.08.26-20.15.31:659][  0]LogMeshReduction: Using ProxyLODMeshReduction for automatic mesh merging
[2026.08.26-20.15.31:659][  0]LogMeshReduction: No distributed automatic mesh merging module available
[2026.08.26-20.15.31:659][  0]LogMeshMerging: No distributed automatic mesh merging module available
[2026.08.26-20.15.31:678][  0]LogNetVersion: BrackeysJam2026 1.0.0, NetCL: 17155196, EngineNetVer: 17, GameNetVer: 0 (Checksum: 1239153582)
[2026.08.26-20.15.32:084][  0]LogTexture: Default maximum texture size for cubemaps generated from long-lat sources has been changed from 512 to unlimited. In order to preserve old behaiour for '/Engine/MapTemplates/Sky/DaylightAmbientCubemap.DaylightAmbientCubemap', its maximum texture size has been explicitly set to 512.
[2026.08.26-20.15.32:143][  0]LogHMD: PokeAHoleMaterial loaded successfully
[2026.08.26-20.15.32:150][  0]LogUObjectArray: 17179 objects as part of root set at end of initial load.
[2026.08.26-20.15.32:150][  0]LogUObjectAllocator: 4302256 out of 0 bytes used by permanent object pool.
[2026.08.26-20.15.32:150][  0]LogUObjectArray: CloseDisregardForGC: 0/0 objects in disregard for GC pool
[2026.08.26-20.15.32:494][  0]LogNiagaraDebuggerClient: Niagara Debugger Client Initialized | Session: 83FC6F80406E75A0490FFF9FF10C6E27 | Instance: 4AA9AE684A5695C54E301E97320CC1DC (LAPTOP-EB09ONFM-5676).
[2026.08.26-20.15.32:629][  0]LogPython: Using Python 3.7.7
[2026.08.26-20.15.33:243][  0]LogUdpMessaging: Initializing bridge on interface 0.0.0.0:0 to multicast group 230.0.0.1:6666.
[2026.08.26-20.15.33:249][  0]LogTcpMessaging: Initializing TcpMessaging bridge
[2026.08.26-20.15.33:673][  0]SourceControl: Source control is disabled
[2026.08.26-20.15.33:673][  0]SourceControl: Source control is disabled
[2026.08.26-20.15.33:684][  0]SourceControl: Source control is disabled
[2026.08.26-20.15.33:685][  0]SourceControl: Source control is disabled
[2026.08.26-20.15.33:723][  0]LogUProjectInfo: Found projects:
[2026.08.26-20.15.33:729][  0]SourceControl: Source control is disabled
[2026.08.26-20.15.33:929][  0]LogOpenImageDenoise: OIDN starting up
[2026.08.26-20.15.33:941][  0]LogAndroidPermission: UAndroidPermissionCallbackProxy::GetInstance
[2026.08.26-20.15.33:964][  0]LogAudioCaptureCore: Display: No Audio Capture implementations found. Audio input will be silent.
[2026.08.26-20.15.33:964][  0]LogAudioCaptureCore: Display: No Audio Capture implementations found. Audio input will be silent.
[2026.08.26-20.15.34:088][  0]LogCollectionManager: Loaded 0 collections in 0.001505 seconds
[2026.08.26-20.15.34:116][  0]LogFileCache: Scanning file cache for directory 'E:/_Alex's Data/Unreal Engine/Unreal Projects/Brackeys2026/Brackeys-2026/BrackeysJam2026/Saved/Collections/' took 0.00s
[2026.08.26-20.15.34:116][  0]LogFileCache: Scanning file cache for directory 'E:/_Alex's Data/Unreal Engine/Unreal Projects/Brackeys2026/Brackeys-2026/BrackeysJam2026/Content/Developers/AlexT/Collections/' took 0.00s
[2026.08.26-20.15.34:116][  0]LogFileCache: Scanning file cache for directory 'E:/_Alex's Data/Unreal Engine/Unreal Projects/Brackeys2026/Brackeys-2026/BrackeysJam2026/Content/Collections/' took 0.00s
[2026.08.26-20.15.34:116][  0]LogOcInput: OculusInput pre-init called
[2026.08.26-20.15.34:375][  0]LogEngine: Initializing Engine...
[2026.08.26-20.15.34:378][  0]LogHMD: Failed to enumerate extensions. Please check that you have a valid OpenXR runtime installed.
[2026.08.26-20.15.34:378][  0]LogHMD: Failed to initialize OpenVR with code 110
[2026.08.26-20.15.34:378][  0]LogMagicLeap: Warning: VR disabled because ZI is not enabled.  To enable, in the editor, Edit -> Project Settings -> Plugins -> Magic Leap Plugin -> Enable Zero Iteration
[2026.08.26-20.15.34:380][  0]LogStats: UGameplayTagsManager::InitializeManager -  0.000 s
[2026.08.26-20.15.34:507][  0]LogInit: Initializing FReadOnlyCVARCache
[2026.08.26-20.15.34:515][  0]LogAIModule: Creating AISystem for world Untitled
[2026.08.26-20.15.34:515][  0]LogAudio: Display: Initializing Audio Device Manager...
[2026.08.26-20.15.34:519][  0]LogAudio: Display: Loading Default Audio Settings Objects...
[2026.08.26-20.15.34:519][  0]LogAudio: Display: No default SoundConcurrencyObject specified (or failed to load).
[2026.08.26-20.15.34:520][  0]LogAudio: Display: Audio Device Manager Initialized
[2026.08.26-20.15.34:520][  0]LogAudio: Display: Creating Audio Device:                 Id: 1, Scope: Shared, Realtime: True
[2026.08.26-20.15.34:520][  0]LogAudioMixer: Display: Audio Mixer Platform Settings:
[2026.08.26-20.15.34:520][  0]LogAudioMixer: Display: 	Sample Rate:						  48000
[2026.08.26-20.15.34:520][  0]LogAudioMixer: Display: 	Callback Buffer Frame Size Requested: 1024
[2026.08.26-20.15.34:520][  0]LogAudioMixer: Display: 	Callback Buffer Frame Size To Use:	  1024
[2026.08.26-20.15.34:520][  0]LogAudioMixer: Display: 	Number of buffers to queue:			  2
[2026.08.26-20.15.34:520][  0]LogAudioMixer: Display: 	Max Channels (voices):				  32
[2026.08.26-20.15.34:520][  0]LogAudioMixer: Display: 	Number of Async Source Workers:		  0
[2026.08.26-20.15.34:520][  0]LogAudio: Display: AudioDevice MaxSources: 32
[2026.08.26-20.15.34:520][  0]LogAudio: Display: Audio Spatialization Plugin: None (built-in).
[2026.08.26-20.15.34:520][  0]LogAudio: Display: Audio Reverb Plugin: None (built-in).
[2026.08.26-20.15.34:520][  0]LogAudio: Display: Audio Occlusion Plugin: None (built-in).
[2026.08.26-20.15.34:520][  0]LogAudioMixer: Display: Initializing audio mixer.
[2026.08.26-20.15.34:532][  0]LogAudioMixer: Display: 0: FrontLeft
[2026.08.26-20.15.34:532][  0]LogAudioMixer: Display: 1: FrontRight
[2026.08.26-20.15.34:550][  0]LogAudioMixer: Display: Using Audio Device Realtek HD Audio 2nd output (Realtek(R) Audio)
[2026.08.26-20.15.34:552][  0]LogAudioMixer: Display: Initializing Sound Submixes...
[2026.08.26-20.15.34:553][  0]LogAudioMixer: Display: Creating Master Submix 'MasterSubmixDefault'
[2026.08.26-20.15.34:553][  0]LogAudioMixer: Display: Creating Master Submix 'MasterReverbSubmixDefault'
[2026.08.26-20.15.34:555][  0]LogAudioMixer: Display: Creating Master Submix 'MasterEQSubmixDefault'
[2026.08.26-20.15.34:555][  0]LogAudioMixer: FMixerPlatformXAudio2::StartAudioStream() called
[2026.08.26-20.15.34:555][  0]LogAudioMixer: Display: Output buffers initialized: Frames=1024, Channels=2, Samples=2048
[2026.08.26-20.15.34:556][  0]LogAudioMixer: Display: Starting AudioMixerPlatformInterface::RunInternal()
[2026.08.26-20.15.34:556][  0]LogAudioMixer: Display: FMixerPlatformXAudio2::SubmitBuffer() called for the first time
[2026.08.26-20.15.34:556][  0]LogInit: FAudioDevice initialized.
[2026.08.26-20.15.34:556][  0]LogAudio: Display: Audio Device (ID: 1) registered with world 'Untitled'.
[2026.08.26-20.15.34:556][  0]LogNetVersion: Set ProjectVersion to 1.0.0.0. Version Checksum will be recalculated on next use.
[2026.08.26-20.15.34:595][  0]LogDerivedDataCache: Saved boot cache 0.04s 99MB C:/Users/Alex T/AppData/Local/UnrealEngine/4.27/DerivedDataCache/Boot.ddc.
[2026.08.26-20.15.34:596][  0]LogInit: Texture streaming: Enabled
[2026.08.26-20.15.34:606][  0]LogAnalytics: Display: [UEEditor.Rocket.Release] APIServer = https://datarouter.ol.epicgames.com/. AppVersion = 4.27.2-18319896+++UE4+Release-4.27
[2026.08.26-20.15.34:610][  0]LogEngineSessionManager: EngineSessionManager initialized
[2026.08.26-20.15.34:610][  0]LogEditorSessionSummary: Verbose: Initializing EditorSessionSummaryWriter for editor session tracking
[2026.08.26-20.15.34:614][  0]LogEditorSessionSummary: EditorSessionSummaryWriter initialized
[2026.08.26-20.15.34:959][  0]LogInit: Transaction tracking system initialized
[2026.08.26-20.15.34:980][  0]BlueprintLog: New page: Editor Load
[2026.08.26-20.15.35:033][  0]LocalizationService: Localization service is disabled
[2026.08.26-20.15.35:058][  0]TimingProfiler: Initialize
[2026.08.26-20.15.35:058][  0]TimingProfiler: OnSessionChanged
[2026.08.26-20.15.35:058][  0]LoadingProfiler: Initialize
[2026.08.26-20.15.35:058][  0]LoadingProfiler: OnSessionChanged
[2026.08.26-20.15.35:058][  0]NetworkingProfiler: Initialize
[2026.08.26-20.15.35:059][  0]NetworkingProfiler: OnSessionChanged
[2026.08.26-20.15.35:059][  0]MemoryProfiler: Initialize
[2026.08.26-20.15.35:059][  0]MemoryProfiler: OnSessionChanged
[2026.08.26-20.15.35:189][  0]LogCook: Display: CookSettings for Memory: MemoryMaxUsedVirtual 0MiB, MemoryMaxUsedPhysical 16384MiB, MemoryMinFreeVirtual 0MiB, MemoryMinFreePhysical 1024MiB
[2026.08.26-20.15.35:189][  0]LogCook: Display: Mobile HDR setting 1
[2026.08.26-20.15.35:353][  0]LogFileCache: Scanning file cache for directory 'E:/_Alex's Data/Unreal Engine/Unreal Projects/Brackeys2026/Brackeys-2026/BrackeysJam2026/Content/' took 0.00s
[2026.08.26-20.15.35:498][  0]LogInit: Display: Engine is initialized. Leaving FEngineLoop::Init()
[2026.08.26-20.15.35:502][  0]SourceControl: Source control is disabled
[2026.08.26-20.15.35:502][  0]LogUnrealEdMisc: Loading editor; pre map load, took 7.184
[2026.08.26-20.15.35:502][  0]Cmd: MAP LOAD FILE="E:/_Alex's Data/Unreal Engine/Unreal Projects/Brackeys2026/Brackeys-2026/BrackeysJam2026/Content/Brackeys2026/Levels/Brackeys2026Map.umap" TEMPLATE=0 SHOWPROGRESS=1 FEATURELEVEL=3
[2026.08.26-20.15.35:506][  0]LightingResults: New page: Lighting Build
[2026.08.26-20.15.35:506][  0]LogWorld: UWorld::CleanupWorld for Untitled, bSessionEnded=true, bCleanupResources=true
[2026.08.26-20.15.35:507][  0]LogSlate: InvalidateAllWidgets triggered.  All widgets were invalidated
[2026.08.26-20.15.35:507][  0]MapCheck: New page: Map Check
[2026.08.26-20.15.35:507][  0]LightingResults: New page: Lighting Build
[2026.08.26-20.15.35:523][  0]LogAudio: Display: Audio Device unregistered from world 'None'.
[2026.08.26-20.15.35:526][  0]LogUObjectHash: Compacting FUObjectHashTables data took   0.62ms
[2026.08.26-20.15.36:215][  0]LogAudio: Display: Audio Device (ID: 1) registered with world 'Brackeys2026Map'.
[2026.08.26-20.15.36:216][  0]LogAIModule: Creating AISystem for world Brackeys2026Map
[2026.08.26-20.15.36:222][  0]LogEditorServer: Finished looking for orphan Actors (0.000 secs)
[2026.08.26-20.15.36:237][  0]LogUObjectHash: Compacting FUObjectHashTables data took   0.80ms
[2026.08.26-20.15.36:237][  0]Cmd: MAP CHECKDEP NOCLEARLOG
[2026.08.26-20.15.36:237][  0]MapCheck: Map check complete: 0 Error(s), 0 Warning(s), took 0.124ms to complete.
[2026.08.26-20.15.36:237][  0]LogFileHelpers: Loading map 'Brackeys2026Map' took 0.734
[2026.08.26-20.15.36:241][  0]LogUnrealEdMisc: Total Editor Startup Time, took 7.922
[2026.08.26-20.15.36:353][  0]LogSlate: The tab "Cesium" attempted to spawn in layout 'LevelEditor_Layout_v1.2' but failed for some reason. It will not be displayed.
[2026.08.26-20.15.36:379][  0]LogSlate: Updating window title bar state: overlay mode, drag disabled, window buttons hidden, title bar hidden
[2026.08.26-20.15.36:384][  0]LogSlate: Updating window title bar state: overlay mode, drag disabled, window buttons hidden, title bar hidden
[2026.08.26-20.15.36:389][  0]LogSlate: Updating window title bar state: overlay mode, drag disabled, window buttons hidden, title bar hidden
[2026.08.26-20.15.36:394][  0]LogSlate: Updating window title bar state: overlay mode, drag disabled, window buttons hidden, title bar hidden
[2026.08.26-20.15.36:743][  0]LogSlate: Only BGRA pngs, bmps or icos are supported in by External Image Picker
[2026.08.26-20.15.36:816][  0]LogNativeClassHierarchy: Verbose: Native class hierarchy populated in 0.0087 seconds. Added 3827 classes and 934 folders.
[2026.08.26-20.15.36:820][  0]LogNativeClassHierarchy: Verbose: Native class hierarchy updated for 'WidgetCarousel' in 0.0003 seconds. Added 0 classes and 0 folders.
[2026.08.26-20.15.36:821][  0]LogPakFile: PakFile PrimaryIndexSize=187
[2026.08.26-20.15.36:821][  0]LogPakFile: PakFile PathHashIndexSize=101
[2026.08.26-20.15.36:821][  0]LogPakFile: PakFile FullDirectoryIndexSize=148
[2026.08.26-20.15.36:821][  0]LogShaderLibrary: Display: ShaderCodeLibraryPakFileMountedCallback: PakFile 'C:/Program Files/Epic Games/UE_4.27/FeaturePacks/FP_FirstPerson.upack' (chunk index -1, root 'root:/') mounted
[2026.08.26-20.15.36:821][  0]LogShaderLibrary: Display: ShaderCodeLibraryPakFileMountedCallback: pending pak file info (ChunkID:-1 Root:root:/ File:C:/Program Files/Epic Games/UE_4.27/FeaturePacks/FP_FirstPerson.upack)
[2026.08.26-20.15.36:821][  0]LogPakFile: OnPakFileMounted2Time == 0.000048
[2026.08.26-20.15.36:822][  0]LogPakFile: PakFile PrimaryIndexSize=189
[2026.08.26-20.15.36:822][  0]LogPakFile: PakFile PathHashIndexSize=101
[2026.08.26-20.15.36:822][  0]LogPakFile: PakFile FullDirectoryIndexSize=152
[2026.08.26-20.15.36:822][  0]LogShaderLibrary: Display: ShaderCodeLibraryPakFileMountedCallback: PakFile 'C:/Program Files/Epic Games/UE_4.27/FeaturePacks/FP_FirstPersonBP.upack' (chunk index -1, root 'root:/') mounted
[2026.08.26-20.15.36:822][  0]LogShaderLibrary: Display: ShaderCodeLibraryPakFileMountedCallback: pending pak file info (ChunkID:-1 Root:root:/ File:C:/Program Files/Epic Games/UE_4.27/FeaturePacks/FP_FirstPersonBP.upack)
[2026.08.26-20.15.36:822][  0]LogPakFile: OnPakFileMounted2Time == 0.000029
[2026.08.26-20.15.36:822][  0]LogPakFile: PakFile PrimaryIndexSize=191
[2026.08.26-20.15.36:822][  0]LogPakFile: PakFile PathHashIndexSize=101
[2026.08.26-20.15.36:822][  0]LogPakFile: PakFile FullDirectoryIndexSize=160
[2026.08.26-20.15.36:822][  0]LogShaderLibrary: Display: ShaderCodeLibraryPakFileMountedCallback: PakFile 'C:/Program Files/Epic Games/UE_4.27/FeaturePacks/MobileStarterContent.upack' (chunk index -1, root 'root:/') mounted
[2026.08.26-20.15.36:822][  0]LogShaderLibrary: Display: ShaderCodeLibraryPakFileMountedCallback: pending pak file info (ChunkID:-1 Root:root:/ File:C:/Program Files/Epic Games/UE_4.27/FeaturePacks/MobileStarterContent.upack)
[2026.08.26-20.15.36:822][  0]LogPakFile: OnPakFileMounted2Time == 0.000025
[2026.08.26-20.15.36:822][  0]LogPakFile: PakFile PrimaryIndexSize=185
[2026.08.26-20.15.36:822][  0]LogPakFile: PakFile PathHashIndexSize=101
[2026.08.26-20.15.36:822][  0]LogPakFile: PakFile FullDirectoryIndexSize=148
[2026.08.26-20.15.36:823][  0]LogShaderLibrary: Display: ShaderCodeLibraryPakFileMountedCallback: PakFile 'C:/Program Files/Epic Games/UE_4.27/FeaturePacks/StarterContent.upack' (chunk index -1, root 'root:/') mounted
[2026.08.26-20.15.36:823][  0]LogShaderLibrary: Display: ShaderCodeLibraryPakFileMountedCallback: pending pak file info (ChunkID:-1 Root:root:/ File:C:/Program Files/Epic Games/UE_4.27/FeaturePacks/StarterContent.upack)
[2026.08.26-20.15.36:823][  0]LogPakFile: OnPakFileMounted2Time == 0.000044
[2026.08.26-20.15.36:823][  0]LogPakFile: PakFile PrimaryIndexSize=190
[2026.08.26-20.15.36:823][  0]LogPakFile: PakFile PathHashIndexSize=101
[2026.08.26-20.15.36:823][  0]LogPakFile: PakFile FullDirectoryIndexSize=154
[2026.08.26-20.15.36:823][  0]LogShaderLibrary: Display: ShaderCodeLibraryPakFileMountedCallback: PakFile 'C:/Program Files/Epic Games/UE_4.27/FeaturePacks/TP_2DSideScroller.upack' (chunk index -1, root 'root:/') mounted
[2026.08.26-20.15.36:823][  0]LogShaderLibrary: Display: ShaderCodeLibraryPakFileMountedCallback: pending pak file info (ChunkID:-1 Root:root:/ File:C:/Program Files/Epic Games/UE_4.27/FeaturePacks/TP_2DSideScroller.upack)
[2026.08.26-20.15.36:823][  0]LogPakFile: OnPakFileMounted2Time == 0.000031
[2026.08.26-20.15.36:824][  0]LogPakFile: PakFile PrimaryIndexSize=192
[2026.08.26-20.15.36:824][  0]LogPakFile: PakFile PathHashIndexSize=101
[2026.08.26-20.15.36:824][  0]LogPakFile: PakFile FullDirectoryIndexSize=158
[2026.08.26-20.15.36:824][  0]LogShaderLibrary: Display: ShaderCodeLibraryPakFileMountedCallback: PakFile 'C:/Program Files/Epic Games/UE_4.27/FeaturePacks/TP_2DSideScrollerBP.upack' (chunk index -1, root 'root:/') mounted
[2026.08.26-20.15.36:824][  0]LogShaderLibrary: Display: ShaderCodeLibraryPakFileMountedCallback: pending pak file info (ChunkID:-1 Root:root:/ File:C:/Program Files/Epic Games/UE_4.27/FeaturePacks/TP_2DSideScrollerBP.upack)
[2026.08.26-20.15.36:824][  0]LogPakFile: OnPakFileMounted2Time == 0.000037
[2026.08.26-20.15.36:824][  0]LogPakFile: PakFile PrimaryIndexSize=182
[2026.08.26-20.15.36:824][  0]LogPakFile: PakFile PathHashIndexSize=101
[2026.08.26-20.15.36:824][  0]LogPakFile: PakFile FullDirectoryIndexSize=138
[2026.08.26-20.15.36:824][  0]LogShaderLibrary: Display: ShaderCodeLibraryPakFileMountedCallback: PakFile 'C:/Program Files/Epic Games/UE_4.27/FeaturePacks/TP_Flying.upack' (chunk index -1, root 'root:/') mounted
[2026.08.26-20.15.36:824][  0]LogShaderLibrary: Display: ShaderCodeLibraryPakFileMountedCallback: pending pak file info (ChunkID:-1 Root:root:/ File:C:/Program Files/Epic Games/UE_4.27/FeaturePacks/TP_Flying.upack)
[2026.08.26-20.15.36:824][  0]LogPakFile: OnPakFileMounted2Time == 0.000036
[2026.08.26-20.15.36:825][  0]LogPakFile: PakFile PrimaryIndexSize=184
[2026.08.26-20.15.36:825][  0]LogPakFile: PakFile PathHashIndexSize=101
[2026.08.26-20.15.36:825][  0]LogPakFile: PakFile FullDirectoryIndexSize=142
[2026.08.26-20.15.36:825][  0]LogShaderLibrary: Display: ShaderCodeLibraryPakFileMountedCallback: PakFile 'C:/Program Files/Epic Games/UE_4.27/FeaturePacks/TP_FlyingBP.upack' (chunk index -1, root 'root:/') mounted
[2026.08.26-20.15.36:825][  0]LogShaderLibrary: Display: ShaderCodeLibraryPakFileMountedCallback: pending pak file info (ChunkID:-1 Root:root:/ File:C:/Program Files/Epic Games/UE_4.27/FeaturePacks/TP_FlyingBP.upack)
[2026.08.26-20.15.36:825][  0]LogPakFile: OnPakFileMounted2Time == 0.000035
[2026.08.26-20.15.36:825][  0]LogPakFile: PakFile PrimaryIndexSize=188
[2026.08.26-20.15.36:825][  0]LogPakFile: PakFile PathHashIndexSize=101
[2026.08.26-20.15.36:825][  0]LogPakFile: PakFile FullDirectoryIndexSize=150
[2026.08.26-20.15.36:825][  0]LogShaderLibrary: Display: ShaderCodeLibraryPakFileMountedCallback: PakFile 'C:/Program Files/Epic Games/UE_4.27/FeaturePacks/TP_HandheldARBP.upack' (chunk index -1, root 'root:/') mounted
[2026.08.26-20.15.36:825][  0]LogShaderLibrary: Display: ShaderCodeLibraryPakFileMountedCallback: pending pak file info (ChunkID:-1 Root:root:/ File:C:/Program Files/Epic Games/UE_4.27/FeaturePacks/TP_HandheldARBP.upack)
[2026.08.26-20.15.36:825][  0]LogPakFile: OnPakFileMounted2Time == 0.000070
[2026.08.26-20.15.36:826][  0]LogPakFile: PakFile PrimaryIndexSize=182
[2026.08.26-20.15.36:826][  0]LogPakFile: PakFile PathHashIndexSize=101
[2026.08.26-20.15.36:826][  0]LogPakFile: PakFile FullDirectoryIndexSize=138
[2026.08.26-20.15.36:826][  0]LogShaderLibrary: Display: ShaderCodeLibraryPakFileMountedCallback: PakFile 'C:/Program Files/Epic Games/UE_4.27/FeaturePacks/TP_Puzzle.upack' (chunk index -1, root 'root:/') mounted
[2026.08.26-20.15.36:826][  0]LogShaderLibrary: Display: ShaderCodeLibraryPakFileMountedCallback: pending pak file info (ChunkID:-1 Root:root:/ File:C:/Program Files/Epic Games/UE_4.27/FeaturePacks/TP_Puzzle.upack)
[2026.08.26-20.15.36:826][  0]LogPakFile: OnPakFileMounted2Time == 0.000057
[2026.08.26-20.15.36:826][  0]LogPakFile: PakFile PrimaryIndexSize=184
[2026.08.26-20.15.36:827][  0]LogPakFile: PakFile PathHashIndexSize=101
[2026.08.26-20.15.36:827][  0]LogPakFile: PakFile FullDirectoryIndexSize=142
[2026.08.26-20.15.36:827][  0]LogShaderLibrary: Display: ShaderCodeLibraryPakFileMountedCallback: PakFile 'C:/Program Files/Epic Games/UE_4.27/FeaturePacks/TP_PuzzleBP.upack' (chunk index -1, root 'root:/') mounted
[2026.08.26-20.15.36:827][  0]LogShaderLibrary: Display: ShaderCodeLibraryPakFileMountedCallback: pending pak file info (ChunkID:-1 Root:root:/ File:C:/Program Files/Epic Games/UE_4.27/FeaturePacks/TP_PuzzleBP.upack)
[2026.08.26-20.15.36:827][  0]LogPakFile: OnPakFileMounted2Time == 0.000037
[2026.08.26-20.15.36:827][  0]LogPakFile: PakFile PrimaryIndexSize=183
[2026.08.26-20.15.36:827][  0]LogPakFile: PakFile PathHashIndexSize=101
[2026.08.26-20.15.36:827][  0]LogPakFile: PakFile FullDirectoryIndexSize=140
[2026.08.26-20.15.36:827][  0]LogShaderLibrary: Display: ShaderCodeLibraryPakFileMountedCallback: PakFile 'C:/Program Files/Epic Games/UE_4.27/FeaturePacks/TP_Rolling.upack' (chunk index -1, root 'root:/') mounted
[2026.08.26-20.15.36:827][  0]LogShaderLibrary: Display: ShaderCodeLibraryPakFileMountedCallback: pending pak file info (ChunkID:-1 Root:root:/ File:C:/Program Files/Epic Games/UE_4.27/FeaturePacks/TP_Rolling.upack)
[2026.08.26-20.15.36:827][  0]LogPakFile: OnPakFileMounted2Time == 0.000039
[2026.08.26-20.15.36:828][  0]LogPakFile: PakFile PrimaryIndexSize=185
[2026.08.26-20.15.36:828][  0]LogPakFile: PakFile PathHashIndexSize=101
[2026.08.26-20.15.36:828][  0]LogPakFile: PakFile FullDirectoryIndexSize=144
[2026.08.26-20.15.36:828][  0]LogShaderLibrary: Display: ShaderCodeLibraryPakFileMountedCallback: PakFile 'C:/Program Files/Epic Games/UE_4.27/FeaturePacks/TP_RollingBP.upack' (chunk index -1, root 'root:/') mounted
[2026.08.26-20.15.36:828][  0]LogShaderLibrary: Display: ShaderCodeLibraryPakFileMountedCallback: pending pak file info (ChunkID:-1 Root:root:/ File:C:/Program Files/Epic Games/UE_4.27/FeaturePacks/TP_RollingBP.upack)
[2026.08.26-20.15.36:828][  0]LogPakFile: OnPakFileMounted2Time == 0.000039
[2026.08.26-20.15.36:828][  0]LogPakFile: PakFile PrimaryIndexSize=188
[2026.08.26-20.15.36:828][  0]LogPakFile: PakFile PathHashIndexSize=101
[2026.08.26-20.15.36:828][  0]LogPakFile: PakFile FullDirectoryIndexSize=150
[2026.08.26-20.15.36:828][  0]LogShaderLibrary: Display: ShaderCodeLibraryPakFileMountedCallback: PakFile 'C:/Program Files/Epic Games/UE_4.27/FeaturePacks/TP_SideScroller.upack' (chunk index -1, root 'root:/') mounted
[2026.08.26-20.15.36:828][  0]LogShaderLibrary: Display: ShaderCodeLibraryPakFileMountedCallback: pending pak file info (ChunkID:-1 Root:root:/ File:C:/Program Files/Epic Games/UE_4.27/FeaturePacks/TP_SideScroller.upack)
[2026.08.26-20.15.36:828][  0]LogPakFile: OnPakFileMounted2Time == 0.000036
[2026.08.26-20.15.36:829][  0]LogPakFile: PakFile PrimaryIndexSize=190
[2026.08.26-20.15.36:829][  0]LogPakFile: PakFile PathHashIndexSize=101
[2026.08.26-20.15.36:829][  0]LogPakFile: PakFile FullDirectoryIndexSize=154
[2026.08.26-20.15.36:829][  0]LogShaderLibrary: Display: ShaderCodeLibraryPakFileMountedCallback: PakFile 'C:/Program Files/Epic Games/UE_4.27/FeaturePacks/TP_SideScrollerBP.upack' (chunk index -1, root 'root:/') mounted
[2026.08.26-20.15.36:829][  0]LogShaderLibrary: Display: ShaderCodeLibraryPakFileMountedCallback: pending pak file info (ChunkID:-1 Root:root:/ File:C:/Program Files/Epic Games/UE_4.27/FeaturePacks/TP_SideScrollerBP.upack)
[2026.08.26-20.15.36:829][  0]LogPakFile: OnPakFileMounted2Time == 0.000044
[2026.08.26-20.15.36:831][  0]LogPakFile: PakFile PrimaryIndexSize=187
[2026.08.26-20.15.36:831][  0]LogPakFile: PakFile PathHashIndexSize=101
[2026.08.26-20.15.36:831][  0]LogPakFile: PakFile FullDirectoryIndexSize=148
[2026.08.26-20.15.36:831][  0]LogShaderLibrary: Display: ShaderCodeLibraryPakFileMountedCallback: PakFile 'C:/Program Files/Epic Games/UE_4.27/FeaturePacks/TP_ThirdPerson.upack' (chunk index -1, root 'root:/') mounted
[2026.08.26-20.15.36:831][  0]LogShaderLibrary: Display: ShaderCodeLibraryPakFileMountedCallback: pending pak file info (ChunkID:-1 Root:root:/ File:C:/Program Files/Epic Games/UE_4.27/FeaturePacks/TP_ThirdPerson.upack)
[2026.08.26-20.15.36:831][  0]LogPakFile: OnPakFileMounted2Time == 0.000037
[2026.08.26-20.15.36:831][  0]LogPakFile: PakFile PrimaryIndexSize=189
[2026.08.26-20.15.36:831][  0]LogPakFile: PakFile PathHashIndexSize=101
[2026.08.26-20.15.36:831][  0]LogPakFile: PakFile FullDirectoryIndexSize=152
[2026.08.26-20.15.36:831][  0]LogShaderLibrary: Display: ShaderCodeLibraryPakFileMountedCallback: PakFile 'C:/Program Files/Epic Games/UE_4.27/FeaturePacks/TP_ThirdPersonBP.upack' (chunk index -1, root 'root:/') mounted
[2026.08.26-20.15.36:831][  0]LogShaderLibrary: Display: ShaderCodeLibraryPakFileMountedCallback: pending pak file info (ChunkID:-1 Root:root:/ File:C:/Program Files/Epic Games/UE_4.27/FeaturePacks/TP_ThirdPersonBP.upack)
[2026.08.26-20.15.36:831][  0]LogPakFile: OnPakFileMounted2Time == 0.000036
[2026.08.26-20.15.36:832][  0]LogPakFile: PakFile PrimaryIndexSize=183
[2026.08.26-20.15.36:832][  0]LogPakFile: PakFile PathHashIndexSize=101
[2026.08.26-20.15.36:832][  0]LogPakFile: PakFile FullDirectoryIndexSize=140
[2026.08.26-20.15.36:832][  0]LogShaderLibrary: Display: ShaderCodeLibraryPakFileMountedCallback: PakFile 'C:/Program Files/Epic Games/UE_4.27/FeaturePacks/TP_TopDown.upack' (chunk index -1, root 'root:/') mounted
[2026.08.26-20.15.36:832][  0]LogShaderLibrary: Display: ShaderCodeLibraryPakFileMountedCallback: pending pak file info (ChunkID:-1 Root:root:/ File:C:/Program Files/Epic Games/UE_4.27/FeaturePacks/TP_TopDown.upack)
[2026.08.26-20.15.36:832][  0]LogPakFile: OnPakFileMounted2Time == 0.000045
[2026.08.26-20.15.36:832][  0]LogPakFile: PakFile PrimaryIndexSize=185
[2026.08.26-20.15.36:832][  0]LogPakFile: PakFile PathHashIndexSize=101
[2026.08.26-20.15.36:832][  0]LogPakFile: PakFile FullDirectoryIndexSize=144
[2026.08.26-20.15.36:832][  0]LogShaderLibrary: Display: ShaderCodeLibraryPakFileMountedCallback: PakFile 'C:/Program Files/Epic Games/UE_4.27/FeaturePacks/TP_TopDownBP.upack' (chunk index -1, root 'root:/') mounted
[2026.08.26-20.15.36:832][  0]LogShaderLibrary: Display: ShaderCodeLibraryPakFileMountedCallback: pending pak file info (ChunkID:-1 Root:root:/ File:C:/Program Files/Epic Games/UE_4.27/FeaturePacks/TP_TopDownBP.upack)
[2026.08.26-20.15.36:832][  0]LogPakFile: OnPakFileMounted2Time == 0.000044
[2026.08.26-20.15.36:832][  0]LogPakFile: PakFile PrimaryIndexSize=185
[2026.08.26-20.15.36:832][  0]LogPakFile: PakFile PathHashIndexSize=101
[2026.08.26-20.15.36:832][  0]LogPakFile: PakFile FullDirectoryIndexSize=144
[2026.08.26-20.15.36:832][  0]LogShaderLibrary: Display: ShaderCodeLibraryPakFileMountedCallback: PakFile 'C:/Program Files/Epic Games/UE_4.27/FeaturePacks/TP_TwinStick.upack' (chunk index -1, root 'root:/') mounted
[2026.08.26-20.15.36:832][  0]LogShaderLibrary: Display: ShaderCodeLibraryPakFileMountedCallback: pending pak file info (ChunkID:-1 Root:root:/ File:C:/Program Files/Epic Games/UE_4.27/FeaturePacks/TP_TwinStick.upack)
[2026.08.26-20.15.36:832][  0]LogPakFile: OnPakFileMounted2Time == 0.000036
[2026.08.26-20.15.36:833][  0]LogPakFile: PakFile PrimaryIndexSize=187
[2026.08.26-20.15.36:833][  0]LogPakFile: PakFile PathHashIndexSize=101
[2026.08.26-20.15.36:833][  0]LogPakFile: PakFile FullDirectoryIndexSize=148
[2026.08.26-20.15.36:833][  0]LogShaderLibrary: Display: ShaderCodeLibraryPakFileMountedCallback: PakFile 'C:/Program Files/Epic Games/UE_4.27/FeaturePacks/TP_TwinStickBP.upack' (chunk index -1, root 'root:/') mounted
[2026.08.26-20.15.36:833][  0]LogShaderLibrary: Display: ShaderCodeLibraryPakFileMountedCallback: pending pak file info (ChunkID:-1 Root:root:/ File:C:/Program Files/Epic Games/UE_4.27/FeaturePacks/TP_TwinStickBP.upack)
[2026.08.26-20.15.36:833][  0]LogPakFile: OnPakFileMounted2Time == 0.000037
[2026.08.26-20.15.36:833][  0]LogPakFile: PakFile PrimaryIndexSize=183
[2026.08.26-20.15.36:834][  0]LogPakFile: PakFile PathHashIndexSize=101
[2026.08.26-20.15.36:834][  0]LogPakFile: PakFile FullDirectoryIndexSize=140
[2026.08.26-20.15.36:834][  0]LogShaderLibrary: Display: ShaderCodeLibraryPakFileMountedCallback: PakFile 'C:/Program Files/Epic Games/UE_4.27/FeaturePacks/TP_Vehicle.upack' (chunk index -1, root 'root:/') mounted
[2026.08.26-20.15.36:834][  0]LogShaderLibrary: Display: ShaderCodeLibraryPakFileMountedCallback: pending pak file info (ChunkID:-1 Root:root:/ File:C:/Program Files/Epic Games/UE_4.27/FeaturePacks/TP_Vehicle.upack)
[2026.08.26-20.15.36:834][  0]LogPakFile: OnPakFileMounted2Time == 0.000037
[2026.08.26-20.15.36:834][  0]LogPakFile: PakFile PrimaryIndexSize=186
[2026.08.26-20.15.36:834][  0]LogPakFile: PakFile PathHashIndexSize=101
[2026.08.26-20.15.36:834][  0]LogPakFile: PakFile FullDirectoryIndexSize=146
[2026.08.26-20.15.36:834][  0]LogShaderLibrary: Display: ShaderCodeLibraryPakFileMountedCallback: PakFile 'C:/Program Files/Epic Games/UE_4.27/FeaturePacks/TP_VehicleAdv.upack' (chunk index -1, root 'root:/') mounted
[2026.08.26-20.15.36:834][  0]LogShaderLibrary: Display: ShaderCodeLibraryPakFileMountedCallback: pending pak file info (ChunkID:-1 Root:root:/ File:C:/Program Files/Epic Games/UE_4.27/FeaturePacks/TP_VehicleAdv.upack)
[2026.08.26-20.15.36:834][  0]LogPakFile: OnPakFileMounted2Time == 0.000036
[2026.08.26-20.15.36:835][  0]LogPakFile: PakFile PrimaryIndexSize=188
[2026.08.26-20.15.36:835][  0]LogPakFile: PakFile PathHashIndexSize=101
[2026.08.26-20.15.36:835][  0]LogPakFile: PakFile FullDirectoryIndexSize=150
[2026.08.26-20.15.36:835][  0]LogShaderLibrary: Display: ShaderCodeLibraryPakFileMountedCallback: PakFile 'C:/Program Files/Epic Games/UE_4.27/FeaturePacks/TP_VehicleAdvBP.upack' (chunk index -1, root 'root:/') mounted
[2026.08.26-20.15.36:835][  0]LogShaderLibrary: Display: ShaderCodeLibraryPakFileMountedCallback: pending pak file info (ChunkID:-1 Root:root:/ File:C:/Program Files/Epic Games/UE_4.27/FeaturePacks/TP_VehicleAdvBP.upack)
[2026.08.26-20.15.36:835][  0]LogPakFile: OnPakFileMounted2Time == 0.000040
[2026.08.26-20.15.36:836][  0]LogPakFile: PakFile PrimaryIndexSize=185
[2026.08.26-20.15.36:836][  0]LogPakFile: PakFile PathHashIndexSize=101
[2026.08.26-20.15.36:836][  0]LogPakFile: PakFile FullDirectoryIndexSize=144
[2026.08.26-20.15.36:836][  0]LogShaderLibrary: Display: ShaderCodeLibraryPakFileMountedCallback: PakFile 'C:/Program Files/Epic Games/UE_4.27/FeaturePacks/TP_VehicleBP.upack' (chunk index -1, root 'root:/') mounted
[2026.08.26-20.15.36:836][  0]LogShaderLibrary: Display: ShaderCodeLibraryPakFileMountedCallback: pending pak file info (ChunkID:-1 Root:root:/ File:C:/Program Files/Epic Games/UE_4.27/FeaturePacks/TP_VehicleBP.upack)
[2026.08.26-20.15.36:836][  0]LogPakFile: OnPakFileMounted2Time == 0.000059
[2026.08.26-20.15.36:836][  0]LogPakFile: PakFile PrimaryIndexSize=192
[2026.08.26-20.15.36:836][  0]LogPakFile: PakFile PathHashIndexSize=101
[2026.08.26-20.15.36:836][  0]LogPakFile: PakFile FullDirectoryIndexSize=158
[2026.08.26-20.15.36:836][  0]LogShaderLibrary: Display: ShaderCodeLibraryPakFileMountedCallback: PakFile 'C:/Program Files/Epic Games/UE_4.27/FeaturePacks/TP_VirtualRealityBP.upack' (chunk index -1, root 'root:/') mounted
[2026.08.26-20.15.36:836][  0]LogShaderLibrary: Display: ShaderCodeLibraryPakFileMountedCallback: pending pak file info (ChunkID:-1 Root:root:/ File:C:/Program Files/Epic Games/UE_4.27/FeaturePacks/TP_VirtualRealityBP.upack)
[2026.08.26-20.15.36:837][  0]LogPakFile: OnPakFileMounted2Time == 0.000038
[2026.08.26-20.15.36:897][  0]LogNativeClassHierarchy: Verbose: Native class hierarchy updated for 'AddContentDialog' in 0.0003 seconds. Added 0 classes and 0 folders.
[2026.08.26-20.15.36:935][  0]LogSlate: Took 0.000153 seconds to synchronously load lazily loaded font '../../../Engine/Content/Slate/Fonts/Roboto-Regular.ttf' (155K)
[2026.08.26-20.15.36:937][  0]LogSlate: Took 0.000166 seconds to synchronously load lazily loaded font '../../../Engine/Content/Editor/Slate/Fonts/FontAwesome.ttf' (139K)
[2026.08.26-20.15.36:938][  0]LogSlate: Took 0.000121 seconds to synchronously load lazily loaded font '../../../Engine/Content/Slate/Fonts/Roboto-Bold.ttf' (160K)
[2026.08.26-20.15.36:993][  0]LogRenderer: Reallocating scene render targets to support 1180x840 Format 10 NumSamples 1 (Frame:1).
[2026.08.26-20.15.37:093][  0]LogNativeClassHierarchy: Verbose: Native class hierarchy updated for 'HierarchicalLODOutliner' in 0.0004 seconds. Added 0 classes and 0 folders.
[2026.08.26-20.15.37:093][  0]LogLoad: (Engine Initialization) Total time: 8.77 seconds
[2026.08.26-20.15.37:093][  0]LogLoad: (Engine Initialization) Total Blueprint compile time: 0.00 seconds
[2026.08.26-20.15.37:150][  0]LogAssetRegistry: Asset discovery search completed in 5.9667 seconds
[2026.08.26-20.15.37:156][  0]LogCollectionManager: Fixed up redirectors for 0 collections in 0.000004 seconds (updated 0 objects)
[2026.08.26-20.15.37:158][  0]LogContentStreaming: Texture pool size now 1000 MB
[2026.08.26-20.15.38:445][  4]LogSlate: Took 0.000244 seconds to synchronously load lazily loaded font '../../../Engine/Content/Slate/Fonts/Roboto-Light.ttf' (167K)
[2026.08.26-20.18.22:859][609]LogAssetEditorSubsystem: Opening Asset editor for Blueprint /Game/Brackeys2026/Levels/BrackeysGameMode.BrackeysGameMode
[2026.08.26-20.18.23:004][609]LogNativeClassHierarchy: Verbose: Native class hierarchy updated for 'BlueprintGraph' in 0.0004 seconds. Added 126 classes and 0 folders.
[2026.08.26-20.18.23:574][609]LogAssetEditorSubsystem: Opening Asset editor for Blueprint /Game/Brackeys2026/Characters/Player/BP_Player.BP_Player
[2026.08.26-20.18.23:826][609]LogAssetEditorSubsystem: Opening Asset editor for Blueprint /Game/Brackeys2026/Characters/Opponent/BP_Opponent.BP_Opponent
[2026.08.26-20.18.24:077][609]LogAssetEditorSubsystem: Opening Asset editor for Blueprint /Game/Brackeys2026/Objects/Revolver/BP_Revolver.BP_Revolver
[2026.08.26-20.18.24:359][609]LogAssetEditorSubsystem: Opening Asset editor for Blueprint /Game/Brackeys2026/Objects/Phone/BP_Phone.BP_Phone
[2026.08.26-20.18.24:625][609]LogAssetEditorSubsystem: Opening Asset editor for SoundCue /Game/Brackeys2026/SoundEffects/BP_CueRevolver.BP_CueRevolver
[2026.08.26-20.18.24:697][609]LogSlate: Took 0.000250 seconds to synchronously load lazily loaded font '../../../Engine/Content/Slate/Fonts/Roboto-BoldCondensed.ttf' (158K)
[2026.08.26-20.18.24:748][610]LogSlate: Took 0.000541 seconds to synchronously load lazily loaded font '../../../Engine/Content/Slate/Fonts/Roboto-Italic.ttf' (157K)
[2026.08.26-20.18.30:363][132]LogSlate: Window 'BP_CueRevolver' being destroyed
[2026.08.26-20.18.31:849][307]LogSlate: Took 0.000224 seconds to synchronously load lazily loaded font '../../../Engine/Content/Slate/Fonts/Roboto-Light.ttf' (167K)
[2026.08.26-20.18.45:901][675]LogFactory: FactoryCreateFile: SoundWave with ReimportSoundFactory (0 0 ../../../../../../Users/Alex T/Downloads/Gun Reload Right.wav)
[2026.08.26-20.18.45:906][675]LogFactory: FactoryCreateFile: SoundWave with ReimportSoundFactory (0 0 ../../../../../../Users/Alex T/Downloads/Opponent Dry Fire.wav)
[2026.08.26-20.18.45:908][675]LogFactory: FactoryCreateFile: SoundWave with ReimportSoundFactory (0 0 ../../../../../../Users/Alex T/Downloads/Opponent Self Shot.wav)
[2026.08.26-20.18.45:910][675]LogFactory: FactoryCreateFile: SoundWave with ReimportSoundFactory (0 0 ../../../../../../Users/Alex T/Downloads/Self Shot Death.wav)
[2026.08.26-20.18.45:913][675]LogFactory: FactoryCreateFile: SoundWave with ReimportSoundFactory (0 0 ../../../../../../Users/Alex T/Downloads/Self Shot.wav)
[2026.08.26-20.18.48:024][910]LogAudioDerivedData: Display: Building compressed audio format OGG hash OGG10000-1-1-1-1-1 wave Gun_Reload_Right...
[2026.08.26-20.18.48:024][910]LogAudioDerivedData: Display: Compression Quality for SoundWave /Game/Brackeys2026/SoundEffects/Gun_Reload_Right.Gun_Reload_Right will be modified from 40 to 40.
[2026.08.26-20.18.48:048][910]LogAudioDerivedData: Display: Updated SoundWave->RawPCMDataSize from 0 to 374848 while cooking SoundWave /Game/Brackeys2026/SoundEffects/Gun_Reload_Right.Gun_Reload_Right.
[2026.08.26-20.18.52:591][403]LogAudioDerivedData: Display: Building compressed audio format OGG hash OGG10000-1-1-1-1-1 wave Opponent_Dry_Fire...
[2026.08.26-20.18.52:591][403]LogAudioDerivedData: Display: Compression Quality for SoundWave /Game/Brackeys2026/SoundEffects/Opponent_Dry_Fire.Opponent_Dry_Fire will be modified from 40 to 40.
[2026.08.26-20.18.52:598][403]LogAudioDerivedData: Display: Updated SoundWave->RawPCMDataSize from 0 to 88200 while cooking SoundWave /Game/Brackeys2026/SoundEffects/Opponent_Dry_Fire.Opponent_Dry_Fire.
[2026.08.26-20.19.13:061][818]LogAudioDerivedData: Display: Building compressed audio format OGG hash OGG10000-1-1-1-1-1 wave Self_Shot...
[2026.08.26-20.19.13:061][818]LogAudioDerivedData: Display: Compression Quality for SoundWave /Game/Brackeys2026/SoundEffects/Self_Shot.Self_Shot will be modified from 40 to 40.
[2026.08.26-20.19.13:074][818]LogAudioDerivedData: Display: Updated SoundWave->RawPCMDataSize from 0 to 209476 while cooking SoundWave /Game/Brackeys2026/SoundEffects/Self_Shot.Self_Shot.
[2026.08.26-20.19.20:636][410]LogD3D11RHI: Timed out while waiting for GPU to catch up. (0.5 s) (ErrorCode 00000001) (00000000)
[2026.08.26-20.19.43:575][987]LogUObjectHash: Compacting FUObjectHashTables data took   1.58ms
[2026.08.26-20.19.44:528][987]LogSlate: Window 'Delete Assets' being destroyed
[2026.08.26-20.19.44:594][987]LogUObjectHash: Compacting FUObjectHashTables data took   1.02ms
[2026.08.26-20.19.44:621][987]LogUObjectHash: Compacting FUObjectHashTables data took   1.17ms
[2026.08.26-20.19.44:641][987]LogUObjectHash: Compacting FUObjectHashTables data took   0.33ms
[2026.08.26-20.19.46:989][262]LogAudioDerivedData: Display: Building compressed audio format OGG hash OGG10000-1-1-1-1-1 wave Self_Shot_Death...
[2026.08.26-20.19.46:990][262]LogAudioDerivedData: Display: Compression Quality for SoundWave /Game/Brackeys2026/SoundEffects/Self_Shot_Death.Self_Shot_Death will be modified from 40 to 40.
[2026.08.26-20.19.47:005][262]LogAudioDerivedData: Display: Updated SoundWave->RawPCMDataSize from 0 to 253576 while cooking SoundWave /Game/Brackeys2026/SoundEffects/Self_Shot_Death.Self_Shot_Death.
[2026.08.26-20.20.48:662][106]BlueprintLog: New page: Compile BP_Player
[2026.08.26-20.20.48:713][106]LogUObjectHash: Compacting FUObjectHashTables data took   1.35ms
[2026.08.26-20.20.51:065][106]LogSlate: Took 0.000141 seconds to synchronously load lazily loaded font '../../../Engine/Content/Slate/Fonts/DroidSansMono.ttf' (77K)
[2026.08.26-20.20.51:723][175]LogSavePackage: Moving 'E:/_Alex's Data/Unreal Engine/Unreal Projects/Brackeys2026/Brackeys-2026/BrackeysJam2026/Saved/BP_Player78AC1B0B4F3D476E271F7B8B1812C0B7.tmp' to 'E:/_Alex's Data/Unreal Engine/Unreal Projects/Brackeys2026/Brackeys-2026/BrackeysJam2026/Content/Brackeys2026/Characters/Player/BP_Player.uasset'
[2026.08.26-20.20.51:748][175]AssetCheck: New page: Asset Save: BP_Player
[2026.08.26-20.20.51:748][175]LogContentValidation: Display: Validating Blueprint /Game/Brackeys2026/Characters/Player/BP_Player.BP_Player
[2026.08.26-20.21.15:048][801]BlueprintLog: New page: Compile BP_Player
[2026.08.26-20.21.15:097][801]LogUObjectHash: Compacting FUObjectHashTables data took   1.65ms
[2026.08.26-20.21.15:636][851]LogSavePackage: Moving 'E:/_Alex's Data/Unreal Engine/Unreal Projects/Brackeys2026/Brackeys-2026/BrackeysJam2026/Saved/BP_PlayerCDCDAF914362CFD36B20CFA557EE6A73.tmp' to 'E:/_Alex's Data/Unreal Engine/Unreal Projects/Brackeys2026/Brackeys-2026/BrackeysJam2026/Content/Brackeys2026/Characters/Player/BP_Player.uasset'
[2026.08.26-20.21.15:660][851]AssetCheck: New page: Asset Save: BP_Player
[2026.08.26-20.21.15:660][851]LogContentValidation: Display: Validating Blueprint /Game/Brackeys2026/Characters/Player/BP_Player.BP_Player
[2026.08.26-20.21.16:404][924]LogTemp: Repeating last play command: Selected Viewport
[2026.08.26-20.21.16:417][924]LogPlayLevel: PlayLevel: No blueprints needed recompiling
[2026.08.26-20.21.16:419][924]PIE: New page: PIE session: Brackeys2026Map (Aug 26, 2026, 6:21:16 AM)
[2026.08.26-20.21.16:423][924]LogOnline: OSS: Creating online subsystem instance for: NULL
[2026.08.26-20.21.16:425][924]LogOnline: OSS: TryLoadSubsystemAndSetDefault: Loaded subsystem for module [NULL]
[2026.08.26-20.21.16:426][924]LogPlayLevel: Creating play world package: /Game/Brackeys2026/Levels/UEDPIE_0_Brackeys2026Map
[2026.08.26-20.21.16:430][924]LogPlayLevel: PIE: StaticDuplicateObject took: (0.004137s)
[2026.08.26-20.21.16:431][924]LogAIModule: Creating AISystem for world Brackeys2026Map
[2026.08.26-20.21.16:432][924]LogPlayLevel: PIE: World Init took: (0.001974s)
[2026.08.26-20.21.16:432][924]LogPlayLevel: PIE: Created PIE world by copying editor world from /Game/Brackeys2026/Levels/Brackeys2026Map.Brackeys2026Map to /Game/Brackeys2026/Levels/UEDPIE_0_Brackeys2026Map.Brackeys2026Map (0.006474s)
[2026.08.26-20.21.16:455][924]LogUObjectHash: Compacting FUObjectHashTables data took   1.58ms
[2026.08.26-20.21.16:457][924]LogAudio: Display: Creating Audio Device:                 Id: 2, Scope: Unique, Realtime: True
[2026.08.26-20.21.16:457][924]LogAudioMixer: Display: Audio Mixer Platform Settings:
[2026.08.26-20.21.16:457][924]LogAudioMixer: Display: 	Sample Rate:						  48000
[2026.08.26-20.21.16:457][924]LogAudioMixer: Display: 	Callback Buffer Frame Size Requested: 1024
[2026.08.26-20.21.16:457][924]LogAudioMixer: Display: 	Callback Buffer Frame Size To Use:	  1024
[2026.08.26-20.21.16:457][924]LogAudioMixer: Display: 	Number of buffers to queue:			  2
[2026.08.26-20.21.16:457][924]LogAudioMixer: Display: 	Max Channels (voices):				  32
[2026.08.26-20.21.16:457][924]LogAudioMixer: Display: 	Number of Async Source Workers:		  0
[2026.08.26-20.21.16:457][924]LogAudio: Display: AudioDevice MaxSources: 32
[2026.08.26-20.21.16:457][924]LogAudio: Display: Audio Spatialization Plugin: None (built-in).
[2026.08.26-20.21.16:457][924]LogAudio: Display: Audio Reverb Plugin: None (built-in).
[2026.08.26-20.21.16:457][924]LogAudio: Display: Audio Occlusion Plugin: None (built-in).
[2026.08.26-20.21.16:457][924]LogAudioMixer: Display: Initializing audio mixer.
[2026.08.26-20.21.16:462][924]LogAudioMixer: Display: 0: FrontLeft
[2026.08.26-20.21.16:462][924]LogAudioMixer: Display: 1: FrontRight
[2026.08.26-20.21.16:477][924]LogAudioMixer: Display: Using Audio Device Realtek HD Audio 2nd output (Realtek(R) Audio)
[2026.08.26-20.21.16:477][924]LogAudioMixer: Display: Initializing Sound Submixes...
[2026.08.26-20.21.16:478][924]LogAudioMixer: Display: Creating Master Submix 'MasterSubmixDefault'
[2026.08.26-20.21.16:478][924]LogAudioMixer: Display: Creating Master Submix 'MasterReverbSubmixDefault'
[2026.08.26-20.21.16:478][924]LogAudioMixer: Display: Creating Master Submix 'MasterEQSubmixDefault'
[2026.08.26-20.21.16:478][924]LogAudioMixer: FMixerPlatformXAudio2::StartAudioStream() called
[2026.08.26-20.21.16:478][924]LogAudioMixer: Display: Output buffers initialized: Frames=1024, Channels=2, Samples=2048
[2026.08.26-20.21.16:479][924]LogAudioMixer: Display: Starting AudioMixerPlatformInterface::RunInternal()
[2026.08.26-20.21.16:479][924]LogAudioMixer: Display: FMixerPlatformXAudio2::SubmitBuffer() called for the first time
[2026.08.26-20.21.16:479][924]LogInit: FAudioDevice initialized.
[2026.08.26-20.21.16:479][924]LogAudio: Display: Audio Device (ID: 2) registered with world 'Brackeys2026Map'.
[2026.08.26-20.21.16:508][924]LogSlate: Updating window title bar state: overlay mode, drag disabled, window buttons hidden, title bar hidden
[2026.08.26-20.21.16:508][924]LogLoad: Game class is 'BrackeysGameMode_C'
[2026.08.26-20.21.16:510][924]LogWorld: Bringing World /Game/Brackeys2026/Levels/UEDPIE_0_Brackeys2026Map.Brackeys2026Map up for play (max tick rate 0) at 2026.08.26-13.21.16
[2026.08.26-20.21.16:511][924]LogWorld: Bringing up level for play took: 0.001264
[2026.08.26-20.21.16:511][924]LogOnline: OSS: Creating online subsystem instance for: :Context_7
[2026.08.26-20.21.16:531][924]LogNativeClassHierarchy: Verbose: Native class hierarchy updated for 'MovieSceneCapture' in 0.0005 seconds. Added 20 classes and 0 folders.
[2026.08.26-20.21.16:545][924]PIE: Server logged in
[2026.08.26-20.21.16:548][924]PIE: Play in editor total start time 0.135 seconds.
[2026.08.26-20.21.16:587][925]LogRenderer: Reallocating scene render targets to support 1280x840 Format 10 NumSamples 1 (Frame:1).
[2026.08.26-20.21.28:470][319]LogSlate: Updating window title bar state: overlay mode, drag disabled, window buttons hidden, title bar hidden
[2026.08.26-20.21.28:470][319]LogWorld: BeginTearingDown for /Game/Brackeys2026/Levels/UEDPIE_0_Brackeys2026Map
[2026.08.26-20.21.28:470][319]LogSlate: Window 'BrackeysJam2026 Preview [NetMode: Standalone]  (64-bit/Windows) ' being destroyed
[2026.08.26-20.21.28:481][319]LogWorld: UWorld::CleanupWorld for Brackeys2026Map, bSessionEnded=true, bCleanupResources=true
[2026.08.26-20.21.28:482][319]LogSlate: InvalidateAllWidgets triggered.  All widgets were invalidated
[2026.08.26-20.21.28:490][319]LogPlayLevel: Display: Shutting down PIE online subsystems
[2026.08.26-20.21.28:494][319]LogSlate: InvalidateAllWidgets triggered.  All widgets were invalidated
[2026.08.26-20.21.28:518][319]LogAudio: Display: Audio Device unregistered from world 'None'.
[2026.08.26-20.21.28:523][319]LogAudioMixer: FMixerPlatformXAudio2::StopAudioStream() called
[2026.08.26-20.21.28:524][319]LogAudioMixer: FMixerPlatformXAudio2::StopAudioStream() called
[2026.08.26-20.21.28:545][319]LogUObjectHash: Compacting FUObjectHashTables data took   2.59ms
[2026.08.26-20.21.28:567][320]LogPlayLevel: Display: Destroying online subsystem :Context_7
[2026.08.26-20.21.29:057][370]LogTemp: Repeating last play command: Selected Viewport
[2026.08.26-20.21.29:065][370]LogPlayLevel: PlayLevel: No blueprints needed recompiling
[2026.08.26-20.21.29:067][370]PIE: New page: PIE session: Brackeys2026Map (Aug 26, 2026, 6:21:29 AM)
[2026.08.26-20.21.29:067][370]LogPlayLevel: Creating play world package: /Game/Brackeys2026/Levels/UEDPIE_0_Brackeys2026Map
[2026.08.26-20.21.29:070][370]LogPlayLevel: PIE: StaticDuplicateObject took: (0.003117s)
[2026.08.26-20.21.29:071][370]LogAIModule: Creating AISystem for world Brackeys2026Map
[2026.08.26-20.21.29:074][370]LogPlayLevel: PIE: World Init took: (0.004133s)
[2026.08.26-20.21.29:074][370]LogPlayLevel: PIE: Created PIE world by copying editor world from /Game/Brackeys2026/Levels/Brackeys2026Map.Brackeys2026Map to /Game/Brackeys2026/Levels/UEDPIE_0_Brackeys2026Map.Brackeys2026Map (0.007428s)
[2026.08.26-20.21.29:107][370]LogUObjectHash: Compacting FUObjectHashTables data took   1.90ms
[2026.08.26-20.21.29:107][370]LogAudio: Display: Creating Audio Device:                 Id: 3, Scope: Unique, Realtime: True
[2026.08.26-20.21.29:107][370]LogAudioMixer: Display: Audio Mixer Platform Settings:
[2026.08.26-20.21.29:107][370]LogAudioMixer: Display: 	Sample Rate:						  48000
[2026.08.26-20.21.29:107][370]LogAudioMixer: Display: 	Callback Buffer Frame Size Requested: 1024
[2026.08.26-20.21.29:107][370]LogAudioMixer: Display: 	Callback Buffer Frame Size To Use:	  1024
[2026.08.26-20.21.29:107][370]LogAudioMixer: Display: 	Number of buffers to queue:			  2
[2026.08.26-20.21.29:107][370]LogAudioMixer: Display: 	Max Channels (voices):				  32
[2026.08.26-20.21.29:107][370]LogAudioMixer: Display: 	Number of Async Source Workers:		  0
[2026.08.26-20.21.29:107][370]LogAudio: Display: AudioDevice MaxSources: 32
[2026.08.26-20.21.29:108][370]LogAudio: Display: Audio Spatialization Plugin: None (built-in).
[2026.08.26-20.21.29:108][370]LogAudio: Display: Audio Reverb Plugin: None (built-in).
[2026.08.26-20.21.29:108][370]LogAudio: Display: Audio Occlusion Plugin: None (built-in).
[2026.08.26-20.21.29:108][370]LogAudioMixer: Display: Initializing audio mixer.
[2026.08.26-20.21.29:113][370]LogAudioMixer: Display: 0: FrontLeft
[2026.08.26-20.21.29:113][370]LogAudioMixer: Display: 1: FrontRight
[2026.08.26-20.21.29:127][370]LogAudioMixer: Display: Using Audio Device Realtek HD Audio 2nd output (Realtek(R) Audio)
[2026.08.26-20.21.29:127][370]LogAudioMixer: Display: Initializing Sound Submixes...
[2026.08.26-20.21.29:127][370]LogAudioMixer: Display: Creating Master Submix 'MasterSubmixDefault'
[2026.08.26-20.21.29:127][370]LogAudioMixer: Display: Creating Master Submix 'MasterReverbSubmixDefault'
[2026.08.26-20.21.29:127][370]LogAudioMixer: Display: Creating Master Submix 'MasterEQSubmixDefault'
[2026.08.26-20.21.29:127][370]LogAudioMixer: FMixerPlatformXAudio2::StartAudioStream() called
[2026.08.26-20.21.29:127][370]LogAudioMixer: Display: Output buffers initialized: Frames=1024, Channels=2, Samples=2048
[2026.08.26-20.21.29:129][370]LogAudioMixer: Display: Starting AudioMixerPlatformInterface::RunInternal()
[2026.08.26-20.21.29:129][370]LogAudioMixer: Display: FMixerPlatformXAudio2::SubmitBuffer() called for the first time
[2026.08.26-20.21.29:129][370]LogInit: FAudioDevice initialized.
[2026.08.26-20.21.29:129][370]LogAudio: Display: Audio Device (ID: 3) registered with world 'Brackeys2026Map'.
[2026.08.26-20.21.29:173][370]LogSlate: Updating window title bar state: overlay mode, drag disabled, window buttons hidden, title bar hidden
[2026.08.26-20.21.29:174][370]LogLoad: Game class is 'BrackeysGameMode_C'
[2026.08.26-20.21.29:175][370]LogWorld: Bringing World /Game/Brackeys2026/Levels/UEDPIE_0_Brackeys2026Map.Brackeys2026Map up for play (max tick rate 0) at 2026.08.26-13.21.29
[2026.08.26-20.21.29:175][370]LogWorld: Bringing up level for play took: 0.000667
[2026.08.26-20.21.29:175][370]LogOnline: OSS: Creating online subsystem instance for: :Context_8
[2026.08.26-20.21.29:180][370]PIE: Server logged in
[2026.08.26-20.21.29:182][370]PIE: Play in editor total start time 0.119 seconds.
[2026.08.26-20.21.36:986][296]LogSlate: Updating window title bar state: overlay mode, drag disabled, window buttons hidden, title bar hidden
[2026.08.26-20.21.36:986][296]LogWorld: BeginTearingDown for /Game/Brackeys2026/Levels/UEDPIE_0_Brackeys2026Map
[2026.08.26-20.21.36:986][296]LogSlate: Window 'BrackeysJam2026 Preview [NetMode: Standalone]  (64-bit/Windows) ' being destroyed
[2026.08.26-20.21.36:997][296]LogWorld: UWorld::CleanupWorld for Brackeys2026Map, bSessionEnded=true, bCleanupResources=true
[2026.08.26-20.21.36:997][296]LogSlate: InvalidateAllWidgets triggered.  All widgets were invalidated
[2026.08.26-20.21.37:006][296]LogPlayLevel: Display: Shutting down PIE online subsystems
[2026.08.26-20.21.37:012][296]LogSlate: InvalidateAllWidgets triggered.  All widgets were invalidated
[2026.08.26-20.21.37:036][296]LogAudio: Display: Audio Device unregistered from world 'None'.
[2026.08.26-20.21.37:036][296]LogAudioMixer: FMixerPlatformXAudio2::StopAudioStream() called
[2026.08.26-20.21.37:038][296]LogAudioMixer: FMixerPlatformXAudio2::StopAudioStream() called
[2026.08.26-20.21.37:042][296]LogUObjectHash: Compacting FUObjectHashTables data took   1.54ms
[2026.08.26-20.21.37:064][297]LogPlayLevel: Display: Destroying online subsystem :Context_8
[2026.08.26-20.22.10:860][193]LogAssetEditorSubsystem: Opening Asset editor for WidgetBlueprint /Game/Brackeys2026/UI/BP_UIPlayer.BP_UIPlayer
[2026.08.26-20.22.34:445][820]LogSlate: Window 'Color Picker' being destroyed
[2026.08.26-20.22.35:930][996]Cmd: TRANSACTION UNDO
[2026.08.26-20.22.35:933][996]LogEditorTransaction: Undo Edit Content Color and Opacity
[2026.08.26-20.22.38:769][275]LogSlate: Window 'Color Picker' being destroyed
[2026.08.26-20.22.55:823][262]BlueprintLog: New page: Compile BP_UIPlayer
[2026.08.26-20.22.55:891][262]LogUObjectHash: Compacting FUObjectHashTables data took   3.62ms
[2026.08.26-20.22.56:294][303]LogSavePackage: Moving 'E:/_Alex's Data/Unreal Engine/Unreal Projects/Brackeys2026/Brackeys-2026/BrackeysJam2026/Saved/BP_UIPlayer4ED4B72A416735CB8408E08B23B66D4F.tmp' to 'E:/_Alex's Data/Unreal Engine/Unreal Projects/Brackeys2026/Brackeys-2026/BrackeysJam2026/Content/Brackeys2026/UI/BP_UIPlayer.uasset'
[2026.08.26-20.22.56:310][303]AssetCheck: New page: Asset Save: BP_UIPlayer
[2026.08.26-20.22.56:310][303]LogContentValidation: Display: Validating WidgetBlueprint /Game/Brackeys2026/UI/BP_UIPlayer.BP_UIPlayer
[2026.08.26-20.23.42:059][165]BlueprintLog: New page: Compile BP_UIPlayer
[2026.08.26-20.23.42:114][165]LogUObjectHash: Compacting FUObjectHashTables data took   3.15ms
[2026.08.26-20.23.42:605][213]LogSavePackage: Moving 'E:/_Alex's Data/Unreal Engine/Unreal Projects/Brackeys2026/Brackeys-2026/BrackeysJam2026/Saved/BP_UIPlayerDC64C03949D399EDC781BA83BE2BB93C.tmp' to 'E:/_Alex's Data/Unreal Engine/Unreal Projects/Brackeys2026/Brackeys-2026/BrackeysJam2026/Content/Brackeys2026/UI/BP_UIPlayer.uasset'
[2026.08.26-20.23.42:625][213]AssetCheck: New page: Asset Save: BP_UIPlayer
[2026.08.26-20.23.42:625][213]LogContentValidation: Display: Validating WidgetBlueprint /Game/Brackeys2026/UI/BP_UIPlayer.BP_UIPlayer
[2026.08.26-20.24.21:526][495]LogEditorTransaction: Undo Move Node
[2026.08.26-20.24.36:951][194]BlueprintLog: New page: Compile BP_Player
[2026.08.26-20.24.37:010][194]LogUObjectHash: Compacting FUObjectHashTables data took   2.95ms
[2026.08.26-20.24.37:540][241]LogSavePackage: Moving 'E:/_Alex's Data/Unreal Engine/Unreal Projects/Brackeys2026/Brackeys-2026/BrackeysJam2026/Saved/BP_PlayerD0B0EB9646C1FBE206B2E984D021D50B.tmp' to 'E:/_Alex's Data/Unreal Engine/Unreal Projects/Brackeys2026/Brackeys-2026/BrackeysJam2026/Content/Brackeys2026/Characters/Player/BP_Player.uasset'
[2026.08.26-20.24.37:564][241]AssetCheck: New page: Asset Save: BP_Player
[2026.08.26-20.24.37:564][241]LogContentValidation: Display: Validating Blueprint /Game/Brackeys2026/Characters/Player/BP_Player.BP_Player
[2026.08.26-20.24.38:007][286]LogTemp: Repeating last play command: Selected Viewport
[2026.08.26-20.24.38:016][286]LogPlayLevel: PlayLevel: No blueprints needed recompiling
[2026.08.26-20.24.38:017][286]PIE: New page: PIE session: Brackeys2026Map (Aug 26, 2026, 6:24:38 AM)
[2026.08.26-20.24.38:017][286]LogPlayLevel: Creating play world package: /Game/Brackeys2026/Levels/UEDPIE_0_Brackeys2026Map
[2026.08.26-20.24.38:019][286]LogPlayLevel: PIE: StaticDuplicateObject took: (0.002551s)
[2026.08.26-20.24.38:020][286]LogAIModule: Creating AISystem for world Brackeys2026Map
[2026.08.26-20.24.38:020][286]LogPlayLevel: PIE: World Init took: (0.000834s)
[2026.08.26-20.24.38:020][286]LogPlayLevel: PIE: Created PIE world by copying editor world from /Game/Brackeys2026/Levels/Brackeys2026Map.Brackeys2026Map to /Game/Brackeys2026/Levels/UEDPIE_0_Brackeys2026Map.Brackeys2026Map (0.003508s)
[2026.08.26-20.24.38:055][286]LogUObjectHash: Compacting FUObjectHashTables data took   2.96ms
[2026.08.26-20.24.38:056][286]LogAudio: Display: Creating Audio Device:                 Id: 4, Scope: Unique, Realtime: True
[2026.08.26-20.24.38:056][286]LogAudioMixer: Display: Audio Mixer Platform Settings:
[2026.08.26-20.24.38:056][286]LogAudioMixer: Display: 	Sample Rate:						  48000
[2026.08.26-20.24.38:056][286]LogAudioMixer: Display: 	Callback Buffer Frame Size Requested: 1024
[2026.08.26-20.24.38:056][286]LogAudioMixer: Display: 	Callback Buffer Frame Size To Use:	  1024
[2026.08.26-20.24.38:056][286]LogAudioMixer: Display: 	Number of buffers to queue:			  2
[2026.08.26-20.24.38:056][286]LogAudioMixer: Display: 	Max Channels (voices):				  32
[2026.08.26-20.24.38:056][286]LogAudioMixer: Display: 	Number of Async Source Workers:		  0
[2026.08.26-20.24.38:056][286]LogAudio: Display: AudioDevice MaxSources: 32
[2026.08.26-20.24.38:056][286]LogAudio: Display: Audio Spatialization Plugin: None (built-in).
[2026.08.26-20.24.38:056][286]LogAudio: Display: Audio Reverb Plugin: None (built-in).
[2026.08.26-20.24.38:056][286]LogAudio: Display: Audio Occlusion Plugin: None (built-in).
[2026.08.26-20.24.38:056][286]LogAudioMixer: Display: Initializing audio mixer.
[2026.08.26-20.24.38:061][286]LogAudioMixer: Display: 0: FrontLeft
[2026.08.26-20.24.38:061][286]LogAudioMixer: Display: 1: FrontRight
[2026.08.26-20.24.38:077][286]LogAudioMixer: Display: Using Audio Device Realtek HD Audio 2nd output (Realtek(R) Audio)
[2026.08.26-20.24.38:077][286]LogAudioMixer: Display: Initializing Sound Submixes...
[2026.08.26-20.24.38:077][286]LogAudioMixer: Display: Creating Master Submix 'MasterSubmixDefault'
[2026.08.26-20.24.38:077][286]LogAudioMixer: Display: Creating Master Submix 'MasterReverbSubmixDefault'
[2026.08.26-20.24.38:077][286]LogAudioMixer: Display: Creating Master Submix 'MasterEQSubmixDefault'
[2026.08.26-20.24.38:077][286]LogAudioMixer: FMixerPlatformXAudio2::StartAudioStream() called
[2026.08.26-20.24.38:077][286]LogAudioMixer: Display: Output buffers initialized: Frames=1024, Channels=2, Samples=2048
[2026.08.26-20.24.38:078][286]LogAudioMixer: Display: Starting AudioMixerPlatformInterface::RunInternal()
[2026.08.26-20.24.38:078][286]LogAudioMixer: Display: FMixerPlatformXAudio2::SubmitBuffer() called for the first time
[2026.08.26-20.24.38:078][286]LogInit: FAudioDevice initialized.
[2026.08.26-20.24.38:078][286]LogAudio: Display: Audio Device (ID: 4) registered with world 'Brackeys2026Map'.
[2026.08.26-20.24.38:124][286]LogSlate: Updating window title bar state: overlay mode, drag disabled, window buttons hidden, title bar hidden
[2026.08.26-20.24.38:124][286]LogLoad: Game class is 'BrackeysGameMode_C'
[2026.08.26-20.24.38:126][286]LogWorld: Bringing World /Game/Brackeys2026/Levels/UEDPIE_0_Brackeys2026Map.Brackeys2026Map up for play (max tick rate 0) at 2026.08.26-13.24.38
[2026.08.26-20.24.38:126][286]LogWorld: Bringing up level for play took: 0.000647
[2026.08.26-20.24.38:126][286]LogOnline: OSS: Creating online subsystem instance for: :Context_11
[2026.08.26-20.24.38:131][286]PIE: Server logged in
[2026.08.26-20.24.38:133][286]PIE: Play in editor total start time 0.118 seconds.
[2026.08.26-20.24.47:897][446]LogSlate: Updating window title bar state: overlay mode, drag disabled, window buttons hidden, title bar hidden
[2026.08.26-20.24.47:897][446]LogWorld: BeginTearingDown for /Game/Brackeys2026/Levels/UEDPIE_0_Brackeys2026Map
[2026.08.26-20.24.47:897][446]LogSlate: Window 'BrackeysJam2026 Preview [NetMode: Standalone]  (64-bit/Windows) ' being destroyed
[2026.08.26-20.24.47:906][446]LogWorld: UWorld::CleanupWorld for Brackeys2026Map, bSessionEnded=true, bCleanupResources=true
[2026.08.26-20.24.47:906][446]LogSlate: InvalidateAllWidgets triggered.  All widgets were invalidated
[2026.08.26-20.24.47:914][446]LogPlayLevel: Display: Shutting down PIE online subsystems
[2026.08.26-20.24.47:921][446]LogSlate: InvalidateAllWidgets triggered.  All widgets were invalidated
[2026.08.26-20.24.47:953][446]LogAudio: Display: Audio Device unregistered from world 'None'.
[2026.08.26-20.24.47:953][446]LogAudioMixer: FMixerPlatformXAudio2::StopAudioStream() called
[2026.08.26-20.24.47:954][446]LogAudioMixer: FMixerPlatformXAudio2::StopAudioStream() called
[2026.08.26-20.24.47:959][446]LogUObjectHash: Compacting FUObjectHashTables data took   2.11ms
[2026.08.26-20.24.47:978][447]LogPlayLevel: Display: Destroying online subsystem :Context_11
[2026.08.26-20.24.51:288][837]LogTemp: Repeating last play command: Selected Viewport
[2026.08.26-20.24.51:298][837]LogPlayLevel: PlayLevel: No blueprints needed recompiling
[2026.08.26-20.24.51:298][837]PIE: New page: PIE session: Brackeys2026Map (Aug 26, 2026, 6:24:51 AM)
[2026.08.26-20.24.51:298][837]LogPlayLevel: Creating play world package: /Game/Brackeys2026/Levels/UEDPIE_0_Brackeys2026Map
[2026.08.26-20.24.51:301][837]LogPlayLevel: PIE: StaticDuplicateObject took: (0.002747s)
[2026.08.26-20.24.51:301][837]LogAIModule: Creating AISystem for world Brackeys2026Map
[2026.08.26-20.24.51:301][837]LogPlayLevel: PIE: World Init took: (0.000759s)
[2026.08.26-20.24.51:301][837]LogPlayLevel: PIE: Created PIE world by copying editor world from /Game/Brackeys2026/Levels/Brackeys2026Map.Brackeys2026Map to /Game/Brackeys2026/Levels/UEDPIE_0_Brackeys2026Map.Brackeys2026Map (0.003625s)
[2026.08.26-20.24.51:333][837]LogUObjectHash: Compacting FUObjectHashTables data took   2.37ms
[2026.08.26-20.24.51:334][837]LogAudio: Display: Creating Audio Device:                 Id: 5, Scope: Unique, Realtime: True
[2026.08.26-20.24.51:334][837]LogAudioMixer: Display: Audio Mixer Platform Settings:
[2026.08.26-20.24.51:334][837]LogAudioMixer: Display: 	Sample Rate:						  48000
[2026.08.26-20.24.51:334][837]LogAudioMixer: Display: 	Callback Buffer Frame Size Requested: 1024
[2026.08.26-20.24.51:334][837]LogAudioMixer: Display: 	Callback Buffer Frame Size To Use:	  1024
[2026.08.26-20.24.51:334][837]LogAudioMixer: Display: 	Number of buffers to queue:			  2
[2026.08.26-20.24.51:334][837]LogAudioMixer: Display: 	Max Channels (voices):				  32
[2026.08.26-20.24.51:334][837]LogAudioMixer: Display: 	Number of Async Source Workers:		  0
[2026.08.26-20.24.51:334][837]LogAudio: Display: AudioDevice MaxSources: 32
[2026.08.26-20.24.51:334][837]LogAudio: Display: Audio Spatialization Plugin: None (built-in).
[2026.08.26-20.24.51:334][837]LogAudio: Display: Audio Reverb Plugin: None (built-in).
[2026.08.26-20.24.51:334][837]LogAudio: Display: Audio Occlusion Plugin: None (built-in).
[2026.08.26-20.24.51:334][837]LogAudioMixer: Display: Initializing audio mixer.
[2026.08.26-20.24.51:339][837]LogAudioMixer: Display: 0: FrontLeft
[2026.08.26-20.24.51:339][837]LogAudioMixer: Display: 1: FrontRight
[2026.08.26-20.24.51:350][837]LogAudioMixer: Display: Using Audio Device Realtek HD Audio 2nd output (Realtek(R) Audio)
[2026.08.26-20.24.51:351][837]LogAudioMixer: Display: Initializing Sound Submixes...
[2026.08.26-20.24.51:351][837]LogAudioMixer: Display: Creating Master Submix 'MasterSubmixDefault'
[2026.08.26-20.24.51:351][837]LogAudioMixer: Display: Creating Master Submix 'MasterReverbSubmixDefault'
[2026.08.26-20.24.51:351][837]LogAudioMixer: Display: Creating Master Submix 'MasterEQSubmixDefault'
[2026.08.26-20.24.51:351][837]LogAudioMixer: FMixerPlatformXAudio2::StartAudioStream() called
[2026.08.26-20.24.51:351][837]LogAudioMixer: Display: Output buffers initialized: Frames=1024, Channels=2, Samples=2048
[2026.08.26-20.24.51:352][837]LogAudioMixer: Display: Starting AudioMixerPlatformInterface::RunInternal()
[2026.08.26-20.24.51:352][837]LogAudioMixer: Display: FMixerPlatformXAudio2::SubmitBuffer() called for the first time
[2026.08.26-20.24.51:352][837]LogInit: FAudioDevice initialized.
[2026.08.26-20.24.51:352][837]LogAudio: Display: Audio Device (ID: 5) registered with world 'Brackeys2026Map'.
[2026.08.26-20.24.51:391][837]LogSlate: Updating window title bar state: overlay mode, drag disabled, window buttons hidden, title bar hidden
[2026.08.26-20.24.51:392][837]LogLoad: Game class is 'BrackeysGameMode_C'
[2026.08.26-20.24.51:393][837]LogWorld: Bringing World /Game/Brackeys2026/Levels/UEDPIE_0_Brackeys2026Map.Brackeys2026Map up for play (max tick rate 0) at 2026.08.26-13.24.51
[2026.08.26-20.24.51:393][837]LogWorld: Bringing up level for play took: 0.000691
[2026.08.26-20.24.51:393][837]LogOnline: OSS: Creating online subsystem instance for: :Context_12
[2026.08.26-20.24.51:398][837]PIE: Server logged in
[2026.08.26-20.24.51:400][837]PIE: Play in editor total start time 0.105 seconds.
[2026.08.26-20.24.58:777][715]LogSlate: Updating window title bar state: overlay mode, drag disabled, window buttons hidden, title bar hidden
[2026.08.26-20.24.58:777][715]LogWorld: BeginTearingDown for /Game/Brackeys2026/Levels/UEDPIE_0_Brackeys2026Map
[2026.08.26-20.24.58:777][715]LogSlate: Window 'BrackeysJam2026 Preview [NetMode: Standalone]  (64-bit/Windows) ' being destroyed
[2026.08.26-20.24.58:785][715]LogWorld: UWorld::CleanupWorld for Brackeys2026Map, bSessionEnded=true, bCleanupResources=true
[2026.08.26-20.24.58:785][715]LogSlate: InvalidateAllWidgets triggered.  All widgets were invalidated
[2026.08.26-20.24.58:793][715]LogPlayLevel: Display: Shutting down PIE online subsystems
[2026.08.26-20.24.58:800][715]LogSlate: InvalidateAllWidgets triggered.  All widgets were invalidated
[2026.08.26-20.24.58:834][715]LogAudioMixer: FMixerPlatformXAudio2::StopAudioStream() called
[2026.08.26-20.24.58:835][715]LogAudioMixer: FMixerPlatformXAudio2::StopAudioStream() called
[2026.08.26-20.24.58:841][715]LogUObjectHash: Compacting FUObjectHashTables data took   2.04ms
[2026.08.26-20.24.58:861][716]LogPlayLevel: Display: Destroying online subsystem :Context_12
[2026.08.26-20.25.12:045][172]BlueprintLog: New page: Compile BP_Revolver
[2026.08.26-20.25.12:123][172]LogUObjectHash: Compacting FUObjectHashTables data took   2.32ms
[2026.08.26-20.25.12:887][206]LogSavePackage: Moving 'E:/_Alex's Data/Unreal Engine/Unreal Projects/Brackeys2026/Brackeys-2026/BrackeysJam2026/Saved/BP_RevolverBFCBFA5F4AEA05B9F9766BBFE0021C70.tmp' to 'E:/_Alex's Data/Unreal Engine/Unreal Projects/Brackeys2026/Brackeys-2026/BrackeysJam2026/Content/Brackeys2026/Objects/Revolver/BP_Revolver.uasset'
[2026.08.26-20.25.13:011][206]AssetCheck: New page: Asset Save: BP_Revolver
[2026.08.26-20.25.13:011][206]LogContentValidation: Display: Validating Blueprint /Game/Brackeys2026/Objects/Revolver/BP_Revolver.BP_Revolver
[2026.08.26-20.25.51:049][598]BlueprintLog: New page: Compile BP_UIPlayer
[2026.08.26-20.25.51:100][598]LogUObjectHash: Compacting FUObjectHashTables data took   3.20ms
[2026.08.26-20.25.51:488][636]LogSavePackage: Moving 'E:/_Alex's Data/Unreal Engine/Unreal Projects/Brackeys2026/Brackeys-2026/BrackeysJam2026/Saved/BP_UIPlayer016F57B14DDDAF1CAF75A7BA7B641AE5.tmp' to 'E:/_Alex's Data/Unreal Engine/Unreal Projects/Brackeys2026/Brackeys-2026/BrackeysJam2026/Content/Brackeys2026/UI/BP_UIPlayer.uasset'
[2026.08.26-20.25.51:512][636]AssetCheck: New page: Asset Save: BP_UIPlayer
[2026.08.26-20.25.51:512][636]LogContentValidation: Display: Validating WidgetBlueprint /Game/Brackeys2026/UI/BP_UIPlayer.BP_UIPlayer
[2026.08.26-20.26.33:495][443]BlueprintLog: New page: Compile BP_UIPlayer
[2026.08.26-20.26.33:556][443]LogUObjectHash: Compacting FUObjectHashTables data took   3.15ms
[2026.08.26-20.26.36:578][490]LogSavePackage: Moving 'E:/_Alex's Data/Unreal Engine/Unreal Projects/Brackeys2026/Brackeys-2026/BrackeysJam2026/Saved/BP_UIPlayer5CEE88014EFFE53E4B062294F8C5DCC4.tmp' to 'E:/_Alex's Data/Unreal Engine/Unreal Projects/Brackeys2026/Brackeys-2026/BrackeysJam2026/Content/Brackeys2026/UI/BP_UIPlayer.uasset'
[2026.08.26-20.26.36:621][490]AssetCheck: New page: Asset Save: BP_UIPlayer
[2026.08.26-20.26.36:621][490]LogContentValidation: Display: Validating WidgetBlueprint /Game/Brackeys2026/UI/BP_UIPlayer.BP_UIPlayer
[2026.08.26-20.27.02:293][339]BlueprintLog: New page: Compile BP_Player
[2026.08.26-20.27.02:364][339]LogUObjectHash: Compacting FUObjectHashTables data took   3.08ms
[2026.08.26-20.27.02:786][373]LogSavePackage: Moving 'E:/_Alex's Data/Unreal Engine/Unreal Projects/Brackeys2026/Brackeys-2026/BrackeysJam2026/Saved/BP_Player94BD19AE4C5310074CE1D1A4EB33607B.tmp' to 'E:/_Alex's Data/Unreal Engine/Unreal Projects/Brackeys2026/Brackeys-2026/BrackeysJam2026/Content/Brackeys2026/Characters/Player/BP_Player.uasset'
[2026.08.26-20.27.02:816][373]AssetCheck: New page: Asset Save: BP_Player
[2026.08.26-20.27.02:816][373]LogContentValidation: Display: Validating Blueprint /Game/Brackeys2026/Characters/Player/BP_Player.BP_Player
[2026.08.26-20.27.19:550][218]BlueprintLog: New page: Compile BP_UIPlayer
[2026.08.26-20.27.19:591][218]LogUObjectHash: Compacting FUObjectHashTables data took   3.06ms
[2026.08.26-20.27.19:973][257]LogSavePackage: Moving 'E:/_Alex's Data/Unreal Engine/Unreal Projects/Brackeys2026/Brackeys-2026/BrackeysJam2026/Saved/BP_UIPlayer9C6DF5184CAE7B5E188B0494916BF168.tmp' to 'E:/_Alex's Data/Unreal Engine/Unreal Projects/Brackeys2026/Brackeys-2026/BrackeysJam2026/Content/Brackeys2026/UI/BP_UIPlayer.uasset'
[2026.08.26-20.27.19:993][257]AssetCheck: New page: Asset Save: BP_UIPlayer
[2026.08.26-20.27.19:993][257]LogContentValidation: Display: Validating WidgetBlueprint /Game/Brackeys2026/UI/BP_UIPlayer.BP_UIPlayer
[2026.08.26-20.28.04:401][407]BlueprintLog: New page: Compile BP_Player
[2026.08.26-20.28.04:470][407]LogUObjectHash: Compacting FUObjectHashTables data took   3.05ms
[2026.08.26-20.28.04:926][445]LogSavePackage: Moving 'E:/_Alex's Data/Unreal Engine/Unreal Projects/Brackeys2026/Brackeys-2026/BrackeysJam2026/Saved/BP_Player4E7DAEE14CC44C99E7502DB32AC8F3AE.tmp' to 'E:/_Alex's Data/Unreal Engine/Unreal Projects/Brackeys2026/Brackeys-2026/BrackeysJam2026/Content/Brackeys2026/Characters/Player/BP_Player.uasset'
[2026.08.26-20.28.04:952][445]AssetCheck: New page: Asset Save: BP_Player
[2026.08.26-20.28.04:952][445]LogContentValidation: Display: Validating Blueprint /Game/Brackeys2026/Characters/Player/BP_Player.BP_Player
[2026.08.26-20.28.34:755][787]LogTemp: Repeating last play command: Selected Viewport
[2026.08.26-20.28.34:765][787]BlueprintLog: New page: Pre-Play auto-recompile
[2026.08.26-20.28.34:778][787]LogPlayLevel: [PlayLevel] Compiling BP_UIPlayer before play...
[2026.08.26-20.28.34:840][787]LogUObjectHash: Compacting FUObjectHashTables data took   3.17ms
[2026.08.26-20.28.34:841][787]LogPlayLevel: PlayLevel: Blueprint regeneration took 76 ms (1 blueprints)
[2026.08.26-20.28.34:841][787]PIE: New page: PIE session: Brackeys2026Map (Aug 26, 2026, 6:28:34 AM)
[2026.08.26-20.28.34:841][787]LogPlayLevel: Creating play world package: /Game/Brackeys2026/Levels/UEDPIE_0_Brackeys2026Map
[2026.08.26-20.28.34:843][787]LogPlayLevel: PIE: StaticDuplicateObject took: (0.001826s)
[2026.08.26-20.28.34:844][787]LogAIModule: Creating AISystem for world Brackeys2026Map
[2026.08.26-20.28.34:844][787]LogPlayLevel: PIE: World Init took: (0.000869s)
[2026.08.26-20.28.34:844][787]LogPlayLevel: PIE: Created PIE world by copying editor world from /Game/Brackeys2026/Levels/Brackeys2026Map.Brackeys2026Map to /Game/Brackeys2026/Levels/UEDPIE_0_Brackeys2026Map.Brackeys2026Map (0.002800s)
[2026.08.26-20.28.34:874][787]LogUObjectHash: Compacting FUObjectHashTables data took   2.33ms
[2026.08.26-20.28.34:874][787]LogAudio: Display: Creating Audio Device:                 Id: 6, Scope: Unique, Realtime: True
[2026.08.26-20.28.34:875][787]LogAudioMixer: Display: Audio Mixer Platform Settings:
[2026.08.26-20.28.34:875][787]LogAudioMixer: Display: 	Sample Rate:						  48000
[2026.08.26-20.28.34:875][787]LogAudioMixer: Display: 	Callback Buffer Frame Size Requested: 1024
[2026.08.26-20.28.34:875][787]LogAudioMixer: Display: 	Callback Buffer Frame Size To Use:	  1024
[2026.08.26-20.28.34:875][787]LogAudioMixer: Display: 	Number of buffers to queue:			  2
[2026.08.26-20.28.34:875][787]LogAudioMixer: Display: 	Max Channels (voices):				  32
[2026.08.26-20.28.34:875][787]LogAudioMixer: Display: 	Number of Async Source Workers:		  0
[2026.08.26-20.28.34:875][787]LogAudio: Display: AudioDevice MaxSources: 32
[2026.08.26-20.28.34:875][787]LogAudio: Display: Audio Spatialization Plugin: None (built-in).
[2026.08.26-20.28.34:875][787]LogAudio: Display: Audio Reverb Plugin: None (built-in).
[2026.08.26-20.28.34:875][787]LogAudio: Display: Audio Occlusion Plugin: None (built-in).
[2026.08.26-20.28.34:875][787]LogAudioMixer: Display: Initializing audio mixer.
[2026.08.26-20.28.34:880][787]LogAudioMixer: Display: 0: FrontLeft
[2026.08.26-20.28.34:880][787]LogAudioMixer: Display: 1: FrontRight
[2026.08.26-20.28.34:895][787]LogAudioMixer: Display: Using Audio Device Realtek HD Audio 2nd output (Realtek(R) Audio)
[2026.08.26-20.28.34:895][787]LogAudioMixer: Display: Initializing Sound Submixes...
[2026.08.26-20.28.34:895][787]LogAudioMixer: Display: Creating Master Submix 'MasterSubmixDefault'
[2026.08.26-20.28.34:895][787]LogAudioMixer: Display: Creating Master Submix 'MasterReverbSubmixDefault'
[2026.08.26-20.28.34:896][787]LogAudioMixer: Display: Creating Master Submix 'MasterEQSubmixDefault'
[2026.08.26-20.28.34:896][787]LogAudioMixer: FMixerPlatformXAudio2::StartAudioStream() called
[2026.08.26-20.28.34:896][787]LogAudioMixer: Display: Output buffers initialized: Frames=1024, Channels=2, Samples=2048
[2026.08.26-20.28.34:897][787]LogAudioMixer: Display: Starting AudioMixerPlatformInterface::RunInternal()
[2026.08.26-20.28.34:897][787]LogAudioMixer: Display: FMixerPlatformXAudio2::SubmitBuffer() called for the first time
[2026.08.26-20.28.34:897][787]LogInit: FAudioDevice initialized.
[2026.08.26-20.28.34:897][787]LogAudio: Display: Audio Device (ID: 6) registered with world 'Brackeys2026Map'.
[2026.08.26-20.28.34:941][787]LogSlate: Updating window title bar state: overlay mode, drag disabled, window buttons hidden, title bar hidden
[2026.08.26-20.28.34:941][787]LogLoad: Game class is 'BrackeysGameMode_C'
[2026.08.26-20.28.34:942][787]LogWorld: Bringing World /Game/Brackeys2026/Levels/UEDPIE_0_Brackeys2026Map.Brackeys2026Map up for play (max tick rate 0) at 2026.08.26-13.28.34
[2026.08.26-20.28.34:942][787]LogWorld: Bringing up level for play took: 0.000623
[2026.08.26-20.28.34:942][787]LogOnline: OSS: Creating online subsystem instance for: :Context_14
[2026.08.26-20.28.34:947][787]LogBlueprintUserMessages: [BP_UIPlayer_C_0] Success
[2026.08.26-20.28.34:951][787]PIE: Server logged in
[2026.08.26-20.28.34:951][787]PIE: Play in editor total start time 0.189 seconds.
[2026.08.26-20.28.35:857][883]LogSlate: Updating window title bar state: overlay mode, drag disabled, window buttons hidden, title bar hidden
[2026.08.26-20.28.35:857][883]LogWorld: BeginTearingDown for /Game/Brackeys2026/Levels/UEDPIE_0_Brackeys2026Map
[2026.08.26-20.28.35:857][883]LogSlate: Window 'BrackeysJam2026 Preview [NetMode: Standalone]  (64-bit/Windows) ' being destroyed
[2026.08.26-20.28.35:866][883]LogWorld: UWorld::CleanupWorld for Brackeys2026Map, bSessionEnded=true, bCleanupResources=true
[2026.08.26-20.28.35:866][883]LogSlate: InvalidateAllWidgets triggered.  All widgets were invalidated
[2026.08.26-20.28.35:877][883]LogPlayLevel: Display: Shutting down PIE online subsystems
[2026.08.26-20.28.35:883][883]LogSlate: InvalidateAllWidgets triggered.  All widgets were invalidated
[2026.08.26-20.28.35:916][883]LogAudioMixer: FMixerPlatformXAudio2::StopAudioStream() called
[2026.08.26-20.28.35:918][883]LogAudioMixer: FMixerPlatformXAudio2::StopAudioStream() called
[2026.08.26-20.28.35:922][883]LogUObjectHash: Compacting FUObjectHashTables data took   2.10ms
[2026.08.26-20.28.35:943][884]LogPlayLevel: Display: Destroying online subsystem :Context_14
[2026.08.26-20.28.47:276][176]BlueprintLog: New page: Compile BP_UIPlayer
[2026.08.26-20.28.47:316][176]LogUObjectHash: Compacting FUObjectHashTables data took   3.25ms
[2026.08.26-20.28.47:741][214]LogSavePackage: Moving 'E:/_Alex's Data/Unreal Engine/Unreal Projects/Brackeys2026/Brackeys-2026/BrackeysJam2026/Saved/BP_UIPlayer682646AF4848CF9F4D6F32BE70E6EACD.tmp' to 'E:/_Alex's Data/Unreal Engine/Unreal Projects/Brackeys2026/Brackeys-2026/BrackeysJam2026/Content/Brackeys2026/UI/BP_UIPlayer.uasset'
[2026.08.26-20.28.47:768][214]AssetCheck: New page: Asset Save: BP_UIPlayer
[2026.08.26-20.28.47:768][214]LogContentValidation: Display: Validating WidgetBlueprint /Game/Brackeys2026/UI/BP_UIPlayer.BP_UIPlayer
[2026.08.26-20.29.35:847][845]LogAssetEditorSubsystem: Opening Asset editor for WidgetBlueprint /Game/Brackeys2026/UI/BP_UIHint.BP_UIHint
[2026.08.26-20.29.46:809][841]BlueprintLog: New page: Compile BP_UIPlayer
[2026.08.26-20.29.46:872][841]LogUObjectHash: Compacting FUObjectHashTables data took   3.10ms
[2026.08.26-20.29.47:294][877]LogSavePackage: Moving 'E:/_Alex's Data/Unreal Engine/Unreal Projects/Brackeys2026/Brackeys-2026/BrackeysJam2026/Saved/BP_UIPlayerB1064D9A473AE289CD1E8D9626A25ED5.tmp' to 'E:/_Alex's Data/Unreal Engine/Unreal Projects/Brackeys2026/Brackeys-2026/BrackeysJam2026/Content/Brackeys2026/UI/BP_UIPlayer.uasset'
[2026.08.26-20.29.47:316][877]AssetCheck: New page: Asset Save: BP_UIPlayer
[2026.08.26-20.29.47:316][877]LogContentValidation: Display: Validating WidgetBlueprint /Game/Brackeys2026/UI/BP_UIPlayer.BP_UIPlayer
[2026.08.26-20.29.47:677][913]LogTemp: Repeating last play command: Selected Viewport
[2026.08.26-20.29.47:687][913]LogPlayLevel: PlayLevel: No blueprints needed recompiling
[2026.08.26-20.29.47:687][913]PIE: New page: PIE session: Brackeys2026Map (Aug 26, 2026, 6:29:47 AM)
[2026.08.26-20.29.47:687][913]LogPlayLevel: Creating play world package: /Game/Brackeys2026/Levels/UEDPIE_0_Brackeys2026Map
[2026.08.26-20.29.47:690][913]LogPlayLevel: PIE: StaticDuplicateObject took: (0.002772s)
[2026.08.26-20.29.47:691][913]LogAIModule: Creating AISystem for world Brackeys2026Map
[2026.08.26-20.29.47:691][913]LogPlayLevel: PIE: World Init took: (0.001185s)
[2026.08.26-20.29.47:691][913]LogPlayLevel: PIE: Created PIE world by copying editor world from /Game/Brackeys2026/Levels/Brackeys2026Map.Brackeys2026Map to /Game/Brackeys2026/Levels/UEDPIE_0_Brackeys2026Map.Brackeys2026Map (0.004102s)
[2026.08.26-20.29.47:728][913]LogUObjectHash: Compacting FUObjectHashTables data took   3.11ms
[2026.08.26-20.29.47:729][913]LogAudio: Display: Creating Audio Device:                 Id: 7, Scope: Unique, Realtime: True
[2026.08.26-20.29.47:729][913]LogAudioMixer: Display: Audio Mixer Platform Settings:
[2026.08.26-20.29.47:729][913]LogAudioMixer: Display: 	Sample Rate:						  48000
[2026.08.26-20.29.47:729][913]LogAudioMixer: Display: 	Callback Buffer Frame Size Requested: 1024
[2026.08.26-20.29.47:729][913]LogAudioMixer: Display: 	Callback Buffer Frame Size To Use:	  1024
[2026.08.26-20.29.47:729][913]LogAudioMixer: Display: 	Number of buffers to queue:			  2
[2026.08.26-20.29.47:729][913]LogAudioMixer: Display: 	Max Channels (voices):				  32
[2026.08.26-20.29.47:729][913]LogAudioMixer: Display: 	Number of Async Source Workers:		  0
[2026.08.26-20.29.47:729][913]LogAudio: Display: AudioDevice MaxSources: 32
[2026.08.26-20.29.47:730][913]LogAudio: Display: Audio Spatialization Plugin: None (built-in).
[2026.08.26-20.29.47:730][913]LogAudio: Display: Audio Reverb Plugin: None (built-in).
[2026.08.26-20.29.47:730][913]LogAudio: Display: Audio Occlusion Plugin: None (built-in).
[2026.08.26-20.29.47:730][913]LogAudioMixer: Display: Initializing audio mixer.
[2026.08.26-20.29.47:735][913]LogAudioMixer: Display: 0: FrontLeft
[2026.08.26-20.29.47:735][913]LogAudioMixer: Display: 1: FrontRight
[2026.08.26-20.29.47:746][913]LogAudioMixer: Display: Using Audio Device Realtek HD Audio 2nd output (Realtek(R) Audio)
[2026.08.26-20.29.47:747][913]LogAudioMixer: Display: Initializing Sound Submixes...
[2026.08.26-20.29.47:747][913]LogAudioMixer: Display: Creating Master Submix 'MasterSubmixDefault'
[2026.08.26-20.29.47:747][913]LogAudioMixer: Display: Creating Master Submix 'MasterReverbSubmixDefault'
[2026.08.26-20.29.47:747][913]LogAudioMixer: Display: Creating Master Submix 'MasterEQSubmixDefault'
[2026.08.26-20.29.47:747][913]LogAudioMixer: FMixerPlatformXAudio2::StartAudioStream() called
[2026.08.26-20.29.47:747][913]LogAudioMixer: Display: Output buffers initialized: Frames=1024, Channels=2, Samples=2048
[2026.08.26-20.29.47:749][913]LogAudioMixer: Display: Starting AudioMixerPlatformInterface::RunInternal()
[2026.08.26-20.29.47:749][913]LogAudioMixer: Display: FMixerPlatformXAudio2::SubmitBuffer() called for the first time
[2026.08.26-20.29.47:749][913]LogInit: FAudioDevice initialized.
[2026.08.26-20.29.47:749][913]LogAudio: Display: Audio Device (ID: 7) registered with world 'Brackeys2026Map'.
[2026.08.26-20.29.47:792][913]LogSlate: Updating window title bar state: overlay mode, drag disabled, window buttons hidden, title bar hidden
[2026.08.26-20.29.47:792][913]LogLoad: Game class is 'BrackeysGameMode_C'
[2026.08.26-20.29.47:794][913]LogWorld: Bringing World /Game/Brackeys2026/Levels/UEDPIE_0_Brackeys2026Map.Brackeys2026Map up for play (max tick rate 0) at 2026.08.26-13.29.47
[2026.08.26-20.29.47:794][913]LogWorld: Bringing up level for play took: 0.001071
[2026.08.26-20.29.47:794][913]LogOnline: OSS: Creating online subsystem instance for: :Context_17
[2026.08.26-20.29.47:801][913]PIE: Server logged in
[2026.08.26-20.29.47:802][913]PIE: Play in editor total start time 0.118 seconds.
[2026.08.26-20.29.49:867][149]LogSlate: Updating window title bar state: overlay mode, drag disabled, window buttons hidden, title bar hidden
[2026.08.26-20.29.49:867][149]LogWorld: BeginTearingDown for /Game/Brackeys2026/Levels/UEDPIE_0_Brackeys2026Map
[2026.08.26-20.29.49:867][149]LogSlate: Window 'BrackeysJam2026 Preview [NetMode: Standalone]  (64-bit/Windows) ' being destroyed
[2026.08.26-20.29.49:873][149]LogWorld: UWorld::CleanupWorld for Brackeys2026Map, bSessionEnded=true, bCleanupResources=true
[2026.08.26-20.29.49:873][149]LogSlate: InvalidateAllWidgets triggered.  All widgets were invalidated
[2026.08.26-20.29.49:880][149]LogPlayLevel: Display: Shutting down PIE online subsystems
[2026.08.26-20.29.49:887][149]LogSlate: InvalidateAllWidgets triggered.  All widgets were invalidated
[2026.08.26-20.29.49:919][149]LogAudio: Display: Audio Device unregistered from world 'None'.
[2026.08.26-20.29.49:919][149]LogAudioMixer: FMixerPlatformXAudio2::StopAudioStream() called
[2026.08.26-20.29.49:920][149]LogAudioMixer: FMixerPlatformXAudio2::StopAudioStream() called
[2026.08.26-20.29.49:926][149]LogUObjectHash: Compacting FUObjectHashTables data took   2.37ms
[2026.08.26-20.29.49:942][150]LogPlayLevel: Display: Destroying online subsystem :Context_17
[2026.08.26-20.29.52:002][329]LogTemp: Repeating last play command: Selected Viewport
[2026.08.26-20.29.52:012][329]BlueprintLog: New page: Pre-Play auto-recompile
[2026.08.26-20.29.52:014][329]LogPlayLevel: [PlayLevel] Compiling BP_UIPlayer before play...
[2026.08.26-20.29.52:131][329]LogUObjectHash: Compacting FUObjectHashTables data took   2.91ms
[2026.08.26-20.29.52:131][329]LogPlayLevel: PlayLevel: Blueprint regeneration took 119 ms (1 blueprints)
[2026.08.26-20.29.52:131][329]PIE: New page: PIE session: Brackeys2026Map (Aug 26, 2026, 6:29:52 AM)
[2026.08.26-20.29.52:132][329]LogPlayLevel: Creating play world package: /Game/Brackeys2026/Levels/UEDPIE_0_Brackeys2026Map
[2026.08.26-20.29.52:134][329]LogPlayLevel: PIE: StaticDuplicateObject took: (0.001661s)
[2026.08.26-20.29.52:135][329]LogAIModule: Creating AISystem for world Brackeys2026Map
[2026.08.26-20.29.52:136][329]LogPlayLevel: PIE: World Init took: (0.002135s)
[2026.08.26-20.29.52:136][329]LogPlayLevel: PIE: Created PIE world by copying editor world from /Game/Brackeys2026/Levels/Brackeys2026Map.Brackeys2026Map to /Game/Brackeys2026/Levels/UEDPIE_0_Brackeys2026Map.Brackeys2026Map (0.004158s)
[2026.08.26-20.29.52:170][329]LogUObjectHash: Compacting FUObjectHashTables data took   2.06ms
[2026.08.26-20.29.52:170][329]LogAudio: Display: Creating Audio Device:                 Id: 8, Scope: Unique, Realtime: True
[2026.08.26-20.29.52:170][329]LogAudioMixer: Display: Audio Mixer Platform Settings:
[2026.08.26-20.29.52:170][329]LogAudioMixer: Display: 	Sample Rate:						  48000
[2026.08.26-20.29.52:170][329]LogAudioMixer: Display: 	Callback Buffer Frame Size Requested: 1024
[2026.08.26-20.29.52:170][329]LogAudioMixer: Display: 	Callback Buffer Frame Size To Use:	  1024
[2026.08.26-20.29.52:170][329]LogAudioMixer: Display: 	Number of buffers to queue:			  2
[2026.08.26-20.29.52:170][329]LogAudioMixer: Display: 	Max Channels (voices):				  32
[2026.08.26-20.29.52:170][329]LogAudioMixer: Display: 	Number of Async Source Workers:		  0
[2026.08.26-20.29.52:170][329]LogAudio: Display: AudioDevice MaxSources: 32
[2026.08.26-20.29.52:171][329]LogAudio: Display: Audio Spatialization Plugin: None (built-in).
[2026.08.26-20.29.52:171][329]LogAudio: Display: Audio Reverb Plugin: None (built-in).
[2026.08.26-20.29.52:171][329]LogAudio: Display: Audio Occlusion Plugin: None (built-in).
[2026.08.26-20.29.52:171][329]LogAudioMixer: Display: Initializing audio mixer.
[2026.08.26-20.29.52:175][329]LogAudioMixer: Display: 0: FrontLeft
[2026.08.26-20.29.52:175][329]LogAudioMixer: Display: 1: FrontRight
[2026.08.26-20.29.52:188][329]LogAudioMixer: Display: Using Audio Device Realtek HD Audio 2nd output (Realtek(R) Audio)
[2026.08.26-20.29.52:188][329]LogAudioMixer: Display: Initializing Sound Submixes...
[2026.08.26-20.29.52:188][329]LogAudioMixer: Display: Creating Master Submix 'MasterSubmixDefault'
[2026.08.26-20.29.52:188][329]LogAudioMixer: Display: Creating Master Submix 'MasterReverbSubmixDefault'
[2026.08.26-20.29.52:188][329]LogAudioMixer: Display: Creating Master Submix 'MasterEQSubmixDefault'
[2026.08.26-20.29.52:188][329]LogAudioMixer: FMixerPlatformXAudio2::StartAudioStream() called
[2026.08.26-20.29.52:188][329]LogAudioMixer: Display: Output buffers initialized: Frames=1024, Channels=2, Samples=2048
[2026.08.26-20.29.52:190][329]LogAudioMixer: Display: Starting AudioMixerPlatformInterface::RunInternal()
[2026.08.26-20.29.52:190][329]LogAudioMixer: Display: FMixerPlatformXAudio2::SubmitBuffer() called for the first time
[2026.08.26-20.29.52:190][329]LogInit: FAudioDevice initialized.
[2026.08.26-20.29.52:190][329]LogAudio: Display: Audio Device (ID: 8) registered with world 'Brackeys2026Map'.
[2026.08.26-20.29.52:241][329]LogSlate: Updating window title bar state: overlay mode, drag disabled, window buttons hidden, title bar hidden
[2026.08.26-20.29.52:241][329]LogLoad: Game class is 'BrackeysGameMode_C'
[2026.08.26-20.29.52:243][329]LogWorld: Bringing World /Game/Brackeys2026/Levels/UEDPIE_0_Brackeys2026Map.Brackeys2026Map up for play (max tick rate 0) at 2026.08.26-13.29.52
[2026.08.26-20.29.52:243][329]LogWorld: Bringing up level for play took: 0.000697
[2026.08.26-20.29.52:244][329]LogOnline: OSS: Creating online subsystem instance for: :Context_18
[2026.08.26-20.29.52:250][329]PIE: Server logged in
[2026.08.26-20.29.52:251][329]PIE: Play in editor total start time 0.242 seconds.
[2026.08.26-20.29.54:457][580]LogSlate: Updating window title bar state: overlay mode, drag disabled, window buttons hidden, title bar hidden
[2026.08.26-20.29.54:457][580]LogWorld: BeginTearingDown for /Game/Brackeys2026/Levels/UEDPIE_0_Brackeys2026Map
[2026.08.26-20.29.54:457][580]LogSlate: Window 'BrackeysJam2026 Preview [NetMode: Standalone]  (64-bit/Windows) ' being destroyed
[2026.08.26-20.29.54:462][580]LogWorld: UWorld::CleanupWorld for Brackeys2026Map, bSessionEnded=true, bCleanupResources=true
[2026.08.26-20.29.54:462][580]LogSlate: InvalidateAllWidgets triggered.  All widgets were invalidated
[2026.08.26-20.29.54:473][580]LogPlayLevel: Display: Shutting down PIE online subsystems
[2026.08.26-20.29.54:478][580]LogSlate: InvalidateAllWidgets triggered.  All widgets were invalidated
[2026.08.26-20.29.54:509][580]LogAudioMixer: FMixerPlatformXAudio2::StopAudioStream() called
[2026.08.26-20.29.54:512][580]LogAudioMixer: FMixerPlatformXAudio2::StopAudioStream() called
[2026.08.26-20.29.54:516][580]LogUObjectHash: Compacting FUObjectHashTables data took   2.08ms
[2026.08.26-20.29.54:537][581]LogPlayLevel: Display: Destroying online subsystem :Context_18
[2026.08.26-20.29.58:593][884]LogTemp: Repeating last play command: Selected Viewport
[2026.08.26-20.29.58:602][884]BlueprintLog: New page: Pre-Play auto-recompile
[2026.08.26-20.29.58:605][884]LogPlayLevel: [PlayLevel] Compiling BP_UIPlayer before play...
[2026.08.26-20.29.58:752][884]LogUObjectHash: Compacting FUObjectHashTables data took   3.01ms
[2026.08.26-20.29.58:752][884]LogPlayLevel: PlayLevel: Blueprint regeneration took 149 ms (1 blueprints)
[2026.08.26-20.29.58:752][884]PIE: New page: PIE session: Brackeys2026Map (Aug 26, 2026, 6:29:58 AM)
[2026.08.26-20.29.58:752][884]LogPlayLevel: Creating play world package: /Game/Brackeys2026/Levels/UEDPIE_0_Brackeys2026Map
[2026.08.26-20.29.58:754][884]LogPlayLevel: PIE: StaticDuplicateObject took: (0.002107s)
[2026.08.26-20.29.58:756][884]LogAIModule: Creating AISystem for world Brackeys2026Map
[2026.08.26-20.29.58:758][884]LogPlayLevel: PIE: World Init took: (0.002827s)
[2026.08.26-20.29.58:758][884]LogPlayLevel: PIE: Created PIE world by copying editor world from /Game/Brackeys2026/Levels/Brackeys2026Map.Brackeys2026Map to /Game/Brackeys2026/Levels/UEDPIE_0_Brackeys2026Map.Brackeys2026Map (0.005053s)
[2026.08.26-20.29.58:797][884]LogUObjectHash: Compacting FUObjectHashTables data took   2.72ms
[2026.08.26-20.29.58:797][884]LogAudio: Display: Creating Audio Device:                 Id: 9, Scope: Unique, Realtime: True
[2026.08.26-20.29.58:797][884]LogAudioMixer: Display: Audio Mixer Platform Settings:
[2026.08.26-20.29.58:797][884]LogAudioMixer: Display: 	Sample Rate:						  48000
[2026.08.26-20.29.58:797][884]LogAudioMixer: Display: 	Callback Buffer Frame Size Requested: 1024
[2026.08.26-20.29.58:797][884]LogAudioMixer: Display: 	Callback Buffer Frame Size To Use:	  1024
[2026.08.26-20.29.58:797][884]LogAudioMixer: Display: 	Number of buffers to queue:			  2
[2026.08.26-20.29.58:797][884]LogAudioMixer: Display: 	Max Channels (voices):				  32
[2026.08.26-20.29.58:797][884]LogAudioMixer: Display: 	Number of Async Source Workers:		  0
[2026.08.26-20.29.58:797][884]LogAudio: Display: AudioDevice MaxSources: 32
[2026.08.26-20.29.58:797][884]LogAudio: Display: Audio Spatialization Plugin: None (built-in).
[2026.08.26-20.29.58:797][884]LogAudio: Display: Audio Reverb Plugin: None (built-in).
[2026.08.26-20.29.58:797][884]LogAudio: Display: Audio Occlusion Plugin: None (built-in).
[2026.08.26-20.29.58:798][884]LogAudioMixer: Display: Initializing audio mixer.
[2026.08.26-20.29.58:802][884]LogAudioMixer: Display: 0: FrontLeft
[2026.08.26-20.29.58:802][884]LogAudioMixer: Display: 1: FrontRight
[2026.08.26-20.29.58:814][884]LogAudioMixer: Display: Using Audio Device Realtek HD Audio 2nd output (Realtek(R) Audio)
[2026.08.26-20.29.58:816][884]LogAudioMixer: Display: Initializing Sound Submixes...
[2026.08.26-20.29.58:816][884]LogAudioMixer: Display: Creating Master Submix 'MasterSubmixDefault'
[2026.08.26-20.29.58:816][884]LogAudioMixer: Display: Creating Master Submix 'MasterReverbSubmixDefault'
[2026.08.26-20.29.58:816][884]LogAudioMixer: Display: Creating Master Submix 'MasterEQSubmixDefault'
[2026.08.26-20.29.58:816][884]LogAudioMixer: FMixerPlatformXAudio2::StartAudioStream() called
[2026.08.26-20.29.58:816][884]LogAudioMixer: Display: Output buffers initialized: Frames=1024, Channels=2, Samples=2048
[2026.08.26-20.29.58:818][884]LogAudioMixer: Display: Starting AudioMixerPlatformInterface::RunInternal()
[2026.08.26-20.29.58:818][884]LogAudioMixer: Display: FMixerPlatformXAudio2::SubmitBuffer() called for the first time
[2026.08.26-20.29.58:818][884]LogInit: FAudioDevice initialized.
[2026.08.26-20.29.58:818][884]LogAudio: Display: Audio Device (ID: 9) registered with world 'Brackeys2026Map'.
[2026.08.26-20.29.58:858][884]LogSlate: Updating window title bar state: overlay mode, drag disabled, window buttons hidden, title bar hidden
[2026.08.26-20.29.58:860][884]LogLoad: Game class is 'BrackeysGameMode_C'
[2026.08.26-20.29.58:861][884]LogWorld: Bringing World /Game/Brackeys2026/Levels/UEDPIE_0_Brackeys2026Map.Brackeys2026Map up for play (max tick rate 0) at 2026.08.26-13.29.58
[2026.08.26-20.29.58:861][884]LogWorld: Bringing up level for play took: 0.000979
[2026.08.26-20.29.58:861][884]LogOnline: OSS: Creating online subsystem instance for: :Context_19
[2026.08.26-20.29.58:868][884]PIE: Server logged in
[2026.08.26-20.29.58:869][884]PIE: Play in editor total start time 0.269 seconds.
[2026.08.26-20.30.03:217][395]LogSlate: Updating window title bar state: overlay mode, drag disabled, window buttons hidden, title bar hidden
[2026.08.26-20.30.03:217][395]LogWorld: BeginTearingDown for /Game/Brackeys2026/Levels/UEDPIE_0_Brackeys2026Map
[2026.08.26-20.30.03:217][395]LogSlate: Window 'BrackeysJam2026 Preview [NetMode: Standalone]  (64-bit/Windows) ' being destroyed
[2026.08.26-20.30.03:223][395]LogWorld: UWorld::CleanupWorld for Brackeys2026Map, bSessionEnded=true, bCleanupResources=true
[2026.08.26-20.30.03:223][395]LogSlate: InvalidateAllWidgets triggered.  All widgets were invalidated
[2026.08.26-20.30.03:234][395]LogPlayLevel: Display: Shutting down PIE online subsystems
[2026.08.26-20.30.03:239][395]LogSlate: InvalidateAllWidgets triggered.  All widgets were invalidated
[2026.08.26-20.30.03:273][395]LogAudioMixer: FMixerPlatformXAudio2::StopAudioStream() called
[2026.08.26-20.30.03:274][395]LogAudioMixer: FMixerPlatformXAudio2::StopAudioStream() called
[2026.08.26-20.30.03:280][395]LogUObjectHash: Compacting FUObjectHashTables data took   2.15ms
[2026.08.26-20.30.03:300][396]LogPlayLevel: Display: Destroying online subsystem :Context_19
[2026.08.26-20.30.16:165][829]LogTemp: Repeating last play command: Selected Viewport
[2026.08.26-20.30.16:175][829]BlueprintLog: New page: Pre-Play auto-recompile
[2026.08.26-20.30.16:177][829]LogPlayLevel: [PlayLevel] Compiling BP_UIPlayer before play...
[2026.08.26-20.30.16:278][829]LogUObjectHash: Compacting FUObjectHashTables data took   2.65ms
[2026.08.26-20.30.16:278][829]LogPlayLevel: PlayLevel: Blueprint regeneration took 102 ms (1 blueprints)
[2026.08.26-20.30.16:278][829]PIE: New page: PIE session: Brackeys2026Map (Aug 26, 2026, 6:30:16 AM)
[2026.08.26-20.30.16:278][829]LogPlayLevel: Creating play world package: /Game/Brackeys2026/Levels/UEDPIE_0_Brackeys2026Map
[2026.08.26-20.30.16:280][829]LogPlayLevel: PIE: StaticDuplicateObject took: (0.001762s)
[2026.08.26-20.30.16:280][829]LogAIModule: Creating AISystem for world Brackeys2026Map
[2026.08.26-20.30.16:281][829]LogPlayLevel: PIE: World Init took: (0.001195s)
[2026.08.26-20.30.16:281][829]LogPlayLevel: PIE: Created PIE world by copying editor world from /Game/Brackeys2026/Levels/Brackeys2026Map.Brackeys2026Map to /Game/Brackeys2026/Levels/UEDPIE_0_Brackeys2026Map.Brackeys2026Map (0.003306s)
[2026.08.26-20.30.16:318][829]LogUObjectHash: Compacting FUObjectHashTables data took   2.38ms
[2026.08.26-20.30.16:318][829]LogAudio: Display: Creating Audio Device:                 Id: 10, Scope: Unique, Realtime: True
[2026.08.26-20.30.16:318][829]LogAudioMixer: Display: Audio Mixer Platform Settings:
[2026.08.26-20.30.16:318][829]LogAudioMixer: Display: 	Sample Rate:						  48000
[2026.08.26-20.30.16:318][829]LogAudioMixer: Display: 	Callback Buffer Frame Size Requested: 1024
[2026.08.26-20.30.16:318][829]LogAudioMixer: Display: 	Callback Buffer Frame Size To Use:	  1024
[2026.08.26-20.30.16:318][829]LogAudioMixer: Display: 	Number of buffers to queue:			  2
[2026.08.26-20.30.16:318][829]LogAudioMixer: Display: 	Max Channels (voices):				  32
[2026.08.26-20.30.16:318][829]LogAudioMixer: Display: 	Number of Async Source Workers:		  0
[2026.08.26-20.30.16:318][829]LogAudio: Display: AudioDevice MaxSources: 32
[2026.08.26-20.30.16:318][829]LogAudio: Display: Audio Spatialization Plugin: None (built-in).
[2026.08.26-20.30.16:318][829]LogAudio: Display: Audio Reverb Plugin: None (built-in).
[2026.08.26-20.30.16:318][829]LogAudio: Display: Audio Occlusion Plugin: None (built-in).
[2026.08.26-20.30.16:318][829]LogAudioMixer: Display: Initializing audio mixer.
[2026.08.26-20.30.16:324][829]LogAudioMixer: Display: 0: FrontLeft
[2026.08.26-20.30.16:324][829]LogAudioMixer: Display: 1: FrontRight
[2026.08.26-20.30.16:335][829]LogAudioMixer: Display: Using Audio Device Realtek HD Audio 2nd output (Realtek(R) Audio)
[2026.08.26-20.30.16:335][829]LogAudioMixer: Display: Initializing Sound Submixes...
[2026.08.26-20.30.16:335][829]LogAudioMixer: Display: Creating Master Submix 'MasterSubmixDefault'
[2026.08.26-20.30.16:335][829]LogAudioMixer: Display: Creating Master Submix 'MasterReverbSubmixDefault'
[2026.08.26-20.30.16:335][829]LogAudioMixer: Display: Creating Master Submix 'MasterEQSubmixDefault'
[2026.08.26-20.30.16:335][829]LogAudioMixer: FMixerPlatformXAudio2::StartAudioStream() called
[2026.08.26-20.30.16:335][829]LogAudioMixer: Display: Output buffers initialized: Frames=1024, Channels=2, Samples=2048
[2026.08.26-20.30.16:337][829]LogAudioMixer: Display: Starting AudioMixerPlatformInterface::RunInternal()
[2026.08.26-20.30.16:337][829]LogAudioMixer: Display: FMixerPlatformXAudio2::SubmitBuffer() called for the first time
[2026.08.26-20.30.16:337][829]LogInit: FAudioDevice initialized.
[2026.08.26-20.30.16:337][829]LogAudio: Display: Audio Device (ID: 10) registered with world 'Brackeys2026Map'.
[2026.08.26-20.30.16:392][829]LogSlate: Updating window title bar state: overlay mode, drag disabled, window buttons hidden, title bar hidden
[2026.08.26-20.30.16:392][829]LogLoad: Game class is 'BrackeysGameMode_C'
[2026.08.26-20.30.16:393][829]LogWorld: Bringing World /Game/Brackeys2026/Levels/UEDPIE_0_Brackeys2026Map.Brackeys2026Map up for play (max tick rate 0) at 2026.08.26-13.30.16
[2026.08.26-20.30.16:393][829]LogWorld: Bringing up level for play took: 0.000612
[2026.08.26-20.30.16:393][829]LogOnline: OSS: Creating online subsystem instance for: :Context_20
[2026.08.26-20.30.16:400][829]PIE: Server logged in
[2026.08.26-20.30.16:401][829]PIE: Play in editor total start time 0.229 seconds.
[2026.08.26-20.30.19:968][247]LogSlate: Updating window title bar state: overlay mode, drag disabled, window buttons hidden, title bar hidden
[2026.08.26-20.30.19:968][247]LogWorld: BeginTearingDown for /Game/Brackeys2026/Levels/UEDPIE_0_Brackeys2026Map
[2026.08.26-20.30.19:968][247]LogSlate: Window 'BrackeysJam2026 Preview [NetMode: Standalone]  (64-bit/Windows) ' being destroyed
[2026.08.26-20.30.19:975][247]LogWorld: UWorld::CleanupWorld for Brackeys2026Map, bSessionEnded=true, bCleanupResources=true
[2026.08.26-20.30.19:975][247]LogSlate: InvalidateAllWidgets triggered.  All widgets were invalidated
[2026.08.26-20.30.19:983][247]LogPlayLevel: Display: Shutting down PIE online subsystems
[2026.08.26-20.30.19:989][247]LogSlate: InvalidateAllWidgets triggered.  All widgets were invalidated
[2026.08.26-20.30.20:021][247]LogAudioMixer: FMixerPlatformXAudio2::StopAudioStream() called
[2026.08.26-20.30.20:022][247]LogAudioMixer: FMixerPlatformXAudio2::StopAudioStream() called
[2026.08.26-20.30.20:028][247]LogUObjectHash: Compacting FUObjectHashTables data took   2.11ms
[2026.08.26-20.30.20:048][248]LogPlayLevel: Display: Destroying online subsystem :Context_20
[2026.08.26-20.30.56:494][396]LogSlate: Window 'Color Picker' being destroyed
[2026.08.26-20.30.57:209][479]LogTemp: Repeating last play command: Selected Viewport
[2026.08.26-20.30.57:219][479]BlueprintLog: New page: Pre-Play auto-recompile
[2026.08.26-20.30.57:221][479]LogPlayLevel: [PlayLevel] Compiling BP_UIPlayer before play...
[2026.08.26-20.30.57:345][479]LogUObjectHash: Compacting FUObjectHashTables data took   2.74ms
[2026.08.26-20.30.57:346][479]LogPlayLevel: PlayLevel: Blueprint regeneration took 126 ms (1 blueprints)
[2026.08.26-20.30.57:346][479]PIE: New page: PIE session: Brackeys2026Map (Aug 26, 2026, 6:30:57 AM)
[2026.08.26-20.30.57:346][479]LogPlayLevel: Creating play world package: /Game/Brackeys2026/Levels/UEDPIE_0_Brackeys2026Map
[2026.08.26-20.30.57:348][479]LogPlayLevel: PIE: StaticDuplicateObject took: (0.001833s)
[2026.08.26-20.30.57:349][479]LogAIModule: Creating AISystem for world Brackeys2026Map
[2026.08.26-20.30.57:349][479]LogPlayLevel: PIE: World Init took: (0.001474s)
[2026.08.26-20.30.57:350][479]LogPlayLevel: PIE: Created PIE world by copying editor world from /Game/Brackeys2026/Levels/Brackeys2026Map.Brackeys2026Map to /Game/Brackeys2026/Levels/UEDPIE_0_Brackeys2026Map.Brackeys2026Map (0.003580s)
[2026.08.26-20.30.57:384][479]LogUObjectHash: Compacting FUObjectHashTables data took   2.39ms
[2026.08.26-20.30.57:384][479]LogAudio: Display: Creating Audio Device:                 Id: 11, Scope: Unique, Realtime: True
[2026.08.26-20.30.57:384][479]LogAudioMixer: Display: Audio Mixer Platform Settings:
[2026.08.26-20.30.57:384][479]LogAudioMixer: Display: 	Sample Rate:						  48000
[2026.08.26-20.30.57:384][479]LogAudioMixer: Display: 	Callback Buffer Frame Size Requested: 1024
[2026.08.26-20.30.57:384][479]LogAudioMixer: Display: 	Callback Buffer Frame Size To Use:	  1024
[2026.08.26-20.30.57:384][479]LogAudioMixer: Display: 	Number of buffers to queue:			  2
[2026.08.26-20.30.57:384][479]LogAudioMixer: Display: 	Max Channels (voices):				  32
[2026.08.26-20.30.57:384][479]LogAudioMixer: Display: 	Number of Async Source Workers:		  0
[2026.08.26-20.30.57:384][479]LogAudio: Display: AudioDevice MaxSources: 32
[2026.08.26-20.30.57:385][479]LogAudio: Display: Audio Spatialization Plugin: None (built-in).
[2026.08.26-20.30.57:385][479]LogAudio: Display: Audio Reverb Plugin: None (built-in).
[2026.08.26-20.30.57:385][479]LogAudio: Display: Audio Occlusion Plugin: None (built-in).
[2026.08.26-20.30.57:385][479]LogAudioMixer: Display: Initializing audio mixer.
[2026.08.26-20.30.57:389][479]LogAudioMixer: Display: 0: FrontLeft
[2026.08.26-20.30.57:389][479]LogAudioMixer: Display: 1: FrontRight
[2026.08.26-20.30.57:402][479]LogAudioMixer: Display: Using Audio Device Realtek HD Audio 2nd output (Realtek(R) Audio)
[2026.08.26-20.30.57:402][479]LogAudioMixer: Display: Initializing Sound Submixes...
[2026.08.26-20.30.57:402][479]LogAudioMixer: Display: Creating Master Submix 'MasterSubmixDefault'
[2026.08.26-20.30.57:402][479]LogAudioMixer: Display: Creating Master Submix 'MasterReverbSubmixDefault'
[2026.08.26-20.30.57:402][479]LogAudioMixer: Display: Creating Master Submix 'MasterEQSubmixDefault'
[2026.08.26-20.30.57:402][479]LogAudioMixer: FMixerPlatformXAudio2::StartAudioStream() called
[2026.08.26-20.30.57:402][479]LogAudioMixer: Display: Output buffers initialized: Frames=1024, Channels=2, Samples=2048
[2026.08.26-20.30.57:403][479]LogAudioMixer: Display: Starting AudioMixerPlatformInterface::RunInternal()
[2026.08.26-20.30.57:403][479]LogAudioMixer: Display: FMixerPlatformXAudio2::SubmitBuffer() called for the first time
[2026.08.26-20.30.57:404][479]LogInit: FAudioDevice initialized.
[2026.08.26-20.30.57:404][479]LogAudio: Display: Audio Device (ID: 11) registered with world 'Brackeys2026Map'.
[2026.08.26-20.30.57:458][479]LogSlate: Updating window title bar state: overlay mode, drag disabled, window buttons hidden, title bar hidden
[2026.08.26-20.30.57:459][479]LogLoad: Game class is 'BrackeysGameMode_C'
[2026.08.26-20.30.57:459][479]LogWorld: Bringing World /Game/Brackeys2026/Levels/UEDPIE_0_Brackeys2026Map.Brackeys2026Map up for play (max tick rate 0) at 2026.08.26-13.30.57
[2026.08.26-20.30.57:459][479]LogWorld: Bringing up level for play took: 0.000645
[2026.08.26-20.30.57:460][479]LogOnline: OSS: Creating online subsystem instance for: :Context_21
[2026.08.26-20.30.57:466][479]PIE: Server logged in
[2026.08.26-20.30.57:466][479]PIE: Play in editor total start time 0.25 seconds.
[2026.08.26-20.30.58:737][619]LogSlate: Updating window title bar state: overlay mode, drag disabled, window buttons hidden, title bar hidden
[2026.08.26-20.30.58:737][619]LogWorld: BeginTearingDown for /Game/Brackeys2026/Levels/UEDPIE_0_Brackeys2026Map
[2026.08.26-20.30.58:737][619]LogSlate: Window 'BrackeysJam2026 Preview [NetMode: Standalone]  (64-bit/Windows) ' being destroyed
[2026.08.26-20.30.58:741][619]LogWorld: UWorld::CleanupWorld for Brackeys2026Map, bSessionEnded=true, bCleanupResources=true
[2026.08.26-20.30.58:742][619]LogSlate: InvalidateAllWidgets triggered.  All widgets were invalidated
[2026.08.26-20.30.58:753][619]LogPlayLevel: Display: Shutting down PIE online subsystems
[2026.08.26-20.30.58:759][619]LogSlate: InvalidateAllWidgets triggered.  All widgets were invalidated
[2026.08.26-20.30.58:792][619]LogAudioMixer: FMixerPlatformXAudio2::StopAudioStream() called
[2026.08.26-20.30.58:793][619]LogAudioMixer: FMixerPlatformXAudio2::StopAudioStream() called
[2026.08.26-20.30.58:800][619]LogUObjectHash: Compacting FUObjectHashTables data took   2.65ms
[2026.08.26-20.30.58:821][620]LogPlayLevel: Display: Destroying online subsystem :Context_21
[2026.08.26-20.31.05:210][351]LogSlate: Window 'Color Picker' being destroyed
[2026.08.26-20.31.21:310][229]LogTemp: Repeating last play command: Selected Viewport
[2026.08.26-20.31.21:319][229]BlueprintLog: New page: Pre-Play auto-recompile
[2026.08.26-20.31.21:322][229]LogPlayLevel: [PlayLevel] Compiling BP_UIPlayer before play...
[2026.08.26-20.31.21:455][229]LogUObjectHash: Compacting FUObjectHashTables data took   2.82ms
[2026.08.26-20.31.21:455][229]LogPlayLevel: PlayLevel: Blueprint regeneration took 136 ms (1 blueprints)
[2026.08.26-20.31.21:455][229]PIE: New page: PIE session: Brackeys2026Map (Aug 26, 2026, 6:31:21 AM)
[2026.08.26-20.31.21:455][229]LogPlayLevel: Creating play world package: /Game/Brackeys2026/Levels/UEDPIE_0_Brackeys2026Map
[2026.08.26-20.31.21:457][229]LogPlayLevel: PIE: StaticDuplicateObject took: (0.001888s)
[2026.08.26-20.31.21:459][229]LogAIModule: Creating AISystem for world Brackeys2026Map
[2026.08.26-20.31.21:460][229]LogPlayLevel: PIE: World Init took: (0.002477s)
[2026.08.26-20.31.21:460][229]LogPlayLevel: PIE: Created PIE world by copying editor world from /Game/Brackeys2026/Levels/Brackeys2026Map.Brackeys2026Map to /Game/Brackeys2026/Levels/UEDPIE_0_Brackeys2026Map.Brackeys2026Map (0.004683s)
[2026.08.26-20.31.21:494][229]LogUObjectHash: Compacting FUObjectHashTables data took   2.40ms
[2026.08.26-20.31.21:494][229]LogAudio: Display: Creating Audio Device:                 Id: 12, Scope: Unique, Realtime: True
[2026.08.26-20.31.21:495][229]LogAudioMixer: Display: Audio Mixer Platform Settings:
[2026.08.26-20.31.21:495][229]LogAudioMixer: Display: 	Sample Rate:						  48000
[2026.08.26-20.31.21:495][229]LogAudioMixer: Display: 	Callback Buffer Frame Size Requested: 1024
[2026.08.26-20.31.21:495][229]LogAudioMixer: Display: 	Callback Buffer Frame Size To Use:	  1024
[2026.08.26-20.31.21:495][229]LogAudioMixer: Display: 	Number of buffers to queue:			  2
[2026.08.26-20.31.21:495][229]LogAudioMixer: Display: 	Max Channels (voices):				  32
[2026.08.26-20.31.21:495][229]LogAudioMixer: Display: 	Number of Async Source Workers:		  0
[2026.08.26-20.31.21:495][229]LogAudio: Display: AudioDevice MaxSources: 32
[2026.08.26-20.31.21:495][229]LogAudio: Display: Audio Spatialization Plugin: None (built-in).
[2026.08.26-20.31.21:495][229]LogAudio: Display: Audio Reverb Plugin: None (built-in).
[2026.08.26-20.31.21:495][229]LogAudio: Display: Audio Occlusion Plugin: None (built-in).
[2026.08.26-20.31.21:495][229]LogAudioMixer: Display: Initializing audio mixer.
[2026.08.26-20.31.21:500][229]LogAudioMixer: Display: 0: FrontLeft
[2026.08.26-20.31.21:500][229]LogAudioMixer: Display: 1: FrontRight
[2026.08.26-20.31.21:512][229]LogAudioMixer: Display: Using Audio Device Realtek HD Audio 2nd output (Realtek(R) Audio)
[2026.08.26-20.31.21:514][229]LogAudioMixer: Display: Initializing Sound Submixes...
[2026.08.26-20.31.21:514][229]LogAudioMixer: Display: Creating Master Submix 'MasterSubmixDefault'
[2026.08.26-20.31.21:514][229]LogAudioMixer: Display: Creating Master Submix 'MasterReverbSubmixDefault'
[2026.08.26-20.31.21:514][229]LogAudioMixer: Display: Creating Master Submix 'MasterEQSubmixDefault'
[2026.08.26-20.31.21:514][229]LogAudioMixer: FMixerPlatformXAudio2::StartAudioStream() called
[2026.08.26-20.31.21:514][229]LogAudioMixer: Display: Output buffers initialized: Frames=1024, Channels=2, Samples=2048
[2026.08.26-20.31.21:515][229]LogAudioMixer: Display: Starting AudioMixerPlatformInterface::RunInternal()
[2026.08.26-20.31.21:515][229]LogAudioMixer: Display: FMixerPlatformXAudio2::SubmitBuffer() called for the first time
[2026.08.26-20.31.21:515][229]LogInit: FAudioDevice initialized.
[2026.08.26-20.31.21:515][229]LogAudio: Display: Audio Device (ID: 12) registered with world 'Brackeys2026Map'.
[2026.08.26-20.31.21:559][229]LogSlate: Updating window title bar state: overlay mode, drag disabled, window buttons hidden, title bar hidden
[2026.08.26-20.31.21:559][229]LogLoad: Game class is 'BrackeysGameMode_C'
[2026.08.26-20.31.21:561][229]LogWorld: Bringing World /Game/Brackeys2026/Levels/UEDPIE_0_Brackeys2026Map.Brackeys2026Map up for play (max tick rate 0) at 2026.08.26-13.31.21
[2026.08.26-20.31.21:561][229]LogWorld: Bringing up level for play took: 0.001105
[2026.08.26-20.31.21:562][229]LogOnline: OSS: Creating online subsystem instance for: :Context_22
[2026.08.26-20.31.21:568][229]PIE: Server logged in
[2026.08.26-20.31.21:568][229]PIE: Play in editor total start time 0.252 seconds.
[2026.08.26-20.31.23:097][400]LogSlate: Updating window title bar state: overlay mode, drag disabled, window buttons hidden, title bar hidden
[2026.08.26-20.31.23:098][400]LogWorld: BeginTearingDown for /Game/Brackeys2026/Levels/UEDPIE_0_Brackeys2026Map
[2026.08.26-20.31.23:098][400]LogSlate: Window 'BrackeysJam2026 Preview [NetMode: Standalone]  (64-bit/Windows) ' being destroyed
[2026.08.26-20.31.23:102][400]LogWorld: UWorld::CleanupWorld for Brackeys2026Map, bSessionEnded=true, bCleanupResources=true
[2026.08.26-20.31.23:102][400]LogSlate: InvalidateAllWidgets triggered.  All widgets were invalidated
[2026.08.26-20.31.23:110][400]LogPlayLevel: Display: Shutting down PIE online subsystems
[2026.08.26-20.31.23:115][400]LogSlate: InvalidateAllWidgets triggered.  All widgets were invalidated
[2026.08.26-20.31.23:147][400]LogAudioMixer: FMixerPlatformXAudio2::StopAudioStream() called
[2026.08.26-20.31.23:148][400]LogAudioMixer: FMixerPlatformXAudio2::StopAudioStream() called
[2026.08.26-20.31.23:153][400]LogUObjectHash: Compacting FUObjectHashTables data took   2.10ms
[2026.08.26-20.31.23:173][401]LogPlayLevel: Display: Destroying online subsystem :Context_22
[2026.08.26-20.31.24:134][512]LogTemp: Repeating last play command: Selected Viewport
[2026.08.26-20.31.24:144][512]LogPlayLevel: PlayLevel: No blueprints needed recompiling
[2026.08.26-20.31.24:144][512]PIE: New page: PIE session: Brackeys2026Map (Aug 26, 2026, 6:31:24 AM)
[2026.08.26-20.31.24:144][512]LogPlayLevel: Creating play world package: /Game/Brackeys2026/Levels/UEDPIE_0_Brackeys2026Map
[2026.08.26-20.31.24:147][512]LogPlayLevel: PIE: StaticDuplicateObject took: (0.002795s)
[2026.08.26-20.31.24:147][512]LogAIModule: Creating AISystem for world Brackeys2026Map
[2026.08.26-20.31.24:148][512]LogPlayLevel: PIE: World Init took: (0.000779s)
[2026.08.26-20.31.24:148][512]LogPlayLevel: PIE: Created PIE world by copying editor world from /Game/Brackeys2026/Levels/Brackeys2026Map.Brackeys2026Map to /Game/Brackeys2026/Levels/UEDPIE_0_Brackeys2026Map.Brackeys2026Map (0.003708s)
[2026.08.26-20.31.24:184][512]LogUObjectHash: Compacting FUObjectHashTables data took   2.38ms
[2026.08.26-20.31.24:184][512]LogAudio: Display: Creating Audio Device:                 Id: 13, Scope: Unique, Realtime: True
[2026.08.26-20.31.24:184][512]LogAudioMixer: Display: Audio Mixer Platform Settings:
[2026.08.26-20.31.24:185][512]LogAudioMixer: Display: 	Sample Rate:						  48000
[2026.08.26-20.31.24:185][512]LogAudioMixer: Display: 	Callback Buffer Frame Size Requested: 1024
[2026.08.26-20.31.24:185][512]LogAudioMixer: Display: 	Callback Buffer Frame Size To Use:	  1024
[2026.08.26-20.31.24:185][512]LogAudioMixer: Display: 	Number of buffers to queue:			  2
[2026.08.26-20.31.24:185][512]LogAudioMixer: Display: 	Max Channels (voices):				  32
[2026.08.26-20.31.24:185][512]LogAudioMixer: Display: 	Number of Async Source Workers:		  0
[2026.08.26-20.31.24:185][512]LogAudio: Display: AudioDevice MaxSources: 32
[2026.08.26-20.31.24:185][512]LogAudio: Display: Audio Spatialization Plugin: None (built-in).
[2026.08.26-20.31.24:185][512]LogAudio: Display: Audio Reverb Plugin: None (built-in).
[2026.08.26-20.31.24:185][512]LogAudio: Display: Audio Occlusion Plugin: None (built-in).
[2026.08.26-20.31.24:185][512]LogAudioMixer: Display: Initializing audio mixer.
[2026.08.26-20.31.24:191][512]LogAudioMixer: Display: 0: FrontLeft
[2026.08.26-20.31.24:191][512]LogAudioMixer: Display: 1: FrontRight
[2026.08.26-20.31.24:201][512]LogAudioMixer: Display: Using Audio Device Realtek HD Audio 2nd output (Realtek(R) Audio)
[2026.08.26-20.31.24:203][512]LogAudioMixer: Display: Initializing Sound Submixes...
[2026.08.26-20.31.24:203][512]LogAudioMixer: Display: Creating Master Submix 'MasterSubmixDefault'
[2026.08.26-20.31.24:203][512]LogAudioMixer: Display: Creating Master Submix 'MasterReverbSubmixDefault'
[2026.08.26-20.31.24:203][512]LogAudioMixer: Display: Creating Master Submix 'MasterEQSubmixDefault'
[2026.08.26-20.31.24:203][512]LogAudioMixer: FMixerPlatformXAudio2::StartAudioStream() called
[2026.08.26-20.31.24:203][512]LogAudioMixer: Display: Output buffers initialized: Frames=1024, Channels=2, Samples=2048
[2026.08.26-20.31.24:204][512]LogAudioMixer: Display: Starting AudioMixerPlatformInterface::RunInternal()
[2026.08.26-20.31.24:204][512]LogAudioMixer: Display: FMixerPlatformXAudio2::SubmitBuffer() called for the first time
[2026.08.26-20.31.24:204][512]LogInit: FAudioDevice initialized.
[2026.08.26-20.31.24:204][512]LogAudio: Display: Audio Device (ID: 13) registered with world 'Brackeys2026Map'.
[2026.08.26-20.31.24:241][512]LogSlate: Updating window title bar state: overlay mode, drag disabled, window buttons hidden, title bar hidden
[2026.08.26-20.31.24:241][512]LogLoad: Game class is 'BrackeysGameMode_C'
[2026.08.26-20.31.24:242][512]LogWorld: Bringing World /Game/Brackeys2026/Levels/UEDPIE_0_Brackeys2026Map.Brackeys2026Map up for play (max tick rate 0) at 2026.08.26-13.31.24
[2026.08.26-20.31.24:242][512]LogWorld: Bringing up level for play took: 0.000650
[2026.08.26-20.31.24:242][512]LogOnline: OSS: Creating online subsystem instance for: :Context_23
[2026.08.26-20.31.24:248][512]PIE: Server logged in
[2026.08.26-20.31.24:249][512]PIE: Play in editor total start time 0.108 seconds.
[2026.08.26-20.31.24:637][552]LogSlate: Updating window title bar state: overlay mode, drag disabled, window buttons hidden, title bar hidden
[2026.08.26-20.31.24:637][552]LogWorld: BeginTearingDown for /Game/Brackeys2026/Levels/UEDPIE_0_Brackeys2026Map
[2026.08.26-20.31.24:637][552]LogSlate: Window 'BrackeysJam2026 Preview [NetMode: Standalone]  (64-bit/Windows) ' being destroyed
[2026.08.26-20.31.24:641][552]LogWorld: UWorld::CleanupWorld for Brackeys2026Map, bSessionEnded=true, bCleanupResources=true
[2026.08.26-20.31.24:642][552]LogSlate: InvalidateAllWidgets triggered.  All widgets were invalidated
[2026.08.26-20.31.24:649][552]LogPlayLevel: Display: Shutting down PIE online subsystems
[2026.08.26-20.31.24:656][552]LogSlate: InvalidateAllWidgets triggered.  All widgets were invalidated
[2026.08.26-20.31.24:688][552]LogAudioMixer: FMixerPlatformXAudio2::StopAudioStream() called
[2026.08.26-20.31.24:690][552]LogAudioMixer: FMixerPlatformXAudio2::StopAudioStream() called
[2026.08.26-20.31.24:696][552]LogUObjectHash: Compacting FUObjectHashTables data took   2.11ms
[2026.08.26-20.31.24:710][553]LogPlayLevel: Display: Destroying online subsystem :Context_23
[2026.08.26-20.31.33:486][534]BlueprintLog: New page: Compile BP_Player
[2026.08.26-20.31.33:556][534]LogUObjectHash: Compacting FUObjectHashTables data took   2.42ms
[2026.08.26-20.31.34:019][567]LogSavePackage: Moving 'E:/_Alex's Data/Unreal Engine/Unreal Projects/Brackeys2026/Brackeys-2026/BrackeysJam2026/Saved/BP_PlayerB8A017D54003B37B5FF2E48F551D9875.tmp' to 'E:/_Alex's Data/Unreal Engine/Unreal Projects/Brackeys2026/Brackeys-2026/BrackeysJam2026/Content/Brackeys2026/Characters/Player/BP_Player.uasset'
[2026.08.26-20.31.34:043][567]AssetCheck: New page: Asset Save: BP_Player
[2026.08.26-20.31.34:043][567]LogContentValidation: Display: Validating Blueprint /Game/Brackeys2026/Characters/Player/BP_Player.BP_Player
[2026.08.26-20.31.52:718][743]BlueprintLog: New page: Compile BP_Revolver
[2026.08.26-20.31.52:795][743]LogUObjectHash: Compacting FUObjectHashTables data took   3.26ms
[2026.08.26-20.31.53:231][774]LogSavePackage: Moving 'E:/_Alex's Data/Unreal Engine/Unreal Projects/Brackeys2026/Brackeys-2026/BrackeysJam2026/Saved/BP_RevolverF7A6010247720FF478E3FAB94D9DB332.tmp' to 'E:/_Alex's Data/Unreal Engine/Unreal Projects/Brackeys2026/Brackeys-2026/BrackeysJam2026/Content/Brackeys2026/Objects/Revolver/BP_Revolver.uasset'
[2026.08.26-20.31.53:537][774]AssetCheck: New page: Asset Save: BP_Revolver
[2026.08.26-20.31.53:537][774]LogContentValidation: Display: Validating Blueprint /Game/Brackeys2026/Objects/Revolver/BP_Revolver.BP_Revolver
[2026.08.26-20.32.39:451][  7]BlueprintLog: New page: Compile BP_Player
[2026.08.26-20.32.39:531][  7]LogUObjectHash: Compacting FUObjectHashTables data took   3.13ms
[2026.08.26-20.32.39:959][ 33]LogSavePackage: Moving 'E:/_Alex's Data/Unreal Engine/Unreal Projects/Brackeys2026/Brackeys-2026/BrackeysJam2026/Saved/BP_PlayerC5C869964FB2B6ECC86039A02B274E1E.tmp' to 'E:/_Alex's Data/Unreal Engine/Unreal Projects/Brackeys2026/Brackeys-2026/BrackeysJam2026/Content/Brackeys2026/Characters/Player/BP_Player.uasset'
[2026.08.26-20.32.39:984][ 33]AssetCheck: New page: Asset Save: BP_Player
[2026.08.26-20.32.39:985][ 33]LogContentValidation: Display: Validating Blueprint /Game/Brackeys2026/Characters/Player/BP_Player.BP_Player
[2026.08.26-20.32.48:711][993]BlueprintLog: New page: Compile BP_Revolver
[2026.08.26-20.32.48:791][993]LogUObjectHash: Compacting FUObjectHashTables data took   3.08ms
[2026.08.26-20.32.49:239][ 27]LogSavePackage: Moving 'E:/_Alex's Data/Unreal Engine/Unreal Projects/Brackeys2026/Brackeys-2026/BrackeysJam2026/Saved/BP_RevolverD56BA1CB4D8B2A7C8B76FD8EB2F58ABC.tmp' to 'E:/_Alex's Data/Unreal Engine/Unreal Projects/Brackeys2026/Brackeys-2026/BrackeysJam2026/Content/Brackeys2026/Objects/Revolver/BP_Revolver.uasset'
[2026.08.26-20.32.49:287][ 27]AssetCheck: New page: Asset Save: BP_Revolver
[2026.08.26-20.32.49:287][ 27]LogContentValidation: Display: Validating Blueprint /Game/Brackeys2026/Objects/Revolver/BP_Revolver.BP_Revolver
[2026.08.26-20.33.56:542][537]LogSlate: Window 'Color Picker' being destroyed
[2026.08.26-20.34.06:827][732]LogSlate: Window 'Color Picker' being destroyed
[2026.08.26-20.34.29:701][414]LogEditorTransaction: Undo Edit Top
[2026.08.26-20.34.35:701][ 64]BlueprintLog: New page: Compile BP_UIPlayer
[2026.08.26-20.34.35:765][ 64]LogUObjectHash: Compacting FUObjectHashTables data took   3.15ms
[2026.08.26-20.34.36:177][103]LogSavePackage: Moving 'E:/_Alex's Data/Unreal Engine/Unreal Projects/Brackeys2026/Brackeys-2026/BrackeysJam2026/Saved/BP_UIPlayer8371D03347C9FE7F3070D59E2BB2B79B.tmp' to 'E:/_Alex's Data/Unreal Engine/Unreal Projects/Brackeys2026/Brackeys-2026/BrackeysJam2026/Content/Brackeys2026/UI/BP_UIPlayer.uasset'
[2026.08.26-20.34.36:197][103]AssetCheck: New page: Asset Save: BP_UIPlayer
[2026.08.26-20.34.36:198][103]LogContentValidation: Display: Validating WidgetBlueprint /Game/Brackeys2026/UI/BP_UIPlayer.BP_UIPlayer
[2026.08.26-20.34.36:707][157]LogTemp: Repeating last play command: Selected Viewport
[2026.08.26-20.34.36:716][157]BlueprintLog: New page: Pre-Play auto-recompile
[2026.08.26-20.34.36:730][157]LogPlayLevel: [PlayLevel] Compiling BP_Player before play...
[2026.08.26-20.34.36:817][157]LogUObjectHash: Compacting FUObjectHashTables data took   3.36ms
[2026.08.26-20.34.36:817][157]LogPlayLevel: PlayLevel: Blueprint regeneration took 101 ms (1 blueprints)
[2026.08.26-20.34.36:817][157]PIE: New page: PIE session: Brackeys2026Map (Aug 26, 2026, 6:34:36 AM)
[2026.08.26-20.34.36:817][157]LogPlayLevel: Creating play world package: /Game/Brackeys2026/Levels/UEDPIE_0_Brackeys2026Map
[2026.08.26-20.34.36:820][157]LogPlayLevel: PIE: StaticDuplicateObject took: (0.001832s)
[2026.08.26-20.34.36:821][157]LogAIModule: Creating AISystem for world Brackeys2026Map
[2026.08.26-20.34.36:822][157]LogPlayLevel: PIE: World Init took: (0.002674s)
[2026.08.26-20.34.36:822][157]LogPlayLevel: PIE: Created PIE world by copying editor world from /Game/Brackeys2026/Levels/Brackeys2026Map.Brackeys2026Map to /Game/Brackeys2026/Levels/UEDPIE_0_Brackeys2026Map.Brackeys2026Map (0.004639s)
[2026.08.26-20.34.36:856][157]LogUObjectHash: Compacting FUObjectHashTables data took   2.11ms
[2026.08.26-20.34.36:856][157]LogAudio: Display: Creating Audio Device:                 Id: 14, Scope: Unique, Realtime: True
[2026.08.26-20.34.36:857][157]LogAudioMixer: Display: Audio Mixer Platform Settings:
[2026.08.26-20.34.36:857][157]LogAudioMixer: Display: 	Sample Rate:						  48000
[2026.08.26-20.34.36:857][157]LogAudioMixer: Display: 	Callback Buffer Frame Size Requested: 1024
[2026.08.26-20.34.36:857][157]LogAudioMixer: Display: 	Callback Buffer Frame Size To Use:	  1024
[2026.08.26-20.34.36:857][157]LogAudioMixer: Display: 	Number of buffers to queue:			  2
[2026.08.26-20.34.36:857][157]LogAudioMixer: Display: 	Max Channels (voices):				  32
[2026.08.26-20.34.36:857][157]LogAudioMixer: Display: 	Number of Async Source Workers:		  0
[2026.08.26-20.34.36:857][157]LogAudio: Display: AudioDevice MaxSources: 32
[2026.08.26-20.34.36:857][157]LogAudio: Display: Audio Spatialization Plugin: None (built-in).
[2026.08.26-20.34.36:857][157]LogAudio: Display: Audio Reverb Plugin: None (built-in).
[2026.08.26-20.34.36:857][157]LogAudio: Display: Audio Occlusion Plugin: None (built-in).
[2026.08.26-20.34.36:857][157]LogAudioMixer: Display: Initializing audio mixer.
[2026.08.26-20.34.36:862][157]LogAudioMixer: Display: 0: FrontLeft
[2026.08.26-20.34.36:862][157]LogAudioMixer: Display: 1: FrontRight
[2026.08.26-20.34.36:878][157]LogAudioMixer: Display: Using Audio Device Realtek HD Audio 2nd output (Realtek(R) Audio)
[2026.08.26-20.34.36:878][157]LogAudioMixer: Display: Initializing Sound Submixes...
[2026.08.26-20.34.36:878][157]LogAudioMixer: Display: Creating Master Submix 'MasterSubmixDefault'
[2026.08.26-20.34.36:878][157]LogAudioMixer: Display: Creating Master Submix 'MasterReverbSubmixDefault'
[2026.08.26-20.34.36:879][157]LogAudioMixer: Display: Creating Master Submix 'MasterEQSubmixDefault'
[2026.08.26-20.34.36:879][157]LogAudioMixer: FMixerPlatformXAudio2::StartAudioStream() called
[2026.08.26-20.34.36:879][157]LogAudioMixer: Display: Output buffers initialized: Frames=1024, Channels=2, Samples=2048
[2026.08.26-20.34.36:880][157]LogAudioMixer: Display: Starting AudioMixerPlatformInterface::RunInternal()
[2026.08.26-20.34.36:880][157]LogAudioMixer: Display: FMixerPlatformXAudio2::SubmitBuffer() called for the first time
[2026.08.26-20.34.36:880][157]LogInit: FAudioDevice initialized.
[2026.08.26-20.34.36:880][157]LogAudio: Display: Audio Device (ID: 14) registered with world 'Brackeys2026Map'.
[2026.08.26-20.34.36:908][157]LogSlate: Updating window title bar state: overlay mode, drag disabled, window buttons hidden, title bar hidden
[2026.08.26-20.34.36:908][157]LogLoad: Game class is 'BrackeysGameMode_C'
[2026.08.26-20.34.36:910][157]LogWorld: Bringing World /Game/Brackeys2026/Levels/UEDPIE_0_Brackeys2026Map.Brackeys2026Map up for play (max tick rate 0) at 2026.08.26-13.34.36
[2026.08.26-20.34.36:911][157]LogWorld: Bringing up level for play took: 0.001022
[2026.08.26-20.34.36:911][157]LogOnline: OSS: Creating online subsystem instance for: :Context_24
[2026.08.26-20.34.36:918][157]PIE: Server logged in
[2026.08.26-20.34.36:918][157]PIE: Play in editor total start time 0.204 seconds.
[2026.08.26-20.34.39:487][459]LogSlate: Updating window title bar state: overlay mode, drag disabled, window buttons hidden, title bar hidden
[2026.08.26-20.34.39:487][459]LogWorld: BeginTearingDown for /Game/Brackeys2026/Levels/UEDPIE_0_Brackeys2026Map
[2026.08.26-20.34.39:488][459]LogSlate: Window 'BrackeysJam2026 Preview [NetMode: Standalone]  (64-bit/Windows) ' being destroyed
[2026.08.26-20.34.39:493][459]LogWorld: UWorld::CleanupWorld for Brackeys2026Map, bSessionEnded=true, bCleanupResources=true
[2026.08.26-20.34.39:493][459]LogSlate: InvalidateAllWidgets triggered.  All widgets were invalidated
[2026.08.26-20.34.39:502][459]LogPlayLevel: Display: Shutting down PIE online subsystems
[2026.08.26-20.34.39:508][459]LogSlate: InvalidateAllWidgets triggered.  All widgets were invalidated
[2026.08.26-20.34.39:541][459]LogAudioMixer: FMixerPlatformXAudio2::StopAudioStream() called
[2026.08.26-20.34.39:542][459]LogAudioMixer: FMixerPlatformXAudio2::StopAudioStream() called
[2026.08.26-20.34.39:547][459]LogUObjectHash: Compacting FUObjectHashTables data took   2.36ms
[2026.08.26-20.34.39:570][460]LogPlayLevel: Display: Destroying online subsystem :Context_24
[2026.08.26-20.34.55:391][195]LogTemp: Repeating last play command: Selected Viewport
[2026.08.26-20.34.55:400][195]BlueprintLog: New page: Pre-Play auto-recompile
[2026.08.26-20.34.55:402][195]LogPlayLevel: [PlayLevel] Compiling BP_UIPlayer before play...
[2026.08.26-20.34.55:487][195]LogPlayLevel: [PlayLevel] Compiling BP_UIHint before play...
[2026.08.26-20.34.55:562][195]LogUObjectHash: Compacting FUObjectHashTables data took   3.10ms
[2026.08.26-20.34.55:562][195]LogPlayLevel: PlayLevel: Blueprint regeneration took 162 ms (2 blueprints)
[2026.08.26-20.34.55:562][195]PIE: New page: PIE session: Brackeys2026Map (Aug 26, 2026, 6:34:55 AM)
[2026.08.26-20.34.55:562][195]LogPlayLevel: Creating play world package: /Game/Brackeys2026/Levels/UEDPIE_0_Brackeys2026Map
[2026.08.26-20.34.55:564][195]LogPlayLevel: PIE: StaticDuplicateObject took: (0.001805s)
[2026.08.26-20.34.55:566][195]LogAIModule: Creating AISystem for world Brackeys2026Map
[2026.08.26-20.34.55:567][195]LogPlayLevel: PIE: World Init took: (0.002618s)
[2026.08.26-20.34.55:567][195]LogPlayLevel: PIE: Created PIE world by copying editor world from /Game/Brackeys2026/Levels/Brackeys2026Map.Brackeys2026Map to /Game/Brackeys2026/Levels/UEDPIE_0_Brackeys2026Map.Brackeys2026Map (0.004690s)
[2026.08.26-20.34.55:601][195]LogUObjectHash: Compacting FUObjectHashTables data took   2.07ms
[2026.08.26-20.34.55:602][195]LogAudio: Display: Creating Audio Device:                 Id: 15, Scope: Unique, Realtime: True
[2026.08.26-20.34.55:602][195]LogAudioMixer: Display: Audio Mixer Platform Settings:
[2026.08.26-20.34.55:602][195]LogAudioMixer: Display: 	Sample Rate:						  48000
[2026.08.26-20.34.55:602][195]LogAudioMixer: Display: 	Callback Buffer Frame Size Requested: 1024
[2026.08.26-20.34.55:602][195]LogAudioMixer: Display: 	Callback Buffer Frame Size To Use:	  1024
[2026.08.26-20.34.55:602][195]LogAudioMixer: Display: 	Number of buffers to queue:			  2
[2026.08.26-20.34.55:602][195]LogAudioMixer: Display: 	Max Channels (voices):				  32
[2026.08.26-20.34.55:602][195]LogAudioMixer: Display: 	Number of Async Source Workers:		  0
[2026.08.26-20.34.55:602][195]LogAudio: Display: AudioDevice MaxSources: 32
[2026.08.26-20.34.55:602][195]LogAudio: Display: Audio Spatialization Plugin: None (built-in).
[2026.08.26-20.34.55:602][195]LogAudio: Display: Audio Reverb Plugin: None (built-in).
[2026.08.26-20.34.55:602][195]LogAudio: Display: Audio Occlusion Plugin: None (built-in).
[2026.08.26-20.34.55:602][195]LogAudioMixer: Display: Initializing audio mixer.
[2026.08.26-20.34.55:607][195]LogAudioMixer: Display: 0: FrontLeft
[2026.08.26-20.34.55:607][195]LogAudioMixer: Display: 1: FrontRight
[2026.08.26-20.34.55:619][195]LogAudioMixer: Display: Using Audio Device Realtek HD Audio 2nd output (Realtek(R) Audio)
[2026.08.26-20.34.55:619][195]LogAudioMixer: Display: Initializing Sound Submixes...
[2026.08.26-20.34.55:619][195]LogAudioMixer: Display: Creating Master Submix 'MasterSubmixDefault'
[2026.08.26-20.34.55:619][195]LogAudioMixer: Display: Creating Master Submix 'MasterReverbSubmixDefault'
[2026.08.26-20.34.55:619][195]LogAudioMixer: Display: Creating Master Submix 'MasterEQSubmixDefault'
[2026.08.26-20.34.55:619][195]LogAudioMixer: FMixerPlatformXAudio2::StartAudioStream() called
[2026.08.26-20.34.55:619][195]LogAudioMixer: Display: Output buffers initialized: Frames=1024, Channels=2, Samples=2048
[2026.08.26-20.34.55:620][195]LogAudioMixer: Display: Starting AudioMixerPlatformInterface::RunInternal()
[2026.08.26-20.34.55:620][195]LogAudioMixer: Display: FMixerPlatformXAudio2::SubmitBuffer() called for the first time
[2026.08.26-20.34.55:620][195]LogInit: FAudioDevice initialized.
[2026.08.26-20.34.55:620][195]LogAudio: Display: Audio Device (ID: 15) registered with world 'Brackeys2026Map'.
[2026.08.26-20.34.55:660][195]LogSlate: Updating window title bar state: overlay mode, drag disabled, window buttons hidden, title bar hidden
[2026.08.26-20.34.55:660][195]LogLoad: Game class is 'BrackeysGameMode_C'
[2026.08.26-20.34.55:661][195]LogWorld: Bringing World /Game/Brackeys2026/Levels/UEDPIE_0_Brackeys2026Map.Brackeys2026Map up for play (max tick rate 0) at 2026.08.26-13.34.55
[2026.08.26-20.34.55:661][195]LogWorld: Bringing up level for play took: 0.001078
[2026.08.26-20.34.55:662][195]LogOnline: OSS: Creating online subsystem instance for: :Context_25
[2026.08.26-20.34.55:672][195]PIE: Server logged in
[2026.08.26-20.34.55:672][195]PIE: Play in editor total start time 0.276 seconds.
[2026.08.26-20.35.01:578][860]LogSlate: Updating window title bar state: overlay mode, drag disabled, window buttons hidden, title bar hidden
[2026.08.26-20.35.01:578][860]LogWorld: BeginTearingDown for /Game/Brackeys2026/Levels/UEDPIE_0_Brackeys2026Map
[2026.08.26-20.35.01:578][860]LogSlate: Window 'BrackeysJam2026 Preview [NetMode: Standalone]  (64-bit/Windows) ' being destroyed
[2026.08.26-20.35.01:587][860]LogWorld: UWorld::CleanupWorld for Brackeys2026Map, bSessionEnded=true, bCleanupResources=true
[2026.08.26-20.35.01:588][860]LogSlate: InvalidateAllWidgets triggered.  All widgets were invalidated
[2026.08.26-20.35.01:598][860]LogPlayLevel: Display: Shutting down PIE online subsystems
[2026.08.26-20.35.01:608][860]LogSlate: InvalidateAllWidgets triggered.  All widgets were invalidated
[2026.08.26-20.35.01:640][860]LogAudioMixer: FMixerPlatformXAudio2::StopAudioStream() called
[2026.08.26-20.35.01:641][860]LogAudioMixer: FMixerPlatformXAudio2::StopAudioStream() called
[2026.08.26-20.35.01:647][860]LogUObjectHash: Compacting FUObjectHashTables data took   2.13ms
[2026.08.26-20.35.01:671][861]LogPlayLevel: Display: Destroying online subsystem :Context_25
[2026.08.26-20.35.17:110][676]LogTemp: Repeating last play command: Selected Viewport
[2026.08.26-20.35.17:119][676]BlueprintLog: New page: Pre-Play auto-recompile
[2026.08.26-20.35.17:121][676]LogPlayLevel: [PlayLevel] Compiling BP_UIPlayer before play...
[2026.08.26-20.35.17:245][676]LogUObjectHash: Compacting FUObjectHashTables data took   2.68ms
[2026.08.26-20.35.17:246][676]LogPlayLevel: PlayLevel: Blueprint regeneration took 126 ms (1 blueprints)
[2026.08.26-20.35.17:246][676]PIE: New page: PIE session: Brackeys2026Map (Aug 26, 2026, 6:35:17 AM)
[2026.08.26-20.35.17:246][676]LogPlayLevel: Creating play world package: /Game/Brackeys2026/Levels/UEDPIE_0_Brackeys2026Map
[2026.08.26-20.35.17:248][676]LogPlayLevel: PIE: StaticDuplicateObject took: (0.001844s)
[2026.08.26-20.35.17:249][676]LogAIModule: Creating AISystem for world Brackeys2026Map
[2026.08.26-20.35.17:250][676]LogPlayLevel: PIE: World Init took: (0.002372s)
[2026.08.26-20.35.17:250][676]LogPlayLevel: PIE: Created PIE world by copying editor world from /Game/Brackeys2026/Levels/Brackeys2026Map.Brackeys2026Map to /Game/Brackeys2026/Levels/UEDPIE_0_Brackeys2026Map.Brackeys2026Map (0.004494s)
[2026.08.26-20.35.17:285][676]LogUObjectHash: Compacting FUObjectHashTables data took   2.15ms
[2026.08.26-20.35.17:285][676]LogAudio: Display: Creating Audio Device:                 Id: 16, Scope: Unique, Realtime: True
[2026.08.26-20.35.17:285][676]LogAudioMixer: Display: Audio Mixer Platform Settings:
[2026.08.26-20.35.17:285][676]LogAudioMixer: Display: 	Sample Rate:						  48000
[2026.08.26-20.35.17:285][676]LogAudioMixer: Display: 	Callback Buffer Frame Size Requested: 1024
[2026.08.26-20.35.17:285][676]LogAudioMixer: Display: 	Callback Buffer Frame Size To Use:	  1024
[2026.08.26-20.35.17:285][676]LogAudioMixer: Display: 	Number of buffers to queue:			  2
[2026.08.26-20.35.17:285][676]LogAudioMixer: Display: 	Max Channels (voices):				  32
[2026.08.26-20.35.17:285][676]LogAudioMixer: Display: 	Number of Async Source Workers:		  0
[2026.08.26-20.35.17:285][676]LogAudio: Display: AudioDevice MaxSources: 32
[2026.08.26-20.35.17:286][676]LogAudio: Display: Audio Spatialization Plugin: None (built-in).
[2026.08.26-20.35.17:286][676]LogAudio: Display: Audio Reverb Plugin: None (built-in).
[2026.08.26-20.35.17:286][676]LogAudio: Display: Audio Occlusion Plugin: None (built-in).
[2026.08.26-20.35.17:286][676]LogAudioMixer: Display: Initializing audio mixer.
[2026.08.26-20.35.17:290][676]LogAudioMixer: Display: 0: FrontLeft
[2026.08.26-20.35.17:290][676]LogAudioMixer: Display: 1: FrontRight
[2026.08.26-20.35.17:302][676]LogAudioMixer: Display: Using Audio Device Realtek HD Audio 2nd output (Realtek(R) Audio)
[2026.08.26-20.35.17:302][676]LogAudioMixer: Display: Initializing Sound Submixes...
[2026.08.26-20.35.17:302][676]LogAudioMixer: Display: Creating Master Submix 'MasterSubmixDefault'
[2026.08.26-20.35.17:302][676]LogAudioMixer: Display: Creating Master Submix 'MasterReverbSubmixDefault'
[2026.08.26-20.35.17:303][676]LogAudioMixer: Display: Creating Master Submix 'MasterEQSubmixDefault'
[2026.08.26-20.35.17:303][676]LogAudioMixer: FMixerPlatformXAudio2::StartAudioStream() called
[2026.08.26-20.35.17:303][676]LogAudioMixer: Display: Output buffers initialized: Frames=1024, Channels=2, Samples=2048
[2026.08.26-20.35.17:304][676]LogAudioMixer: Display: Starting AudioMixerPlatformInterface::RunInternal()
[2026.08.26-20.35.17:304][676]LogAudioMixer: Display: FMixerPlatformXAudio2::SubmitBuffer() called for the first time
[2026.08.26-20.35.17:304][676]LogInit: FAudioDevice initialized.
[2026.08.26-20.35.17:304][676]LogAudio: Display: Audio Device (ID: 16) registered with world 'Brackeys2026Map'.
[2026.08.26-20.35.17:342][676]LogSlate: Updating window title bar state: overlay mode, drag disabled, window buttons hidden, title bar hidden
[2026.08.26-20.35.17:342][676]LogLoad: Game class is 'BrackeysGameMode_C'
[2026.08.26-20.35.17:343][676]LogWorld: Bringing World /Game/Brackeys2026/Levels/UEDPIE_0_Brackeys2026Map.Brackeys2026Map up for play (max tick rate 0) at 2026.08.26-13.35.17
[2026.08.26-20.35.17:344][676]LogWorld: Bringing up level for play took: 0.000702
[2026.08.26-20.35.17:344][676]LogOnline: OSS: Creating online subsystem instance for: :Context_26
[2026.08.26-20.35.17:350][676]PIE: Server logged in
[2026.08.26-20.35.17:351][676]PIE: Play in editor total start time 0.235 seconds.
[2026.08.26-20.35.19:917][974]LogSlate: Updating window title bar state: overlay mode, drag disabled, window buttons hidden, title bar hidden
[2026.08.26-20.35.19:917][974]LogWorld: BeginTearingDown for /Game/Brackeys2026/Levels/UEDPIE_0_Brackeys2026Map
[2026.08.26-20.35.19:917][974]LogSlate: Window 'BrackeysJam2026 Preview [NetMode: Standalone]  (64-bit/Windows) ' being destroyed
[2026.08.26-20.35.19:922][974]LogWorld: UWorld::CleanupWorld for Brackeys2026Map, bSessionEnded=true, bCleanupResources=true
[2026.08.26-20.35.19:923][974]LogSlate: InvalidateAllWidgets triggered.  All widgets were invalidated
[2026.08.26-20.35.19:931][974]LogPlayLevel: Display: Shutting down PIE online subsystems
[2026.08.26-20.35.19:939][974]LogSlate: InvalidateAllWidgets triggered.  All widgets were invalidated
[2026.08.26-20.35.19:971][974]LogAudioMixer: FMixerPlatformXAudio2::StopAudioStream() called
[2026.08.26-20.35.19:972][974]LogAudioMixer: FMixerPlatformXAudio2::StopAudioStream() called
[2026.08.26-20.35.19:978][974]LogUObjectHash: Compacting FUObjectHashTables data took   2.14ms
[2026.08.26-20.35.19:994][975]LogPlayLevel: Display: Destroying online subsystem :Context_26
[2026.08.26-20.35.28:886][  4]LogTemp: Repeating last play command: Selected Viewport
[2026.08.26-20.35.28:895][  4]BlueprintLog: New page: Pre-Play auto-recompile
[2026.08.26-20.35.28:897][  4]LogPlayLevel: [PlayLevel] Compiling BP_UIPlayer before play...
[2026.08.26-20.35.29:016][  4]LogUObjectHash: Compacting FUObjectHashTables data took   2.69ms
[2026.08.26-20.35.29:017][  4]LogPlayLevel: PlayLevel: Blueprint regeneration took 121 ms (1 blueprints)
[2026.08.26-20.35.29:017][  4]PIE: New page: PIE session: Brackeys2026Map (Aug 26, 2026, 6:35:29 AM)
[2026.08.26-20.35.29:017][  4]LogPlayLevel: Creating play world package: /Game/Brackeys2026/Levels/UEDPIE_0_Brackeys2026Map
[2026.08.26-20.35.29:019][  4]LogPlayLevel: PIE: StaticDuplicateObject took: (0.001817s)
[2026.08.26-20.35.29:019][  4]LogAIModule: Creating AISystem for world Brackeys2026Map
[2026.08.26-20.35.29:021][  4]LogPlayLevel: PIE: World Init took: (0.002517s)
[2026.08.26-20.35.29:021][  4]LogPlayLevel: PIE: Created PIE world by copying editor world from /Game/Brackeys2026/Levels/Brackeys2026Map.Brackeys2026Map to /Game/Brackeys2026/Levels/UEDPIE_0_Brackeys2026Map.Brackeys2026Map (0.004611s)
[2026.08.26-20.35.29:056][  4]LogUObjectHash: Compacting FUObjectHashTables data took   2.45ms
[2026.08.26-20.35.29:057][  4]LogAudio: Display: Creating Audio Device:                 Id: 17, Scope: Unique, Realtime: True
[2026.08.26-20.35.29:057][  4]LogAudioMixer: Display: Audio Mixer Platform Settings:
[2026.08.26-20.35.29:057][  4]LogAudioMixer: Display: 	Sample Rate:						  48000
[2026.08.26-20.35.29:057][  4]LogAudioMixer: Display: 	Callback Buffer Frame Size Requested: 1024
[2026.08.26-20.35.29:057][  4]LogAudioMixer: Display: 	Callback Buffer Frame Size To Use:	  1024
[2026.08.26-20.35.29:057][  4]LogAudioMixer: Display: 	Number of buffers to queue:			  2
[2026.08.26-20.35.29:057][  4]LogAudioMixer: Display: 	Max Channels (voices):				  32
[2026.08.26-20.35.29:057][  4]LogAudioMixer: Display: 	Number of Async Source Workers:		  0
[2026.08.26-20.35.29:057][  4]LogAudio: Display: AudioDevice MaxSources: 32
[2026.08.26-20.35.29:057][  4]LogAudio: Display: Audio Spatialization Plugin: None (built-in).
[2026.08.26-20.35.29:057][  4]LogAudio: Display: Audio Reverb Plugin: None (built-in).
[2026.08.26-20.35.29:057][  4]LogAudio: Display: Audio Occlusion Plugin: None (built-in).
[2026.08.26-20.35.29:057][  4]LogAudioMixer: Display: Initializing audio mixer.
[2026.08.26-20.35.29:063][  4]LogAudioMixer: Display: 0: FrontLeft
[2026.08.26-20.35.29:063][  4]LogAudioMixer: Display: 1: FrontRight
[2026.08.26-20.35.29:074][  4]LogAudioMixer: Display: Using Audio Device Realtek HD Audio 2nd output (Realtek(R) Audio)
[2026.08.26-20.35.29:074][  4]LogAudioMixer: Display: Initializing Sound Submixes...
[2026.08.26-20.35.29:074][  4]LogAudioMixer: Display: Creating Master Submix 'MasterSubmixDefault'
[2026.08.26-20.35.29:074][  4]LogAudioMixer: Display: Creating Master Submix 'MasterReverbSubmixDefault'
[2026.08.26-20.35.29:075][  4]LogAudioMixer: Display: Creating Master Submix 'MasterEQSubmixDefault'
[2026.08.26-20.35.29:075][  4]LogAudioMixer: FMixerPlatformXAudio2::StartAudioStream() called
[2026.08.26-20.35.29:075][  4]LogAudioMixer: Display: Output buffers initialized: Frames=1024, Channels=2, Samples=2048
[2026.08.26-20.35.29:076][  4]LogAudioMixer: Display: Starting AudioMixerPlatformInterface::RunInternal()
[2026.08.26-20.35.29:076][  4]LogAudioMixer: Display: FMixerPlatformXAudio2::SubmitBuffer() called for the first time
[2026.08.26-20.35.29:076][  4]LogInit: FAudioDevice initialized.
[2026.08.26-20.35.29:076][  4]LogAudio: Display: Audio Device (ID: 17) registered with world 'Brackeys2026Map'.
[2026.08.26-20.35.29:126][  4]LogSlate: Updating window title bar state: overlay mode, drag disabled, window buttons hidden, title bar hidden
[2026.08.26-20.35.29:126][  4]LogLoad: Game class is 'BrackeysGameMode_C'
[2026.08.26-20.35.29:126][  4]LogWorld: Bringing World /Game/Brackeys2026/Levels/UEDPIE_0_Brackeys2026Map.Brackeys2026Map up for play (max tick rate 0) at 2026.08.26-13.35.29
[2026.08.26-20.35.29:127][  4]LogWorld: Bringing up level for play took: 0.000650
[2026.08.26-20.35.29:127][  4]LogOnline: OSS: Creating online subsystem instance for: :Context_27
[2026.08.26-20.35.29:134][  4]PIE: Server logged in
[2026.08.26-20.35.29:134][  4]PIE: Play in editor total start time 0.242 seconds.
[2026.08.26-20.35.33:287][489]LogSlate: Updating window title bar state: overlay mode, drag disabled, window buttons hidden, title bar hidden
[2026.08.26-20.35.33:287][489]LogWorld: BeginTearingDown for /Game/Brackeys2026/Levels/UEDPIE_0_Brackeys2026Map
[2026.08.26-20.35.33:288][489]LogSlate: Window 'BrackeysJam2026 Preview [NetMode: Standalone]  (64-bit/Windows) ' being destroyed
[2026.08.26-20.35.33:295][489]LogWorld: UWorld::CleanupWorld for Brackeys2026Map, bSessionEnded=true, bCleanupResources=true
[2026.08.26-20.35.33:295][489]LogSlate: InvalidateAllWidgets triggered.  All widgets were invalidated
[2026.08.26-20.35.33:303][489]LogPlayLevel: Display: Shutting down PIE online subsystems
[2026.08.26-20.35.33:308][489]LogSlate: InvalidateAllWidgets triggered.  All widgets were invalidated
[2026.08.26-20.35.33:341][489]LogAudioMixer: FMixerPlatformXAudio2::StopAudioStream() called
[2026.08.26-20.35.33:342][489]LogAudioMixer: FMixerPlatformXAudio2::StopAudioStream() called
[2026.08.26-20.35.33:348][489]LogUObjectHash: Compacting FUObjectHashTables data took   2.19ms
[2026.08.26-20.35.33:364][490]LogPlayLevel: Display: Destroying online subsystem :Context_27
[2026.08.26-20.36.11:423][917]BlueprintLog: New page: Compile BP_UIPlayer
[2026.08.26-20.36.11:482][917]LogUObjectHash: Compacting FUObjectHashTables data took   3.13ms
[2026.08.26-20.36.11:997][961]LogSavePackage: Moving 'E:/_Alex's Data/Unreal Engine/Unreal Projects/Brackeys2026/Brackeys-2026/BrackeysJam2026/Saved/BP_UIPlayer29777B0C4A8CA8AB12E4298784AA8220.tmp' to 'E:/_Alex's Data/Unreal Engine/Unreal Projects/Brackeys2026/Brackeys-2026/BrackeysJam2026/Content/Brackeys2026/UI/BP_UIPlayer.uasset'
[2026.08.26-20.36.12:020][961]AssetCheck: New page: Asset Save: BP_UIPlayer
[2026.08.26-20.36.12:020][961]LogContentValidation: Display: Validating WidgetBlueprint /Game/Brackeys2026/UI/BP_UIPlayer.BP_UIPlayer
[2026.08.26-20.37.00:491][ 64]LogEditorTransaction: Undo Move Node
[2026.08.26-20.37.02:583][264]LogEditorTransaction: Undo Delete Sound Cue Input
[2026.08.26-20.37.16:634][915]LogSavePackage: Moving 'E:/_Alex's Data/Unreal Engine/Unreal Projects/Brackeys2026/Brackeys-2026/BrackeysJam2026/Saved/BP_CueRevolver5BBA4E5C4E571C5D6FC54B97F28E6D31.tmp' to 'E:/_Alex's Data/Unreal Engine/Unreal Projects/Brackeys2026/Brackeys-2026/BrackeysJam2026/Content/Brackeys2026/SoundEffects/BP_CueRevolver.uasset'
[2026.08.26-20.37.16:660][915]AssetCheck: New page: Asset Save: BP_CueRevolver
[2026.08.26-20.37.16:660][915]LogContentValidation: Display: Validating SoundCue /Game/Brackeys2026/SoundEffects/BP_CueRevolver.BP_CueRevolver
[2026.08.26-20.38.05:908][658]LogUObjectHash: Compacting FUObjectHashTables data took   3.12ms
[2026.08.26-20.38.05:934][658]LogSavePackage: Moving 'E:/_Alex's Data/Unreal Engine/Unreal Projects/Brackeys2026/Brackeys-2026/BrackeysJam2026/Saved/Brackeys2026Map_Auto1C49E9C2E42F85410722E198EEAA49D85.tmp' to 'E:/_Alex's Data/Unreal Engine/Unreal Projects/Brackeys2026/Brackeys-2026/BrackeysJam2026/Saved/Autosaves/Game/Brackeys2026/Levels/Brackeys2026Map_Auto1.umap'
[2026.08.26-20.38.05:994][658]LogFileHelpers: Editor autosave (incl. external actors) for '/Game/Brackeys2026/Levels/Brackeys2026Map' took 0.133
[2026.08.26-20.38.05:994][658]LogFileHelpers: Editor autosave (incl. sublevels & external actors) for all levels took 0.133
[2026.08.26-20.38.05:996][658]OBJ SavePackage: Generating thumbnails for [0] asset(s) in package [/Game/Brackeys2026/Characters/Player/BP_Player] ([2] browsable assets)...
[2026.08.26-20.38.05:996][658]OBJ SavePackage: Finished generating thumbnails for package [/Game/Brackeys2026/Characters/Player/BP_Player]
[2026.08.26-20.38.06:019][658]LogSavePackage: Moving 'E:/_Alex's Data/Unreal Engine/Unreal Projects/Brackeys2026/Brackeys-2026/BrackeysJam2026/Saved/BP_Player_Auto1A227BD624F0DB76330A280838ECA4BEE.tmp' to 'E:/_Alex's Data/Unreal Engine/Unreal Projects/Brackeys2026/Brackeys-2026/BrackeysJam2026/Saved/Autosaves/Game/Brackeys2026/Characters/Player/BP_Player_Auto1.uasset'
[2026.08.26-20.38.06:024][658]OBJ SavePackage: Generating thumbnails for [0] asset(s) in package [/Game/Brackeys2026/SoundEffects/BP_CueRevolver] ([1] browsable assets)...
[2026.08.26-20.38.06:024][658]OBJ SavePackage: Finished generating thumbnails for package [/Game/Brackeys2026/SoundEffects/BP_CueRevolver]
[2026.08.26-20.38.06:027][658]LogSavePackage: Moving 'E:/_Alex's Data/Unreal Engine/Unreal Projects/Brackeys2026/Brackeys-2026/BrackeysJam2026/Saved/BP_CueRevolver_Auto120DBE8C8479FC15F5C1C0C9B6D9FE2FF.tmp' to 'E:/_Alex's Data/Unreal Engine/Unreal Projects/Brackeys2026/Brackeys-2026/BrackeysJam2026/Saved/Autosaves/Game/Brackeys2026/SoundEffects/BP_CueRevolver_Auto1.uasset'
[2026.08.26-20.38.06:030][658]OBJ SavePackage: Generating thumbnails for [0] asset(s) in package [/Game/Brackeys2026/UI/BP_UIHint] ([2] browsable assets)...
[2026.08.26-20.38.06:030][658]OBJ SavePackage: Finished generating thumbnails for package [/Game/Brackeys2026/UI/BP_UIHint]
[2026.08.26-20.38.06:072][658]LogSavePackage: Moving 'E:/_Alex's Data/Unreal Engine/Unreal Projects/Brackeys2026/Brackeys-2026/BrackeysJam2026/Saved/BP_UIHint_Auto1F1BF367948B92D046CCE2EAB51C9A54B.tmp' to 'E:/_Alex's Data/Unreal Engine/Unreal Projects/Brackeys2026/Brackeys-2026/BrackeysJam2026/Saved/Autosaves/Game/Brackeys2026/UI/BP_UIHint_Auto1.uasset'
[2026.08.26-20.38.06:078][658]OBJ SavePackage: Generating thumbnails for [1] asset(s) in package [/Game/Brackeys2026/SoundEffects/Gun_Reload_Right] ([1] browsable assets)...
[2026.08.26-20.38.06:080][658]OBJ SavePackage:     Rendered thumbnail for [SoundWave /Game/Brackeys2026/SoundEffects/Gun_Reload_Right.Gun_Reload_Right]
[2026.08.26-20.38.06:080][658]OBJ SavePackage: Finished generating thumbnails for package [/Game/Brackeys2026/SoundEffects/Gun_Reload_Right]
[2026.08.26-20.38.06:086][658]LogSavePackage: Moving 'E:/_Alex's Data/Unreal Engine/Unreal Projects/Brackeys2026/Brackeys-2026/BrackeysJam2026/Saved/Gun_Reload_Right_Auto11DBDDD854C5554B52E2A2EB5D7C82F96.tmp' to 'E:/_Alex's Data/Unreal Engine/Unreal Projects/Brackeys2026/Brackeys-2026/BrackeysJam2026/Saved/Autosaves/Game/Brackeys2026/SoundEffects/Gun_Reload_Right_Auto1.uasset'
[2026.08.26-20.38.06:088][658]OBJ SavePackage: Generating thumbnails for [1] asset(s) in package [/Game/Brackeys2026/SoundEffects/Opponent_Dry_Fire] ([1] browsable assets)...
[2026.08.26-20.38.06:089][658]OBJ SavePackage:     Rendered thumbnail for [SoundWave /Game/Brackeys2026/SoundEffects/Opponent_Dry_Fire.Opponent_Dry_Fire]
[2026.08.26-20.38.06:089][658]OBJ SavePackage: Finished generating thumbnails for package [/Game/Brackeys2026/SoundEffects/Opponent_Dry_Fire]
[2026.08.26-20.38.06:095][658]LogSavePackage: Moving 'E:/_Alex's Data/Unreal Engine/Unreal Projects/Brackeys2026/Brackeys-2026/BrackeysJam2026/Saved/Opponent_Dry_Fire_Auto1C30F91D9461E3B9A8841F99CBC01009E.tmp' to 'E:/_Alex's Data/Unreal Engine/Unreal Projects/Brackeys2026/Brackeys-2026/BrackeysJam2026/Saved/Autosaves/Game/Brackeys2026/SoundEffects/Opponent_Dry_Fire_Auto1.uasset'
[2026.08.26-20.38.06:097][658]OBJ SavePackage: Generating thumbnails for [1] asset(s) in package [/Game/Brackeys2026/SoundEffects/Opponent_Self_Shot] ([1] browsable assets)...
[2026.08.26-20.38.06:098][658]OBJ SavePackage:     Rendered thumbnail for [SoundWave /Game/Brackeys2026/SoundEffects/Opponent_Self_Shot.Opponent_Self_Shot]
[2026.08.26-20.38.06:098][658]OBJ SavePackage: Finished generating thumbnails for package [/Game/Brackeys2026/SoundEffects/Opponent_Self_Shot]
[2026.08.26-20.38.06:135][658]LogSavePackage: Moving 'E:/_Alex's Data/Unreal Engine/Unreal Projects/Brackeys2026/Brackeys-2026/BrackeysJam2026/Saved/Opponent_Self_Shot_Auto1F94989D749C7B657B59A858E6D034EA0.tmp' to 'E:/_Alex's Data/Unreal Engine/Unreal Projects/Brackeys2026/Brackeys-2026/BrackeysJam2026/Saved/Autosaves/Game/Brackeys2026/SoundEffects/Opponent_Self_Shot_Auto1.uasset'
[2026.08.26-20.38.06:137][658]OBJ SavePackage: Generating thumbnails for [1] asset(s) in package [/Game/Brackeys2026/SoundEffects/Self_Shot_Death] ([1] browsable assets)...
[2026.08.26-20.38.06:139][658]OBJ SavePackage:     Rendered thumbnail for [SoundWave /Game/Brackeys2026/SoundEffects/Self_Shot_Death.Self_Shot_Death]
[2026.08.26-20.38.06:139][658]OBJ SavePackage: Finished generating thumbnails for package [/Game/Brackeys2026/SoundEffects/Self_Shot_Death]
[2026.08.26-20.38.06:144][658]LogSavePackage: Moving 'E:/_Alex's Data/Unreal Engine/Unreal Projects/Brackeys2026/Brackeys-2026/BrackeysJam2026/Saved/Self_Shot_Death_Auto1F65D25E74B43C32250638093E484CDF9.tmp' to 'E:/_Alex's Data/Unreal Engine/Unreal Projects/Brackeys2026/Brackeys-2026/BrackeysJam2026/Saved/Autosaves/Game/Brackeys2026/SoundEffects/Self_Shot_Death_Auto1.uasset'
[2026.08.26-20.38.06:146][658]OBJ SavePackage: Generating thumbnails for [1] asset(s) in package [/Game/Brackeys2026/SoundEffects/Self_Shot] ([1] browsable assets)...
[2026.08.26-20.38.06:148][658]OBJ SavePackage:     Rendered thumbnail for [SoundWave /Game/Brackeys2026/SoundEffects/Self_Shot.Self_Shot]
[2026.08.26-20.38.06:148][658]OBJ SavePackage: Finished generating thumbnails for package [/Game/Brackeys2026/SoundEffects/Self_Shot]
[2026.08.26-20.38.06:153][658]LogSavePackage: Moving 'E:/_Alex's Data/Unreal Engine/Unreal Projects/Brackeys2026/Brackeys-2026/BrackeysJam2026/Saved/Self_Shot_Auto1E927DF8B48556BDFB2F473A0E75A7796.tmp' to 'E:/_Alex's Data/Unreal Engine/Unreal Projects/Brackeys2026/Brackeys-2026/BrackeysJam2026/Saved/Autosaves/Game/Brackeys2026/SoundEffects/Self_Shot_Auto1.uasset'
[2026.08.26-20.38.06:154][658]LogFileHelpers: Auto-saving content packages took 0.160
[2026.08.26-20.39.25:525][571]BlueprintLog: New page: Compile BP_Revolver
[2026.08.26-20.39.25:599][571]LogUObjectHash: Compacting FUObjectHashTables data took   3.16ms
[2026.08.26-20.39.27:205][681]LogSavePackage: Moving 'E:/_Alex's Data/Unreal Engine/Unreal Projects/Brackeys2026/Brackeys-2026/BrackeysJam2026/Saved/BP_RevolverD0887215411E09D1F8E9BD92E0B3C757.tmp' to 'E:/_Alex's Data/Unreal Engine/Unreal Projects/Brackeys2026/Brackeys-2026/BrackeysJam2026/Content/Brackeys2026/Objects/Revolver/BP_Revolver.uasset'
[2026.08.26-20.39.29:076][681]AssetCheck: New page: Asset Save: BP_Revolver
[2026.08.26-20.39.29:076][681]LogContentValidation: Display: Validating Blueprint /Game/Brackeys2026/Objects/Revolver/BP_Revolver.BP_Revolver
[2026.08.26-20.44.51:042][939]LogWorld: UWorld::CleanupWorld for World_5, bSessionEnded=true, bCleanupResources=true
[2026.08.26-20.44.51:042][939]LogSlate: InvalidateAllWidgets triggered.  All widgets were invalidated
[2026.08.26-20.45.48:817][543]BlueprintLog: New page: Compile BP_Revolver
[2026.08.26-20.45.48:896][543]LogUObjectHash: Compacting FUObjectHashTables data took   3.38ms
[2026.08.26-20.45.51:265][578]LogSavePackage: Moving 'E:/_Alex's Data/Unreal Engine/Unreal Projects/Brackeys2026/Brackeys-2026/BrackeysJam2026/Saved/BP_Revolver8F3F916443B2E571543B15961E85C936.tmp' to 'E:/_Alex's Data/Unreal Engine/Unreal Projects/Brackeys2026/Brackeys-2026/BrackeysJam2026/Content/Brackeys2026/Objects/Revolver/BP_Revolver.uasset'
[2026.08.26-20.45.51:304][578]AssetCheck: New page: Asset Save: BP_Revolver
[2026.08.26-20.45.51:305][578]LogContentValidation: Display: Validating Blueprint /Game/Brackeys2026/Objects/Revolver/BP_Revolver.BP_Revolver
[2026.08.26-20.46.38:291][ 16]BlueprintLog: New page: Compile BP_UIPlayer
[2026.08.26-20.46.38:345][ 16]LogUObjectHash: Compacting FUObjectHashTables data took   3.42ms
[2026.08.26-20.46.40:751][ 85]LogSavePackage: Moving 'E:/_Alex's Data/Unreal Engine/Unreal Projects/Brackeys2026/Brackeys-2026/BrackeysJam2026/Saved/BP_UIPlayer9A0ECD93428F1E17BD427998952465CD.tmp' to 'E:/_Alex's Data/Unreal Engine/Unreal Projects/Brackeys2026/Brackeys-2026/BrackeysJam2026/Content/Brackeys2026/UI/BP_UIPlayer.uasset'
[2026.08.26-20.46.40:790][ 85]AssetCheck: New page: Asset Save: BP_UIPlayer
[2026.08.26-20.46.40:791][ 85]LogContentValidation: Display: Validating WidgetBlueprint /Game/Brackeys2026/UI/BP_UIPlayer.BP_UIPlayer
[2026.08.26-20.47.44:295][ 74]BlueprintLog: New page: Compile BP_UIPlayer
[2026.08.26-20.47.44:363][ 74]LogUObjectHash: Compacting FUObjectHashTables data took   3.14ms
[2026.08.26-20.47.46:675][110]LogSavePackage: Moving 'E:/_Alex's Data/Unreal Engine/Unreal Projects/Brackeys2026/Brackeys-2026/BrackeysJam2026/Saved/BP_UIPlayerF916A2A4478F548F078C938BC153F588.tmp' to 'E:/_Alex's Data/Unreal Engine/Unreal Projects/Brackeys2026/Brackeys-2026/BrackeysJam2026/Content/Brackeys2026/UI/BP_UIPlayer.uasset'
[2026.08.26-20.47.46:724][110]AssetCheck: New page: Asset Save: BP_UIPlayer
[2026.08.26-20.47.46:725][110]LogContentValidation: Display: Validating WidgetBlueprint /Game/Brackeys2026/UI/BP_UIPlayer.BP_UIPlayer
[2026.08.26-20.48.20:052][807]LogEditorTransaction: Undo Resize Node
[2026.08.26-20.48.38:135][744]BlueprintLog: New page: Compile BP_Player
[2026.08.26-20.48.38:150][744]LogBlueprint: Error: [AssetLog] E:\_Alex's Data\Unreal Engine\Unreal Projects\Brackeys2026\Brackeys-2026\BrackeysJam2026\Content\Brackeys2026\Characters\Player\BP_Player.uasset: [Compiler] This blueprint (self) is not a Widget, therefore ' Target ' must have a connection.
[2026.08.26-20.48.38:205][744]LogUObjectHash: Compacting FUObjectHashTables data took   3.39ms
[2026.08.26-20.48.38:643][778]LogSavePackage: Moving 'E:/_Alex's Data/Unreal Engine/Unreal Projects/Brackeys2026/Brackeys-2026/BrackeysJam2026/Saved/BP_PlayerA9F2AC9D4FC03EAF412530867AA64D9A.tmp' to 'E:/_Alex's Data/Unreal Engine/Unreal Projects/Brackeys2026/Brackeys-2026/BrackeysJam2026/Content/Brackeys2026/Characters/Player/BP_Player.uasset'
[2026.08.26-20.48.38:669][778]AssetCheck: New page: Asset Save: BP_Player
[2026.08.26-20.48.38:669][778]LogContentValidation: Display: Validating Blueprint /Game/Brackeys2026/Characters/Player/BP_Player.BP_Player
[2026.08.26-20.48.41:987][143]BlueprintLog: New page: Compile BP_Player
[2026.08.26-20.48.42:050][143]LogUObjectHash: Compacting FUObjectHashTables data took   3.18ms
[2026.08.26-20.48.42:493][179]LogSavePackage: Moving 'E:/_Alex's Data/Unreal Engine/Unreal Projects/Brackeys2026/Brackeys-2026/BrackeysJam2026/Saved/BP_Player5E8D3A9A43EAEAB03C86728B48BED23C.tmp' to 'E:/_Alex's Data/Unreal Engine/Unreal Projects/Brackeys2026/Brackeys-2026/BrackeysJam2026/Content/Brackeys2026/Characters/Player/BP_Player.uasset'
[2026.08.26-20.48.42:522][179]AssetCheck: New page: Asset Save: BP_Player
[2026.08.26-20.48.42:522][179]LogContentValidation: Display: Validating Blueprint /Game/Brackeys2026/Characters/Player/BP_Player.BP_Player
[2026.08.26-20.48.42:937][226]LogTemp: Repeating last play command: Selected Viewport
[2026.08.26-20.48.42:946][226]LogPlayLevel: PlayLevel: No blueprints needed recompiling
[2026.08.26-20.48.42:946][226]PIE: New page: PIE session: Brackeys2026Map (Aug 26, 2026, 6:48:42 AM)
[2026.08.26-20.48.42:946][226]LogPlayLevel: Creating play world package: /Game/Brackeys2026/Levels/UEDPIE_0_Brackeys2026Map
[2026.08.26-20.48.42:949][226]LogPlayLevel: PIE: StaticDuplicateObject took: (0.002550s)
[2026.08.26-20.48.42:949][226]LogAIModule: Creating AISystem for world Brackeys2026Map
[2026.08.26-20.48.42:951][226]LogPlayLevel: PIE: World Init took: (0.001298s)
[2026.08.26-20.48.42:951][226]LogPlayLevel: PIE: Created PIE world by copying editor world from /Game/Brackeys2026/Levels/Brackeys2026Map.Brackeys2026Map to /Game/Brackeys2026/Levels/UEDPIE_0_Brackeys2026Map.Brackeys2026Map (0.003991s)
[2026.08.26-20.48.42:987][226]LogUObjectHash: Compacting FUObjectHashTables data took   3.06ms
[2026.08.26-20.48.42:988][226]LogAudio: Display: Creating Audio Device:                 Id: 18, Scope: Unique, Realtime: True
[2026.08.26-20.48.42:988][226]LogAudioMixer: Display: Audio Mixer Platform Settings:
[2026.08.26-20.48.42:988][226]LogAudioMixer: Display: 	Sample Rate:						  48000
[2026.08.26-20.48.42:988][226]LogAudioMixer: Display: 	Callback Buffer Frame Size Requested: 1024
[2026.08.26-20.48.42:988][226]LogAudioMixer: Display: 	Callback Buffer Frame Size To Use:	  1024
[2026.08.26-20.48.42:988][226]LogAudioMixer: Display: 	Number of buffers to queue:			  2
[2026.08.26-20.48.42:988][226]LogAudioMixer: Display: 	Max Channels (voices):				  32
[2026.08.26-20.48.42:988][226]LogAudioMixer: Display: 	Number of Async Source Workers:		  0
[2026.08.26-20.48.42:988][226]LogAudio: Display: AudioDevice MaxSources: 32
[2026.08.26-20.48.42:988][226]LogAudio: Display: Audio Spatialization Plugin: None (built-in).
[2026.08.26-20.48.42:988][226]LogAudio: Display: Audio Reverb Plugin: None (built-in).
[2026.08.26-20.48.42:988][226]LogAudio: Display: Audio Occlusion Plugin: None (built-in).
[2026.08.26-20.48.42:988][226]LogAudioMixer: Display: Initializing audio mixer.
[2026.08.26-20.48.42:993][226]LogAudioMixer: Display: 0: FrontLeft
[2026.08.26-20.48.42:993][226]LogAudioMixer: Display: 1: FrontRight
[2026.08.26-20.48.43:010][226]LogAudioMixer: Display: Using Audio Device Realtek HD Audio 2nd output (Realtek(R) Audio)
[2026.08.26-20.48.43:010][226]LogAudioMixer: Display: Initializing Sound Submixes...
[2026.08.26-20.48.43:010][226]LogAudioMixer: Display: Creating Master Submix 'MasterSubmixDefault'
[2026.08.26-20.48.43:010][226]LogAudioMixer: Display: Creating Master Submix 'MasterReverbSubmixDefault'
[2026.08.26-20.48.43:011][226]LogAudioMixer: Display: Creating Master Submix 'MasterEQSubmixDefault'
[2026.08.26-20.48.43:011][226]LogAudioMixer: FMixerPlatformXAudio2::StartAudioStream() called
[2026.08.26-20.48.43:011][226]LogAudioMixer: Display: Output buffers initialized: Frames=1024, Channels=2, Samples=2048
[2026.08.26-20.48.43:012][226]LogAudioMixer: Display: Starting AudioMixerPlatformInterface::RunInternal()
[2026.08.26-20.48.43:012][226]LogAudioMixer: Display: FMixerPlatformXAudio2::SubmitBuffer() called for the first time
[2026.08.26-20.48.43:012][226]LogInit: FAudioDevice initialized.
[2026.08.26-20.48.43:012][226]LogAudio: Display: Audio Device (ID: 18) registered with world 'Brackeys2026Map'.
[2026.08.26-20.48.43:062][226]LogSlate: Updating window title bar state: overlay mode, drag disabled, window buttons hidden, title bar hidden
[2026.08.26-20.48.43:062][226]LogLoad: Game class is 'BrackeysGameMode_C'
[2026.08.26-20.48.43:063][226]LogWorld: Bringing World /Game/Brackeys2026/Levels/UEDPIE_0_Brackeys2026Map.Brackeys2026Map up for play (max tick rate 0) at 2026.08.26-13.48.43
[2026.08.26-20.48.43:064][226]LogWorld: Bringing up level for play took: 0.001062
[2026.08.26-20.48.43:064][226]LogOnline: OSS: Creating online subsystem instance for: :Context_28
[2026.08.26-20.48.43:071][226]PIE: Server logged in
[2026.08.26-20.48.43:073][226]PIE: Play in editor total start time 0.131 seconds.
[2026.08.26-20.48.45:058][455]LogSlate: Updating window title bar state: overlay mode, drag disabled, window buttons hidden, title bar hidden
[2026.08.26-20.48.45:058][455]LogWorld: BeginTearingDown for /Game/Brackeys2026/Levels/UEDPIE_0_Brackeys2026Map
[2026.08.26-20.48.45:058][455]LogSlate: Window 'BrackeysJam2026 Preview [NetMode: Standalone]  (64-bit/Windows) ' being destroyed
[2026.08.26-20.48.45:066][455]LogWorld: UWorld::CleanupWorld for Brackeys2026Map, bSessionEnded=true, bCleanupResources=true
[2026.08.26-20.48.45:066][455]LogSlate: InvalidateAllWidgets triggered.  All widgets were invalidated
[2026.08.26-20.48.45:076][455]LogPlayLevel: Display: Shutting down PIE online subsystems
[2026.08.26-20.48.45:082][455]LogSlate: InvalidateAllWidgets triggered.  All widgets were invalidated
[2026.08.26-20.48.45:112][455]LogAudio: Display: Audio Device unregistered from world 'None'.
[2026.08.26-20.48.45:112][455]LogAudioMixer: FMixerPlatformXAudio2::StopAudioStream() called
[2026.08.26-20.48.45:114][455]LogAudioMixer: FMixerPlatformXAudio2::StopAudioStream() called
[2026.08.26-20.48.45:118][455]LogUObjectHash: Compacting FUObjectHashTables data took   2.16ms
[2026.08.26-20.48.45:137][456]LogPlayLevel: Display: Destroying online subsystem :Context_28
[2026.08.26-20.48.58:200][930]BlueprintLog: New page: Compile BP_UIPlayer
[2026.08.26-20.48.58:265][930]LogUObjectHash: Compacting FUObjectHashTables data took   2.45ms
[2026.08.26-20.48.58:582][949]LogSavePackage: Moving 'E:/_Alex's Data/Unreal Engine/Unreal Projects/Brackeys2026/Brackeys-2026/BrackeysJam2026/Saved/BP_UIPlayerDD536731432AB31F849754945C8F2F0D.tmp' to 'E:/_Alex's Data/Unreal Engine/Unreal Projects/Brackeys2026/Brackeys-2026/BrackeysJam2026/Content/Brackeys2026/UI/BP_UIPlayer.uasset'
[2026.08.26-20.48.58:604][949]AssetCheck: New page: Asset Save: BP_UIPlayer
[2026.08.26-20.48.58:604][949]LogContentValidation: Display: Validating WidgetBlueprint /Game/Brackeys2026/UI/BP_UIPlayer.BP_UIPlayer
[2026.08.26-20.48.59:052][993]LogTemp: Repeating last play command: Selected Viewport
[2026.08.26-20.48.59:062][993]LogPlayLevel: PlayLevel: No blueprints needed recompiling
[2026.08.26-20.48.59:062][993]PIE: New page: PIE session: Brackeys2026Map (Aug 26, 2026, 6:48:59 AM)
[2026.08.26-20.48.59:063][993]LogPlayLevel: Creating play world package: /Game/Brackeys2026/Levels/UEDPIE_0_Brackeys2026Map
[2026.08.26-20.48.59:065][993]LogPlayLevel: PIE: StaticDuplicateObject took: (0.002347s)
[2026.08.26-20.48.59:066][993]LogAIModule: Creating AISystem for world Brackeys2026Map
[2026.08.26-20.48.59:066][993]LogPlayLevel: PIE: World Init took: (0.001139s)
[2026.08.26-20.48.59:066][993]LogPlayLevel: PIE: Created PIE world by copying editor world from /Game/Brackeys2026/Levels/Brackeys2026Map.Brackeys2026Map to /Game/Brackeys2026/Levels/UEDPIE_0_Brackeys2026Map.Brackeys2026Map (0.003612s)
[2026.08.26-20.48.59:104][993]LogUObjectHash: Compacting FUObjectHashTables data took   2.95ms
[2026.08.26-20.48.59:104][993]LogAudio: Display: Creating Audio Device:                 Id: 19, Scope: Unique, Realtime: True
[2026.08.26-20.48.59:104][993]LogAudioMixer: Display: Audio Mixer Platform Settings:
[2026.08.26-20.48.59:104][993]LogAudioMixer: Display: 	Sample Rate:						  48000
[2026.08.26-20.48.59:104][993]LogAudioMixer: Display: 	Callback Buffer Frame Size Requested: 1024
[2026.08.26-20.48.59:104][993]LogAudioMixer: Display: 	Callback Buffer Frame Size To Use:	  1024
[2026.08.26-20.48.59:104][993]LogAudioMixer: Display: 	Number of buffers to queue:			  2
[2026.08.26-20.48.59:104][993]LogAudioMixer: Display: 	Max Channels (voices):				  32
[2026.08.26-20.48.59:104][993]LogAudioMixer: Display: 	Number of Async Source Workers:		  0
[2026.08.26-20.48.59:104][993]LogAudio: Display: AudioDevice MaxSources: 32
[2026.08.26-20.48.59:104][993]LogAudio: Display: Audio Spatialization Plugin: None (built-in).
[2026.08.26-20.48.59:104][993]LogAudio: Display: Audio Reverb Plugin: None (built-in).
[2026.08.26-20.48.59:104][993]LogAudio: Display: Audio Occlusion Plugin: None (built-in).
[2026.08.26-20.48.59:104][993]LogAudioMixer: Display: Initializing audio mixer.
[2026.08.26-20.48.59:109][993]LogAudioMixer: Display: 0: FrontLeft
[2026.08.26-20.48.59:109][993]LogAudioMixer: Display: 1: FrontRight
[2026.08.26-20.48.59:124][993]LogAudioMixer: Display: Using Audio Device Realtek HD Audio 2nd output (Realtek(R) Audio)
[2026.08.26-20.48.59:124][993]LogAudioMixer: Display: Initializing Sound Submixes...
[2026.08.26-20.48.59:124][993]LogAudioMixer: Display: Creating Master Submix 'MasterSubmixDefault'
[2026.08.26-20.48.59:124][993]LogAudioMixer: Display: Creating Master Submix 'MasterReverbSubmixDefault'
[2026.08.26-20.48.59:124][993]LogAudioMixer: Display: Creating Master Submix 'MasterEQSubmixDefault'
[2026.08.26-20.48.59:124][993]LogAudioMixer: FMixerPlatformXAudio2::StartAudioStream() called
[2026.08.26-20.48.59:124][993]LogAudioMixer: Display: Output buffers initialized: Frames=1024, Channels=2, Samples=2048
[2026.08.26-20.48.59:125][993]LogAudioMixer: Display: Starting AudioMixerPlatformInterface::RunInternal()
[2026.08.26-20.48.59:125][993]LogAudioMixer: Display: FMixerPlatformXAudio2::SubmitBuffer() called for the first time
[2026.08.26-20.48.59:125][993]LogInit: FAudioDevice initialized.
[2026.08.26-20.48.59:125][993]LogAudio: Display: Audio Device (ID: 19) registered with world 'Brackeys2026Map'.
[2026.08.26-20.48.59:159][993]LogSlate: Updating window title bar state: overlay mode, drag disabled, window buttons hidden, title bar hidden
[2026.08.26-20.48.59:160][993]LogLoad: Game class is 'BrackeysGameMode_C'
[2026.08.26-20.48.59:161][993]LogWorld: Bringing World /Game/Brackeys2026/Levels/UEDPIE_0_Brackeys2026Map.Brackeys2026Map up for play (max tick rate 0) at 2026.08.26-13.48.59
[2026.08.26-20.48.59:161][993]LogWorld: Bringing up level for play took: 0.001037
[2026.08.26-20.48.59:162][993]LogOnline: OSS: Creating online subsystem instance for: :Context_29
[2026.08.26-20.48.59:168][993]PIE: Server logged in
[2026.08.26-20.48.59:169][993]PIE: Play in editor total start time 0.11 seconds.
[2026.08.26-20.49.04:750][653]LogSlate: Updating window title bar state: overlay mode, drag disabled, window buttons hidden, title bar hidden
[2026.08.26-20.49.04:750][653]LogWorld: BeginTearingDown for /Game/Brackeys2026/Levels/UEDPIE_0_Brackeys2026Map
[2026.08.26-20.49.04:750][653]LogSlate: Window 'BrackeysJam2026 Preview [NetMode: Standalone]  (64-bit/Windows) ' being destroyed
[2026.08.26-20.49.04:757][653]LogWorld: UWorld::CleanupWorld for Brackeys2026Map, bSessionEnded=true, bCleanupResources=true
[2026.08.26-20.49.04:758][653]LogSlate: InvalidateAllWidgets triggered.  All widgets were invalidated
[2026.08.26-20.49.04:769][653]LogPlayLevel: Display: Shutting down PIE online subsystems
[2026.08.26-20.49.04:774][653]LogSlate: InvalidateAllWidgets triggered.  All widgets were invalidated
[2026.08.26-20.49.04:807][653]LogAudio: Display: Audio Device unregistered from world 'None'.
[2026.08.26-20.49.04:807][653]LogAudioMixer: FMixerPlatformXAudio2::StopAudioStream() called
[2026.08.26-20.49.04:809][653]LogAudioMixer: FMixerPlatformXAudio2::StopAudioStream() called
[2026.08.26-20.49.04:814][653]LogUObjectHash: Compacting FUObjectHashTables data took   2.14ms
[2026.08.26-20.49.04:829][654]LogPlayLevel: Display: Destroying online subsystem :Context_29
[2026.08.26-20.49.14:812][240]LogUObjectHash: Compacting FUObjectHashTables data took   2.51ms
[2026.08.26-20.49.16:015][240]LogSlate: Window 'Save Content' being destroyed
[2026.08.26-20.49.16:053][240]LogSavePackage: Moving 'E:/_Alex's Data/Unreal Engine/Unreal Projects/Brackeys2026/Brackeys-2026/BrackeysJam2026/Saved/BP_CueRevolver62E474BC4ECE7336914929957F7F9452.tmp' to 'E:/_Alex's Data/Unreal Engine/Unreal Projects/Brackeys2026/Brackeys-2026/BrackeysJam2026/Content/Brackeys2026/SoundEffects/BP_CueRevolver.uasset'
[2026.08.26-20.49.16:115][240]LogSavePackage: Moving 'E:/_Alex's Data/Unreal Engine/Unreal Projects/Brackeys2026/Brackeys-2026/BrackeysJam2026/Saved/BP_Phone6BACE92643114544CB624BB70F3366FC.tmp' to 'E:/_Alex's Data/Unreal Engine/Unreal Projects/Brackeys2026/Brackeys-2026/BrackeysJam2026/Content/Brackeys2026/Objects/Phone/BP_Phone.uasset'
[2026.08.26-20.49.16:162][240]LogSavePackage: Moving 'E:/_Alex's Data/Unreal Engine/Unreal Projects/Brackeys2026/Brackeys-2026/BrackeysJam2026/Saved/BP_UIHint27D43866484C4FD4FDBA78A716FCCF1C.tmp' to 'E:/_Alex's Data/Unreal Engine/Unreal Projects/Brackeys2026/Brackeys-2026/BrackeysJam2026/Content/Brackeys2026/UI/BP_UIHint.uasset'
[2026.08.26-20.49.16:203][240]LogUObjectHash: Compacting FUObjectHashTables data took   2.43ms
[2026.08.26-20.49.16:219][240]LogSavePackage: Moving 'E:/_Alex's Data/Unreal Engine/Unreal Projects/Brackeys2026/Brackeys-2026/BrackeysJam2026/Saved/Brackeys2026MapC24052114DE2C3DC76E60ABF1AB7CC81.tmp' to 'E:/_Alex's Data/Unreal Engine/Unreal Projects/Brackeys2026/Brackeys-2026/BrackeysJam2026/Content/Brackeys2026/Levels/Brackeys2026Map.umap'
[2026.08.26-20.49.16:306][240]LogFileHelpers: Saving map 'Brackeys2026Map' took 0.138
[2026.08.26-20.49.16:313][240]LogSavePackage: Moving 'E:/_Alex's Data/Unreal Engine/Unreal Projects/Brackeys2026/Brackeys-2026/BrackeysJam2026/Saved/Gun_Reload_Right332177474AFE6C1AA32E2A864C80419E.tmp' to 'E:/_Alex's Data/Unreal Engine/Unreal Projects/Brackeys2026/Brackeys-2026/BrackeysJam2026/Content/Brackeys2026/SoundEffects/Gun_Reload_Right.uasset'
[2026.08.26-20.49.16:405][240]LogSavePackage: Moving 'E:/_Alex's Data/Unreal Engine/Unreal Projects/Brackeys2026/Brackeys-2026/BrackeysJam2026/Saved/Opponent_Dry_FireA27F2DAD47766D065FCB40B7E1C47FB1.tmp' to 'E:/_Alex's Data/Unreal Engine/Unreal Projects/Brackeys2026/Brackeys-2026/BrackeysJam2026/Content/Brackeys2026/SoundEffects/Opponent_Dry_Fire.uasset'
[2026.08.26-20.49.16:412][240]LogSavePackage: Moving 'E:/_Alex's Data/Unreal Engine/Unreal Projects/Brackeys2026/Brackeys-2026/BrackeysJam2026/Saved/Opponent_Self_Shot3E7F43564734FBDDDA0428825DE4CB32.tmp' to 'E:/_Alex's Data/Unreal Engine/Unreal Projects/Brackeys2026/Brackeys-2026/BrackeysJam2026/Content/Brackeys2026/SoundEffects/Opponent_Self_Shot.uasset'
[2026.08.26-20.49.16:418][240]LogSavePackage: Moving 'E:/_Alex's Data/Unreal Engine/Unreal Projects/Brackeys2026/Brackeys-2026/BrackeysJam2026/Saved/Self_Shot10BFB2D94EF5C289B9E5F6B5C4109C1A.tmp' to 'E:/_Alex's Data/Unreal Engine/Unreal Projects/Brackeys2026/Brackeys-2026/BrackeysJam2026/Content/Brackeys2026/SoundEffects/Self_Shot.uasset'
[2026.08.26-20.49.16:425][240]LogSavePackage: Moving 'E:/_Alex's Data/Unreal Engine/Unreal Projects/Brackeys2026/Brackeys-2026/BrackeysJam2026/Saved/Self_Shot_Death399B15F544DDD3120500038C4F3762F8.tmp' to 'E:/_Alex's Data/Unreal Engine/Unreal Projects/Brackeys2026/Brackeys-2026/BrackeysJam2026/Content/Brackeys2026/SoundEffects/Self_Shot_Death.uasset'
[2026.08.26-20.49.16:443][240]AssetCheck: New page: Asset Save: multiple assets
[2026.08.26-20.49.16:443][240]LogContentValidation: Display: Validating SoundCue /Game/Brackeys2026/SoundEffects/BP_CueRevolver.BP_CueRevolver
[2026.08.26-20.49.16:443][240]LogContentValidation: Display: Validating WidgetBlueprint /Game/Brackeys2026/UI/BP_UIHint.BP_UIHint
[2026.08.26-20.49.16:444][240]LogContentValidation: Display: Validating Blueprint /Game/Brackeys2026/Objects/Phone/BP_Phone.BP_Phone
[2026.08.26-20.49.16:444][240]LogContentValidation: Display: Validating World /Game/Brackeys2026/Levels/Brackeys2026Map.Brackeys2026Map
[2026.08.26-20.49.16:444][240]LogContentValidation: Display: Validating SoundWave /Game/Brackeys2026/SoundEffects/Gun_Reload_Right.Gun_Reload_Right
[2026.08.26-20.49.16:444][240]LogContentValidation: Display: Validating SoundWave /Game/Brackeys2026/SoundEffects/Opponent_Dry_Fire.Opponent_Dry_Fire
[2026.08.26-20.49.16:444][240]LogContentValidation: Display: Validating SoundWave /Game/Brackeys2026/SoundEffects/Opponent_Self_Shot.Opponent_Self_Shot
[2026.08.26-20.49.16:444][240]LogContentValidation: Display: Validating SoundWave /Game/Brackeys2026/SoundEffects/Self_Shot_Death.Self_Shot_Death
[2026.08.26-20.49.16:444][240]LogContentValidation: Display: Validating SoundWave /Game/Brackeys2026/SoundEffects/Self_Shot.Self_Shot
[2026.08.26-20.49.20:667][715]BlueprintLog: New page: Compile BP_UIHint
[2026.08.26-20.49.20:730][715]LogUObjectHash: Compacting FUObjectHashTables data took   2.62ms
[2026.08.26-20.49.21:205][755]LogSavePackage: Moving 'E:/_Alex's Data/Unreal Engine/Unreal Projects/Brackeys2026/Brackeys-2026/BrackeysJam2026/Saved/BP_UIHintB7968B6440171F023C021092FAFF0D1A.tmp' to 'E:/_Alex's Data/Unreal Engine/Unreal Projects/Brackeys2026/Brackeys-2026/BrackeysJam2026/Content/Brackeys2026/UI/BP_UIHint.uasset'
[2026.08.26-20.49.21:227][755]AssetCheck: New page: Asset Save: BP_UIHint
[2026.08.26-20.49.21:227][755]LogContentValidation: Display: Validating WidgetBlueprint /Game/Brackeys2026/UI/BP_UIHint.BP_UIHint
[2026.08.26-20.56.32:622][446]BlueprintLog: New page: Compile BP_Revolver
[2026.08.26-20.56.32:706][446]LogUObjectHash: Compacting FUObjectHashTables data took   3.67ms
[2026.08.26-20.56.35:419][482]LogSavePackage: Moving 'E:/_Alex's Data/Unreal Engine/Unreal Projects/Brackeys2026/Brackeys-2026/BrackeysJam2026/Saved/BP_Revolver64FA1A7540E5C001EBDDA581331C4B09.tmp' to 'E:/_Alex's Data/Unreal Engine/Unreal Projects/Brackeys2026/Brackeys-2026/BrackeysJam2026/Content/Brackeys2026/Objects/Revolver/BP_Revolver.uasset'
[2026.08.26-20.56.35:444][482]AssetCheck: New page: Asset Save: BP_Revolver
[2026.08.26-20.56.35:444][482]LogContentValidation: Display: Validating Blueprint /Game/Brackeys2026/Objects/Revolver/BP_Revolver.BP_Revolver
[2026.08.26-20.57.04:057][482]BlueprintLog: New page: Compile BP_Player
[2026.08.26-20.57.04:142][482]LogUObjectHash: Compacting FUObjectHashTables data took   3.06ms
[2026.08.26-20.57.04:643][520]LogSavePackage: Moving 'E:/_Alex's Data/Unreal Engine/Unreal Projects/Brackeys2026/Brackeys-2026/BrackeysJam2026/Saved/BP_Player61D02D3E46387F98EB5FD0AA15ED50D0.tmp' to 'E:/_Alex's Data/Unreal Engine/Unreal Projects/Brackeys2026/Brackeys-2026/BrackeysJam2026/Content/Brackeys2026/Characters/Player/BP_Player.uasset'
[2026.08.26-20.57.04:670][520]AssetCheck: New page: Asset Save: BP_Player
[2026.08.26-20.57.04:671][520]LogContentValidation: Display: Validating Blueprint /Game/Brackeys2026/Characters/Player/BP_Player.BP_Player
[2026.08.26-20.57.05:146][568]LogTemp: Repeating last play command: Selected Viewport
[2026.08.26-20.57.05:154][568]LogPlayLevel: PlayLevel: No blueprints needed recompiling
[2026.08.26-20.57.05:154][568]PIE: New page: PIE session: Brackeys2026Map (Aug 26, 2026, 6:57:05 AM)
[2026.08.26-20.57.05:154][568]LogPlayLevel: Creating play world package: /Game/Brackeys2026/Levels/UEDPIE_0_Brackeys2026Map
[2026.08.26-20.57.05:157][568]LogPlayLevel: PIE: StaticDuplicateObject took: (0.002964s)
[2026.08.26-20.57.05:157][568]LogAIModule: Creating AISystem for world Brackeys2026Map
[2026.08.26-20.57.05:158][568]LogPlayLevel: PIE: World Init took: (0.001410s)
[2026.08.26-20.57.05:158][568]LogPlayLevel: PIE: Created PIE world by copying editor world from /Game/Brackeys2026/Levels/Brackeys2026Map.Brackeys2026Map to /Game/Brackeys2026/Levels/UEDPIE_0_Brackeys2026Map.Brackeys2026Map (0.004538s)
[2026.08.26-20.57.05:194][568]LogUObjectHash: Compacting FUObjectHashTables data took   3.08ms
[2026.08.26-20.57.05:194][568]LogAudio: Display: Creating Audio Device:                 Id: 20, Scope: Unique, Realtime: True
[2026.08.26-20.57.05:194][568]LogAudioMixer: Display: Audio Mixer Platform Settings:
[2026.08.26-20.57.05:194][568]LogAudioMixer: Display: 	Sample Rate:						  48000
[2026.08.26-20.57.05:194][568]LogAudioMixer: Display: 	Callback Buffer Frame Size Requested: 1024
[2026.08.26-20.57.05:194][568]LogAudioMixer: Display: 	Callback Buffer Frame Size To Use:	  1024
[2026.08.26-20.57.05:194][568]LogAudioMixer: Display: 	Number of buffers to queue:			  2
[2026.08.26-20.57.05:194][568]LogAudioMixer: Display: 	Max Channels (voices):				  32
[2026.08.26-20.57.05:194][568]LogAudioMixer: Display: 	Number of Async Source Workers:		  0
[2026.08.26-20.57.05:194][568]LogAudio: Display: AudioDevice MaxSources: 32
[2026.08.26-20.57.05:194][568]LogAudio: Display: Audio Spatialization Plugin: None (built-in).
[2026.08.26-20.57.05:194][568]LogAudio: Display: Audio Reverb Plugin: None (built-in).
[2026.08.26-20.57.05:194][568]LogAudio: Display: Audio Occlusion Plugin: None (built-in).
[2026.08.26-20.57.05:194][568]LogAudioMixer: Display: Initializing audio mixer.
[2026.08.26-20.57.05:200][568]LogAudioMixer: Display: 0: FrontLeft
[2026.08.26-20.57.05:200][568]LogAudioMixer: Display: 1: FrontRight
[2026.08.26-20.57.05:215][568]LogAudioMixer: Display: Using Audio Device Realtek HD Audio 2nd output (Realtek(R) Audio)
[2026.08.26-20.57.05:215][568]LogAudioMixer: Display: Initializing Sound Submixes...
[2026.08.26-20.57.05:215][568]LogAudioMixer: Display: Creating Master Submix 'MasterSubmixDefault'
[2026.08.26-20.57.05:215][568]LogAudioMixer: Display: Creating Master Submix 'MasterReverbSubmixDefault'
[2026.08.26-20.57.05:216][568]LogAudioMixer: Display: Creating Master Submix 'MasterEQSubmixDefault'
[2026.08.26-20.57.05:216][568]LogAudioMixer: FMixerPlatformXAudio2::StartAudioStream() called
[2026.08.26-20.57.05:216][568]LogAudioMixer: Display: Output buffers initialized: Frames=1024, Channels=2, Samples=2048
[2026.08.26-20.57.05:216][568]LogAudioMixer: Display: Starting AudioMixerPlatformInterface::RunInternal()
[2026.08.26-20.57.05:216][568]LogAudioMixer: Display: FMixerPlatformXAudio2::SubmitBuffer() called for the first time
[2026.08.26-20.57.05:216][568]LogInit: FAudioDevice initialized.
[2026.08.26-20.57.05:216][568]LogAudio: Display: Audio Device (ID: 20) registered with world 'Brackeys2026Map'.
[2026.08.26-20.57.05:261][568]LogSlate: Updating window title bar state: overlay mode, drag disabled, window buttons hidden, title bar hidden
[2026.08.26-20.57.05:261][568]LogLoad: Game class is 'BrackeysGameMode_C'
[2026.08.26-20.57.05:262][568]LogWorld: Bringing World /Game/Brackeys2026/Levels/UEDPIE_0_Brackeys2026Map.Brackeys2026Map up for play (max tick rate 0) at 2026.08.26-13.57.05
[2026.08.26-20.57.05:262][568]LogWorld: Bringing up level for play took: 0.000758
[2026.08.26-20.57.05:262][568]LogOnline: OSS: Creating online subsystem instance for: :Context_31
[2026.08.26-20.57.05:270][568]PIE: Server logged in
[2026.08.26-20.57.05:272][568]PIE: Play in editor total start time 0.122 seconds.
[2026.08.26-20.57.10:930][201]LogSlate: Updating window title bar state: overlay mode, drag disabled, window buttons hidden, title bar hidden
[2026.08.26-20.57.10:930][201]LogWorld: BeginTearingDown for /Game/Brackeys2026/Levels/UEDPIE_0_Brackeys2026Map
[2026.08.26-20.57.10:930][201]LogSlate: Window 'BrackeysJam2026 Preview [NetMode: Standalone]  (64-bit/Windows) ' being destroyed
[2026.08.26-20.57.10:938][201]LogWorld: UWorld::CleanupWorld for Brackeys2026Map, bSessionEnded=true, bCleanupResources=true
[2026.08.26-20.57.10:938][201]LogSlate: InvalidateAllWidgets triggered.  All widgets were invalidated
[2026.08.26-20.57.10:946][201]LogPlayLevel: Display: Shutting down PIE online subsystems
[2026.08.26-20.57.10:951][201]LogSlate: InvalidateAllWidgets triggered.  All widgets were invalidated
[2026.08.26-20.57.10:981][201]LogAudio: Display: Audio Device unregistered from world 'None'.
[2026.08.26-20.57.10:982][201]LogAudioMixer: FMixerPlatformXAudio2::StopAudioStream() called
[2026.08.26-20.57.10:983][201]LogAudioMixer: FMixerPlatformXAudio2::StopAudioStream() called
[2026.08.26-20.57.10:987][201]LogUObjectHash: Compacting FUObjectHashTables data took   2.15ms
[2026.08.26-20.57.11:007][202]LogPlayLevel: Display: Destroying online subsystem :Context_31
[2026.08.26-20.57.49:061][445]BlueprintLog: New page: Compile BP_UIPlayer
[2026.08.26-20.57.49:114][445]LogUObjectHash: Compacting FUObjectHashTables data took   2.87ms
[2026.08.26-20.57.49:499][480]LogSavePackage: Moving 'E:/_Alex's Data/Unreal Engine/Unreal Projects/Brackeys2026/Brackeys-2026/BrackeysJam2026/Saved/BP_UIPlayer32E23C7D49CC3EB0CA8FCA8101967A22.tmp' to 'E:/_Alex's Data/Unreal Engine/Unreal Projects/Brackeys2026/Brackeys-2026/BrackeysJam2026/Content/Brackeys2026/UI/BP_UIPlayer.uasset'
[2026.08.26-20.57.49:524][480]AssetCheck: New page: Asset Save: BP_UIPlayer
[2026.08.26-20.57.49:524][480]LogContentValidation: Display: Validating WidgetBlueprint /Game/Brackeys2026/UI/BP_UIPlayer.BP_UIPlayer
[2026.08.26-20.57.50:068][538]LogTemp: Repeating last play command: Selected Viewport
[2026.08.26-20.57.50:078][538]LogPlayLevel: PlayLevel: No blueprints needed recompiling
[2026.08.26-20.57.50:078][538]PIE: New page: PIE session: Brackeys2026Map (Aug 26, 2026, 6:57:50 AM)
[2026.08.26-20.57.50:078][538]LogPlayLevel: Creating play world package: /Game/Brackeys2026/Levels/UEDPIE_0_Brackeys2026Map
[2026.08.26-20.57.50:081][538]LogPlayLevel: PIE: StaticDuplicateObject took: (0.002521s)
[2026.08.26-20.57.50:081][538]LogAIModule: Creating AISystem for world Brackeys2026Map
[2026.08.26-20.57.50:082][538]LogPlayLevel: PIE: World Init took: (0.001415s)
[2026.08.26-20.57.50:082][538]LogPlayLevel: PIE: Created PIE world by copying editor world from /Game/Brackeys2026/Levels/Brackeys2026Map.Brackeys2026Map to /Game/Brackeys2026/Levels/UEDPIE_0_Brackeys2026Map.Brackeys2026Map (0.004098s)
[2026.08.26-20.57.50:117][538]LogUObjectHash: Compacting FUObjectHashTables data took   3.04ms
[2026.08.26-20.57.50:117][538]LogAudio: Display: Creating Audio Device:                 Id: 21, Scope: Unique, Realtime: True
[2026.08.26-20.57.50:117][538]LogAudioMixer: Display: Audio Mixer Platform Settings:
[2026.08.26-20.57.50:117][538]LogAudioMixer: Display: 	Sample Rate:						  48000
[2026.08.26-20.57.50:117][538]LogAudioMixer: Display: 	Callback Buffer Frame Size Requested: 1024
[2026.08.26-20.57.50:117][538]LogAudioMixer: Display: 	Callback Buffer Frame Size To Use:	  1024
[2026.08.26-20.57.50:117][538]LogAudioMixer: Display: 	Number of buffers to queue:			  2
[2026.08.26-20.57.50:117][538]LogAudioMixer: Display: 	Max Channels (voices):				  32
[2026.08.26-20.57.50:117][538]LogAudioMixer: Display: 	Number of Async Source Workers:		  0
[2026.08.26-20.57.50:118][538]LogAudio: Display: AudioDevice MaxSources: 32
[2026.08.26-20.57.50:118][538]LogAudio: Display: Audio Spatialization Plugin: None (built-in).
[2026.08.26-20.57.50:118][538]LogAudio: Display: Audio Reverb Plugin: None (built-in).
[2026.08.26-20.57.50:118][538]LogAudio: Display: Audio Occlusion Plugin: None (built-in).
[2026.08.26-20.57.50:118][538]LogAudioMixer: Display: Initializing audio mixer.
[2026.08.26-20.57.50:123][538]LogAudioMixer: Display: 0: FrontLeft
[2026.08.26-20.57.50:123][538]LogAudioMixer: Display: 1: FrontRight
[2026.08.26-20.57.50:135][538]LogAudioMixer: Display: Using Audio Device Realtek HD Audio 2nd output (Realtek(R) Audio)
[2026.08.26-20.57.50:135][538]LogAudioMixer: Display: Initializing Sound Submixes...
[2026.08.26-20.57.50:135][538]LogAudioMixer: Display: Creating Master Submix 'MasterSubmixDefault'
[2026.08.26-20.57.50:135][538]LogAudioMixer: Display: Creating Master Submix 'MasterReverbSubmixDefault'
[2026.08.26-20.57.50:136][538]LogAudioMixer: Display: Creating Master Submix 'MasterEQSubmixDefault'
[2026.08.26-20.57.50:136][538]LogAudioMixer: FMixerPlatformXAudio2::StartAudioStream() called
[2026.08.26-20.57.50:136][538]LogAudioMixer: Display: Output buffers initialized: Frames=1024, Channels=2, Samples=2048
[2026.08.26-20.57.50:137][538]LogAudioMixer: Display: Starting AudioMixerPlatformInterface::RunInternal()
[2026.08.26-20.57.50:137][538]LogAudioMixer: Display: FMixerPlatformXAudio2::SubmitBuffer() called for the first time
[2026.08.26-20.57.50:137][538]LogInit: FAudioDevice initialized.
[2026.08.26-20.57.50:137][538]LogAudio: Display: Audio Device (ID: 21) registered with world 'Brackeys2026Map'.
[2026.08.26-20.57.50:162][538]LogSlate: Updating window title bar state: overlay mode, drag disabled, window buttons hidden, title bar hidden
[2026.08.26-20.57.50:162][538]LogLoad: Game class is 'BrackeysGameMode_C'
[2026.08.26-20.57.50:163][538]LogWorld: Bringing World /Game/Brackeys2026/Levels/UEDPIE_0_Brackeys2026Map.Brackeys2026Map up for play (max tick rate 0) at 2026.08.26-13.57.50
[2026.08.26-20.57.50:163][538]LogWorld: Bringing up level for play took: 0.000668
[2026.08.26-20.57.50:163][538]LogOnline: OSS: Creating online subsystem instance for: :Context_32
[2026.08.26-20.57.50:171][538]PIE: Server logged in
[2026.08.26-20.57.50:174][538]PIE: Play in editor total start time 0.098 seconds.
[2026.08.26-20.57.54:770][ 80]LogSlate: Updating window title bar state: overlay mode, drag disabled, window buttons hidden, title bar hidden
[2026.08.26-20.57.54:770][ 80]LogWorld: BeginTearingDown for /Game/Brackeys2026/Levels/UEDPIE_0_Brackeys2026Map
[2026.08.26-20.57.54:770][ 80]LogSlate: Window 'BrackeysJam2026 Preview [NetMode: Standalone]  (64-bit/Windows) ' being destroyed
[2026.08.26-20.57.54:782][ 80]LogWorld: UWorld::CleanupWorld for Brackeys2026Map, bSessionEnded=true, bCleanupResources=true
[2026.08.26-20.57.54:782][ 80]LogSlate: InvalidateAllWidgets triggered.  All widgets were invalidated
[2026.08.26-20.57.54:794][ 80]LogPlayLevel: Display: Shutting down PIE online subsystems
[2026.08.26-20.57.54:798][ 80]LogSlate: InvalidateAllWidgets triggered.  All widgets were invalidated
[2026.08.26-20.57.54:828][ 80]LogAudio: Display: Audio Device unregistered from world 'None'.
[2026.08.26-20.57.54:829][ 80]LogAudioMixer: FMixerPlatformXAudio2::StopAudioStream() called
[2026.08.26-20.57.54:830][ 80]LogAudioMixer: FMixerPlatformXAudio2::StopAudioStream() called
[2026.08.26-20.57.54:836][ 80]LogUObjectHash: Compacting FUObjectHashTables data took   2.20ms
[2026.08.26-20.57.54:854][ 81]LogPlayLevel: Display: Destroying online subsystem :Context_32
[2026.08.26-20.58.12:367][ 42]LogEditorTransaction: Undo Move Nodes
[2026.08.26-20.58.12:828][ 54]LogEditorTransaction: Undo Delete current selection
[2026.08.26-20.59.06:074][506]BlueprintLog: New page: Compile BP_Revolver
[2026.08.26-20.59.06:158][506]LogUObjectHash: Compacting FUObjectHashTables data took   3.50ms
[2026.08.26-20.59.09:173][540]LogSavePackage: Moving 'E:/_Alex's Data/Unreal Engine/Unreal Projects/Brackeys2026/Brackeys-2026/BrackeysJam2026/Saved/BP_RevolverEA2CF5F54E4F0C4A0137C08F1BA1F8AD.tmp' to 'E:/_Alex's Data/Unreal Engine/Unreal Projects/Brackeys2026/Brackeys-2026/BrackeysJam2026/Content/Brackeys2026/Objects/Revolver/BP_Revolver.uasset'
[2026.08.26-20.59.09:198][540]AssetCheck: New page: Asset Save: BP_Revolver
[2026.08.26-20.59.09:199][540]LogContentValidation: Display: Validating Blueprint /Game/Brackeys2026/Objects/Revolver/BP_Revolver.BP_Revolver
[2026.08.26-20.59.09:893][615]LogTemp: Repeating last play command: Selected Viewport
[2026.08.26-20.59.09:902][615]LogPlayLevel: PlayLevel: No blueprints needed recompiling
[2026.08.26-20.59.09:902][615]PIE: New page: PIE session: Brackeys2026Map (Aug 26, 2026, 6:59:09 AM)
[2026.08.26-20.59.09:902][615]LogPlayLevel: Creating play world package: /Game/Brackeys2026/Levels/UEDPIE_0_Brackeys2026Map
[2026.08.26-20.59.09:905][615]LogPlayLevel: PIE: StaticDuplicateObject took: (0.002907s)
[2026.08.26-20.59.09:907][615]LogAIModule: Creating AISystem for world Brackeys2026Map
[2026.08.26-20.59.09:907][615]LogPlayLevel: PIE: World Init took: (0.001639s)
[2026.08.26-20.59.09:907][615]LogPlayLevel: PIE: Created PIE world by copying editor world from /Game/Brackeys2026/Levels/Brackeys2026Map.Brackeys2026Map to /Game/Brackeys2026/Levels/UEDPIE_0_Brackeys2026Map.Brackeys2026Map (0.004703s)
[2026.08.26-20.59.09:942][615]LogUObjectHash: Compacting FUObjectHashTables data took   2.88ms
[2026.08.26-20.59.09:942][615]LogAudio: Display: Creating Audio Device:                 Id: 22, Scope: Unique, Realtime: True
[2026.08.26-20.59.09:943][615]LogAudioMixer: Display: Audio Mixer Platform Settings:
[2026.08.26-20.59.09:943][615]LogAudioMixer: Display: 	Sample Rate:						  48000
[2026.08.26-20.59.09:943][615]LogAudioMixer: Display: 	Callback Buffer Frame Size Requested: 1024
[2026.08.26-20.59.09:943][615]LogAudioMixer: Display: 	Callback Buffer Frame Size To Use:	  1024
[2026.08.26-20.59.09:943][615]LogAudioMixer: Display: 	Number of buffers to queue:			  2
[2026.08.26-20.59.09:943][615]LogAudioMixer: Display: 	Max Channels (voices):				  32
[2026.08.26-20.59.09:943][615]LogAudioMixer: Display: 	Number of Async Source Workers:		  0
[2026.08.26-20.59.09:943][615]LogAudio: Display: AudioDevice MaxSources: 32
[2026.08.26-20.59.09:943][615]LogAudio: Display: Audio Spatialization Plugin: None (built-in).
[2026.08.26-20.59.09:943][615]LogAudio: Display: Audio Reverb Plugin: None (built-in).
[2026.08.26-20.59.09:943][615]LogAudio: Display: Audio Occlusion Plugin: None (built-in).
[2026.08.26-20.59.09:943][615]LogAudioMixer: Display: Initializing audio mixer.
[2026.08.26-20.59.09:947][615]LogAudioMixer: Display: 0: FrontLeft
[2026.08.26-20.59.09:947][615]LogAudioMixer: Display: 1: FrontRight
[2026.08.26-20.59.09:961][615]LogAudioMixer: Display: Using Audio Device Realtek HD Audio 2nd output (Realtek(R) Audio)
[2026.08.26-20.59.09:961][615]LogAudioMixer: Display: Initializing Sound Submixes...
[2026.08.26-20.59.09:961][615]LogAudioMixer: Display: Creating Master Submix 'MasterSubmixDefault'
[2026.08.26-20.59.09:961][615]LogAudioMixer: Display: Creating Master Submix 'MasterReverbSubmixDefault'
[2026.08.26-20.59.09:961][615]LogAudioMixer: Display: Creating Master Submix 'MasterEQSubmixDefault'
[2026.08.26-20.59.09:961][615]LogAudioMixer: FMixerPlatformXAudio2::StartAudioStream() called
[2026.08.26-20.59.09:961][615]LogAudioMixer: Display: Output buffers initialized: Frames=1024, Channels=2, Samples=2048
[2026.08.26-20.59.09:962][615]LogAudioMixer: Display: Starting AudioMixerPlatformInterface::RunInternal()
[2026.08.26-20.59.09:963][615]LogAudioMixer: Display: FMixerPlatformXAudio2::SubmitBuffer() called for the first time
[2026.08.26-20.59.09:963][615]LogInit: FAudioDevice initialized.
[2026.08.26-20.59.09:963][615]LogAudio: Display: Audio Device (ID: 22) registered with world 'Brackeys2026Map'.
[2026.08.26-20.59.10:011][615]LogSlate: Updating window title bar state: overlay mode, drag disabled, window buttons hidden, title bar hidden
[2026.08.26-20.59.10:011][615]LogLoad: Game class is 'BrackeysGameMode_C'
[2026.08.26-20.59.10:012][615]LogWorld: Bringing World /Game/Brackeys2026/Levels/UEDPIE_0_Brackeys2026Map.Brackeys2026Map up for play (max tick rate 0) at 2026.08.26-13.59.10
[2026.08.26-20.59.10:012][615]LogWorld: Bringing up level for play took: 0.001058
[2026.08.26-20.59.10:012][615]LogOnline: OSS: Creating online subsystem instance for: :Context_33
[2026.08.26-20.59.10:020][615]PIE: Server logged in
[2026.08.26-20.59.10:022][615]PIE: Play in editor total start time 0.123 seconds.
[2026.08.26-20.59.17:430][446]LogSlate: Updating window title bar state: overlay mode, drag disabled, window buttons hidden, title bar hidden
[2026.08.26-20.59.17:430][446]LogWorld: BeginTearingDown for /Game/Brackeys2026/Levels/UEDPIE_0_Brackeys2026Map
[2026.08.26-20.59.17:430][446]LogSlate: Window 'BrackeysJam2026 Preview [NetMode: Standalone]  (64-bit/Windows) ' being destroyed
[2026.08.26-20.59.17:438][446]LogWorld: UWorld::CleanupWorld for Brackeys2026Map, bSessionEnded=true, bCleanupResources=true
[2026.08.26-20.59.17:439][446]LogSlate: InvalidateAllWidgets triggered.  All widgets were invalidated
[2026.08.26-20.59.17:450][446]LogPlayLevel: Display: Shutting down PIE online subsystems
[2026.08.26-20.59.17:456][446]LogSlate: InvalidateAllWidgets triggered.  All widgets were invalidated
[2026.08.26-20.59.17:488][446]LogAudio: Display: Audio Device unregistered from world 'None'.
[2026.08.26-20.59.17:489][446]LogAudioMixer: FMixerPlatformXAudio2::StopAudioStream() called
[2026.08.26-20.59.17:490][446]LogAudioMixer: FMixerPlatformXAudio2::StopAudioStream() called
[2026.08.26-20.59.17:495][446]LogUObjectHash: Compacting FUObjectHashTables data took   2.33ms
[2026.08.26-20.59.17:517][447]LogPlayLevel: Display: Destroying online subsystem :Context_33
[2026.08.26-20.59.30:577][878]BlueprintLog: New page: Compile BP_Revolver
[2026.08.26-20.59.30:652][878]LogUObjectHash: Compacting FUObjectHashTables data took   2.45ms
[2026.08.26-20.59.31:123][915]LogSavePackage: Moving 'E:/_Alex's Data/Unreal Engine/Unreal Projects/Brackeys2026/Brackeys-2026/BrackeysJam2026/Saved/BP_RevolverE1336DB44BA4FF5D03D3F5979C2A9452.tmp' to 'E:/_Alex's Data/Unreal Engine/Unreal Projects/Brackeys2026/Brackeys-2026/BrackeysJam2026/Content/Brackeys2026/Objects/Revolver/BP_Revolver.uasset'
[2026.08.26-20.59.31:145][915]AssetCheck: New page: Asset Save: BP_Revolver
[2026.08.26-20.59.31:145][915]LogContentValidation: Display: Validating Blueprint /Game/Brackeys2026/Objects/Revolver/BP_Revolver.BP_Revolver
[2026.08.26-20.59.33:811][221]LogTemp: Repeating last play command: Selected Viewport
[2026.08.26-20.59.33:820][221]LogPlayLevel: PlayLevel: No blueprints needed recompiling
[2026.08.26-20.59.33:820][221]PIE: New page: PIE session: Brackeys2026Map (Aug 26, 2026, 6:59:33 AM)
[2026.08.26-20.59.33:820][221]LogPlayLevel: Creating play world package: /Game/Brackeys2026/Levels/UEDPIE_0_Brackeys2026Map
[2026.08.26-20.59.33:823][221]LogPlayLevel: PIE: StaticDuplicateObject took: (0.003073s)
[2026.08.26-20.59.33:824][221]LogAIModule: Creating AISystem for world Brackeys2026Map
[2026.08.26-20.59.33:824][221]LogPlayLevel: PIE: World Init took: (0.000889s)
[2026.08.26-20.59.33:824][221]LogPlayLevel: PIE: Created PIE world by copying editor world from /Game/Brackeys2026/Levels/Brackeys2026Map.Brackeys2026Map to /Game/Brackeys2026/Levels/UEDPIE_0_Brackeys2026Map.Brackeys2026Map (0.004104s)
[2026.08.26-20.59.33:859][221]LogUObjectHash: Compacting FUObjectHashTables data took   3.01ms
[2026.08.26-20.59.33:861][221]LogAudio: Display: Creating Audio Device:                 Id: 23, Scope: Unique, Realtime: True
[2026.08.26-20.59.33:861][221]LogAudioMixer: Display: Audio Mixer Platform Settings:
[2026.08.26-20.59.33:861][221]LogAudioMixer: Display: 	Sample Rate:						  48000
[2026.08.26-20.59.33:861][221]LogAudioMixer: Display: 	Callback Buffer Frame Size Requested: 1024
[2026.08.26-20.59.33:861][221]LogAudioMixer: Display: 	Callback Buffer Frame Size To Use:	  1024
[2026.08.26-20.59.33:861][221]LogAudioMixer: Display: 	Number of buffers to queue:			  2
[2026.08.26-20.59.33:861][221]LogAudioMixer: Display: 	Max Channels (voices):				  32
[2026.08.26-20.59.33:861][221]LogAudioMixer: Display: 	Number of Async Source Workers:		  0
[2026.08.26-20.59.33:861][221]LogAudio: Display: AudioDevice MaxSources: 32
[2026.08.26-20.59.33:862][221]LogAudio: Display: Audio Spatialization Plugin: None (built-in).
[2026.08.26-20.59.33:862][221]LogAudio: Display: Audio Reverb Plugin: None (built-in).
[2026.08.26-20.59.33:862][221]LogAudio: Display: Audio Occlusion Plugin: None (built-in).
[2026.08.26-20.59.33:862][221]LogAudioMixer: Display: Initializing audio mixer.
[2026.08.26-20.59.33:867][221]LogAudioMixer: Display: 0: FrontLeft
[2026.08.26-20.59.33:867][221]LogAudioMixer: Display: 1: FrontRight
[2026.08.26-20.59.33:885][221]LogAudioMixer: Display: Using Audio Device Realtek HD Audio 2nd output (Realtek(R) Audio)
[2026.08.26-20.59.33:885][221]LogAudioMixer: Display: Initializing Sound Submixes...
[2026.08.26-20.59.33:885][221]LogAudioMixer: Display: Creating Master Submix 'MasterSubmixDefault'
[2026.08.26-20.59.33:885][221]LogAudioMixer: Display: Creating Master Submix 'MasterReverbSubmixDefault'
[2026.08.26-20.59.33:885][221]LogAudioMixer: Display: Creating Master Submix 'MasterEQSubmixDefault'
[2026.08.26-20.59.33:885][221]LogAudioMixer: FMixerPlatformXAudio2::StartAudioStream() called
[2026.08.26-20.59.33:885][221]LogAudioMixer: Display: Output buffers initialized: Frames=1024, Channels=2, Samples=2048
[2026.08.26-20.59.33:886][221]LogAudioMixer: Display: Starting AudioMixerPlatformInterface::RunInternal()
[2026.08.26-20.59.33:886][221]LogAudioMixer: Display: FMixerPlatformXAudio2::SubmitBuffer() called for the first time
[2026.08.26-20.59.33:886][221]LogInit: FAudioDevice initialized.
[2026.08.26-20.59.33:886][221]LogAudio: Display: Audio Device (ID: 23) registered with world 'Brackeys2026Map'.
[2026.08.26-20.59.33:926][221]LogSlate: Updating window title bar state: overlay mode, drag disabled, window buttons hidden, title bar hidden
[2026.08.26-20.59.33:926][221]LogLoad: Game class is 'BrackeysGameMode_C'
[2026.08.26-20.59.33:928][221]LogWorld: Bringing World /Game/Brackeys2026/Levels/UEDPIE_0_Brackeys2026Map.Brackeys2026Map up for play (max tick rate 0) at 2026.08.26-13.59.33
[2026.08.26-20.59.33:928][221]LogWorld: Bringing up level for play took: 0.000722
[2026.08.26-20.59.33:928][221]LogOnline: OSS: Creating online subsystem instance for: :Context_35
[2026.08.26-20.59.33:933][221]PIE: Server logged in
[2026.08.26-20.59.33:934][221]PIE: Play in editor total start time 0.117 seconds.
[2026.08.26-20.59.36:380][498]LogSlate: Updating window title bar state: overlay mode, drag disabled, window buttons hidden, title bar hidden
[2026.08.26-20.59.36:381][498]LogWorld: BeginTearingDown for /Game/Brackeys2026/Levels/UEDPIE_0_Brackeys2026Map
[2026.08.26-20.59.36:381][498]LogSlate: Window 'BrackeysJam2026 Preview [NetMode: Standalone]  (64-bit/Windows) ' being destroyed
[2026.08.26-20.59.36:387][498]LogWorld: UWorld::CleanupWorld for Brackeys2026Map, bSessionEnded=true, bCleanupResources=true
[2026.08.26-20.59.36:387][498]LogSlate: InvalidateAllWidgets triggered.  All widgets were invalidated
[2026.08.26-20.59.36:397][498]LogPlayLevel: Display: Shutting down PIE online subsystems
[2026.08.26-20.59.36:402][498]LogSlate: InvalidateAllWidgets triggered.  All widgets were invalidated
[2026.08.26-20.59.36:433][498]LogAudioMixer: FMixerPlatformXAudio2::StopAudioStream() called
[2026.08.26-20.59.36:434][498]LogAudioMixer: FMixerPlatformXAudio2::StopAudioStream() called
[2026.08.26-20.59.36:439][498]LogUObjectHash: Compacting FUObjectHashTables data took   2.15ms
[2026.08.26-20.59.36:453][499]LogPlayLevel: Display: Destroying online subsystem :Context_35
[2026.08.26-20.59.38:386][718]Cmd: TRANSACTION UNDO
[2026.08.26-20.59.38:386][718]LogEditorTransaction: Undo Modify Component(s)
[2026.08.26-20.59.41:060][980]LogTemp: Repeating last play command: Selected Viewport
[2026.08.26-20.59.41:070][980]LogPlayLevel: PlayLevel: No blueprints needed recompiling
[2026.08.26-20.59.41:070][980]PIE: New page: PIE session: Brackeys2026Map (Aug 26, 2026, 6:59:41 AM)
[2026.08.26-20.59.41:070][980]LogPlayLevel: Creating play world package: /Game/Brackeys2026/Levels/UEDPIE_0_Brackeys2026Map
[2026.08.26-20.59.41:073][980]LogPlayLevel: PIE: StaticDuplicateObject took: (0.002993s)
[2026.08.26-20.59.41:074][980]LogAIModule: Creating AISystem for world Brackeys2026Map
[2026.08.26-20.59.41:074][980]LogPlayLevel: PIE: World Init took: (0.001122s)
[2026.08.26-20.59.41:074][980]LogPlayLevel: PIE: Created PIE world by copying editor world from /Game/Brackeys2026/Levels/Brackeys2026Map.Brackeys2026Map to /Game/Brackeys2026/Levels/UEDPIE_0_Brackeys2026Map.Brackeys2026Map (0.004284s)
[2026.08.26-20.59.41:107][980]LogUObjectHash: Compacting FUObjectHashTables data took   2.34ms
[2026.08.26-20.59.41:110][980]LogAudio: Display: Creating Audio Device:                 Id: 24, Scope: Unique, Realtime: True
[2026.08.26-20.59.41:110][980]LogAudioMixer: Display: Audio Mixer Platform Settings:
[2026.08.26-20.59.41:110][980]LogAudioMixer: Display: 	Sample Rate:						  48000
[2026.08.26-20.59.41:110][980]LogAudioMixer: Display: 	Callback Buffer Frame Size Requested: 1024
[2026.08.26-20.59.41:110][980]LogAudioMixer: Display: 	Callback Buffer Frame Size To Use:	  1024
[2026.08.26-20.59.41:110][980]LogAudioMixer: Display: 	Number of buffers to queue:			  2
[2026.08.26-20.59.41:110][980]LogAudioMixer: Display: 	Max Channels (voices):				  32
[2026.08.26-20.59.41:110][980]LogAudioMixer: Display: 	Number of Async Source Workers:		  0
[2026.08.26-20.59.41:110][980]LogAudio: Display: AudioDevice MaxSources: 32
[2026.08.26-20.59.41:110][980]LogAudio: Display: Audio Spatialization Plugin: None (built-in).
[2026.08.26-20.59.41:110][980]LogAudio: Display: Audio Reverb Plugin: None (built-in).
[2026.08.26-20.59.41:110][980]LogAudio: Display: Audio Occlusion Plugin: None (built-in).
[2026.08.26-20.59.41:110][980]LogAudioMixer: Display: Initializing audio mixer.
[2026.08.26-20.59.41:115][980]LogAudioMixer: Display: 0: FrontLeft
[2026.08.26-20.59.41:115][980]LogAudioMixer: Display: 1: FrontRight
[2026.08.26-20.59.41:128][980]LogAudioMixer: Display: Using Audio Device Realtek HD Audio 2nd output (Realtek(R) Audio)
[2026.08.26-20.59.41:129][980]LogAudioMixer: Display: Initializing Sound Submixes...
[2026.08.26-20.59.41:129][980]LogAudioMixer: Display: Creating Master Submix 'MasterSubmixDefault'
[2026.08.26-20.59.41:129][980]LogAudioMixer: Display: Creating Master Submix 'MasterReverbSubmixDefault'
[2026.08.26-20.59.41:129][980]LogAudioMixer: Display: Creating Master Submix 'MasterEQSubmixDefault'
[2026.08.26-20.59.41:129][980]LogAudioMixer: FMixerPlatformXAudio2::StartAudioStream() called
[2026.08.26-20.59.41:129][980]LogAudioMixer: Display: Output buffers initialized: Frames=1024, Channels=2, Samples=2048
[2026.08.26-20.59.41:130][980]LogAudioMixer: Display: Starting AudioMixerPlatformInterface::RunInternal()
[2026.08.26-20.59.41:130][980]LogAudioMixer: Display: FMixerPlatformXAudio2::SubmitBuffer() called for the first time
[2026.08.26-20.59.41:130][980]LogInit: FAudioDevice initialized.
[2026.08.26-20.59.41:130][980]LogAudio: Display: Audio Device (ID: 24) registered with world 'Brackeys2026Map'.
[2026.08.26-20.59.41:160][980]LogSlate: Updating window title bar state: overlay mode, drag disabled, window buttons hidden, title bar hidden
[2026.08.26-20.59.41:162][980]LogLoad: Game class is 'BrackeysGameMode_C'
[2026.08.26-20.59.41:163][980]LogWorld: Bringing World /Game/Brackeys2026/Levels/UEDPIE_0_Brackeys2026Map.Brackeys2026Map up for play (max tick rate 0) at 2026.08.26-13.59.41
[2026.08.26-20.59.41:163][980]LogWorld: Bringing up level for play took: 0.001015
[2026.08.26-20.59.41:163][980]LogOnline: OSS: Creating online subsystem instance for: :Context_36
[2026.08.26-20.59.41:169][980]PIE: Server logged in
[2026.08.26-20.59.41:170][980]PIE: Play in editor total start time 0.104 seconds.
[2026.08.26-20.59.45:041][437]LogSlate: Updating window title bar state: overlay mode, drag disabled, window buttons hidden, title bar hidden
[2026.08.26-20.59.45:041][437]LogWorld: BeginTearingDown for /Game/Brackeys2026/Levels/UEDPIE_0_Brackeys2026Map
[2026.08.26-20.59.45:041][437]LogSlate: Window 'BrackeysJam2026 Preview [NetMode: Standalone]  (64-bit/Windows) ' being destroyed
[2026.08.26-20.59.45:046][437]LogWorld: UWorld::CleanupWorld for Brackeys2026Map, bSessionEnded=true, bCleanupResources=true
[2026.08.26-20.59.45:048][437]LogSlate: InvalidateAllWidgets triggered.  All widgets were invalidated
[2026.08.26-20.59.45:055][437]LogPlayLevel: Display: Shutting down PIE online subsystems
[2026.08.26-20.59.45:061][437]LogSlate: InvalidateAllWidgets triggered.  All widgets were invalidated
[2026.08.26-20.59.45:091][437]LogAudio: Display: Audio Device unregistered from world 'None'.
[2026.08.26-20.59.45:091][437]LogAudioMixer: FMixerPlatformXAudio2::StopAudioStream() called
[2026.08.26-20.59.45:092][437]LogAudioMixer: FMixerPlatformXAudio2::StopAudioStream() called
[2026.08.26-20.59.45:098][437]LogUObjectHash: Compacting FUObjectHashTables data took   2.16ms
[2026.08.26-20.59.45:111][438]LogPlayLevel: Display: Destroying online subsystem :Context_36
[2026.08.26-20.59.51:487][151]LogTemp: Repeating last play command: Selected Viewport
[2026.08.26-20.59.51:497][151]BlueprintLog: New page: Pre-Play auto-recompile
[2026.08.26-20.59.51:499][151]LogPlayLevel: [PlayLevel] Compiling BP_Revolver before play...
[2026.08.26-20.59.51:587][151]LogUObjectHash: Compacting FUObjectHashTables data took   3.16ms
[2026.08.26-20.59.51:589][151]LogPlayLevel: PlayLevel: Blueprint regeneration took 93 ms (1 blueprints)
[2026.08.26-20.59.51:590][151]PIE: New page: PIE session: Brackeys2026Map (Aug 26, 2026, 6:59:51 AM)
[2026.08.26-20.59.51:590][151]LogPlayLevel: Creating play world package: /Game/Brackeys2026/Levels/UEDPIE_0_Brackeys2026Map
[2026.08.26-20.59.51:592][151]LogPlayLevel: PIE: StaticDuplicateObject took: (0.001971s)
[2026.08.26-20.59.51:592][151]LogAIModule: Creating AISystem for world Brackeys2026Map
[2026.08.26-20.59.51:593][151]LogPlayLevel: PIE: World Init took: (0.000956s)
[2026.08.26-20.59.51:593][151]LogPlayLevel: PIE: Created PIE world by copying editor world from /Game/Brackeys2026/Levels/Brackeys2026Map.Brackeys2026Map to /Game/Brackeys2026/Levels/UEDPIE_0_Brackeys2026Map.Brackeys2026Map (0.003095s)
[2026.08.26-20.59.51:624][151]LogUObjectHash: Compacting FUObjectHashTables data took   2.15ms
[2026.08.26-20.59.51:625][151]LogAudio: Display: Creating Audio Device:                 Id: 25, Scope: Unique, Realtime: True
[2026.08.26-20.59.51:625][151]LogAudioMixer: Display: Audio Mixer Platform Settings:
[2026.08.26-20.59.51:625][151]LogAudioMixer: Display: 	Sample Rate:						  48000
[2026.08.26-20.59.51:625][151]LogAudioMixer: Display: 	Callback Buffer Frame Size Requested: 1024
[2026.08.26-20.59.51:625][151]LogAudioMixer: Display: 	Callback Buffer Frame Size To Use:	  1024
[2026.08.26-20.59.51:625][151]LogAudioMixer: Display: 	Number of buffers to queue:			  2
[2026.08.26-20.59.51:625][151]LogAudioMixer: Display: 	Max Channels (voices):				  32
[2026.08.26-20.59.51:625][151]LogAudioMixer: Display: 	Number of Async Source Workers:		  0
[2026.08.26-20.59.51:625][151]LogAudio: Display: AudioDevice MaxSources: 32
[2026.08.26-20.59.51:625][151]LogAudio: Display: Audio Spatialization Plugin: None (built-in).
[2026.08.26-20.59.51:625][151]LogAudio: Display: Audio Reverb Plugin: None (built-in).
[2026.08.26-20.59.51:625][151]LogAudio: Display: Audio Occlusion Plugin: None (built-in).
[2026.08.26-20.59.51:625][151]LogAudioMixer: Display: Initializing audio mixer.
[2026.08.26-20.59.51:629][151]LogAudioMixer: Display: 0: FrontLeft
[2026.08.26-20.59.51:629][151]LogAudioMixer: Display: 1: FrontRight
[2026.08.26-20.59.51:642][151]LogAudioMixer: Display: Using Audio Device Realtek HD Audio 2nd output (Realtek(R) Audio)
[2026.08.26-20.59.51:642][151]LogAudioMixer: Display: Initializing Sound Submixes...
[2026.08.26-20.59.51:642][151]LogAudioMixer: Display: Creating Master Submix 'MasterSubmixDefault'
[2026.08.26-20.59.51:642][151]LogAudioMixer: Display: Creating Master Submix 'MasterReverbSubmixDefault'
[2026.08.26-20.59.51:642][151]LogAudioMixer: Display: Creating Master Submix 'MasterEQSubmixDefault'
[2026.08.26-20.59.51:643][151]LogAudioMixer: FMixerPlatformXAudio2::StartAudioStream() called
[2026.08.26-20.59.51:643][151]LogAudioMixer: Display: Output buffers initialized: Frames=1024, Channels=2, Samples=2048
[2026.08.26-20.59.51:644][151]LogAudioMixer: Display: Starting AudioMixerPlatformInterface::RunInternal()
[2026.08.26-20.59.51:644][151]LogAudioMixer: Display: FMixerPlatformXAudio2::SubmitBuffer() called for the first time
[2026.08.26-20.59.51:644][151]LogInit: FAudioDevice initialized.
[2026.08.26-20.59.51:644][151]LogAudio: Display: Audio Device (ID: 25) registered with world 'Brackeys2026Map'.
[2026.08.26-20.59.51:676][151]LogSlate: Updating window title bar state: overlay mode, drag disabled, window buttons hidden, title bar hidden
[2026.08.26-20.59.51:676][151]LogLoad: Game class is 'BrackeysGameMode_C'
[2026.08.26-20.59.51:678][151]LogWorld: Bringing World /Game/Brackeys2026/Levels/UEDPIE_0_Brackeys2026Map.Brackeys2026Map up for play (max tick rate 0) at 2026.08.26-13.59.51
[2026.08.26-20.59.51:679][151]LogWorld: Bringing up level for play took: 0.000689
[2026.08.26-20.59.51:679][151]LogOnline: OSS: Creating online subsystem instance for: :Context_37
[2026.08.26-20.59.51:685][151]PIE: Server logged in
[2026.08.26-20.59.51:685][151]PIE: Play in editor total start time 0.192 seconds.
[2026.08.26-20.59.55:460][595]LogSlate: Updating window title bar state: overlay mode, drag disabled, window buttons hidden, title bar hidden
[2026.08.26-20.59.55:460][595]LogWorld: BeginTearingDown for /Game/Brackeys2026/Levels/UEDPIE_0_Brackeys2026Map
[2026.08.26-20.59.55:460][595]LogSlate: Window 'BrackeysJam2026 Preview [NetMode: Standalone]  (64-bit/Windows) ' being destroyed
[2026.08.26-20.59.55:465][595]LogWorld: UWorld::CleanupWorld for Brackeys2026Map, bSessionEnded=true, bCleanupResources=true
[2026.08.26-20.59.55:466][595]LogSlate: InvalidateAllWidgets triggered.  All widgets were invalidated
[2026.08.26-20.59.55:471][595]LogPlayLevel: Display: Shutting down PIE online subsystems
[2026.08.26-20.59.55:478][595]LogSlate: InvalidateAllWidgets triggered.  All widgets were invalidated
[2026.08.26-20.59.55:511][595]LogAudioMixer: FMixerPlatformXAudio2::StopAudioStream() called
[2026.08.26-20.59.55:512][595]LogAudioMixer: FMixerPlatformXAudio2::StopAudioStream() called
[2026.08.26-20.59.55:518][595]LogUObjectHash: Compacting FUObjectHashTables data took   2.17ms
[2026.08.26-20.59.55:539][596]LogPlayLevel: Display: Destroying online subsystem :Context_37
[2026.08.26-21.00.04:268][615]BlueprintLog: New page: Compile BP_Revolver
[2026.08.26-21.00.04:367][615]LogUObjectHash: Compacting FUObjectHashTables data took   2.53ms
[2026.08.26-21.00.04:836][655]LogSavePackage: Moving 'E:/_Alex's Data/Unreal Engine/Unreal Projects/Brackeys2026/Brackeys-2026/BrackeysJam2026/Saved/BP_Revolver6772134446B99C70CCCBDA981B15F97B.tmp' to 'E:/_Alex's Data/Unreal Engine/Unreal Projects/Brackeys2026/Brackeys-2026/BrackeysJam2026/Content/Brackeys2026/Objects/Revolver/BP_Revolver.uasset'
[2026.08.26-21.00.04:903][655]AssetCheck: New page: Asset Save: BP_Revolver
[2026.08.26-21.00.04:903][655]LogContentValidation: Display: Validating Blueprint /Game/Brackeys2026/Objects/Revolver/BP_Revolver.BP_Revolver
[2026.08.26-21.00.15:202][788]BlueprintLog: New page: Compile BP_Revolver
[2026.08.26-21.00.15:273][788]LogUObjectHash: Compacting FUObjectHashTables data took   3.10ms
[2026.08.26-21.00.15:704][819]LogSavePackage: Moving 'E:/_Alex's Data/Unreal Engine/Unreal Projects/Brackeys2026/Brackeys-2026/BrackeysJam2026/Saved/BP_Revolver6F1012454B77A54CB13644A3CE4637F1.tmp' to 'E:/_Alex's Data/Unreal Engine/Unreal Projects/Brackeys2026/Brackeys-2026/BrackeysJam2026/Content/Brackeys2026/Objects/Revolver/BP_Revolver.uasset'
[2026.08.26-21.00.15:727][819]AssetCheck: New page: Asset Save: BP_Revolver
[2026.08.26-21.00.15:727][819]LogContentValidation: Display: Validating Blueprint /Game/Brackeys2026/Objects/Revolver/BP_Revolver.BP_Revolver
[2026.08.26-21.00.16:076][858]LogTemp: Repeating last play command: Selected Viewport
[2026.08.26-21.00.16:085][858]LogPlayLevel: PlayLevel: No blueprints needed recompiling
[2026.08.26-21.00.16:085][858]PIE: New page: PIE session: Brackeys2026Map (Aug 26, 2026, 7:00:16 AM)
[2026.08.26-21.00.16:085][858]LogPlayLevel: Creating play world package: /Game/Brackeys2026/Levels/UEDPIE_0_Brackeys2026Map
[2026.08.26-21.00.16:087][858]LogPlayLevel: PIE: StaticDuplicateObject took: (0.002940s)
[2026.08.26-21.00.16:088][858]LogAIModule: Creating AISystem for world Brackeys2026Map
[2026.08.26-21.00.16:088][858]LogPlayLevel: PIE: World Init took: (0.001021s)
[2026.08.26-21.00.16:088][858]LogPlayLevel: PIE: Created PIE world by copying editor world from /Game/Brackeys2026/Levels/Brackeys2026Map.Brackeys2026Map to /Game/Brackeys2026/Levels/UEDPIE_0_Brackeys2026Map.Brackeys2026Map (0.004110s)
[2026.08.26-21.00.16:125][858]LogUObjectHash: Compacting FUObjectHashTables data took   2.99ms
[2026.08.26-21.00.16:125][858]LogAudio: Display: Creating Audio Device:                 Id: 26, Scope: Unique, Realtime: True
[2026.08.26-21.00.16:125][858]LogAudioMixer: Display: Audio Mixer Platform Settings:
[2026.08.26-21.00.16:125][858]LogAudioMixer: Display: 	Sample Rate:						  48000
[2026.08.26-21.00.16:125][858]LogAudioMixer: Display: 	Callback Buffer Frame Size Requested: 1024
[2026.08.26-21.00.16:125][858]LogAudioMixer: Display: 	Callback Buffer Frame Size To Use:	  1024
[2026.08.26-21.00.16:125][858]LogAudioMixer: Display: 	Number of buffers to queue:			  2
[2026.08.26-21.00.16:125][858]LogAudioMixer: Display: 	Max Channels (voices):				  32
[2026.08.26-21.00.16:125][858]LogAudioMixer: Display: 	Number of Async Source Workers:		  0
[2026.08.26-21.00.16:125][858]LogAudio: Display: AudioDevice MaxSources: 32
[2026.08.26-21.00.16:125][858]LogAudio: Display: Audio Spatialization Plugin: None (built-in).
[2026.08.26-21.00.16:125][858]LogAudio: Display: Audio Reverb Plugin: None (built-in).
[2026.08.26-21.00.16:125][858]LogAudio: Display: Audio Occlusion Plugin: None (built-in).
[2026.08.26-21.00.16:126][858]LogAudioMixer: Display: Initializing audio mixer.
[2026.08.26-21.00.16:130][858]LogAudioMixer: Display: 0: FrontLeft
[2026.08.26-21.00.16:130][858]LogAudioMixer: Display: 1: FrontRight
[2026.08.26-21.00.16:143][858]LogAudioMixer: Display: Using Audio Device Realtek HD Audio 2nd output (Realtek(R) Audio)
[2026.08.26-21.00.16:143][858]LogAudioMixer: Display: Initializing Sound Submixes...
[2026.08.26-21.00.16:143][858]LogAudioMixer: Display: Creating Master Submix 'MasterSubmixDefault'
[2026.08.26-21.00.16:143][858]LogAudioMixer: Display: Creating Master Submix 'MasterReverbSubmixDefault'
[2026.08.26-21.00.16:143][858]LogAudioMixer: Display: Creating Master Submix 'MasterEQSubmixDefault'
[2026.08.26-21.00.16:143][858]LogAudioMixer: FMixerPlatformXAudio2::StartAudioStream() called
[2026.08.26-21.00.16:143][858]LogAudioMixer: Display: Output buffers initialized: Frames=1024, Channels=2, Samples=2048
[2026.08.26-21.00.16:145][858]LogAudioMixer: Display: Starting AudioMixerPlatformInterface::RunInternal()
[2026.08.26-21.00.16:145][858]LogAudioMixer: Display: FMixerPlatformXAudio2::SubmitBuffer() called for the first time
[2026.08.26-21.00.16:145][858]LogInit: FAudioDevice initialized.
[2026.08.26-21.00.16:145][858]LogAudio: Display: Audio Device (ID: 26) registered with world 'Brackeys2026Map'.
[2026.08.26-21.00.16:176][858]LogSlate: Updating window title bar state: overlay mode, drag disabled, window buttons hidden, title bar hidden
[2026.08.26-21.00.16:178][858]LogLoad: Game class is 'BrackeysGameMode_C'
[2026.08.26-21.00.16:179][858]LogWorld: Bringing World /Game/Brackeys2026/Levels/UEDPIE_0_Brackeys2026Map.Brackeys2026Map up for play (max tick rate 0) at 2026.08.26-14.00.16
[2026.08.26-21.00.16:179][858]LogWorld: Bringing up level for play took: 0.000719
[2026.08.26-21.00.16:179][858]LogOnline: OSS: Creating online subsystem instance for: :Context_38
[2026.08.26-21.00.16:185][858]PIE: Server logged in
[2026.08.26-21.00.16:186][858]PIE: Play in editor total start time 0.105 seconds.
[2026.08.26-21.00.20:351][350]LogSlate: Updating window title bar state: overlay mode, drag disabled, window buttons hidden, title bar hidden
[2026.08.26-21.00.20:351][350]LogWorld: BeginTearingDown for /Game/Brackeys2026/Levels/UEDPIE_0_Brackeys2026Map
[2026.08.26-21.00.20:351][350]LogSlate: Window 'BrackeysJam2026 Preview [NetMode: Standalone]  (64-bit/Windows) ' being destroyed
[2026.08.26-21.00.20:359][350]LogWorld: UWorld::CleanupWorld for Brackeys2026Map, bSessionEnded=true, bCleanupResources=true
[2026.08.26-21.00.20:359][350]LogSlate: InvalidateAllWidgets triggered.  All widgets were invalidated
[2026.08.26-21.00.20:368][350]LogPlayLevel: Display: Shutting down PIE online subsystems
[2026.08.26-21.00.20:377][350]LogSlate: InvalidateAllWidgets triggered.  All widgets were invalidated
[2026.08.26-21.00.20:406][350]LogAudio: Display: Audio Device unregistered from world 'None'.
[2026.08.26-21.00.20:406][350]LogAudioMixer: FMixerPlatformXAudio2::StopAudioStream() called
[2026.08.26-21.00.20:408][350]LogAudioMixer: FMixerPlatformXAudio2::StopAudioStream() called
[2026.08.26-21.00.20:414][350]LogUObjectHash: Compacting FUObjectHashTables data took   2.19ms
[2026.08.26-21.00.20:429][351]LogPlayLevel: Display: Destroying online subsystem :Context_38
[2026.08.26-21.00.22:958][630]LogEditorTransaction: Undo Change Collision Profile
[2026.08.26-21.00.31:069][483]BlueprintLog: New page: Compile BP_Revolver
[2026.08.26-21.00.31:139][483]LogUObjectHash: Compacting FUObjectHashTables data took   2.48ms
[2026.08.26-21.00.31:569][513]LogSavePackage: Moving 'E:/_Alex's Data/Unreal Engine/Unreal Projects/Brackeys2026/Brackeys-2026/BrackeysJam2026/Saved/BP_RevolverAA74EEBD44FF8636111419AF51B43D8D.tmp' to 'E:/_Alex's Data/Unreal Engine/Unreal Projects/Brackeys2026/Brackeys-2026/BrackeysJam2026/Content/Brackeys2026/Objects/Revolver/BP_Revolver.uasset'
[2026.08.26-21.00.31:593][513]AssetCheck: New page: Asset Save: BP_Revolver
[2026.08.26-21.00.31:593][513]LogContentValidation: Display: Validating Blueprint /Game/Brackeys2026/Objects/Revolver/BP_Revolver.BP_Revolver
[2026.08.26-21.00.32:225][585]LogTemp: Repeating last play command: Selected Viewport
[2026.08.26-21.00.32:235][585]LogPlayLevel: PlayLevel: No blueprints needed recompiling
[2026.08.26-21.00.32:235][585]PIE: New page: PIE session: Brackeys2026Map (Aug 26, 2026, 7:00:32 AM)
[2026.08.26-21.00.32:235][585]LogPlayLevel: Creating play world package: /Game/Brackeys2026/Levels/UEDPIE_0_Brackeys2026Map
[2026.08.26-21.00.32:237][585]LogPlayLevel: PIE: StaticDuplicateObject took: (0.002202s)
[2026.08.26-21.00.32:237][585]LogAIModule: Creating AISystem for world Brackeys2026Map
[2026.08.26-21.00.32:237][585]LogPlayLevel: PIE: World Init took: (0.000812s)
[2026.08.26-21.00.32:237][585]LogPlayLevel: PIE: Created PIE world by copying editor world from /Game/Brackeys2026/Levels/Brackeys2026Map.Brackeys2026Map to /Game/Brackeys2026/Levels/UEDPIE_0_Brackeys2026Map.Brackeys2026Map (0.003146s)
[2026.08.26-21.00.32:271][585]LogUObjectHash: Compacting FUObjectHashTables data took   2.86ms
[2026.08.26-21.00.32:272][585]LogAudio: Display: Creating Audio Device:                 Id: 27, Scope: Unique, Realtime: True
[2026.08.26-21.00.32:272][585]LogAudioMixer: Display: Audio Mixer Platform Settings:
[2026.08.26-21.00.32:272][585]LogAudioMixer: Display: 	Sample Rate:						  48000
[2026.08.26-21.00.32:272][585]LogAudioMixer: Display: 	Callback Buffer Frame Size Requested: 1024
[2026.08.26-21.00.32:272][585]LogAudioMixer: Display: 	Callback Buffer Frame Size To Use:	  1024
[2026.08.26-21.00.32:272][585]LogAudioMixer: Display: 	Number of buffers to queue:			  2
[2026.08.26-21.00.32:272][585]LogAudioMixer: Display: 	Max Channels (voices):				  32
[2026.08.26-21.00.32:272][585]LogAudioMixer: Display: 	Number of Async Source Workers:		  0
[2026.08.26-21.00.32:272][585]LogAudio: Display: AudioDevice MaxSources: 32
[2026.08.26-21.00.32:273][585]LogAudio: Display: Audio Spatialization Plugin: None (built-in).
[2026.08.26-21.00.32:273][585]LogAudio: Display: Audio Reverb Plugin: None (built-in).
[2026.08.26-21.00.32:273][585]LogAudio: Display: Audio Occlusion Plugin: None (built-in).
[2026.08.26-21.00.32:273][585]LogAudioMixer: Display: Initializing audio mixer.
[2026.08.26-21.00.32:278][585]LogAudioMixer: Display: 0: FrontLeft
[2026.08.26-21.00.32:278][585]LogAudioMixer: Display: 1: FrontRight
[2026.08.26-21.00.32:289][585]LogAudioMixer: Display: Using Audio Device Realtek HD Audio 2nd output (Realtek(R) Audio)
[2026.08.26-21.00.32:290][585]LogAudioMixer: Display: Initializing Sound Submixes...
[2026.08.26-21.00.32:290][585]LogAudioMixer: Display: Creating Master Submix 'MasterSubmixDefault'
[2026.08.26-21.00.32:290][585]LogAudioMixer: Display: Creating Master Submix 'MasterReverbSubmixDefault'
[2026.08.26-21.00.32:290][585]LogAudioMixer: Display: Creating Master Submix 'MasterEQSubmixDefault'
[2026.08.26-21.00.32:290][585]LogAudioMixer: FMixerPlatformXAudio2::StartAudioStream() called
[2026.08.26-21.00.32:290][585]LogAudioMixer: Display: Output buffers initialized: Frames=1024, Channels=2, Samples=2048
[2026.08.26-21.00.32:291][585]LogAudioMixer: Display: Starting AudioMixerPlatformInterface::RunInternal()
[2026.08.26-21.00.32:291][585]LogAudioMixer: Display: FMixerPlatformXAudio2::SubmitBuffer() called for the first time
[2026.08.26-21.00.32:291][585]LogInit: FAudioDevice initialized.
[2026.08.26-21.00.32:291][585]LogAudio: Display: Audio Device (ID: 27) registered with world 'Brackeys2026Map'.
[2026.08.26-21.00.32:343][585]LogSlate: Updating window title bar state: overlay mode, drag disabled, window buttons hidden, title bar hidden
[2026.08.26-21.00.32:343][585]LogLoad: Game class is 'BrackeysGameMode_C'
[2026.08.26-21.00.32:344][585]LogWorld: Bringing World /Game/Brackeys2026/Levels/UEDPIE_0_Brackeys2026Map.Brackeys2026Map up for play (max tick rate 0) at 2026.08.26-14.00.32
[2026.08.26-21.00.32:344][585]LogWorld: Bringing up level for play took: 0.000587
[2026.08.26-21.00.32:345][585]LogOnline: OSS: Creating online subsystem instance for: :Context_39
[2026.08.26-21.00.32:350][585]PIE: Server logged in
[2026.08.26-21.00.32:351][585]PIE: Play in editor total start time 0.119 seconds.
[2026.08.26-21.00.39:081][384]LogSlate: Updating window title bar state: overlay mode, drag disabled, window buttons hidden, title bar hidden
[2026.08.26-21.00.39:081][384]LogWorld: BeginTearingDown for /Game/Brackeys2026/Levels/UEDPIE_0_Brackeys2026Map
[2026.08.26-21.00.39:081][384]LogSlate: Window 'BrackeysJam2026 Preview [NetMode: Standalone]  (64-bit/Windows) ' being destroyed
[2026.08.26-21.00.39:090][384]LogWorld: UWorld::CleanupWorld for Brackeys2026Map, bSessionEnded=true, bCleanupResources=true
[2026.08.26-21.00.39:090][384]LogSlate: InvalidateAllWidgets triggered.  All widgets were invalidated
[2026.08.26-21.00.39:102][384]LogPlayLevel: Display: Shutting down PIE online subsystems
[2026.08.26-21.00.39:110][384]LogSlate: InvalidateAllWidgets triggered.  All widgets were invalidated
[2026.08.26-21.00.39:140][384]LogAudio: Display: Audio Device unregistered from world 'None'.
[2026.08.26-21.00.39:140][384]LogAudioMixer: FMixerPlatformXAudio2::StopAudioStream() called
[2026.08.26-21.00.39:141][384]LogAudioMixer: FMixerPlatformXAudio2::StopAudioStream() called
[2026.08.26-21.00.39:147][384]LogUObjectHash: Compacting FUObjectHashTables data took   2.20ms
[2026.08.26-21.00.39:169][385]LogPlayLevel: Display: Destroying online subsystem :Context_39
[2026.08.26-21.00.42:510][779]LogEditorTransaction: Undo Modify Component(s)
[2026.08.26-21.00.45:355][ 60]BlueprintLog: New page: Compile BP_Revolver
[2026.08.26-21.00.45:424][ 60]LogUObjectHash: Compacting FUObjectHashTables data took   2.53ms
[2026.08.26-21.00.45:839][ 92]LogSavePackage: Moving 'E:/_Alex's Data/Unreal Engine/Unreal Projects/Brackeys2026/Brackeys-2026/BrackeysJam2026/Saved/BP_Revolver0727F6A24950478F64D401A3BF92E881.tmp' to 'E:/_Alex's Data/Unreal Engine/Unreal Projects/Brackeys2026/Brackeys-2026/BrackeysJam2026/Content/Brackeys2026/Objects/Revolver/BP_Revolver.uasset'
[2026.08.26-21.00.45:865][ 92]AssetCheck: New page: Asset Save: BP_Revolver
[2026.08.26-21.00.45:865][ 92]LogContentValidation: Display: Validating Blueprint /Game/Brackeys2026/Objects/Revolver/BP_Revolver.BP_Revolver
[2026.08.26-21.00.54:334][ 65]LogTemp: Repeating last play command: Selected Viewport
[2026.08.26-21.00.54:343][ 65]BlueprintLog: New page: Pre-Play auto-recompile
[2026.08.26-21.00.54:351][ 65]LogPlayLevel: [PlayLevel] Compiling BP_Player before play...
[2026.08.26-21.00.54:446][ 65]LogUObjectHash: Compacting FUObjectHashTables data took   3.46ms
[2026.08.26-21.00.54:449][ 65]LogPlayLevel: PlayLevel: Blueprint regeneration took 107 ms (1 blueprints)
[2026.08.26-21.00.54:449][ 65]PIE: New page: PIE session: Brackeys2026Map (Aug 26, 2026, 7:00:54 AM)
[2026.08.26-21.00.54:450][ 65]LogPlayLevel: Creating play world package: /Game/Brackeys2026/Levels/UEDPIE_0_Brackeys2026Map
[2026.08.26-21.00.54:451][ 65]LogPlayLevel: PIE: StaticDuplicateObject took: (0.001865s)
[2026.08.26-21.00.54:452][ 65]LogAIModule: Creating AISystem for world Brackeys2026Map
[2026.08.26-21.00.54:453][ 65]LogPlayLevel: PIE: World Init took: (0.001557s)
[2026.08.26-21.00.54:453][ 65]LogPlayLevel: PIE: Created PIE world by copying editor world from /Game/Brackeys2026/Levels/Brackeys2026Map.Brackeys2026Map to /Game/Brackeys2026/Levels/UEDPIE_0_Brackeys2026Map.Brackeys2026Map (0.003553s)
[2026.08.26-21.00.54:486][ 65]LogUObjectHash: Compacting FUObjectHashTables data took   2.14ms
[2026.08.26-21.00.54:487][ 65]LogAudio: Display: Creating Audio Device:                 Id: 28, Scope: Unique, Realtime: True
[2026.08.26-21.00.54:487][ 65]LogAudioMixer: Display: Audio Mixer Platform Settings:
[2026.08.26-21.00.54:487][ 65]LogAudioMixer: Display: 	Sample Rate:						  48000
[2026.08.26-21.00.54:487][ 65]LogAudioMixer: Display: 	Callback Buffer Frame Size Requested: 1024
[2026.08.26-21.00.54:487][ 65]LogAudioMixer: Display: 	Callback Buffer Frame Size To Use:	  1024
[2026.08.26-21.00.54:487][ 65]LogAudioMixer: Display: 	Number of buffers to queue:			  2
[2026.08.26-21.00.54:487][ 65]LogAudioMixer: Display: 	Max Channels (voices):				  32
[2026.08.26-21.00.54:487][ 65]LogAudioMixer: Display: 	Number of Async Source Workers:		  0
[2026.08.26-21.00.54:487][ 65]LogAudio: Display: AudioDevice MaxSources: 32
[2026.08.26-21.00.54:487][ 65]LogAudio: Display: Audio Spatialization Plugin: None (built-in).
[2026.08.26-21.00.54:487][ 65]LogAudio: Display: Audio Reverb Plugin: None (built-in).
[2026.08.26-21.00.54:487][ 65]LogAudio: Display: Audio Occlusion Plugin: None (built-in).
[2026.08.26-21.00.54:487][ 65]LogAudioMixer: Display: Initializing audio mixer.
[2026.08.26-21.00.54:492][ 65]LogAudioMixer: Display: 0: FrontLeft
[2026.08.26-21.00.54:492][ 65]LogAudioMixer: Display: 1: FrontRight
[2026.08.26-21.00.54:504][ 65]LogAudioMixer: Display: Using Audio Device Realtek HD Audio 2nd output (Realtek(R) Audio)
[2026.08.26-21.00.54:505][ 65]LogAudioMixer: Display: Initializing Sound Submixes...
[2026.08.26-21.00.54:505][ 65]LogAudioMixer: Display: Creating Master Submix 'MasterSubmixDefault'
[2026.08.26-21.00.54:505][ 65]LogAudioMixer: Display: Creating Master Submix 'MasterReverbSubmixDefault'
[2026.08.26-21.00.54:505][ 65]LogAudioMixer: Display: Creating Master Submix 'MasterEQSubmixDefault'
[2026.08.26-21.00.54:505][ 65]LogAudioMixer: FMixerPlatformXAudio2::StartAudioStream() called
[2026.08.26-21.00.54:505][ 65]LogAudioMixer: Display: Output buffers initialized: Frames=1024, Channels=2, Samples=2048
[2026.08.26-21.00.54:506][ 65]LogAudioMixer: Display: Starting AudioMixerPlatformInterface::RunInternal()
[2026.08.26-21.00.54:506][ 65]LogAudioMixer: Display: FMixerPlatformXAudio2::SubmitBuffer() called for the first time
[2026.08.26-21.00.54:506][ 65]LogInit: FAudioDevice initialized.
[2026.08.26-21.00.54:506][ 65]LogAudio: Display: Audio Device (ID: 28) registered with world 'Brackeys2026Map'.
[2026.08.26-21.00.54:561][ 65]LogSlate: Updating window title bar state: overlay mode, drag disabled, window buttons hidden, title bar hidden
[2026.08.26-21.00.54:561][ 65]LogLoad: Game class is 'BrackeysGameMode_C'
[2026.08.26-21.00.54:563][ 65]LogWorld: Bringing World /Game/Brackeys2026/Levels/UEDPIE_0_Brackeys2026Map.Brackeys2026Map up for play (max tick rate 0) at 2026.08.26-14.00.54
[2026.08.26-21.00.54:563][ 65]LogWorld: Bringing up level for play took: 0.000861
[2026.08.26-21.00.54:563][ 65]LogOnline: OSS: Creating online subsystem instance for: :Context_40
[2026.08.26-21.00.54:567][ 65]PIE: Server logged in
[2026.08.26-21.00.54:569][ 65]PIE: Play in editor total start time 0.229 seconds.
[2026.08.26-21.01.01:181][842]LogSlate: Updating window title bar state: overlay mode, drag disabled, window buttons hidden, title bar hidden
[2026.08.26-21.01.01:181][842]LogWorld: BeginTearingDown for /Game/Brackeys2026/Levels/UEDPIE_0_Brackeys2026Map
[2026.08.26-21.01.01:182][842]LogSlate: Window 'BrackeysJam2026 Preview [NetMode: Standalone]  (64-bit/Windows) ' being destroyed
[2026.08.26-21.01.01:187][842]LogWorld: UWorld::CleanupWorld for Brackeys2026Map, bSessionEnded=true, bCleanupResources=true
[2026.08.26-21.01.01:187][842]LogSlate: InvalidateAllWidgets triggered.  All widgets were invalidated
[2026.08.26-21.01.01:195][842]LogPlayLevel: Display: Shutting down PIE online subsystems
[2026.08.26-21.01.01:199][842]LogSlate: InvalidateAllWidgets triggered.  All widgets were invalidated
[2026.08.26-21.01.01:230][842]LogAudioMixer: FMixerPlatformXAudio2::StopAudioStream() called
[2026.08.26-21.01.01:231][842]LogAudioMixer: FMixerPlatformXAudio2::StopAudioStream() called
[2026.08.26-21.01.01:236][842]LogUObjectHash: Compacting FUObjectHashTables data took   2.13ms
[2026.08.26-21.01.01:257][843]LogPlayLevel: Display: Destroying online subsystem :Context_40
[2026.08.26-21.01.04:058][166]LogUObjectHash: Compacting FUObjectHashTables data took   2.10ms
[2026.08.26-21.01.09:202][166]LogSlate: Window 'Save Content' being destroyed
[2026.08.26-21.01.09:272][166]LogSavePackage: Moving 'E:/_Alex's Data/Unreal Engine/Unreal Projects/Brackeys2026/Brackeys-2026/BrackeysJam2026/Saved/BP_PlayerCAE31E1E4CABF254E97CBE95F0E1A4AC.tmp' to 'E:/_Alex's Data/Unreal Engine/Unreal Projects/Brackeys2026/Brackeys-2026/BrackeysJam2026/Content/Brackeys2026/Characters/Player/BP_Player.uasset'
[2026.08.26-21.01.09:321][166]LogSavePackage: Moving 'E:/_Alex's Data/Unreal Engine/Unreal Projects/Brackeys2026/Brackeys-2026/BrackeysJam2026/Saved/BP_UIHintD96F30A542EB629104991AABF6002E2F.tmp' to 'E:/_Alex's Data/Unreal Engine/Unreal Projects/Brackeys2026/Brackeys-2026/BrackeysJam2026/Content/Brackeys2026/UI/BP_UIHint.uasset'
[2026.08.26-21.01.09:360][166]LogUObjectHash: Compacting FUObjectHashTables data took   0.76ms
[2026.08.26-21.01.09:375][166]LogSavePackage: Moving 'E:/_Alex's Data/Unreal Engine/Unreal Projects/Brackeys2026/Brackeys-2026/BrackeysJam2026/Saved/Brackeys2026Map8F731699458AE543AE422A91F3B2D268.tmp' to 'E:/_Alex's Data/Unreal Engine/Unreal Projects/Brackeys2026/Brackeys-2026/BrackeysJam2026/Content/Brackeys2026/Levels/Brackeys2026Map.umap'
[2026.08.26-21.01.09:420][166]LogFileHelpers: Saving map 'Brackeys2026Map' took 0.092
[2026.08.26-21.01.09:434][166]AssetCheck: New page: Asset Save: multiple assets
[2026.08.26-21.01.09:434][166]LogContentValidation: Display: Validating Blueprint /Game/Brackeys2026/Characters/Player/BP_Player.BP_Player
[2026.08.26-21.01.09:434][166]LogContentValidation: Display: Validating WidgetBlueprint /Game/Brackeys2026/UI/BP_UIHint.BP_UIHint
[2026.08.26-21.01.09:435][166]LogContentValidation: Display: Validating World /Game/Brackeys2026/Levels/Brackeys2026Map.Brackeys2026Map
[2026.08.26-21.01.51:727][169]LogUObjectHash: Compacting FUObjectHashTables data took   2.43ms
[2026.08.26-21.01.51:834][169]LogAssetEditorSubsystem: Opening Asset editor for World /Game/Brackeys2026/Levels/TestLevel_Weeb.TestLevel_Weeb
[2026.08.26-21.01.51:835][169]Cmd: MAP LOAD FILE="E:/_Alex's Data/Unreal Engine/Unreal Projects/Brackeys2026/Brackeys-2026/BrackeysJam2026/Content/Brackeys2026/Levels/TestLevel_Weeb.umap" TEMPLATE=0 SHOWPROGRESS=1 FEATURELEVEL=3
[2026.08.26-21.01.51:835][169]LightingResults: New page: Lighting Build
[2026.08.26-21.01.51:836][169]LoadErrors: New page: Loading map: TestLevel_Weeb.umap
[2026.08.26-21.01.51:838][169]LogWorld: UWorld::CleanupWorld for Brackeys2026Map, bSessionEnded=true, bCleanupResources=true
[2026.08.26-21.01.51:838][169]LogSlate: InvalidateAllWidgets triggered.  All widgets were invalidated
[2026.08.26-21.01.51:839][169]MapCheck: New page: Map Check
[2026.08.26-21.01.51:839][169]LightingResults: New page: Lighting Build
[2026.08.26-21.01.51:874][169]LogAudio: Display: Audio Device unregistered from world 'None'.
[2026.08.26-21.01.51:880][169]LogUObjectHash: Compacting FUObjectHashTables data took   2.19ms
[2026.08.26-21.01.51:880][169]LogAudio: Display: Audio Device (ID: 1) registered with world 'TestLevel_Weeb'.
[2026.08.26-21.01.51:967][169]LogEditorServer: Finished looking for orphan Actors (0.000 secs)
[2026.08.26-21.01.51:967][169]LogAIModule: Creating AISystem for world TestLevel_Weeb
[2026.08.26-21.01.52:006][169]LogUObjectHash: Compacting FUObjectHashTables data took   2.24ms
[2026.08.26-21.01.52:020][169]Cmd: MAP CHECKDEP NOCLEARLOG
[2026.08.26-21.01.52:020][169]MapCheck: Map check complete: 0 Error(s), 0 Warning(s), took 0.112ms to complete.
[2026.08.26-21.01.52:021][169]LogFileHelpers: Loading map 'TestLevel_Weeb' took 0.186
[2026.08.26-21.01.55:669][574]LogTemp: Repeating last play command: Selected Viewport
[2026.08.26-21.01.55:680][574]LogPlayLevel: PlayLevel: No blueprints needed recompiling
[2026.08.26-21.01.55:680][574]PIE: New page: PIE session: TestLevel_Weeb (Aug 26, 2026, 7:01:55 AM)
[2026.08.26-21.01.55:680][574]LogPlayLevel: Creating play world package: /Game/Brackeys2026/Levels/UEDPIE_0_TestLevel_Weeb
[2026.08.26-21.01.55:683][574]LogPlayLevel: PIE: StaticDuplicateObject took: (0.003457s)
[2026.08.26-21.01.55:684][574]LogAIModule: Creating AISystem for world TestLevel_Weeb
[2026.08.26-21.01.55:684][574]LogPlayLevel: PIE: World Init took: (0.001205s)
[2026.08.26-21.01.55:684][574]LogPlayLevel: PIE: Created PIE world by copying editor world from /Game/Brackeys2026/Levels/TestLevel_Weeb.TestLevel_Weeb to /Game/Brackeys2026/Levels/UEDPIE_0_TestLevel_Weeb.TestLevel_Weeb (0.004821s)
[2026.08.26-21.01.55:719][574]LogUObjectHash: Compacting FUObjectHashTables data took   2.16ms
[2026.08.26-21.01.55:720][574]LogAudio: Display: Creating Audio Device:                 Id: 29, Scope: Unique, Realtime: True
[2026.08.26-21.01.55:720][574]LogAudioMixer: Display: Audio Mixer Platform Settings:
[2026.08.26-21.01.55:720][574]LogAudioMixer: Display: 	Sample Rate:						  48000
[2026.08.26-21.01.55:720][574]LogAudioMixer: Display: 	Callback Buffer Frame Size Requested: 1024
[2026.08.26-21.01.55:720][574]LogAudioMixer: Display: 	Callback Buffer Frame Size To Use:	  1024
[2026.08.26-21.01.55:720][574]LogAudioMixer: Display: 	Number of buffers to queue:			  2
[2026.08.26-21.01.55:720][574]LogAudioMixer: Display: 	Max Channels (voices):				  32
[2026.08.26-21.01.55:720][574]LogAudioMixer: Display: 	Number of Async Source Workers:		  0
[2026.08.26-21.01.55:720][574]LogAudio: Display: AudioDevice MaxSources: 32
[2026.08.26-21.01.55:720][574]LogAudio: Display: Audio Spatialization Plugin: None (built-in).
[2026.08.26-21.01.55:720][574]LogAudio: Display: Audio Reverb Plugin: None (built-in).
[2026.08.26-21.01.55:720][574]LogAudio: Display: Audio Occlusion Plugin: None (built-in).
[2026.08.26-21.01.55:720][574]LogAudioMixer: Display: Initializing audio mixer.
[2026.08.26-21.01.55:726][574]LogAudioMixer: Display: 0: FrontLeft
[2026.08.26-21.01.55:726][574]LogAudioMixer: Display: 1: FrontRight
[2026.08.26-21.01.55:738][574]LogAudioMixer: Display: Using Audio Device Realtek HD Audio 2nd output (Realtek(R) Audio)
[2026.08.26-21.01.55:738][574]LogAudioMixer: Display: Initializing Sound Submixes...
[2026.08.26-21.01.55:738][574]LogAudioMixer: Display: Creating Master Submix 'MasterSubmixDefault'
[2026.08.26-21.01.55:738][574]LogAudioMixer: Display: Creating Master Submix 'MasterReverbSubmixDefault'
[2026.08.26-21.01.55:739][574]LogAudioMixer: Display: Creating Master Submix 'MasterEQSubmixDefault'
[2026.08.26-21.01.55:739][574]LogAudioMixer: FMixerPlatformXAudio2::StartAudioStream() called
[2026.08.26-21.01.55:739][574]LogAudioMixer: Display: Output buffers initialized: Frames=1024, Channels=2, Samples=2048
[2026.08.26-21.01.55:740][574]LogAudioMixer: Display: Starting AudioMixerPlatformInterface::RunInternal()
[2026.08.26-21.01.55:740][574]LogAudioMixer: Display: FMixerPlatformXAudio2::SubmitBuffer() called for the first time
[2026.08.26-21.01.55:740][574]LogInit: FAudioDevice initialized.
[2026.08.26-21.01.55:740][574]LogAudio: Display: Audio Device (ID: 29) registered with world 'TestLevel_Weeb'.
[2026.08.26-21.01.55:753][574]LogLoad: Game class is 'BrackeysGameMode_C'
[2026.08.26-21.01.55:754][574]LogWorld: Bringing World /Game/Brackeys2026/Levels/UEDPIE_0_TestLevel_Weeb.TestLevel_Weeb up for play (max tick rate 0) at 2026.08.26-14.01.55
[2026.08.26-21.01.55:755][574]LogWorld: Bringing up level for play took: 0.001989
[2026.08.26-21.01.55:757][574]LogOnline: OSS: Creating online subsystem instance for: :Context_41
[2026.08.26-21.01.55:761][574]PIE: Server logged in
[2026.08.26-21.01.55:763][574]PIE: Play in editor total start time 0.086 seconds.
[2026.08.26-21.01.59:610][ 28]LogSlate: Updating window title bar state: overlay mode, drag disabled, window buttons hidden, title bar hidden
[2026.08.26-21.01.59:610][ 28]LogWorld: BeginTearingDown for /Game/Brackeys2026/Levels/UEDPIE_0_TestLevel_Weeb
[2026.08.26-21.01.59:613][ 28]LogWorld: UWorld::CleanupWorld for TestLevel_Weeb, bSessionEnded=true, bCleanupResources=true
[2026.08.26-21.01.59:613][ 28]LogSlate: InvalidateAllWidgets triggered.  All widgets were invalidated
[2026.08.26-21.01.59:625][ 28]LogPlayLevel: Display: Shutting down PIE online subsystems
[2026.08.26-21.01.59:631][ 28]LogSlate: InvalidateAllWidgets triggered.  All widgets were invalidated
[2026.08.26-21.01.59:659][ 28]LogSlate: Updating window title bar state: overlay mode, drag disabled, window buttons hidden, title bar hidden
[2026.08.26-21.01.59:659][ 28]LogAudioMixer: FMixerPlatformXAudio2::StopAudioStream() called
[2026.08.26-21.01.59:660][ 28]LogAudioMixer: FMixerPlatformXAudio2::StopAudioStream() called
[2026.08.26-21.01.59:666][ 28]LogUObjectHash: Compacting FUObjectHashTables data took   2.10ms
[2026.08.26-21.01.59:690][ 29]LogPlayLevel: Display: Destroying online subsystem :Context_41
[2026.08.26-21.02.01:419][222]LogTemp: Repeating last play command: Selected Viewport
[2026.08.26-21.02.01:428][222]LogPlayLevel: PlayLevel: No blueprints needed recompiling
[2026.08.26-21.02.01:428][222]PIE: New page: PIE session: TestLevel_Weeb (Aug 26, 2026, 7:02:01 AM)
[2026.08.26-21.02.01:467][222]LogPlayLevel: Creating play world package: /Game/Brackeys2026/Levels/UEDPIE_0_TestLevel_Weeb
[2026.08.26-21.02.01:470][222]LogPlayLevel: PIE: StaticDuplicateObject took: (0.002261s)
[2026.08.26-21.02.01:472][222]LogAIModule: Creating AISystem for world TestLevel_Weeb
[2026.08.26-21.02.01:473][222]LogPlayLevel: PIE: World Init took: (0.002376s)
[2026.08.26-21.02.01:473][222]LogPlayLevel: PIE: Created PIE world by copying editor world from /Game/Brackeys2026/Levels/TestLevel_Weeb.TestLevel_Weeb to /Game/Brackeys2026/Levels/UEDPIE_0_TestLevel_Weeb.TestLevel_Weeb (0.004854s)
[2026.08.26-21.02.01:509][222]LogUObjectHash: Compacting FUObjectHashTables data took   2.08ms
[2026.08.26-21.02.01:510][222]LogAudio: Display: Creating Audio Device:                 Id: 30, Scope: Unique, Realtime: True
[2026.08.26-21.02.01:510][222]LogAudioMixer: Display: Audio Mixer Platform Settings:
[2026.08.26-21.02.01:510][222]LogAudioMixer: Display: 	Sample Rate:						  48000
[2026.08.26-21.02.01:510][222]LogAudioMixer: Display: 	Callback Buffer Frame Size Requested: 1024
[2026.08.26-21.02.01:510][222]LogAudioMixer: Display: 	Callback Buffer Frame Size To Use:	  1024
[2026.08.26-21.02.01:510][222]LogAudioMixer: Display: 	Number of buffers to queue:			  2
[2026.08.26-21.02.01:510][222]LogAudioMixer: Display: 	Max Channels (voices):				  32
[2026.08.26-21.02.01:510][222]LogAudioMixer: Display: 	Number of Async Source Workers:		  0
[2026.08.26-21.02.01:510][222]LogAudio: Display: AudioDevice MaxSources: 32
[2026.08.26-21.02.01:512][222]LogAudio: Display: Audio Spatialization Plugin: None (built-in).
[2026.08.26-21.02.01:512][222]LogAudio: Display: Audio Reverb Plugin: None (built-in).
[2026.08.26-21.02.01:512][222]LogAudio: Display: Audio Occlusion Plugin: None (built-in).
[2026.08.26-21.02.01:512][222]LogAudioMixer: Display: Initializing audio mixer.
[2026.08.26-21.02.01:516][222]LogAudioMixer: Display: 0: FrontLeft
[2026.08.26-21.02.01:516][222]LogAudioMixer: Display: 1: FrontRight
[2026.08.26-21.02.01:527][222]LogAudioMixer: Display: Using Audio Device Realtek HD Audio 2nd output (Realtek(R) Audio)
[2026.08.26-21.02.01:528][222]LogAudioMixer: Display: Initializing Sound Submixes...
[2026.08.26-21.02.01:528][222]LogAudioMixer: Display: Creating Master Submix 'MasterSubmixDefault'
[2026.08.26-21.02.01:528][222]LogAudioMixer: Display: Creating Master Submix 'MasterReverbSubmixDefault'
[2026.08.26-21.02.01:528][222]LogAudioMixer: Display: Creating Master Submix 'MasterEQSubmixDefault'
[2026.08.26-21.02.01:528][222]LogAudioMixer: FMixerPlatformXAudio2::StartAudioStream() called
[2026.08.26-21.02.01:528][222]LogAudioMixer: Display: Output buffers initialized: Frames=1024, Channels=2, Samples=2048
[2026.08.26-21.02.01:529][222]LogAudioMixer: Display: Starting AudioMixerPlatformInterface::RunInternal()
[2026.08.26-21.02.01:529][222]LogAudioMixer: Display: FMixerPlatformXAudio2::SubmitBuffer() called for the first time
[2026.08.26-21.02.01:529][222]LogInit: FAudioDevice initialized.
[2026.08.26-21.02.01:529][222]LogAudio: Display: Audio Device (ID: 30) registered with world 'TestLevel_Weeb'.
[2026.08.26-21.02.01:537][222]LogLoad: Game class is 'BrackeysGameMode_C'
[2026.08.26-21.02.01:537][222]LogWorld: Bringing World /Game/Brackeys2026/Levels/UEDPIE_0_TestLevel_Weeb.TestLevel_Weeb up for play (max tick rate 0) at 2026.08.26-14.02.01
[2026.08.26-21.02.01:537][222]LogWorld: Bringing up level for play took: 0.000638
[2026.08.26-21.02.01:537][222]LogOnline: OSS: Creating online subsystem instance for: :Context_42
[2026.08.26-21.02.01:542][222]PIE: Server logged in
[2026.08.26-21.02.01:542][222]PIE: Play in editor total start time 0.118 seconds.
[2026.08.26-21.02.04:731][599]LogSlate: Updating window title bar state: overlay mode, drag disabled, window buttons hidden, title bar hidden
[2026.08.26-21.02.04:731][599]LogWorld: BeginTearingDown for /Game/Brackeys2026/Levels/UEDPIE_0_TestLevel_Weeb
[2026.08.26-21.02.04:731][599]LogWorld: UWorld::CleanupWorld for TestLevel_Weeb, bSessionEnded=true, bCleanupResources=true
[2026.08.26-21.02.04:732][599]LogSlate: InvalidateAllWidgets triggered.  All widgets were invalidated
[2026.08.26-21.02.04:743][599]LogPlayLevel: Display: Shutting down PIE online subsystems
[2026.08.26-21.02.04:748][599]LogSlate: InvalidateAllWidgets triggered.  All widgets were invalidated
[2026.08.26-21.02.04:777][599]LogSlate: Updating window title bar state: overlay mode, drag disabled, window buttons hidden, title bar hidden
[2026.08.26-21.02.04:777][599]LogAudioMixer: FMixerPlatformXAudio2::StopAudioStream() called
[2026.08.26-21.02.04:779][599]LogAudioMixer: FMixerPlatformXAudio2::StopAudioStream() called
[2026.08.26-21.02.04:784][599]LogUObjectHash: Compacting FUObjectHashTables data took   2.12ms
[2026.08.26-21.02.04:799][600]LogPlayLevel: Display: Destroying online subsystem :Context_42
[2026.08.26-21.02.05:624][694]LogEditorViewport: Clicking on Actor (LMB): BP_Revolver_C (BP_Revolver)
[2026.08.26-21.02.08:545][ 39]LogTemp: Repeating last play command: Selected Viewport
[2026.08.26-21.02.08:554][ 39]LogPlayLevel: PlayLevel: No blueprints needed recompiling
[2026.08.26-21.02.08:555][ 39]PIE: New page: PIE session: TestLevel_Weeb (Aug 26, 2026, 7:02:08 AM)
[2026.08.26-21.02.08:587][ 39]LogPlayLevel: Creating play world package: /Game/Brackeys2026/Levels/UEDPIE_0_TestLevel_Weeb
[2026.08.26-21.02.08:589][ 39]LogPlayLevel: PIE: StaticDuplicateObject took: (0.002179s)
[2026.08.26-21.02.08:589][ 39]LogAIModule: Creating AISystem for world TestLevel_Weeb
[2026.08.26-21.02.08:591][ 39]LogPlayLevel: PIE: World Init took: (0.000898s)
[2026.08.26-21.02.08:591][ 39]LogPlayLevel: PIE: Created PIE world by copying editor world from /Game/Brackeys2026/Levels/TestLevel_Weeb.TestLevel_Weeb to /Game/Brackeys2026/Levels/UEDPIE_0_TestLevel_Weeb.TestLevel_Weeb (0.003264s)
[2026.08.26-21.02.08:622][ 39]LogUObjectHash: Compacting FUObjectHashTables data took   2.14ms
[2026.08.26-21.02.08:624][ 39]LogAudio: Display: Creating Audio Device:                 Id: 31, Scope: Unique, Realtime: True
[2026.08.26-21.02.08:624][ 39]LogAudioMixer: Display: Audio Mixer Platform Settings:
[2026.08.26-21.02.08:624][ 39]LogAudioMixer: Display: 	Sample Rate:						  48000
[2026.08.26-21.02.08:624][ 39]LogAudioMixer: Display: 	Callback Buffer Frame Size Requested: 1024
[2026.08.26-21.02.08:624][ 39]LogAudioMixer: Display: 	Callback Buffer Frame Size To Use:	  1024
[2026.08.26-21.02.08:624][ 39]LogAudioMixer: Display: 	Number of buffers to queue:			  2
[2026.08.26-21.02.08:624][ 39]LogAudioMixer: Display: 	Max Channels (voices):				  32
[2026.08.26-21.02.08:624][ 39]LogAudioMixer: Display: 	Number of Async Source Workers:		  0
[2026.08.26-21.02.08:624][ 39]LogAudio: Display: AudioDevice MaxSources: 32
[2026.08.26-21.02.08:625][ 39]LogAudio: Display: Audio Spatialization Plugin: None (built-in).
[2026.08.26-21.02.08:625][ 39]LogAudio: Display: Audio Reverb Plugin: None (built-in).
[2026.08.26-21.02.08:625][ 39]LogAudio: Display: Audio Occlusion Plugin: None (built-in).
[2026.08.26-21.02.08:625][ 39]LogAudioMixer: Display: Initializing audio mixer.
[2026.08.26-21.02.08:630][ 39]LogAudioMixer: Display: 0: FrontLeft
[2026.08.26-21.02.08:630][ 39]LogAudioMixer: Display: 1: FrontRight
[2026.08.26-21.02.08:642][ 39]LogAudioMixer: Display: Using Audio Device Realtek HD Audio 2nd output (Realtek(R) Audio)
[2026.08.26-21.02.08:642][ 39]LogAudioMixer: Display: Initializing Sound Submixes...
[2026.08.26-21.02.08:642][ 39]LogAudioMixer: Display: Creating Master Submix 'MasterSubmixDefault'
[2026.08.26-21.02.08:642][ 39]LogAudioMixer: Display: Creating Master Submix 'MasterReverbSubmixDefault'
[2026.08.26-21.02.08:643][ 39]LogAudioMixer: Display: Creating Master Submix 'MasterEQSubmixDefault'
[2026.08.26-21.02.08:643][ 39]LogAudioMixer: FMixerPlatformXAudio2::StartAudioStream() called
[2026.08.26-21.02.08:643][ 39]LogAudioMixer: Display: Output buffers initialized: Frames=1024, Channels=2, Samples=2048
[2026.08.26-21.02.08:644][ 39]LogAudioMixer: Display: Starting AudioMixerPlatformInterface::RunInternal()
[2026.08.26-21.02.08:644][ 39]LogAudioMixer: Display: FMixerPlatformXAudio2::SubmitBuffer() called for the first time
[2026.08.26-21.02.08:644][ 39]LogInit: FAudioDevice initialized.
[2026.08.26-21.02.08:644][ 39]LogAudio: Display: Audio Device (ID: 31) registered with world 'TestLevel_Weeb'.
[2026.08.26-21.02.08:650][ 39]LogLoad: Game class is 'BrackeysGameMode_C'
[2026.08.26-21.02.08:651][ 39]LogWorld: Bringing World /Game/Brackeys2026/Levels/UEDPIE_0_TestLevel_Weeb.TestLevel_Weeb up for play (max tick rate 0) at 2026.08.26-14.02.08
[2026.08.26-21.02.08:652][ 39]LogWorld: Bringing up level for play took: 0.000677
[2026.08.26-21.02.08:652][ 39]LogOnline: OSS: Creating online subsystem instance for: :Context_43
[2026.08.26-21.02.08:656][ 39]PIE: Server logged in
[2026.08.26-21.02.08:657][ 39]PIE: Play in editor total start time 0.106 seconds.
[2026.08.26-21.02.13:491][614]LogSlate: Updating window title bar state: overlay mode, drag disabled, window buttons hidden, title bar hidden
[2026.08.26-21.02.13:491][614]LogWorld: BeginTearingDown for /Game/Brackeys2026/Levels/UEDPIE_0_TestLevel_Weeb
[2026.08.26-21.02.13:491][614]LogWorld: UWorld::CleanupWorld for TestLevel_Weeb, bSessionEnded=true, bCleanupResources=true
[2026.08.26-21.02.13:492][614]LogSlate: InvalidateAllWidgets triggered.  All widgets were invalidated
[2026.08.26-21.02.13:499][614]LogPlayLevel: Display: Shutting down PIE online subsystems
[2026.08.26-21.02.13:507][614]LogSlate: InvalidateAllWidgets triggered.  All widgets were invalidated
[2026.08.26-21.02.13:537][614]LogAudio: Display: Audio Device unregistered from world 'None'.
[2026.08.26-21.02.13:537][614]LogAudioMixer: FMixerPlatformXAudio2::StopAudioStream() called
[2026.08.26-21.02.13:538][614]LogAudioMixer: FMixerPlatformXAudio2::StopAudioStream() called
[2026.08.26-21.02.13:541][614]LogSlate: Updating window title bar state: overlay mode, drag disabled, window buttons hidden, title bar hidden
[2026.08.26-21.02.13:545][614]LogUObjectHash: Compacting FUObjectHashTables data took   2.21ms
[2026.08.26-21.02.13:560][615]LogPlayLevel: Display: Destroying online subsystem :Context_43
[2026.08.26-21.02.14:545][717]LogTemp: Repeating last play command: Selected Viewport
[2026.08.26-21.02.14:554][717]LogPlayLevel: PlayLevel: No blueprints needed recompiling
[2026.08.26-21.02.14:554][717]PIE: New page: PIE session: TestLevel_Weeb (Aug 26, 2026, 7:02:14 AM)
[2026.08.26-21.02.14:554][717]LogPlayLevel: Creating play world package: /Game/Brackeys2026/Levels/UEDPIE_0_TestLevel_Weeb
[2026.08.26-21.02.14:556][717]LogPlayLevel: PIE: StaticDuplicateObject took: (0.001901s)
[2026.08.26-21.02.14:557][717]LogAIModule: Creating AISystem for world TestLevel_Weeb
[2026.08.26-21.02.14:557][717]LogPlayLevel: PIE: World Init took: (0.001281s)
[2026.08.26-21.02.14:557][717]LogPlayLevel: PIE: Created PIE world by copying editor world from /Game/Brackeys2026/Levels/TestLevel_Weeb.TestLevel_Weeb to /Game/Brackeys2026/Levels/UEDPIE_0_TestLevel_Weeb.TestLevel_Weeb (0.003321s)
[2026.08.26-21.02.14:591][717]LogUObjectHash: Compacting FUObjectHashTables data took   2.42ms
[2026.08.26-21.02.14:593][717]LogAudio: Display: Creating Audio Device:                 Id: 32, Scope: Unique, Realtime: True
[2026.08.26-21.02.14:593][717]LogAudioMixer: Display: Audio Mixer Platform Settings:
[2026.08.26-21.02.14:593][717]LogAudioMixer: Display: 	Sample Rate:						  48000
[2026.08.26-21.02.14:593][717]LogAudioMixer: Display: 	Callback Buffer Frame Size Requested: 1024
[2026.08.26-21.02.14:593][717]LogAudioMixer: Display: 	Callback Buffer Frame Size To Use:	  1024
[2026.08.26-21.02.14:593][717]LogAudioMixer: Display: 	Number of buffers to queue:			  2
[2026.08.26-21.02.14:593][717]LogAudioMixer: Display: 	Max Channels (voices):				  32
[2026.08.26-21.02.14:593][717]LogAudioMixer: Display: 	Number of Async Source Workers:		  0
[2026.08.26-21.02.14:593][717]LogAudio: Display: AudioDevice MaxSources: 32
[2026.08.26-21.02.14:594][717]LogAudio: Display: Audio Spatialization Plugin: None (built-in).
[2026.08.26-21.02.14:594][717]LogAudio: Display: Audio Reverb Plugin: None (built-in).
[2026.08.26-21.02.14:594][717]LogAudio: Display: Audio Occlusion Plugin: None (built-in).
[2026.08.26-21.02.14:594][717]LogAudioMixer: Display: Initializing audio mixer.
[2026.08.26-21.02.14:598][717]LogAudioMixer: Display: 0: FrontLeft
[2026.08.26-21.02.14:598][717]LogAudioMixer: Display: 1: FrontRight
[2026.08.26-21.02.14:610][717]LogAudioMixer: Display: Using Audio Device Realtek HD Audio 2nd output (Realtek(R) Audio)
[2026.08.26-21.02.14:610][717]LogAudioMixer: Display: Initializing Sound Submixes...
[2026.08.26-21.02.14:610][717]LogAudioMixer: Display: Creating Master Submix 'MasterSubmixDefault'
[2026.08.26-21.02.14:610][717]LogAudioMixer: Display: Creating Master Submix 'MasterReverbSubmixDefault'
[2026.08.26-21.02.14:612][717]LogAudioMixer: Display: Creating Master Submix 'MasterEQSubmixDefault'
[2026.08.26-21.02.14:612][717]LogAudioMixer: FMixerPlatformXAudio2::StartAudioStream() called
[2026.08.26-21.02.14:612][717]LogAudioMixer: Display: Output buffers initialized: Frames=1024, Channels=2, Samples=2048
[2026.08.26-21.02.14:613][717]LogAudioMixer: Display: Starting AudioMixerPlatformInterface::RunInternal()
[2026.08.26-21.02.14:613][717]LogAudioMixer: Display: FMixerPlatformXAudio2::SubmitBuffer() called for the first time
[2026.08.26-21.02.14:613][717]LogInit: FAudioDevice initialized.
[2026.08.26-21.02.14:613][717]LogAudio: Display: Audio Device (ID: 32) registered with world 'TestLevel_Weeb'.
[2026.08.26-21.02.14:662][717]LogSlate: Updating window title bar state: overlay mode, drag disabled, window buttons hidden, title bar hidden
[2026.08.26-21.02.14:662][717]LogLoad: Game class is 'BrackeysGameMode_C'
[2026.08.26-21.02.14:663][717]LogWorld: Bringing World /Game/Brackeys2026/Levels/UEDPIE_0_TestLevel_Weeb.TestLevel_Weeb up for play (max tick rate 0) at 2026.08.26-14.02.14
[2026.08.26-21.02.14:663][717]LogWorld: Bringing up level for play took: 0.000724
[2026.08.26-21.02.14:663][717]LogOnline: OSS: Creating online subsystem instance for: :Context_44
[2026.08.26-21.02.14:668][717]PIE: Server logged in
[2026.08.26-21.02.14:669][717]PIE: Play in editor total start time 0.119 seconds.
[2026.08.26-21.02.38:831][613]LogSlate: Window 'BrackeysJam2026 Preview [NetMode: Standalone]  (64-bit/Windows) ' being destroyed
[2026.08.26-21.02.38:840][613]LogWorld: BeginTearingDown for /Game/Brackeys2026/Levels/UEDPIE_0_TestLevel_Weeb
[2026.08.26-21.02.38:868][613]LogWorld: UWorld::CleanupWorld for TestLevel_Weeb, bSessionEnded=true, bCleanupResources=true
[2026.08.26-21.02.38:868][613]LogSlate: InvalidateAllWidgets triggered.  All widgets were invalidated
[2026.08.26-21.02.38:882][613]LogPlayLevel: Display: Shutting down PIE online subsystems
[2026.08.26-21.02.38:891][613]LogSlate: InvalidateAllWidgets triggered.  All widgets were invalidated
[2026.08.26-21.02.38:922][613]LogAudioMixer: FMixerPlatformXAudio2::StopAudioStream() called
[2026.08.26-21.02.38:923][613]LogAudioMixer: FMixerPlatformXAudio2::StopAudioStream() called
[2026.08.26-21.02.38:929][613]LogUObjectHash: Compacting FUObjectHashTables data took   2.78ms
[2026.08.26-21.02.38:947][614]LogPlayLevel: Display: Destroying online subsystem :Context_44
[2026.08.26-21.02.48:052][679]LogEditorTransaction: Undo Delete current selection
[2026.08.26-21.04.36:739][288]BlueprintLog: New page: Compile BP_UIPlayer
[2026.08.26-21.04.36:784][288]LogUObjectHash: Compacting FUObjectHashTables data took   3.15ms
[2026.08.26-21.04.39:587][329]LogSavePackage: Moving 'E:/_Alex's Data/Unreal Engine/Unreal Projects/Brackeys2026/Brackeys-2026/BrackeysJam2026/Saved/BP_UIPlayer900A71B449269046CAC6939C96135C25.tmp' to 'E:/_Alex's Data/Unreal Engine/Unreal Projects/Brackeys2026/Brackeys-2026/BrackeysJam2026/Content/Brackeys2026/UI/BP_UIPlayer.uasset'
[2026.08.26-21.04.39:610][329]AssetCheck: New page: Asset Save: BP_UIPlayer
[2026.08.26-21.04.39:610][329]LogContentValidation: Display: Validating WidgetBlueprint /Game/Brackeys2026/UI/BP_UIPlayer.BP_UIPlayer
[2026.08.26-21.04.46:847][161]LogTemp: Repeating last play command: Selected Viewport
[2026.08.26-21.04.46:855][161]LogPlayLevel: PlayLevel: No blueprints needed recompiling
[2026.08.26-21.04.46:855][161]PIE: New page: PIE session: TestLevel_Weeb (Aug 26, 2026, 7:04:46 AM)
[2026.08.26-21.04.46:855][161]LogPlayLevel: Creating play world package: /Game/Brackeys2026/Levels/UEDPIE_0_TestLevel_Weeb
[2026.08.26-21.04.46:859][161]LogPlayLevel: PIE: StaticDuplicateObject took: (0.003101s)
[2026.08.26-21.04.46:860][161]LogAIModule: Creating AISystem for world TestLevel_Weeb
[2026.08.26-21.04.46:861][161]LogPlayLevel: PIE: World Init took: (0.002010s)
[2026.08.26-21.04.46:861][161]LogPlayLevel: PIE: Created PIE world by copying editor world from /Game/Brackeys2026/Levels/TestLevel_Weeb.TestLevel_Weeb to /Game/Brackeys2026/Levels/UEDPIE_0_TestLevel_Weeb.TestLevel_Weeb (0.005338s)
[2026.08.26-21.04.46:896][161]LogUObjectHash: Compacting FUObjectHashTables data took   3.05ms
[2026.08.26-21.04.46:896][161]LogAudio: Display: Creating Audio Device:                 Id: 33, Scope: Unique, Realtime: True
[2026.08.26-21.04.46:896][161]LogAudioMixer: Display: Audio Mixer Platform Settings:
[2026.08.26-21.04.46:896][161]LogAudioMixer: Display: 	Sample Rate:						  48000
[2026.08.26-21.04.46:896][161]LogAudioMixer: Display: 	Callback Buffer Frame Size Requested: 1024
[2026.08.26-21.04.46:896][161]LogAudioMixer: Display: 	Callback Buffer Frame Size To Use:	  1024
[2026.08.26-21.04.46:896][161]LogAudioMixer: Display: 	Number of buffers to queue:			  2
[2026.08.26-21.04.46:896][161]LogAudioMixer: Display: 	Max Channels (voices):				  32
[2026.08.26-21.04.46:896][161]LogAudioMixer: Display: 	Number of Async Source Workers:		  0
[2026.08.26-21.04.46:896][161]LogAudio: Display: AudioDevice MaxSources: 32
[2026.08.26-21.04.46:897][161]LogAudio: Display: Audio Spatialization Plugin: None (built-in).
[2026.08.26-21.04.46:897][161]LogAudio: Display: Audio Reverb Plugin: None (built-in).
[2026.08.26-21.04.46:897][161]LogAudio: Display: Audio Occlusion Plugin: None (built-in).
[2026.08.26-21.04.46:897][161]LogAudioMixer: Display: Initializing audio mixer.
[2026.08.26-21.04.46:902][161]LogAudioMixer: Display: 0: FrontLeft
[2026.08.26-21.04.46:902][161]LogAudioMixer: Display: 1: FrontRight
[2026.08.26-21.04.46:915][161]LogAudioMixer: Display: Using Audio Device Realtek HD Audio 2nd output (Realtek(R) Audio)
[2026.08.26-21.04.46:915][161]LogAudioMixer: Display: Initializing Sound Submixes...
[2026.08.26-21.04.46:915][161]LogAudioMixer: Display: Creating Master Submix 'MasterSubmixDefault'
[2026.08.26-21.04.46:915][161]LogAudioMixer: Display: Creating Master Submix 'MasterReverbSubmixDefault'
[2026.08.26-21.04.46:915][161]LogAudioMixer: Display: Creating Master Submix 'MasterEQSubmixDefault'
[2026.08.26-21.04.46:915][161]LogAudioMixer: FMixerPlatformXAudio2::StartAudioStream() called
[2026.08.26-21.04.46:915][161]LogAudioMixer: Display: Output buffers initialized: Frames=1024, Channels=2, Samples=2048
[2026.08.26-21.04.46:917][161]LogAudioMixer: Display: Starting AudioMixerPlatformInterface::RunInternal()
[2026.08.26-21.04.46:917][161]LogAudioMixer: Display: FMixerPlatformXAudio2::SubmitBuffer() called for the first time
[2026.08.26-21.04.46:917][161]LogInit: FAudioDevice initialized.
[2026.08.26-21.04.46:917][161]LogAudio: Display: Audio Device (ID: 33) registered with world 'TestLevel_Weeb'.
[2026.08.26-21.04.46:961][161]LogSlate: Updating window title bar state: overlay mode, drag disabled, window buttons hidden, title bar hidden
[2026.08.26-21.04.46:961][161]LogLoad: Game class is 'BrackeysGameMode_C'
[2026.08.26-21.04.46:964][161]LogWorld: Bringing World /Game/Brackeys2026/Levels/UEDPIE_0_TestLevel_Weeb.TestLevel_Weeb up for play (max tick rate 0) at 2026.08.26-14.04.46
[2026.08.26-21.04.46:964][161]LogWorld: Bringing up level for play took: 0.001179
[2026.08.26-21.04.46:964][161]LogOnline: OSS: Creating online subsystem instance for: :Context_45
[2026.08.26-21.04.46:971][161]PIE: Server logged in
[2026.08.26-21.04.46:972][161]PIE: Play in editor total start time 0.119 seconds.
[2026.08.26-21.04.51:421][616]LogSlate: Updating window title bar state: overlay mode, drag disabled, window buttons hidden, title bar hidden
[2026.08.26-21.04.51:422][616]LogWorld: BeginTearingDown for /Game/Brackeys2026/Levels/UEDPIE_0_TestLevel_Weeb
[2026.08.26-21.04.51:422][616]LogSlate: Window 'BrackeysJam2026 Preview [NetMode: Standalone]  (64-bit/Windows) ' being destroyed
[2026.08.26-21.04.51:430][616]LogWorld: UWorld::CleanupWorld for TestLevel_Weeb, bSessionEnded=true, bCleanupResources=true
[2026.08.26-21.04.51:430][616]LogSlate: InvalidateAllWidgets triggered.  All widgets were invalidated
[2026.08.26-21.04.51:438][616]LogPlayLevel: Display: Shutting down PIE online subsystems
[2026.08.26-21.04.51:448][616]LogSlate: InvalidateAllWidgets triggered.  All widgets were invalidated
[2026.08.26-21.04.51:479][616]LogAudio: Display: Audio Device unregistered from world 'None'.
[2026.08.26-21.04.51:479][616]LogAudioMixer: FMixerPlatformXAudio2::StopAudioStream() called
[2026.08.26-21.04.51:480][616]LogAudioMixer: FMixerPlatformXAudio2::StopAudioStream() called
[2026.08.26-21.04.51:485][616]LogUObjectHash: Compacting FUObjectHashTables data took   2.19ms
[2026.08.26-21.04.51:505][617]LogPlayLevel: Display: Destroying online subsystem :Context_45
[2026.08.26-21.04.54:112][912]LogTemp: Repeating last play command: Selected Viewport
[2026.08.26-21.04.54:120][912]LogPlayLevel: PlayLevel: No blueprints needed recompiling
[2026.08.26-21.04.54:120][912]PIE: New page: PIE session: TestLevel_Weeb (Aug 26, 2026, 7:04:54 AM)
[2026.08.26-21.04.54:120][912]LogPlayLevel: Creating play world package: /Game/Brackeys2026/Levels/UEDPIE_0_TestLevel_Weeb
[2026.08.26-21.04.54:123][912]LogPlayLevel: PIE: StaticDuplicateObject took: (0.002962s)
[2026.08.26-21.04.54:123][912]LogAIModule: Creating AISystem for world TestLevel_Weeb
[2026.08.26-21.04.54:124][912]LogPlayLevel: PIE: World Init took: (0.001738s)
[2026.08.26-21.04.54:124][912]LogPlayLevel: PIE: Created PIE world by copying editor world from /Game/Brackeys2026/Levels/TestLevel_Weeb.TestLevel_Weeb to /Game/Brackeys2026/Levels/UEDPIE_0_TestLevel_Weeb.TestLevel_Weeb (0.004908s)
[2026.08.26-21.04.54:157][912]LogUObjectHash: Compacting FUObjectHashTables data took   2.26ms
[2026.08.26-21.04.54:158][912]LogAudio: Display: Creating Audio Device:                 Id: 34, Scope: Unique, Realtime: True
[2026.08.26-21.04.54:158][912]LogAudioMixer: Display: Audio Mixer Platform Settings:
[2026.08.26-21.04.54:158][912]LogAudioMixer: Display: 	Sample Rate:						  48000
[2026.08.26-21.04.54:158][912]LogAudioMixer: Display: 	Callback Buffer Frame Size Requested: 1024
[2026.08.26-21.04.54:158][912]LogAudioMixer: Display: 	Callback Buffer Frame Size To Use:	  1024
[2026.08.26-21.04.54:158][912]LogAudioMixer: Display: 	Number of buffers to queue:			  2
[2026.08.26-21.04.54:158][912]LogAudioMixer: Display: 	Max Channels (voices):				  32
[2026.08.26-21.04.54:158][912]LogAudioMixer: Display: 	Number of Async Source Workers:		  0
[2026.08.26-21.04.54:158][912]LogAudio: Display: AudioDevice MaxSources: 32
[2026.08.26-21.04.54:158][912]LogAudio: Display: Audio Spatialization Plugin: None (built-in).
[2026.08.26-21.04.54:158][912]LogAudio: Display: Audio Reverb Plugin: None (built-in).
[2026.08.26-21.04.54:158][912]LogAudio: Display: Audio Occlusion Plugin: None (built-in).
[2026.08.26-21.04.54:158][912]LogAudioMixer: Display: Initializing audio mixer.
[2026.08.26-21.04.54:163][912]LogAudioMixer: Display: 0: FrontLeft
[2026.08.26-21.04.54:163][912]LogAudioMixer: Display: 1: FrontRight
[2026.08.26-21.04.54:175][912]LogAudioMixer: Display: Using Audio Device Realtek HD Audio 2nd output (Realtek(R) Audio)
[2026.08.26-21.04.54:175][912]LogAudioMixer: Display: Initializing Sound Submixes...
[2026.08.26-21.04.54:175][912]LogAudioMixer: Display: Creating Master Submix 'MasterSubmixDefault'
[2026.08.26-21.04.54:175][912]LogAudioMixer: Display: Creating Master Submix 'MasterReverbSubmixDefault'
[2026.08.26-21.04.54:175][912]LogAudioMixer: Display: Creating Master Submix 'MasterEQSubmixDefault'
[2026.08.26-21.04.54:175][912]LogAudioMixer: FMixerPlatformXAudio2::StartAudioStream() called
[2026.08.26-21.04.54:175][912]LogAudioMixer: Display: Output buffers initialized: Frames=1024, Channels=2, Samples=2048
[2026.08.26-21.04.54:177][912]LogAudioMixer: Display: Starting AudioMixerPlatformInterface::RunInternal()
[2026.08.26-21.04.54:177][912]LogAudioMixer: Display: FMixerPlatformXAudio2::SubmitBuffer() called for the first time
[2026.08.26-21.04.54:177][912]LogInit: FAudioDevice initialized.
[2026.08.26-21.04.54:177][912]LogAudio: Display: Audio Device (ID: 34) registered with world 'TestLevel_Weeb'.
[2026.08.26-21.04.54:212][912]LogSlate: Updating window title bar state: overlay mode, drag disabled, window buttons hidden, title bar hidden
[2026.08.26-21.04.54:212][912]LogLoad: Game class is 'BrackeysGameMode_C'
[2026.08.26-21.04.54:214][912]LogWorld: Bringing World /Game/Brackeys2026/Levels/UEDPIE_0_TestLevel_Weeb.TestLevel_Weeb up for play (max tick rate 0) at 2026.08.26-14.04.54
[2026.08.26-21.04.54:214][912]LogWorld: Bringing up level for play took: 0.001003
[2026.08.26-21.04.54:214][912]LogOnline: OSS: Creating online subsystem instance for: :Context_46
[2026.08.26-21.04.54:220][912]PIE: Server logged in
[2026.08.26-21.04.54:221][912]PIE: Play in editor total start time 0.104 seconds.
[2026.08.26-21.04.55:071][999]LogSlate: Updating window title bar state: overlay mode, drag disabled, window buttons hidden, title bar hidden
[2026.08.26-21.04.55:071][999]LogWorld: BeginTearingDown for /Game/Brackeys2026/Levels/UEDPIE_0_TestLevel_Weeb
[2026.08.26-21.04.55:071][999]LogSlate: Window 'BrackeysJam2026 Preview [NetMode: Standalone]  (64-bit/Windows) ' being destroyed
[2026.08.26-21.04.55:080][999]LogWorld: UWorld::CleanupWorld for TestLevel_Weeb, bSessionEnded=true, bCleanupResources=true
[2026.08.26-21.04.55:081][999]LogSlate: InvalidateAllWidgets triggered.  All widgets were invalidated
[2026.08.26-21.04.55:089][999]LogPlayLevel: Display: Shutting down PIE online subsystems
[2026.08.26-21.04.55:097][999]LogSlate: InvalidateAllWidgets triggered.  All widgets were invalidated
[2026.08.26-21.04.55:129][999]LogAudioMixer: FMixerPlatformXAudio2::StopAudioStream() called
[2026.08.26-21.04.55:130][999]LogAudioMixer: FMixerPlatformXAudio2::StopAudioStream() called
[2026.08.26-21.04.55:135][999]LogUObjectHash: Compacting FUObjectHashTables data took   2.09ms
[2026.08.26-21.04.55:157][  0]LogPlayLevel: Display: Destroying online subsystem :Context_46
[2026.08.26-21.06.16:031][916]BlueprintLog: New page: Compile BP_Revolver
[2026.08.26-21.06.16:106][916]LogUObjectHash: Compacting FUObjectHashTables data took   2.39ms
[2026.08.26-21.06.18:962][954]LogSavePackage: Moving 'E:/_Alex's Data/Unreal Engine/Unreal Projects/Brackeys2026/Brackeys-2026/BrackeysJam2026/Saved/BP_RevolverB50CD9814DFFD8DB1E896A97AC91E438.tmp' to 'E:/_Alex's Data/Unreal Engine/Unreal Projects/Brackeys2026/Brackeys-2026/BrackeysJam2026/Content/Brackeys2026/Objects/Revolver/BP_Revolver.uasset'
[2026.08.26-21.06.18:986][954]AssetCheck: New page: Asset Save: BP_Revolver
[2026.08.26-21.06.18:986][954]LogContentValidation: Display: Validating Blueprint /Game/Brackeys2026/Objects/Revolver/BP_Revolver.BP_Revolver
[2026.08.26-21.06.31:223][316]BlueprintLog: New page: Compile BP_Revolver
[2026.08.26-21.06.31:297][316]LogUObjectHash: Compacting FUObjectHashTables data took   3.28ms
[2026.08.26-21.06.31:776][349]LogSavePackage: Moving 'E:/_Alex's Data/Unreal Engine/Unreal Projects/Brackeys2026/Brackeys-2026/BrackeysJam2026/Saved/BP_Revolver03A441964FBE9CBEC772FA8B8EC5F681.tmp' to 'E:/_Alex's Data/Unreal Engine/Unreal Projects/Brackeys2026/Brackeys-2026/BrackeysJam2026/Content/Brackeys2026/Objects/Revolver/BP_Revolver.uasset'
[2026.08.26-21.06.31:800][349]AssetCheck: New page: Asset Save: BP_Revolver
[2026.08.26-21.06.31:800][349]LogContentValidation: Display: Validating Blueprint /Game/Brackeys2026/Objects/Revolver/BP_Revolver.BP_Revolver
[2026.08.26-21.06.32:405][416]LogTemp: Repeating last play command: Selected Viewport
[2026.08.26-21.06.32:412][416]LogPlayLevel: PlayLevel: No blueprints needed recompiling
[2026.08.26-21.06.32:413][416]PIE: New page: PIE session: TestLevel_Weeb (Aug 26, 2026, 7:06:32 AM)
[2026.08.26-21.06.32:413][416]LogPlayLevel: Creating play world package: /Game/Brackeys2026/Levels/UEDPIE_0_TestLevel_Weeb
[2026.08.26-21.06.32:415][416]LogPlayLevel: PIE: StaticDuplicateObject took: (0.003071s)
[2026.08.26-21.06.32:417][416]LogAIModule: Creating AISystem for world TestLevel_Weeb
[2026.08.26-21.06.32:418][416]LogPlayLevel: PIE: World Init took: (0.001172s)
[2026.08.26-21.06.32:418][416]LogPlayLevel: PIE: Created PIE world by copying editor world from /Game/Brackeys2026/Levels/TestLevel_Weeb.TestLevel_Weeb to /Game/Brackeys2026/Levels/UEDPIE_0_TestLevel_Weeb.TestLevel_Weeb (0.004404s)
[2026.08.26-21.06.32:451][416]LogUObjectHash: Compacting FUObjectHashTables data took   2.90ms
[2026.08.26-21.06.32:451][416]LogAudio: Display: Creating Audio Device:                 Id: 35, Scope: Unique, Realtime: True
[2026.08.26-21.06.32:451][416]LogAudioMixer: Display: Audio Mixer Platform Settings:
[2026.08.26-21.06.32:451][416]LogAudioMixer: Display: 	Sample Rate:						  48000
[2026.08.26-21.06.32:451][416]LogAudioMixer: Display: 	Callback Buffer Frame Size Requested: 1024
[2026.08.26-21.06.32:451][416]LogAudioMixer: Display: 	Callback Buffer Frame Size To Use:	  1024
[2026.08.26-21.06.32:451][416]LogAudioMixer: Display: 	Number of buffers to queue:			  2
[2026.08.26-21.06.32:451][416]LogAudioMixer: Display: 	Max Channels (voices):				  32
[2026.08.26-21.06.32:451][416]LogAudioMixer: Display: 	Number of Async Source Workers:		  0
[2026.08.26-21.06.32:451][416]LogAudio: Display: AudioDevice MaxSources: 32
[2026.08.26-21.06.32:451][416]LogAudio: Display: Audio Spatialization Plugin: None (built-in).
[2026.08.26-21.06.32:451][416]LogAudio: Display: Audio Reverb Plugin: None (built-in).
[2026.08.26-21.06.32:451][416]LogAudio: Display: Audio Occlusion Plugin: None (built-in).
[2026.08.26-21.06.32:451][416]LogAudioMixer: Display: Initializing audio mixer.
[2026.08.26-21.06.32:455][416]LogAudioMixer: Display: 0: FrontLeft
[2026.08.26-21.06.32:455][416]LogAudioMixer: Display: 1: FrontRight
[2026.08.26-21.06.32:471][416]LogAudioMixer: Display: Using Audio Device Realtek HD Audio 2nd output (Realtek(R) Audio)
[2026.08.26-21.06.32:472][416]LogAudioMixer: Display: Initializing Sound Submixes...
[2026.08.26-21.06.32:472][416]LogAudioMixer: Display: Creating Master Submix 'MasterSubmixDefault'
[2026.08.26-21.06.32:472][416]LogAudioMixer: Display: Creating Master Submix 'MasterReverbSubmixDefault'
[2026.08.26-21.06.32:472][416]LogAudioMixer: Display: Creating Master Submix 'MasterEQSubmixDefault'
[2026.08.26-21.06.32:472][416]LogAudioMixer: FMixerPlatformXAudio2::StartAudioStream() called
[2026.08.26-21.06.32:472][416]LogAudioMixer: Display: Output buffers initialized: Frames=1024, Channels=2, Samples=2048
[2026.08.26-21.06.32:473][416]LogAudioMixer: Display: Starting AudioMixerPlatformInterface::RunInternal()
[2026.08.26-21.06.32:473][416]LogAudioMixer: Display: FMixerPlatformXAudio2::SubmitBuffer() called for the first time
[2026.08.26-21.06.32:473][416]LogInit: FAudioDevice initialized.
[2026.08.26-21.06.32:473][416]LogAudio: Display: Audio Device (ID: 35) registered with world 'TestLevel_Weeb'.
[2026.08.26-21.06.32:530][416]LogSlate: Updating window title bar state: overlay mode, drag disabled, window buttons hidden, title bar hidden
[2026.08.26-21.06.32:530][416]LogLoad: Game class is 'BrackeysGameMode_C'
[2026.08.26-21.06.32:531][416]LogWorld: Bringing World /Game/Brackeys2026/Levels/UEDPIE_0_TestLevel_Weeb.TestLevel_Weeb up for play (max tick rate 0) at 2026.08.26-14.06.32
[2026.08.26-21.06.32:532][416]LogWorld: Bringing up level for play took: 0.001100
[2026.08.26-21.06.32:532][416]LogOnline: OSS: Creating online subsystem instance for: :Context_47
[2026.08.26-21.06.32:538][416]PIE: Server logged in
[2026.08.26-21.06.32:542][416]PIE: Play in editor total start time 0.132 seconds.
[2026.08.26-21.06.38:662][141]LogSlate: Updating window title bar state: overlay mode, drag disabled, window buttons hidden, title bar hidden
[2026.08.26-21.06.38:662][141]LogWorld: BeginTearingDown for /Game/Brackeys2026/Levels/UEDPIE_0_TestLevel_Weeb
[2026.08.26-21.06.38:662][141]LogSlate: Window 'BrackeysJam2026 Preview [NetMode: Standalone]  (64-bit/Windows) ' being destroyed
[2026.08.26-21.06.38:671][141]LogWorld: UWorld::CleanupWorld for TestLevel_Weeb, bSessionEnded=true, bCleanupResources=true
[2026.08.26-21.06.38:671][141]LogSlate: InvalidateAllWidgets triggered.  All widgets were invalidated
[2026.08.26-21.06.38:697][141]LogPlayLevel: Display: Shutting down PIE online subsystems
[2026.08.26-21.06.38:708][141]LogSlate: InvalidateAllWidgets triggered.  All widgets were invalidated
[2026.08.26-21.06.38:738][141]LogAudio: Display: Audio Device unregistered from world 'None'.
[2026.08.26-21.06.38:739][141]LogAudioMixer: FMixerPlatformXAudio2::StopAudioStream() called
[2026.08.26-21.06.38:740][141]LogAudioMixer: FMixerPlatformXAudio2::StopAudioStream() called
[2026.08.26-21.06.38:746][141]LogUObjectHash: Compacting FUObjectHashTables data took   2.17ms
[2026.08.26-21.06.38:791][142]LogPlayLevel: Display: Destroying online subsystem :Context_47
[2026.08.26-21.06.50:931][498]BlueprintLog: New page: Compile BP_UIPlayer
[2026.08.26-21.06.50:977][498]LogUObjectHash: Compacting FUObjectHashTables data took   2.36ms
[2026.08.26-21.06.51:343][527]LogSavePackage: Moving 'E:/_Alex's Data/Unreal Engine/Unreal Projects/Brackeys2026/Brackeys-2026/BrackeysJam2026/Saved/BP_UIPlayer1E13ADC44C78D167D53DB5A9E923D58E.tmp' to 'E:/_Alex's Data/Unreal Engine/Unreal Projects/Brackeys2026/Brackeys-2026/BrackeysJam2026/Content/Brackeys2026/UI/BP_UIPlayer.uasset'
[2026.08.26-21.06.51:367][527]AssetCheck: New page: Asset Save: BP_UIPlayer
[2026.08.26-21.06.51:367][527]LogContentValidation: Display: Validating WidgetBlueprint /Game/Brackeys2026/UI/BP_UIPlayer.BP_UIPlayer
[2026.08.26-21.06.51:904][586]LogTemp: Repeating last play command: Selected Viewport
[2026.08.26-21.06.51:913][586]LogPlayLevel: PlayLevel: No blueprints needed recompiling
[2026.08.26-21.06.51:913][586]PIE: New page: PIE session: TestLevel_Weeb (Aug 26, 2026, 7:06:51 AM)
[2026.08.26-21.06.51:913][586]LogPlayLevel: Creating play world package: /Game/Brackeys2026/Levels/UEDPIE_0_TestLevel_Weeb
[2026.08.26-21.06.51:917][586]LogPlayLevel: PIE: StaticDuplicateObject took: (0.003151s)
[2026.08.26-21.06.51:918][586]LogAIModule: Creating AISystem for world TestLevel_Weeb
[2026.08.26-21.06.51:918][586]LogPlayLevel: PIE: World Init took: (0.001161s)
[2026.08.26-21.06.51:918][586]LogPlayLevel: PIE: Created PIE world by copying editor world from /Game/Brackeys2026/Levels/TestLevel_Weeb.TestLevel_Weeb to /Game/Brackeys2026/Levels/UEDPIE_0_TestLevel_Weeb.TestLevel_Weeb (0.004460s)
[2026.08.26-21.06.51:954][586]LogUObjectHash: Compacting FUObjectHashTables data took   2.92ms
[2026.08.26-21.06.51:954][586]LogAudio: Display: Creating Audio Device:                 Id: 36, Scope: Unique, Realtime: True
[2026.08.26-21.06.51:954][586]LogAudioMixer: Display: Audio Mixer Platform Settings:
[2026.08.26-21.06.51:954][586]LogAudioMixer: Display: 	Sample Rate:						  48000
[2026.08.26-21.06.51:954][586]LogAudioMixer: Display: 	Callback Buffer Frame Size Requested: 1024
[2026.08.26-21.06.51:954][586]LogAudioMixer: Display: 	Callback Buffer Frame Size To Use:	  1024
[2026.08.26-21.06.51:954][586]LogAudioMixer: Display: 	Number of buffers to queue:			  2
[2026.08.26-21.06.51:954][586]LogAudioMixer: Display: 	Max Channels (voices):				  32
[2026.08.26-21.06.51:954][586]LogAudioMixer: Display: 	Number of Async Source Workers:		  0
[2026.08.26-21.06.51:954][586]LogAudio: Display: AudioDevice MaxSources: 32
[2026.08.26-21.06.51:954][586]LogAudio: Display: Audio Spatialization Plugin: None (built-in).
[2026.08.26-21.06.51:954][586]LogAudio: Display: Audio Reverb Plugin: None (built-in).
[2026.08.26-21.06.51:954][586]LogAudio: Display: Audio Occlusion Plugin: None (built-in).
[2026.08.26-21.06.51:954][586]LogAudioMixer: Display: Initializing audio mixer.
[2026.08.26-21.06.51:960][586]LogAudioMixer: Display: 0: FrontLeft
[2026.08.26-21.06.51:960][586]LogAudioMixer: Display: 1: FrontRight
[2026.08.26-21.06.51:973][586]LogAudioMixer: Display: Using Audio Device Realtek HD Audio 2nd output (Realtek(R) Audio)
[2026.08.26-21.06.51:973][586]LogAudioMixer: Display: Initializing Sound Submixes...
[2026.08.26-21.06.51:973][586]LogAudioMixer: Display: Creating Master Submix 'MasterSubmixDefault'
[2026.08.26-21.06.51:973][586]LogAudioMixer: Display: Creating Master Submix 'MasterReverbSubmixDefault'
[2026.08.26-21.06.51:973][586]LogAudioMixer: Display: Creating Master Submix 'MasterEQSubmixDefault'
[2026.08.26-21.06.51:973][586]LogAudioMixer: FMixerPlatformXAudio2::StartAudioStream() called
[2026.08.26-21.06.51:973][586]LogAudioMixer: Display: Output buffers initialized: Frames=1024, Channels=2, Samples=2048
[2026.08.26-21.06.51:975][586]LogAudioMixer: Display: Starting AudioMixerPlatformInterface::RunInternal()
[2026.08.26-21.06.51:975][586]LogAudioMixer: Display: FMixerPlatformXAudio2::SubmitBuffer() called for the first time
[2026.08.26-21.06.51:975][586]LogInit: FAudioDevice initialized.
[2026.08.26-21.06.51:975][586]LogAudio: Display: Audio Device (ID: 36) registered with world 'TestLevel_Weeb'.
[2026.08.26-21.06.52:010][586]LogSlate: Updating window title bar state: overlay mode, drag disabled, window buttons hidden, title bar hidden
[2026.08.26-21.06.52:010][586]LogLoad: Game class is 'BrackeysGameMode_C'
[2026.08.26-21.06.52:011][586]LogWorld: Bringing World /Game/Brackeys2026/Levels/UEDPIE_0_TestLevel_Weeb.TestLevel_Weeb up for play (max tick rate 0) at 2026.08.26-14.06.52
[2026.08.26-21.06.52:011][586]LogWorld: Bringing up level for play took: 0.000789
[2026.08.26-21.06.52:012][586]LogOnline: OSS: Creating online subsystem instance for: :Context_48
[2026.08.26-21.06.52:017][586]PIE: Server logged in
[2026.08.26-21.06.52:018][586]PIE: Play in editor total start time 0.108 seconds.
[2026.08.26-21.07.03:371][921]LogSlate: Updating window title bar state: overlay mode, drag disabled, window buttons hidden, title bar hidden
[2026.08.26-21.07.03:371][921]LogWorld: BeginTearingDown for /Game/Brackeys2026/Levels/UEDPIE_0_TestLevel_Weeb
[2026.08.26-21.07.03:371][921]LogSlate: Window 'BrackeysJam2026 Preview [NetMode: Standalone]  (64-bit/Windows) ' being destroyed
[2026.08.26-21.07.03:381][921]LogWorld: UWorld::CleanupWorld for TestLevel_Weeb, bSessionEnded=true, bCleanupResources=true
[2026.08.26-21.07.03:381][921]LogSlate: InvalidateAllWidgets triggered.  All widgets were invalidated
[2026.08.26-21.07.03:405][921]LogPlayLevel: Display: Shutting down PIE online subsystems
[2026.08.26-21.07.03:418][921]LogSlate: InvalidateAllWidgets triggered.  All widgets were invalidated
[2026.08.26-21.07.03:450][921]LogAudio: Display: Audio Device unregistered from world 'None'.
[2026.08.26-21.07.03:451][921]LogAudioMixer: FMixerPlatformXAudio2::StopAudioStream() called
[2026.08.26-21.07.03:452][921]LogAudioMixer: FMixerPlatformXAudio2::StopAudioStream() called
[2026.08.26-21.07.03:458][921]LogUObjectHash: Compacting FUObjectHashTables data took   2.24ms
[2026.08.26-21.07.03:480][922]LogPlayLevel: Display: Destroying online subsystem :Context_48
[2026.08.26-21.07.47:740][731]BlueprintLog: New page: Compile BP_Revolver
[2026.08.26-21.07.47:813][731]LogUObjectHash: Compacting FUObjectHashTables data took   2.45ms
[2026.08.26-21.07.48:285][762]LogSavePackage: Moving 'E:/_Alex's Data/Unreal Engine/Unreal Projects/Brackeys2026/Brackeys-2026/BrackeysJam2026/Saved/BP_RevolverFB6973AA43110965711A7E96B81F2BF2.tmp' to 'E:/_Alex's Data/Unreal Engine/Unreal Projects/Brackeys2026/Brackeys-2026/BrackeysJam2026/Content/Brackeys2026/Objects/Revolver/BP_Revolver.uasset'
[2026.08.26-21.07.48:309][762]AssetCheck: New page: Asset Save: BP_Revolver
[2026.08.26-21.07.48:309][762]LogContentValidation: Display: Validating Blueprint /Game/Brackeys2026/Objects/Revolver/BP_Revolver.BP_Revolver
[2026.08.26-21.07.48:785][817]LogTemp: Repeating last play command: Selected Viewport
[2026.08.26-21.07.48:795][817]LogPlayLevel: PlayLevel: No blueprints needed recompiling
[2026.08.26-21.07.48:795][817]PIE: New page: PIE session: TestLevel_Weeb (Aug 26, 2026, 7:07:48 AM)
[2026.08.26-21.07.48:795][817]LogPlayLevel: Creating play world package: /Game/Brackeys2026/Levels/UEDPIE_0_TestLevel_Weeb
[2026.08.26-21.07.48:798][817]LogPlayLevel: PIE: StaticDuplicateObject took: (0.003124s)
[2026.08.26-21.07.48:799][817]LogAIModule: Creating AISystem for world TestLevel_Weeb
[2026.08.26-21.07.48:799][817]LogPlayLevel: PIE: World Init took: (0.001381s)
[2026.08.26-21.07.48:799][817]LogPlayLevel: PIE: Created PIE world by copying editor world from /Game/Brackeys2026/Levels/TestLevel_Weeb.TestLevel_Weeb to /Game/Brackeys2026/Levels/UEDPIE_0_TestLevel_Weeb.TestLevel_Weeb (0.004657s)
[2026.08.26-21.07.48:833][817]LogUObjectHash: Compacting FUObjectHashTables data took   2.99ms
[2026.08.26-21.07.48:834][817]LogAudio: Display: Creating Audio Device:                 Id: 37, Scope: Unique, Realtime: True
[2026.08.26-21.07.48:834][817]LogAudioMixer: Display: Audio Mixer Platform Settings:
[2026.08.26-21.07.48:834][817]LogAudioMixer: Display: 	Sample Rate:						  48000
[2026.08.26-21.07.48:834][817]LogAudioMixer: Display: 	Callback Buffer Frame Size Requested: 1024
[2026.08.26-21.07.48:834][817]LogAudioMixer: Display: 	Callback Buffer Frame Size To Use:	  1024
[2026.08.26-21.07.48:834][817]LogAudioMixer: Display: 	Number of buffers to queue:			  2
[2026.08.26-21.07.48:834][817]LogAudioMixer: Display: 	Max Channels (voices):				  32
[2026.08.26-21.07.48:834][817]LogAudioMixer: Display: 	Number of Async Source Workers:		  0
[2026.08.26-21.07.48:834][817]LogAudio: Display: AudioDevice MaxSources: 32
[2026.08.26-21.07.48:834][817]LogAudio: Display: Audio Spatialization Plugin: None (built-in).
[2026.08.26-21.07.48:834][817]LogAudio: Display: Audio Reverb Plugin: None (built-in).
[2026.08.26-21.07.48:834][817]LogAudio: Display: Audio Occlusion Plugin: None (built-in).
[2026.08.26-21.07.48:834][817]LogAudioMixer: Display: Initializing audio mixer.
[2026.08.26-21.07.48:839][817]LogAudioMixer: Display: 0: FrontLeft
[2026.08.26-21.07.48:839][817]LogAudioMixer: Display: 1: FrontRight
[2026.08.26-21.07.48:853][817]LogAudioMixer: Display: Using Audio Device Realtek HD Audio 2nd output (Realtek(R) Audio)
[2026.08.26-21.07.48:853][817]LogAudioMixer: Display: Initializing Sound Submixes...
[2026.08.26-21.07.48:853][817]LogAudioMixer: Display: Creating Master Submix 'MasterSubmixDefault'
[2026.08.26-21.07.48:853][817]LogAudioMixer: Display: Creating Master Submix 'MasterReverbSubmixDefault'
[2026.08.26-21.07.48:853][817]LogAudioMixer: Display: Creating Master Submix 'MasterEQSubmixDefault'
[2026.08.26-21.07.48:853][817]LogAudioMixer: FMixerPlatformXAudio2::StartAudioStream() called
[2026.08.26-21.07.48:853][817]LogAudioMixer: Display: Output buffers initialized: Frames=1024, Channels=2, Samples=2048
[2026.08.26-21.07.48:855][817]LogAudioMixer: Display: Starting AudioMixerPlatformInterface::RunInternal()
[2026.08.26-21.07.48:855][817]LogAudioMixer: Display: FMixerPlatformXAudio2::SubmitBuffer() called for the first time
[2026.08.26-21.07.48:855][817]LogInit: FAudioDevice initialized.
[2026.08.26-21.07.48:855][817]LogAudio: Display: Audio Device (ID: 37) registered with world 'TestLevel_Weeb'.
[2026.08.26-21.07.48:894][817]LogSlate: Updating window title bar state: overlay mode, drag disabled, window buttons hidden, title bar hidden
[2026.08.26-21.07.48:894][817]LogLoad: Game class is 'BrackeysGameMode_C'
[2026.08.26-21.07.48:895][817]LogWorld: Bringing World /Game/Brackeys2026/Levels/UEDPIE_0_TestLevel_Weeb.TestLevel_Weeb up for play (max tick rate 0) at 2026.08.26-14.07.48
[2026.08.26-21.07.48:895][817]LogWorld: Bringing up level for play took: 0.000714
[2026.08.26-21.07.48:895][817]LogOnline: OSS: Creating online subsystem instance for: :Context_49
[2026.08.26-21.07.48:900][817]PIE: Server logged in
[2026.08.26-21.07.48:901][817]PIE: Play in editor total start time 0.109 seconds.
[2026.08.26-21.07.53:060][309]LogSlate: Updating window title bar state: overlay mode, drag disabled, window buttons hidden, title bar hidden
[2026.08.26-21.07.53:061][309]LogWorld: BeginTearingDown for /Game/Brackeys2026/Levels/UEDPIE_0_TestLevel_Weeb
[2026.08.26-21.07.53:061][309]LogSlate: Window 'BrackeysJam2026 Preview [NetMode: Standalone]  (64-bit/Windows) ' being destroyed
[2026.08.26-21.07.53:067][309]LogWorld: UWorld::CleanupWorld for TestLevel_Weeb, bSessionEnded=true, bCleanupResources=true
[2026.08.26-21.07.53:067][309]LogSlate: InvalidateAllWidgets triggered.  All widgets were invalidated
[2026.08.26-21.07.53:076][309]LogPlayLevel: Display: Shutting down PIE online subsystems
[2026.08.26-21.07.53:084][309]LogSlate: InvalidateAllWidgets triggered.  All widgets were invalidated
[2026.08.26-21.07.53:114][309]LogAudio: Display: Audio Device unregistered from world 'None'.
[2026.08.26-21.07.53:114][309]LogAudioMixer: FMixerPlatformXAudio2::StopAudioStream() called
[2026.08.26-21.07.53:116][309]LogAudioMixer: FMixerPlatformXAudio2::StopAudioStream() called
[2026.08.26-21.07.53:121][309]LogUObjectHash: Compacting FUObjectHashTables data took   2.19ms
[2026.08.26-21.07.53:144][310]LogPlayLevel: Display: Destroying online subsystem :Context_49
[2026.08.26-21.07.59:871][ 96]BlueprintLog: New page: Compile BP_Revolver
[2026.08.26-21.07.59:943][ 96]LogUObjectHash: Compacting FUObjectHashTables data took   2.84ms
[2026.08.26-21.08.00:400][132]LogSavePackage: Moving 'E:/_Alex's Data/Unreal Engine/Unreal Projects/Brackeys2026/Brackeys-2026/BrackeysJam2026/Saved/BP_Revolver82A889F047ABBB66B4F8BEB876F2E890.tmp' to 'E:/_Alex's Data/Unreal Engine/Unreal Projects/Brackeys2026/Brackeys-2026/BrackeysJam2026/Content/Brackeys2026/Objects/Revolver/BP_Revolver.uasset'
[2026.08.26-21.08.00:424][132]AssetCheck: New page: Asset Save: BP_Revolver
[2026.08.26-21.08.00:424][132]LogContentValidation: Display: Validating Blueprint /Game/Brackeys2026/Objects/Revolver/BP_Revolver.BP_Revolver
[2026.08.26-21.08.00:753][170]LogTemp: Repeating last play command: Selected Viewport
[2026.08.26-21.08.00:762][170]LogPlayLevel: PlayLevel: No blueprints needed recompiling
[2026.08.26-21.08.00:762][170]PIE: New page: PIE session: TestLevel_Weeb (Aug 26, 2026, 7:08:00 AM)
[2026.08.26-21.08.00:763][170]LogPlayLevel: Creating play world package: /Game/Brackeys2026/Levels/UEDPIE_0_TestLevel_Weeb
[2026.08.26-21.08.00:766][170]LogPlayLevel: PIE: StaticDuplicateObject took: (0.002978s)
[2026.08.26-21.08.00:767][170]LogAIModule: Creating AISystem for world TestLevel_Weeb
[2026.08.26-21.08.00:767][170]LogPlayLevel: PIE: World Init took: (0.001019s)
[2026.08.26-21.08.00:767][170]LogPlayLevel: PIE: Created PIE world by copying editor world from /Game/Brackeys2026/Levels/TestLevel_Weeb.TestLevel_Weeb to /Game/Brackeys2026/Levels/UEDPIE_0_TestLevel_Weeb.TestLevel_Weeb (0.004132s)
[2026.08.26-21.08.00:802][170]LogUObjectHash: Compacting FUObjectHashTables data took   3.04ms
[2026.08.26-21.08.00:803][170]LogAudio: Display: Creating Audio Device:                 Id: 38, Scope: Unique, Realtime: True
[2026.08.26-21.08.00:803][170]LogAudioMixer: Display: Audio Mixer Platform Settings:
[2026.08.26-21.08.00:803][170]LogAudioMixer: Display: 	Sample Rate:						  48000
[2026.08.26-21.08.00:803][170]LogAudioMixer: Display: 	Callback Buffer Frame Size Requested: 1024
[2026.08.26-21.08.00:803][170]LogAudioMixer: Display: 	Callback Buffer Frame Size To Use:	  1024
[2026.08.26-21.08.00:803][170]LogAudioMixer: Display: 	Number of buffers to queue:			  2
[2026.08.26-21.08.00:803][170]LogAudioMixer: Display: 	Max Channels (voices):				  32
[2026.08.26-21.08.00:803][170]LogAudioMixer: Display: 	Number of Async Source Workers:		  0
[2026.08.26-21.08.00:803][170]LogAudio: Display: AudioDevice MaxSources: 32
[2026.08.26-21.08.00:803][170]LogAudio: Display: Audio Spatialization Plugin: None (built-in).
[2026.08.26-21.08.00:803][170]LogAudio: Display: Audio Reverb Plugin: None (built-in).
[2026.08.26-21.08.00:803][170]LogAudio: Display: Audio Occlusion Plugin: None (built-in).
[2026.08.26-21.08.00:803][170]LogAudioMixer: Display: Initializing audio mixer.
[2026.08.26-21.08.00:809][170]LogAudioMixer: Display: 0: FrontLeft
[2026.08.26-21.08.00:809][170]LogAudioMixer: Display: 1: FrontRight
[2026.08.26-21.08.00:822][170]LogAudioMixer: Display: Using Audio Device Realtek HD Audio 2nd output (Realtek(R) Audio)
[2026.08.26-21.08.00:822][170]LogAudioMixer: Display: Initializing Sound Submixes...
[2026.08.26-21.08.00:822][170]LogAudioMixer: Display: Creating Master Submix 'MasterSubmixDefault'
[2026.08.26-21.08.00:822][170]LogAudioMixer: Display: Creating Master Submix 'MasterReverbSubmixDefault'
[2026.08.26-21.08.00:823][170]LogAudioMixer: Display: Creating Master Submix 'MasterEQSubmixDefault'
[2026.08.26-21.08.00:823][170]LogAudioMixer: FMixerPlatformXAudio2::StartAudioStream() called
[2026.08.26-21.08.00:823][170]LogAudioMixer: Display: Output buffers initialized: Frames=1024, Channels=2, Samples=2048
[2026.08.26-21.08.00:824][170]LogAudioMixer: Display: Starting AudioMixerPlatformInterface::RunInternal()
[2026.08.26-21.08.00:824][170]LogAudioMixer: Display: FMixerPlatformXAudio2::SubmitBuffer() called for the first time
[2026.08.26-21.08.00:824][170]LogInit: FAudioDevice initialized.
[2026.08.26-21.08.00:824][170]LogAudio: Display: Audio Device (ID: 38) registered with world 'TestLevel_Weeb'.
[2026.08.26-21.08.00:878][170]LogSlate: Updating window title bar state: overlay mode, drag disabled, window buttons hidden, title bar hidden
[2026.08.26-21.08.00:878][170]LogLoad: Game class is 'BrackeysGameMode_C'
[2026.08.26-21.08.00:879][170]LogWorld: Bringing World /Game/Brackeys2026/Levels/UEDPIE_0_TestLevel_Weeb.TestLevel_Weeb up for play (max tick rate 0) at 2026.08.26-14.08.00
[2026.08.26-21.08.00:880][170]LogWorld: Bringing up level for play took: 0.001120
[2026.08.26-21.08.00:880][170]LogOnline: OSS: Creating online subsystem instance for: :Context_50
[2026.08.26-21.08.00:887][170]PIE: Server logged in
[2026.08.26-21.08.00:888][170]PIE: Play in editor total start time 0.128 seconds.
[2026.08.26-21.08.05:841][758]LogSlate: Updating window title bar state: overlay mode, drag disabled, window buttons hidden, title bar hidden
[2026.08.26-21.08.05:841][758]LogWorld: BeginTearingDown for /Game/Brackeys2026/Levels/UEDPIE_0_TestLevel_Weeb
[2026.08.26-21.08.05:841][758]LogSlate: Window 'BrackeysJam2026 Preview [NetMode: Standalone]  (64-bit/Windows) ' being destroyed
[2026.08.26-21.08.05:845][758]LogWorld: UWorld::CleanupWorld for TestLevel_Weeb, bSessionEnded=true, bCleanupResources=true
[2026.08.26-21.08.05:847][758]LogSlate: InvalidateAllWidgets triggered.  All widgets were invalidated
[2026.08.26-21.08.05:854][758]LogPlayLevel: Display: Shutting down PIE online subsystems
[2026.08.26-21.08.05:864][758]LogSlate: InvalidateAllWidgets triggered.  All widgets were invalidated
[2026.08.26-21.08.05:894][758]LogAudio: Display: Audio Device unregistered from world 'None'.
[2026.08.26-21.08.05:896][758]LogAudioMixer: FMixerPlatformXAudio2::StopAudioStream() called
[2026.08.26-21.08.05:896][758]LogAudioMixer: FMixerPlatformXAudio2::StopAudioStream() called
[2026.08.26-21.08.05:902][758]LogUObjectHash: Compacting FUObjectHashTables data took   2.16ms
[2026.08.26-21.08.05:925][759]LogPlayLevel: Display: Destroying online subsystem :Context_50
[2026.08.26-21.08.11:914][436]BlueprintLog: New page: Compile BP_UIPlayer
[2026.08.26-21.08.11:961][436]LogUObjectHash: Compacting FUObjectHashTables data took   2.53ms
[2026.08.26-21.08.12:460][479]LogSavePackage: Moving 'E:/_Alex's Data/Unreal Engine/Unreal Projects/Brackeys2026/Brackeys-2026/BrackeysJam2026/Saved/BP_UIPlayer045ADBF4434DFB766716D79AE5379D09.tmp' to 'E:/_Alex's Data/Unreal Engine/Unreal Projects/Brackeys2026/Brackeys-2026/BrackeysJam2026/Content/Brackeys2026/UI/BP_UIPlayer.uasset'
[2026.08.26-21.08.12:487][479]AssetCheck: New page: Asset Save: BP_UIPlayer
[2026.08.26-21.08.12:487][479]LogContentValidation: Display: Validating WidgetBlueprint /Game/Brackeys2026/UI/BP_UIPlayer.BP_UIPlayer
[2026.08.26-21.08.12:998][532]LogTemp: Repeating last play command: Selected Viewport
[2026.08.26-21.08.13:007][532]LogPlayLevel: PlayLevel: No blueprints needed recompiling
[2026.08.26-21.08.13:007][532]PIE: New page: PIE session: TestLevel_Weeb (Aug 26, 2026, 7:08:13 AM)
[2026.08.26-21.08.13:007][532]LogPlayLevel: Creating play world package: /Game/Brackeys2026/Levels/UEDPIE_0_TestLevel_Weeb
[2026.08.26-21.08.13:010][532]LogPlayLevel: PIE: StaticDuplicateObject took: (0.003493s)
[2026.08.26-21.08.13:011][532]LogAIModule: Creating AISystem for world TestLevel_Weeb
[2026.08.26-21.08.13:012][532]LogPlayLevel: PIE: World Init took: (0.001527s)
[2026.08.26-21.08.13:012][532]LogPlayLevel: PIE: Created PIE world by copying editor world from /Game/Brackeys2026/Levels/TestLevel_Weeb.TestLevel_Weeb to /Game/Brackeys2026/Levels/UEDPIE_0_TestLevel_Weeb.TestLevel_Weeb (0.005247s)
[2026.08.26-21.08.13:048][532]LogUObjectHash: Compacting FUObjectHashTables data took   2.95ms
[2026.08.26-21.08.13:048][532]LogAudio: Display: Creating Audio Device:                 Id: 39, Scope: Unique, Realtime: True
[2026.08.26-21.08.13:048][532]LogAudioMixer: Display: Audio Mixer Platform Settings:
[2026.08.26-21.08.13:048][532]LogAudioMixer: Display: 	Sample Rate:						  48000
[2026.08.26-21.08.13:048][532]LogAudioMixer: Display: 	Callback Buffer Frame Size Requested: 1024
[2026.08.26-21.08.13:048][532]LogAudioMixer: Display: 	Callback Buffer Frame Size To Use:	  1024
[2026.08.26-21.08.13:048][532]LogAudioMixer: Display: 	Number of buffers to queue:			  2
[2026.08.26-21.08.13:048][532]LogAudioMixer: Display: 	Max Channels (voices):				  32
[2026.08.26-21.08.13:048][532]LogAudioMixer: Display: 	Number of Async Source Workers:		  0
[2026.08.26-21.08.13:048][532]LogAudio: Display: AudioDevice MaxSources: 32
[2026.08.26-21.08.13:048][532]LogAudio: Display: Audio Spatialization Plugin: None (built-in).
[2026.08.26-21.08.13:048][532]LogAudio: Display: Audio Reverb Plugin: None (built-in).
[2026.08.26-21.08.13:048][532]LogAudio: Display: Audio Occlusion Plugin: None (built-in).
[2026.08.26-21.08.13:048][532]LogAudioMixer: Display: Initializing audio mixer.
[2026.08.26-21.08.13:053][532]LogAudioMixer: Display: 0: FrontLeft
[2026.08.26-21.08.13:053][532]LogAudioMixer: Display: 1: FrontRight
[2026.08.26-21.08.13:066][532]LogAudioMixer: Display: Using Audio Device Realtek HD Audio 2nd output (Realtek(R) Audio)
[2026.08.26-21.08.13:067][532]LogAudioMixer: Display: Initializing Sound Submixes...
[2026.08.26-21.08.13:067][532]LogAudioMixer: Display: Creating Master Submix 'MasterSubmixDefault'
[2026.08.26-21.08.13:067][532]LogAudioMixer: Display: Creating Master Submix 'MasterReverbSubmixDefault'
[2026.08.26-21.08.13:067][532]LogAudioMixer: Display: Creating Master Submix 'MasterEQSubmixDefault'
[2026.08.26-21.08.13:068][532]LogAudioMixer: FMixerPlatformXAudio2::StartAudioStream() called
[2026.08.26-21.08.13:068][532]LogAudioMixer: Display: Output buffers initialized: Frames=1024, Channels=2, Samples=2048
[2026.08.26-21.08.13:069][532]LogAudioMixer: Display: Starting AudioMixerPlatformInterface::RunInternal()
[2026.08.26-21.08.13:069][532]LogAudioMixer: Display: FMixerPlatformXAudio2::SubmitBuffer() called for the first time
[2026.08.26-21.08.13:069][532]LogInit: FAudioDevice initialized.
[2026.08.26-21.08.13:069][532]LogAudio: Display: Audio Device (ID: 39) registered with world 'TestLevel_Weeb'.
[2026.08.26-21.08.13:110][532]LogSlate: Updating window title bar state: overlay mode, drag disabled, window buttons hidden, title bar hidden
[2026.08.26-21.08.13:112][532]LogLoad: Game class is 'BrackeysGameMode_C'
[2026.08.26-21.08.13:112][532]LogWorld: Bringing World /Game/Brackeys2026/Levels/UEDPIE_0_TestLevel_Weeb.TestLevel_Weeb up for play (max tick rate 0) at 2026.08.26-14.08.13
[2026.08.26-21.08.13:112][532]LogWorld: Bringing up level for play took: 0.000730
[2026.08.26-21.08.13:113][532]LogOnline: OSS: Creating online subsystem instance for: :Context_51
[2026.08.26-21.08.13:118][532]PIE: Server logged in
[2026.08.26-21.08.13:119][532]PIE: Play in editor total start time 0.116 seconds.
[2026.08.26-21.08.17:410][ 32]LogSlate: Updating window title bar state: overlay mode, drag disabled, window buttons hidden, title bar hidden
[2026.08.26-21.08.17:410][ 32]LogWorld: BeginTearingDown for /Game/Brackeys2026/Levels/UEDPIE_0_TestLevel_Weeb
[2026.08.26-21.08.17:411][ 32]LogSlate: Window 'BrackeysJam2026 Preview [NetMode: Standalone]  (64-bit/Windows) ' being destroyed
[2026.08.26-21.08.17:420][ 32]LogWorld: UWorld::CleanupWorld for TestLevel_Weeb, bSessionEnded=true, bCleanupResources=true
[2026.08.26-21.08.17:420][ 32]LogSlate: InvalidateAllWidgets triggered.  All widgets were invalidated
[2026.08.26-21.08.17:433][ 32]LogPlayLevel: Display: Shutting down PIE online subsystems
[2026.08.26-21.08.17:443][ 32]LogSlate: InvalidateAllWidgets triggered.  All widgets were invalidated
[2026.08.26-21.08.17:474][ 32]LogAudio: Display: Audio Device unregistered from world 'None'.
[2026.08.26-21.08.17:475][ 32]LogAudioMixer: FMixerPlatformXAudio2::StopAudioStream() called
[2026.08.26-21.08.17:476][ 32]LogAudioMixer: FMixerPlatformXAudio2::StopAudioStream() called
[2026.08.26-21.08.17:483][ 32]LogUObjectHash: Compacting FUObjectHashTables data took   2.65ms
[2026.08.26-21.08.17:504][ 33]LogPlayLevel: Display: Destroying online subsystem :Context_51
[2026.08.26-21.08.22:036][553]BlueprintLog: New page: Compile BP_UIPlayer
[2026.08.26-21.08.22:079][553]LogUObjectHash: Compacting FUObjectHashTables data took   2.40ms
[2026.08.26-21.08.22:523][594]LogSavePackage: Moving 'E:/_Alex's Data/Unreal Engine/Unreal Projects/Brackeys2026/Brackeys-2026/BrackeysJam2026/Saved/BP_UIPlayerCF69D94245654657B6CF46A37E3601EC.tmp' to 'E:/_Alex's Data/Unreal Engine/Unreal Projects/Brackeys2026/Brackeys-2026/BrackeysJam2026/Content/Brackeys2026/UI/BP_UIPlayer.uasset'
[2026.08.26-21.08.22:546][594]AssetCheck: New page: Asset Save: BP_UIPlayer
[2026.08.26-21.08.22:546][594]LogContentValidation: Display: Validating WidgetBlueprint /Game/Brackeys2026/UI/BP_UIPlayer.BP_UIPlayer
[2026.08.26-21.08.23:041][643]LogTemp: Repeating last play command: Selected Viewport
[2026.08.26-21.08.23:050][643]LogPlayLevel: PlayLevel: No blueprints needed recompiling
[2026.08.26-21.08.23:051][643]PIE: New page: PIE session: TestLevel_Weeb (Aug 26, 2026, 7:08:23 AM)
[2026.08.26-21.08.23:051][643]LogPlayLevel: Creating play world package: /Game/Brackeys2026/Levels/UEDPIE_0_TestLevel_Weeb
[2026.08.26-21.08.23:054][643]LogPlayLevel: PIE: StaticDuplicateObject took: (0.003095s)
[2026.08.26-21.08.23:055][643]LogAIModule: Creating AISystem for world TestLevel_Weeb
[2026.08.26-21.08.23:055][643]LogPlayLevel: PIE: World Init took: (0.001429s)
[2026.08.26-21.08.23:055][643]LogPlayLevel: PIE: Created PIE world by copying editor world from /Game/Brackeys2026/Levels/TestLevel_Weeb.TestLevel_Weeb to /Game/Brackeys2026/Levels/UEDPIE_0_TestLevel_Weeb.TestLevel_Weeb (0.004709s)
[2026.08.26-21.08.23:092][643]LogUObjectHash: Compacting FUObjectHashTables data took   2.99ms
[2026.08.26-21.08.23:092][643]LogAudio: Display: Creating Audio Device:                 Id: 40, Scope: Unique, Realtime: True
[2026.08.26-21.08.23:092][643]LogAudioMixer: Display: Audio Mixer Platform Settings:
[2026.08.26-21.08.23:092][643]LogAudioMixer: Display: 	Sample Rate:						  48000
[2026.08.26-21.08.23:092][643]LogAudioMixer: Display: 	Callback Buffer Frame Size Requested: 1024
[2026.08.26-21.08.23:092][643]LogAudioMixer: Display: 	Callback Buffer Frame Size To Use:	  1024
[2026.08.26-21.08.23:092][643]LogAudioMixer: Display: 	Number of buffers to queue:			  2
[2026.08.26-21.08.23:092][643]LogAudioMixer: Display: 	Max Channels (voices):				  32
[2026.08.26-21.08.23:092][643]LogAudioMixer: Display: 	Number of Async Source Workers:		  0
[2026.08.26-21.08.23:092][643]LogAudio: Display: AudioDevice MaxSources: 32
[2026.08.26-21.08.23:092][643]LogAudio: Display: Audio Spatialization Plugin: None (built-in).
[2026.08.26-21.08.23:092][643]LogAudio: Display: Audio Reverb Plugin: None (built-in).
[2026.08.26-21.08.23:092][643]LogAudio: Display: Audio Occlusion Plugin: None (built-in).
[2026.08.26-21.08.23:092][643]LogAudioMixer: Display: Initializing audio mixer.
[2026.08.26-21.08.23:098][643]LogAudioMixer: Display: 0: FrontLeft
[2026.08.26-21.08.23:098][643]LogAudioMixer: Display: 1: FrontRight
[2026.08.26-21.08.23:110][643]LogAudioMixer: Display: Using Audio Device Realtek HD Audio 2nd output (Realtek(R) Audio)
[2026.08.26-21.08.23:110][643]LogAudioMixer: Display: Initializing Sound Submixes...
[2026.08.26-21.08.23:110][643]LogAudioMixer: Display: Creating Master Submix 'MasterSubmixDefault'
[2026.08.26-21.08.23:110][643]LogAudioMixer: Display: Creating Master Submix 'MasterReverbSubmixDefault'
[2026.08.26-21.08.23:111][643]LogAudioMixer: Display: Creating Master Submix 'MasterEQSubmixDefault'
[2026.08.26-21.08.23:111][643]LogAudioMixer: FMixerPlatformXAudio2::StartAudioStream() called
[2026.08.26-21.08.23:111][643]LogAudioMixer: Display: Output buffers initialized: Frames=1024, Channels=2, Samples=2048
[2026.08.26-21.08.23:112][643]LogAudioMixer: Display: Starting AudioMixerPlatformInterface::RunInternal()
[2026.08.26-21.08.23:112][643]LogAudioMixer: Display: FMixerPlatformXAudio2::SubmitBuffer() called for the first time
[2026.08.26-21.08.23:112][643]LogInit: FAudioDevice initialized.
[2026.08.26-21.08.23:112][643]LogAudio: Display: Audio Device (ID: 40) registered with world 'TestLevel_Weeb'.
[2026.08.26-21.08.23:161][643]LogSlate: Updating window title bar state: overlay mode, drag disabled, window buttons hidden, title bar hidden
[2026.08.26-21.08.23:161][643]LogLoad: Game class is 'BrackeysGameMode_C'
[2026.08.26-21.08.23:162][643]LogWorld: Bringing World /Game/Brackeys2026/Levels/UEDPIE_0_TestLevel_Weeb.TestLevel_Weeb up for play (max tick rate 0) at 2026.08.26-14.08.23
[2026.08.26-21.08.23:162][643]LogWorld: Bringing up level for play took: 0.001059
[2026.08.26-21.08.23:163][643]LogOnline: OSS: Creating online subsystem instance for: :Context_52
[2026.08.26-21.08.23:170][643]PIE: Server logged in
[2026.08.26-21.08.23:170][643]PIE: Play in editor total start time 0.123 seconds.
[2026.08.26-21.08.35:490][108]LogSlate: Updating window title bar state: overlay mode, drag disabled, window buttons hidden, title bar hidden
[2026.08.26-21.08.35:490][108]LogWorld: BeginTearingDown for /Game/Brackeys2026/Levels/UEDPIE_0_TestLevel_Weeb
[2026.08.26-21.08.35:490][108]LogSlate: Window 'BrackeysJam2026 Preview [NetMode: Standalone]  (64-bit/Windows) ' being destroyed
[2026.08.26-21.08.35:501][108]LogWorld: UWorld::CleanupWorld for TestLevel_Weeb, bSessionEnded=true, bCleanupResources=true
[2026.08.26-21.08.35:501][108]LogSlate: InvalidateAllWidgets triggered.  All widgets were invalidated
[2026.08.26-21.08.35:513][108]LogPlayLevel: Display: Shutting down PIE online subsystems
[2026.08.26-21.08.35:522][108]LogSlate: InvalidateAllWidgets triggered.  All widgets were invalidated
[2026.08.26-21.08.35:553][108]LogAudio: Display: Audio Device unregistered from world 'None'.
[2026.08.26-21.08.35:554][108]LogAudioMixer: FMixerPlatformXAudio2::StopAudioStream() called
[2026.08.26-21.08.35:555][108]LogAudioMixer: FMixerPlatformXAudio2::StopAudioStream() called
[2026.08.26-21.08.35:560][108]LogUObjectHash: Compacting FUObjectHashTables data took   2.53ms
[2026.08.26-21.08.35:581][109]LogPlayLevel: Display: Destroying online subsystem :Context_52
[2026.08.26-21.08.51:824][  7]LogTemp: Repeating last play command: Selected Viewport
[2026.08.26-21.08.51:834][  7]BlueprintLog: New page: Pre-Play auto-recompile
[2026.08.26-21.08.51:835][  7]LogPlayLevel: [PlayLevel] Compiling BP_UIPlayer before play...
[2026.08.26-21.08.51:981][  7]LogUObjectHash: Compacting FUObjectHashTables data took   3.07ms
[2026.08.26-21.08.51:983][  7]LogPlayLevel: PlayLevel: Blueprint regeneration took 148 ms (1 blueprints)
[2026.08.26-21.08.51:983][  7]PIE: New page: PIE session: TestLevel_Weeb (Aug 26, 2026, 7:08:51 AM)
[2026.08.26-21.08.51:983][  7]LogPlayLevel: Creating play world package: /Game/Brackeys2026/Levels/UEDPIE_0_TestLevel_Weeb
[2026.08.26-21.08.51:985][  7]LogPlayLevel: PIE: StaticDuplicateObject took: (0.001892s)
[2026.08.26-21.08.51:986][  7]LogAIModule: Creating AISystem for world TestLevel_Weeb
[2026.08.26-21.08.51:986][  7]LogPlayLevel: PIE: World Init took: (0.000801s)
[2026.08.26-21.08.51:986][  7]LogPlayLevel: PIE: Created PIE world by copying editor world from /Game/Brackeys2026/Levels/TestLevel_Weeb.TestLevel_Weeb to /Game/Brackeys2026/Levels/UEDPIE_0_TestLevel_Weeb.TestLevel_Weeb (0.002805s)
[2026.08.26-21.08.52:017][  7]LogUObjectHash: Compacting FUObjectHashTables data took   2.13ms
[2026.08.26-21.08.52:018][  7]LogAudio: Display: Creating Audio Device:                 Id: 41, Scope: Unique, Realtime: True
[2026.08.26-21.08.52:018][  7]LogAudioMixer: Display: Audio Mixer Platform Settings:
[2026.08.26-21.08.52:018][  7]LogAudioMixer: Display: 	Sample Rate:						  48000
[2026.08.26-21.08.52:018][  7]LogAudioMixer: Display: 	Callback Buffer Frame Size Requested: 1024
[2026.08.26-21.08.52:018][  7]LogAudioMixer: Display: 	Callback Buffer Frame Size To Use:	  1024
[2026.08.26-21.08.52:018][  7]LogAudioMixer: Display: 	Number of buffers to queue:			  2
[2026.08.26-21.08.52:018][  7]LogAudioMixer: Display: 	Max Channels (voices):				  32
[2026.08.26-21.08.52:018][  7]LogAudioMixer: Display: 	Number of Async Source Workers:		  0
[2026.08.26-21.08.52:018][  7]LogAudio: Display: AudioDevice MaxSources: 32
[2026.08.26-21.08.52:018][  7]LogAudio: Display: Audio Spatialization Plugin: None (built-in).
[2026.08.26-21.08.52:018][  7]LogAudio: Display: Audio Reverb Plugin: None (built-in).
[2026.08.26-21.08.52:018][  7]LogAudio: Display: Audio Occlusion Plugin: None (built-in).
[2026.08.26-21.08.52:018][  7]LogAudioMixer: Display: Initializing audio mixer.
[2026.08.26-21.08.52:024][  7]LogAudioMixer: Display: 0: FrontLeft
[2026.08.26-21.08.52:024][  7]LogAudioMixer: Display: 1: FrontRight
[2026.08.26-21.08.52:038][  7]LogAudioMixer: Display: Using Audio Device Realtek HD Audio 2nd output (Realtek(R) Audio)
[2026.08.26-21.08.52:039][  7]LogAudioMixer: Display: Initializing Sound Submixes...
[2026.08.26-21.08.52:039][  7]LogAudioMixer: Display: Creating Master Submix 'MasterSubmixDefault'
[2026.08.26-21.08.52:039][  7]LogAudioMixer: Display: Creating Master Submix 'MasterReverbSubmixDefault'
[2026.08.26-21.08.52:039][  7]LogAudioMixer: Display: Creating Master Submix 'MasterEQSubmixDefault'
[2026.08.26-21.08.52:039][  7]LogAudioMixer: FMixerPlatformXAudio2::StartAudioStream() called
[2026.08.26-21.08.52:039][  7]LogAudioMixer: Display: Output buffers initialized: Frames=1024, Channels=2, Samples=2048
[2026.08.26-21.08.52:040][  7]LogAudioMixer: Display: Starting AudioMixerPlatformInterface::RunInternal()
[2026.08.26-21.08.52:040][  7]LogAudioMixer: Display: FMixerPlatformXAudio2::SubmitBuffer() called for the first time
[2026.08.26-21.08.52:040][  7]LogInit: FAudioDevice initialized.
[2026.08.26-21.08.52:040][  7]LogAudio: Display: Audio Device (ID: 41) registered with world 'TestLevel_Weeb'.
[2026.08.26-21.08.52:077][  7]LogSlate: Updating window title bar state: overlay mode, drag disabled, window buttons hidden, title bar hidden
[2026.08.26-21.08.52:078][  7]LogLoad: Game class is 'BrackeysGameMode_C'
[2026.08.26-21.08.52:079][  7]LogWorld: Bringing World /Game/Brackeys2026/Levels/UEDPIE_0_TestLevel_Weeb.TestLevel_Weeb up for play (max tick rate 0) at 2026.08.26-14.08.52
[2026.08.26-21.08.52:079][  7]LogWorld: Bringing up level for play took: 0.000818
[2026.08.26-21.08.52:079][  7]LogOnline: OSS: Creating online subsystem instance for: :Context_53
[2026.08.26-21.08.52:084][  7]PIE: Server logged in
[2026.08.26-21.08.52:085][  7]PIE: Play in editor total start time 0.253 seconds.
[2026.08.26-21.09.01:051][ 58]LogSlate: Updating window title bar state: overlay mode, drag disabled, window buttons hidden, title bar hidden
[2026.08.26-21.09.01:052][ 58]LogWorld: BeginTearingDown for /Game/Brackeys2026/Levels/UEDPIE_0_TestLevel_Weeb
[2026.08.26-21.09.01:052][ 58]LogSlate: Window 'BrackeysJam2026 Preview [NetMode: Standalone]  (64-bit/Windows) ' being destroyed
[2026.08.26-21.09.01:055][ 58]LogWorld: UWorld::CleanupWorld for TestLevel_Weeb, bSessionEnded=true, bCleanupResources=true
[2026.08.26-21.09.01:055][ 58]LogSlate: InvalidateAllWidgets triggered.  All widgets were invalidated
[2026.08.26-21.09.01:069][ 58]LogPlayLevel: Display: Shutting down PIE online subsystems
[2026.08.26-21.09.01:078][ 58]LogSlate: InvalidateAllWidgets triggered.  All widgets were invalidated
[2026.08.26-21.09.01:109][ 58]LogAudioMixer: FMixerPlatformXAudio2::StopAudioStream() called
[2026.08.26-21.09.01:110][ 58]LogAudioMixer: FMixerPlatformXAudio2::StopAudioStream() called
[2026.08.26-21.09.01:116][ 58]LogUObjectHash: Compacting FUObjectHashTables data took   2.16ms
[2026.08.26-21.09.01:134][ 59]LogPlayLevel: Display: Destroying online subsystem :Context_53
[2026.08.26-21.09.01:610][116]LogEditorTransaction: Undo Edit Left
[2026.08.26-21.09.17:920][972]LogEditorTransaction: Undo Modify Component(s)
[2026.08.26-21.09.18:838][ 32]Cmd: MODE GRID=0
[2026.08.26-21.09.28:669][114]BlueprintLog: New page: Compile BP_Revolver
[2026.08.26-21.09.28:938][114]LogUObjectHash: Compacting FUObjectHashTables data took   3.51ms
[2026.08.26-21.09.29:374][148]LogSavePackage: Moving 'E:/_Alex's Data/Unreal Engine/Unreal Projects/Brackeys2026/Brackeys-2026/BrackeysJam2026/Saved/BP_RevolverBCA29C3F4E8F7F21B362AF91CDF3AD24.tmp' to 'E:/_Alex's Data/Unreal Engine/Unreal Projects/Brackeys2026/Brackeys-2026/BrackeysJam2026/Content/Brackeys2026/Objects/Revolver/BP_Revolver.uasset'
[2026.08.26-21.09.29:401][148]AssetCheck: New page: Asset Save: BP_Revolver
[2026.08.26-21.09.29:401][148]LogContentValidation: Display: Validating Blueprint /Game/Brackeys2026/Objects/Revolver/BP_Revolver.BP_Revolver
[2026.08.26-21.09.29:887][201]LogTemp: Repeating last play command: Selected Viewport
[2026.08.26-21.09.29:895][201]BlueprintLog: New page: Pre-Play auto-recompile
[2026.08.26-21.09.29:897][201]LogPlayLevel: [PlayLevel] Compiling BP_UIPlayer before play...
[2026.08.26-21.09.30:012][201]LogUObjectHash: Compacting FUObjectHashTables data took   3.23ms
[2026.08.26-21.09.30:012][201]LogPlayLevel: PlayLevel: Blueprint regeneration took 117 ms (1 blueprints)
[2026.08.26-21.09.30:012][201]PIE: New page: PIE session: TestLevel_Weeb (Aug 26, 2026, 7:09:30 AM)
[2026.08.26-21.09.30:013][201]LogPlayLevel: Creating play world package: /Game/Brackeys2026/Levels/UEDPIE_0_TestLevel_Weeb
[2026.08.26-21.09.30:014][201]LogPlayLevel: PIE: StaticDuplicateObject took: (0.001922s)
[2026.08.26-21.09.30:015][201]LogAIModule: Creating AISystem for world TestLevel_Weeb
[2026.08.26-21.09.30:015][201]LogPlayLevel: PIE: World Init took: (0.000841s)
[2026.08.26-21.09.30:015][201]LogPlayLevel: PIE: Created PIE world by copying editor world from /Game/Brackeys2026/Levels/TestLevel_Weeb.TestLevel_Weeb to /Game/Brackeys2026/Levels/UEDPIE_0_TestLevel_Weeb.TestLevel_Weeb (0.002875s)
[2026.08.26-21.09.30:046][201]LogUObjectHash: Compacting FUObjectHashTables data took   2.18ms
[2026.08.26-21.09.30:047][201]LogAudio: Display: Creating Audio Device:                 Id: 42, Scope: Unique, Realtime: True
[2026.08.26-21.09.30:047][201]LogAudioMixer: Display: Audio Mixer Platform Settings:
[2026.08.26-21.09.30:047][201]LogAudioMixer: Display: 	Sample Rate:						  48000
[2026.08.26-21.09.30:047][201]LogAudioMixer: Display: 	Callback Buffer Frame Size Requested: 1024
[2026.08.26-21.09.30:047][201]LogAudioMixer: Display: 	Callback Buffer Frame Size To Use:	  1024
[2026.08.26-21.09.30:047][201]LogAudioMixer: Display: 	Number of buffers to queue:			  2
[2026.08.26-21.09.30:047][201]LogAudioMixer: Display: 	Max Channels (voices):				  32
[2026.08.26-21.09.30:047][201]LogAudioMixer: Display: 	Number of Async Source Workers:		  0
[2026.08.26-21.09.30:047][201]LogAudio: Display: AudioDevice MaxSources: 32
[2026.08.26-21.09.30:048][201]LogAudio: Display: Audio Spatialization Plugin: None (built-in).
[2026.08.26-21.09.30:048][201]LogAudio: Display: Audio Reverb Plugin: None (built-in).
[2026.08.26-21.09.30:048][201]LogAudio: Display: Audio Occlusion Plugin: None (built-in).
[2026.08.26-21.09.30:048][201]LogAudioMixer: Display: Initializing audio mixer.
[2026.08.26-21.09.30:053][201]LogAudioMixer: Display: 0: FrontLeft
[2026.08.26-21.09.30:053][201]LogAudioMixer: Display: 1: FrontRight
[2026.08.26-21.09.30:066][201]LogAudioMixer: Display: Using Audio Device Realtek HD Audio 2nd output (Realtek(R) Audio)
[2026.08.26-21.09.30:067][201]LogAudioMixer: Display: Initializing Sound Submixes...
[2026.08.26-21.09.30:067][201]LogAudioMixer: Display: Creating Master Submix 'MasterSubmixDefault'
[2026.08.26-21.09.30:067][201]LogAudioMixer: Display: Creating Master Submix 'MasterReverbSubmixDefault'
[2026.08.26-21.09.30:067][201]LogAudioMixer: Display: Creating Master Submix 'MasterEQSubmixDefault'
[2026.08.26-21.09.30:067][201]LogAudioMixer: FMixerPlatformXAudio2::StartAudioStream() called
[2026.08.26-21.09.30:067][201]LogAudioMixer: Display: Output buffers initialized: Frames=1024, Channels=2, Samples=2048
[2026.08.26-21.09.30:069][201]LogAudioMixer: Display: Starting AudioMixerPlatformInterface::RunInternal()
[2026.08.26-21.09.30:069][201]LogAudioMixer: Display: FMixerPlatformXAudio2::SubmitBuffer() called for the first time
[2026.08.26-21.09.30:069][201]LogInit: FAudioDevice initialized.
[2026.08.26-21.09.30:069][201]LogAudio: Display: Audio Device (ID: 42) registered with world 'TestLevel_Weeb'.
[2026.08.26-21.09.30:111][201]LogSlate: Updating window title bar state: overlay mode, drag disabled, window buttons hidden, title bar hidden
[2026.08.26-21.09.30:112][201]LogLoad: Game class is 'BrackeysGameMode_C'
[2026.08.26-21.09.30:113][201]LogWorld: Bringing World /Game/Brackeys2026/Levels/UEDPIE_0_TestLevel_Weeb.TestLevel_Weeb up for play (max tick rate 0) at 2026.08.26-14.09.30
[2026.08.26-21.09.30:113][201]LogWorld: Bringing up level for play took: 0.001122
[2026.08.26-21.09.30:114][201]LogOnline: OSS: Creating online subsystem instance for: :Context_54
[2026.08.26-21.09.30:121][201]PIE: Server logged in
[2026.08.26-21.09.30:121][201]PIE: Play in editor total start time 0.228 seconds.
[2026.08.26-21.10.01:212][905]LogSlate: Updating window title bar state: overlay mode, drag disabled, window buttons hidden, title bar hidden
[2026.08.26-21.10.01:213][905]LogWorld: BeginTearingDown for /Game/Brackeys2026/Levels/UEDPIE_0_TestLevel_Weeb
[2026.08.26-21.10.01:213][905]LogSlate: Window 'BrackeysJam2026 Preview [NetMode: Standalone]  (64-bit/Windows) ' being destroyed
[2026.08.26-21.10.01:216][905]LogWorld: UWorld::CleanupWorld for TestLevel_Weeb, bSessionEnded=true, bCleanupResources=true
[2026.08.26-21.10.01:216][905]LogSlate: InvalidateAllWidgets triggered.  All widgets were invalidated
[2026.08.26-21.10.01:225][905]LogPlayLevel: Display: Shutting down PIE online subsystems
[2026.08.26-21.10.01:234][905]LogSlate: InvalidateAllWidgets triggered.  All widgets were invalidated
[2026.08.26-21.10.01:265][905]LogAudioMixer: FMixerPlatformXAudio2::StopAudioStream() called
[2026.08.26-21.10.01:267][905]LogAudioMixer: FMixerPlatformXAudio2::StopAudioStream() called
[2026.08.26-21.10.01:272][905]LogUObjectHash: Compacting FUObjectHashTables data took   2.14ms
[2026.08.26-21.10.01:308][906]LogPlayLevel: Display: Destroying online subsystem :Context_54
[2026.08.26-21.10.02:110][988]LogTemp: Repeating last play command: Selected Viewport
[2026.08.26-21.10.02:118][988]LogPlayLevel: PlayLevel: No blueprints needed recompiling
[2026.08.26-21.10.02:118][988]PIE: New page: PIE session: TestLevel_Weeb (Aug 26, 2026, 7:10:02 AM)
[2026.08.26-21.10.02:118][988]LogPlayLevel: Creating play world package: /Game/Brackeys2026/Levels/UEDPIE_0_TestLevel_Weeb
[2026.08.26-21.10.02:121][988]LogPlayLevel: PIE: StaticDuplicateObject took: (0.002725s)
[2026.08.26-21.10.02:122][988]LogAIModule: Creating AISystem for world TestLevel_Weeb
[2026.08.26-21.10.02:122][988]LogPlayLevel: PIE: World Init took: (0.001399s)
[2026.08.26-21.10.02:123][988]LogPlayLevel: PIE: Created PIE world by copying editor world from /Game/Brackeys2026/Levels/TestLevel_Weeb.TestLevel_Weeb to /Game/Brackeys2026/Levels/UEDPIE_0_TestLevel_Weeb.TestLevel_Weeb (0.004298s)
[2026.08.26-21.10.02:155][988]LogUObjectHash: Compacting FUObjectHashTables data took   2.24ms
[2026.08.26-21.10.02:157][988]LogAudio: Display: Creating Audio Device:                 Id: 43, Scope: Unique, Realtime: True
[2026.08.26-21.10.02:157][988]LogAudioMixer: Display: Audio Mixer Platform Settings:
[2026.08.26-21.10.02:157][988]LogAudioMixer: Display: 	Sample Rate:						  48000
[2026.08.26-21.10.02:157][988]LogAudioMixer: Display: 	Callback Buffer Frame Size Requested: 1024
[2026.08.26-21.10.02:157][988]LogAudioMixer: Display: 	Callback Buffer Frame Size To Use:	  1024
[2026.08.26-21.10.02:157][988]LogAudioMixer: Display: 	Number of buffers to queue:			  2
[2026.08.26-21.10.02:157][988]LogAudioMixer: Display: 	Max Channels (voices):				  32
[2026.08.26-21.10.02:157][988]LogAudioMixer: Display: 	Number of Async Source Workers:		  0
[2026.08.26-21.10.02:157][988]LogAudio: Display: AudioDevice MaxSources: 32
[2026.08.26-21.10.02:157][988]LogAudio: Display: Audio Spatialization Plugin: None (built-in).
[2026.08.26-21.10.02:157][988]LogAudio: Display: Audio Reverb Plugin: None (built-in).
[2026.08.26-21.10.02:157][988]LogAudio: Display: Audio Occlusion Plugin: None (built-in).
[2026.08.26-21.10.02:157][988]LogAudioMixer: Display: Initializing audio mixer.
[2026.08.26-21.10.02:162][988]LogAudioMixer: Display: 0: FrontLeft
[2026.08.26-21.10.02:162][988]LogAudioMixer: Display: 1: FrontRight
[2026.08.26-21.10.02:174][988]LogAudioMixer: Display: Using Audio Device Realtek HD Audio 2nd output (Realtek(R) Audio)
[2026.08.26-21.10.02:174][988]LogAudioMixer: Display: Initializing Sound Submixes...
[2026.08.26-21.10.02:174][988]LogAudioMixer: Display: Creating Master Submix 'MasterSubmixDefault'
[2026.08.26-21.10.02:174][988]LogAudioMixer: Display: Creating Master Submix 'MasterReverbSubmixDefault'
[2026.08.26-21.10.02:175][988]LogAudioMixer: Display: Creating Master Submix 'MasterEQSubmixDefault'
[2026.08.26-21.10.02:175][988]LogAudioMixer: FMixerPlatformXAudio2::StartAudioStream() called
[2026.08.26-21.10.02:175][988]LogAudioMixer: Display: Output buffers initialized: Frames=1024, Channels=2, Samples=2048
[2026.08.26-21.10.02:176][988]LogAudioMixer: Display: Starting AudioMixerPlatformInterface::RunInternal()
[2026.08.26-21.10.02:176][988]LogAudioMixer: Display: FMixerPlatformXAudio2::SubmitBuffer() called for the first time
[2026.08.26-21.10.02:176][988]LogInit: FAudioDevice initialized.
[2026.08.26-21.10.02:176][988]LogAudio: Display: Audio Device (ID: 43) registered with world 'TestLevel_Weeb'.
[2026.08.26-21.10.02:212][988]LogSlate: Updating window title bar state: overlay mode, drag disabled, window buttons hidden, title bar hidden
[2026.08.26-21.10.02:212][988]LogLoad: Game class is 'BrackeysGameMode_C'
[2026.08.26-21.10.02:213][988]LogWorld: Bringing World /Game/Brackeys2026/Levels/UEDPIE_0_TestLevel_Weeb.TestLevel_Weeb up for play (max tick rate 0) at 2026.08.26-14.10.02
[2026.08.26-21.10.02:213][988]LogWorld: Bringing up level for play took: 0.000735
[2026.08.26-21.10.02:213][988]LogOnline: OSS: Creating online subsystem instance for: :Context_55
[2026.08.26-21.10.02:219][988]PIE: Server logged in
[2026.08.26-21.10.02:220][988]PIE: Play in editor total start time 0.104 seconds.
[2026.08.26-21.10.15:251][544]LogSlate: Updating window title bar state: overlay mode, drag disabled, window buttons hidden, title bar hidden
[2026.08.26-21.10.15:252][544]LogWorld: BeginTearingDown for /Game/Brackeys2026/Levels/UEDPIE_0_TestLevel_Weeb
[2026.08.26-21.10.15:252][544]LogSlate: Window 'BrackeysJam2026 Preview [NetMode: Standalone]  (64-bit/Windows) ' being destroyed
[2026.08.26-21.10.15:261][544]LogWorld: UWorld::CleanupWorld for TestLevel_Weeb, bSessionEnded=true, bCleanupResources=true
[2026.08.26-21.10.15:261][544]LogSlate: InvalidateAllWidgets triggered.  All widgets were invalidated
[2026.08.26-21.10.15:271][544]LogPlayLevel: Display: Shutting down PIE online subsystems
[2026.08.26-21.10.15:281][544]LogSlate: InvalidateAllWidgets triggered.  All widgets were invalidated
[2026.08.26-21.10.15:312][544]LogAudioMixer: FMixerPlatformXAudio2::StopAudioStream() called
[2026.08.26-21.10.15:313][544]LogAudioMixer: FMixerPlatformXAudio2::StopAudioStream() called
[2026.08.26-21.10.15:318][544]LogUObjectHash: Compacting FUObjectHashTables data took   2.22ms
[2026.08.26-21.10.15:350][545]LogPlayLevel: Display: Destroying online subsystem :Context_55
[2026.08.26-21.10.16:845][721]BlueprintLog: New page: Compile BP_Revolver
[2026.08.26-21.10.16:922][721]LogUObjectHash: Compacting FUObjectHashTables data took   2.49ms
[2026.08.26-21.10.17:328][752]LogSavePackage: Moving 'E:/_Alex's Data/Unreal Engine/Unreal Projects/Brackeys2026/Brackeys-2026/BrackeysJam2026/Saved/BP_RevolverE40103A54E80F87F29E53BBD67BF1A3F.tmp' to 'E:/_Alex's Data/Unreal Engine/Unreal Projects/Brackeys2026/Brackeys-2026/BrackeysJam2026/Content/Brackeys2026/Objects/Revolver/BP_Revolver.uasset'
[2026.08.26-21.10.17:351][752]AssetCheck: New page: Asset Save: BP_Revolver
[2026.08.26-21.10.17:351][752]LogContentValidation: Display: Validating Blueprint /Game/Brackeys2026/Objects/Revolver/BP_Revolver.BP_Revolver
[2026.08.26-21.10.33:420][646]BlueprintLog: New page: Compile BP_Player
[2026.08.26-21.10.33:495][646]LogUObjectHash: Compacting FUObjectHashTables data took   3.32ms
[2026.08.26-21.10.33:934][677]LogSavePackage: Moving 'E:/_Alex's Data/Unreal Engine/Unreal Projects/Brackeys2026/Brackeys-2026/BrackeysJam2026/Saved/BP_PlayerE544E62D4CF5918854BEB6A6C15526B6.tmp' to 'E:/_Alex's Data/Unreal Engine/Unreal Projects/Brackeys2026/Brackeys-2026/BrackeysJam2026/Content/Brackeys2026/Characters/Player/BP_Player.uasset'
[2026.08.26-21.10.33:954][677]AssetCheck: New page: Asset Save: BP_Player
[2026.08.26-21.10.33:954][677]LogContentValidation: Display: Validating Blueprint /Game/Brackeys2026/Characters/Player/BP_Player.BP_Player
[2026.08.26-21.10.35:129][804]LogTemp: Repeating last play command: Selected Viewport
[2026.08.26-21.10.35:138][804]LogPlayLevel: PlayLevel: No blueprints needed recompiling
[2026.08.26-21.10.35:138][804]PIE: New page: PIE session: TestLevel_Weeb (Aug 26, 2026, 7:10:35 AM)
[2026.08.26-21.10.35:138][804]LogPlayLevel: Creating play world package: /Game/Brackeys2026/Levels/UEDPIE_0_TestLevel_Weeb
[2026.08.26-21.10.35:140][804]LogPlayLevel: PIE: StaticDuplicateObject took: (0.001783s)
[2026.08.26-21.10.35:142][804]LogAIModule: Creating AISystem for world TestLevel_Weeb
[2026.08.26-21.10.35:142][804]LogPlayLevel: PIE: World Init took: (0.001459s)
[2026.08.26-21.10.35:142][804]LogPlayLevel: PIE: Created PIE world by copying editor world from /Game/Brackeys2026/Levels/TestLevel_Weeb.TestLevel_Weeb to /Game/Brackeys2026/Levels/UEDPIE_0_TestLevel_Weeb.TestLevel_Weeb (0.003391s)
[2026.08.26-21.10.35:177][804]LogUObjectHash: Compacting FUObjectHashTables data took   3.05ms
[2026.08.26-21.10.35:177][804]LogAudio: Display: Creating Audio Device:                 Id: 44, Scope: Unique, Realtime: True
[2026.08.26-21.10.35:177][804]LogAudioMixer: Display: Audio Mixer Platform Settings:
[2026.08.26-21.10.35:177][804]LogAudioMixer: Display: 	Sample Rate:						  48000
[2026.08.26-21.10.35:177][804]LogAudioMixer: Display: 	Callback Buffer Frame Size Requested: 1024
[2026.08.26-21.10.35:177][804]LogAudioMixer: Display: 	Callback Buffer Frame Size To Use:	  1024
[2026.08.26-21.10.35:178][804]LogAudioMixer: Display: 	Number of buffers to queue:			  2
[2026.08.26-21.10.35:178][804]LogAudioMixer: Display: 	Max Channels (voices):				  32
[2026.08.26-21.10.35:178][804]LogAudioMixer: Display: 	Number of Async Source Workers:		  0
[2026.08.26-21.10.35:178][804]LogAudio: Display: AudioDevice MaxSources: 32
[2026.08.26-21.10.35:178][804]LogAudio: Display: Audio Spatialization Plugin: None (built-in).
[2026.08.26-21.10.35:178][804]LogAudio: Display: Audio Reverb Plugin: None (built-in).
[2026.08.26-21.10.35:178][804]LogAudio: Display: Audio Occlusion Plugin: None (built-in).
[2026.08.26-21.10.35:178][804]LogAudioMixer: Display: Initializing audio mixer.
[2026.08.26-21.10.35:183][804]LogAudioMixer: Display: 0: FrontLeft
[2026.08.26-21.10.35:183][804]LogAudioMixer: Display: 1: FrontRight
[2026.08.26-21.10.35:196][804]LogAudioMixer: Display: Using Audio Device Realtek HD Audio 2nd output (Realtek(R) Audio)
[2026.08.26-21.10.35:196][804]LogAudioMixer: Display: Initializing Sound Submixes...
[2026.08.26-21.10.35:196][804]LogAudioMixer: Display: Creating Master Submix 'MasterSubmixDefault'
[2026.08.26-21.10.35:196][804]LogAudioMixer: Display: Creating Master Submix 'MasterReverbSubmixDefault'
[2026.08.26-21.10.35:196][804]LogAudioMixer: Display: Creating Master Submix 'MasterEQSubmixDefault'
[2026.08.26-21.10.35:196][804]LogAudioMixer: FMixerPlatformXAudio2::StartAudioStream() called
[2026.08.26-21.10.35:196][804]LogAudioMixer: Display: Output buffers initialized: Frames=1024, Channels=2, Samples=2048
[2026.08.26-21.10.35:197][804]LogAudioMixer: Display: Starting AudioMixerPlatformInterface::RunInternal()
[2026.08.26-21.10.35:197][804]LogAudioMixer: Display: FMixerPlatformXAudio2::SubmitBuffer() called for the first time
[2026.08.26-21.10.35:197][804]LogInit: FAudioDevice initialized.
[2026.08.26-21.10.35:197][804]LogAudio: Display: Audio Device (ID: 44) registered with world 'TestLevel_Weeb'.
[2026.08.26-21.10.35:206][804]LogLoad: Game class is 'BrackeysGameMode_C'
[2026.08.26-21.10.35:207][804]LogWorld: Bringing World /Game/Brackeys2026/Levels/UEDPIE_0_TestLevel_Weeb.TestLevel_Weeb up for play (max tick rate 0) at 2026.08.26-14.10.35
[2026.08.26-21.10.35:207][804]LogWorld: Bringing up level for play took: 0.000666
[2026.08.26-21.10.35:208][804]LogOnline: OSS: Creating online subsystem instance for: :Context_56
[2026.08.26-21.10.35:211][804]PIE: Server logged in
[2026.08.26-21.10.35:212][804]PIE: Play in editor total start time 0.077 seconds.
[2026.08.26-21.10.46:634][ 29]LogSlate: Updating window title bar state: overlay mode, drag disabled, window buttons hidden, title bar hidden
[2026.08.26-21.10.46:634][ 29]LogWorld: BeginTearingDown for /Game/Brackeys2026/Levels/UEDPIE_0_TestLevel_Weeb
[2026.08.26-21.10.46:634][ 29]LogWorld: UWorld::CleanupWorld for TestLevel_Weeb, bSessionEnded=true, bCleanupResources=true
[2026.08.26-21.10.46:634][ 29]LogSlate: InvalidateAllWidgets triggered.  All widgets were invalidated
[2026.08.26-21.10.46:642][ 29]LogPlayLevel: Display: Shutting down PIE online subsystems
[2026.08.26-21.10.46:654][ 29]LogSlate: InvalidateAllWidgets triggered.  All widgets were invalidated
[2026.08.26-21.10.46:684][ 29]LogAudio: Display: Audio Device unregistered from world 'None'.
[2026.08.26-21.10.46:684][ 29]LogAudioMixer: FMixerPlatformXAudio2::StopAudioStream() called
[2026.08.26-21.10.46:686][ 29]LogAudioMixer: FMixerPlatformXAudio2::StopAudioStream() called
[2026.08.26-21.10.46:689][ 29]LogSlate: Updating window title bar state: overlay mode, drag disabled, window buttons hidden, title bar hidden
[2026.08.26-21.10.46:692][ 29]LogUObjectHash: Compacting FUObjectHashTables data took   2.23ms
[2026.08.26-21.10.46:736][ 32]LogPlayLevel: Display: Destroying online subsystem :Context_56
[2026.08.26-21.10.50:885][500]Cmd: MODE GRID=1
[2026.08.26-21.10.53:910][843]LogUObjectHash: Compacting FUObjectHashTables data took   2.21ms
[2026.08.26-21.10.55:135][843]LogSlate: Window 'Save Content' being destroyed
[2026.08.26-21.10.55:192][843]LogSavePackage: Moving 'E:/_Alex's Data/Unreal Engine/Unreal Projects/Brackeys2026/Brackeys-2026/BrackeysJam2026/Saved/BP_UIPlayer388F92B342998A052F796D910AB327DE.tmp' to 'E:/_Alex's Data/Unreal Engine/Unreal Projects/Brackeys2026/Brackeys-2026/BrackeysJam2026/Content/Brackeys2026/UI/BP_UIPlayer.uasset'
[2026.08.26-21.10.55:227][843]LogUObjectHash: Compacting FUObjectHashTables data took   0.55ms
[2026.08.26-21.10.55:243][843]LogSavePackage: Moving 'E:/_Alex's Data/Unreal Engine/Unreal Projects/Brackeys2026/Brackeys-2026/BrackeysJam2026/Saved/TestLevel_WeebE0DD0EB040242F89826EA9972DD4F21F.tmp' to 'E:/_Alex's Data/Unreal Engine/Unreal Projects/Brackeys2026/Brackeys-2026/BrackeysJam2026/Content/Brackeys2026/Levels/TestLevel_Weeb.umap'
[2026.08.26-21.10.55:288][843]LogFileHelpers: Saving map 'TestLevel_Weeb' took 0.092
[2026.08.26-21.10.55:302][843]AssetCheck: New page: Asset Save: multiple assets
[2026.08.26-21.10.55:302][843]LogContentValidation: Display: Validating WidgetBlueprint /Game/Brackeys2026/UI/BP_UIPlayer.BP_UIPlayer
[2026.08.26-21.10.55:303][843]LogContentValidation: Display: Validating World /Game/Brackeys2026/Levels/TestLevel_Weeb.TestLevel_Weeb
[2026.08.26-21.12.08:145][654]LogTemp: Repeating last play command: Selected Viewport
[2026.08.26-21.12.08:662][654]LogPlayLevel: PlayLevel: No blueprints needed recompiling
[2026.08.26-21.12.08:662][654]PIE: New page: PIE session: TestLevel_Weeb (Aug 26, 2026, 7:12:08 AM)
[2026.08.26-21.12.08:662][654]LogPlayLevel: Creating play world package: /Game/Brackeys2026/Levels/UEDPIE_0_TestLevel_Weeb
[2026.08.26-21.12.08:665][654]LogPlayLevel: PIE: StaticDuplicateObject took: (0.001842s)
[2026.08.26-21.12.08:666][654]LogAIModule: Creating AISystem for world TestLevel_Weeb
[2026.08.26-21.12.08:666][654]LogPlayLevel: PIE: World Init took: (0.000740s)
[2026.08.26-21.12.08:666][654]LogPlayLevel: PIE: Created PIE world by copying editor world from /Game/Brackeys2026/Levels/TestLevel_Weeb.TestLevel_Weeb to /Game/Brackeys2026/Levels/UEDPIE_0_TestLevel_Weeb.TestLevel_Weeb (0.002690s)
[2026.08.26-21.12.08:705][654]LogUObjectHash: Compacting FUObjectHashTables data took   2.35ms
[2026.08.26-21.12.08:707][654]LogAudio: Display: Creating Audio Device:                 Id: 45, Scope: Unique, Realtime: True
[2026.08.26-21.12.08:707][654]LogAudioMixer: Display: Audio Mixer Platform Settings:
[2026.08.26-21.12.08:707][654]LogAudioMixer: Display: 	Sample Rate:						  48000
[2026.08.26-21.12.08:707][654]LogAudioMixer: Display: 	Callback Buffer Frame Size Requested: 1024
[2026.08.26-21.12.08:707][654]LogAudioMixer: Display: 	Callback Buffer Frame Size To Use:	  1024
[2026.08.26-21.12.08:707][654]LogAudioMixer: Display: 	Number of buffers to queue:			  2
[2026.08.26-21.12.08:707][654]LogAudioMixer: Display: 	Max Channels (voices):				  32
[2026.08.26-21.12.08:707][654]LogAudioMixer: Display: 	Number of Async Source Workers:		  0
[2026.08.26-21.12.08:707][654]LogAudio: Display: AudioDevice MaxSources: 32
[2026.08.26-21.12.08:707][654]LogAudio: Display: Audio Spatialization Plugin: None (built-in).
[2026.08.26-21.12.08:707][654]LogAudio: Display: Audio Reverb Plugin: None (built-in).
[2026.08.26-21.12.08:707][654]LogAudio: Display: Audio Occlusion Plugin: None (built-in).
[2026.08.26-21.12.08:707][654]LogAudioMixer: Display: Initializing audio mixer.
[2026.08.26-21.12.08:712][654]LogAudioMixer: Display: 0: FrontLeft
[2026.08.26-21.12.08:712][654]LogAudioMixer: Display: 1: FrontRight
[2026.08.26-21.12.08:727][654]LogAudioMixer: Display: Using Audio Device Realtek HD Audio 2nd output (Realtek(R) Audio)
[2026.08.26-21.12.08:729][654]LogAudioMixer: Display: Initializing Sound Submixes...
[2026.08.26-21.12.08:729][654]LogAudioMixer: Display: Creating Master Submix 'MasterSubmixDefault'
[2026.08.26-21.12.08:729][654]LogAudioMixer: Display: Creating Master Submix 'MasterReverbSubmixDefault'
[2026.08.26-21.12.08:729][654]LogAudioMixer: Display: Creating Master Submix 'MasterEQSubmixDefault'
[2026.08.26-21.12.08:729][654]LogAudioMixer: FMixerPlatformXAudio2::StartAudioStream() called
[2026.08.26-21.12.08:729][654]LogAudioMixer: Display: Output buffers initialized: Frames=1024, Channels=2, Samples=2048
[2026.08.26-21.12.08:731][654]LogAudioMixer: Display: Starting AudioMixerPlatformInterface::RunInternal()
[2026.08.26-21.12.08:731][654]LogAudioMixer: Display: FMixerPlatformXAudio2::SubmitBuffer() called for the first time
[2026.08.26-21.12.08:731][654]LogInit: FAudioDevice initialized.
[2026.08.26-21.12.08:731][654]LogAudio: Display: Audio Device (ID: 45) registered with world 'TestLevel_Weeb'.
[2026.08.26-21.12.08:760][654]LogSlate: Updating window title bar state: overlay mode, drag disabled, window buttons hidden, title bar hidden
[2026.08.26-21.12.08:760][654]LogLoad: Game class is 'BrackeysGameMode_C'
[2026.08.26-21.12.08:761][654]LogWorld: Bringing World /Game/Brackeys2026/Levels/UEDPIE_0_TestLevel_Weeb.TestLevel_Weeb up for play (max tick rate 0) at 2026.08.26-14.12.08
[2026.08.26-21.12.08:761][654]LogWorld: Bringing up level for play took: 0.000717
[2026.08.26-21.12.08:761][654]LogOnline: OSS: Creating online subsystem instance for: :Context_57
[2026.08.26-21.12.08:767][654]PIE: Server logged in
[2026.08.26-21.12.08:769][654]PIE: Play in editor total start time 0.109 seconds.
[2026.08.26-21.12.12:471][ 27]LogSlate: Updating window title bar state: overlay mode, drag disabled, window buttons hidden, title bar hidden
[2026.08.26-21.12.12:471][ 27]LogWorld: BeginTearingDown for /Game/Brackeys2026/Levels/UEDPIE_0_TestLevel_Weeb
[2026.08.26-21.12.12:471][ 27]LogSlate: Window 'BrackeysJam2026 Preview [NetMode: Standalone]  (64-bit/Windows) ' being destroyed
[2026.08.26-21.12.12:478][ 27]LogWorld: UWorld::CleanupWorld for TestLevel_Weeb, bSessionEnded=true, bCleanupResources=true
[2026.08.26-21.12.12:478][ 27]LogSlate: InvalidateAllWidgets triggered.  All widgets were invalidated
[2026.08.26-21.12.12:500][ 27]LogPlayLevel: Display: Shutting down PIE online subsystems
[2026.08.26-21.12.12:510][ 27]LogSlate: InvalidateAllWidgets triggered.  All widgets were invalidated
[2026.08.26-21.12.12:540][ 27]LogAudio: Display: Audio Device unregistered from world 'None'.
[2026.08.26-21.12.12:540][ 27]LogAudioMixer: FMixerPlatformXAudio2::StopAudioStream() called
[2026.08.26-21.12.12:541][ 27]LogAudioMixer: FMixerPlatformXAudio2::StopAudioStream() called
[2026.08.26-21.12.12:547][ 27]LogUObjectHash: Compacting FUObjectHashTables data took   2.33ms
[2026.08.26-21.12.12:564][ 28]LogPlayLevel: Display: Destroying online subsystem :Context_57
[2026.08.26-21.12.30:840][997]BlueprintLog: New page: Compile BP_UIPlayer
[2026.08.26-21.12.30:885][997]LogUObjectHash: Compacting FUObjectHashTables data took   3.28ms
[2026.08.26-21.12.31:290][ 32]LogSavePackage: Moving 'E:/_Alex's Data/Unreal Engine/Unreal Projects/Brackeys2026/Brackeys-2026/BrackeysJam2026/Saved/BP_UIPlayerE29766254B47D34000A545A96BA389CE.tmp' to 'E:/_Alex's Data/Unreal Engine/Unreal Projects/Brackeys2026/Brackeys-2026/BrackeysJam2026/Content/Brackeys2026/UI/BP_UIPlayer.uasset'
[2026.08.26-21.12.31:319][ 32]AssetCheck: New page: Asset Save: BP_UIPlayer
[2026.08.26-21.12.31:319][ 32]LogContentValidation: Display: Validating WidgetBlueprint /Game/Brackeys2026/UI/BP_UIPlayer.BP_UIPlayer
[2026.08.26-21.12.31:783][ 80]LogTemp: Repeating last play command: Selected Viewport
[2026.08.26-21.12.31:792][ 80]LogPlayLevel: PlayLevel: No blueprints needed recompiling
[2026.08.26-21.12.31:793][ 80]PIE: New page: PIE session: TestLevel_Weeb (Aug 26, 2026, 7:12:31 AM)
[2026.08.26-21.12.31:793][ 80]LogPlayLevel: Creating play world package: /Game/Brackeys2026/Levels/UEDPIE_0_TestLevel_Weeb
[2026.08.26-21.12.31:796][ 80]LogPlayLevel: PIE: StaticDuplicateObject took: (0.003111s)
[2026.08.26-21.12.31:796][ 80]LogAIModule: Creating AISystem for world TestLevel_Weeb
[2026.08.26-21.12.31:797][ 80]LogPlayLevel: PIE: World Init took: (0.000840s)
[2026.08.26-21.12.31:797][ 80]LogPlayLevel: PIE: Created PIE world by copying editor world from /Game/Brackeys2026/Levels/TestLevel_Weeb.TestLevel_Weeb to /Game/Brackeys2026/Levels/UEDPIE_0_TestLevel_Weeb.TestLevel_Weeb (0.004093s)
[2026.08.26-21.12.31:832][ 80]LogUObjectHash: Compacting FUObjectHashTables data took   3.13ms
[2026.08.26-21.12.31:832][ 80]LogAudio: Display: Creating Audio Device:                 Id: 46, Scope: Unique, Realtime: True
[2026.08.26-21.12.31:832][ 80]LogAudioMixer: Display: Audio Mixer Platform Settings:
[2026.08.26-21.12.31:832][ 80]LogAudioMixer: Display: 	Sample Rate:						  48000
[2026.08.26-21.12.31:833][ 80]LogAudioMixer: Display: 	Callback Buffer Frame Size Requested: 1024
[2026.08.26-21.12.31:833][ 80]LogAudioMixer: Display: 	Callback Buffer Frame Size To Use:	  1024
[2026.08.26-21.12.31:833][ 80]LogAudioMixer: Display: 	Number of buffers to queue:			  2
[2026.08.26-21.12.31:833][ 80]LogAudioMixer: Display: 	Max Channels (voices):				  32
[2026.08.26-21.12.31:833][ 80]LogAudioMixer: Display: 	Number of Async Source Workers:		  0
[2026.08.26-21.12.31:833][ 80]LogAudio: Display: AudioDevice MaxSources: 32
[2026.08.26-21.12.31:833][ 80]LogAudio: Display: Audio Spatialization Plugin: None (built-in).
[2026.08.26-21.12.31:833][ 80]LogAudio: Display: Audio Reverb Plugin: None (built-in).
[2026.08.26-21.12.31:833][ 80]LogAudio: Display: Audio Occlusion Plugin: None (built-in).
[2026.08.26-21.12.31:833][ 80]LogAudioMixer: Display: Initializing audio mixer.
[2026.08.26-21.12.31:838][ 80]LogAudioMixer: Display: 0: FrontLeft
[2026.08.26-21.12.31:838][ 80]LogAudioMixer: Display: 1: FrontRight
[2026.08.26-21.12.31:851][ 80]LogAudioMixer: Display: Using Audio Device Realtek HD Audio 2nd output (Realtek(R) Audio)
[2026.08.26-21.12.31:851][ 80]LogAudioMixer: Display: Initializing Sound Submixes...
[2026.08.26-21.12.31:851][ 80]LogAudioMixer: Display: Creating Master Submix 'MasterSubmixDefault'
[2026.08.26-21.12.31:851][ 80]LogAudioMixer: Display: Creating Master Submix 'MasterReverbSubmixDefault'
[2026.08.26-21.12.31:851][ 80]LogAudioMixer: Display: Creating Master Submix 'MasterEQSubmixDefault'
[2026.08.26-21.12.31:851][ 80]LogAudioMixer: FMixerPlatformXAudio2::StartAudioStream() called
[2026.08.26-21.12.31:851][ 80]LogAudioMixer: Display: Output buffers initialized: Frames=1024, Channels=2, Samples=2048
[2026.08.26-21.12.31:852][ 80]LogAudioMixer: Display: Starting AudioMixerPlatformInterface::RunInternal()
[2026.08.26-21.12.31:852][ 80]LogAudioMixer: Display: FMixerPlatformXAudio2::SubmitBuffer() called for the first time
[2026.08.26-21.12.31:852][ 80]LogInit: FAudioDevice initialized.
[2026.08.26-21.12.31:852][ 80]LogAudio: Display: Audio Device (ID: 46) registered with world 'TestLevel_Weeb'.
[2026.08.26-21.12.31:895][ 80]LogSlate: Updating window title bar state: overlay mode, drag disabled, window buttons hidden, title bar hidden
[2026.08.26-21.12.31:896][ 80]LogLoad: Game class is 'BrackeysGameMode_C'
[2026.08.26-21.12.31:897][ 80]LogWorld: Bringing World /Game/Brackeys2026/Levels/UEDPIE_0_TestLevel_Weeb.TestLevel_Weeb up for play (max tick rate 0) at 2026.08.26-14.12.31
[2026.08.26-21.12.31:897][ 80]LogWorld: Bringing up level for play took: 0.000757
[2026.08.26-21.12.31:897][ 80]LogOnline: OSS: Creating online subsystem instance for: :Context_58
[2026.08.26-21.12.31:903][ 80]PIE: Server logged in
[2026.08.26-21.12.31:904][ 80]PIE: Play in editor total start time 0.116 seconds.
[2026.08.26-21.12.41:992][214]LogSlate: Updating window title bar state: overlay mode, drag disabled, window buttons hidden, title bar hidden
[2026.08.26-21.12.41:992][214]LogWorld: BeginTearingDown for /Game/Brackeys2026/Levels/UEDPIE_0_TestLevel_Weeb
[2026.08.26-21.12.41:992][214]LogSlate: Window 'BrackeysJam2026 Preview [NetMode: Standalone]  (64-bit/Windows) ' being destroyed
[2026.08.26-21.12.42:001][214]LogWorld: UWorld::CleanupWorld for TestLevel_Weeb, bSessionEnded=true, bCleanupResources=true
[2026.08.26-21.12.42:002][214]LogSlate: InvalidateAllWidgets triggered.  All widgets were invalidated
[2026.08.26-21.12.42:009][214]LogPlayLevel: Display: Shutting down PIE online subsystems
[2026.08.26-21.12.42:017][214]LogSlate: InvalidateAllWidgets triggered.  All widgets were invalidated
[2026.08.26-21.12.42:048][214]LogAudio: Display: Audio Device unregistered from world 'None'.
[2026.08.26-21.12.42:049][214]LogAudioMixer: FMixerPlatformXAudio2::StopAudioStream() called
[2026.08.26-21.12.42:050][214]LogAudioMixer: FMixerPlatformXAudio2::StopAudioStream() called
[2026.08.26-21.12.42:055][214]LogUObjectHash: Compacting FUObjectHashTables data took   2.21ms
[2026.08.26-21.12.42:076][215]LogPlayLevel: Display: Destroying online subsystem :Context_58
[2026.08.26-21.12.53:626][352]BlueprintLog: New page: Compile BP_Revolver
[2026.08.26-21.12.53:703][352]LogUObjectHash: Compacting FUObjectHashTables data took   2.49ms
[2026.08.26-21.12.54:100][377]LogSavePackage: Moving 'E:/_Alex's Data/Unreal Engine/Unreal Projects/Brackeys2026/Brackeys-2026/BrackeysJam2026/Saved/BP_Revolver7F93E7364D1D8AD034986D907C620272.tmp' to 'E:/_Alex's Data/Unreal Engine/Unreal Projects/Brackeys2026/Brackeys-2026/BrackeysJam2026/Content/Brackeys2026/Objects/Revolver/BP_Revolver.uasset'
[2026.08.26-21.12.55:962][377]AssetCheck: New page: Asset Save: BP_Revolver
[2026.08.26-21.12.55:962][377]LogContentValidation: Display: Validating Blueprint /Game/Brackeys2026/Objects/Revolver/BP_Revolver.BP_Revolver
[2026.08.26-21.12.57:867][600]LogTemp: Repeating last play command: Selected Viewport
[2026.08.26-21.12.57:876][600]LogPlayLevel: PlayLevel: No blueprints needed recompiling
[2026.08.26-21.12.57:876][600]PIE: New page: PIE session: TestLevel_Weeb (Aug 26, 2026, 7:12:57 AM)
[2026.08.26-21.12.57:876][600]LogPlayLevel: Creating play world package: /Game/Brackeys2026/Levels/UEDPIE_0_TestLevel_Weeb
[2026.08.26-21.12.57:879][600]LogPlayLevel: PIE: StaticDuplicateObject took: (0.002031s)
[2026.08.26-21.12.57:880][600]LogAIModule: Creating AISystem for world TestLevel_Weeb
[2026.08.26-21.12.57:880][600]LogPlayLevel: PIE: World Init took: (0.000894s)
[2026.08.26-21.12.57:880][600]LogPlayLevel: PIE: Created PIE world by copying editor world from /Game/Brackeys2026/Levels/TestLevel_Weeb.TestLevel_Weeb to /Game/Brackeys2026/Levels/UEDPIE_0_TestLevel_Weeb.TestLevel_Weeb (0.003060s)
[2026.08.26-21.12.57:915][600]LogUObjectHash: Compacting FUObjectHashTables data took   3.26ms
[2026.08.26-21.12.57:915][600]LogAudio: Display: Creating Audio Device:                 Id: 47, Scope: Unique, Realtime: True
[2026.08.26-21.12.57:915][600]LogAudioMixer: Display: Audio Mixer Platform Settings:
[2026.08.26-21.12.57:915][600]LogAudioMixer: Display: 	Sample Rate:						  48000
[2026.08.26-21.12.57:915][600]LogAudioMixer: Display: 	Callback Buffer Frame Size Requested: 1024
[2026.08.26-21.12.57:916][600]LogAudioMixer: Display: 	Callback Buffer Frame Size To Use:	  1024
[2026.08.26-21.12.57:916][600]LogAudioMixer: Display: 	Number of buffers to queue:			  2
[2026.08.26-21.12.57:916][600]LogAudioMixer: Display: 	Max Channels (voices):				  32
[2026.08.26-21.12.57:916][600]LogAudioMixer: Display: 	Number of Async Source Workers:		  0
[2026.08.26-21.12.57:916][600]LogAudio: Display: AudioDevice MaxSources: 32
[2026.08.26-21.12.57:916][600]LogAudio: Display: Audio Spatialization Plugin: None (built-in).
[2026.08.26-21.12.57:916][600]LogAudio: Display: Audio Reverb Plugin: None (built-in).
[2026.08.26-21.12.57:916][600]LogAudio: Display: Audio Occlusion Plugin: None (built-in).
[2026.08.26-21.12.57:916][600]LogAudioMixer: Display: Initializing audio mixer.
[2026.08.26-21.12.57:921][600]LogAudioMixer: Display: 0: FrontLeft
[2026.08.26-21.12.57:921][600]LogAudioMixer: Display: 1: FrontRight
[2026.08.26-21.12.57:934][600]LogAudioMixer: Display: Using Audio Device Realtek HD Audio 2nd output (Realtek(R) Audio)
[2026.08.26-21.12.57:935][600]LogAudioMixer: Display: Initializing Sound Submixes...
[2026.08.26-21.12.57:935][600]LogAudioMixer: Display: Creating Master Submix 'MasterSubmixDefault'
[2026.08.26-21.12.57:935][600]LogAudioMixer: Display: Creating Master Submix 'MasterReverbSubmixDefault'
[2026.08.26-21.12.57:935][600]LogAudioMixer: Display: Creating Master Submix 'MasterEQSubmixDefault'
[2026.08.26-21.12.57:935][600]LogAudioMixer: FMixerPlatformXAudio2::StartAudioStream() called
[2026.08.26-21.12.57:935][600]LogAudioMixer: Display: Output buffers initialized: Frames=1024, Channels=2, Samples=2048
[2026.08.26-21.12.57:937][600]LogAudioMixer: Display: Starting AudioMixerPlatformInterface::RunInternal()
[2026.08.26-21.12.57:937][600]LogAudioMixer: Display: FMixerPlatformXAudio2::SubmitBuffer() called for the first time
[2026.08.26-21.12.57:937][600]LogInit: FAudioDevice initialized.
[2026.08.26-21.12.57:937][600]LogAudio: Display: Audio Device (ID: 47) registered with world 'TestLevel_Weeb'.
[2026.08.26-21.12.57:978][600]LogSlate: Updating window title bar state: overlay mode, drag disabled, window buttons hidden, title bar hidden
[2026.08.26-21.12.57:978][600]LogLoad: Game class is 'BrackeysGameMode_C'
[2026.08.26-21.12.57:980][600]LogWorld: Bringing World /Game/Brackeys2026/Levels/UEDPIE_0_TestLevel_Weeb.TestLevel_Weeb up for play (max tick rate 0) at 2026.08.26-14.12.57
[2026.08.26-21.12.57:981][600]LogWorld: Bringing up level for play took: 0.001299
[2026.08.26-21.12.57:981][600]LogOnline: OSS: Creating online subsystem instance for: :Context_59
[2026.08.26-21.12.57:988][600]PIE: Server logged in
[2026.08.26-21.12.57:991][600]PIE: Play in editor total start time 0.117 seconds.
[2026.08.26-21.13.00:792][918]LogSlate: Updating window title bar state: overlay mode, drag disabled, window buttons hidden, title bar hidden
[2026.08.26-21.13.00:792][918]LogWorld: BeginTearingDown for /Game/Brackeys2026/Levels/UEDPIE_0_TestLevel_Weeb
[2026.08.26-21.13.00:792][918]LogSlate: Window 'BrackeysJam2026 Preview [NetMode: Standalone]  (64-bit/Windows) ' being destroyed
[2026.08.26-21.13.00:800][918]LogWorld: UWorld::CleanupWorld for TestLevel_Weeb, bSessionEnded=true, bCleanupResources=true
[2026.08.26-21.13.00:800][918]LogSlate: InvalidateAllWidgets triggered.  All widgets were invalidated
[2026.08.26-21.13.00:823][918]LogPlayLevel: Display: Shutting down PIE online subsystems
[2026.08.26-21.13.00:833][918]LogSlate: InvalidateAllWidgets triggered.  All widgets were invalidated
[2026.08.26-21.13.00:863][918]LogAudio: Display: Audio Device unregistered from world 'None'.
[2026.08.26-21.13.00:863][918]LogAudioMixer: FMixerPlatformXAudio2::StopAudioStream() called
[2026.08.26-21.13.00:865][918]LogAudioMixer: FMixerPlatformXAudio2::StopAudioStream() called
[2026.08.26-21.13.00:870][918]LogUObjectHash: Compacting FUObjectHashTables data took   2.24ms
[2026.08.26-21.13.00:917][919]LogPlayLevel: Display: Destroying online subsystem :Context_59
[2026.08.26-21.13.07:501][622]BlueprintLog: New page: Compile BP_Revolver
[2026.08.26-21.13.07:575][622]LogUObjectHash: Compacting FUObjectHashTables data took   2.54ms
[2026.08.26-21.13.08:070][652]LogSavePackage: Moving 'E:/_Alex's Data/Unreal Engine/Unreal Projects/Brackeys2026/Brackeys-2026/BrackeysJam2026/Saved/BP_Revolver24CB362045A795975E21FEB647A76B16.tmp' to 'E:/_Alex's Data/Unreal Engine/Unreal Projects/Brackeys2026/Brackeys-2026/BrackeysJam2026/Content/Brackeys2026/Objects/Revolver/BP_Revolver.uasset'
[2026.08.26-21.13.08:098][652]AssetCheck: New page: Asset Save: BP_Revolver
[2026.08.26-21.13.08:098][652]LogContentValidation: Display: Validating Blueprint /Game/Brackeys2026/Objects/Revolver/BP_Revolver.BP_Revolver
[2026.08.26-21.13.39:712][334]BlueprintLog: New page: Compile BP_Revolver
[2026.08.26-21.13.39:789][334]LogUObjectHash: Compacting FUObjectHashTables data took   3.66ms
[2026.08.26-21.13.40:240][367]LogSavePackage: Moving 'E:/_Alex's Data/Unreal Engine/Unreal Projects/Brackeys2026/Brackeys-2026/BrackeysJam2026/Saved/BP_Revolver3412DC004C7739597340DEA3876E061F.tmp' to 'E:/_Alex's Data/Unreal Engine/Unreal Projects/Brackeys2026/Brackeys-2026/BrackeysJam2026/Content/Brackeys2026/Objects/Revolver/BP_Revolver.uasset'
[2026.08.26-21.13.40:264][367]AssetCheck: New page: Asset Save: BP_Revolver
[2026.08.26-21.13.40:264][367]LogContentValidation: Display: Validating Blueprint /Game/Brackeys2026/Objects/Revolver/BP_Revolver.BP_Revolver
[2026.08.26-21.14.32:482][251]BlueprintLog: New page: Compile BP_Revolver
[2026.08.26-21.14.32:568][251]LogUObjectHash: Compacting FUObjectHashTables data took   3.53ms
[2026.08.26-21.15.58:634][867]LogEditorTransaction: Undo Move Nodes
[2026.08.26-21.16.00:408][ 29]LogEditorTransaction: Undo Move Node
[2026.08.26-21.16.38:458][357]BlueprintLog: New page: Compile BP_Revolver
[2026.08.26-21.16.38:550][357]LogUObjectHash: Compacting FUObjectHashTables data took   3.58ms
[2026.08.26-21.16.39:058][393]LogSavePackage: Moving 'E:/_Alex's Data/Unreal Engine/Unreal Projects/Brackeys2026/Brackeys-2026/BrackeysJam2026/Saved/BP_Revolver0CE675A04B3EA6F2AE8CEB9A079F4DBF.tmp' to 'E:/_Alex's Data/Unreal Engine/Unreal Projects/Brackeys2026/Brackeys-2026/BrackeysJam2026/Content/Brackeys2026/Objects/Revolver/BP_Revolver.uasset'
[2026.08.26-21.16.39:082][393]AssetCheck: New page: Asset Save: BP_Revolver
[2026.08.26-21.16.39:082][393]LogContentValidation: Display: Validating Blueprint /Game/Brackeys2026/Objects/Revolver/BP_Revolver.BP_Revolver
[2026.08.26-21.16.40:153][517]LogTemp: Repeating last play command: Selected Viewport
[2026.08.26-21.16.40:162][517]LogPlayLevel: PlayLevel: No blueprints needed recompiling
[2026.08.26-21.16.40:162][517]PIE: New page: PIE session: TestLevel_Weeb (Aug 26, 2026, 7:16:40 AM)
[2026.08.26-21.16.40:162][517]LogPlayLevel: Creating play world package: /Game/Brackeys2026/Levels/UEDPIE_0_TestLevel_Weeb
[2026.08.26-21.16.40:165][517]LogPlayLevel: PIE: StaticDuplicateObject took: (0.002641s)
[2026.08.26-21.16.40:166][517]LogAIModule: Creating AISystem for world TestLevel_Weeb
[2026.08.26-21.16.40:166][517]LogPlayLevel: PIE: World Init took: (0.001221s)
[2026.08.26-21.16.40:166][517]LogPlayLevel: PIE: Created PIE world by copying editor world from /Game/Brackeys2026/Levels/TestLevel_Weeb.TestLevel_Weeb to /Game/Brackeys2026/Levels/UEDPIE_0_TestLevel_Weeb.TestLevel_Weeb (0.004022s)
[2026.08.26-21.16.40:201][517]LogUObjectHash: Compacting FUObjectHashTables data took   3.13ms
[2026.08.26-21.16.40:202][517]LogAudio: Display: Creating Audio Device:                 Id: 48, Scope: Unique, Realtime: True
[2026.08.26-21.16.40:202][517]LogAudioMixer: Display: Audio Mixer Platform Settings:
[2026.08.26-21.16.40:202][517]LogAudioMixer: Display: 	Sample Rate:						  48000
[2026.08.26-21.16.40:202][517]LogAudioMixer: Display: 	Callback Buffer Frame Size Requested: 1024
[2026.08.26-21.16.40:202][517]LogAudioMixer: Display: 	Callback Buffer Frame Size To Use:	  1024
[2026.08.26-21.16.40:202][517]LogAudioMixer: Display: 	Number of buffers to queue:			  2
[2026.08.26-21.16.40:202][517]LogAudioMixer: Display: 	Max Channels (voices):				  32
[2026.08.26-21.16.40:202][517]LogAudioMixer: Display: 	Number of Async Source Workers:		  0
[2026.08.26-21.16.40:202][517]LogAudio: Display: AudioDevice MaxSources: 32
[2026.08.26-21.16.40:202][517]LogAudio: Display: Audio Spatialization Plugin: None (built-in).
[2026.08.26-21.16.40:202][517]LogAudio: Display: Audio Reverb Plugin: None (built-in).
[2026.08.26-21.16.40:202][517]LogAudio: Display: Audio Occlusion Plugin: None (built-in).
[2026.08.26-21.16.40:202][517]LogAudioMixer: Display: Initializing audio mixer.
[2026.08.26-21.16.40:206][517]LogAudioMixer: Display: 0: FrontLeft
[2026.08.26-21.16.40:206][517]LogAudioMixer: Display: 1: FrontRight
[2026.08.26-21.16.40:223][517]LogAudioMixer: Display: Using Audio Device Realtek HD Audio 2nd output (Realtek(R) Audio)
[2026.08.26-21.16.40:223][517]LogAudioMixer: Display: Initializing Sound Submixes...
[2026.08.26-21.16.40:223][517]LogAudioMixer: Display: Creating Master Submix 'MasterSubmixDefault'
[2026.08.26-21.16.40:223][517]LogAudioMixer: Display: Creating Master Submix 'MasterReverbSubmixDefault'
[2026.08.26-21.16.40:224][517]LogAudioMixer: Display: Creating Master Submix 'MasterEQSubmixDefault'
[2026.08.26-21.16.40:224][517]LogAudioMixer: FMixerPlatformXAudio2::StartAudioStream() called
[2026.08.26-21.16.40:224][517]LogAudioMixer: Display: Output buffers initialized: Frames=1024, Channels=2, Samples=2048
[2026.08.26-21.16.40:225][517]LogAudioMixer: Display: Starting AudioMixerPlatformInterface::RunInternal()
[2026.08.26-21.16.40:225][517]LogAudioMixer: Display: FMixerPlatformXAudio2::SubmitBuffer() called for the first time
[2026.08.26-21.16.40:225][517]LogInit: FAudioDevice initialized.
[2026.08.26-21.16.40:225][517]LogAudio: Display: Audio Device (ID: 48) registered with world 'TestLevel_Weeb'.
[2026.08.26-21.16.40:261][517]LogSlate: Updating window title bar state: overlay mode, drag disabled, window buttons hidden, title bar hidden
[2026.08.26-21.16.40:262][517]LogLoad: Game class is 'BrackeysGameMode_C'
[2026.08.26-21.16.40:263][517]LogWorld: Bringing World /Game/Brackeys2026/Levels/UEDPIE_0_TestLevel_Weeb.TestLevel_Weeb up for play (max tick rate 0) at 2026.08.26-14.16.40
[2026.08.26-21.16.40:263][517]LogWorld: Bringing up level for play took: 0.000749
[2026.08.26-21.16.40:263][517]LogOnline: OSS: Creating online subsystem instance for: :Context_60
[2026.08.26-21.16.40:270][517]PIE: Server logged in
[2026.08.26-21.16.40:273][517]PIE: Play in editor total start time 0.113 seconds.
[2026.08.26-21.16.50:443][674]LogSlate: Updating window title bar state: overlay mode, drag disabled, window buttons hidden, title bar hidden
[2026.08.26-21.16.50:443][674]LogWorld: BeginTearingDown for /Game/Brackeys2026/Levels/UEDPIE_0_TestLevel_Weeb
[2026.08.26-21.16.50:443][674]LogSlate: Window 'BrackeysJam2026 Preview [NetMode: Standalone]  (64-bit/Windows) ' being destroyed
[2026.08.26-21.16.50:452][674]LogWorld: UWorld::CleanupWorld for TestLevel_Weeb, bSessionEnded=true, bCleanupResources=true
[2026.08.26-21.16.50:452][674]LogSlate: InvalidateAllWidgets triggered.  All widgets were invalidated
[2026.08.26-21.16.50:478][674]LogPlayLevel: Display: Shutting down PIE online subsystems
[2026.08.26-21.16.50:486][674]LogSlate: InvalidateAllWidgets triggered.  All widgets were invalidated
[2026.08.26-21.16.50:518][674]LogAudio: Display: Audio Device unregistered from world 'None'.
[2026.08.26-21.16.50:518][674]LogAudioMixer: FMixerPlatformXAudio2::StopAudioStream() called
[2026.08.26-21.16.50:519][674]LogAudioMixer: FMixerPlatformXAudio2::StopAudioStream() called
[2026.08.26-21.16.50:524][674]LogUObjectHash: Compacting FUObjectHashTables data took   2.24ms
[2026.08.26-21.16.50:577][675]LogPlayLevel: Display: Destroying online subsystem :Context_60
[2026.08.26-21.16.57:248][379]BlueprintLog: New page: Compile BP_Revolver
[2026.08.26-21.16.57:324][379]LogUObjectHash: Compacting FUObjectHashTables data took   2.48ms
[2026.08.26-21.16.58:050][440]LogSavePackage: Moving 'E:/_Alex's Data/Unreal Engine/Unreal Projects/Brackeys2026/Brackeys-2026/BrackeysJam2026/Saved/BP_Revolver7EDBC42945F0ACE165CA21975630F700.tmp' to 'E:/_Alex's Data/Unreal Engine/Unreal Projects/Brackeys2026/Brackeys-2026/BrackeysJam2026/Content/Brackeys2026/Objects/Revolver/BP_Revolver.uasset'
[2026.08.26-21.16.58:079][440]AssetCheck: New page: Asset Save: BP_Revolver
[2026.08.26-21.16.58:079][440]LogContentValidation: Display: Validating Blueprint /Game/Brackeys2026/Objects/Revolver/BP_Revolver.BP_Revolver
[2026.08.26-21.16.58:575][493]LogTemp: Repeating last play command: Selected Viewport
[2026.08.26-21.16.58:583][493]LogPlayLevel: PlayLevel: No blueprints needed recompiling
[2026.08.26-21.16.58:584][493]PIE: New page: PIE session: TestLevel_Weeb (Aug 26, 2026, 7:16:58 AM)
[2026.08.26-21.16.58:584][493]LogPlayLevel: Creating play world package: /Game/Brackeys2026/Levels/UEDPIE_0_TestLevel_Weeb
[2026.08.26-21.16.58:586][493]LogPlayLevel: PIE: StaticDuplicateObject took: (0.002962s)
[2026.08.26-21.16.58:588][493]LogAIModule: Creating AISystem for world TestLevel_Weeb
[2026.08.26-21.16.58:589][493]LogPlayLevel: PIE: World Init took: (0.001664s)
[2026.08.26-21.16.58:589][493]LogPlayLevel: PIE: Created PIE world by copying editor world from /Game/Brackeys2026/Levels/TestLevel_Weeb.TestLevel_Weeb to /Game/Brackeys2026/Levels/UEDPIE_0_TestLevel_Weeb.TestLevel_Weeb (0.004833s)
[2026.08.26-21.16.58:625][493]LogUObjectHash: Compacting FUObjectHashTables data took   3.15ms
[2026.08.26-21.16.58:625][493]LogAudio: Display: Creating Audio Device:                 Id: 49, Scope: Unique, Realtime: True
[2026.08.26-21.16.58:625][493]LogAudioMixer: Display: Audio Mixer Platform Settings:
[2026.08.26-21.16.58:625][493]LogAudioMixer: Display: 	Sample Rate:						  48000
[2026.08.26-21.16.58:625][493]LogAudioMixer: Display: 	Callback Buffer Frame Size Requested: 1024
[2026.08.26-21.16.58:625][493]LogAudioMixer: Display: 	Callback Buffer Frame Size To Use:	  1024
[2026.08.26-21.16.58:625][493]LogAudioMixer: Display: 	Number of buffers to queue:			  2
[2026.08.26-21.16.58:625][493]LogAudioMixer: Display: 	Max Channels (voices):				  32
[2026.08.26-21.16.58:625][493]LogAudioMixer: Display: 	Number of Async Source Workers:		  0
[2026.08.26-21.16.58:625][493]LogAudio: Display: AudioDevice MaxSources: 32
[2026.08.26-21.16.58:626][493]LogAudio: Display: Audio Spatialization Plugin: None (built-in).
[2026.08.26-21.16.58:626][493]LogAudio: Display: Audio Reverb Plugin: None (built-in).
[2026.08.26-21.16.58:626][493]LogAudio: Display: Audio Occlusion Plugin: None (built-in).
[2026.08.26-21.16.58:626][493]LogAudioMixer: Display: Initializing audio mixer.
[2026.08.26-21.16.58:631][493]LogAudioMixer: Display: 0: FrontLeft
[2026.08.26-21.16.58:631][493]LogAudioMixer: Display: 1: FrontRight
[2026.08.26-21.16.58:643][493]LogAudioMixer: Display: Using Audio Device Realtek HD Audio 2nd output (Realtek(R) Audio)
[2026.08.26-21.16.58:643][493]LogAudioMixer: Display: Initializing Sound Submixes...
[2026.08.26-21.16.58:643][493]LogAudioMixer: Display: Creating Master Submix 'MasterSubmixDefault'
[2026.08.26-21.16.58:643][493]LogAudioMixer: Display: Creating Master Submix 'MasterReverbSubmixDefault'
[2026.08.26-21.16.58:643][493]LogAudioMixer: Display: Creating Master Submix 'MasterEQSubmixDefault'
[2026.08.26-21.16.58:643][493]LogAudioMixer: FMixerPlatformXAudio2::StartAudioStream() called
[2026.08.26-21.16.58:643][493]LogAudioMixer: Display: Output buffers initialized: Frames=1024, Channels=2, Samples=2048
[2026.08.26-21.16.58:645][493]LogAudioMixer: Display: Starting AudioMixerPlatformInterface::RunInternal()
[2026.08.26-21.16.58:645][493]LogAudioMixer: Display: FMixerPlatformXAudio2::SubmitBuffer() called for the first time
[2026.08.26-21.16.58:645][493]LogInit: FAudioDevice initialized.
[2026.08.26-21.16.58:645][493]LogAudio: Display: Audio Device (ID: 49) registered with world 'TestLevel_Weeb'.
[2026.08.26-21.16.58:695][493]LogSlate: Updating window title bar state: overlay mode, drag disabled, window buttons hidden, title bar hidden
[2026.08.26-21.16.58:696][493]LogLoad: Game class is 'BrackeysGameMode_C'
[2026.08.26-21.16.58:697][493]LogWorld: Bringing World /Game/Brackeys2026/Levels/UEDPIE_0_TestLevel_Weeb.TestLevel_Weeb up for play (max tick rate 0) at 2026.08.26-14.16.58
[2026.08.26-21.16.58:697][493]LogWorld: Bringing up level for play took: 0.001005
[2026.08.26-21.16.58:697][493]LogOnline: OSS: Creating online subsystem instance for: :Context_61
[2026.08.26-21.16.58:704][493]PIE: Server logged in
[2026.08.26-21.16.58:707][493]PIE: Play in editor total start time 0.126 seconds.
[2026.08.26-21.17.30:312][ 75]LogSlate: Updating window title bar state: overlay mode, drag disabled, window buttons hidden, title bar hidden
[2026.08.26-21.17.30:312][ 75]LogWorld: BeginTearingDown for /Game/Brackeys2026/Levels/UEDPIE_0_TestLevel_Weeb
[2026.08.26-21.17.30:312][ 75]LogSlate: Window 'BrackeysJam2026 Preview [NetMode: Standalone]  (64-bit/Windows) ' being destroyed
[2026.08.26-21.17.30:314][ 75]LogWorld: UWorld::CleanupWorld for TestLevel_Weeb, bSessionEnded=true, bCleanupResources=true
[2026.08.26-21.17.30:315][ 75]LogSlate: InvalidateAllWidgets triggered.  All widgets were invalidated
[2026.08.26-21.17.30:338][ 75]LogPlayLevel: Display: Shutting down PIE online subsystems
[2026.08.26-21.17.30:346][ 75]LogSlate: InvalidateAllWidgets triggered.  All widgets were invalidated
[2026.08.26-21.17.30:380][ 75]LogAudio: Display: Audio Device unregistered from world 'None'.
[2026.08.26-21.17.30:380][ 75]LogAudioMixer: FMixerPlatformXAudio2::StopAudioStream() called
[2026.08.26-21.17.30:382][ 75]LogAudioMixer: FMixerPlatformXAudio2::StopAudioStream() called
[2026.08.26-21.17.30:387][ 75]LogUObjectHash: Compacting FUObjectHashTables data took   2.22ms
[2026.08.26-21.17.30:443][ 76]LogPlayLevel: Display: Destroying online subsystem :Context_61
[2026.08.26-21.17.45:996][825]BlueprintLog: New page: Compile BP_Revolver
[2026.08.26-21.17.46:081][825]LogUObjectHash: Compacting FUObjectHashTables data took   2.54ms
[2026.08.26-21.17.46:537][858]LogSavePackage: Moving 'E:/_Alex's Data/Unreal Engine/Unreal Projects/Brackeys2026/Brackeys-2026/BrackeysJam2026/Saved/BP_RevolverDF804E7646F41DCEC7EC2DA3E18D188D.tmp' to 'E:/_Alex's Data/Unreal Engine/Unreal Projects/Brackeys2026/Brackeys-2026/BrackeysJam2026/Content/Brackeys2026/Objects/Revolver/BP_Revolver.uasset'
[2026.08.26-21.17.46:563][858]AssetCheck: New page: Asset Save: BP_Revolver
[2026.08.26-21.17.46:563][858]LogContentValidation: Display: Validating Blueprint /Game/Brackeys2026/Objects/Revolver/BP_Revolver.BP_Revolver
[2026.08.26-21.17.48:154][ 42]LogTemp: Repeating last play command: Selected Viewport
[2026.08.26-21.17.48:164][ 42]LogPlayLevel: PlayLevel: No blueprints needed recompiling
[2026.08.26-21.17.48:165][ 42]PIE: New page: PIE session: TestLevel_Weeb (Aug 26, 2026, 7:17:48 AM)
[2026.08.26-21.17.48:165][ 42]LogPlayLevel: Creating play world package: /Game/Brackeys2026/Levels/UEDPIE_0_TestLevel_Weeb
[2026.08.26-21.17.48:168][ 42]LogPlayLevel: PIE: StaticDuplicateObject took: (0.003168s)
[2026.08.26-21.17.48:168][ 42]LogAIModule: Creating AISystem for world TestLevel_Weeb
[2026.08.26-21.17.48:169][ 42]LogPlayLevel: PIE: World Init took: (0.000878s)
[2026.08.26-21.17.48:169][ 42]LogPlayLevel: PIE: Created PIE world by copying editor world from /Game/Brackeys2026/Levels/TestLevel_Weeb.TestLevel_Weeb to /Game/Brackeys2026/Levels/UEDPIE_0_TestLevel_Weeb.TestLevel_Weeb (0.004204s)
[2026.08.26-21.17.48:203][ 42]LogUObjectHash: Compacting FUObjectHashTables data took   3.04ms
[2026.08.26-21.17.48:203][ 42]LogAudio: Display: Creating Audio Device:                 Id: 50, Scope: Unique, Realtime: True
[2026.08.26-21.17.48:203][ 42]LogAudioMixer: Display: Audio Mixer Platform Settings:
[2026.08.26-21.17.48:203][ 42]LogAudioMixer: Display: 	Sample Rate:						  48000
[2026.08.26-21.17.48:203][ 42]LogAudioMixer: Display: 	Callback Buffer Frame Size Requested: 1024
[2026.08.26-21.17.48:203][ 42]LogAudioMixer: Display: 	Callback Buffer Frame Size To Use:	  1024
[2026.08.26-21.17.48:203][ 42]LogAudioMixer: Display: 	Number of buffers to queue:			  2
[2026.08.26-21.17.48:203][ 42]LogAudioMixer: Display: 	Max Channels (voices):				  32
[2026.08.26-21.17.48:203][ 42]LogAudioMixer: Display: 	Number of Async Source Workers:		  0
[2026.08.26-21.17.48:203][ 42]LogAudio: Display: AudioDevice MaxSources: 32
[2026.08.26-21.17.48:203][ 42]LogAudio: Display: Audio Spatialization Plugin: None (built-in).
[2026.08.26-21.17.48:204][ 42]LogAudio: Display: Audio Reverb Plugin: None (built-in).
[2026.08.26-21.17.48:204][ 42]LogAudio: Display: Audio Occlusion Plugin: None (built-in).
[2026.08.26-21.17.48:204][ 42]LogAudioMixer: Display: Initializing audio mixer.
[2026.08.26-21.17.48:209][ 42]LogAudioMixer: Display: 0: FrontLeft
[2026.08.26-21.17.48:209][ 42]LogAudioMixer: Display: 1: FrontRight
[2026.08.26-21.17.48:221][ 42]LogAudioMixer: Display: Using Audio Device Realtek HD Audio 2nd output (Realtek(R) Audio)
[2026.08.26-21.17.48:221][ 42]LogAudioMixer: Display: Initializing Sound Submixes...
[2026.08.26-21.17.48:221][ 42]LogAudioMixer: Display: Creating Master Submix 'MasterSubmixDefault'
[2026.08.26-21.17.48:221][ 42]LogAudioMixer: Display: Creating Master Submix 'MasterReverbSubmixDefault'
[2026.08.26-21.17.48:221][ 42]LogAudioMixer: Display: Creating Master Submix 'MasterEQSubmixDefault'
[2026.08.26-21.17.48:221][ 42]LogAudioMixer: FMixerPlatformXAudio2::StartAudioStream() called
[2026.08.26-21.17.48:221][ 42]LogAudioMixer: Display: Output buffers initialized: Frames=1024, Channels=2, Samples=2048
[2026.08.26-21.17.48:222][ 42]LogAudioMixer: Display: Starting AudioMixerPlatformInterface::RunInternal()
[2026.08.26-21.17.48:222][ 42]LogAudioMixer: Display: FMixerPlatformXAudio2::SubmitBuffer() called for the first time
[2026.08.26-21.17.48:222][ 42]LogInit: FAudioDevice initialized.
[2026.08.26-21.17.48:222][ 42]LogAudio: Display: Audio Device (ID: 50) registered with world 'TestLevel_Weeb'.
[2026.08.26-21.17.48:245][ 42]LogSlate: Updating window title bar state: overlay mode, drag disabled, window buttons hidden, title bar hidden
[2026.08.26-21.17.48:245][ 42]LogLoad: Game class is 'BrackeysGameMode_C'
[2026.08.26-21.17.48:246][ 42]LogWorld: Bringing World /Game/Brackeys2026/Levels/UEDPIE_0_TestLevel_Weeb.TestLevel_Weeb up for play (max tick rate 0) at 2026.08.26-14.17.48
[2026.08.26-21.17.48:247][ 42]LogWorld: Bringing up level for play took: 0.000697
[2026.08.26-21.17.48:247][ 42]LogOnline: OSS: Creating online subsystem instance for: :Context_62
[2026.08.26-21.17.48:252][ 42]PIE: Server logged in
[2026.08.26-21.17.48:253][ 42]PIE: Play in editor total start time 0.091 seconds.
[2026.08.26-21.17.53:982][710]LogSlate: Updating window title bar state: overlay mode, drag disabled, window buttons hidden, title bar hidden
[2026.08.26-21.17.53:982][710]LogWorld: BeginTearingDown for /Game/Brackeys2026/Levels/UEDPIE_0_TestLevel_Weeb
[2026.08.26-21.17.53:982][710]LogSlate: Window 'BrackeysJam2026 Preview [NetMode: Standalone]  (64-bit/Windows) ' being destroyed
[2026.08.26-21.17.53:987][710]LogWorld: UWorld::CleanupWorld for TestLevel_Weeb, bSessionEnded=true, bCleanupResources=true
[2026.08.26-21.17.53:988][710]LogSlate: InvalidateAllWidgets triggered.  All widgets were invalidated
[2026.08.26-21.17.53:998][710]LogPlayLevel: Display: Shutting down PIE online subsystems
[2026.08.26-21.17.54:008][710]LogSlate: InvalidateAllWidgets triggered.  All widgets were invalidated
[2026.08.26-21.17.54:038][710]LogAudio: Display: Audio Device unregistered from world 'None'.
[2026.08.26-21.17.54:038][710]LogAudioMixer: FMixerPlatformXAudio2::StopAudioStream() called
[2026.08.26-21.17.54:040][710]LogAudioMixer: FMixerPlatformXAudio2::StopAudioStream() called
[2026.08.26-21.17.54:045][710]LogUObjectHash: Compacting FUObjectHashTables data took   2.34ms
[2026.08.26-21.17.54:073][711]LogPlayLevel: Display: Destroying online subsystem :Context_62
[2026.08.26-21.17.55:447][858]LogTemp: Repeating last play command: Selected Viewport
[2026.08.26-21.17.55:457][858]LogPlayLevel: PlayLevel: No blueprints needed recompiling
[2026.08.26-21.17.55:457][858]PIE: New page: PIE session: TestLevel_Weeb (Aug 26, 2026, 7:17:55 AM)
[2026.08.26-21.17.55:489][858]LogPlayLevel: Creating play world package: /Game/Brackeys2026/Levels/UEDPIE_0_TestLevel_Weeb
[2026.08.26-21.17.55:491][858]LogPlayLevel: PIE: StaticDuplicateObject took: (0.002235s)
[2026.08.26-21.17.55:492][858]LogAIModule: Creating AISystem for world TestLevel_Weeb
[2026.08.26-21.17.55:492][858]LogPlayLevel: PIE: World Init took: (0.000892s)
[2026.08.26-21.17.55:492][858]LogPlayLevel: PIE: Created PIE world by copying editor world from /Game/Brackeys2026/Levels/TestLevel_Weeb.TestLevel_Weeb to /Game/Brackeys2026/Levels/UEDPIE_0_TestLevel_Weeb.TestLevel_Weeb (0.003367s)
[2026.08.26-21.17.55:525][858]LogUObjectHash: Compacting FUObjectHashTables data took   2.34ms
[2026.08.26-21.17.55:526][858]LogAudio: Display: Creating Audio Device:                 Id: 51, Scope: Unique, Realtime: True
[2026.08.26-21.17.55:526][858]LogAudioMixer: Display: Audio Mixer Platform Settings:
[2026.08.26-21.17.55:526][858]LogAudioMixer: Display: 	Sample Rate:						  48000
[2026.08.26-21.17.55:526][858]LogAudioMixer: Display: 	Callback Buffer Frame Size Requested: 1024
[2026.08.26-21.17.55:526][858]LogAudioMixer: Display: 	Callback Buffer Frame Size To Use:	  1024
[2026.08.26-21.17.55:526][858]LogAudioMixer: Display: 	Number of buffers to queue:			  2
[2026.08.26-21.17.55:526][858]LogAudioMixer: Display: 	Max Channels (voices):				  32
[2026.08.26-21.17.55:526][858]LogAudioMixer: Display: 	Number of Async Source Workers:		  0
[2026.08.26-21.17.55:526][858]LogAudio: Display: AudioDevice MaxSources: 32
[2026.08.26-21.17.55:526][858]LogAudio: Display: Audio Spatialization Plugin: None (built-in).
[2026.08.26-21.17.55:526][858]LogAudio: Display: Audio Reverb Plugin: None (built-in).
[2026.08.26-21.17.55:526][858]LogAudio: Display: Audio Occlusion Plugin: None (built-in).
[2026.08.26-21.17.55:526][858]LogAudioMixer: Display: Initializing audio mixer.
[2026.08.26-21.17.55:532][858]LogAudioMixer: Display: 0: FrontLeft
[2026.08.26-21.17.55:532][858]LogAudioMixer: Display: 1: FrontRight
[2026.08.26-21.17.55:546][858]LogAudioMixer: Display: Using Audio Device Realtek HD Audio 2nd output (Realtek(R) Audio)
[2026.08.26-21.17.55:546][858]LogAudioMixer: Display: Initializing Sound Submixes...
[2026.08.26-21.17.55:546][858]LogAudioMixer: Display: Creating Master Submix 'MasterSubmixDefault'
[2026.08.26-21.17.55:546][858]LogAudioMixer: Display: Creating Master Submix 'MasterReverbSubmixDefault'
[2026.08.26-21.17.55:546][858]LogAudioMixer: Display: Creating Master Submix 'MasterEQSubmixDefault'
[2026.08.26-21.17.55:546][858]LogAudioMixer: FMixerPlatformXAudio2::StartAudioStream() called
[2026.08.26-21.17.55:546][858]LogAudioMixer: Display: Output buffers initialized: Frames=1024, Channels=2, Samples=2048
[2026.08.26-21.17.55:548][858]LogAudioMixer: Display: Starting AudioMixerPlatformInterface::RunInternal()
[2026.08.26-21.17.55:548][858]LogAudioMixer: Display: FMixerPlatformXAudio2::SubmitBuffer() called for the first time
[2026.08.26-21.17.55:548][858]LogInit: FAudioDevice initialized.
[2026.08.26-21.17.55:548][858]LogAudio: Display: Audio Device (ID: 51) registered with world 'TestLevel_Weeb'.
[2026.08.26-21.17.55:558][858]LogLoad: Game class is 'BrackeysGameMode_C'
[2026.08.26-21.17.55:558][858]LogWorld: Bringing World /Game/Brackeys2026/Levels/UEDPIE_0_TestLevel_Weeb.TestLevel_Weeb up for play (max tick rate 0) at 2026.08.26-14.17.55
[2026.08.26-21.17.55:559][858]LogWorld: Bringing up level for play took: 0.000684
[2026.08.26-21.17.55:559][858]LogOnline: OSS: Creating online subsystem instance for: :Context_63
[2026.08.26-21.17.55:563][858]PIE: Server logged in
[2026.08.26-21.17.55:564][858]PIE: Play in editor total start time 0.111 seconds.
[2026.08.26-21.18.04:442][918]LogSlate: Updating window title bar state: overlay mode, drag disabled, window buttons hidden, title bar hidden
[2026.08.26-21.18.04:442][918]LogWorld: BeginTearingDown for /Game/Brackeys2026/Levels/UEDPIE_0_TestLevel_Weeb
[2026.08.26-21.18.04:443][918]LogWorld: UWorld::CleanupWorld for TestLevel_Weeb, bSessionEnded=true, bCleanupResources=true
[2026.08.26-21.18.04:443][918]LogSlate: InvalidateAllWidgets triggered.  All widgets were invalidated
[2026.08.26-21.18.04:455][918]LogPlayLevel: Display: Shutting down PIE online subsystems
[2026.08.26-21.18.04:466][918]LogSlate: InvalidateAllWidgets triggered.  All widgets were invalidated
[2026.08.26-21.18.04:496][918]LogSlate: Updating window title bar state: overlay mode, drag disabled, window buttons hidden, title bar hidden
[2026.08.26-21.18.04:497][918]LogAudioMixer: FMixerPlatformXAudio2::StopAudioStream() called
[2026.08.26-21.18.04:498][918]LogAudioMixer: FMixerPlatformXAudio2::StopAudioStream() called
[2026.08.26-21.18.04:503][918]LogUObjectHash: Compacting FUObjectHashTables data took   2.17ms
[2026.08.26-21.18.04:520][919]LogPlayLevel: Display: Destroying online subsystem :Context_63
[2026.08.26-21.18.21:512][841]BlueprintLog: New page: Compile BP_Revolver
[2026.08.26-21.18.21:605][841]LogUObjectHash: Compacting FUObjectHashTables data took   2.51ms
[2026.08.26-21.18.22:078][873]LogSavePackage: Moving 'E:/_Alex's Data/Unreal Engine/Unreal Projects/Brackeys2026/Brackeys-2026/BrackeysJam2026/Saved/BP_Revolver836E85744C6246604D92EEB92D507C9A.tmp' to 'E:/_Alex's Data/Unreal Engine/Unreal Projects/Brackeys2026/Brackeys-2026/BrackeysJam2026/Content/Brackeys2026/Objects/Revolver/BP_Revolver.uasset'
[2026.08.26-21.18.22:103][873]AssetCheck: New page: Asset Save: BP_Revolver
[2026.08.26-21.18.22:104][873]LogContentValidation: Display: Validating Blueprint /Game/Brackeys2026/Objects/Revolver/BP_Revolver.BP_Revolver
[2026.08.26-21.18.28:997][650]LogTemp: Repeating last play command: Selected Viewport
[2026.08.26-21.18.29:005][650]LogPlayLevel: PlayLevel: No blueprints needed recompiling
[2026.08.26-21.18.29:005][650]PIE: New page: PIE session: TestLevel_Weeb (Aug 26, 2026, 7:18:29 AM)
[2026.08.26-21.18.29:029][650]LogPlayLevel: Creating play world package: /Game/Brackeys2026/Levels/UEDPIE_0_TestLevel_Weeb
[2026.08.26-21.18.29:032][650]LogPlayLevel: PIE: StaticDuplicateObject took: (0.003690s)
[2026.08.26-21.18.29:033][650]LogAIModule: Creating AISystem for world TestLevel_Weeb
[2026.08.26-21.18.29:035][650]LogPlayLevel: PIE: World Init took: (0.001486s)
[2026.08.26-21.18.29:035][650]LogPlayLevel: PIE: Created PIE world by copying editor world from /Game/Brackeys2026/Levels/TestLevel_Weeb.TestLevel_Weeb to /Game/Brackeys2026/Levels/UEDPIE_0_TestLevel_Weeb.TestLevel_Weeb (0.005420s)
[2026.08.26-21.18.29:069][650]LogUObjectHash: Compacting FUObjectHashTables data took   3.02ms
[2026.08.26-21.18.29:070][650]LogAudio: Display: Creating Audio Device:                 Id: 52, Scope: Unique, Realtime: True
[2026.08.26-21.18.29:070][650]LogAudioMixer: Display: Audio Mixer Platform Settings:
[2026.08.26-21.18.29:070][650]LogAudioMixer: Display: 	Sample Rate:						  48000
[2026.08.26-21.18.29:070][650]LogAudioMixer: Display: 	Callback Buffer Frame Size Requested: 1024
[2026.08.26-21.18.29:070][650]LogAudioMixer: Display: 	Callback Buffer Frame Size To Use:	  1024
[2026.08.26-21.18.29:070][650]LogAudioMixer: Display: 	Number of buffers to queue:			  2
[2026.08.26-21.18.29:070][650]LogAudioMixer: Display: 	Max Channels (voices):				  32
[2026.08.26-21.18.29:070][650]LogAudioMixer: Display: 	Number of Async Source Workers:		  0
[2026.08.26-21.18.29:070][650]LogAudio: Display: AudioDevice MaxSources: 32
[2026.08.26-21.18.29:070][650]LogAudio: Display: Audio Spatialization Plugin: None (built-in).
[2026.08.26-21.18.29:070][650]LogAudio: Display: Audio Reverb Plugin: None (built-in).
[2026.08.26-21.18.29:070][650]LogAudio: Display: Audio Occlusion Plugin: None (built-in).
[2026.08.26-21.18.29:071][650]LogAudioMixer: Display: Initializing audio mixer.
[2026.08.26-21.18.29:075][650]LogAudioMixer: Display: 0: FrontLeft
[2026.08.26-21.18.29:075][650]LogAudioMixer: Display: 1: FrontRight
[2026.08.26-21.18.29:088][650]LogAudioMixer: Display: Using Audio Device Realtek HD Audio 2nd output (Realtek(R) Audio)
[2026.08.26-21.18.29:088][650]LogAudioMixer: Display: Initializing Sound Submixes...
[2026.08.26-21.18.29:088][650]LogAudioMixer: Display: Creating Master Submix 'MasterSubmixDefault'
[2026.08.26-21.18.29:088][650]LogAudioMixer: Display: Creating Master Submix 'MasterReverbSubmixDefault'
[2026.08.26-21.18.29:088][650]LogAudioMixer: Display: Creating Master Submix 'MasterEQSubmixDefault'
[2026.08.26-21.18.29:088][650]LogAudioMixer: FMixerPlatformXAudio2::StartAudioStream() called
[2026.08.26-21.18.29:088][650]LogAudioMixer: Display: Output buffers initialized: Frames=1024, Channels=2, Samples=2048
[2026.08.26-21.18.29:090][650]LogAudioMixer: Display: Starting AudioMixerPlatformInterface::RunInternal()
[2026.08.26-21.18.29:090][650]LogAudioMixer: Display: FMixerPlatformXAudio2::SubmitBuffer() called for the first time
[2026.08.26-21.18.29:090][650]LogInit: FAudioDevice initialized.
[2026.08.26-21.18.29:090][650]LogAudio: Display: Audio Device (ID: 52) registered with world 'TestLevel_Weeb'.
[2026.08.26-21.18.29:099][650]LogLoad: Game class is 'BrackeysGameMode_C'
[2026.08.26-21.18.29:100][650]LogWorld: Bringing World /Game/Brackeys2026/Levels/UEDPIE_0_TestLevel_Weeb.TestLevel_Weeb up for play (max tick rate 0) at 2026.08.26-14.18.29
[2026.08.26-21.18.29:100][650]LogWorld: Bringing up level for play took: 0.000741
[2026.08.26-21.18.29:100][650]LogOnline: OSS: Creating online subsystem instance for: :Context_64
[2026.08.26-21.18.29:105][650]PIE: Server logged in
[2026.08.26-21.18.29:105][650]PIE: Play in editor total start time 0.103 seconds.
[2026.08.26-21.18.42:263][134]LogSlate: Updating window title bar state: overlay mode, drag disabled, window buttons hidden, title bar hidden
[2026.08.26-21.18.42:263][134]LogWorld: BeginTearingDown for /Game/Brackeys2026/Levels/UEDPIE_0_TestLevel_Weeb
[2026.08.26-21.18.42:263][134]LogWorld: UWorld::CleanupWorld for TestLevel_Weeb, bSessionEnded=true, bCleanupResources=true
[2026.08.26-21.18.42:263][134]LogSlate: InvalidateAllWidgets triggered.  All widgets were invalidated
[2026.08.26-21.18.42:285][134]LogPlayLevel: Display: Shutting down PIE online subsystems
[2026.08.26-21.18.42:294][134]LogSlate: InvalidateAllWidgets triggered.  All widgets were invalidated
[2026.08.26-21.18.42:328][134]LogAudio: Display: Audio Device unregistered from world 'None'.
[2026.08.26-21.18.42:328][134]LogAudioMixer: FMixerPlatformXAudio2::StopAudioStream() called
[2026.08.26-21.18.42:330][134]LogAudioMixer: FMixerPlatformXAudio2::StopAudioStream() called
[2026.08.26-21.18.42:332][134]LogSlate: Updating window title bar state: overlay mode, drag disabled, window buttons hidden, title bar hidden
[2026.08.26-21.18.42:336][134]LogUObjectHash: Compacting FUObjectHashTables data took   2.30ms
[2026.08.26-21.18.42:354][135]LogPlayLevel: Display: Destroying online subsystem :Context_64
[2026.08.26-21.18.58:029][920]BlueprintLog: New page: Compile BP_Player
[2026.08.26-21.18.58:098][920]LogUObjectHash: Compacting FUObjectHashTables data took   3.19ms
[2026.08.26-21.19.00:379][163]BlueprintLog: New page: Compile BP_Player
[2026.08.26-21.19.00:442][163]LogUObjectHash: Compacting FUObjectHashTables data took   3.41ms
[2026.08.26-21.19.00:833][191]LogSavePackage: Moving 'E:/_Alex's Data/Unreal Engine/Unreal Projects/Brackeys2026/Brackeys-2026/BrackeysJam2026/Saved/BP_Player2EC6ADF748704E7649693E81BA912559.tmp' to 'E:/_Alex's Data/Unreal Engine/Unreal Projects/Brackeys2026/Brackeys-2026/BrackeysJam2026/Content/Brackeys2026/Characters/Player/BP_Player.uasset'
[2026.08.26-21.19.00:860][191]AssetCheck: New page: Asset Save: BP_Player
[2026.08.26-21.19.00:860][191]LogContentValidation: Display: Validating Blueprint /Game/Brackeys2026/Characters/Player/BP_Player.BP_Player
[2026.08.26-21.19.01:405][255]LogTemp: Repeating last play command: Selected Viewport
[2026.08.26-21.19.01:413][255]LogPlayLevel: PlayLevel: No blueprints needed recompiling
[2026.08.26-21.19.01:413][255]PIE: New page: PIE session: TestLevel_Weeb (Aug 26, 2026, 7:19:01 AM)
[2026.08.26-21.19.01:413][255]LogPlayLevel: Creating play world package: /Game/Brackeys2026/Levels/UEDPIE_0_TestLevel_Weeb
[2026.08.26-21.19.01:415][255]LogPlayLevel: PIE: StaticDuplicateObject took: (0.001885s)
[2026.08.26-21.19.01:415][255]LogAIModule: Creating AISystem for world TestLevel_Weeb
[2026.08.26-21.19.01:416][255]LogPlayLevel: PIE: World Init took: (0.000771s)
[2026.08.26-21.19.01:416][255]LogPlayLevel: PIE: Created PIE world by copying editor world from /Game/Brackeys2026/Levels/TestLevel_Weeb.TestLevel_Weeb to /Game/Brackeys2026/Levels/UEDPIE_0_TestLevel_Weeb.TestLevel_Weeb (0.002771s)
[2026.08.26-21.19.01:451][255]LogUObjectHash: Compacting FUObjectHashTables data took   2.96ms
[2026.08.26-21.19.01:452][255]LogAudio: Display: Creating Audio Device:                 Id: 53, Scope: Unique, Realtime: True
[2026.08.26-21.19.01:452][255]LogAudioMixer: Display: Audio Mixer Platform Settings:
[2026.08.26-21.19.01:452][255]LogAudioMixer: Display: 	Sample Rate:						  48000
[2026.08.26-21.19.01:453][255]LogAudioMixer: Display: 	Callback Buffer Frame Size Requested: 1024
[2026.08.26-21.19.01:453][255]LogAudioMixer: Display: 	Callback Buffer Frame Size To Use:	  1024
[2026.08.26-21.19.01:453][255]LogAudioMixer: Display: 	Number of buffers to queue:			  2
[2026.08.26-21.19.01:453][255]LogAudioMixer: Display: 	Max Channels (voices):				  32
[2026.08.26-21.19.01:453][255]LogAudioMixer: Display: 	Number of Async Source Workers:		  0
[2026.08.26-21.19.01:453][255]LogAudio: Display: AudioDevice MaxSources: 32
[2026.08.26-21.19.01:453][255]LogAudio: Display: Audio Spatialization Plugin: None (built-in).
[2026.08.26-21.19.01:453][255]LogAudio: Display: Audio Reverb Plugin: None (built-in).
[2026.08.26-21.19.01:453][255]LogAudio: Display: Audio Occlusion Plugin: None (built-in).
[2026.08.26-21.19.01:453][255]LogAudioMixer: Display: Initializing audio mixer.
[2026.08.26-21.19.01:458][255]LogAudioMixer: Display: 0: FrontLeft
[2026.08.26-21.19.01:458][255]LogAudioMixer: Display: 1: FrontRight
[2026.08.26-21.19.01:470][255]LogAudioMixer: Display: Using Audio Device Realtek HD Audio 2nd output (Realtek(R) Audio)
[2026.08.26-21.19.01:471][255]LogAudioMixer: Display: Initializing Sound Submixes...
[2026.08.26-21.19.01:471][255]LogAudioMixer: Display: Creating Master Submix 'MasterSubmixDefault'
[2026.08.26-21.19.01:471][255]LogAudioMixer: Display: Creating Master Submix 'MasterReverbSubmixDefault'
[2026.08.26-21.19.01:471][255]LogAudioMixer: Display: Creating Master Submix 'MasterEQSubmixDefault'
[2026.08.26-21.19.01:471][255]LogAudioMixer: FMixerPlatformXAudio2::StartAudioStream() called
[2026.08.26-21.19.01:471][255]LogAudioMixer: Display: Output buffers initialized: Frames=1024, Channels=2, Samples=2048
[2026.08.26-21.19.01:472][255]LogAudioMixer: Display: Starting AudioMixerPlatformInterface::RunInternal()
[2026.08.26-21.19.01:472][255]LogAudioMixer: Display: FMixerPlatformXAudio2::SubmitBuffer() called for the first time
[2026.08.26-21.19.01:472][255]LogInit: FAudioDevice initialized.
[2026.08.26-21.19.01:472][255]LogAudio: Display: Audio Device (ID: 53) registered with world 'TestLevel_Weeb'.
[2026.08.26-21.19.01:513][255]LogSlate: Updating window title bar state: overlay mode, drag disabled, window buttons hidden, title bar hidden
[2026.08.26-21.19.01:513][255]LogLoad: Game class is 'BrackeysGameMode_C'
[2026.08.26-21.19.01:514][255]LogWorld: Bringing World /Game/Brackeys2026/Levels/UEDPIE_0_TestLevel_Weeb.TestLevel_Weeb up for play (max tick rate 0) at 2026.08.26-14.19.01
[2026.08.26-21.19.01:515][255]LogWorld: Bringing up level for play took: 0.001091
[2026.08.26-21.19.01:515][255]LogOnline: OSS: Creating online subsystem instance for: :Context_66
[2026.08.26-21.19.01:521][255]PIE: Server logged in
[2026.08.26-21.19.01:522][255]PIE: Play in editor total start time 0.112 seconds.
[2026.08.26-21.19.03:693][506]LogSlate: Updating window title bar state: overlay mode, drag disabled, window buttons hidden, title bar hidden
[2026.08.26-21.19.03:693][506]LogWorld: BeginTearingDown for /Game/Brackeys2026/Levels/UEDPIE_0_TestLevel_Weeb
[2026.08.26-21.19.03:693][506]LogSlate: Window 'BrackeysJam2026 Preview [NetMode: Standalone]  (64-bit/Windows) ' being destroyed
[2026.08.26-21.19.03:703][506]LogWorld: UWorld::CleanupWorld for TestLevel_Weeb, bSessionEnded=true, bCleanupResources=true
[2026.08.26-21.19.03:704][506]LogSlate: InvalidateAllWidgets triggered.  All widgets were invalidated
[2026.08.26-21.19.03:715][506]LogPlayLevel: Display: Shutting down PIE online subsystems
[2026.08.26-21.19.03:727][506]LogSlate: InvalidateAllWidgets triggered.  All widgets were invalidated
[2026.08.26-21.19.03:756][506]LogAudio: Display: Audio Device unregistered from world 'None'.
[2026.08.26-21.19.03:757][506]LogAudioMixer: FMixerPlatformXAudio2::StopAudioStream() called
[2026.08.26-21.19.03:758][506]LogAudioMixer: FMixerPlatformXAudio2::StopAudioStream() called
[2026.08.26-21.19.03:763][506]LogUObjectHash: Compacting FUObjectHashTables data took   2.28ms
[2026.08.26-21.19.03:779][507]LogPlayLevel: Display: Destroying online subsystem :Context_66
[2026.08.26-21.19.04:687][596]LogTemp: Repeating last play command: Selected Viewport
[2026.08.26-21.19.04:695][596]LogPlayLevel: PlayLevel: No blueprints needed recompiling
[2026.08.26-21.19.04:695][596]PIE: New page: PIE session: TestLevel_Weeb (Aug 26, 2026, 7:19:04 AM)
[2026.08.26-21.19.04:719][596]LogPlayLevel: Creating play world package: /Game/Brackeys2026/Levels/UEDPIE_0_TestLevel_Weeb
[2026.08.26-21.19.04:721][596]LogPlayLevel: PIE: StaticDuplicateObject took: (0.002162s)
[2026.08.26-21.19.04:722][596]LogAIModule: Creating AISystem for world TestLevel_Weeb
[2026.08.26-21.19.04:722][596]LogPlayLevel: PIE: World Init took: (0.000911s)
[2026.08.26-21.19.04:722][596]LogPlayLevel: PIE: Created PIE world by copying editor world from /Game/Brackeys2026/Levels/TestLevel_Weeb.TestLevel_Weeb to /Game/Brackeys2026/Levels/UEDPIE_0_TestLevel_Weeb.TestLevel_Weeb (0.003265s)
[2026.08.26-21.19.04:755][596]LogUObjectHash: Compacting FUObjectHashTables data took   2.42ms
[2026.08.26-21.19.04:756][596]LogAudio: Display: Creating Audio Device:                 Id: 54, Scope: Unique, Realtime: True
[2026.08.26-21.19.04:756][596]LogAudioMixer: Display: Audio Mixer Platform Settings:
[2026.08.26-21.19.04:756][596]LogAudioMixer: Display: 	Sample Rate:						  48000
[2026.08.26-21.19.04:757][596]LogAudioMixer: Display: 	Callback Buffer Frame Size Requested: 1024
[2026.08.26-21.19.04:757][596]LogAudioMixer: Display: 	Callback Buffer Frame Size To Use:	  1024
[2026.08.26-21.19.04:757][596]LogAudioMixer: Display: 	Number of buffers to queue:			  2
[2026.08.26-21.19.04:757][596]LogAudioMixer: Display: 	Max Channels (voices):				  32
[2026.08.26-21.19.04:757][596]LogAudioMixer: Display: 	Number of Async Source Workers:		  0
[2026.08.26-21.19.04:757][596]LogAudio: Display: AudioDevice MaxSources: 32
[2026.08.26-21.19.04:757][596]LogAudio: Display: Audio Spatialization Plugin: None (built-in).
[2026.08.26-21.19.04:757][596]LogAudio: Display: Audio Reverb Plugin: None (built-in).
[2026.08.26-21.19.04:757][596]LogAudio: Display: Audio Occlusion Plugin: None (built-in).
[2026.08.26-21.19.04:757][596]LogAudioMixer: Display: Initializing audio mixer.
[2026.08.26-21.19.04:761][596]LogAudioMixer: Display: 0: FrontLeft
[2026.08.26-21.19.04:761][596]LogAudioMixer: Display: 1: FrontRight
[2026.08.26-21.19.04:775][596]LogAudioMixer: Display: Using Audio Device Realtek HD Audio 2nd output (Realtek(R) Audio)
[2026.08.26-21.19.04:776][596]LogAudioMixer: Display: Initializing Sound Submixes...
[2026.08.26-21.19.04:776][596]LogAudioMixer: Display: Creating Master Submix 'MasterSubmixDefault'
[2026.08.26-21.19.04:776][596]LogAudioMixer: Display: Creating Master Submix 'MasterReverbSubmixDefault'
[2026.08.26-21.19.04:776][596]LogAudioMixer: Display: Creating Master Submix 'MasterEQSubmixDefault'
[2026.08.26-21.19.04:776][596]LogAudioMixer: FMixerPlatformXAudio2::StartAudioStream() called
[2026.08.26-21.19.04:776][596]LogAudioMixer: Display: Output buffers initialized: Frames=1024, Channels=2, Samples=2048
[2026.08.26-21.19.04:778][596]LogAudioMixer: Display: Starting AudioMixerPlatformInterface::RunInternal()
[2026.08.26-21.19.04:778][596]LogAudioMixer: Display: FMixerPlatformXAudio2::SubmitBuffer() called for the first time
[2026.08.26-21.19.04:778][596]LogInit: FAudioDevice initialized.
[2026.08.26-21.19.04:778][596]LogAudio: Display: Audio Device (ID: 54) registered with world 'TestLevel_Weeb'.
[2026.08.26-21.19.04:789][596]LogLoad: Game class is 'BrackeysGameMode_C'
[2026.08.26-21.19.04:791][596]LogWorld: Bringing World /Game/Brackeys2026/Levels/UEDPIE_0_TestLevel_Weeb.TestLevel_Weeb up for play (max tick rate 0) at 2026.08.26-14.19.04
[2026.08.26-21.19.04:791][596]LogWorld: Bringing up level for play took: 0.001069
[2026.08.26-21.19.04:791][596]LogOnline: OSS: Creating online subsystem instance for: :Context_67
[2026.08.26-21.19.04:796][596]PIE: Server logged in
[2026.08.26-21.19.04:798][596]PIE: Play in editor total start time 0.105 seconds.
[2026.08.26-21.19.09:097][105]LogBlueprintUserMessages: [BP_Revolver_2] 6.5
[2026.08.26-21.19.15:362][756]LogSlate: Updating window title bar state: overlay mode, drag disabled, window buttons hidden, title bar hidden
[2026.08.26-21.19.15:362][756]LogWorld: BeginTearingDown for /Game/Brackeys2026/Levels/UEDPIE_0_TestLevel_Weeb
[2026.08.26-21.19.15:362][756]LogWorld: UWorld::CleanupWorld for TestLevel_Weeb, bSessionEnded=true, bCleanupResources=true
[2026.08.26-21.19.15:362][756]LogSlate: InvalidateAllWidgets triggered.  All widgets were invalidated
[2026.08.26-21.19.15:376][756]LogPlayLevel: Display: Shutting down PIE online subsystems
[2026.08.26-21.19.15:384][756]LogSlate: InvalidateAllWidgets triggered.  All widgets were invalidated
[2026.08.26-21.19.15:415][756]LogSlate: Updating window title bar state: overlay mode, drag disabled, window buttons hidden, title bar hidden
[2026.08.26-21.19.15:415][756]LogAudioMixer: FMixerPlatformXAudio2::StopAudioStream() called
[2026.08.26-21.19.15:417][756]LogAudioMixer: FMixerPlatformXAudio2::StopAudioStream() called
[2026.08.26-21.19.15:422][756]LogUObjectHash: Compacting FUObjectHashTables data took   2.13ms
[2026.08.26-21.19.15:440][757]LogPlayLevel: Display: Destroying online subsystem :Context_67
[2026.08.26-21.19.35:438][ 92]BlueprintLog: New page: Compile BP_Player
[2026.08.26-21.19.35:507][ 92]LogUObjectHash: Compacting FUObjectHashTables data took   3.19ms
[2026.08.26-21.19.35:964][129]LogSavePackage: Moving 'E:/_Alex's Data/Unreal Engine/Unreal Projects/Brackeys2026/Brackeys-2026/BrackeysJam2026/Saved/BP_PlayerB90870134CF5930A2BA76DB67251554D.tmp' to 'E:/_Alex's Data/Unreal Engine/Unreal Projects/Brackeys2026/Brackeys-2026/BrackeysJam2026/Content/Brackeys2026/Characters/Player/BP_Player.uasset'
[2026.08.26-21.19.35:988][129]AssetCheck: New page: Asset Save: BP_Player
[2026.08.26-21.19.35:988][129]LogContentValidation: Display: Validating Blueprint /Game/Brackeys2026/Characters/Player/BP_Player.BP_Player
[2026.08.26-21.19.36:909][236]LogEditorTransaction: Undo Remove Components
[2026.08.26-21.19.37:315][247]LogEditorTransaction: Undo Modify Component(s)
[2026.08.26-21.19.39:902][538]LogEditorTransaction: Undo Remove Components
[2026.08.26-21.19.40:248][576]LogEditorTransaction: Undo Modify Component(s)
[2026.08.26-21.19.40:679][624]LogEditorTransaction: Undo Add Component
[2026.08.26-21.20.15:148][603]LogEditorTransaction: Undo Modify Component(s)
[2026.08.26-21.20.35:928][489]BlueprintLog: New page: Compile BP_Player
[2026.08.26-21.20.35:997][489]LogUObjectHash: Compacting FUObjectHashTables data took   3.57ms
[2026.08.26-21.20.36:367][518]LogSavePackage: Moving 'E:/_Alex's Data/Unreal Engine/Unreal Projects/Brackeys2026/Brackeys-2026/BrackeysJam2026/Saved/BP_Player7202132941C40A47991A6293749E46BB.tmp' to 'E:/_Alex's Data/Unreal Engine/Unreal Projects/Brackeys2026/Brackeys-2026/BrackeysJam2026/Content/Brackeys2026/Characters/Player/BP_Player.uasset'
[2026.08.26-21.20.36:394][518]AssetCheck: New page: Asset Save: BP_Player
[2026.08.26-21.20.36:395][518]LogContentValidation: Display: Validating Blueprint /Game/Brackeys2026/Characters/Player/BP_Player.BP_Player
[2026.08.26-21.20.37:346][627]LogTemp: Repeating last play command: Selected Viewport
[2026.08.26-21.20.37:353][627]LogPlayLevel: PlayLevel: No blueprints needed recompiling
[2026.08.26-21.20.37:353][627]PIE: New page: PIE session: TestLevel_Weeb (Aug 26, 2026, 7:20:37 AM)
[2026.08.26-21.20.37:353][627]LogPlayLevel: Creating play world package: /Game/Brackeys2026/Levels/UEDPIE_0_TestLevel_Weeb
[2026.08.26-21.20.37:355][627]LogPlayLevel: PIE: StaticDuplicateObject took: (0.002083s)
[2026.08.26-21.20.37:356][627]LogAIModule: Creating AISystem for world TestLevel_Weeb
[2026.08.26-21.20.37:357][627]LogPlayLevel: PIE: World Init took: (0.001378s)
[2026.08.26-21.20.37:357][627]LogPlayLevel: PIE: Created PIE world by copying editor world from /Game/Brackeys2026/Levels/TestLevel_Weeb.TestLevel_Weeb to /Game/Brackeys2026/Levels/UEDPIE_0_TestLevel_Weeb.TestLevel_Weeb (0.003586s)
[2026.08.26-21.20.37:393][627]LogUObjectHash: Compacting FUObjectHashTables data took   3.04ms
[2026.08.26-21.20.37:395][627]LogAudio: Display: Creating Audio Device:                 Id: 55, Scope: Unique, Realtime: True
[2026.08.26-21.20.37:395][627]LogAudioMixer: Display: Audio Mixer Platform Settings:
[2026.08.26-21.20.37:395][627]LogAudioMixer: Display: 	Sample Rate:						  48000
[2026.08.26-21.20.37:395][627]LogAudioMixer: Display: 	Callback Buffer Frame Size Requested: 1024
[2026.08.26-21.20.37:395][627]LogAudioMixer: Display: 	Callback Buffer Frame Size To Use:	  1024
[2026.08.26-21.20.37:395][627]LogAudioMixer: Display: 	Number of buffers to queue:			  2
[2026.08.26-21.20.37:395][627]LogAudioMixer: Display: 	Max Channels (voices):				  32
[2026.08.26-21.20.37:395][627]LogAudioMixer: Display: 	Number of Async Source Workers:		  0
[2026.08.26-21.20.37:395][627]LogAudio: Display: AudioDevice MaxSources: 32
[2026.08.26-21.20.37:395][627]LogAudio: Display: Audio Spatialization Plugin: None (built-in).
[2026.08.26-21.20.37:395][627]LogAudio: Display: Audio Reverb Plugin: None (built-in).
[2026.08.26-21.20.37:395][627]LogAudio: Display: Audio Occlusion Plugin: None (built-in).
[2026.08.26-21.20.37:395][627]LogAudioMixer: Display: Initializing audio mixer.
[2026.08.26-21.20.37:399][627]LogAudioMixer: Display: 0: FrontLeft
[2026.08.26-21.20.37:399][627]LogAudioMixer: Display: 1: FrontRight
[2026.08.26-21.20.37:412][627]LogAudioMixer: Display: Using Audio Device Realtek HD Audio 2nd output (Realtek(R) Audio)
[2026.08.26-21.20.37:413][627]LogAudioMixer: Display: Initializing Sound Submixes...
[2026.08.26-21.20.37:413][627]LogAudioMixer: Display: Creating Master Submix 'MasterSubmixDefault'
[2026.08.26-21.20.37:413][627]LogAudioMixer: Display: Creating Master Submix 'MasterReverbSubmixDefault'
[2026.08.26-21.20.37:413][627]LogAudioMixer: Display: Creating Master Submix 'MasterEQSubmixDefault'
[2026.08.26-21.20.37:413][627]LogAudioMixer: FMixerPlatformXAudio2::StartAudioStream() called
[2026.08.26-21.20.37:413][627]LogAudioMixer: Display: Output buffers initialized: Frames=1024, Channels=2, Samples=2048
[2026.08.26-21.20.37:414][627]LogAudioMixer: Display: Starting AudioMixerPlatformInterface::RunInternal()
[2026.08.26-21.20.37:414][627]LogAudioMixer: Display: FMixerPlatformXAudio2::SubmitBuffer() called for the first time
[2026.08.26-21.20.37:414][627]LogInit: FAudioDevice initialized.
[2026.08.26-21.20.37:414][627]LogAudio: Display: Audio Device (ID: 55) registered with world 'TestLevel_Weeb'.
[2026.08.26-21.20.37:462][627]LogSlate: Updating window title bar state: overlay mode, drag disabled, window buttons hidden, title bar hidden
[2026.08.26-21.20.37:462][627]LogLoad: Game class is 'BrackeysGameMode_C'
[2026.08.26-21.20.37:463][627]LogWorld: Bringing World /Game/Brackeys2026/Levels/UEDPIE_0_TestLevel_Weeb.TestLevel_Weeb up for play (max tick rate 0) at 2026.08.26-14.20.37
[2026.08.26-21.20.37:463][627]LogWorld: Bringing up level for play took: 0.000741
[2026.08.26-21.20.37:463][627]LogOnline: OSS: Creating online subsystem instance for: :Context_68
[2026.08.26-21.20.37:470][627]PIE: Server logged in
[2026.08.26-21.20.37:471][627]PIE: Play in editor total start time 0.12 seconds.
[2026.08.26-21.21.08:312][317]LogSlate: Updating window title bar state: overlay mode, drag disabled, window buttons hidden, title bar hidden
[2026.08.26-21.21.08:312][317]LogWorld: BeginTearingDown for /Game/Brackeys2026/Levels/UEDPIE_0_TestLevel_Weeb
[2026.08.26-21.21.08:313][317]LogSlate: Window 'BrackeysJam2026 Preview [NetMode: Standalone]  (64-bit/Windows) ' being destroyed
[2026.08.26-21.21.08:323][317]LogWorld: UWorld::CleanupWorld for TestLevel_Weeb, bSessionEnded=true, bCleanupResources=true
[2026.08.26-21.21.08:323][317]LogSlate: InvalidateAllWidgets triggered.  All widgets were invalidated
[2026.08.26-21.21.08:336][317]LogPlayLevel: Display: Shutting down PIE online subsystems
[2026.08.26-21.21.08:346][317]LogSlate: InvalidateAllWidgets triggered.  All widgets were invalidated
[2026.08.26-21.21.08:376][317]LogAudio: Display: Audio Device unregistered from world 'None'.
[2026.08.26-21.21.08:376][317]LogAudioMixer: FMixerPlatformXAudio2::StopAudioStream() called
[2026.08.26-21.21.08:377][317]LogAudioMixer: FMixerPlatformXAudio2::StopAudioStream() called
[2026.08.26-21.21.08:383][317]LogUObjectHash: Compacting FUObjectHashTables data took   2.43ms
[2026.08.26-21.21.08:399][318]LogPlayLevel: Display: Destroying online subsystem :Context_68
[2026.08.26-21.21.10:544][573]LogEditorTransaction: Undo Modify Component(s)
[2026.08.26-21.21.11:515][641]LogEditorTransaction: Undo Modify Component(s)
[2026.08.26-21.21.12:656][777]LogEditorTransaction: Undo Remove Components
[2026.08.26-21.21.36:614][524]BlueprintLog: New page: Compile BP_Player
[2026.08.26-21.21.36:676][524]LogUObjectHash: Compacting FUObjectHashTables data took   3.24ms
[2026.08.26-21.21.37:149][565]LogSavePackage: Moving 'E:/_Alex's Data/Unreal Engine/Unreal Projects/Brackeys2026/Brackeys-2026/BrackeysJam2026/Saved/BP_Player910CD0414C8E16766B5F048E63DABEDF.tmp' to 'E:/_Alex's Data/Unreal Engine/Unreal Projects/Brackeys2026/Brackeys-2026/BrackeysJam2026/Content/Brackeys2026/Characters/Player/BP_Player.uasset'
[2026.08.26-21.21.37:176][565]AssetCheck: New page: Asset Save: BP_Player
[2026.08.26-21.21.37:176][565]LogContentValidation: Display: Validating Blueprint /Game/Brackeys2026/Characters/Player/BP_Player.BP_Player
[2026.08.26-21.21.39:687][860]BlueprintLog: New page: Compile BP_Player
[2026.08.26-21.21.39:751][860]LogUObjectHash: Compacting FUObjectHashTables data took   3.29ms
[2026.08.26-21.21.40:135][890]LogSavePackage: Moving 'E:/_Alex's Data/Unreal Engine/Unreal Projects/Brackeys2026/Brackeys-2026/BrackeysJam2026/Saved/BP_PlayerD8A283A04B10544D712ED887AC873532.tmp' to 'E:/_Alex's Data/Unreal Engine/Unreal Projects/Brackeys2026/Brackeys-2026/BrackeysJam2026/Content/Brackeys2026/Characters/Player/BP_Player.uasset'
[2026.08.26-21.21.40:162][890]AssetCheck: New page: Asset Save: BP_Player
[2026.08.26-21.21.40:163][890]LogContentValidation: Display: Validating Blueprint /Game/Brackeys2026/Characters/Player/BP_Player.BP_Player
[2026.08.26-21.21.40:638][942]LogTemp: Repeating last play command: Selected Viewport
[2026.08.26-21.21.40:647][942]LogPlayLevel: PlayLevel: No blueprints needed recompiling
[2026.08.26-21.21.40:647][942]PIE: New page: PIE session: TestLevel_Weeb (Aug 26, 2026, 7:21:40 AM)
[2026.08.26-21.21.40:647][942]LogPlayLevel: Creating play world package: /Game/Brackeys2026/Levels/UEDPIE_0_TestLevel_Weeb
[2026.08.26-21.21.40:648][942]LogPlayLevel: PIE: StaticDuplicateObject took: (0.001874s)
[2026.08.26-21.21.40:649][942]LogAIModule: Creating AISystem for world TestLevel_Weeb
[2026.08.26-21.21.40:649][942]LogPlayLevel: PIE: World Init took: (0.000810s)
[2026.08.26-21.21.40:649][942]LogPlayLevel: PIE: Created PIE world by copying editor world from /Game/Brackeys2026/Levels/TestLevel_Weeb.TestLevel_Weeb to /Game/Brackeys2026/Levels/UEDPIE_0_TestLevel_Weeb.TestLevel_Weeb (0.002801s)
[2026.08.26-21.21.40:684][942]LogUObjectHash: Compacting FUObjectHashTables data took   3.04ms
[2026.08.26-21.21.40:685][942]LogAudio: Display: Creating Audio Device:                 Id: 56, Scope: Unique, Realtime: True
[2026.08.26-21.21.40:685][942]LogAudioMixer: Display: Audio Mixer Platform Settings:
[2026.08.26-21.21.40:685][942]LogAudioMixer: Display: 	Sample Rate:						  48000
[2026.08.26-21.21.40:685][942]LogAudioMixer: Display: 	Callback Buffer Frame Size Requested: 1024
[2026.08.26-21.21.40:685][942]LogAudioMixer: Display: 	Callback Buffer Frame Size To Use:	  1024
[2026.08.26-21.21.40:685][942]LogAudioMixer: Display: 	Number of buffers to queue:			  2
[2026.08.26-21.21.40:685][942]LogAudioMixer: Display: 	Max Channels (voices):				  32
[2026.08.26-21.21.40:685][942]LogAudioMixer: Display: 	Number of Async Source Workers:		  0
[2026.08.26-21.21.40:685][942]LogAudio: Display: AudioDevice MaxSources: 32
[2026.08.26-21.21.40:686][942]LogAudio: Display: Audio Spatialization Plugin: None (built-in).
[2026.08.26-21.21.40:686][942]LogAudio: Display: Audio Reverb Plugin: None (built-in).
[2026.08.26-21.21.40:686][942]LogAudio: Display: Audio Occlusion Plugin: None (built-in).
[2026.08.26-21.21.40:686][942]LogAudioMixer: Display: Initializing audio mixer.
[2026.08.26-21.21.40:690][942]LogAudioMixer: Display: 0: FrontLeft
[2026.08.26-21.21.40:690][942]LogAudioMixer: Display: 1: FrontRight
[2026.08.26-21.21.40:703][942]LogAudioMixer: Display: Using Audio Device Realtek HD Audio 2nd output (Realtek(R) Audio)
[2026.08.26-21.21.40:703][942]LogAudioMixer: Display: Initializing Sound Submixes...
[2026.08.26-21.21.40:703][942]LogAudioMixer: Display: Creating Master Submix 'MasterSubmixDefault'
[2026.08.26-21.21.40:703][942]LogAudioMixer: Display: Creating Master Submix 'MasterReverbSubmixDefault'
[2026.08.26-21.21.40:703][942]LogAudioMixer: Display: Creating Master Submix 'MasterEQSubmixDefault'
[2026.08.26-21.21.40:703][942]LogAudioMixer: FMixerPlatformXAudio2::StartAudioStream() called
[2026.08.26-21.21.40:704][942]LogAudioMixer: Display: Output buffers initialized: Frames=1024, Channels=2, Samples=2048
[2026.08.26-21.21.40:704][942]LogAudioMixer: Display: Starting AudioMixerPlatformInterface::RunInternal()
[2026.08.26-21.21.40:705][942]LogAudioMixer: Display: FMixerPlatformXAudio2::SubmitBuffer() called for the first time
[2026.08.26-21.21.40:705][942]LogInit: FAudioDevice initialized.
[2026.08.26-21.21.40:705][942]LogAudio: Display: Audio Device (ID: 56) registered with world 'TestLevel_Weeb'.
[2026.08.26-21.21.40:745][942]LogSlate: Updating window title bar state: overlay mode, drag disabled, window buttons hidden, title bar hidden
[2026.08.26-21.21.40:745][942]LogLoad: Game class is 'BrackeysGameMode_C'
[2026.08.26-21.21.40:747][942]LogWorld: Bringing World /Game/Brackeys2026/Levels/UEDPIE_0_TestLevel_Weeb.TestLevel_Weeb up for play (max tick rate 0) at 2026.08.26-14.21.40
[2026.08.26-21.21.40:747][942]LogWorld: Bringing up level for play took: 0.000679
[2026.08.26-21.21.40:747][942]LogOnline: OSS: Creating online subsystem instance for: :Context_69
[2026.08.26-21.21.40:752][942]PIE: Server logged in
[2026.08.26-21.21.40:753][942]PIE: Play in editor total start time 0.11 seconds.
[2026.08.26-21.21.42:132][100]LogSlate: Updating window title bar state: overlay mode, drag disabled, window buttons hidden, title bar hidden
[2026.08.26-21.21.42:132][100]LogWorld: BeginTearingDown for /Game/Brackeys2026/Levels/UEDPIE_0_TestLevel_Weeb
[2026.08.26-21.21.42:133][100]LogSlate: Window 'BrackeysJam2026 Preview [NetMode: Standalone]  (64-bit/Windows) ' being destroyed
[2026.08.26-21.21.42:142][100]LogWorld: UWorld::CleanupWorld for TestLevel_Weeb, bSessionEnded=true, bCleanupResources=true
[2026.08.26-21.21.42:142][100]LogSlate: InvalidateAllWidgets triggered.  All widgets were invalidated
[2026.08.26-21.21.42:154][100]LogPlayLevel: Display: Shutting down PIE online subsystems
[2026.08.26-21.21.42:163][100]LogSlate: InvalidateAllWidgets triggered.  All widgets were invalidated
[2026.08.26-21.21.42:194][100]LogAudio: Display: Audio Device unregistered from world 'None'.
[2026.08.26-21.21.42:195][100]LogAudioMixer: FMixerPlatformXAudio2::StopAudioStream() called
[2026.08.26-21.21.42:196][100]LogAudioMixer: FMixerPlatformXAudio2::StopAudioStream() called
[2026.08.26-21.21.42:201][100]LogUObjectHash: Compacting FUObjectHashTables data took   2.22ms
[2026.08.26-21.21.42:216][101]LogPlayLevel: Display: Destroying online subsystem :Context_69
[2026.08.26-21.21.50:155][  7]BlueprintLog: New page: Compile BP_Player
[2026.08.26-21.21.50:218][  7]LogUObjectHash: Compacting FUObjectHashTables data took   2.50ms
[2026.08.26-21.21.50:616][ 41]LogSavePackage: Moving 'E:/_Alex's Data/Unreal Engine/Unreal Projects/Brackeys2026/Brackeys-2026/BrackeysJam2026/Saved/BP_PlayerA11D60D24EB3B8F466132D998447BDD4.tmp' to 'E:/_Alex's Data/Unreal Engine/Unreal Projects/Brackeys2026/Brackeys-2026/BrackeysJam2026/Content/Brackeys2026/Characters/Player/BP_Player.uasset'
[2026.08.26-21.21.50:644][ 41]AssetCheck: New page: Asset Save: BP_Player
[2026.08.26-21.21.50:644][ 41]LogContentValidation: Display: Validating Blueprint /Game/Brackeys2026/Characters/Player/BP_Player.BP_Player
[2026.08.26-21.21.51:162][ 99]LogTemp: Repeating last play command: Selected Viewport
[2026.08.26-21.21.51:170][ 99]LogPlayLevel: PlayLevel: No blueprints needed recompiling
[2026.08.26-21.21.51:170][ 99]PIE: New page: PIE session: TestLevel_Weeb (Aug 26, 2026, 7:21:51 AM)
[2026.08.26-21.21.51:170][ 99]LogPlayLevel: Creating play world package: /Game/Brackeys2026/Levels/UEDPIE_0_TestLevel_Weeb
[2026.08.26-21.21.51:173][ 99]LogPlayLevel: PIE: StaticDuplicateObject took: (0.002168s)
[2026.08.26-21.21.51:174][ 99]LogAIModule: Creating AISystem for world TestLevel_Weeb
[2026.08.26-21.21.51:174][ 99]LogPlayLevel: PIE: World Init took: (0.001492s)
[2026.08.26-21.21.51:174][ 99]LogPlayLevel: PIE: Created PIE world by copying editor world from /Game/Brackeys2026/Levels/TestLevel_Weeb.TestLevel_Weeb to /Game/Brackeys2026/Levels/UEDPIE_0_TestLevel_Weeb.TestLevel_Weeb (0.003821s)
[2026.08.26-21.21.51:210][ 99]LogUObjectHash: Compacting FUObjectHashTables data took   3.05ms
[2026.08.26-21.21.51:211][ 99]LogAudio: Display: Creating Audio Device:                 Id: 57, Scope: Unique, Realtime: True
[2026.08.26-21.21.51:211][ 99]LogAudioMixer: Display: Audio Mixer Platform Settings:
[2026.08.26-21.21.51:211][ 99]LogAudioMixer: Display: 	Sample Rate:						  48000
[2026.08.26-21.21.51:211][ 99]LogAudioMixer: Display: 	Callback Buffer Frame Size Requested: 1024
[2026.08.26-21.21.51:211][ 99]LogAudioMixer: Display: 	Callback Buffer Frame Size To Use:	  1024
[2026.08.26-21.21.51:211][ 99]LogAudioMixer: Display: 	Number of buffers to queue:			  2
[2026.08.26-21.21.51:211][ 99]LogAudioMixer: Display: 	Max Channels (voices):				  32
[2026.08.26-21.21.51:211][ 99]LogAudioMixer: Display: 	Number of Async Source Workers:		  0
[2026.08.26-21.21.51:211][ 99]LogAudio: Display: AudioDevice MaxSources: 32
[2026.08.26-21.21.51:211][ 99]LogAudio: Display: Audio Spatialization Plugin: None (built-in).
[2026.08.26-21.21.51:211][ 99]LogAudio: Display: Audio Reverb Plugin: None (built-in).
[2026.08.26-21.21.51:211][ 99]LogAudio: Display: Audio Occlusion Plugin: None (built-in).
[2026.08.26-21.21.51:211][ 99]LogAudioMixer: Display: Initializing audio mixer.
[2026.08.26-21.21.51:216][ 99]LogAudioMixer: Display: 0: FrontLeft
[2026.08.26-21.21.51:216][ 99]LogAudioMixer: Display: 1: FrontRight
[2026.08.26-21.21.51:228][ 99]LogAudioMixer: Display: Using Audio Device Realtek HD Audio 2nd output (Realtek(R) Audio)
[2026.08.26-21.21.51:228][ 99]LogAudioMixer: Display: Initializing Sound Submixes...
[2026.08.26-21.21.51:228][ 99]LogAudioMixer: Display: Creating Master Submix 'MasterSubmixDefault'
[2026.08.26-21.21.51:228][ 99]LogAudioMixer: Display: Creating Master Submix 'MasterReverbSubmixDefault'
[2026.08.26-21.21.51:228][ 99]LogAudioMixer: Display: Creating Master Submix 'MasterEQSubmixDefault'
[2026.08.26-21.21.51:228][ 99]LogAudioMixer: FMixerPlatformXAudio2::StartAudioStream() called
[2026.08.26-21.21.51:228][ 99]LogAudioMixer: Display: Output buffers initialized: Frames=1024, Channels=2, Samples=2048
[2026.08.26-21.21.51:229][ 99]LogAudioMixer: Display: Starting AudioMixerPlatformInterface::RunInternal()
[2026.08.26-21.21.51:229][ 99]LogAudioMixer: Display: FMixerPlatformXAudio2::SubmitBuffer() called for the first time
[2026.08.26-21.21.51:229][ 99]LogInit: FAudioDevice initialized.
[2026.08.26-21.21.51:229][ 99]LogAudio: Display: Audio Device (ID: 57) registered with world 'TestLevel_Weeb'.
[2026.08.26-21.21.51:279][ 99]LogSlate: Updating window title bar state: overlay mode, drag disabled, window buttons hidden, title bar hidden
[2026.08.26-21.21.51:279][ 99]LogLoad: Game class is 'BrackeysGameMode_C'
[2026.08.26-21.21.51:280][ 99]LogWorld: Bringing World /Game/Brackeys2026/Levels/UEDPIE_0_TestLevel_Weeb.TestLevel_Weeb up for play (max tick rate 0) at 2026.08.26-14.21.51
[2026.08.26-21.21.51:281][ 99]LogWorld: Bringing up level for play took: 0.000729
[2026.08.26-21.21.51:281][ 99]LogOnline: OSS: Creating online subsystem instance for: :Context_70
[2026.08.26-21.21.51:286][ 99]PIE: Server logged in
[2026.08.26-21.21.51:287][ 99]PIE: Play in editor total start time 0.12 seconds.
[2026.08.26-21.22.06:253][887]LogSlate: Updating window title bar state: overlay mode, drag disabled, window buttons hidden, title bar hidden
[2026.08.26-21.22.06:253][887]LogWorld: BeginTearingDown for /Game/Brackeys2026/Levels/UEDPIE_0_TestLevel_Weeb
[2026.08.26-21.22.06:253][887]LogSlate: Window 'BrackeysJam2026 Preview [NetMode: Standalone]  (64-bit/Windows) ' being destroyed
[2026.08.26-21.22.06:262][887]LogWorld: UWorld::CleanupWorld for TestLevel_Weeb, bSessionEnded=true, bCleanupResources=true
[2026.08.26-21.22.06:262][887]LogSlate: InvalidateAllWidgets triggered.  All widgets were invalidated
[2026.08.26-21.22.06:270][887]LogPlayLevel: Display: Shutting down PIE online subsystems
[2026.08.26-21.22.06:280][887]LogSlate: InvalidateAllWidgets triggered.  All widgets were invalidated
[2026.08.26-21.22.06:311][887]LogAudio: Display: Audio Device unregistered from world 'None'.
[2026.08.26-21.22.06:312][887]LogAudioMixer: FMixerPlatformXAudio2::StopAudioStream() called
[2026.08.26-21.22.06:313][887]LogAudioMixer: FMixerPlatformXAudio2::StopAudioStream() called
[2026.08.26-21.22.06:318][887]LogUObjectHash: Compacting FUObjectHashTables data took   2.24ms
[2026.08.26-21.22.06:332][888]LogPlayLevel: Display: Destroying online subsystem :Context_70
[2026.08.26-21.22.16:087][ 44]LogTemp: Repeating last play command: Selected Viewport
[2026.08.26-21.22.16:095][ 44]BlueprintLog: New page: Pre-Play auto-recompile
[2026.08.26-21.22.16:097][ 44]LogPlayLevel: [PlayLevel] Compiling BP_Player before play...
[2026.08.26-21.22.16:189][ 44]LogUObjectHash: Compacting FUObjectHashTables data took   3.23ms
[2026.08.26-21.22.16:192][ 44]LogPlayLevel: PlayLevel: Blueprint regeneration took 96 ms (1 blueprints)
[2026.08.26-21.22.16:192][ 44]PIE: New page: PIE session: TestLevel_Weeb (Aug 26, 2026, 7:22:16 AM)
[2026.08.26-21.22.16:192][ 44]LogPlayLevel: Creating play world package: /Game/Brackeys2026/Levels/UEDPIE_0_TestLevel_Weeb
[2026.08.26-21.22.16:194][ 44]LogPlayLevel: PIE: StaticDuplicateObject took: (0.001853s)
[2026.08.26-21.22.16:195][ 44]LogAIModule: Creating AISystem for world TestLevel_Weeb
[2026.08.26-21.22.16:195][ 44]LogPlayLevel: PIE: World Init took: (0.000780s)
[2026.08.26-21.22.16:195][ 44]LogPlayLevel: PIE: Created PIE world by copying editor world from /Game/Brackeys2026/Levels/TestLevel_Weeb.TestLevel_Weeb to /Game/Brackeys2026/Levels/UEDPIE_0_TestLevel_Weeb.TestLevel_Weeb (0.002734s)
[2026.08.26-21.22.16:227][ 44]LogUObjectHash: Compacting FUObjectHashTables data took   2.49ms
[2026.08.26-21.22.16:227][ 44]LogAudio: Display: Creating Audio Device:                 Id: 58, Scope: Unique, Realtime: True
[2026.08.26-21.22.16:227][ 44]LogAudioMixer: Display: Audio Mixer Platform Settings:
[2026.08.26-21.22.16:227][ 44]LogAudioMixer: Display: 	Sample Rate:						  48000
[2026.08.26-21.22.16:227][ 44]LogAudioMixer: Display: 	Callback Buffer Frame Size Requested: 1024
[2026.08.26-21.22.16:227][ 44]LogAudioMixer: Display: 	Callback Buffer Frame Size To Use:	  1024
[2026.08.26-21.22.16:227][ 44]LogAudioMixer: Display: 	Number of buffers to queue:			  2
[2026.08.26-21.22.16:227][ 44]LogAudioMixer: Display: 	Max Channels (voices):				  32
[2026.08.26-21.22.16:227][ 44]LogAudioMixer: Display: 	Number of Async Source Workers:		  0
[2026.08.26-21.22.16:227][ 44]LogAudio: Display: AudioDevice MaxSources: 32
[2026.08.26-21.22.16:229][ 44]LogAudio: Display: Audio Spatialization Plugin: None (built-in).
[2026.08.26-21.22.16:229][ 44]LogAudio: Display: Audio Reverb Plugin: None (built-in).
[2026.08.26-21.22.16:229][ 44]LogAudio: Display: Audio Occlusion Plugin: None (built-in).
[2026.08.26-21.22.16:229][ 44]LogAudioMixer: Display: Initializing audio mixer.
[2026.08.26-21.22.16:233][ 44]LogAudioMixer: Display: 0: FrontLeft
[2026.08.26-21.22.16:233][ 44]LogAudioMixer: Display: 1: FrontRight
[2026.08.26-21.22.16:247][ 44]LogAudioMixer: Display: Using Audio Device Realtek HD Audio 2nd output (Realtek(R) Audio)
[2026.08.26-21.22.16:247][ 44]LogAudioMixer: Display: Initializing Sound Submixes...
[2026.08.26-21.22.16:247][ 44]LogAudioMixer: Display: Creating Master Submix 'MasterSubmixDefault'
[2026.08.26-21.22.16:247][ 44]LogAudioMixer: Display: Creating Master Submix 'MasterReverbSubmixDefault'
[2026.08.26-21.22.16:247][ 44]LogAudioMixer: Display: Creating Master Submix 'MasterEQSubmixDefault'
[2026.08.26-21.22.16:247][ 44]LogAudioMixer: FMixerPlatformXAudio2::StartAudioStream() called
[2026.08.26-21.22.16:247][ 44]LogAudioMixer: Display: Output buffers initialized: Frames=1024, Channels=2, Samples=2048
[2026.08.26-21.22.16:248][ 44]LogAudioMixer: Display: Starting AudioMixerPlatformInterface::RunInternal()
[2026.08.26-21.22.16:248][ 44]LogAudioMixer: Display: FMixerPlatformXAudio2::SubmitBuffer() called for the first time
[2026.08.26-21.22.16:248][ 44]LogInit: FAudioDevice initialized.
[2026.08.26-21.22.16:248][ 44]LogAudio: Display: Audio Device (ID: 58) registered with world 'TestLevel_Weeb'.
[2026.08.26-21.22.16:297][ 44]LogSlate: Updating window title bar state: overlay mode, drag disabled, window buttons hidden, title bar hidden
[2026.08.26-21.22.16:297][ 44]LogLoad: Game class is 'BrackeysGameMode_C'
[2026.08.26-21.22.16:299][ 44]LogWorld: Bringing World /Game/Brackeys2026/Levels/UEDPIE_0_TestLevel_Weeb.TestLevel_Weeb up for play (max tick rate 0) at 2026.08.26-14.22.16
[2026.08.26-21.22.16:300][ 44]LogWorld: Bringing up level for play took: 0.001204
[2026.08.26-21.22.16:300][ 44]LogOnline: OSS: Creating online subsystem instance for: :Context_71
[2026.08.26-21.22.16:306][ 44]PIE: Server logged in
[2026.08.26-21.22.16:306][ 44]PIE: Play in editor total start time 0.214 seconds.
[2026.08.26-21.22.18:853][337]LogSlate: Updating window title bar state: overlay mode, drag disabled, window buttons hidden, title bar hidden
[2026.08.26-21.22.18:853][337]LogWorld: BeginTearingDown for /Game/Brackeys2026/Levels/UEDPIE_0_TestLevel_Weeb
[2026.08.26-21.22.18:854][337]LogSlate: Window 'BrackeysJam2026 Preview [NetMode: Standalone]  (64-bit/Windows) ' being destroyed
[2026.08.26-21.22.18:866][337]LogWorld: UWorld::CleanupWorld for TestLevel_Weeb, bSessionEnded=true, bCleanupResources=true
[2026.08.26-21.22.18:866][337]LogSlate: InvalidateAllWidgets triggered.  All widgets were invalidated
[2026.08.26-21.22.18:872][337]LogPlayLevel: Display: Shutting down PIE online subsystems
[2026.08.26-21.22.18:881][337]LogSlate: InvalidateAllWidgets triggered.  All widgets were invalidated
[2026.08.26-21.22.18:911][337]LogAudioMixer: FMixerPlatformXAudio2::StopAudioStream() called
[2026.08.26-21.22.18:913][337]LogAudioMixer: FMixerPlatformXAudio2::StopAudioStream() called
[2026.08.26-21.22.18:919][337]LogUObjectHash: Compacting FUObjectHashTables data took   2.39ms
[2026.08.26-21.22.18:940][338]LogPlayLevel: Display: Destroying online subsystem :Context_71
[2026.08.26-21.22.19:462][398]LogTemp: Repeating last play command: Selected Viewport
[2026.08.26-21.22.19:469][398]LogPlayLevel: PlayLevel: No blueprints needed recompiling
[2026.08.26-21.22.19:469][398]PIE: New page: PIE session: TestLevel_Weeb (Aug 26, 2026, 7:22:19 AM)
[2026.08.26-21.22.19:469][398]LogPlayLevel: Creating play world package: /Game/Brackeys2026/Levels/UEDPIE_0_TestLevel_Weeb
[2026.08.26-21.22.19:471][398]LogPlayLevel: PIE: StaticDuplicateObject took: (0.002141s)
[2026.08.26-21.22.19:472][398]LogAIModule: Creating AISystem for world TestLevel_Weeb
[2026.08.26-21.22.19:473][398]LogPlayLevel: PIE: World Init took: (0.001439s)
[2026.08.26-21.22.19:473][398]LogPlayLevel: PIE: Created PIE world by copying editor world from /Game/Brackeys2026/Levels/TestLevel_Weeb.TestLevel_Weeb to /Game/Brackeys2026/Levels/UEDPIE_0_TestLevel_Weeb.TestLevel_Weeb (0.003738s)
[2026.08.26-21.22.19:506][398]LogUObjectHash: Compacting FUObjectHashTables data took   2.17ms
[2026.08.26-21.22.19:507][398]LogAudio: Display: Creating Audio Device:                 Id: 59, Scope: Unique, Realtime: True
[2026.08.26-21.22.19:507][398]LogAudioMixer: Display: Audio Mixer Platform Settings:
[2026.08.26-21.22.19:507][398]LogAudioMixer: Display: 	Sample Rate:						  48000
[2026.08.26-21.22.19:507][398]LogAudioMixer: Display: 	Callback Buffer Frame Size Requested: 1024
[2026.08.26-21.22.19:507][398]LogAudioMixer: Display: 	Callback Buffer Frame Size To Use:	  1024
[2026.08.26-21.22.19:507][398]LogAudioMixer: Display: 	Number of buffers to queue:			  2
[2026.08.26-21.22.19:507][398]LogAudioMixer: Display: 	Max Channels (voices):				  32
[2026.08.26-21.22.19:507][398]LogAudioMixer: Display: 	Number of Async Source Workers:		  0
[2026.08.26-21.22.19:507][398]LogAudio: Display: AudioDevice MaxSources: 32
[2026.08.26-21.22.19:507][398]LogAudio: Display: Audio Spatialization Plugin: None (built-in).
[2026.08.26-21.22.19:507][398]LogAudio: Display: Audio Reverb Plugin: None (built-in).
[2026.08.26-21.22.19:507][398]LogAudio: Display: Audio Occlusion Plugin: None (built-in).
[2026.08.26-21.22.19:507][398]LogAudioMixer: Display: Initializing audio mixer.
[2026.08.26-21.22.19:512][398]LogAudioMixer: Display: 0: FrontLeft
[2026.08.26-21.22.19:512][398]LogAudioMixer: Display: 1: FrontRight
[2026.08.26-21.22.19:525][398]LogAudioMixer: Display: Using Audio Device Realtek HD Audio 2nd output (Realtek(R) Audio)
[2026.08.26-21.22.19:525][398]LogAudioMixer: Display: Initializing Sound Submixes...
[2026.08.26-21.22.19:525][398]LogAudioMixer: Display: Creating Master Submix 'MasterSubmixDefault'
[2026.08.26-21.22.19:525][398]LogAudioMixer: Display: Creating Master Submix 'MasterReverbSubmixDefault'
[2026.08.26-21.22.19:525][398]LogAudioMixer: Display: Creating Master Submix 'MasterEQSubmixDefault'
[2026.08.26-21.22.19:525][398]LogAudioMixer: FMixerPlatformXAudio2::StartAudioStream() called
[2026.08.26-21.22.19:525][398]LogAudioMixer: Display: Output buffers initialized: Frames=1024, Channels=2, Samples=2048
[2026.08.26-21.22.19:527][398]LogAudioMixer: Display: Starting AudioMixerPlatformInterface::RunInternal()
[2026.08.26-21.22.19:527][398]LogAudioMixer: Display: FMixerPlatformXAudio2::SubmitBuffer() called for the first time
[2026.08.26-21.22.19:527][398]LogInit: FAudioDevice initialized.
[2026.08.26-21.22.19:527][398]LogAudio: Display: Audio Device (ID: 59) registered with world 'TestLevel_Weeb'.
[2026.08.26-21.22.19:580][398]LogSlate: Updating window title bar state: overlay mode, drag disabled, window buttons hidden, title bar hidden
[2026.08.26-21.22.19:580][398]LogLoad: Game class is 'BrackeysGameMode_C'
[2026.08.26-21.22.19:582][398]LogWorld: Bringing World /Game/Brackeys2026/Levels/UEDPIE_0_TestLevel_Weeb.TestLevel_Weeb up for play (max tick rate 0) at 2026.08.26-14.22.19
[2026.08.26-21.22.19:582][398]LogWorld: Bringing up level for play took: 0.001223
[2026.08.26-21.22.19:582][398]LogOnline: OSS: Creating online subsystem instance for: :Context_72
[2026.08.26-21.22.19:589][398]PIE: Server logged in
[2026.08.26-21.22.19:589][398]PIE: Play in editor total start time 0.123 seconds.
[2026.08.26-21.22.20:273][468]LogSlate: Updating window title bar state: overlay mode, drag disabled, window buttons hidden, title bar hidden
[2026.08.26-21.22.20:273][468]LogWorld: BeginTearingDown for /Game/Brackeys2026/Levels/UEDPIE_0_TestLevel_Weeb
[2026.08.26-21.22.20:273][468]LogSlate: Window 'BrackeysJam2026 Preview [NetMode: Standalone]  (64-bit/Windows) ' being destroyed
[2026.08.26-21.22.20:282][468]LogWorld: UWorld::CleanupWorld for TestLevel_Weeb, bSessionEnded=true, bCleanupResources=true
[2026.08.26-21.22.20:282][468]LogSlate: InvalidateAllWidgets triggered.  All widgets were invalidated
[2026.08.26-21.22.20:292][468]LogPlayLevel: Display: Shutting down PIE online subsystems
[2026.08.26-21.22.20:301][468]LogSlate: InvalidateAllWidgets triggered.  All widgets were invalidated
[2026.08.26-21.22.20:332][468]LogAudioMixer: FMixerPlatformXAudio2::StopAudioStream() called
[2026.08.26-21.22.20:333][468]LogAudioMixer: FMixerPlatformXAudio2::StopAudioStream() called
[2026.08.26-21.22.20:338][468]LogUObjectHash: Compacting FUObjectHashTables data took   2.37ms
[2026.08.26-21.22.20:352][469]LogPlayLevel: Display: Destroying online subsystem :Context_72
[2026.08.26-21.22.21:255][561]LogTemp: Repeating last play command: Selected Viewport
[2026.08.26-21.22.21:264][561]LogPlayLevel: PlayLevel: No blueprints needed recompiling
[2026.08.26-21.22.21:264][561]PIE: New page: PIE session: TestLevel_Weeb (Aug 26, 2026, 7:22:21 AM)
[2026.08.26-21.22.21:309][561]LogPlayLevel: Creating play world package: /Game/Brackeys2026/Levels/UEDPIE_0_TestLevel_Weeb
[2026.08.26-21.22.21:311][561]LogPlayLevel: PIE: StaticDuplicateObject took: (0.002342s)
[2026.08.26-21.22.21:312][561]LogAIModule: Creating AISystem for world TestLevel_Weeb
[2026.08.26-21.22.21:313][561]LogPlayLevel: PIE: World Init took: (0.001617s)
[2026.08.26-21.22.21:313][561]LogPlayLevel: PIE: Created PIE world by copying editor world from /Game/Brackeys2026/Levels/TestLevel_Weeb.TestLevel_Weeb to /Game/Brackeys2026/Levels/UEDPIE_0_TestLevel_Weeb.TestLevel_Weeb (0.004235s)
[2026.08.26-21.22.21:347][561]LogUObjectHash: Compacting FUObjectHashTables data took   2.19ms
[2026.08.26-21.22.21:349][561]LogAudio: Display: Creating Audio Device:                 Id: 60, Scope: Unique, Realtime: True
[2026.08.26-21.22.21:349][561]LogAudioMixer: Display: Audio Mixer Platform Settings:
[2026.08.26-21.22.21:349][561]LogAudioMixer: Display: 	Sample Rate:						  48000
[2026.08.26-21.22.21:349][561]LogAudioMixer: Display: 	Callback Buffer Frame Size Requested: 1024
[2026.08.26-21.22.21:349][561]LogAudioMixer: Display: 	Callback Buffer Frame Size To Use:	  1024
[2026.08.26-21.22.21:349][561]LogAudioMixer: Display: 	Number of buffers to queue:			  2
[2026.08.26-21.22.21:349][561]LogAudioMixer: Display: 	Max Channels (voices):				  32
[2026.08.26-21.22.21:349][561]LogAudioMixer: Display: 	Number of Async Source Workers:		  0
[2026.08.26-21.22.21:349][561]LogAudio: Display: AudioDevice MaxSources: 32
[2026.08.26-21.22.21:349][561]LogAudio: Display: Audio Spatialization Plugin: None (built-in).
[2026.08.26-21.22.21:349][561]LogAudio: Display: Audio Reverb Plugin: None (built-in).
[2026.08.26-21.22.21:349][561]LogAudio: Display: Audio Occlusion Plugin: None (built-in).
[2026.08.26-21.22.21:349][561]LogAudioMixer: Display: Initializing audio mixer.
[2026.08.26-21.22.21:353][561]LogAudioMixer: Display: 0: FrontLeft
[2026.08.26-21.22.21:353][561]LogAudioMixer: Display: 1: FrontRight
[2026.08.26-21.22.21:365][561]LogAudioMixer: Display: Using Audio Device Realtek HD Audio 2nd output (Realtek(R) Audio)
[2026.08.26-21.22.21:366][561]LogAudioMixer: Display: Initializing Sound Submixes...
[2026.08.26-21.22.21:366][561]LogAudioMixer: Display: Creating Master Submix 'MasterSubmixDefault'
[2026.08.26-21.22.21:366][561]LogAudioMixer: Display: Creating Master Submix 'MasterReverbSubmixDefault'
[2026.08.26-21.22.21:366][561]LogAudioMixer: Display: Creating Master Submix 'MasterEQSubmixDefault'
[2026.08.26-21.22.21:366][561]LogAudioMixer: FMixerPlatformXAudio2::StartAudioStream() called
[2026.08.26-21.22.21:366][561]LogAudioMixer: Display: Output buffers initialized: Frames=1024, Channels=2, Samples=2048
[2026.08.26-21.22.21:367][561]LogAudioMixer: Display: Starting AudioMixerPlatformInterface::RunInternal()
[2026.08.26-21.22.21:367][561]LogAudioMixer: Display: FMixerPlatformXAudio2::SubmitBuffer() called for the first time
[2026.08.26-21.22.21:367][561]LogInit: FAudioDevice initialized.
[2026.08.26-21.22.21:368][561]LogAudio: Display: Audio Device (ID: 60) registered with world 'TestLevel_Weeb'.
[2026.08.26-21.22.21:374][561]LogLoad: Game class is 'BrackeysGameMode_C'
[2026.08.26-21.22.21:375][561]LogWorld: Bringing World /Game/Brackeys2026/Levels/UEDPIE_0_TestLevel_Weeb.TestLevel_Weeb up for play (max tick rate 0) at 2026.08.26-14.22.21
[2026.08.26-21.22.21:375][561]LogWorld: Bringing up level for play took: 0.000656
[2026.08.26-21.22.21:375][561]LogOnline: OSS: Creating online subsystem instance for: :Context_73
[2026.08.26-21.22.21:380][561]PIE: Server logged in
[2026.08.26-21.22.21:381][561]PIE: Play in editor total start time 0.12 seconds.
[2026.08.26-21.22.24:248][841]LogEditorViewport: Clicking on Actor (LMB): BP_Revolver_C (BP_Revolver)
[2026.08.26-21.22.35:513][114]LogSlate: Updating window title bar state: overlay mode, drag disabled, window buttons hidden, title bar hidden
[2026.08.26-21.22.35:513][114]LogWorld: BeginTearingDown for /Game/Brackeys2026/Levels/UEDPIE_0_TestLevel_Weeb
[2026.08.26-21.22.35:514][114]LogWorld: UWorld::CleanupWorld for TestLevel_Weeb, bSessionEnded=true, bCleanupResources=true
[2026.08.26-21.22.35:514][114]LogSlate: InvalidateAllWidgets triggered.  All widgets were invalidated
[2026.08.26-21.22.35:527][114]LogPlayLevel: Display: Shutting down PIE online subsystems
[2026.08.26-21.22.35:539][114]LogSlate: InvalidateAllWidgets triggered.  All widgets were invalidated
[2026.08.26-21.22.35:577][114]LogSlate: Updating window title bar state: overlay mode, drag disabled, window buttons hidden, title bar hidden
[2026.08.26-21.22.35:577][114]LogAudioMixer: FMixerPlatformXAudio2::StopAudioStream() called
[2026.08.26-21.22.35:578][114]LogAudioMixer: FMixerPlatformXAudio2::StopAudioStream() called
[2026.08.26-21.22.35:585][114]LogUObjectHash: Compacting FUObjectHashTables data took   2.52ms
[2026.08.26-21.22.35:608][115]LogPlayLevel: Display: Destroying online subsystem :Context_73
[2026.08.26-21.22.47:192][438]BlueprintLog: New page: Compile BP_Player
[2026.08.26-21.22.47:254][438]LogUObjectHash: Compacting FUObjectHashTables data took   2.56ms
[2026.08.26-21.22.47:650][470]LogSavePackage: Moving 'E:/_Alex's Data/Unreal Engine/Unreal Projects/Brackeys2026/Brackeys-2026/BrackeysJam2026/Saved/BP_PlayerC55AF0B34038E07A497C80A268342F04.tmp' to 'E:/_Alex's Data/Unreal Engine/Unreal Projects/Brackeys2026/Brackeys-2026/BrackeysJam2026/Content/Brackeys2026/Characters/Player/BP_Player.uasset'
[2026.08.26-21.22.47:716][470]AssetCheck: New page: Asset Save: BP_Player
[2026.08.26-21.22.47:716][470]LogContentValidation: Display: Validating Blueprint /Game/Brackeys2026/Characters/Player/BP_Player.BP_Player
[2026.08.26-21.22.48:930][600]LogTemp: Repeating last play command: Selected Viewport
[2026.08.26-21.22.48:937][600]LogPlayLevel: PlayLevel: No blueprints needed recompiling
[2026.08.26-21.22.48:937][600]PIE: New page: PIE session: TestLevel_Weeb (Aug 26, 2026, 7:22:48 AM)
[2026.08.26-21.22.48:979][600]LogPlayLevel: Creating play world package: /Game/Brackeys2026/Levels/UEDPIE_0_TestLevel_Weeb
[2026.08.26-21.22.48:982][600]LogPlayLevel: PIE: StaticDuplicateObject took: (0.002319s)
[2026.08.26-21.22.48:983][600]LogAIModule: Creating AISystem for world TestLevel_Weeb
[2026.08.26-21.22.48:983][600]LogPlayLevel: PIE: World Init took: (0.000893s)
[2026.08.26-21.22.48:983][600]LogPlayLevel: PIE: Created PIE world by copying editor world from /Game/Brackeys2026/Levels/TestLevel_Weeb.TestLevel_Weeb to /Game/Brackeys2026/Levels/UEDPIE_0_TestLevel_Weeb.TestLevel_Weeb (0.003429s)
[2026.08.26-21.22.49:017][600]LogUObjectHash: Compacting FUObjectHashTables data took   3.11ms
[2026.08.26-21.22.49:019][600]LogAudio: Display: Creating Audio Device:                 Id: 61, Scope: Unique, Realtime: True
[2026.08.26-21.22.49:019][600]LogAudioMixer: Display: Audio Mixer Platform Settings:
[2026.08.26-21.22.49:019][600]LogAudioMixer: Display: 	Sample Rate:						  48000
[2026.08.26-21.22.49:019][600]LogAudioMixer: Display: 	Callback Buffer Frame Size Requested: 1024
[2026.08.26-21.22.49:019][600]LogAudioMixer: Display: 	Callback Buffer Frame Size To Use:	  1024
[2026.08.26-21.22.49:019][600]LogAudioMixer: Display: 	Number of buffers to queue:			  2
[2026.08.26-21.22.49:019][600]LogAudioMixer: Display: 	Max Channels (voices):				  32
[2026.08.26-21.22.49:019][600]LogAudioMixer: Display: 	Number of Async Source Workers:		  0
[2026.08.26-21.22.49:019][600]LogAudio: Display: AudioDevice MaxSources: 32
[2026.08.26-21.22.49:020][600]LogAudio: Display: Audio Spatialization Plugin: None (built-in).
[2026.08.26-21.22.49:020][600]LogAudio: Display: Audio Reverb Plugin: None (built-in).
[2026.08.26-21.22.49:020][600]LogAudio: Display: Audio Occlusion Plugin: None (built-in).
[2026.08.26-21.22.49:020][600]LogAudioMixer: Display: Initializing audio mixer.
[2026.08.26-21.22.49:024][600]LogAudioMixer: Display: 0: FrontLeft
[2026.08.26-21.22.49:024][600]LogAudioMixer: Display: 1: FrontRight
[2026.08.26-21.22.49:037][600]LogAudioMixer: Display: Using Audio Device Realtek HD Audio 2nd output (Realtek(R) Audio)
[2026.08.26-21.22.49:037][600]LogAudioMixer: Display: Initializing Sound Submixes...
[2026.08.26-21.22.49:037][600]LogAudioMixer: Display: Creating Master Submix 'MasterSubmixDefault'
[2026.08.26-21.22.49:037][600]LogAudioMixer: Display: Creating Master Submix 'MasterReverbSubmixDefault'
[2026.08.26-21.22.49:037][600]LogAudioMixer: Display: Creating Master Submix 'MasterEQSubmixDefault'
[2026.08.26-21.22.49:037][600]LogAudioMixer: FMixerPlatformXAudio2::StartAudioStream() called
[2026.08.26-21.22.49:037][600]LogAudioMixer: Display: Output buffers initialized: Frames=1024, Channels=2, Samples=2048
[2026.08.26-21.22.49:038][600]LogAudioMixer: Display: Starting AudioMixerPlatformInterface::RunInternal()
[2026.08.26-21.22.49:038][600]LogAudioMixer: Display: FMixerPlatformXAudio2::SubmitBuffer() called for the first time
[2026.08.26-21.22.49:038][600]LogInit: FAudioDevice initialized.
[2026.08.26-21.22.49:038][600]LogAudio: Display: Audio Device (ID: 61) registered with world 'TestLevel_Weeb'.
[2026.08.26-21.22.49:045][600]LogLoad: Game class is 'BrackeysGameMode_C'
[2026.08.26-21.22.49:045][600]LogWorld: Bringing World /Game/Brackeys2026/Levels/UEDPIE_0_TestLevel_Weeb.TestLevel_Weeb up for play (max tick rate 0) at 2026.08.26-14.22.49
[2026.08.26-21.22.49:045][600]LogWorld: Bringing up level for play took: 0.000685
[2026.08.26-21.22.49:046][600]LogOnline: OSS: Creating online subsystem instance for: :Context_74
[2026.08.26-21.22.49:050][600]PIE: Server logged in
[2026.08.26-21.22.49:052][600]PIE: Play in editor total start time 0.116 seconds.
[2026.08.26-21.23.11:013][ 71]LogSlate: Updating window title bar state: overlay mode, drag disabled, window buttons hidden, title bar hidden
[2026.08.26-21.23.11:013][ 71]LogWorld: BeginTearingDown for /Game/Brackeys2026/Levels/UEDPIE_0_TestLevel_Weeb
[2026.08.26-21.23.11:014][ 71]LogWorld: UWorld::CleanupWorld for TestLevel_Weeb, bSessionEnded=true, bCleanupResources=true
[2026.08.26-21.23.11:014][ 71]LogSlate: InvalidateAllWidgets triggered.  All widgets were invalidated
[2026.08.26-21.23.11:027][ 71]LogPlayLevel: Display: Shutting down PIE online subsystems
[2026.08.26-21.23.11:034][ 71]LogSlate: InvalidateAllWidgets triggered.  All widgets were invalidated
[2026.08.26-21.23.11:066][ 71]LogAudio: Display: Audio Device unregistered from world 'None'.
[2026.08.26-21.23.11:067][ 71]LogAudioMixer: FMixerPlatformXAudio2::StopAudioStream() called
[2026.08.26-21.23.11:067][ 71]LogAudioMixer: FMixerPlatformXAudio2::StopAudioStream() called
[2026.08.26-21.23.11:071][ 71]LogSlate: Updating window title bar state: overlay mode, drag disabled, window buttons hidden, title bar hidden
[2026.08.26-21.23.11:073][ 71]LogUObjectHash: Compacting FUObjectHashTables data took   2.17ms
[2026.08.26-21.23.11:091][ 72]LogPlayLevel: Display: Destroying online subsystem :Context_74
[2026.08.26-21.24.06:183][302]LogEditorTransaction: Undo Move Node
[2026.08.26-21.24.30:643][ 74]BlueprintLog: New page: Compile BP_Revolver
[2026.08.26-21.24.30:669][ 74]LogBlueprint: Warning: [AssetLog] E:\_Alex's Data\Unreal Engine\Unreal Projects\Brackeys2026\Brackeys-2026\BrackeysJam2026\Content\Brackeys2026\Objects\Revolver\BP_Revolver.uasset: [Compiler] Can't parse default value 'ObjectTypeQuery1' for  Pawns generated from expanding Get Pawns . Property: Pawns.
[2026.08.26-21.24.30:733][ 74]LogUObjectHash: Compacting FUObjectHashTables data took   3.36ms
[2026.08.26-21.24.35:637][624]BlueprintLog: New page: Compile BP_Revolver
[2026.08.26-21.24.35:715][624]LogUObjectHash: Compacting FUObjectHashTables data took   3.26ms
[2026.08.26-21.24.36:159][658]LogSavePackage: Moving 'E:/_Alex's Data/Unreal Engine/Unreal Projects/Brackeys2026/Brackeys-2026/BrackeysJam2026/Saved/BP_RevolverDF1A24A947CCD033A774F29306A64C54.tmp' to 'E:/_Alex's Data/Unreal Engine/Unreal Projects/Brackeys2026/Brackeys-2026/BrackeysJam2026/Content/Brackeys2026/Objects/Revolver/BP_Revolver.uasset'
[2026.08.26-21.24.36:455][658]AssetCheck: New page: Asset Save: BP_Revolver
[2026.08.26-21.24.36:455][658]LogContentValidation: Display: Validating Blueprint /Game/Brackeys2026/Objects/Revolver/BP_Revolver.BP_Revolver
[2026.08.26-21.24.37:072][720]LogTemp: Repeating last play command: Selected Viewport
[2026.08.26-21.24.37:082][720]LogPlayLevel: PlayLevel: No blueprints needed recompiling
[2026.08.26-21.24.37:082][720]PIE: New page: PIE session: TestLevel_Weeb (Aug 26, 2026, 7:24:37 AM)
[2026.08.26-21.24.37:082][720]LogPlayLevel: Creating play world package: /Game/Brackeys2026/Levels/UEDPIE_0_TestLevel_Weeb
[2026.08.26-21.24.37:085][720]LogPlayLevel: PIE: StaticDuplicateObject took: (0.002871s)
[2026.08.26-21.24.37:086][720]LogAIModule: Creating AISystem for world TestLevel_Weeb
[2026.08.26-21.24.37:087][720]LogPlayLevel: PIE: World Init took: (0.001491s)
[2026.08.26-21.24.37:087][720]LogPlayLevel: PIE: Created PIE world by copying editor world from /Game/Brackeys2026/Levels/TestLevel_Weeb.TestLevel_Weeb to /Game/Brackeys2026/Levels/UEDPIE_0_TestLevel_Weeb.TestLevel_Weeb (0.004541s)
[2026.08.26-21.24.37:122][720]LogUObjectHash: Compacting FUObjectHashTables data took   2.95ms
[2026.08.26-21.24.37:123][720]LogAudio: Display: Creating Audio Device:                 Id: 62, Scope: Unique, Realtime: True
[2026.08.26-21.24.37:123][720]LogAudioMixer: Display: Audio Mixer Platform Settings:
[2026.08.26-21.24.37:123][720]LogAudioMixer: Display: 	Sample Rate:						  48000
[2026.08.26-21.24.37:123][720]LogAudioMixer: Display: 	Callback Buffer Frame Size Requested: 1024
[2026.08.26-21.24.37:123][720]LogAudioMixer: Display: 	Callback Buffer Frame Size To Use:	  1024
[2026.08.26-21.24.37:123][720]LogAudioMixer: Display: 	Number of buffers to queue:			  2
[2026.08.26-21.24.37:123][720]LogAudioMixer: Display: 	Max Channels (voices):				  32
[2026.08.26-21.24.37:123][720]LogAudioMixer: Display: 	Number of Async Source Workers:		  0
[2026.08.26-21.24.37:123][720]LogAudio: Display: AudioDevice MaxSources: 32
[2026.08.26-21.24.37:123][720]LogAudio: Display: Audio Spatialization Plugin: None (built-in).
[2026.08.26-21.24.37:123][720]LogAudio: Display: Audio Reverb Plugin: None (built-in).
[2026.08.26-21.24.37:123][720]LogAudio: Display: Audio Occlusion Plugin: None (built-in).
[2026.08.26-21.24.37:123][720]LogAudioMixer: Display: Initializing audio mixer.
[2026.08.26-21.24.37:128][720]LogAudioMixer: Display: 0: FrontLeft
[2026.08.26-21.24.37:128][720]LogAudioMixer: Display: 1: FrontRight
[2026.08.26-21.24.37:140][720]LogAudioMixer: Display: Using Audio Device Realtek HD Audio 2nd output (Realtek(R) Audio)
[2026.08.26-21.24.37:140][720]LogAudioMixer: Display: Initializing Sound Submixes...
[2026.08.26-21.24.37:140][720]LogAudioMixer: Display: Creating Master Submix 'MasterSubmixDefault'
[2026.08.26-21.24.37:140][720]LogAudioMixer: Display: Creating Master Submix 'MasterReverbSubmixDefault'
[2026.08.26-21.24.37:141][720]LogAudioMixer: Display: Creating Master Submix 'MasterEQSubmixDefault'
[2026.08.26-21.24.37:141][720]LogAudioMixer: FMixerPlatformXAudio2::StartAudioStream() called
[2026.08.26-21.24.37:141][720]LogAudioMixer: Display: Output buffers initialized: Frames=1024, Channels=2, Samples=2048
[2026.08.26-21.24.37:142][720]LogAudioMixer: Display: Starting AudioMixerPlatformInterface::RunInternal()
[2026.08.26-21.24.37:142][720]LogAudioMixer: Display: FMixerPlatformXAudio2::SubmitBuffer() called for the first time
[2026.08.26-21.24.37:142][720]LogInit: FAudioDevice initialized.
[2026.08.26-21.24.37:142][720]LogAudio: Display: Audio Device (ID: 62) registered with world 'TestLevel_Weeb'.
[2026.08.26-21.24.37:198][720]LogSlate: Updating window title bar state: overlay mode, drag disabled, window buttons hidden, title bar hidden
[2026.08.26-21.24.37:198][720]LogLoad: Game class is 'BrackeysGameMode_C'
[2026.08.26-21.24.37:199][720]LogWorld: Bringing World /Game/Brackeys2026/Levels/UEDPIE_0_TestLevel_Weeb.TestLevel_Weeb up for play (max tick rate 0) at 2026.08.26-14.24.37
[2026.08.26-21.24.37:199][720]LogWorld: Bringing up level for play took: 0.000680
[2026.08.26-21.24.37:199][720]LogOnline: OSS: Creating online subsystem instance for: :Context_75
[2026.08.26-21.24.37:205][720]PIE: Server logged in
[2026.08.26-21.24.37:206][720]PIE: Play in editor total start time 0.126 seconds.
[2026.08.26-21.24.44:533][583]LogSlate: Updating window title bar state: overlay mode, drag disabled, window buttons hidden, title bar hidden
[2026.08.26-21.24.44:533][583]LogWorld: BeginTearingDown for /Game/Brackeys2026/Levels/UEDPIE_0_TestLevel_Weeb
[2026.08.26-21.24.44:534][583]LogSlate: Window 'BrackeysJam2026 Preview [NetMode: Standalone]  (64-bit/Windows) ' being destroyed
[2026.08.26-21.24.44:535][583]LogWorld: UWorld::CleanupWorld for TestLevel_Weeb, bSessionEnded=true, bCleanupResources=true
[2026.08.26-21.24.44:536][583]LogSlate: InvalidateAllWidgets triggered.  All widgets were invalidated
[2026.08.26-21.24.44:548][583]LogPlayLevel: Display: Shutting down PIE online subsystems
[2026.08.26-21.24.44:559][583]LogSlate: InvalidateAllWidgets triggered.  All widgets were invalidated
[2026.08.26-21.24.44:589][583]LogAudio: Display: Audio Device unregistered from world 'None'.
[2026.08.26-21.24.44:590][583]LogAudioMixer: FMixerPlatformXAudio2::StopAudioStream() called
[2026.08.26-21.24.44:591][583]LogAudioMixer: FMixerPlatformXAudio2::StopAudioStream() called
[2026.08.26-21.24.44:596][583]LogUObjectHash: Compacting FUObjectHashTables data took   2.17ms
[2026.08.26-21.24.44:628][584]LogPlayLevel: Display: Destroying online subsystem :Context_75
[2026.08.26-21.25.09:016][260]BlueprintLog: New page: Compile BP_Revolver
[2026.08.26-21.25.09:094][260]LogUObjectHash: Compacting FUObjectHashTables data took   2.51ms
[2026.08.26-21.25.09:517][285]LogSavePackage: Moving 'E:/_Alex's Data/Unreal Engine/Unreal Projects/Brackeys2026/Brackeys-2026/BrackeysJam2026/Saved/BP_Revolver76698C4F4421F38FB873919092655C0C.tmp' to 'E:/_Alex's Data/Unreal Engine/Unreal Projects/Brackeys2026/Brackeys-2026/BrackeysJam2026/Content/Brackeys2026/Objects/Revolver/BP_Revolver.uasset'
[2026.08.26-21.25.09:546][285]AssetCheck: New page: Asset Save: BP_Revolver
[2026.08.26-21.25.09:546][285]LogContentValidation: Display: Validating Blueprint /Game/Brackeys2026/Objects/Revolver/BP_Revolver.BP_Revolver
[2026.08.26-21.25.10:015][334]LogTemp: Repeating last play command: Selected Viewport
[2026.08.26-21.25.10:024][334]LogPlayLevel: PlayLevel: No blueprints needed recompiling
[2026.08.26-21.25.10:024][334]PIE: New page: PIE session: TestLevel_Weeb (Aug 26, 2026, 7:25:10 AM)
[2026.08.26-21.25.10:024][334]LogPlayLevel: Creating play world package: /Game/Brackeys2026/Levels/UEDPIE_0_TestLevel_Weeb
[2026.08.26-21.25.10:029][334]LogPlayLevel: PIE: StaticDuplicateObject took: (0.003226s)
[2026.08.26-21.25.10:029][334]LogAIModule: Creating AISystem for world TestLevel_Weeb
[2026.08.26-21.25.10:030][334]LogPlayLevel: PIE: World Init took: (0.001682s)
[2026.08.26-21.25.10:030][334]LogPlayLevel: PIE: Created PIE world by copying editor world from /Game/Brackeys2026/Levels/TestLevel_Weeb.TestLevel_Weeb to /Game/Brackeys2026/Levels/UEDPIE_0_TestLevel_Weeb.TestLevel_Weeb (0.005096s)
[2026.08.26-21.25.10:065][334]LogUObjectHash: Compacting FUObjectHashTables data took   3.17ms
[2026.08.26-21.25.10:066][334]LogAudio: Display: Creating Audio Device:                 Id: 63, Scope: Unique, Realtime: True
[2026.08.26-21.25.10:066][334]LogAudioMixer: Display: Audio Mixer Platform Settings:
[2026.08.26-21.25.10:066][334]LogAudioMixer: Display: 	Sample Rate:						  48000
[2026.08.26-21.25.10:066][334]LogAudioMixer: Display: 	Callback Buffer Frame Size Requested: 1024
[2026.08.26-21.25.10:066][334]LogAudioMixer: Display: 	Callback Buffer Frame Size To Use:	  1024
[2026.08.26-21.25.10:066][334]LogAudioMixer: Display: 	Number of buffers to queue:			  2
[2026.08.26-21.25.10:066][334]LogAudioMixer: Display: 	Max Channels (voices):				  32
[2026.08.26-21.25.10:066][334]LogAudioMixer: Display: 	Number of Async Source Workers:		  0
[2026.08.26-21.25.10:066][334]LogAudio: Display: AudioDevice MaxSources: 32
[2026.08.26-21.25.10:066][334]LogAudio: Display: Audio Spatialization Plugin: None (built-in).
[2026.08.26-21.25.10:066][334]LogAudio: Display: Audio Reverb Plugin: None (built-in).
[2026.08.26-21.25.10:066][334]LogAudio: Display: Audio Occlusion Plugin: None (built-in).
[2026.08.26-21.25.10:066][334]LogAudioMixer: Display: Initializing audio mixer.
[2026.08.26-21.25.10:071][334]LogAudioMixer: Display: 0: FrontLeft
[2026.08.26-21.25.10:071][334]LogAudioMixer: Display: 1: FrontRight
[2026.08.26-21.25.10:083][334]LogAudioMixer: Display: Using Audio Device Realtek HD Audio 2nd output (Realtek(R) Audio)
[2026.08.26-21.25.10:083][334]LogAudioMixer: Display: Initializing Sound Submixes...
[2026.08.26-21.25.10:083][334]LogAudioMixer: Display: Creating Master Submix 'MasterSubmixDefault'
[2026.08.26-21.25.10:083][334]LogAudioMixer: Display: Creating Master Submix 'MasterReverbSubmixDefault'
[2026.08.26-21.25.10:084][334]LogAudioMixer: Display: Creating Master Submix 'MasterEQSubmixDefault'
[2026.08.26-21.25.10:084][334]LogAudioMixer: FMixerPlatformXAudio2::StartAudioStream() called
[2026.08.26-21.25.10:084][334]LogAudioMixer: Display: Output buffers initialized: Frames=1024, Channels=2, Samples=2048
[2026.08.26-21.25.10:085][334]LogAudioMixer: Display: Starting AudioMixerPlatformInterface::RunInternal()
[2026.08.26-21.25.10:085][334]LogAudioMixer: Display: FMixerPlatformXAudio2::SubmitBuffer() called for the first time
[2026.08.26-21.25.10:085][334]LogInit: FAudioDevice initialized.
[2026.08.26-21.25.10:085][334]LogAudio: Display: Audio Device (ID: 63) registered with world 'TestLevel_Weeb'.
[2026.08.26-21.25.10:131][334]LogSlate: Updating window title bar state: overlay mode, drag disabled, window buttons hidden, title bar hidden
[2026.08.26-21.25.10:131][334]LogLoad: Game class is 'BrackeysGameMode_C'
[2026.08.26-21.25.10:132][334]LogWorld: Bringing World /Game/Brackeys2026/Levels/UEDPIE_0_TestLevel_Weeb.TestLevel_Weeb up for play (max tick rate 0) at 2026.08.26-14.25.10
[2026.08.26-21.25.10:132][334]LogWorld: Bringing up level for play took: 0.000664
[2026.08.26-21.25.10:132][334]LogOnline: OSS: Creating online subsystem instance for: :Context_76
[2026.08.26-21.25.10:142][334]PIE: Server logged in
[2026.08.26-21.25.10:145][334]PIE: Play in editor total start time 0.123 seconds.
[2026.08.26-21.25.14:549][839]LogBlueprintUserMessages: [BP_Revolver_2] 1.5
[2026.08.26-21.25.16:192][ 26]LogSlate: Updating window title bar state: overlay mode, drag disabled, window buttons hidden, title bar hidden
[2026.08.26-21.25.16:192][ 26]LogWorld: BeginTearingDown for /Game/Brackeys2026/Levels/UEDPIE_0_TestLevel_Weeb
[2026.08.26-21.25.16:192][ 26]LogSlate: Window 'BrackeysJam2026 Preview [NetMode: Standalone]  (64-bit/Windows) ' being destroyed
[2026.08.26-21.25.16:203][ 26]LogWorld: UWorld::CleanupWorld for TestLevel_Weeb, bSessionEnded=true, bCleanupResources=true
[2026.08.26-21.25.16:203][ 26]LogSlate: InvalidateAllWidgets triggered.  All widgets were invalidated
[2026.08.26-21.25.16:224][ 26]LogPlayLevel: Display: Shutting down PIE online subsystems
[2026.08.26-21.25.16:235][ 26]LogSlate: InvalidateAllWidgets triggered.  All widgets were invalidated
[2026.08.26-21.25.16:265][ 26]LogAudio: Display: Audio Device unregistered from world 'None'.
[2026.08.26-21.25.16:265][ 26]LogAudioMixer: FMixerPlatformXAudio2::StopAudioStream() called
[2026.08.26-21.25.16:266][ 26]LogAudioMixer: FMixerPlatformXAudio2::StopAudioStream() called
[2026.08.26-21.25.16:272][ 26]LogUObjectHash: Compacting FUObjectHashTables data took   2.22ms
[2026.08.26-21.25.16:331][ 27]LogPlayLevel: Display: Destroying online subsystem :Context_76
[2026.08.26-21.25.17:554][153]LogTemp: Repeating last play command: Selected Viewport
[2026.08.26-21.25.17:563][153]LogPlayLevel: PlayLevel: No blueprints needed recompiling
[2026.08.26-21.25.17:563][153]PIE: New page: PIE session: TestLevel_Weeb (Aug 26, 2026, 7:25:17 AM)
[2026.08.26-21.25.17:563][153]LogPlayLevel: Creating play world package: /Game/Brackeys2026/Levels/UEDPIE_0_TestLevel_Weeb
[2026.08.26-21.25.17:565][153]LogPlayLevel: PIE: StaticDuplicateObject took: (0.001870s)
[2026.08.26-21.25.17:565][153]LogAIModule: Creating AISystem for world TestLevel_Weeb
[2026.08.26-21.25.17:566][153]LogPlayLevel: PIE: World Init took: (0.000767s)
[2026.08.26-21.25.17:566][153]LogPlayLevel: PIE: Created PIE world by copying editor world from /Game/Brackeys2026/Levels/TestLevel_Weeb.TestLevel_Weeb to /Game/Brackeys2026/Levels/UEDPIE_0_TestLevel_Weeb.TestLevel_Weeb (0.002747s)
[2026.08.26-21.25.17:598][153]LogUObjectHash: Compacting FUObjectHashTables data took   2.17ms
[2026.08.26-21.25.17:599][153]LogAudio: Display: Creating Audio Device:                 Id: 64, Scope: Unique, Realtime: True
[2026.08.26-21.25.17:599][153]LogAudioMixer: Display: Audio Mixer Platform Settings:
[2026.08.26-21.25.17:599][153]LogAudioMixer: Display: 	Sample Rate:						  48000
[2026.08.26-21.25.17:599][153]LogAudioMixer: Display: 	Callback Buffer Frame Size Requested: 1024
[2026.08.26-21.25.17:599][153]LogAudioMixer: Display: 	Callback Buffer Frame Size To Use:	  1024
[2026.08.26-21.25.17:599][153]LogAudioMixer: Display: 	Number of buffers to queue:			  2
[2026.08.26-21.25.17:599][153]LogAudioMixer: Display: 	Max Channels (voices):				  32
[2026.08.26-21.25.17:599][153]LogAudioMixer: Display: 	Number of Async Source Workers:		  0
[2026.08.26-21.25.17:599][153]LogAudio: Display: AudioDevice MaxSources: 32
[2026.08.26-21.25.17:599][153]LogAudio: Display: Audio Spatialization Plugin: None (built-in).
[2026.08.26-21.25.17:599][153]LogAudio: Display: Audio Reverb Plugin: None (built-in).
[2026.08.26-21.25.17:599][153]LogAudio: Display: Audio Occlusion Plugin: None (built-in).
[2026.08.26-21.25.17:599][153]LogAudioMixer: Display: Initializing audio mixer.
[2026.08.26-21.25.17:604][153]LogAudioMixer: Display: 0: FrontLeft
[2026.08.26-21.25.17:604][153]LogAudioMixer: Display: 1: FrontRight
[2026.08.26-21.25.17:616][153]LogAudioMixer: Display: Using Audio Device Realtek HD Audio 2nd output (Realtek(R) Audio)
[2026.08.26-21.25.17:616][153]LogAudioMixer: Display: Initializing Sound Submixes...
[2026.08.26-21.25.17:616][153]LogAudioMixer: Display: Creating Master Submix 'MasterSubmixDefault'
[2026.08.26-21.25.17:616][153]LogAudioMixer: Display: Creating Master Submix 'MasterReverbSubmixDefault'
[2026.08.26-21.25.17:616][153]LogAudioMixer: Display: Creating Master Submix 'MasterEQSubmixDefault'
[2026.08.26-21.25.17:616][153]LogAudioMixer: FMixerPlatformXAudio2::StartAudioStream() called
[2026.08.26-21.25.17:616][153]LogAudioMixer: Display: Output buffers initialized: Frames=1024, Channels=2, Samples=2048
[2026.08.26-21.25.17:617][153]LogAudioMixer: Display: Starting AudioMixerPlatformInterface::RunInternal()
[2026.08.26-21.25.17:617][153]LogAudioMixer: Display: FMixerPlatformXAudio2::SubmitBuffer() called for the first time
[2026.08.26-21.25.17:617][153]LogInit: FAudioDevice initialized.
[2026.08.26-21.25.17:617][153]LogAudio: Display: Audio Device (ID: 64) registered with world 'TestLevel_Weeb'.
[2026.08.26-21.25.17:629][153]LogLoad: Game class is 'BrackeysGameMode_C'
[2026.08.26-21.25.17:630][153]LogWorld: Bringing World /Game/Brackeys2026/Levels/UEDPIE_0_TestLevel_Weeb.TestLevel_Weeb up for play (max tick rate 0) at 2026.08.26-14.25.17
[2026.08.26-21.25.17:630][153]LogWorld: Bringing up level for play took: 0.000674
[2026.08.26-21.25.17:630][153]LogOnline: OSS: Creating online subsystem instance for: :Context_77
[2026.08.26-21.25.17:634][153]PIE: Server logged in
[2026.08.26-21.25.17:636][153]PIE: Play in editor total start time 0.076 seconds.
[2026.08.26-21.25.24:405][817]LogBlueprintUserMessages: [BP_Revolver_2] 1.5
[2026.08.26-21.25.26:663][ 59]LogSlate: Updating window title bar state: overlay mode, drag disabled, window buttons hidden, title bar hidden
[2026.08.26-21.25.26:663][ 59]LogWorld: BeginTearingDown for /Game/Brackeys2026/Levels/UEDPIE_0_TestLevel_Weeb
[2026.08.26-21.25.26:663][ 59]LogWorld: UWorld::CleanupWorld for TestLevel_Weeb, bSessionEnded=true, bCleanupResources=true
[2026.08.26-21.25.26:664][ 59]LogSlate: InvalidateAllWidgets triggered.  All widgets were invalidated
[2026.08.26-21.25.26:685][ 59]LogPlayLevel: Display: Shutting down PIE online subsystems
[2026.08.26-21.25.26:693][ 59]LogSlate: InvalidateAllWidgets triggered.  All widgets were invalidated
[2026.08.26-21.25.26:722][ 59]LogSlate: Updating window title bar state: overlay mode, drag disabled, window buttons hidden, title bar hidden
[2026.08.26-21.25.26:723][ 59]LogAudioMixer: FMixerPlatformXAudio2::StopAudioStream() called
[2026.08.26-21.25.26:724][ 59]LogAudioMixer: FMixerPlatformXAudio2::StopAudioStream() called
[2026.08.26-21.25.26:730][ 59]LogUObjectHash: Compacting FUObjectHashTables data took   2.14ms
[2026.08.26-21.25.26:747][ 60]LogPlayLevel: Display: Destroying online subsystem :Context_77
[2026.08.26-21.25.46:599][184]BlueprintLog: New page: Compile BP_Revolver
[2026.08.26-21.25.46:671][184]LogUObjectHash: Compacting FUObjectHashTables data took   2.50ms
[2026.08.26-21.25.47:181][222]LogSavePackage: Moving 'E:/_Alex's Data/Unreal Engine/Unreal Projects/Brackeys2026/Brackeys-2026/BrackeysJam2026/Saved/BP_RevolverDD1DE47D43B0894B5422FA8048743921.tmp' to 'E:/_Alex's Data/Unreal Engine/Unreal Projects/Brackeys2026/Brackeys-2026/BrackeysJam2026/Content/Brackeys2026/Objects/Revolver/BP_Revolver.uasset'
[2026.08.26-21.25.47:213][222]AssetCheck: New page: Asset Save: BP_Revolver
[2026.08.26-21.25.47:213][222]LogContentValidation: Display: Validating Blueprint /Game/Brackeys2026/Objects/Revolver/BP_Revolver.BP_Revolver
[2026.08.26-21.25.47:655][269]LogTemp: Repeating last play command: Selected Viewport
[2026.08.26-21.25.47:665][269]LogPlayLevel: PlayLevel: No blueprints needed recompiling
[2026.08.26-21.25.47:665][269]PIE: New page: PIE session: TestLevel_Weeb (Aug 26, 2026, 7:25:47 AM)
[2026.08.26-21.25.47:666][269]LogPlayLevel: Creating play world package: /Game/Brackeys2026/Levels/UEDPIE_0_TestLevel_Weeb
[2026.08.26-21.25.47:668][269]LogPlayLevel: PIE: StaticDuplicateObject took: (0.002931s)
[2026.08.26-21.25.47:669][269]LogAIModule: Creating AISystem for world TestLevel_Weeb
[2026.08.26-21.25.47:670][269]LogPlayLevel: PIE: World Init took: (0.001436s)
[2026.08.26-21.25.47:670][269]LogPlayLevel: PIE: Created PIE world by copying editor world from /Game/Brackeys2026/Levels/TestLevel_Weeb.TestLevel_Weeb to /Game/Brackeys2026/Levels/UEDPIE_0_TestLevel_Weeb.TestLevel_Weeb (0.004556s)
[2026.08.26-21.25.47:705][269]LogUObjectHash: Compacting FUObjectHashTables data took   2.98ms
[2026.08.26-21.25.47:705][269]LogAudio: Display: Creating Audio Device:                 Id: 65, Scope: Unique, Realtime: True
[2026.08.26-21.25.47:705][269]LogAudioMixer: Display: Audio Mixer Platform Settings:
[2026.08.26-21.25.47:705][269]LogAudioMixer: Display: 	Sample Rate:						  48000
[2026.08.26-21.25.47:705][269]LogAudioMixer: Display: 	Callback Buffer Frame Size Requested: 1024
[2026.08.26-21.25.47:705][269]LogAudioMixer: Display: 	Callback Buffer Frame Size To Use:	  1024
[2026.08.26-21.25.47:705][269]LogAudioMixer: Display: 	Number of buffers to queue:			  2
[2026.08.26-21.25.47:705][269]LogAudioMixer: Display: 	Max Channels (voices):				  32
[2026.08.26-21.25.47:705][269]LogAudioMixer: Display: 	Number of Async Source Workers:		  0
[2026.08.26-21.25.47:705][269]LogAudio: Display: AudioDevice MaxSources: 32
[2026.08.26-21.25.47:706][269]LogAudio: Display: Audio Spatialization Plugin: None (built-in).
[2026.08.26-21.25.47:706][269]LogAudio: Display: Audio Reverb Plugin: None (built-in).
[2026.08.26-21.25.47:706][269]LogAudio: Display: Audio Occlusion Plugin: None (built-in).
[2026.08.26-21.25.47:706][269]LogAudioMixer: Display: Initializing audio mixer.
[2026.08.26-21.25.47:711][269]LogAudioMixer: Display: 0: FrontLeft
[2026.08.26-21.25.47:711][269]LogAudioMixer: Display: 1: FrontRight
[2026.08.26-21.25.47:722][269]LogAudioMixer: Display: Using Audio Device Realtek HD Audio 2nd output (Realtek(R) Audio)
[2026.08.26-21.25.47:722][269]LogAudioMixer: Display: Initializing Sound Submixes...
[2026.08.26-21.25.47:722][269]LogAudioMixer: Display: Creating Master Submix 'MasterSubmixDefault'
[2026.08.26-21.25.47:722][269]LogAudioMixer: Display: Creating Master Submix 'MasterReverbSubmixDefault'
[2026.08.26-21.25.47:723][269]LogAudioMixer: Display: Creating Master Submix 'MasterEQSubmixDefault'
[2026.08.26-21.25.47:723][269]LogAudioMixer: FMixerPlatformXAudio2::StartAudioStream() called
[2026.08.26-21.25.47:723][269]LogAudioMixer: Display: Output buffers initialized: Frames=1024, Channels=2, Samples=2048
[2026.08.26-21.25.47:724][269]LogAudioMixer: Display: Starting AudioMixerPlatformInterface::RunInternal()
[2026.08.26-21.25.47:724][269]LogAudioMixer: Display: FMixerPlatformXAudio2::SubmitBuffer() called for the first time
[2026.08.26-21.25.47:724][269]LogInit: FAudioDevice initialized.
[2026.08.26-21.25.47:724][269]LogAudio: Display: Audio Device (ID: 65) registered with world 'TestLevel_Weeb'.
[2026.08.26-21.25.47:781][269]LogSlate: Updating window title bar state: overlay mode, drag disabled, window buttons hidden, title bar hidden
[2026.08.26-21.25.47:781][269]LogLoad: Game class is 'BrackeysGameMode_C'
[2026.08.26-21.25.47:782][269]LogWorld: Bringing World /Game/Brackeys2026/Levels/UEDPIE_0_TestLevel_Weeb.TestLevel_Weeb up for play (max tick rate 0) at 2026.08.26-14.25.47
[2026.08.26-21.25.47:782][269]LogWorld: Bringing up level for play took: 0.000846
[2026.08.26-21.25.47:783][269]LogOnline: OSS: Creating online subsystem instance for: :Context_78
[2026.08.26-21.25.47:789][269]PIE: Server logged in
[2026.08.26-21.25.47:789][269]PIE: Play in editor total start time 0.126 seconds.
[2026.08.26-21.25.49:473][464]LogSlate: Updating window title bar state: overlay mode, drag disabled, window buttons hidden, title bar hidden
[2026.08.26-21.25.49:473][464]LogWorld: BeginTearingDown for /Game/Brackeys2026/Levels/UEDPIE_0_TestLevel_Weeb
[2026.08.26-21.25.49:474][464]LogSlate: Window 'BrackeysJam2026 Preview [NetMode: Standalone]  (64-bit/Windows) ' being destroyed
[2026.08.26-21.25.49:482][464]LogWorld: UWorld::CleanupWorld for TestLevel_Weeb, bSessionEnded=true, bCleanupResources=true
[2026.08.26-21.25.49:482][464]LogSlate: InvalidateAllWidgets triggered.  All widgets were invalidated
[2026.08.26-21.25.49:497][464]LogPlayLevel: Display: Shutting down PIE online subsystems
[2026.08.26-21.25.49:508][464]LogSlate: InvalidateAllWidgets triggered.  All widgets were invalidated
[2026.08.26-21.25.49:537][464]LogAudio: Display: Audio Device unregistered from world 'None'.
[2026.08.26-21.25.49:539][464]LogAudioMixer: FMixerPlatformXAudio2::StopAudioStream() called
[2026.08.26-21.25.49:540][464]LogAudioMixer: FMixerPlatformXAudio2::StopAudioStream() called
[2026.08.26-21.25.49:545][464]LogUObjectHash: Compacting FUObjectHashTables data took   2.45ms
[2026.08.26-21.25.49:571][465]LogPlayLevel: Display: Destroying online subsystem :Context_78
[2026.08.26-21.25.51:687][709]LogTemp: Repeating last play command: Selected Viewport
[2026.08.26-21.25.51:695][709]LogPlayLevel: PlayLevel: No blueprints needed recompiling
[2026.08.26-21.25.51:695][709]PIE: New page: PIE session: TestLevel_Weeb (Aug 26, 2026, 7:25:51 AM)
[2026.08.26-21.25.51:720][709]LogPlayLevel: Creating play world package: /Game/Brackeys2026/Levels/UEDPIE_0_TestLevel_Weeb
[2026.08.26-21.25.51:722][709]LogPlayLevel: PIE: StaticDuplicateObject took: (0.002484s)
[2026.08.26-21.25.51:723][709]LogAIModule: Creating AISystem for world TestLevel_Weeb
[2026.08.26-21.25.51:723][709]LogPlayLevel: PIE: World Init took: (0.000906s)
[2026.08.26-21.25.51:723][709]LogPlayLevel: PIE: Created PIE world by copying editor world from /Game/Brackeys2026/Levels/TestLevel_Weeb.TestLevel_Weeb to /Game/Brackeys2026/Levels/UEDPIE_0_TestLevel_Weeb.TestLevel_Weeb (0.003587s)
[2026.08.26-21.25.51:757][709]LogUObjectHash: Compacting FUObjectHashTables data took   2.75ms
[2026.08.26-21.25.51:758][709]LogAudio: Display: Creating Audio Device:                 Id: 66, Scope: Unique, Realtime: True
[2026.08.26-21.25.51:758][709]LogAudioMixer: Display: Audio Mixer Platform Settings:
[2026.08.26-21.25.51:758][709]LogAudioMixer: Display: 	Sample Rate:						  48000
[2026.08.26-21.25.51:758][709]LogAudioMixer: Display: 	Callback Buffer Frame Size Requested: 1024
[2026.08.26-21.25.51:758][709]LogAudioMixer: Display: 	Callback Buffer Frame Size To Use:	  1024
[2026.08.26-21.25.51:758][709]LogAudioMixer: Display: 	Number of buffers to queue:			  2
[2026.08.26-21.25.51:758][709]LogAudioMixer: Display: 	Max Channels (voices):				  32
[2026.08.26-21.25.51:758][709]LogAudioMixer: Display: 	Number of Async Source Workers:		  0
[2026.08.26-21.25.51:758][709]LogAudio: Display: AudioDevice MaxSources: 32
[2026.08.26-21.25.51:759][709]LogAudio: Display: Audio Spatialization Plugin: None (built-in).
[2026.08.26-21.25.51:759][709]LogAudio: Display: Audio Reverb Plugin: None (built-in).
[2026.08.26-21.25.51:759][709]LogAudio: Display: Audio Occlusion Plugin: None (built-in).
[2026.08.26-21.25.51:759][709]LogAudioMixer: Display: Initializing audio mixer.
[2026.08.26-21.25.51:763][709]LogAudioMixer: Display: 0: FrontLeft
[2026.08.26-21.25.51:763][709]LogAudioMixer: Display: 1: FrontRight
[2026.08.26-21.25.51:776][709]LogAudioMixer: Display: Using Audio Device Realtek HD Audio 2nd output (Realtek(R) Audio)
[2026.08.26-21.25.51:776][709]LogAudioMixer: Display: Initializing Sound Submixes...
[2026.08.26-21.25.51:776][709]LogAudioMixer: Display: Creating Master Submix 'MasterSubmixDefault'
[2026.08.26-21.25.51:776][709]LogAudioMixer: Display: Creating Master Submix 'MasterReverbSubmixDefault'
[2026.08.26-21.25.51:776][709]LogAudioMixer: Display: Creating Master Submix 'MasterEQSubmixDefault'
[2026.08.26-21.25.51:776][709]LogAudioMixer: FMixerPlatformXAudio2::StartAudioStream() called
[2026.08.26-21.25.51:776][709]LogAudioMixer: Display: Output buffers initialized: Frames=1024, Channels=2, Samples=2048
[2026.08.26-21.25.51:778][709]LogAudioMixer: Display: Starting AudioMixerPlatformInterface::RunInternal()
[2026.08.26-21.25.51:778][709]LogAudioMixer: Display: FMixerPlatformXAudio2::SubmitBuffer() called for the first time
[2026.08.26-21.25.51:778][709]LogInit: FAudioDevice initialized.
[2026.08.26-21.25.51:778][709]LogAudio: Display: Audio Device (ID: 66) registered with world 'TestLevel_Weeb'.
[2026.08.26-21.25.51:790][709]LogLoad: Game class is 'BrackeysGameMode_C'
[2026.08.26-21.25.51:791][709]LogWorld: Bringing World /Game/Brackeys2026/Levels/UEDPIE_0_TestLevel_Weeb.TestLevel_Weeb up for play (max tick rate 0) at 2026.08.26-14.25.51
[2026.08.26-21.25.51:791][709]LogWorld: Bringing up level for play took: 0.000626
[2026.08.26-21.25.51:791][709]LogOnline: OSS: Creating online subsystem instance for: :Context_79
[2026.08.26-21.25.51:797][709]PIE: Server logged in
[2026.08.26-21.25.51:798][709]PIE: Play in editor total start time 0.105 seconds.
[2026.08.26-21.25.56:155][167]LogEditorViewport: Clicking on Actor (LMB): StaticMeshActor (Floor)
[2026.08.26-21.26.00:337][604]LogBlueprintUserMessages: [BP_Revolver_2] 1.5
[2026.08.26-21.26.03:757][969]LogEditorViewport: Clicking on Actor (LMB): StaticMeshActor (Floor)
[2026.08.26-21.26.04:307][ 27]LogEditorViewport: Clicking on Actor (LMB): BP_Revolver_C (BP_Revolver)
[2026.08.26-21.26.13:461][  7]LogBlueprintUserMessages: [BP_Revolver_2] 1.5
[2026.08.26-21.26.23:411][161]LogBlueprintUserMessages: [BP_Revolver_2] 6.5
[2026.08.26-21.26.27:472][643]LogSlate: Updating window title bar state: overlay mode, drag disabled, window buttons hidden, title bar hidden
[2026.08.26-21.26.27:473][643]LogWorld: BeginTearingDown for /Game/Brackeys2026/Levels/UEDPIE_0_TestLevel_Weeb
[2026.08.26-21.26.27:473][643]LogWorld: UWorld::CleanupWorld for TestLevel_Weeb, bSessionEnded=true, bCleanupResources=true
[2026.08.26-21.26.27:473][643]LogSlate: InvalidateAllWidgets triggered.  All widgets were invalidated
[2026.08.26-21.26.27:484][643]LogPlayLevel: Display: Shutting down PIE online subsystems
[2026.08.26-21.26.27:489][643]LogSlate: InvalidateAllWidgets triggered.  All widgets were invalidated
[2026.08.26-21.26.27:518][643]LogSlate: Updating window title bar state: overlay mode, drag disabled, window buttons hidden, title bar hidden
[2026.08.26-21.26.27:519][643]LogAudioMixer: FMixerPlatformXAudio2::StopAudioStream() called
[2026.08.26-21.26.27:520][643]LogAudioMixer: FMixerPlatformXAudio2::StopAudioStream() called
[2026.08.26-21.26.27:526][643]LogUObjectHash: Compacting FUObjectHashTables data took   2.71ms
[2026.08.26-21.26.27:551][644]LogPlayLevel: Display: Destroying online subsystem :Context_79
[2026.08.26-21.26.44:299][370]BlueprintLog: New page: Compile BP_Revolver
[2026.08.26-21.26.44:371][370]LogUObjectHash: Compacting FUObjectHashTables data took   2.51ms
[2026.08.26-21.26.44:813][399]LogSavePackage: Moving 'E:/_Alex's Data/Unreal Engine/Unreal Projects/Brackeys2026/Brackeys-2026/BrackeysJam2026/Saved/BP_RevolverE591512944B8E7A3D61622A44D2B7176.tmp' to 'E:/_Alex's Data/Unreal Engine/Unreal Projects/Brackeys2026/Brackeys-2026/BrackeysJam2026/Content/Brackeys2026/Objects/Revolver/BP_Revolver.uasset'
[2026.08.26-21.26.44:842][399]AssetCheck: New page: Asset Save: BP_Revolver
[2026.08.26-21.26.44:842][399]LogContentValidation: Display: Validating Blueprint /Game/Brackeys2026/Objects/Revolver/BP_Revolver.BP_Revolver
[2026.08.26-21.26.51:046][ 62]BlueprintLog: New page: Compile BP_Player
[2026.08.26-21.26.51:140][ 62]LogUObjectHash: Compacting FUObjectHashTables data took   3.25ms
[2026.08.26-21.26.51:552][ 94]LogSavePackage: Moving 'E:/_Alex's Data/Unreal Engine/Unreal Projects/Brackeys2026/Brackeys-2026/BrackeysJam2026/Saved/BP_Player7DC55AD3414D60AFB8C7B987D3C73705.tmp' to 'E:/_Alex's Data/Unreal Engine/Unreal Projects/Brackeys2026/Brackeys-2026/BrackeysJam2026/Content/Brackeys2026/Characters/Player/BP_Player.uasset'
[2026.08.26-21.26.51:578][ 94]AssetCheck: New page: Asset Save: BP_Player
[2026.08.26-21.26.51:578][ 94]LogContentValidation: Display: Validating Blueprint /Game/Brackeys2026/Characters/Player/BP_Player.BP_Player
[2026.08.26-21.26.51:871][127]LogTemp: Repeating last play command: Selected Viewport
[2026.08.26-21.26.51:879][127]LogPlayLevel: PlayLevel: No blueprints needed recompiling
[2026.08.26-21.26.51:879][127]PIE: New page: PIE session: TestLevel_Weeb (Aug 26, 2026, 7:26:51 AM)
[2026.08.26-21.26.51:879][127]LogPlayLevel: Creating play world package: /Game/Brackeys2026/Levels/UEDPIE_0_TestLevel_Weeb
[2026.08.26-21.26.51:883][127]LogPlayLevel: PIE: StaticDuplicateObject took: (0.002931s)
[2026.08.26-21.26.51:884][127]LogAIModule: Creating AISystem for world TestLevel_Weeb
[2026.08.26-21.26.51:885][127]LogPlayLevel: PIE: World Init took: (0.001757s)
[2026.08.26-21.26.51:885][127]LogPlayLevel: PIE: Created PIE world by copying editor world from /Game/Brackeys2026/Levels/TestLevel_Weeb.TestLevel_Weeb to /Game/Brackeys2026/Levels/UEDPIE_0_TestLevel_Weeb.TestLevel_Weeb (0.004842s)
[2026.08.26-21.26.51:919][127]LogUObjectHash: Compacting FUObjectHashTables data took   3.01ms
[2026.08.26-21.26.51:919][127]LogAudio: Display: Creating Audio Device:                 Id: 67, Scope: Unique, Realtime: True
[2026.08.26-21.26.51:919][127]LogAudioMixer: Display: Audio Mixer Platform Settings:
[2026.08.26-21.26.51:919][127]LogAudioMixer: Display: 	Sample Rate:						  48000
[2026.08.26-21.26.51:919][127]LogAudioMixer: Display: 	Callback Buffer Frame Size Requested: 1024
[2026.08.26-21.26.51:919][127]LogAudioMixer: Display: 	Callback Buffer Frame Size To Use:	  1024
[2026.08.26-21.26.51:919][127]LogAudioMixer: Display: 	Number of buffers to queue:			  2
[2026.08.26-21.26.51:919][127]LogAudioMixer: Display: 	Max Channels (voices):				  32
[2026.08.26-21.26.51:919][127]LogAudioMixer: Display: 	Number of Async Source Workers:		  0
[2026.08.26-21.26.51:919][127]LogAudio: Display: AudioDevice MaxSources: 32
[2026.08.26-21.26.51:920][127]LogAudio: Display: Audio Spatialization Plugin: None (built-in).
[2026.08.26-21.26.51:920][127]LogAudio: Display: Audio Reverb Plugin: None (built-in).
[2026.08.26-21.26.51:920][127]LogAudio: Display: Audio Occlusion Plugin: None (built-in).
[2026.08.26-21.26.51:920][127]LogAudioMixer: Display: Initializing audio mixer.
[2026.08.26-21.26.51:924][127]LogAudioMixer: Display: 0: FrontLeft
[2026.08.26-21.26.51:924][127]LogAudioMixer: Display: 1: FrontRight
[2026.08.26-21.26.51:936][127]LogAudioMixer: Display: Using Audio Device Realtek HD Audio 2nd output (Realtek(R) Audio)
[2026.08.26-21.26.51:937][127]LogAudioMixer: Display: Initializing Sound Submixes...
[2026.08.26-21.26.51:937][127]LogAudioMixer: Display: Creating Master Submix 'MasterSubmixDefault'
[2026.08.26-21.26.51:937][127]LogAudioMixer: Display: Creating Master Submix 'MasterReverbSubmixDefault'
[2026.08.26-21.26.51:937][127]LogAudioMixer: Display: Creating Master Submix 'MasterEQSubmixDefault'
[2026.08.26-21.26.51:937][127]LogAudioMixer: FMixerPlatformXAudio2::StartAudioStream() called
[2026.08.26-21.26.51:937][127]LogAudioMixer: Display: Output buffers initialized: Frames=1024, Channels=2, Samples=2048
[2026.08.26-21.26.51:938][127]LogAudioMixer: Display: Starting AudioMixerPlatformInterface::RunInternal()
[2026.08.26-21.26.51:938][127]LogAudioMixer: Display: FMixerPlatformXAudio2::SubmitBuffer() called for the first time
[2026.08.26-21.26.51:938][127]LogInit: FAudioDevice initialized.
[2026.08.26-21.26.51:938][127]LogAudio: Display: Audio Device (ID: 67) registered with world 'TestLevel_Weeb'.
[2026.08.26-21.26.51:981][127]LogSlate: Updating window title bar state: overlay mode, drag disabled, window buttons hidden, title bar hidden
[2026.08.26-21.26.51:981][127]LogLoad: Game class is 'BrackeysGameMode_C'
[2026.08.26-21.26.51:982][127]LogWorld: Bringing World /Game/Brackeys2026/Levels/UEDPIE_0_TestLevel_Weeb.TestLevel_Weeb up for play (max tick rate 0) at 2026.08.26-14.26.51
[2026.08.26-21.26.51:982][127]LogWorld: Bringing up level for play took: 0.000828
[2026.08.26-21.26.51:982][127]LogOnline: OSS: Creating online subsystem instance for: :Context_80
[2026.08.26-21.26.51:991][127]PIE: Server logged in
[2026.08.26-21.26.51:993][127]PIE: Play in editor total start time 0.117 seconds.
[2026.08.26-21.27.01:012][199]LogSlate: Window 'BrackeysJam2026 Preview [NetMode: Standalone]  (64-bit/Windows) ' being destroyed
[2026.08.26-21.27.01:021][199]LogWorld: BeginTearingDown for /Game/Brackeys2026/Levels/UEDPIE_0_TestLevel_Weeb
[2026.08.26-21.27.01:021][199]LogWorld: UWorld::CleanupWorld for TestLevel_Weeb, bSessionEnded=true, bCleanupResources=true
[2026.08.26-21.27.01:021][199]LogSlate: InvalidateAllWidgets triggered.  All widgets were invalidated
[2026.08.26-21.27.01:035][199]LogPlayLevel: Display: Shutting down PIE online subsystems
[2026.08.26-21.27.01:042][199]LogSlate: InvalidateAllWidgets triggered.  All widgets were invalidated
[2026.08.26-21.27.01:074][199]LogAudio: Display: Audio Device unregistered from world 'None'.
[2026.08.26-21.27.01:074][199]LogAudioMixer: FMixerPlatformXAudio2::StopAudioStream() called
[2026.08.26-21.27.01:076][199]LogAudioMixer: FMixerPlatformXAudio2::StopAudioStream() called
[2026.08.26-21.27.01:080][199]LogUObjectHash: Compacting FUObjectHashTables data took   2.24ms
[2026.08.26-21.27.01:117][202]LogPlayLevel: Display: Destroying online subsystem :Context_80
[2026.08.26-21.27.04:867][590]BlueprintLog: New page: Compile BP_Revolver
[2026.08.26-21.27.04:949][590]LogUObjectHash: Compacting FUObjectHashTables data took   2.66ms
[2026.08.26-21.27.05:611][644]LogSavePackage: Moving 'E:/_Alex's Data/Unreal Engine/Unreal Projects/Brackeys2026/Brackeys-2026/BrackeysJam2026/Saved/BP_Revolver9219B19A4E6A58D8287175A9D4ADDF9D.tmp' to 'E:/_Alex's Data/Unreal Engine/Unreal Projects/Brackeys2026/Brackeys-2026/BrackeysJam2026/Content/Brackeys2026/Objects/Revolver/BP_Revolver.uasset'
[2026.08.26-21.27.05:679][644]AssetCheck: New page: Asset Save: BP_Revolver
[2026.08.26-21.27.05:679][644]LogContentValidation: Display: Validating Blueprint /Game/Brackeys2026/Objects/Revolver/BP_Revolver.BP_Revolver
[2026.08.26-21.27.06:333][709]LogTemp: Repeating last play command: Selected Viewport
[2026.08.26-21.27.06:342][709]LogPlayLevel: PlayLevel: No blueprints needed recompiling
[2026.08.26-21.27.06:342][709]PIE: New page: PIE session: TestLevel_Weeb (Aug 26, 2026, 7:27:06 AM)
[2026.08.26-21.27.06:343][709]LogPlayLevel: Creating play world package: /Game/Brackeys2026/Levels/UEDPIE_0_TestLevel_Weeb
[2026.08.26-21.27.06:345][709]LogPlayLevel: PIE: StaticDuplicateObject took: (0.003111s)
[2026.08.26-21.27.06:346][709]LogAIModule: Creating AISystem for world TestLevel_Weeb
[2026.08.26-21.27.06:346][709]LogPlayLevel: PIE: World Init took: (0.000844s)
[2026.08.26-21.27.06:346][709]LogPlayLevel: PIE: Created PIE world by copying editor world from /Game/Brackeys2026/Levels/TestLevel_Weeb.TestLevel_Weeb to /Game/Brackeys2026/Levels/UEDPIE_0_TestLevel_Weeb.TestLevel_Weeb (0.004101s)
[2026.08.26-21.27.06:381][709]LogUObjectHash: Compacting FUObjectHashTables data took   3.03ms
[2026.08.26-21.27.06:382][709]LogAudio: Display: Creating Audio Device:                 Id: 68, Scope: Unique, Realtime: True
[2026.08.26-21.27.06:382][709]LogAudioMixer: Display: Audio Mixer Platform Settings:
[2026.08.26-21.27.06:382][709]LogAudioMixer: Display: 	Sample Rate:						  48000
[2026.08.26-21.27.06:382][709]LogAudioMixer: Display: 	Callback Buffer Frame Size Requested: 1024
[2026.08.26-21.27.06:382][709]LogAudioMixer: Display: 	Callback Buffer Frame Size To Use:	  1024
[2026.08.26-21.27.06:382][709]LogAudioMixer: Display: 	Number of buffers to queue:			  2
[2026.08.26-21.27.06:382][709]LogAudioMixer: Display: 	Max Channels (voices):				  32
[2026.08.26-21.27.06:382][709]LogAudioMixer: Display: 	Number of Async Source Workers:		  0
[2026.08.26-21.27.06:382][709]LogAudio: Display: AudioDevice MaxSources: 32
[2026.08.26-21.27.06:382][709]LogAudio: Display: Audio Spatialization Plugin: None (built-in).
[2026.08.26-21.27.06:382][709]LogAudio: Display: Audio Reverb Plugin: None (built-in).
[2026.08.26-21.27.06:382][709]LogAudio: Display: Audio Occlusion Plugin: None (built-in).
[2026.08.26-21.27.06:382][709]LogAudioMixer: Display: Initializing audio mixer.
[2026.08.26-21.27.06:387][709]LogAudioMixer: Display: 0: FrontLeft
[2026.08.26-21.27.06:387][709]LogAudioMixer: Display: 1: FrontRight
[2026.08.26-21.27.06:399][709]LogAudioMixer: Display: Using Audio Device Realtek HD Audio 2nd output (Realtek(R) Audio)
[2026.08.26-21.27.06:399][709]LogAudioMixer: Display: Initializing Sound Submixes...
[2026.08.26-21.27.06:399][709]LogAudioMixer: Display: Creating Master Submix 'MasterSubmixDefault'
[2026.08.26-21.27.06:399][709]LogAudioMixer: Display: Creating Master Submix 'MasterReverbSubmixDefault'
[2026.08.26-21.27.06:400][709]LogAudioMixer: Display: Creating Master Submix 'MasterEQSubmixDefault'
[2026.08.26-21.27.06:400][709]LogAudioMixer: FMixerPlatformXAudio2::StartAudioStream() called
[2026.08.26-21.27.06:400][709]LogAudioMixer: Display: Output buffers initialized: Frames=1024, Channels=2, Samples=2048
[2026.08.26-21.27.06:401][709]LogAudioMixer: Display: Starting AudioMixerPlatformInterface::RunInternal()
[2026.08.26-21.27.06:401][709]LogAudioMixer: Display: FMixerPlatformXAudio2::SubmitBuffer() called for the first time
[2026.08.26-21.27.06:401][709]LogInit: FAudioDevice initialized.
[2026.08.26-21.27.06:401][709]LogAudio: Display: Audio Device (ID: 68) registered with world 'TestLevel_Weeb'.
[2026.08.26-21.27.06:448][709]LogSlate: Updating window title bar state: overlay mode, drag disabled, window buttons hidden, title bar hidden
[2026.08.26-21.27.06:448][709]LogLoad: Game class is 'BrackeysGameMode_C'
[2026.08.26-21.27.06:449][709]LogWorld: Bringing World /Game/Brackeys2026/Levels/UEDPIE_0_TestLevel_Weeb.TestLevel_Weeb up for play (max tick rate 0) at 2026.08.26-14.27.06
[2026.08.26-21.27.06:450][709]LogWorld: Bringing up level for play took: 0.000715
[2026.08.26-21.27.06:450][709]LogOnline: OSS: Creating online subsystem instance for: :Context_81
[2026.08.26-21.27.06:457][709]PIE: Server logged in
[2026.08.26-21.27.06:460][709]PIE: Play in editor total start time 0.121 seconds.
[2026.08.26-21.27.32:922][817]LogSlate: Updating window title bar state: overlay mode, drag disabled, window buttons hidden, title bar hidden
[2026.08.26-21.27.32:922][817]LogWorld: BeginTearingDown for /Game/Brackeys2026/Levels/UEDPIE_0_TestLevel_Weeb
[2026.08.26-21.27.32:922][817]LogSlate: Window 'BrackeysJam2026 Preview [NetMode: Standalone]  (64-bit/Windows) ' being destroyed
[2026.08.26-21.27.32:928][817]LogWorld: UWorld::CleanupWorld for TestLevel_Weeb, bSessionEnded=true, bCleanupResources=true
[2026.08.26-21.27.32:928][817]LogSlate: InvalidateAllWidgets triggered.  All widgets were invalidated
[2026.08.26-21.27.32:949][817]LogPlayLevel: Display: Shutting down PIE online subsystems
[2026.08.26-21.27.32:954][817]LogSlate: InvalidateAllWidgets triggered.  All widgets were invalidated
[2026.08.26-21.27.32:983][817]LogAudio: Display: Audio Device unregistered from world 'None'.
[2026.08.26-21.27.32:984][817]LogAudioMixer: FMixerPlatformXAudio2::StopAudioStream() called
[2026.08.26-21.27.32:985][817]LogAudioMixer: FMixerPlatformXAudio2::StopAudioStream() called
[2026.08.26-21.27.32:990][817]LogUObjectHash: Compacting FUObjectHashTables data took   2.23ms
[2026.08.26-21.27.33:039][818]LogPlayLevel: Display: Destroying online subsystem :Context_81
[2026.08.26-21.27.37:817][344]BlueprintLog: New page: Compile BP_Revolver
[2026.08.26-21.27.37:885][344]LogUObjectHash: Compacting FUObjectHashTables data took   2.50ms
[2026.08.26-21.27.38:345][376]LogSavePackage: Moving 'E:/_Alex's Data/Unreal Engine/Unreal Projects/Brackeys2026/Brackeys-2026/BrackeysJam2026/Saved/BP_Revolver79D47EA54551E3EB0B1049A2BA4160F4.tmp' to 'E:/_Alex's Data/Unreal Engine/Unreal Projects/Brackeys2026/Brackeys-2026/BrackeysJam2026/Content/Brackeys2026/Objects/Revolver/BP_Revolver.uasset'
[2026.08.26-21.27.38:374][376]AssetCheck: New page: Asset Save: BP_Revolver
[2026.08.26-21.27.38:374][376]LogContentValidation: Display: Validating Blueprint /Game/Brackeys2026/Objects/Revolver/BP_Revolver.BP_Revolver
[2026.08.26-21.27.43:002][918]LogTemp: Repeating last play command: Selected Viewport
[2026.08.26-21.27.43:013][918]LogPlayLevel: PlayLevel: No blueprints needed recompiling
[2026.08.26-21.27.43:013][918]PIE: New page: PIE session: TestLevel_Weeb (Aug 26, 2026, 7:27:43 AM)
[2026.08.26-21.27.43:013][918]LogPlayLevel: Creating play world package: /Game/Brackeys2026/Levels/UEDPIE_0_TestLevel_Weeb
[2026.08.26-21.27.43:016][918]LogPlayLevel: PIE: StaticDuplicateObject took: (0.003035s)
[2026.08.26-21.27.43:017][918]LogAIModule: Creating AISystem for world TestLevel_Weeb
[2026.08.26-21.27.43:017][918]LogPlayLevel: PIE: World Init took: (0.001535s)
[2026.08.26-21.27.43:017][918]LogPlayLevel: PIE: Created PIE world by copying editor world from /Game/Brackeys2026/Levels/TestLevel_Weeb.TestLevel_Weeb to /Game/Brackeys2026/Levels/UEDPIE_0_TestLevel_Weeb.TestLevel_Weeb (0.004753s)
[2026.08.26-21.27.43:053][918]LogUObjectHash: Compacting FUObjectHashTables data took   2.98ms
[2026.08.26-21.27.43:054][918]LogAudio: Display: Creating Audio Device:                 Id: 69, Scope: Unique, Realtime: True
[2026.08.26-21.27.43:054][918]LogAudioMixer: Display: Audio Mixer Platform Settings:
[2026.08.26-21.27.43:054][918]LogAudioMixer: Display: 	Sample Rate:						  48000
[2026.08.26-21.27.43:054][918]LogAudioMixer: Display: 	Callback Buffer Frame Size Requested: 1024
[2026.08.26-21.27.43:054][918]LogAudioMixer: Display: 	Callback Buffer Frame Size To Use:	  1024
[2026.08.26-21.27.43:054][918]LogAudioMixer: Display: 	Number of buffers to queue:			  2
[2026.08.26-21.27.43:054][918]LogAudioMixer: Display: 	Max Channels (voices):				  32
[2026.08.26-21.27.43:054][918]LogAudioMixer: Display: 	Number of Async Source Workers:		  0
[2026.08.26-21.27.43:054][918]LogAudio: Display: AudioDevice MaxSources: 32
[2026.08.26-21.27.43:054][918]LogAudio: Display: Audio Spatialization Plugin: None (built-in).
[2026.08.26-21.27.43:054][918]LogAudio: Display: Audio Reverb Plugin: None (built-in).
[2026.08.26-21.27.43:054][918]LogAudio: Display: Audio Occlusion Plugin: None (built-in).
[2026.08.26-21.27.43:054][918]LogAudioMixer: Display: Initializing audio mixer.
[2026.08.26-21.27.43:059][918]LogAudioMixer: Display: 0: FrontLeft
[2026.08.26-21.27.43:059][918]LogAudioMixer: Display: 1: FrontRight
[2026.08.26-21.27.43:071][918]LogAudioMixer: Display: Using Audio Device Realtek HD Audio 2nd output (Realtek(R) Audio)
[2026.08.26-21.27.43:071][918]LogAudioMixer: Display: Initializing Sound Submixes...
[2026.08.26-21.27.43:071][918]LogAudioMixer: Display: Creating Master Submix 'MasterSubmixDefault'
[2026.08.26-21.27.43:071][918]LogAudioMixer: Display: Creating Master Submix 'MasterReverbSubmixDefault'
[2026.08.26-21.27.43:072][918]LogAudioMixer: Display: Creating Master Submix 'MasterEQSubmixDefault'
[2026.08.26-21.27.43:072][918]LogAudioMixer: FMixerPlatformXAudio2::StartAudioStream() called
[2026.08.26-21.27.43:072][918]LogAudioMixer: Display: Output buffers initialized: Frames=1024, Channels=2, Samples=2048
[2026.08.26-21.27.43:073][918]LogAudioMixer: Display: Starting AudioMixerPlatformInterface::RunInternal()
[2026.08.26-21.27.43:073][918]LogAudioMixer: Display: FMixerPlatformXAudio2::SubmitBuffer() called for the first time
[2026.08.26-21.27.43:073][918]LogInit: FAudioDevice initialized.
[2026.08.26-21.27.43:073][918]LogAudio: Display: Audio Device (ID: 69) registered with world 'TestLevel_Weeb'.
[2026.08.26-21.27.43:115][918]LogSlate: Updating window title bar state: overlay mode, drag disabled, window buttons hidden, title bar hidden
[2026.08.26-21.27.43:115][918]LogLoad: Game class is 'BrackeysGameMode_C'
[2026.08.26-21.27.43:115][918]LogWorld: Bringing World /Game/Brackeys2026/Levels/UEDPIE_0_TestLevel_Weeb.TestLevel_Weeb up for play (max tick rate 0) at 2026.08.26-14.27.43
[2026.08.26-21.27.43:116][918]LogWorld: Bringing up level for play took: 0.000732
[2026.08.26-21.27.43:116][918]LogOnline: OSS: Creating online subsystem instance for: :Context_82
[2026.08.26-21.27.43:127][918]PIE: Server logged in
[2026.08.26-21.27.43:129][918]PIE: Play in editor total start time 0.119 seconds.
[2026.08.26-21.27.57:843][654]LogSlate: Updating window title bar state: overlay mode, drag disabled, window buttons hidden, title bar hidden
[2026.08.26-21.27.57:843][654]LogWorld: BeginTearingDown for /Game/Brackeys2026/Levels/UEDPIE_0_TestLevel_Weeb
[2026.08.26-21.27.57:843][654]LogSlate: Window 'BrackeysJam2026 Preview [NetMode: Standalone]  (64-bit/Windows) ' being destroyed
[2026.08.26-21.27.57:849][654]LogWorld: UWorld::CleanupWorld for TestLevel_Weeb, bSessionEnded=true, bCleanupResources=true
[2026.08.26-21.27.57:849][654]LogSlate: InvalidateAllWidgets triggered.  All widgets were invalidated
[2026.08.26-21.27.57:869][654]LogPlayLevel: Display: Shutting down PIE online subsystems
[2026.08.26-21.27.57:877][654]LogSlate: InvalidateAllWidgets triggered.  All widgets were invalidated
[2026.08.26-21.27.57:908][654]LogAudio: Display: Audio Device unregistered from world 'None'.
[2026.08.26-21.27.57:909][654]LogAudioMixer: FMixerPlatformXAudio2::StopAudioStream() called
[2026.08.26-21.27.57:910][654]LogAudioMixer: FMixerPlatformXAudio2::StopAudioStream() called
[2026.08.26-21.27.57:916][654]LogUObjectHash: Compacting FUObjectHashTables data took   2.26ms
[2026.08.26-21.27.57:972][655]LogPlayLevel: Display: Destroying online subsystem :Context_82
[2026.08.26-21.28.04:184][363]BlueprintLog: New page: Compile BP_Revolver
[2026.08.26-21.28.04:253][363]LogUObjectHash: Compacting FUObjectHashTables data took   2.50ms
[2026.08.26-21.28.04:766][399]LogSavePackage: Moving 'E:/_Alex's Data/Unreal Engine/Unreal Projects/Brackeys2026/Brackeys-2026/BrackeysJam2026/Saved/BP_Revolver9AE603404371C21FFC268A93CEC0F906.tmp' to 'E:/_Alex's Data/Unreal Engine/Unreal Projects/Brackeys2026/Brackeys-2026/BrackeysJam2026/Content/Brackeys2026/Objects/Revolver/BP_Revolver.uasset'
[2026.08.26-21.28.04:793][399]AssetCheck: New page: Asset Save: BP_Revolver
[2026.08.26-21.28.04:793][399]LogContentValidation: Display: Validating Blueprint /Game/Brackeys2026/Objects/Revolver/BP_Revolver.BP_Revolver
[2026.08.26-21.28.08:661][823]BlueprintLog: New page: Compile BP_Revolver
[2026.08.26-21.28.08:729][823]LogUObjectHash: Compacting FUObjectHashTables data took   3.34ms
[2026.08.26-21.28.09:159][849]LogSavePackage: Moving 'E:/_Alex's Data/Unreal Engine/Unreal Projects/Brackeys2026/Brackeys-2026/BrackeysJam2026/Saved/BP_RevolverDF4B2155425FCE1206D41FA9F44F2CC7.tmp' to 'E:/_Alex's Data/Unreal Engine/Unreal Projects/Brackeys2026/Brackeys-2026/BrackeysJam2026/Content/Brackeys2026/Objects/Revolver/BP_Revolver.uasset'
[2026.08.26-21.28.09:181][849]AssetCheck: New page: Asset Save: BP_Revolver
[2026.08.26-21.28.09:181][849]LogContentValidation: Display: Validating Blueprint /Game/Brackeys2026/Objects/Revolver/BP_Revolver.BP_Revolver
[2026.08.26-21.28.09:661][899]LogTemp: Repeating last play command: Selected Viewport
[2026.08.26-21.28.09:671][899]LogPlayLevel: PlayLevel: No blueprints needed recompiling
[2026.08.26-21.28.09:671][899]PIE: New page: PIE session: TestLevel_Weeb (Aug 26, 2026, 7:28:09 AM)
[2026.08.26-21.28.09:671][899]LogPlayLevel: Creating play world package: /Game/Brackeys2026/Levels/UEDPIE_0_TestLevel_Weeb
[2026.08.26-21.28.09:674][899]LogPlayLevel: PIE: StaticDuplicateObject took: (0.003017s)
[2026.08.26-21.28.09:675][899]LogAIModule: Creating AISystem for world TestLevel_Weeb
[2026.08.26-21.28.09:675][899]LogPlayLevel: PIE: World Init took: (0.001474s)
[2026.08.26-21.28.09:675][899]LogPlayLevel: PIE: Created PIE world by copying editor world from /Game/Brackeys2026/Levels/TestLevel_Weeb.TestLevel_Weeb to /Game/Brackeys2026/Levels/UEDPIE_0_TestLevel_Weeb.TestLevel_Weeb (0.004679s)
[2026.08.26-21.28.09:710][899]LogUObjectHash: Compacting FUObjectHashTables data took   3.00ms
[2026.08.26-21.28.09:711][899]LogAudio: Display: Creating Audio Device:                 Id: 70, Scope: Unique, Realtime: True
[2026.08.26-21.28.09:711][899]LogAudioMixer: Display: Audio Mixer Platform Settings:
[2026.08.26-21.28.09:711][899]LogAudioMixer: Display: 	Sample Rate:						  48000
[2026.08.26-21.28.09:711][899]LogAudioMixer: Display: 	Callback Buffer Frame Size Requested: 1024
[2026.08.26-21.28.09:711][899]LogAudioMixer: Display: 	Callback Buffer Frame Size To Use:	  1024
[2026.08.26-21.28.09:711][899]LogAudioMixer: Display: 	Number of buffers to queue:			  2
[2026.08.26-21.28.09:711][899]LogAudioMixer: Display: 	Max Channels (voices):				  32
[2026.08.26-21.28.09:711][899]LogAudioMixer: Display: 	Number of Async Source Workers:		  0
[2026.08.26-21.28.09:711][899]LogAudio: Display: AudioDevice MaxSources: 32
[2026.08.26-21.28.09:711][899]LogAudio: Display: Audio Spatialization Plugin: None (built-in).
[2026.08.26-21.28.09:711][899]LogAudio: Display: Audio Reverb Plugin: None (built-in).
[2026.08.26-21.28.09:711][899]LogAudio: Display: Audio Occlusion Plugin: None (built-in).
[2026.08.26-21.28.09:711][899]LogAudioMixer: Display: Initializing audio mixer.
[2026.08.26-21.28.09:716][899]LogAudioMixer: Display: 0: FrontLeft
[2026.08.26-21.28.09:716][899]LogAudioMixer: Display: 1: FrontRight
[2026.08.26-21.28.09:729][899]LogAudioMixer: Display: Using Audio Device Realtek HD Audio 2nd output (Realtek(R) Audio)
[2026.08.26-21.28.09:729][899]LogAudioMixer: Display: Initializing Sound Submixes...
[2026.08.26-21.28.09:729][899]LogAudioMixer: Display: Creating Master Submix 'MasterSubmixDefault'
[2026.08.26-21.28.09:729][899]LogAudioMixer: Display: Creating Master Submix 'MasterReverbSubmixDefault'
[2026.08.26-21.28.09:729][899]LogAudioMixer: Display: Creating Master Submix 'MasterEQSubmixDefault'
[2026.08.26-21.28.09:729][899]LogAudioMixer: FMixerPlatformXAudio2::StartAudioStream() called
[2026.08.26-21.28.09:729][899]LogAudioMixer: Display: Output buffers initialized: Frames=1024, Channels=2, Samples=2048
[2026.08.26-21.28.09:731][899]LogAudioMixer: Display: Starting AudioMixerPlatformInterface::RunInternal()
[2026.08.26-21.28.09:731][899]LogAudioMixer: Display: FMixerPlatformXAudio2::SubmitBuffer() called for the first time
[2026.08.26-21.28.09:731][899]LogInit: FAudioDevice initialized.
[2026.08.26-21.28.09:731][899]LogAudio: Display: Audio Device (ID: 70) registered with world 'TestLevel_Weeb'.
[2026.08.26-21.28.09:780][899]LogSlate: Updating window title bar state: overlay mode, drag disabled, window buttons hidden, title bar hidden
[2026.08.26-21.28.09:781][899]LogLoad: Game class is 'BrackeysGameMode_C'
[2026.08.26-21.28.09:781][899]LogWorld: Bringing World /Game/Brackeys2026/Levels/UEDPIE_0_TestLevel_Weeb.TestLevel_Weeb up for play (max tick rate 0) at 2026.08.26-14.28.09
[2026.08.26-21.28.09:781][899]LogWorld: Bringing up level for play took: 0.000714
[2026.08.26-21.28.09:781][899]LogOnline: OSS: Creating online subsystem instance for: :Context_83
[2026.08.26-21.28.09:790][899]PIE: Server logged in
[2026.08.26-21.28.09:792][899]PIE: Play in editor total start time 0.124 seconds.
[2026.08.26-21.28.43:163][833]LogSlate: Window 'BrackeysJam2026 Preview [NetMode: Standalone]  (64-bit/Windows) ' being destroyed
[2026.08.26-21.28.43:172][833]LogWorld: BeginTearingDown for /Game/Brackeys2026/Levels/UEDPIE_0_TestLevel_Weeb
[2026.08.26-21.28.43:210][833]LogWorld: UWorld::CleanupWorld for TestLevel_Weeb, bSessionEnded=true, bCleanupResources=true
[2026.08.26-21.28.43:210][833]LogSlate: InvalidateAllWidgets triggered.  All widgets were invalidated
[2026.08.26-21.28.43:236][833]LogPlayLevel: Display: Shutting down PIE online subsystems
[2026.08.26-21.28.43:241][833]LogSlate: InvalidateAllWidgets triggered.  All widgets were invalidated
[2026.08.26-21.28.43:274][833]LogAudio: Display: Audio Device unregistered from world 'None'.
[2026.08.26-21.28.43:275][833]LogAudioMixer: FMixerPlatformXAudio2::StopAudioStream() called
[2026.08.26-21.28.43:276][833]LogAudioMixer: FMixerPlatformXAudio2::StopAudioStream() called
[2026.08.26-21.28.43:282][833]LogUObjectHash: Compacting FUObjectHashTables data took   2.23ms
[2026.08.26-21.28.43:348][834]LogPlayLevel: Display: Destroying online subsystem :Context_83
[2026.08.26-21.28.45:685][ 91]LogUObjectHash: Compacting FUObjectHashTables data took   2.13ms
[2026.08.26-21.28.46:788][ 91]LogSlate: Window 'Save Content' being destroyed
[2026.08.26-21.28.46:850][ 91]LogUObjectHash: Compacting FUObjectHashTables data took   0.53ms
[2026.08.26-21.28.46:865][ 91]LogSavePackage: Moving 'E:/_Alex's Data/Unreal Engine/Unreal Projects/Brackeys2026/Brackeys-2026/BrackeysJam2026/Saved/TestLevel_WeebE5C56FF84281E63B0222F983591C0EAE.tmp' to 'E:/_Alex's Data/Unreal Engine/Unreal Projects/Brackeys2026/Brackeys-2026/BrackeysJam2026/Content/Brackeys2026/Levels/TestLevel_Weeb.umap'
[2026.08.26-21.28.46:940][ 91]LogFileHelpers: Saving map 'TestLevel_Weeb' took 0.122
[2026.08.26-21.28.46:954][ 91]AssetCheck: New page: Asset Save: TestLevel_Weeb
[2026.08.26-21.28.46:954][ 91]LogContentValidation: Display: Validating World /Game/Brackeys2026/Levels/TestLevel_Weeb.TestLevel_Weeb
[2026.08.26-21.29.18:901][445]BlueprintLog: New page: Compile BP_Revolver
[2026.08.26-21.29.18:986][445]LogUObjectHash: Compacting FUObjectHashTables data took   2.61ms
[2026.08.26-21.29.19:449][476]LogSavePackage: Moving 'E:/_Alex's Data/Unreal Engine/Unreal Projects/Brackeys2026/Brackeys-2026/BrackeysJam2026/Saved/BP_Revolver0FFFC4D045795BA16C36D9AF924F427F.tmp' to 'E:/_Alex's Data/Unreal Engine/Unreal Projects/Brackeys2026/Brackeys-2026/BrackeysJam2026/Content/Brackeys2026/Objects/Revolver/BP_Revolver.uasset'
[2026.08.26-21.29.19:477][476]AssetCheck: New page: Asset Save: BP_Revolver
[2026.08.26-21.29.19:477][476]LogContentValidation: Display: Validating Blueprint /Game/Brackeys2026/Objects/Revolver/BP_Revolver.BP_Revolver
[2026.08.26-21.29.19:950][528]LogTemp: Repeating last play command: Selected Viewport
[2026.08.26-21.29.19:961][528]LogPlayLevel: PlayLevel: No blueprints needed recompiling
[2026.08.26-21.29.19:961][528]PIE: New page: PIE session: TestLevel_Weeb (Aug 26, 2026, 7:29:19 AM)
[2026.08.26-21.29.19:961][528]LogPlayLevel: Creating play world package: /Game/Brackeys2026/Levels/UEDPIE_0_TestLevel_Weeb
[2026.08.26-21.29.19:964][528]LogPlayLevel: PIE: StaticDuplicateObject took: (0.003042s)
[2026.08.26-21.29.19:965][528]LogAIModule: Creating AISystem for world TestLevel_Weeb
[2026.08.26-21.29.19:966][528]LogPlayLevel: PIE: World Init took: (0.001512s)
[2026.08.26-21.29.19:966][528]LogPlayLevel: PIE: Created PIE world by copying editor world from /Game/Brackeys2026/Levels/TestLevel_Weeb.TestLevel_Weeb to /Game/Brackeys2026/Levels/UEDPIE_0_TestLevel_Weeb.TestLevel_Weeb (0.004734s)
[2026.08.26-21.29.20:000][528]LogUObjectHash: Compacting FUObjectHashTables data took   3.18ms
[2026.08.26-21.29.20:000][528]LogAudio: Display: Creating Audio Device:                 Id: 71, Scope: Unique, Realtime: True
[2026.08.26-21.29.20:000][528]LogAudioMixer: Display: Audio Mixer Platform Settings:
[2026.08.26-21.29.20:000][528]LogAudioMixer: Display: 	Sample Rate:						  48000
[2026.08.26-21.29.20:000][528]LogAudioMixer: Display: 	Callback Buffer Frame Size Requested: 1024
[2026.08.26-21.29.20:000][528]LogAudioMixer: Display: 	Callback Buffer Frame Size To Use:	  1024
[2026.08.26-21.29.20:000][528]LogAudioMixer: Display: 	Number of buffers to queue:			  2
[2026.08.26-21.29.20:000][528]LogAudioMixer: Display: 	Max Channels (voices):				  32
[2026.08.26-21.29.20:000][528]LogAudioMixer: Display: 	Number of Async Source Workers:		  0
[2026.08.26-21.29.20:000][528]LogAudio: Display: AudioDevice MaxSources: 32
[2026.08.26-21.29.20:001][528]LogAudio: Display: Audio Spatialization Plugin: None (built-in).
[2026.08.26-21.29.20:001][528]LogAudio: Display: Audio Reverb Plugin: None (built-in).
[2026.08.26-21.29.20:001][528]LogAudio: Display: Audio Occlusion Plugin: None (built-in).
[2026.08.26-21.29.20:001][528]LogAudioMixer: Display: Initializing audio mixer.
[2026.08.26-21.29.20:006][528]LogAudioMixer: Display: 0: FrontLeft
[2026.08.26-21.29.20:006][528]LogAudioMixer: Display: 1: FrontRight
[2026.08.26-21.29.20:018][528]LogAudioMixer: Display: Using Audio Device Realtek HD Audio 2nd output (Realtek(R) Audio)
[2026.08.26-21.29.20:018][528]LogAudioMixer: Display: Initializing Sound Submixes...
[2026.08.26-21.29.20:019][528]LogAudioMixer: Display: Creating Master Submix 'MasterSubmixDefault'
[2026.08.26-21.29.20:019][528]LogAudioMixer: Display: Creating Master Submix 'MasterReverbSubmixDefault'
[2026.08.26-21.29.20:019][528]LogAudioMixer: Display: Creating Master Submix 'MasterEQSubmixDefault'
[2026.08.26-21.29.20:019][528]LogAudioMixer: FMixerPlatformXAudio2::StartAudioStream() called
[2026.08.26-21.29.20:019][528]LogAudioMixer: Display: Output buffers initialized: Frames=1024, Channels=2, Samples=2048
[2026.08.26-21.29.20:019][528]LogAudioMixer: Display: Starting AudioMixerPlatformInterface::RunInternal()
[2026.08.26-21.29.20:019][528]LogAudioMixer: Display: FMixerPlatformXAudio2::SubmitBuffer() called for the first time
[2026.08.26-21.29.20:019][528]LogInit: FAudioDevice initialized.
[2026.08.26-21.29.20:020][528]LogAudio: Display: Audio Device (ID: 71) registered with world 'TestLevel_Weeb'.
[2026.08.26-21.29.20:064][528]LogSlate: Updating window title bar state: overlay mode, drag disabled, window buttons hidden, title bar hidden
[2026.08.26-21.29.20:064][528]LogLoad: Game class is 'BrackeysGameMode_C'
[2026.08.26-21.29.20:065][528]LogWorld: Bringing World /Game/Brackeys2026/Levels/UEDPIE_0_TestLevel_Weeb.TestLevel_Weeb up for play (max tick rate 0) at 2026.08.26-14.29.20
[2026.08.26-21.29.20:065][528]LogWorld: Bringing up level for play took: 0.000699
[2026.08.26-21.29.20:066][528]LogOnline: OSS: Creating online subsystem instance for: :Context_84
[2026.08.26-21.29.20:074][528]PIE: Server logged in
[2026.08.26-21.29.20:076][528]PIE: Play in editor total start time 0.118 seconds.
[2026.08.26-21.29.26:384][260]LogSlate: Updating window title bar state: overlay mode, drag disabled, window buttons hidden, title bar hidden
[2026.08.26-21.29.26:384][260]LogWorld: BeginTearingDown for /Game/Brackeys2026/Levels/UEDPIE_0_TestLevel_Weeb
[2026.08.26-21.29.26:384][260]LogSlate: Window 'BrackeysJam2026 Preview [NetMode: Standalone]  (64-bit/Windows) ' being destroyed
[2026.08.26-21.29.26:394][260]LogWorld: UWorld::CleanupWorld for TestLevel_Weeb, bSessionEnded=true, bCleanupResources=true
[2026.08.26-21.29.26:394][260]LogSlate: InvalidateAllWidgets triggered.  All widgets were invalidated
[2026.08.26-21.29.26:415][260]LogPlayLevel: Display: Shutting down PIE online subsystems
[2026.08.26-21.29.26:423][260]LogSlate: InvalidateAllWidgets triggered.  All widgets were invalidated
[2026.08.26-21.29.26:452][260]LogAudio: Display: Audio Device unregistered from world 'None'.
[2026.08.26-21.29.26:453][260]LogAudioMixer: FMixerPlatformXAudio2::StopAudioStream() called
[2026.08.26-21.29.26:454][260]LogAudioMixer: FMixerPlatformXAudio2::StopAudioStream() called
[2026.08.26-21.29.26:460][260]LogUObjectHash: Compacting FUObjectHashTables data took   2.24ms
[2026.08.26-21.29.26:511][261]LogPlayLevel: Display: Destroying online subsystem :Context_84
[2026.08.26-21.29.29:448][591]BlueprintLog: New page: Compile BP_Revolver
[2026.08.26-21.29.29:519][591]LogUObjectHash: Compacting FUObjectHashTables data took   2.56ms
[2026.08.26-21.29.30:020][628]LogSavePackage: Moving 'E:/_Alex's Data/Unreal Engine/Unreal Projects/Brackeys2026/Brackeys-2026/BrackeysJam2026/Saved/BP_Revolver4719651744175260E526A58CAA954D72.tmp' to 'E:/_Alex's Data/Unreal Engine/Unreal Projects/Brackeys2026/Brackeys-2026/BrackeysJam2026/Content/Brackeys2026/Objects/Revolver/BP_Revolver.uasset'
[2026.08.26-21.29.30:046][628]AssetCheck: New page: Asset Save: BP_Revolver
[2026.08.26-21.29.30:047][628]LogContentValidation: Display: Validating Blueprint /Game/Brackeys2026/Objects/Revolver/BP_Revolver.BP_Revolver
[2026.08.26-21.29.30:524][682]LogTemp: Repeating last play command: Selected Viewport
[2026.08.26-21.29.30:533][682]LogPlayLevel: PlayLevel: No blueprints needed recompiling
[2026.08.26-21.29.30:534][682]PIE: New page: PIE session: TestLevel_Weeb (Aug 26, 2026, 7:29:30 AM)
[2026.08.26-21.29.30:534][682]LogPlayLevel: Creating play world package: /Game/Brackeys2026/Levels/UEDPIE_0_TestLevel_Weeb
[2026.08.26-21.29.30:537][682]LogPlayLevel: PIE: StaticDuplicateObject took: (0.002954s)
[2026.08.26-21.29.30:538][682]LogAIModule: Creating AISystem for world TestLevel_Weeb
[2026.08.26-21.29.30:538][682]LogPlayLevel: PIE: World Init took: (0.001446s)
[2026.08.26-21.29.30:538][682]LogPlayLevel: PIE: Created PIE world by copying editor world from /Game/Brackeys2026/Levels/TestLevel_Weeb.TestLevel_Weeb to /Game/Brackeys2026/Levels/UEDPIE_0_TestLevel_Weeb.TestLevel_Weeb (0.004583s)
[2026.08.26-21.29.30:575][682]LogUObjectHash: Compacting FUObjectHashTables data took   3.04ms
[2026.08.26-21.29.30:575][682]LogAudio: Display: Creating Audio Device:                 Id: 72, Scope: Unique, Realtime: True
[2026.08.26-21.29.30:575][682]LogAudioMixer: Display: Audio Mixer Platform Settings:
[2026.08.26-21.29.30:575][682]LogAudioMixer: Display: 	Sample Rate:						  48000
[2026.08.26-21.29.30:575][682]LogAudioMixer: Display: 	Callback Buffer Frame Size Requested: 1024
[2026.08.26-21.29.30:575][682]LogAudioMixer: Display: 	Callback Buffer Frame Size To Use:	  1024
[2026.08.26-21.29.30:575][682]LogAudioMixer: Display: 	Number of buffers to queue:			  2
[2026.08.26-21.29.30:575][682]LogAudioMixer: Display: 	Max Channels (voices):				  32
[2026.08.26-21.29.30:575][682]LogAudioMixer: Display: 	Number of Async Source Workers:		  0
[2026.08.26-21.29.30:575][682]LogAudio: Display: AudioDevice MaxSources: 32
[2026.08.26-21.29.30:576][682]LogAudio: Display: Audio Spatialization Plugin: None (built-in).
[2026.08.26-21.29.30:576][682]LogAudio: Display: Audio Reverb Plugin: None (built-in).
[2026.08.26-21.29.30:576][682]LogAudio: Display: Audio Occlusion Plugin: None (built-in).
[2026.08.26-21.29.30:576][682]LogAudioMixer: Display: Initializing audio mixer.
[2026.08.26-21.29.30:581][682]LogAudioMixer: Display: 0: FrontLeft
[2026.08.26-21.29.30:581][682]LogAudioMixer: Display: 1: FrontRight
[2026.08.26-21.29.30:592][682]LogAudioMixer: Display: Using Audio Device Realtek HD Audio 2nd output (Realtek(R) Audio)
[2026.08.26-21.29.30:593][682]LogAudioMixer: Display: Initializing Sound Submixes...
[2026.08.26-21.29.30:593][682]LogAudioMixer: Display: Creating Master Submix 'MasterSubmixDefault'
[2026.08.26-21.29.30:593][682]LogAudioMixer: Display: Creating Master Submix 'MasterReverbSubmixDefault'
[2026.08.26-21.29.30:593][682]LogAudioMixer: Display: Creating Master Submix 'MasterEQSubmixDefault'
[2026.08.26-21.29.30:593][682]LogAudioMixer: FMixerPlatformXAudio2::StartAudioStream() called
[2026.08.26-21.29.30:593][682]LogAudioMixer: Display: Output buffers initialized: Frames=1024, Channels=2, Samples=2048
[2026.08.26-21.29.30:594][682]LogAudioMixer: Display: Starting AudioMixerPlatformInterface::RunInternal()
[2026.08.26-21.29.30:594][682]LogAudioMixer: Display: FMixerPlatformXAudio2::SubmitBuffer() called for the first time
[2026.08.26-21.29.30:594][682]LogInit: FAudioDevice initialized.
[2026.08.26-21.29.30:594][682]LogAudio: Display: Audio Device (ID: 72) registered with world 'TestLevel_Weeb'.
[2026.08.26-21.29.30:648][682]LogSlate: Updating window title bar state: overlay mode, drag disabled, window buttons hidden, title bar hidden
[2026.08.26-21.29.30:648][682]LogLoad: Game class is 'BrackeysGameMode_C'
[2026.08.26-21.29.30:649][682]LogWorld: Bringing World /Game/Brackeys2026/Levels/UEDPIE_0_TestLevel_Weeb.TestLevel_Weeb up for play (max tick rate 0) at 2026.08.26-14.29.30
[2026.08.26-21.29.30:649][682]LogWorld: Bringing up level for play took: 0.000859
[2026.08.26-21.29.30:649][682]LogOnline: OSS: Creating online subsystem instance for: :Context_85
[2026.08.26-21.29.30:659][682]PIE: Server logged in
[2026.08.26-21.29.30:662][682]PIE: Play in editor total start time 0.132 seconds.
[2026.08.26-21.29.48:023][755]LogSlate: Updating window title bar state: overlay mode, drag disabled, window buttons hidden, title bar hidden
[2026.08.26-21.29.48:023][755]LogWorld: BeginTearingDown for /Game/Brackeys2026/Levels/UEDPIE_0_TestLevel_Weeb
[2026.08.26-21.29.48:024][755]LogSlate: Window 'BrackeysJam2026 Preview [NetMode: Standalone]  (64-bit/Windows) ' being destroyed
[2026.08.26-21.29.48:034][755]LogWorld: UWorld::CleanupWorld for TestLevel_Weeb, bSessionEnded=true, bCleanupResources=true
[2026.08.26-21.29.48:035][755]LogSlate: InvalidateAllWidgets triggered.  All widgets were invalidated
[2026.08.26-21.29.48:060][755]LogPlayLevel: Display: Shutting down PIE online subsystems
[2026.08.26-21.29.48:066][755]LogSlate: InvalidateAllWidgets triggered.  All widgets were invalidated
[2026.08.26-21.29.48:096][755]LogAudio: Display: Audio Device unregistered from world 'None'.
[2026.08.26-21.29.48:098][755]LogAudioMixer: FMixerPlatformXAudio2::StopAudioStream() called
[2026.08.26-21.29.48:098][755]LogAudioMixer: FMixerPlatformXAudio2::StopAudioStream() called
[2026.08.26-21.29.48:104][755]LogUObjectHash: Compacting FUObjectHashTables data took   2.23ms
[2026.08.26-21.29.48:161][756]LogPlayLevel: Display: Destroying online subsystem :Context_85
[2026.08.26-21.29.54:556][481]BlueprintLog: New page: Compile BP_Revolver
[2026.08.26-21.29.54:623][481]LogUObjectHash: Compacting FUObjectHashTables data took   2.49ms
[2026.08.26-21.29.55:084][513]LogSavePackage: Moving 'E:/_Alex's Data/Unreal Engine/Unreal Projects/Brackeys2026/Brackeys-2026/BrackeysJam2026/Saved/BP_RevolverB482D3324C1D3AFE3E4E3D93B5758170.tmp' to 'E:/_Alex's Data/Unreal Engine/Unreal Projects/Brackeys2026/Brackeys-2026/BrackeysJam2026/Content/Brackeys2026/Objects/Revolver/BP_Revolver.uasset'
[2026.08.26-21.29.55:112][513]AssetCheck: New page: Asset Save: BP_Revolver
[2026.08.26-21.29.55:112][513]LogContentValidation: Display: Validating Blueprint /Game/Brackeys2026/Objects/Revolver/BP_Revolver.BP_Revolver
[2026.08.26-21.30.53:468][126]BlueprintLog: New page: Compile BP_Revolver
[2026.08.26-21.30.53:543][126]LogUObjectHash: Compacting FUObjectHashTables data took   3.34ms
[2026.08.26-21.30.56:310][161]LogSavePackage: Moving 'E:/_Alex's Data/Unreal Engine/Unreal Projects/Brackeys2026/Brackeys-2026/BrackeysJam2026/Saved/BP_RevolverB37219B64AECB8655A2745ACD20A6C8E.tmp' to 'E:/_Alex's Data/Unreal Engine/Unreal Projects/Brackeys2026/Brackeys-2026/BrackeysJam2026/Content/Brackeys2026/Objects/Revolver/BP_Revolver.uasset'
[2026.08.26-21.30.56:338][161]AssetCheck: New page: Asset Save: BP_Revolver
[2026.08.26-21.30.56:338][161]LogContentValidation: Display: Validating Blueprint /Game/Brackeys2026/Objects/Revolver/BP_Revolver.BP_Revolver
[2026.08.26-21.31.11:752][913]BlueprintLog: New page: Compile BP_Revolver
[2026.08.26-21.31.11:824][913]LogUObjectHash: Compacting FUObjectHashTables data took   3.15ms
[2026.08.26-21.31.12:275][946]LogSavePackage: Moving 'E:/_Alex's Data/Unreal Engine/Unreal Projects/Brackeys2026/Brackeys-2026/BrackeysJam2026/Saved/BP_Revolver3F0655F14002B0C5F701A8A19A70318F.tmp' to 'E:/_Alex's Data/Unreal Engine/Unreal Projects/Brackeys2026/Brackeys-2026/BrackeysJam2026/Content/Brackeys2026/Objects/Revolver/BP_Revolver.uasset'
[2026.08.26-21.31.12:344][946]AssetCheck: New page: Asset Save: BP_Revolver
[2026.08.26-21.31.12:344][946]LogContentValidation: Display: Validating Blueprint /Game/Brackeys2026/Objects/Revolver/BP_Revolver.BP_Revolver
[2026.08.26-21.39.22:847][158]LogUObjectHash: Compacting FUObjectHashTables data took   3.84ms
[2026.08.26-21.39.22:869][158]LogSavePackage: Moving 'E:/_Alex's Data/Unreal Engine/Unreal Projects/Brackeys2026/Brackeys-2026/BrackeysJam2026/Saved/TestLevel_Weeb_Auto22026CECE4219B7A6AC2E7186ACA27F40.tmp' to 'E:/_Alex's Data/Unreal Engine/Unreal Projects/Brackeys2026/Brackeys-2026/BrackeysJam2026/Saved/Autosaves/Game/Brackeys2026/Levels/TestLevel_Weeb_Auto2.umap'
[2026.08.26-21.39.22:924][158]LogFileHelpers: Editor autosave (incl. external actors) for '/Game/Brackeys2026/Levels/TestLevel_Weeb' took 0.124
[2026.08.26-21.39.22:924][158]LogFileHelpers: Editor autosave (incl. sublevels & external actors) for all levels took 0.124
[2026.08.26-21.39.41:324][274]LogContentBrowser: Deferred new asset file creation: NewSoundCue
[2026.08.26-21.39.41:337][274]LogContentBrowser: Creating deferred item: NewSoundCue
[2026.08.26-21.39.44:829][689]LogContentBrowser: Attempting asset rename: NewSoundCue -> BP_CuePlayer
[2026.08.26-21.39.44:830][689]LogContentBrowser: End creating deferred item NewSoundCue
[2026.08.26-21.39.49:097][146]LogContentBrowser: Deferred new asset file creation: NewSoundCue
[2026.08.26-21.39.49:109][146]LogContentBrowser: Creating deferred item: NewSoundCue
[2026.08.26-21.39.53:721][696]LogContentBrowser: Attempting asset rename: NewSoundCue -> BP_CueOpponent
[2026.08.26-21.39.53:722][696]LogContentBrowser: End creating deferred item NewSoundCue
[2026.08.26-21.40.09:350][453]BlueprintLog: New page: Compile BP_Opponent
[2026.08.26-21.40.09:427][453]LogUObjectHash: Compacting FUObjectHashTables data took   3.23ms
[2026.08.26-21.40.09:828][487]LogSavePackage: Moving 'E:/_Alex's Data/Unreal Engine/Unreal Projects/Brackeys2026/Brackeys-2026/BrackeysJam2026/Saved/BP_Opponent01878A9A492DD1DD8DCE8B9872566064.tmp' to 'E:/_Alex's Data/Unreal Engine/Unreal Projects/Brackeys2026/Brackeys-2026/BrackeysJam2026/Content/Brackeys2026/Characters/Opponent/BP_Opponent.uasset'
[2026.08.26-21.40.09:847][487]AssetCheck: New page: Asset Save: BP_Opponent
[2026.08.26-21.40.09:847][487]LogContentValidation: Display: Validating Blueprint /Game/Brackeys2026/Characters/Opponent/BP_Opponent.BP_Opponent
[2026.08.26-21.40.11:989][715]BlueprintLog: New page: Compile BP_Player
[2026.08.26-21.40.12:054][715]LogUObjectHash: Compacting FUObjectHashTables data took   3.19ms
[2026.08.26-21.40.12:499][748]LogSavePackage: Moving 'E:/_Alex's Data/Unreal Engine/Unreal Projects/Brackeys2026/Brackeys-2026/BrackeysJam2026/Saved/BP_Player0D49391B4A2870B34CD096B8E6A61211.tmp' to 'E:/_Alex's Data/Unreal Engine/Unreal Projects/Brackeys2026/Brackeys-2026/BrackeysJam2026/Content/Brackeys2026/Characters/Player/BP_Player.uasset'
[2026.08.26-21.40.12:524][748]AssetCheck: New page: Asset Save: BP_Player
[2026.08.26-21.40.12:525][748]LogContentValidation: Display: Validating Blueprint /Game/Brackeys2026/Characters/Player/BP_Player.BP_Player
[2026.08.26-21.40.24:452][134]LogAssetEditorSubsystem: Opening Asset editor for SoundCue /Game/Brackeys2026/SoundEffects/BP_CuePlayer.BP_CuePlayer
[2026.08.26-21.41.45:265][362]LogSavePackage: Moving 'E:/_Alex's Data/Unreal Engine/Unreal Projects/Brackeys2026/Brackeys-2026/BrackeysJam2026/Saved/BP_CuePlayer49BB710248E41568D753FBBD2AE9D12E.tmp' to 'E:/_Alex's Data/Unreal Engine/Unreal Projects/Brackeys2026/Brackeys-2026/BrackeysJam2026/Content/Brackeys2026/SoundEffects/BP_CuePlayer.uasset'
[2026.08.26-21.41.45:313][362]AssetCheck: New page: Asset Save: BP_CuePlayer
[2026.08.26-21.41.45:313][362]LogContentValidation: Display: Validating SoundCue /Game/Brackeys2026/SoundEffects/BP_CuePlayer.BP_CuePlayer
[2026.08.26-21.42.10:969][325]LogAssetEditorSubsystem: Opening Asset editor for SoundCue /Game/Brackeys2026/SoundEffects/BP_CueOpponent.BP_CueOpponent
[2026.08.26-21.42.13:377][602]LogAudio: Display: Cached duration for Sound Cue SoundCue /Game/Brackeys2026/SoundEffects/BP_CueOpponent.BP_CueOpponent was zero and has changed. Consider manually Re-saving the asset
[2026.08.26-21.42.14:658][743]LogSavePackage: Moving 'E:/_Alex's Data/Unreal Engine/Unreal Projects/Brackeys2026/Brackeys-2026/BrackeysJam2026/Saved/BP_CueOpponentBD9E3A594611635B72F18B871FE2B404.tmp' to 'E:/_Alex's Data/Unreal Engine/Unreal Projects/Brackeys2026/Brackeys-2026/BrackeysJam2026/Content/Brackeys2026/SoundEffects/BP_CueOpponent.uasset'
[2026.08.26-21.42.14:676][743]AssetCheck: New page: Asset Save: BP_CueOpponent
[2026.08.26-21.42.14:676][743]LogContentValidation: Display: Validating SoundCue /Game/Brackeys2026/SoundEffects/BP_CueOpponent.BP_CueOpponent
[2026.08.26-21.42.35:200][150]LogUObjectHash: Compacting FUObjectHashTables data took   3.65ms
[2026.08.26-21.42.36:822][150]LogSlate: Window 'Save Content' being destroyed
[2026.08.26-21.42.36:855][150]LogSavePackage: Moving 'E:/_Alex's Data/Unreal Engine/Unreal Projects/Brackeys2026/Brackeys-2026/BrackeysJam2026/Saved/BP_CueOpponent7F063E8C4BA6542C62F9CD81B3C4923E.tmp' to 'E:/_Alex's Data/Unreal Engine/Unreal Projects/Brackeys2026/Brackeys-2026/BrackeysJam2026/Content/Brackeys2026/SoundEffects/BP_CueOpponent.uasset'
[2026.08.26-21.42.36:860][150]LogSavePackage: Moving 'E:/_Alex's Data/Unreal Engine/Unreal Projects/Brackeys2026/Brackeys-2026/BrackeysJam2026/Saved/BP_CueRevolver2E59EE2A48A70BBC80D7EF942E769C0A.tmp' to 'E:/_Alex's Data/Unreal Engine/Unreal Projects/Brackeys2026/Brackeys-2026/BrackeysJam2026/Content/Brackeys2026/SoundEffects/BP_CueRevolver.uasset'
[2026.08.26-21.42.36:896][150]LogUObjectHash: Compacting FUObjectHashTables data took   0.76ms
[2026.08.26-21.42.37:313][150]LogSavePackage: Moving 'E:/_Alex's Data/Unreal Engine/Unreal Projects/Brackeys2026/Brackeys-2026/BrackeysJam2026/Saved/TestLevel_Weeb73140C99412D95082545B48901042E14.tmp' to 'E:/_Alex's Data/Unreal Engine/Unreal Projects/Brackeys2026/Brackeys-2026/BrackeysJam2026/Content/Brackeys2026/Levels/TestLevel_Weeb.umap'
[2026.08.26-21.42.37:328][150]LogFileHelpers: Saving map 'TestLevel_Weeb' took 0.464
[2026.08.26-21.42.37:345][150]AssetCheck: New page: Asset Save: multiple assets
[2026.08.26-21.42.37:345][150]LogContentValidation: Display: Validating SoundCue /Game/Brackeys2026/SoundEffects/BP_CueRevolver.BP_CueRevolver
[2026.08.26-21.42.37:345][150]LogContentValidation: Display: Validating SoundCue /Game/Brackeys2026/SoundEffects/BP_CueOpponent.BP_CueOpponent
[2026.08.26-21.42.37:345][150]LogContentValidation: Display: Validating World /Game/Brackeys2026/Levels/TestLevel_Weeb.TestLevel_Weeb
[2026.08.26-21.43.41:383][418]BlueprintLog: New page: Collapse to Function
[2026.08.26-21.43.54:429][953]LogEditorTransaction: Undo Move Node
[2026.08.26-21.43.54:783][963]LogEditorTransaction: Undo Create Pin Link
[2026.08.26-21.43.55:160][993]LogEditorTransaction: Undo Rename Function
[2026.08.26-21.43.55:518][ 26]LogEditorTransaction: Undo Collapses selected nodes into a single node
[2026.08.26-21.45.35:929][212]BlueprintLog: New page: Compile BP_Player
[2026.08.26-21.45.36:008][212]LogUObjectHash: Compacting FUObjectHashTables data took   3.41ms
[2026.08.26-21.45.38:929][258]LogSavePackage: Moving 'E:/_Alex's Data/Unreal Engine/Unreal Projects/Brackeys2026/Brackeys-2026/BrackeysJam2026/Saved/BP_Player6545D58C4289DCF9BF26EF9854450420.tmp' to 'E:/_Alex's Data/Unreal Engine/Unreal Projects/Brackeys2026/Brackeys-2026/BrackeysJam2026/Content/Brackeys2026/Characters/Player/BP_Player.uasset'
[2026.08.26-21.45.38:955][258]AssetCheck: New page: Asset Save: BP_Player
[2026.08.26-21.45.38:955][258]LogContentValidation: Display: Validating Blueprint /Game/Brackeys2026/Characters/Player/BP_Player.BP_Player
[2026.08.26-21.46.05:551][268]LogSelectionDetails: Warning: NavigateToFunctionSource:  Unable to find symbols for 'UAudioComponent::Play' [The specified module could not be found.]
[2026.08.26-21.46.06:783][355]BlueprintLog: New page: Compile BP_Opponent
[2026.08.26-21.46.06:837][355]LogUObjectHash: Compacting FUObjectHashTables data took   3.15ms
[2026.08.26-21.46.07:332][395]LogSavePackage: Moving 'E:/_Alex's Data/Unreal Engine/Unreal Projects/Brackeys2026/Brackeys-2026/BrackeysJam2026/Saved/BP_Opponent67BAA0464C4A3D9F974215B3C049BF46.tmp' to 'E:/_Alex's Data/Unreal Engine/Unreal Projects/Brackeys2026/Brackeys-2026/BrackeysJam2026/Content/Brackeys2026/Characters/Opponent/BP_Opponent.uasset'
[2026.08.26-21.46.07:356][395]AssetCheck: New page: Asset Save: BP_Opponent
[2026.08.26-21.46.07:357][395]LogContentValidation: Display: Validating Blueprint /Game/Brackeys2026/Characters/Opponent/BP_Opponent.BP_Opponent
[2026.08.26-21.46.27:259][737]LogAudioDerivedData: Display: Building compressed audio format OGG hash OGG10000-1-1-1-1-1 wave Opponent_Self_Shot...
[2026.08.26-21.46.27:259][737]LogAudioDerivedData: Display: Compression Quality for SoundWave /Game/Brackeys2026/SoundEffects/Opponent_Self_Shot.Opponent_Self_Shot will be modified from 40 to 40.
[2026.08.26-21.46.27:284][737]LogAudioDerivedData: Display: Updated SoundWave->RawPCMDataSize from 0 to 418948 while cooking SoundWave /Game/Brackeys2026/SoundEffects/Opponent_Self_Shot.Opponent_Self_Shot.
[2026.08.26-21.46.56:839][166]BlueprintLog: New page: Compile BP_Opponent
[2026.08.26-21.46.56:911][166]LogUObjectHash: Compacting FUObjectHashTables data took   3.18ms
[2026.08.26-21.46.57:363][205]LogSavePackage: Moving 'E:/_Alex's Data/Unreal Engine/Unreal Projects/Brackeys2026/Brackeys-2026/BrackeysJam2026/Saved/BP_OpponentB3A3BAAF48F9D9A37D31FEB94192927B.tmp' to 'E:/_Alex's Data/Unreal Engine/Unreal Projects/Brackeys2026/Brackeys-2026/BrackeysJam2026/Content/Brackeys2026/Characters/Opponent/BP_Opponent.uasset'
[2026.08.26-21.46.57:389][205]AssetCheck: New page: Asset Save: BP_Opponent
[2026.08.26-21.46.57:389][205]LogContentValidation: Display: Validating Blueprint /Game/Brackeys2026/Characters/Opponent/BP_Opponent.BP_Opponent
[2026.08.26-21.47.16:258][341]LogWorld: UWorld::CleanupWorld for World_7, bSessionEnded=true, bCleanupResources=true
[2026.08.26-21.47.16:258][341]LogSlate: InvalidateAllWidgets triggered.  All widgets were invalidated
[2026.08.26-21.47.16:275][341]LogWorld: UWorld::CleanupWorld for World_6, bSessionEnded=true, bCleanupResources=true
[2026.08.26-21.47.16:275][341]LogSlate: InvalidateAllWidgets triggered.  All widgets were invalidated
[2026.08.26-21.47.17:527][471]LogWorld: UWorld::CleanupWorld for World_16, bSessionEnded=true, bCleanupResources=true
[2026.08.26-21.47.17:528][471]LogSlate: InvalidateAllWidgets triggered.  All widgets were invalidated
[2026.08.26-21.47.17:537][471]LogWorld: UWorld::CleanupWorld for World_15, bSessionEnded=true, bCleanupResources=true
[2026.08.26-21.47.17:537][471]LogSlate: InvalidateAllWidgets triggered.  All widgets were invalidated
[2026.08.26-21.47.23:304][117]LogAssetEditorSubsystem: Opening Asset editor for WidgetBlueprint /Game/Brackeys2026/UI/BP_UIPlayer.BP_UIPlayer
[2026.08.26-21.47.44:421][437]BlueprintLog: New page: Compile BP_Player
[2026.08.26-21.47.44:541][437]LogUObjectHash: Compacting FUObjectHashTables data took   3.42ms
[2026.08.26-21.47.45:062][475]LogSavePackage: Moving 'E:/_Alex's Data/Unreal Engine/Unreal Projects/Brackeys2026/Brackeys-2026/BrackeysJam2026/Saved/BP_Player2689229A4BCA27E81E559EB182258F3A.tmp' to 'E:/_Alex's Data/Unreal Engine/Unreal Projects/Brackeys2026/Brackeys-2026/BrackeysJam2026/Content/Brackeys2026/Characters/Player/BP_Player.uasset'
[2026.08.26-21.47.45:084][475]AssetCheck: New page: Asset Save: BP_Player
[2026.08.26-21.47.45:084][475]LogContentValidation: Display: Validating Blueprint /Game/Brackeys2026/Characters/Player/BP_Player.BP_Player
[2026.08.26-21.48.22:691][763]BlueprintLog: New page: Compile BP_Revolver
[2026.08.26-21.48.22:808][763]LogUObjectHash: Compacting FUObjectHashTables data took   3.44ms
[2026.08.26-21.48.23:289][795]LogSavePackage: Moving 'E:/_Alex's Data/Unreal Engine/Unreal Projects/Brackeys2026/Brackeys-2026/BrackeysJam2026/Saved/BP_RevolverB199C93349C26D64051C7E8DEDE0A10C.tmp' to 'E:/_Alex's Data/Unreal Engine/Unreal Projects/Brackeys2026/Brackeys-2026/BrackeysJam2026/Content/Brackeys2026/Objects/Revolver/BP_Revolver.uasset'
[2026.08.26-21.48.23:592][795]AssetCheck: New page: Asset Save: BP_Revolver
[2026.08.26-21.48.23:592][795]LogContentValidation: Display: Validating Blueprint /Game/Brackeys2026/Objects/Revolver/BP_Revolver.BP_Revolver
[2026.08.26-21.50.27:098][210]BlueprintLog: New page: Compile BrackeysGameMode
[2026.08.26-21.50.27:159][210]LogUObjectHash: Compacting FUObjectHashTables data took   2.66ms
[2026.08.26-21.50.29:608][258]LogSavePackage: Moving 'E:/_Alex's Data/Unreal Engine/Unreal Projects/Brackeys2026/Brackeys-2026/BrackeysJam2026/Saved/BrackeysGameModeC545FCF14238E163CDA94BB1565C4E25.tmp' to 'E:/_Alex's Data/Unreal Engine/Unreal Projects/Brackeys2026/Brackeys-2026/BrackeysJam2026/Content/Brackeys2026/Levels/BrackeysGameMode.uasset'
[2026.08.26-21.50.29:648][258]AssetCheck: New page: Asset Save: BrackeysGameMode
[2026.08.26-21.50.29:648][258]LogContentValidation: Display: Validating Blueprint /Game/Brackeys2026/Levels/BrackeysGameMode.BrackeysGameMode
[2026.08.26-21.50.30:795][380]LogSlate: Took 0.000684 seconds to synchronously load lazily loaded font '../../../Engine/Content/Slate/Fonts/Roboto-BoldCondensedItalic.ttf' (160K)
[2026.08.26-21.50.32:490][568]BlueprintLog: New page: Compile BrackeysGameMode
[2026.08.26-21.50.32:534][568]LogUObjectHash: Compacting FUObjectHashTables data took   2.41ms
[2026.08.26-21.50.32:980][614]LogSavePackage: Moving 'E:/_Alex's Data/Unreal Engine/Unreal Projects/Brackeys2026/Brackeys-2026/BrackeysJam2026/Saved/BrackeysGameMode05391E034CBE6551287D6699859CDCDA.tmp' to 'E:/_Alex's Data/Unreal Engine/Unreal Projects/Brackeys2026/Brackeys-2026/BrackeysJam2026/Content/Brackeys2026/Levels/BrackeysGameMode.uasset'
[2026.08.26-21.50.33:001][614]AssetCheck: New page: Asset Save: BrackeysGameMode
[2026.08.26-21.50.33:002][614]LogContentValidation: Display: Validating Blueprint /Game/Brackeys2026/Levels/BrackeysGameMode.BrackeysGameMode
[2026.08.26-21.50.54:900][ 60]BlueprintLog: New page: Compile BP_Revolver
[2026.08.26-21.50.54:965][ 60]LogUObjectHash: Compacting FUObjectHashTables data took   2.51ms
[2026.08.26-21.50.55:629][120]LogSavePackage: Moving 'E:/_Alex's Data/Unreal Engine/Unreal Projects/Brackeys2026/Brackeys-2026/BrackeysJam2026/Saved/BP_Revolver56BC7A4745BA25F0CFC3D588CC201596.tmp' to 'E:/_Alex's Data/Unreal Engine/Unreal Projects/Brackeys2026/Brackeys-2026/BrackeysJam2026/Content/Brackeys2026/Objects/Revolver/BP_Revolver.uasset'
[2026.08.26-21.50.55:929][120]AssetCheck: New page: Asset Save: BP_Revolver
[2026.08.26-21.50.55:930][120]LogContentValidation: Display: Validating Blueprint /Game/Brackeys2026/Objects/Revolver/BP_Revolver.BP_Revolver
[2026.08.26-21.51.33:605][527]LogUObjectHash: Compacting FUObjectHashTables data took   2.43ms
[2026.08.26-21.51.34:852][527]LogSlate: Window 'Delete Assets' being destroyed
[2026.08.26-21.51.38:097][866]BlueprintLog: New page: Compile BP_Player
[2026.08.26-21.51.38:160][866]LogUObjectHash: Compacting FUObjectHashTables data took   2.69ms
[2026.08.26-21.51.38:603][901]LogSavePackage: Moving 'E:/_Alex's Data/Unreal Engine/Unreal Projects/Brackeys2026/Brackeys-2026/BrackeysJam2026/Saved/BP_PlayerDC5211384B713032BDAD988852C7D903.tmp' to 'E:/_Alex's Data/Unreal Engine/Unreal Projects/Brackeys2026/Brackeys-2026/BrackeysJam2026/Content/Brackeys2026/Characters/Player/BP_Player.uasset'
[2026.08.26-21.51.38:628][901]AssetCheck: New page: Asset Save: BP_Player
[2026.08.26-21.51.38:628][901]LogContentValidation: Display: Validating Blueprint /Game/Brackeys2026/Characters/Player/BP_Player.BP_Player
[2026.08.26-21.51.40:239][ 59]BlueprintLog: New page: Compile BP_Opponent
[2026.08.26-21.51.40:288][ 59]LogUObjectHash: Compacting FUObjectHashTables data took   2.47ms
[2026.08.26-21.51.40:880][116]LogSavePackage: Moving 'E:/_Alex's Data/Unreal Engine/Unreal Projects/Brackeys2026/Brackeys-2026/BrackeysJam2026/Saved/BP_OpponentAA9A14BA4EECD2A6E8E67ABDB758E92D.tmp' to 'E:/_Alex's Data/Unreal Engine/Unreal Projects/Brackeys2026/Brackeys-2026/BrackeysJam2026/Content/Brackeys2026/Characters/Opponent/BP_Opponent.uasset'
[2026.08.26-21.51.40:896][116]AssetCheck: New page: Asset Save: BP_Opponent
[2026.08.26-21.51.40:896][116]LogContentValidation: Display: Validating Blueprint /Game/Brackeys2026/Characters/Opponent/BP_Opponent.BP_Opponent
[2026.08.26-21.51.42:530][302]LogUObjectHash: Compacting FUObjectHashTables data took   2.34ms
[2026.08.26-21.51.43:635][302]LogSlate: Window 'Delete Assets' being destroyed
[2026.08.26-21.51.43:724][302]LogUObjectGlobals: Force Deleting 1 Package(s):
	Asset Name: /Game/Brackeys2026/SoundEffects/BP_CueOpponent.BP_CueOpponent
[2026.08.26-21.51.47:113][302]LogUObjectHash: Compacting FUObjectHashTables data took   1.98ms
[2026.08.26-21.51.47:143][302]LogUObjectHash: Compacting FUObjectHashTables data took   1.40ms
[2026.08.26-21.51.47:167][302]LogUObjectHash: Compacting FUObjectHashTables data took   0.57ms
[2026.08.26-21.51.53:206][997]LogContentBrowser: Attempting asset rename: BP_CueRevolver -> BP_CueShoot
[2026.08.26-21.51.53:236][997]LogMetaData: Removing '/Game/Brackeys2026/SoundEffects/BP_CueShoot.BP_CueShoot:SoundCueGraph_0.SoundCueGraphNode_Root_0' ref from Metadata '/Game/Brackeys2026/SoundEffects/BP_CueRevolver.PackageMetaData'
[2026.08.26-21.51.53:277][997]LogSavePackage: Moving 'E:/_Alex's Data/Unreal Engine/Unreal Projects/Brackeys2026/Brackeys-2026/BrackeysJam2026/Saved/BP_CueShootCB4A33144E13B5F273DB3E9CFB6D9E6C.tmp' to 'E:/_Alex's Data/Unreal Engine/Unreal Projects/Brackeys2026/Brackeys-2026/BrackeysJam2026/Content/Brackeys2026/SoundEffects/BP_CueShoot.uasset'
[2026.08.26-21.51.53:359][997]LogUObjectHash: Compacting FUObjectHashTables data took   1.36ms
[2026.08.26-21.51.53:391][997]LogUObjectHash: Compacting FUObjectHashTables data took   1.45ms
[2026.08.26-21.51.53:415][997]LogUObjectHash: Compacting FUObjectHashTables data took   0.60ms
[2026.08.26-21.51.53:527][997]LogSavePackage: Moving 'E:/_Alex's Data/Unreal Engine/Unreal Projects/Brackeys2026/Brackeys-2026/BrackeysJam2026/Saved/BP_RevolverDE089C594341E15C211B41900685F033.tmp' to 'E:/_Alex's Data/Unreal Engine/Unreal Projects/Brackeys2026/Brackeys-2026/BrackeysJam2026/Content/Brackeys2026/Objects/Revolver/BP_Revolver.uasset'
[2026.08.26-21.51.53:569][997]AssetCheck: New page: Asset Save: multiple assets
[2026.08.26-21.51.53:569][997]LogContentValidation: Display: Validating SoundCue /Game/Brackeys2026/SoundEffects/BP_CueShoot.BP_CueShoot
[2026.08.26-21.51.53:569][997]LogContentValidation: Display: Validating Blueprint /Game/Brackeys2026/Objects/Revolver/BP_Revolver.BP_Revolver
[2026.08.26-21.51.58:806][594]LogContentBrowser: Attempting asset rename: BP_CuePlayer -> BP_CueReload
[2026.08.26-21.51.58:835][594]LogMetaData: Removing '/Game/Brackeys2026/SoundEffects/BP_CueReload.BP_CueReload:SoundCueGraph_0.SoundCueGraphNode_Root_0' ref from Metadata '/Game/Brackeys2026/SoundEffects/BP_CuePlayer.PackageMetaData'
[2026.08.26-21.51.58:855][594]LogSavePackage: Moving 'E:/_Alex's Data/Unreal Engine/Unreal Projects/Brackeys2026/Brackeys-2026/BrackeysJam2026/Saved/BP_CueReloadF3E1778C4A94D2E9168E4CB179339D64.tmp' to 'E:/_Alex's Data/Unreal Engine/Unreal Projects/Brackeys2026/Brackeys-2026/BrackeysJam2026/Content/Brackeys2026/SoundEffects/BP_CueReload.uasset'
[2026.08.26-21.51.58:942][594]LogUObjectHash: Compacting FUObjectHashTables data took   1.42ms
[2026.08.26-21.51.58:977][594]LogUObjectHash: Compacting FUObjectHashTables data took   1.45ms
[2026.08.26-21.51.59:001][594]LogUObjectHash: Compacting FUObjectHashTables data took   0.43ms
[2026.08.26-21.51.59:028][594]AssetCheck: New page: Asset Save: BP_CueReload
[2026.08.26-21.51.59:028][594]LogContentValidation: Display: Validating SoundCue /Game/Brackeys2026/SoundEffects/BP_CueReload.BP_CueReload
[2026.08.26-21.52.18:633][797]BlueprintLog: New page: Compile BP_Revolver
[2026.08.26-21.52.18:711][797]LogUObjectHash: Compacting FUObjectHashTables data took   2.49ms
[2026.08.26-21.52.19:231][840]LogSavePackage: Moving 'E:/_Alex's Data/Unreal Engine/Unreal Projects/Brackeys2026/Brackeys-2026/BrackeysJam2026/Saved/BP_Revolver32FC4528434E7EAD2ECF5BB375BC2B7D.tmp' to 'E:/_Alex's Data/Unreal Engine/Unreal Projects/Brackeys2026/Brackeys-2026/BrackeysJam2026/Content/Brackeys2026/Objects/Revolver/BP_Revolver.uasset'
[2026.08.26-21.52.19:250][840]AssetCheck: New page: Asset Save: BP_Revolver
[2026.08.26-21.52.19:250][840]LogContentValidation: Display: Validating Blueprint /Game/Brackeys2026/Objects/Revolver/BP_Revolver.BP_Revolver
[2026.08.26-21.52.21:538][ 93]LogAssetEditorSubsystem: Opening Asset editor for SoundCue /Game/Brackeys2026/SoundEffects/BP_CueReload.BP_CueReload
[2026.08.26-21.52.31:559][199]LogAudio: Display: Cached duration for Sound Cue SoundCue /Game/Brackeys2026/SoundEffects/BP_CueReload.BP_CueReload was zero and has changed. Consider manually Re-saving the asset
[2026.08.26-21.52.33:343][395]LogSavePackage: Moving 'E:/_Alex's Data/Unreal Engine/Unreal Projects/Brackeys2026/Brackeys-2026/BrackeysJam2026/Saved/BP_CueReload5D35F226481F615A48B8E9927AA1EC42.tmp' to 'E:/_Alex's Data/Unreal Engine/Unreal Projects/Brackeys2026/Brackeys-2026/BrackeysJam2026/Content/Brackeys2026/SoundEffects/BP_CueReload.uasset'
[2026.08.26-21.52.33:365][395]AssetCheck: New page: Asset Save: BP_CueReload
[2026.08.26-21.52.33:365][395]LogContentValidation: Display: Validating SoundCue /Game/Brackeys2026/SoundEffects/BP_CueReload.BP_CueReload
[2026.08.26-21.55.49:524][204]BlueprintLog: New page: Compile BrackeysGameMode
[2026.08.26-21.55.49:548][204]LogBlueprint: Error: [AssetLog] E:\_Alex's Data\Unreal Engine\Unreal Projects\Brackeys2026\Brackeys-2026\BrackeysJam2026\Content\Brackeys2026\Objects\Revolver\BP_Revolver.uasset: [Compiler] In use pin  <Unnamed> generated from expanding Revolver Line Trace  no longer exists on node  Set Sound Effect generated from expanding Revolver Line Trace . Please refresh node or break links to remove pin.
[2026.08.26-21.55.49:548][204]LogBlueprint: Error: [AssetLog] E:\_Alex's Data\Unreal Engine\Unreal Projects\Brackeys2026\Brackeys-2026\BrackeysJam2026\Content\Brackeys2026\Objects\Revolver\BP_Revolver.uasset: [Compiler] In use pin  Target generated from expanding Revolver Line Trace  no longer exists on node  Set Sound Effect generated from expanding Revolver Line Trace . Please refresh node or break links to remove pin.
[2026.08.26-21.55.49:548][204]LogBlueprint: Error: [AssetLog] E:\_Alex's Data\Unreal Engine\Unreal Projects\Brackeys2026\Brackeys-2026\BrackeysJam2026\Content\Brackeys2026\Objects\Revolver\BP_Revolver.uasset: [Compiler] In use pin  Actor Hit generated from expanding Revolver Line Trace  no longer exists on node  Set Sound Effect generated from expanding Revolver Line Trace . Please refresh node or break links to remove pin.
[2026.08.26-21.55.49:548][204]LogBlueprint: Error: [AssetLog] E:\_Alex's Data\Unreal Engine\Unreal Projects\Brackeys2026\Brackeys-2026\BrackeysJam2026\Content\Brackeys2026\Objects\Revolver\BP_Revolver.uasset: [Compiler] Could not find a function named "SetSoundEffect" in 'BrackeysGameMode_C'.
Make sure 'BrackeysGameMode_C' has been compiled for  Set Sound Effect generated from expanding Revolver Line Trace
[2026.08.26-21.55.49:549][204]LogBlueprint: Error: [AssetLog] E:\_Alex's Data\Unreal Engine\Unreal Projects\Brackeys2026\Brackeys-2026\BrackeysJam2026\Content\Brackeys2026\Objects\Revolver\BP_Revolver.uasset: [Compiler] In use pin  <Unnamed> generated from expanding Revolver Line Trace  no longer exists on node  Set Sound Effect generated from expanding Revolver Line Trace . Please refresh node or break links to remove pin.
[2026.08.26-21.55.49:549][204]LogBlueprint: Error: [AssetLog] E:\_Alex's Data\Unreal Engine\Unreal Projects\Brackeys2026\Brackeys-2026\BrackeysJam2026\Content\Brackeys2026\Objects\Revolver\BP_Revolver.uasset: [Compiler] In use pin  Target generated from expanding Revolver Line Trace  no longer exists on node  Set Sound Effect generated from expanding Revolver Line Trace . Please refresh node or break links to remove pin.
[2026.08.26-21.55.49:549][204]LogBlueprint: Error: [AssetLog] E:\_Alex's Data\Unreal Engine\Unreal Projects\Brackeys2026\Brackeys-2026\BrackeysJam2026\Content\Brackeys2026\Objects\Revolver\BP_Revolver.uasset: [Compiler] In use pin  Actor Hit generated from expanding Revolver Line Trace  no longer exists on node  Set Sound Effect generated from expanding Revolver Line Trace . Please refresh node or break links to remove pin.
[2026.08.26-21.55.49:549][204]LogBlueprint: Error: [AssetLog] E:\_Alex's Data\Unreal Engine\Unreal Projects\Brackeys2026\Brackeys-2026\BrackeysJam2026\Content\Brackeys2026\Objects\Revolver\BP_Revolver.uasset: [Compiler] Could not find a function named "SetSoundEffect" in 'BrackeysGameMode_C'.
Make sure 'BrackeysGameMode_C' has been compiled for  Set Sound Effect generated from expanding Revolver Line Trace
[2026.08.26-21.55.49:603][204]LogUObjectHash: Compacting FUObjectHashTables data took   2.69ms
[2026.08.26-21.55.52:349][248]LogSavePackage: Moving 'E:/_Alex's Data/Unreal Engine/Unreal Projects/Brackeys2026/Brackeys-2026/BrackeysJam2026/Saved/BrackeysGameModeC068D987432874EB7B2F0F89F8AF6A4B.tmp' to 'E:/_Alex's Data/Unreal Engine/Unreal Projects/Brackeys2026/Brackeys-2026/BrackeysJam2026/Content/Brackeys2026/Levels/BrackeysGameMode.uasset'
[2026.08.26-21.55.52:373][248]AssetCheck: New page: Asset Save: BrackeysGameMode
[2026.08.26-21.55.52:374][248]LogContentValidation: Display: Validating Blueprint /Game/Brackeys2026/Levels/BrackeysGameMode.BrackeysGameMode
[2026.08.26-21.56.03:664][567]LogContentBrowser: Attempting asset rename: BP_CueShoot -> BP_Revolver
[2026.08.26-21.56.03:684][567]LogMetaData: Removing '/Game/Brackeys2026/SoundEffects/BP_Revolver.BP_Revolver:SoundCueGraph_0.SoundCueGraphNode_Root_0' ref from Metadata '/Game/Brackeys2026/SoundEffects/BP_CueShoot.PackageMetaData'
[2026.08.26-21.56.03:706][567]LogSavePackage: Moving 'E:/_Alex's Data/Unreal Engine/Unreal Projects/Brackeys2026/Brackeys-2026/BrackeysJam2026/Saved/BP_RevolverB3A370324143A122B7A4C7B07561E667.tmp' to 'E:/_Alex's Data/Unreal Engine/Unreal Projects/Brackeys2026/Brackeys-2026/BrackeysJam2026/Content/Brackeys2026/SoundEffects/BP_Revolver.uasset'
[2026.08.26-21.56.03:796][567]LogUObjectHash: Compacting FUObjectHashTables data took   2.59ms
[2026.08.26-21.56.03:829][567]LogUObjectHash: Compacting FUObjectHashTables data took   1.44ms
[2026.08.26-21.56.03:853][567]LogUObjectHash: Compacting FUObjectHashTables data took   0.44ms
[2026.08.26-21.56.03:882][567]AssetCheck: New page: Asset Save: BP_Revolver
[2026.08.26-21.56.03:882][567]LogContentValidation: Display: Validating SoundCue /Game/Brackeys2026/SoundEffects/BP_Revolver.BP_Revolver
[2026.08.26-21.56.10:597][352]LogContentBrowser: Attempting asset rename: BP_Revolver -> BP_Player
[2026.08.26-21.56.10:618][352]LogMetaData: Removing '/Game/Brackeys2026/SoundEffects/BP_Player.BP_Player:SoundCueGraph_0.SoundCueGraphNode_Root_0' ref from Metadata '/Game/Brackeys2026/SoundEffects/BP_Revolver.PackageMetaData'
[2026.08.26-21.56.10:639][352]LogSavePackage: Moving 'E:/_Alex's Data/Unreal Engine/Unreal Projects/Brackeys2026/Brackeys-2026/BrackeysJam2026/Saved/BP_Player2DB0D7EF4EE5B910F927B1B5423E2BFB.tmp' to 'E:/_Alex's Data/Unreal Engine/Unreal Projects/Brackeys2026/Brackeys-2026/BrackeysJam2026/Content/Brackeys2026/SoundEffects/BP_Player.uasset'
[2026.08.26-21.56.10:730][352]LogUObjectHash: Compacting FUObjectHashTables data took   1.78ms
[2026.08.26-21.56.10:762][352]LogUObjectHash: Compacting FUObjectHashTables data took   1.44ms
[2026.08.26-21.56.10:786][352]LogUObjectHash: Compacting FUObjectHashTables data took   0.43ms
[2026.08.26-21.56.10:813][352]AssetCheck: New page: Asset Save: BP_Player
[2026.08.26-21.56.10:813][352]LogContentValidation: Display: Validating SoundCue /Game/Brackeys2026/SoundEffects/BP_Player.BP_Player
[2026.08.26-21.56.32:835][907]BlueprintLog: New page: Compile BP_Revolver
[2026.08.26-21.56.32:894][907]LogUObjectHash: Compacting FUObjectHashTables data took   1.96ms
[2026.08.26-21.56.33:517][960]LogSavePackage: Moving 'E:/_Alex's Data/Unreal Engine/Unreal Projects/Brackeys2026/Brackeys-2026/BrackeysJam2026/Saved/BP_Revolver810BF40E42067A1ECCFC4BBF13C7C745.tmp' to 'E:/_Alex's Data/Unreal Engine/Unreal Projects/Brackeys2026/Brackeys-2026/BrackeysJam2026/Content/Brackeys2026/Objects/Revolver/BP_Revolver.uasset'
[2026.08.26-21.56.33:540][960]AssetCheck: New page: Asset Save: BP_Revolver
[2026.08.26-21.56.33:540][960]LogContentValidation: Display: Validating Blueprint /Game/Brackeys2026/Objects/Revolver/BP_Revolver.BP_Revolver
[2026.08.26-21.56.46:014][415]LogContentBrowser: Attempting asset rename: BP_Player -> BP_CuePlayer
[2026.08.26-21.56.46:036][415]LogMetaData: Removing '/Game/Brackeys2026/SoundEffects/BP_CuePlayer.BP_CuePlayer:SoundCueGraph_0.SoundCueGraphNode_Root_0' ref from Metadata '/Game/Brackeys2026/SoundEffects/BP_Player.PackageMetaData'
[2026.08.26-21.56.46:055][415]LogSavePackage: Moving 'E:/_Alex's Data/Unreal Engine/Unreal Projects/Brackeys2026/Brackeys-2026/BrackeysJam2026/Saved/BP_CuePlayer0A204BED47481CC048D543951C400E95.tmp' to 'E:/_Alex's Data/Unreal Engine/Unreal Projects/Brackeys2026/Brackeys-2026/BrackeysJam2026/Content/Brackeys2026/SoundEffects/BP_CuePlayer.uasset'
[2026.08.26-21.56.46:147][415]LogUObjectHash: Compacting FUObjectHashTables data took   2.29ms
[2026.08.26-21.56.46:178][415]LogUObjectHash: Compacting FUObjectHashTables data took   1.54ms
[2026.08.26-21.56.46:203][415]LogUObjectHash: Compacting FUObjectHashTables data took   0.44ms
[2026.08.26-21.56.46:230][415]AssetCheck: New page: Asset Save: BP_CuePlayer
[2026.08.26-21.56.46:230][415]LogContentValidation: Display: Validating SoundCue /Game/Brackeys2026/SoundEffects/BP_CuePlayer.BP_CuePlayer
[2026.08.26-21.57.53:022][949]LogSavePackage: Moving 'E:/_Alex's Data/Unreal Engine/Unreal Projects/Brackeys2026/Brackeys-2026/BrackeysJam2026/Saved/BP_CuePlayerD902107343E1EEF4C93518B4431DA235.tmp' to 'E:/_Alex's Data/Unreal Engine/Unreal Projects/Brackeys2026/Brackeys-2026/BrackeysJam2026/Content/Brackeys2026/SoundEffects/BP_CuePlayer.uasset'
[2026.08.26-21.57.53:064][949]AssetCheck: New page: Asset Save: BP_CuePlayer
[2026.08.26-21.57.53:064][949]LogContentValidation: Display: Validating SoundCue /Game/Brackeys2026/SoundEffects/BP_CuePlayer.BP_CuePlayer
[2026.08.26-21.59.19:568][415]BlueprintLog: New page: Compile BP_Player
[2026.08.26-21.59.19:629][415]LogUObjectHash: Compacting FUObjectHashTables data took   2.73ms
[2026.08.26-21.59.20:604][452]LogSavePackage: Moving 'E:/_Alex's Data/Unreal Engine/Unreal Projects/Brackeys2026/Brackeys-2026/BrackeysJam2026/Saved/BP_PlayerE3567B6A424BB274AA0DD8A2ADAFCE73.tmp' to 'E:/_Alex's Data/Unreal Engine/Unreal Projects/Brackeys2026/Brackeys-2026/BrackeysJam2026/Content/Brackeys2026/Characters/Player/BP_Player.uasset'
[2026.08.26-21.59.20:630][452]AssetCheck: New page: Asset Save: BP_Player
[2026.08.26-21.59.20:631][452]LogContentValidation: Display: Validating Blueprint /Game/Brackeys2026/Characters/Player/BP_Player.BP_Player
[2026.08.26-21.59.38:055][300]LogAssetEditorSubsystem: Opening Asset editor for SoundCue /Game/Brackeys2026/SoundEffects/BP_CueReload.BP_CueReload
[2026.08.26-22.00.13:165][176]BlueprintLog: New page: Compile BP_Revolver
[2026.08.26-22.00.13:239][176]LogUObjectHash: Compacting FUObjectHashTables data took   2.55ms
[2026.08.26-22.00.13:728][210]LogSavePackage: Moving 'E:/_Alex's Data/Unreal Engine/Unreal Projects/Brackeys2026/Brackeys-2026/BrackeysJam2026/Saved/BP_RevolverB5764A1D4255C3A8ED14E1BA7610B525.tmp' to 'E:/_Alex's Data/Unreal Engine/Unreal Projects/Brackeys2026/Brackeys-2026/BrackeysJam2026/Content/Brackeys2026/Objects/Revolver/BP_Revolver.uasset'
[2026.08.26-22.00.15:581][210]AssetCheck: New page: Asset Save: BP_Revolver
[2026.08.26-22.00.15:581][210]LogContentValidation: Display: Validating Blueprint /Game/Brackeys2026/Objects/Revolver/BP_Revolver.BP_Revolver
[2026.08.26-22.00.37:638][797]LogUObjectHash: Compacting FUObjectHashTables data took   2.37ms
[2026.08.26-22.00.37:655][797]LogSavePackage: Moving 'E:/_Alex's Data/Unreal Engine/Unreal Projects/Brackeys2026/Brackeys-2026/BrackeysJam2026/Saved/TestLevel_Weeb_Auto35CE11D6F40C11B94BE3C498AD2D87C4F.tmp' to 'E:/_Alex's Data/Unreal Engine/Unreal Projects/Brackeys2026/Brackeys-2026/BrackeysJam2026/Saved/Autosaves/Game/Brackeys2026/Levels/TestLevel_Weeb_Auto3.umap'
[2026.08.26-22.00.37:702][797]LogFileHelpers: Editor autosave (incl. external actors) for '/Game/Brackeys2026/Levels/TestLevel_Weeb' took 0.091
[2026.08.26-22.00.37:702][797]LogFileHelpers: Editor autosave (incl. sublevels & external actors) for all levels took 0.091
[2026.08.26-22.02.04:166][745]LogD3D11RHI: Timed out while waiting for GPU to catch up. (0.5 s) (ErrorCode 00000001) (00000000)
[2026.08.26-22.02.23:699][968]LogContentBrowser: Attempting asset rename: BP_CueReload -> BP_CueRevolver
[2026.08.26-22.02.23:718][968]LogMetaData: Removing '/Game/Brackeys2026/SoundEffects/BP_CueRevolver.BP_CueRevolver:SoundCueGraph_0.SoundCueGraphNode_Root_0' ref from Metadata '/Game/Brackeys2026/SoundEffects/BP_CueReload.PackageMetaData'
[2026.08.26-22.02.23:739][968]LogSavePackage: Moving 'E:/_Alex's Data/Unreal Engine/Unreal Projects/Brackeys2026/Brackeys-2026/BrackeysJam2026/Saved/BP_CueRevolver77887E4445CF8A6A868CC4B20207C9DE.tmp' to 'E:/_Alex's Data/Unreal Engine/Unreal Projects/Brackeys2026/Brackeys-2026/BrackeysJam2026/Content/Brackeys2026/SoundEffects/BP_CueRevolver.uasset'
[2026.08.26-22.02.23:829][968]LogUObjectHash: Compacting FUObjectHashTables data took   1.46ms
[2026.08.26-22.02.23:863][968]LogUObjectHash: Compacting FUObjectHashTables data took   1.41ms
[2026.08.26-22.02.23:886][968]LogUObjectHash: Compacting FUObjectHashTables data took   0.49ms
[2026.08.26-22.02.23:977][968]LogSavePackage: Moving 'E:/_Alex's Data/Unreal Engine/Unreal Projects/Brackeys2026/Brackeys-2026/BrackeysJam2026/Saved/BP_RevolverD4EE64F840E12A8DF6451F87C880D092.tmp' to 'E:/_Alex's Data/Unreal Engine/Unreal Projects/Brackeys2026/Brackeys-2026/BrackeysJam2026/Content/Brackeys2026/Objects/Revolver/BP_Revolver.uasset'
[2026.08.26-22.02.25:857][968]AssetCheck: New page: Asset Save: multiple assets
[2026.08.26-22.02.25:857][968]LogContentValidation: Display: Validating Blueprint /Game/Brackeys2026/Objects/Revolver/BP_Revolver.BP_Revolver
[2026.08.26-22.02.25:857][968]LogContentValidation: Display: Validating SoundCue /Game/Brackeys2026/SoundEffects/BP_CueRevolver.BP_CueRevolver
[2026.08.26-22.02.40:422][657]LogSavePackage: Moving 'E:/_Alex's Data/Unreal Engine/Unreal Projects/Brackeys2026/Brackeys-2026/BrackeysJam2026/Saved/BP_CuePlayer7EC51CB44989C615D2DD0C883DC6A801.tmp' to 'E:/_Alex's Data/Unreal Engine/Unreal Projects/Brackeys2026/Brackeys-2026/BrackeysJam2026/Content/Brackeys2026/SoundEffects/BP_CuePlayer.uasset'
[2026.08.26-22.02.40:439][657]AssetCheck: New page: Asset Save: BP_CuePlayer
[2026.08.26-22.02.40:439][657]LogContentValidation: Display: Validating SoundCue /Game/Brackeys2026/SoundEffects/BP_CuePlayer.BP_CuePlayer
[2026.08.26-22.03.01:276][  4]LogSavePackage: Moving 'E:/_Alex's Data/Unreal Engine/Unreal Projects/Brackeys2026/Brackeys-2026/BrackeysJam2026/Saved/BP_CueRevolver7B0A5D6947A42564F0F1458B0FEBD865.tmp' to 'E:/_Alex's Data/Unreal Engine/Unreal Projects/Brackeys2026/Brackeys-2026/BrackeysJam2026/Content/Brackeys2026/SoundEffects/BP_CueRevolver.uasset'
[2026.08.26-22.03.01:296][  4]AssetCheck: New page: Asset Save: BP_CueRevolver
[2026.08.26-22.03.01:296][  4]LogContentValidation: Display: Validating SoundCue /Game/Brackeys2026/SoundEffects/BP_CueRevolver.BP_CueRevolver
[2026.08.26-22.04.07:239][432]LogContentBrowser: Deferred new asset file creation: NewSoundCue
[2026.08.26-22.04.07:251][432]LogContentBrowser: Creating deferred item: NewSoundCue
[2026.08.26-22.04.11:581][947]LogContentBrowser: Attempting asset rename: NewSoundCue -> BP_CueOpponent
[2026.08.26-22.04.11:582][947]LogContentBrowser: End creating deferred item NewSoundCue
[2026.08.26-22.04.16:607][518]LogAssetEditorSubsystem: Opening Asset editor for SoundCue /Game/Brackeys2026/SoundEffects/BP_CueOpponent.BP_CueOpponent
[2026.08.26-22.04.24:009][379]LogAudio: Display: Cached duration for Sound Cue SoundCue /Game/Brackeys2026/SoundEffects/BP_CueOpponent.BP_CueOpponent was zero and has changed. Consider manually Re-saving the asset
[2026.08.26-22.04.26:627][670]LogSavePackage: Moving 'E:/_Alex's Data/Unreal Engine/Unreal Projects/Brackeys2026/Brackeys-2026/BrackeysJam2026/Saved/BP_CueOpponent38BAF22B4C3991F842403798B5E0AE22.tmp' to 'E:/_Alex's Data/Unreal Engine/Unreal Projects/Brackeys2026/Brackeys-2026/BrackeysJam2026/Content/Brackeys2026/SoundEffects/BP_CueOpponent.uasset'
[2026.08.26-22.04.26:645][670]AssetCheck: New page: Asset Save: BP_CueOpponent
[2026.08.26-22.04.26:645][670]LogContentValidation: Display: Validating SoundCue /Game/Brackeys2026/SoundEffects/BP_CueOpponent.BP_CueOpponent
[2026.08.26-22.04.47:843][ 97]BlueprintLog: New page: Compile BP_Opponent
[2026.08.26-22.04.47:889][ 97]LogUObjectHash: Compacting FUObjectHashTables data took   3.02ms
[2026.08.26-22.04.48:268][132]LogSavePackage: Moving 'E:/_Alex's Data/Unreal Engine/Unreal Projects/Brackeys2026/Brackeys-2026/BrackeysJam2026/Saved/BP_Opponent060612EF449098DD35653E8A3624BD3A.tmp' to 'E:/_Alex's Data/Unreal Engine/Unreal Projects/Brackeys2026/Brackeys-2026/BrackeysJam2026/Content/Brackeys2026/Characters/Opponent/BP_Opponent.uasset'
[2026.08.26-22.04.48:286][132]AssetCheck: New page: Asset Save: BP_Opponent
[2026.08.26-22.04.48:286][132]LogContentValidation: Display: Validating Blueprint /Game/Brackeys2026/Characters/Opponent/BP_Opponent.BP_Opponent
[2026.08.26-22.05.52:104][581]BlueprintLog: New page: Compile BP_Revolver
[2026.08.26-22.05.52:183][581]LogUObjectHash: Compacting FUObjectHashTables data took   2.47ms
[2026.08.26-22.05.55:148][625]LogSavePackage: Moving 'E:/_Alex's Data/Unreal Engine/Unreal Projects/Brackeys2026/Brackeys-2026/BrackeysJam2026/Saved/BP_RevolverD1CFD13F430B33370F9849A2B66875AB.tmp' to 'E:/_Alex's Data/Unreal Engine/Unreal Projects/Brackeys2026/Brackeys-2026/BrackeysJam2026/Content/Brackeys2026/Objects/Revolver/BP_Revolver.uasset'
[2026.08.26-22.05.55:173][625]AssetCheck: New page: Asset Save: BP_Revolver
[2026.08.26-22.05.55:173][625]LogContentValidation: Display: Validating Blueprint /Game/Brackeys2026/Objects/Revolver/BP_Revolver.BP_Revolver
[2026.08.26-22.06.50:191][883]LogSavePackage: Moving 'E:/_Alex's Data/Unreal Engine/Unreal Projects/Brackeys2026/Brackeys-2026/BrackeysJam2026/Saved/BP_CueRevolver6013D8864FB16CDD2228CAB85EC10287.tmp' to 'E:/_Alex's Data/Unreal Engine/Unreal Projects/Brackeys2026/Brackeys-2026/BrackeysJam2026/Content/Brackeys2026/SoundEffects/BP_CueRevolver.uasset'
[2026.08.26-22.06.50:206][883]AssetCheck: New page: Asset Save: BP_CueRevolver
[2026.08.26-22.06.50:207][883]LogContentValidation: Display: Validating SoundCue /Game/Brackeys2026/SoundEffects/BP_CueRevolver.BP_CueRevolver
[2026.08.26-22.07.52:049][ 17]LogEditorTransaction: Undo Attach Component
[2026.08.26-22.08.45:871][ 35]BlueprintLog: New page: Compile BP_Revolver
[2026.08.26-22.08.45:941][ 35]LogUObjectHash: Compacting FUObjectHashTables data took   2.76ms
[2026.08.26-22.08.48:781][ 71]LogSavePackage: Moving 'E:/_Alex's Data/Unreal Engine/Unreal Projects/Brackeys2026/Brackeys-2026/BrackeysJam2026/Saved/BP_RevolverBB5E803F4380D4DA6D326F9DC608A46E.tmp' to 'E:/_Alex's Data/Unreal Engine/Unreal Projects/Brackeys2026/Brackeys-2026/BrackeysJam2026/Content/Brackeys2026/Objects/Revolver/BP_Revolver.uasset'
[2026.08.26-22.08.48:807][ 71]AssetCheck: New page: Asset Save: BP_Revolver
[2026.08.26-22.08.48:807][ 71]LogContentValidation: Display: Validating Blueprint /Game/Brackeys2026/Objects/Revolver/BP_Revolver.BP_Revolver
[2026.08.26-22.09.13:415][  7]LogTemp: Repeating last play command: Selected Viewport
[2026.08.26-22.09.13:426][  7]LogPlayLevel: PlayLevel: No blueprints needed recompiling
[2026.08.26-22.09.13:426][  7]PIE: New page: PIE session: TestLevel_Weeb (Aug 26, 2026, 8:09:13 AM)
[2026.08.26-22.09.13:426][  7]LogPlayLevel: Creating play world package: /Game/Brackeys2026/Levels/UEDPIE_0_TestLevel_Weeb
[2026.08.26-22.09.13:430][  7]LogPlayLevel: PIE: StaticDuplicateObject took: (0.003202s)
[2026.08.26-22.09.13:431][  7]LogAIModule: Creating AISystem for world TestLevel_Weeb
[2026.08.26-22.09.13:432][  7]LogPlayLevel: PIE: World Init took: (0.001576s)
[2026.08.26-22.09.13:432][  7]LogPlayLevel: PIE: Created PIE world by copying editor world from /Game/Brackeys2026/Levels/TestLevel_Weeb.TestLevel_Weeb to /Game/Brackeys2026/Levels/UEDPIE_0_TestLevel_Weeb.TestLevel_Weeb (0.004958s)
[2026.08.26-22.09.13:466][  7]LogUObjectHash: Compacting FUObjectHashTables data took   2.58ms
[2026.08.26-22.09.13:467][  7]LogAudio: Display: Creating Audio Device:                 Id: 73, Scope: Unique, Realtime: True
[2026.08.26-22.09.13:467][  7]LogAudioMixer: Display: Audio Mixer Platform Settings:
[2026.08.26-22.09.13:467][  7]LogAudioMixer: Display: 	Sample Rate:						  48000
[2026.08.26-22.09.13:467][  7]LogAudioMixer: Display: 	Callback Buffer Frame Size Requested: 1024
[2026.08.26-22.09.13:467][  7]LogAudioMixer: Display: 	Callback Buffer Frame Size To Use:	  1024
[2026.08.26-22.09.13:467][  7]LogAudioMixer: Display: 	Number of buffers to queue:			  2
[2026.08.26-22.09.13:467][  7]LogAudioMixer: Display: 	Max Channels (voices):				  32
[2026.08.26-22.09.13:467][  7]LogAudioMixer: Display: 	Number of Async Source Workers:		  0
[2026.08.26-22.09.13:467][  7]LogAudio: Display: AudioDevice MaxSources: 32
[2026.08.26-22.09.13:468][  7]LogAudio: Display: Audio Spatialization Plugin: None (built-in).
[2026.08.26-22.09.13:468][  7]LogAudio: Display: Audio Reverb Plugin: None (built-in).
[2026.08.26-22.09.13:468][  7]LogAudio: Display: Audio Occlusion Plugin: None (built-in).
[2026.08.26-22.09.13:468][  7]LogAudioMixer: Display: Initializing audio mixer.
[2026.08.26-22.09.13:474][  7]LogAudioMixer: Display: 0: FrontLeft
[2026.08.26-22.09.13:474][  7]LogAudioMixer: Display: 1: FrontRight
[2026.08.26-22.09.13:490][  7]LogAudioMixer: Display: Using Audio Device Realtek HD Audio 2nd output (Realtek(R) Audio)
[2026.08.26-22.09.13:491][  7]LogAudioMixer: Display: Initializing Sound Submixes...
[2026.08.26-22.09.13:491][  7]LogAudioMixer: Display: Creating Master Submix 'MasterSubmixDefault'
[2026.08.26-22.09.13:491][  7]LogAudioMixer: Display: Creating Master Submix 'MasterReverbSubmixDefault'
[2026.08.26-22.09.13:492][  7]LogAudioMixer: Display: Creating Master Submix 'MasterEQSubmixDefault'
[2026.08.26-22.09.13:492][  7]LogAudioMixer: FMixerPlatformXAudio2::StartAudioStream() called
[2026.08.26-22.09.13:492][  7]LogAudioMixer: Display: Output buffers initialized: Frames=1024, Channels=2, Samples=2048
[2026.08.26-22.09.13:493][  7]LogAudioMixer: Display: Starting AudioMixerPlatformInterface::RunInternal()
[2026.08.26-22.09.13:493][  7]LogAudioMixer: Display: FMixerPlatformXAudio2::SubmitBuffer() called for the first time
[2026.08.26-22.09.13:493][  7]LogInit: FAudioDevice initialized.
[2026.08.26-22.09.13:493][  7]LogAudio: Display: Audio Device (ID: 73) registered with world 'TestLevel_Weeb'.
[2026.08.26-22.09.13:534][  7]LogSlate: Updating window title bar state: overlay mode, drag disabled, window buttons hidden, title bar hidden
[2026.08.26-22.09.13:535][  7]LogLoad: Game class is 'BrackeysGameMode_C'
[2026.08.26-22.09.13:535][  7]LogWorld: Bringing World /Game/Brackeys2026/Levels/UEDPIE_0_TestLevel_Weeb.TestLevel_Weeb up for play (max tick rate 0) at 2026.08.26-15.09.13
[2026.08.26-22.09.13:537][  7]LogWorld: Bringing up level for play took: 0.000992
[2026.08.26-22.09.13:537][  7]LogOnline: OSS: Creating online subsystem instance for: :Context_88
[2026.08.26-22.09.13:549][  7]PIE: Server logged in
[2026.08.26-22.09.13:552][  7]PIE: Play in editor total start time 0.129 seconds.
[2026.08.26-22.09.14:648][121]LogSlate: Updating window title bar state: overlay mode, drag disabled, window buttons hidden, title bar hidden
[2026.08.26-22.09.14:648][121]LogWorld: BeginTearingDown for /Game/Brackeys2026/Levels/UEDPIE_0_TestLevel_Weeb
[2026.08.26-22.09.14:648][121]LogSlate: Window 'BrackeysJam2026 Preview [NetMode: Standalone]  (64-bit/Windows) ' being destroyed
[2026.08.26-22.09.14:656][121]LogWorld: UWorld::CleanupWorld for TestLevel_Weeb, bSessionEnded=true, bCleanupResources=true
[2026.08.26-22.09.14:657][121]LogSlate: InvalidateAllWidgets triggered.  All widgets were invalidated
[2026.08.26-22.09.14:683][121]LogPlayLevel: Display: Shutting down PIE online subsystems
[2026.08.26-22.09.14:689][121]LogSlate: InvalidateAllWidgets triggered.  All widgets were invalidated
[2026.08.26-22.09.14:716][121]LogAudio: Display: Audio Device unregistered from world 'None'.
[2026.08.26-22.09.14:717][121]LogAudioMixer: FMixerPlatformXAudio2::StopAudioStream() called
[2026.08.26-22.09.14:718][121]LogAudioMixer: FMixerPlatformXAudio2::StopAudioStream() called
[2026.08.26-22.09.14:722][121]LogUObjectHash: Compacting FUObjectHashTables data took   1.78ms
[2026.08.26-22.09.14:773][122]LogPlayLevel: Display: Destroying online subsystem :Context_88
[2026.08.26-22.09.28:677][706]LogSavePackage: Moving 'E:/_Alex's Data/Unreal Engine/Unreal Projects/Brackeys2026/Brackeys-2026/BrackeysJam2026/Saved/BP_CuePlayer2D0EBA6441B6628F2DC1BFAB25066EA9.tmp' to 'E:/_Alex's Data/Unreal Engine/Unreal Projects/Brackeys2026/Brackeys-2026/BrackeysJam2026/Content/Brackeys2026/SoundEffects/BP_CuePlayer.uasset'
[2026.08.26-22.09.28:696][706]AssetCheck: New page: Asset Save: BP_CuePlayer
[2026.08.26-22.09.28:696][706]LogContentValidation: Display: Validating SoundCue /Game/Brackeys2026/SoundEffects/BP_CuePlayer.BP_CuePlayer
[2026.08.26-22.09.30:260][877]LogSavePackage: Moving 'E:/_Alex's Data/Unreal Engine/Unreal Projects/Brackeys2026/Brackeys-2026/BrackeysJam2026/Saved/BP_CueRevolver12742F3547C112EB50EA5D983C72B5D1.tmp' to 'E:/_Alex's Data/Unreal Engine/Unreal Projects/Brackeys2026/Brackeys-2026/BrackeysJam2026/Content/Brackeys2026/SoundEffects/BP_CueRevolver.uasset'
[2026.08.26-22.09.30:278][877]AssetCheck: New page: Asset Save: BP_CueRevolver
[2026.08.26-22.09.30:279][877]LogContentValidation: Display: Validating SoundCue /Game/Brackeys2026/SoundEffects/BP_CueRevolver.BP_CueRevolver
[2026.08.26-22.09.31:425][998]LogTemp: Repeating last play command: Selected Viewport
[2026.08.26-22.09.31:434][998]LogPlayLevel: PlayLevel: No blueprints needed recompiling
[2026.08.26-22.09.31:434][998]PIE: New page: PIE session: TestLevel_Weeb (Aug 26, 2026, 8:09:31 AM)
[2026.08.26-22.09.31:434][998]LogPlayLevel: Creating play world package: /Game/Brackeys2026/Levels/UEDPIE_0_TestLevel_Weeb
[2026.08.26-22.09.31:437][998]LogPlayLevel: PIE: StaticDuplicateObject took: (0.002992s)
[2026.08.26-22.09.31:438][998]LogAIModule: Creating AISystem for world TestLevel_Weeb
[2026.08.26-22.09.31:438][998]LogPlayLevel: PIE: World Init took: (0.001187s)
[2026.08.26-22.09.31:438][998]LogPlayLevel: PIE: Created PIE world by copying editor world from /Game/Brackeys2026/Levels/TestLevel_Weeb.TestLevel_Weeb to /Game/Brackeys2026/Levels/UEDPIE_0_TestLevel_Weeb.TestLevel_Weeb (0.004331s)
[2026.08.26-22.09.31:468][998]LogUObjectHash: Compacting FUObjectHashTables data took   1.86ms
[2026.08.26-22.09.31:469][998]LogAudio: Display: Creating Audio Device:                 Id: 74, Scope: Unique, Realtime: True
[2026.08.26-22.09.31:470][998]LogAudioMixer: Display: Audio Mixer Platform Settings:
[2026.08.26-22.09.31:470][998]LogAudioMixer: Display: 	Sample Rate:						  48000
[2026.08.26-22.09.31:470][998]LogAudioMixer: Display: 	Callback Buffer Frame Size Requested: 1024
[2026.08.26-22.09.31:470][998]LogAudioMixer: Display: 	Callback Buffer Frame Size To Use:	  1024
[2026.08.26-22.09.31:470][998]LogAudioMixer: Display: 	Number of buffers to queue:			  2
[2026.08.26-22.09.31:470][998]LogAudioMixer: Display: 	Max Channels (voices):				  32
[2026.08.26-22.09.31:470][998]LogAudioMixer: Display: 	Number of Async Source Workers:		  0
[2026.08.26-22.09.31:470][998]LogAudio: Display: AudioDevice MaxSources: 32
[2026.08.26-22.09.31:470][998]LogAudio: Display: Audio Spatialization Plugin: None (built-in).
[2026.08.26-22.09.31:470][998]LogAudio: Display: Audio Reverb Plugin: None (built-in).
[2026.08.26-22.09.31:470][998]LogAudio: Display: Audio Occlusion Plugin: None (built-in).
[2026.08.26-22.09.31:470][998]LogAudioMixer: Display: Initializing audio mixer.
[2026.08.26-22.09.31:474][998]LogAudioMixer: Display: 0: FrontLeft
[2026.08.26-22.09.31:474][998]LogAudioMixer: Display: 1: FrontRight
[2026.08.26-22.09.31:487][998]LogAudioMixer: Display: Using Audio Device Realtek HD Audio 2nd output (Realtek(R) Audio)
[2026.08.26-22.09.31:487][998]LogAudioMixer: Display: Initializing Sound Submixes...
[2026.08.26-22.09.31:488][998]LogAudioMixer: Display: Creating Master Submix 'MasterSubmixDefault'
[2026.08.26-22.09.31:488][998]LogAudioMixer: Display: Creating Master Submix 'MasterReverbSubmixDefault'
[2026.08.26-22.09.31:488][998]LogAudioMixer: Display: Creating Master Submix 'MasterEQSubmixDefault'
[2026.08.26-22.09.31:488][998]LogAudioMixer: FMixerPlatformXAudio2::StartAudioStream() called
[2026.08.26-22.09.31:488][998]LogAudioMixer: Display: Output buffers initialized: Frames=1024, Channels=2, Samples=2048
[2026.08.26-22.09.31:489][998]LogAudioMixer: Display: Starting AudioMixerPlatformInterface::RunInternal()
[2026.08.26-22.09.31:489][998]LogAudioMixer: Display: FMixerPlatformXAudio2::SubmitBuffer() called for the first time
[2026.08.26-22.09.31:489][998]LogInit: FAudioDevice initialized.
[2026.08.26-22.09.31:489][998]LogAudio: Display: Audio Device (ID: 74) registered with world 'TestLevel_Weeb'.
[2026.08.26-22.09.31:499][998]LogLoad: Game class is 'BrackeysGameMode_C'
[2026.08.26-22.09.31:500][998]LogWorld: Bringing World /Game/Brackeys2026/Levels/UEDPIE_0_TestLevel_Weeb.TestLevel_Weeb up for play (max tick rate 0) at 2026.08.26-15.09.31
[2026.08.26-22.09.31:500][998]LogWorld: Bringing up level for play took: 0.000750
[2026.08.26-22.09.31:500][998]LogOnline: OSS: Creating online subsystem instance for: :Context_89
[2026.08.26-22.09.31:506][998]PIE: Server logged in
[2026.08.26-22.09.31:507][998]PIE: Play in editor total start time 0.076 seconds.
[2026.08.26-22.09.31:957][ 46]LogSlate: Updating window title bar state: overlay mode, drag disabled, window buttons hidden, title bar hidden
[2026.08.26-22.09.31:957][ 46]LogWorld: BeginTearingDown for /Game/Brackeys2026/Levels/UEDPIE_0_TestLevel_Weeb
[2026.08.26-22.09.31:958][ 46]LogWorld: UWorld::CleanupWorld for TestLevel_Weeb, bSessionEnded=true, bCleanupResources=true
[2026.08.26-22.09.31:958][ 46]LogSlate: InvalidateAllWidgets triggered.  All widgets were invalidated
[2026.08.26-22.09.31:988][ 46]LogPlayLevel: Display: Shutting down PIE online subsystems
[2026.08.26-22.09.31:991][ 46]LogSlate: InvalidateAllWidgets triggered.  All widgets were invalidated
[2026.08.26-22.09.32:016][ 46]LogSlate: Updating window title bar state: overlay mode, drag disabled, window buttons hidden, title bar hidden
[2026.08.26-22.09.32:017][ 46]LogAudioMixer: FMixerPlatformXAudio2::StopAudioStream() called
[2026.08.26-22.09.32:019][ 46]LogAudioMixer: FMixerPlatformXAudio2::StopAudioStream() called
[2026.08.26-22.09.32:024][ 46]LogUObjectHash: Compacting FUObjectHashTables data took   1.72ms
[2026.08.26-22.09.32:039][ 47]LogPlayLevel: Display: Destroying online subsystem :Context_89
[2026.08.26-22.09.35:251][416]Cmd: TRANSACTION UNDO
[2026.08.26-22.09.35:251][416]LogEditorTransaction: Undo Break Pin Links
[2026.08.26-22.09.35:619][426]Cmd: TRANSACTION UNDO
[2026.08.26-22.09.35:619][426]LogEditorTransaction: Undo Break Pin Links
[2026.08.26-22.09.37:475][623]LogSavePackage: Moving 'E:/_Alex's Data/Unreal Engine/Unreal Projects/Brackeys2026/Brackeys-2026/BrackeysJam2026/Saved/BP_CueRevolver455E506746C8AF7C6C457C8951892C5A.tmp' to 'E:/_Alex's Data/Unreal Engine/Unreal Projects/Brackeys2026/Brackeys-2026/BrackeysJam2026/Content/Brackeys2026/SoundEffects/BP_CueRevolver.uasset'
[2026.08.26-22.09.37:493][623]AssetCheck: New page: Asset Save: BP_CueRevolver
[2026.08.26-22.09.37:493][623]LogContentValidation: Display: Validating SoundCue /Game/Brackeys2026/SoundEffects/BP_CueRevolver.BP_CueRevolver
[2026.08.26-22.09.38:707][752]LogSavePackage: Moving 'E:/_Alex's Data/Unreal Engine/Unreal Projects/Brackeys2026/Brackeys-2026/BrackeysJam2026/Saved/BP_CuePlayer84B2BF9B4031CDF286AC52A127FC76BC.tmp' to 'E:/_Alex's Data/Unreal Engine/Unreal Projects/Brackeys2026/Brackeys-2026/BrackeysJam2026/Content/Brackeys2026/SoundEffects/BP_CuePlayer.uasset'
[2026.08.26-22.09.38:725][752]AssetCheck: New page: Asset Save: BP_CuePlayer
[2026.08.26-22.09.38:725][752]LogContentValidation: Display: Validating SoundCue /Game/Brackeys2026/SoundEffects/BP_CuePlayer.BP_CuePlayer
[2026.08.26-22.09.52:785][122]BlueprintLog: New page: Compile BP_Player
[2026.08.26-22.09.52:850][122]LogUObjectHash: Compacting FUObjectHashTables data took   1.99ms
[2026.08.26-22.09.53:339][151]LogSavePackage: Moving 'E:/_Alex's Data/Unreal Engine/Unreal Projects/Brackeys2026/Brackeys-2026/BrackeysJam2026/Saved/BP_Player929DC2684010C4148E6F3088C503B535.tmp' to 'E:/_Alex's Data/Unreal Engine/Unreal Projects/Brackeys2026/Brackeys-2026/BrackeysJam2026/Content/Brackeys2026/Characters/Player/BP_Player.uasset'
[2026.08.26-22.09.53:362][151]AssetCheck: New page: Asset Save: BP_Player
[2026.08.26-22.09.53:362][151]LogContentValidation: Display: Validating Blueprint /Game/Brackeys2026/Characters/Player/BP_Player.BP_Player
[2026.08.26-22.10.17:409][393]LogTemp: Repeating last play command: Selected Viewport
[2026.08.26-22.10.17:418][393]BlueprintLog: New page: Pre-Play auto-recompile
[2026.08.26-22.10.17:422][393]LogPlayLevel: [PlayLevel] Compiling BP_Player before play...
[2026.08.26-22.10.17:529][393]LogUObjectHash: Compacting FUObjectHashTables data took   2.61ms
[2026.08.26-22.10.17:530][393]LogPlayLevel: PlayLevel: Blueprint regeneration took 111 ms (1 blueprints)
[2026.08.26-22.10.17:530][393]PIE: New page: PIE session: TestLevel_Weeb (Aug 26, 2026, 8:10:17 AM)
[2026.08.26-22.10.17:530][393]LogPlayLevel: Creating play world package: /Game/Brackeys2026/Levels/UEDPIE_0_TestLevel_Weeb
[2026.08.26-22.10.17:532][393]LogPlayLevel: PIE: StaticDuplicateObject took: (0.001768s)
[2026.08.26-22.10.17:533][393]LogAIModule: Creating AISystem for world TestLevel_Weeb
[2026.08.26-22.10.17:534][393]LogPlayLevel: PIE: World Init took: (0.002309s)
[2026.08.26-22.10.17:535][393]LogPlayLevel: PIE: Created PIE world by copying editor world from /Game/Brackeys2026/Levels/TestLevel_Weeb.TestLevel_Weeb to /Game/Brackeys2026/Levels/UEDPIE_0_TestLevel_Weeb.TestLevel_Weeb (0.004381s)
[2026.08.26-22.10.17:566][393]LogUObjectHash: Compacting FUObjectHashTables data took   1.79ms
[2026.08.26-22.10.17:566][393]LogAudio: Display: Creating Audio Device:                 Id: 75, Scope: Unique, Realtime: True
[2026.08.26-22.10.17:566][393]LogAudioMixer: Display: Audio Mixer Platform Settings:
[2026.08.26-22.10.17:566][393]LogAudioMixer: Display: 	Sample Rate:						  48000
[2026.08.26-22.10.17:566][393]LogAudioMixer: Display: 	Callback Buffer Frame Size Requested: 1024
[2026.08.26-22.10.17:566][393]LogAudioMixer: Display: 	Callback Buffer Frame Size To Use:	  1024
[2026.08.26-22.10.17:566][393]LogAudioMixer: Display: 	Number of buffers to queue:			  2
[2026.08.26-22.10.17:566][393]LogAudioMixer: Display: 	Max Channels (voices):				  32
[2026.08.26-22.10.17:566][393]LogAudioMixer: Display: 	Number of Async Source Workers:		  0
[2026.08.26-22.10.17:566][393]LogAudio: Display: AudioDevice MaxSources: 32
[2026.08.26-22.10.17:566][393]LogAudio: Display: Audio Spatialization Plugin: None (built-in).
[2026.08.26-22.10.17:566][393]LogAudio: Display: Audio Reverb Plugin: None (built-in).
[2026.08.26-22.10.17:566][393]LogAudio: Display: Audio Occlusion Plugin: None (built-in).
[2026.08.26-22.10.17:566][393]LogAudioMixer: Display: Initializing audio mixer.
[2026.08.26-22.10.17:573][393]LogAudioMixer: Display: 0: FrontLeft
[2026.08.26-22.10.17:573][393]LogAudioMixer: Display: 1: FrontRight
[2026.08.26-22.10.17:586][393]LogAudioMixer: Display: Using Audio Device Realtek HD Audio 2nd output (Realtek(R) Audio)
[2026.08.26-22.10.17:587][393]LogAudioMixer: Display: Initializing Sound Submixes...
[2026.08.26-22.10.17:587][393]LogAudioMixer: Display: Creating Master Submix 'MasterSubmixDefault'
[2026.08.26-22.10.17:587][393]LogAudioMixer: Display: Creating Master Submix 'MasterReverbSubmixDefault'
[2026.08.26-22.10.17:587][393]LogAudioMixer: Display: Creating Master Submix 'MasterEQSubmixDefault'
[2026.08.26-22.10.17:587][393]LogAudioMixer: FMixerPlatformXAudio2::StartAudioStream() called
[2026.08.26-22.10.17:587][393]LogAudioMixer: Display: Output buffers initialized: Frames=1024, Channels=2, Samples=2048
[2026.08.26-22.10.17:588][393]LogAudioMixer: Display: Starting AudioMixerPlatformInterface::RunInternal()
[2026.08.26-22.10.17:588][393]LogAudioMixer: Display: FMixerPlatformXAudio2::SubmitBuffer() called for the first time
[2026.08.26-22.10.17:588][393]LogInit: FAudioDevice initialized.
[2026.08.26-22.10.17:588][393]LogAudio: Display: Audio Device (ID: 75) registered with world 'TestLevel_Weeb'.
[2026.08.26-22.10.17:636][393]LogSlate: Updating window title bar state: overlay mode, drag disabled, window buttons hidden, title bar hidden
[2026.08.26-22.10.17:636][393]LogLoad: Game class is 'BrackeysGameMode_C'
[2026.08.26-22.10.17:637][393]LogWorld: Bringing World /Game/Brackeys2026/Levels/UEDPIE_0_TestLevel_Weeb.TestLevel_Weeb up for play (max tick rate 0) at 2026.08.26-15.10.17
[2026.08.26-22.10.17:637][393]LogWorld: Bringing up level for play took: 0.000731
[2026.08.26-22.10.17:637][393]LogOnline: OSS: Creating online subsystem instance for: :Context_90
[2026.08.26-22.10.17:645][393]PIE: Server logged in
[2026.08.26-22.10.17:646][393]PIE: Play in editor total start time 0.231 seconds.
[2026.08.26-22.10.19:317][568]LogSlate: Updating window title bar state: overlay mode, drag disabled, window buttons hidden, title bar hidden
[2026.08.26-22.10.19:317][568]LogWorld: BeginTearingDown for /Game/Brackeys2026/Levels/UEDPIE_0_TestLevel_Weeb
[2026.08.26-22.10.19:317][568]LogSlate: Window 'BrackeysJam2026 Preview [NetMode: Standalone]  (64-bit/Windows) ' being destroyed
[2026.08.26-22.10.19:325][568]LogWorld: UWorld::CleanupWorld for TestLevel_Weeb, bSessionEnded=true, bCleanupResources=true
[2026.08.26-22.10.19:325][568]LogSlate: InvalidateAllWidgets triggered.  All widgets were invalidated
[2026.08.26-22.10.19:340][568]LogPlayLevel: Display: Shutting down PIE online subsystems
[2026.08.26-22.10.19:344][568]LogSlate: InvalidateAllWidgets triggered.  All widgets were invalidated
[2026.08.26-22.10.19:369][568]LogAudioMixer: FMixerPlatformXAudio2::StopAudioStream() called
[2026.08.26-22.10.19:370][568]LogAudioMixer: FMixerPlatformXAudio2::StopAudioStream() called
[2026.08.26-22.10.19:375][568]LogUObjectHash: Compacting FUObjectHashTables data took   1.68ms
[2026.08.26-22.10.19:402][569]LogPlayLevel: Display: Destroying online subsystem :Context_90
[2026.08.26-22.10.28:815][493]BlueprintLog: New page: Compile BP_Player
[2026.08.26-22.10.28:870][493]LogUObjectHash: Compacting FUObjectHashTables data took   1.91ms
[2026.08.26-22.10.29:353][526]LogSavePackage: Moving 'E:/_Alex's Data/Unreal Engine/Unreal Projects/Brackeys2026/Brackeys-2026/BrackeysJam2026/Saved/BP_PlayerFCCC2EDF4C648D1DB51F51993B100E24.tmp' to 'E:/_Alex's Data/Unreal Engine/Unreal Projects/Brackeys2026/Brackeys-2026/BrackeysJam2026/Content/Brackeys2026/Characters/Player/BP_Player.uasset'
[2026.08.26-22.10.29:379][526]AssetCheck: New page: Asset Save: BP_Player
[2026.08.26-22.10.29:379][526]LogContentValidation: Display: Validating Blueprint /Game/Brackeys2026/Characters/Player/BP_Player.BP_Player
[2026.08.26-22.10.35:426][177]BlueprintLog: New page: Compile BP_Opponent
[2026.08.26-22.10.35:476][177]LogUObjectHash: Compacting FUObjectHashTables data took   2.54ms
[2026.08.26-22.10.35:968][221]LogSavePackage: Moving 'E:/_Alex's Data/Unreal Engine/Unreal Projects/Brackeys2026/Brackeys-2026/BrackeysJam2026/Saved/BP_Opponent0EC5A66844887A196FF6E3A4293567E3.tmp' to 'E:/_Alex's Data/Unreal Engine/Unreal Projects/Brackeys2026/Brackeys-2026/BrackeysJam2026/Content/Brackeys2026/Characters/Opponent/BP_Opponent.uasset'
[2026.08.26-22.10.35:985][221]AssetCheck: New page: Asset Save: BP_Opponent
[2026.08.26-22.10.35:985][221]LogContentValidation: Display: Validating Blueprint /Game/Brackeys2026/Characters/Opponent/BP_Opponent.BP_Opponent
[2026.08.26-22.10.45:263][191]LogTemp: Repeating last play command: Selected Viewport
[2026.08.26-22.10.45:274][191]LogPlayLevel: PlayLevel: No blueprints needed recompiling
[2026.08.26-22.10.45:274][191]PIE: New page: PIE session: TestLevel_Weeb (Aug 26, 2026, 8:10:45 AM)
[2026.08.26-22.10.45:275][191]LogPlayLevel: Creating play world package: /Game/Brackeys2026/Levels/UEDPIE_0_TestLevel_Weeb
[2026.08.26-22.10.45:277][191]LogPlayLevel: PIE: StaticDuplicateObject took: (0.002963s)
[2026.08.26-22.10.45:278][191]LogAIModule: Creating AISystem for world TestLevel_Weeb
[2026.08.26-22.10.45:280][191]LogPlayLevel: PIE: World Init took: (0.001436s)
[2026.08.26-22.10.45:280][191]LogPlayLevel: PIE: Created PIE world by copying editor world from /Game/Brackeys2026/Levels/TestLevel_Weeb.TestLevel_Weeb to /Game/Brackeys2026/Levels/UEDPIE_0_TestLevel_Weeb.TestLevel_Weeb (0.004871s)
[2026.08.26-22.10.45:310][191]LogUObjectHash: Compacting FUObjectHashTables data took   2.33ms
[2026.08.26-22.10.45:310][191]LogAudio: Display: Creating Audio Device:                 Id: 76, Scope: Unique, Realtime: True
[2026.08.26-22.10.45:310][191]LogAudioMixer: Display: Audio Mixer Platform Settings:
[2026.08.26-22.10.45:310][191]LogAudioMixer: Display: 	Sample Rate:						  48000
[2026.08.26-22.10.45:310][191]LogAudioMixer: Display: 	Callback Buffer Frame Size Requested: 1024
[2026.08.26-22.10.45:310][191]LogAudioMixer: Display: 	Callback Buffer Frame Size To Use:	  1024
[2026.08.26-22.10.45:310][191]LogAudioMixer: Display: 	Number of buffers to queue:			  2
[2026.08.26-22.10.45:310][191]LogAudioMixer: Display: 	Max Channels (voices):				  32
[2026.08.26-22.10.45:310][191]LogAudioMixer: Display: 	Number of Async Source Workers:		  0
[2026.08.26-22.10.45:310][191]LogAudio: Display: AudioDevice MaxSources: 32
[2026.08.26-22.10.45:310][191]LogAudio: Display: Audio Spatialization Plugin: None (built-in).
[2026.08.26-22.10.45:310][191]LogAudio: Display: Audio Reverb Plugin: None (built-in).
[2026.08.26-22.10.45:310][191]LogAudio: Display: Audio Occlusion Plugin: None (built-in).
[2026.08.26-22.10.45:310][191]LogAudioMixer: Display: Initializing audio mixer.
[2026.08.26-22.10.45:315][191]LogAudioMixer: Display: 0: FrontLeft
[2026.08.26-22.10.45:315][191]LogAudioMixer: Display: 1: FrontRight
[2026.08.26-22.10.45:328][191]LogAudioMixer: Display: Using Audio Device Realtek HD Audio 2nd output (Realtek(R) Audio)
[2026.08.26-22.10.45:328][191]LogAudioMixer: Display: Initializing Sound Submixes...
[2026.08.26-22.10.45:328][191]LogAudioMixer: Display: Creating Master Submix 'MasterSubmixDefault'
[2026.08.26-22.10.45:328][191]LogAudioMixer: Display: Creating Master Submix 'MasterReverbSubmixDefault'
[2026.08.26-22.10.45:328][191]LogAudioMixer: Display: Creating Master Submix 'MasterEQSubmixDefault'
[2026.08.26-22.10.45:328][191]LogAudioMixer: FMixerPlatformXAudio2::StartAudioStream() called
[2026.08.26-22.10.45:328][191]LogAudioMixer: Display: Output buffers initialized: Frames=1024, Channels=2, Samples=2048
[2026.08.26-22.10.45:330][191]LogAudioMixer: Display: Starting AudioMixerPlatformInterface::RunInternal()
[2026.08.26-22.10.45:330][191]LogAudioMixer: Display: FMixerPlatformXAudio2::SubmitBuffer() called for the first time
[2026.08.26-22.10.45:330][191]LogInit: FAudioDevice initialized.
[2026.08.26-22.10.45:330][191]LogAudio: Display: Audio Device (ID: 76) registered with world 'TestLevel_Weeb'.
[2026.08.26-22.10.45:387][191]LogSlate: Updating window title bar state: overlay mode, drag disabled, window buttons hidden, title bar hidden
[2026.08.26-22.10.45:387][191]LogLoad: Game class is 'BrackeysGameMode_C'
[2026.08.26-22.10.45:388][191]LogWorld: Bringing World /Game/Brackeys2026/Levels/UEDPIE_0_TestLevel_Weeb.TestLevel_Weeb up for play (max tick rate 0) at 2026.08.26-15.10.45
[2026.08.26-22.10.45:389][191]LogWorld: Bringing up level for play took: 0.001175
[2026.08.26-22.10.45:389][191]LogOnline: OSS: Creating online subsystem instance for: :Context_91
[2026.08.26-22.10.45:398][191]PIE: Server logged in
[2026.08.26-22.10.45:402][191]PIE: Play in editor total start time 0.13 seconds.
[2026.08.26-22.10.54:807][143]LogSlate: Updating window title bar state: overlay mode, drag disabled, window buttons hidden, title bar hidden
[2026.08.26-22.10.54:807][143]LogWorld: BeginTearingDown for /Game/Brackeys2026/Levels/UEDPIE_0_TestLevel_Weeb
[2026.08.26-22.10.54:807][143]LogSlate: Window 'BrackeysJam2026 Preview [NetMode: Standalone]  (64-bit/Windows) ' being destroyed
[2026.08.26-22.10.54:816][143]LogWorld: UWorld::CleanupWorld for TestLevel_Weeb, bSessionEnded=true, bCleanupResources=true
[2026.08.26-22.10.54:816][143]LogSlate: InvalidateAllWidgets triggered.  All widgets were invalidated
[2026.08.26-22.10.54:842][143]LogPlayLevel: Display: Shutting down PIE online subsystems
[2026.08.26-22.10.54:846][143]LogSlate: InvalidateAllWidgets triggered.  All widgets were invalidated
[2026.08.26-22.10.54:870][143]LogAudio: Display: Audio Device unregistered from world 'None'.
[2026.08.26-22.10.54:871][143]LogAudioMixer: FMixerPlatformXAudio2::StopAudioStream() called
[2026.08.26-22.10.54:872][143]LogAudioMixer: FMixerPlatformXAudio2::StopAudioStream() called
[2026.08.26-22.10.54:877][143]LogUObjectHash: Compacting FUObjectHashTables data took   1.76ms
[2026.08.26-22.10.54:900][144]LogPlayLevel: Display: Destroying online subsystem :Context_91
[2026.08.26-22.10.58:116][471]BlueprintLog: New page: Compile BP_Player
[2026.08.26-22.10.58:174][471]LogUObjectHash: Compacting FUObjectHashTables data took   2.00ms
[2026.08.26-22.10.58:770][523]LogSavePackage: Moving 'E:/_Alex's Data/Unreal Engine/Unreal Projects/Brackeys2026/Brackeys-2026/BrackeysJam2026/Saved/BP_Player5940495A47D25C0B643DCFAF065244B8.tmp' to 'E:/_Alex's Data/Unreal Engine/Unreal Projects/Brackeys2026/Brackeys-2026/BrackeysJam2026/Content/Brackeys2026/Characters/Player/BP_Player.uasset'
[2026.08.26-22.10.58:795][523]AssetCheck: New page: Asset Save: BP_Player
[2026.08.26-22.10.58:795][523]LogContentValidation: Display: Validating Blueprint /Game/Brackeys2026/Characters/Player/BP_Player.BP_Player
[2026.08.26-22.11.01:119][789]LogEditorTransaction: Undo Delete current selection
[2026.08.26-22.11.04:961][157]LogTemp: Repeating last play command: Selected Viewport
[2026.08.26-22.11.04:969][157]BlueprintLog: New page: Pre-Play auto-recompile
[2026.08.26-22.11.04:973][157]LogPlayLevel: [PlayLevel] Compiling BP_Player before play...
[2026.08.26-22.11.05:072][157]LogUObjectHash: Compacting FUObjectHashTables data took   2.54ms
[2026.08.26-22.11.05:073][157]LogPlayLevel: PlayLevel: Blueprint regeneration took 103 ms (1 blueprints)
[2026.08.26-22.11.05:074][157]PIE: New page: PIE session: TestLevel_Weeb (Aug 26, 2026, 8:11:05 AM)
[2026.08.26-22.11.05:074][157]LogPlayLevel: Creating play world package: /Game/Brackeys2026/Levels/UEDPIE_0_TestLevel_Weeb
[2026.08.26-22.11.05:076][157]LogPlayLevel: PIE: StaticDuplicateObject took: (0.001890s)
[2026.08.26-22.11.05:076][157]LogAIModule: Creating AISystem for world TestLevel_Weeb
[2026.08.26-22.11.05:076][157]LogPlayLevel: PIE: World Init took: (0.000879s)
[2026.08.26-22.11.05:077][157]LogPlayLevel: PIE: Created PIE world by copying editor world from /Game/Brackeys2026/Levels/TestLevel_Weeb.TestLevel_Weeb to /Game/Brackeys2026/Levels/UEDPIE_0_TestLevel_Weeb.TestLevel_Weeb (0.002880s)
[2026.08.26-22.11.05:101][157]LogUObjectHash: Compacting FUObjectHashTables data took   1.72ms
[2026.08.26-22.11.05:102][157]LogAudio: Display: Creating Audio Device:                 Id: 77, Scope: Unique, Realtime: True
[2026.08.26-22.11.05:102][157]LogAudioMixer: Display: Audio Mixer Platform Settings:
[2026.08.26-22.11.05:102][157]LogAudioMixer: Display: 	Sample Rate:						  48000
[2026.08.26-22.11.05:102][157]LogAudioMixer: Display: 	Callback Buffer Frame Size Requested: 1024
[2026.08.26-22.11.05:102][157]LogAudioMixer: Display: 	Callback Buffer Frame Size To Use:	  1024
[2026.08.26-22.11.05:102][157]LogAudioMixer: Display: 	Number of buffers to queue:			  2
[2026.08.26-22.11.05:102][157]LogAudioMixer: Display: 	Max Channels (voices):				  32
[2026.08.26-22.11.05:102][157]LogAudioMixer: Display: 	Number of Async Source Workers:		  0
[2026.08.26-22.11.05:102][157]LogAudio: Display: AudioDevice MaxSources: 32
[2026.08.26-22.11.05:102][157]LogAudio: Display: Audio Spatialization Plugin: None (built-in).
[2026.08.26-22.11.05:102][157]LogAudio: Display: Audio Reverb Plugin: None (built-in).
[2026.08.26-22.11.05:102][157]LogAudio: Display: Audio Occlusion Plugin: None (built-in).
[2026.08.26-22.11.05:102][157]LogAudioMixer: Display: Initializing audio mixer.
[2026.08.26-22.11.05:107][157]LogAudioMixer: Display: 0: FrontLeft
[2026.08.26-22.11.05:107][157]LogAudioMixer: Display: 1: FrontRight
[2026.08.26-22.11.05:119][157]LogAudioMixer: Display: Using Audio Device Realtek HD Audio 2nd output (Realtek(R) Audio)
[2026.08.26-22.11.05:119][157]LogAudioMixer: Display: Initializing Sound Submixes...
[2026.08.26-22.11.05:119][157]LogAudioMixer: Display: Creating Master Submix 'MasterSubmixDefault'
[2026.08.26-22.11.05:119][157]LogAudioMixer: Display: Creating Master Submix 'MasterReverbSubmixDefault'
[2026.08.26-22.11.05:119][157]LogAudioMixer: Display: Creating Master Submix 'MasterEQSubmixDefault'
[2026.08.26-22.11.05:119][157]LogAudioMixer: FMixerPlatformXAudio2::StartAudioStream() called
[2026.08.26-22.11.05:120][157]LogAudioMixer: Display: Output buffers initialized: Frames=1024, Channels=2, Samples=2048
[2026.08.26-22.11.05:120][157]LogAudioMixer: Display: Starting AudioMixerPlatformInterface::RunInternal()
[2026.08.26-22.11.05:120][157]LogAudioMixer: Display: FMixerPlatformXAudio2::SubmitBuffer() called for the first time
[2026.08.26-22.11.05:120][157]LogInit: FAudioDevice initialized.
[2026.08.26-22.11.05:120][157]LogAudio: Display: Audio Device (ID: 77) registered with world 'TestLevel_Weeb'.
[2026.08.26-22.11.05:169][157]LogSlate: Updating window title bar state: overlay mode, drag disabled, window buttons hidden, title bar hidden
[2026.08.26-22.11.05:170][157]LogLoad: Game class is 'BrackeysGameMode_C'
[2026.08.26-22.11.05:170][157]LogWorld: Bringing World /Game/Brackeys2026/Levels/UEDPIE_0_TestLevel_Weeb.TestLevel_Weeb up for play (max tick rate 0) at 2026.08.26-15.11.05
[2026.08.26-22.11.05:171][157]LogWorld: Bringing up level for play took: 0.000732
[2026.08.26-22.11.05:171][157]LogOnline: OSS: Creating online subsystem instance for: :Context_92
[2026.08.26-22.11.05:178][157]PIE: Server logged in
[2026.08.26-22.11.05:178][157]PIE: Play in editor total start time 0.211 seconds.
[2026.08.26-22.11.09:517][656]LogSlate: Updating window title bar state: overlay mode, drag disabled, window buttons hidden, title bar hidden
[2026.08.26-22.11.09:517][656]LogWorld: BeginTearingDown for /Game/Brackeys2026/Levels/UEDPIE_0_TestLevel_Weeb
[2026.08.26-22.11.09:517][656]LogSlate: Window 'BrackeysJam2026 Preview [NetMode: Standalone]  (64-bit/Windows) ' being destroyed
[2026.08.26-22.11.09:526][656]LogWorld: UWorld::CleanupWorld for TestLevel_Weeb, bSessionEnded=true, bCleanupResources=true
[2026.08.26-22.11.09:526][656]LogSlate: InvalidateAllWidgets triggered.  All widgets were invalidated
[2026.08.26-22.11.09:538][656]LogPlayLevel: Display: Shutting down PIE online subsystems
[2026.08.26-22.11.09:542][656]LogSlate: InvalidateAllWidgets triggered.  All widgets were invalidated
[2026.08.26-22.11.09:567][656]LogAudioMixer: FMixerPlatformXAudio2::StopAudioStream() called
[2026.08.26-22.11.09:568][656]LogAudioMixer: FMixerPlatformXAudio2::StopAudioStream() called
[2026.08.26-22.11.09:574][656]LogUObjectHash: Compacting FUObjectHashTables data took   1.70ms
[2026.08.26-22.11.09:598][657]LogPlayLevel: Display: Destroying online subsystem :Context_92
[2026.08.26-22.11.12:633][974]BlueprintLog: New page: Compile BP_Player
[2026.08.26-22.11.12:692][974]LogUObjectHash: Compacting FUObjectHashTables data took   2.00ms
[2026.08.26-22.11.13:121][  8]LogSavePackage: Moving 'E:/_Alex's Data/Unreal Engine/Unreal Projects/Brackeys2026/Brackeys-2026/BrackeysJam2026/Saved/BP_PlayerAC7BA65F48CFFC54A83FFCBDC13F7CE7.tmp' to 'E:/_Alex's Data/Unreal Engine/Unreal Projects/Brackeys2026/Brackeys-2026/BrackeysJam2026/Content/Brackeys2026/Characters/Player/BP_Player.uasset'
[2026.08.26-22.11.13:147][  8]AssetCheck: New page: Asset Save: BP_Player
[2026.08.26-22.11.13:147][  8]LogContentValidation: Display: Validating Blueprint /Game/Brackeys2026/Characters/Player/BP_Player.BP_Player
[2026.08.26-22.11.22:220][946]BlueprintLog: New page: Compile BP_Revolver
[2026.08.26-22.11.22:300][946]LogUObjectHash: Compacting FUObjectHashTables data took   2.47ms
[2026.08.26-22.11.22:758][970]LogSavePackage: Moving 'E:/_Alex's Data/Unreal Engine/Unreal Projects/Brackeys2026/Brackeys-2026/BrackeysJam2026/Saved/BP_Revolver1D1AA7204A48FE121B6775BB62FD6480.tmp' to 'E:/_Alex's Data/Unreal Engine/Unreal Projects/Brackeys2026/Brackeys-2026/BrackeysJam2026/Content/Brackeys2026/Objects/Revolver/BP_Revolver.uasset'
[2026.08.26-22.11.22:784][970]AssetCheck: New page: Asset Save: BP_Revolver
[2026.08.26-22.11.22:785][970]LogContentValidation: Display: Validating Blueprint /Game/Brackeys2026/Objects/Revolver/BP_Revolver.BP_Revolver
[2026.08.26-22.11.23:554][ 41]LogTemp: Repeating last play command: Selected Viewport
[2026.08.26-22.11.23:564][ 41]LogPlayLevel: PlayLevel: No blueprints needed recompiling
[2026.08.26-22.11.23:564][ 41]PIE: New page: PIE session: TestLevel_Weeb (Aug 26, 2026, 8:11:23 AM)
[2026.08.26-22.11.23:564][ 41]LogPlayLevel: Creating play world package: /Game/Brackeys2026/Levels/UEDPIE_0_TestLevel_Weeb
[2026.08.26-22.11.23:568][ 41]LogPlayLevel: PIE: StaticDuplicateObject took: (0.003057s)
[2026.08.26-22.11.23:569][ 41]LogAIModule: Creating AISystem for world TestLevel_Weeb
[2026.08.26-22.11.23:569][ 41]LogPlayLevel: PIE: World Init took: (0.001485s)
[2026.08.26-22.11.23:569][ 41]LogPlayLevel: PIE: Created PIE world by copying editor world from /Game/Brackeys2026/Levels/TestLevel_Weeb.TestLevel_Weeb to /Game/Brackeys2026/Levels/UEDPIE_0_TestLevel_Weeb.TestLevel_Weeb (0.004725s)
[2026.08.26-22.11.23:600][ 41]LogUObjectHash: Compacting FUObjectHashTables data took   2.35ms
[2026.08.26-22.11.23:600][ 41]LogAudio: Display: Creating Audio Device:                 Id: 78, Scope: Unique, Realtime: True
[2026.08.26-22.11.23:600][ 41]LogAudioMixer: Display: Audio Mixer Platform Settings:
[2026.08.26-22.11.23:600][ 41]LogAudioMixer: Display: 	Sample Rate:						  48000
[2026.08.26-22.11.23:600][ 41]LogAudioMixer: Display: 	Callback Buffer Frame Size Requested: 1024
[2026.08.26-22.11.23:600][ 41]LogAudioMixer: Display: 	Callback Buffer Frame Size To Use:	  1024
[2026.08.26-22.11.23:600][ 41]LogAudioMixer: Display: 	Number of buffers to queue:			  2
[2026.08.26-22.11.23:600][ 41]LogAudioMixer: Display: 	Max Channels (voices):				  32
[2026.08.26-22.11.23:600][ 41]LogAudioMixer: Display: 	Number of Async Source Workers:		  0
[2026.08.26-22.11.23:600][ 41]LogAudio: Display: AudioDevice MaxSources: 32
[2026.08.26-22.11.23:601][ 41]LogAudio: Display: Audio Spatialization Plugin: None (built-in).
[2026.08.26-22.11.23:601][ 41]LogAudio: Display: Audio Reverb Plugin: None (built-in).
[2026.08.26-22.11.23:601][ 41]LogAudio: Display: Audio Occlusion Plugin: None (built-in).
[2026.08.26-22.11.23:601][ 41]LogAudioMixer: Display: Initializing audio mixer.
[2026.08.26-22.11.23:605][ 41]LogAudioMixer: Display: 0: FrontLeft
[2026.08.26-22.11.23:605][ 41]LogAudioMixer: Display: 1: FrontRight
[2026.08.26-22.11.23:617][ 41]LogAudioMixer: Display: Using Audio Device Realtek HD Audio 2nd output (Realtek(R) Audio)
[2026.08.26-22.11.23:618][ 41]LogAudioMixer: Display: Initializing Sound Submixes...
[2026.08.26-22.11.23:618][ 41]LogAudioMixer: Display: Creating Master Submix 'MasterSubmixDefault'
[2026.08.26-22.11.23:618][ 41]LogAudioMixer: Display: Creating Master Submix 'MasterReverbSubmixDefault'
[2026.08.26-22.11.23:618][ 41]LogAudioMixer: Display: Creating Master Submix 'MasterEQSubmixDefault'
[2026.08.26-22.11.23:618][ 41]LogAudioMixer: FMixerPlatformXAudio2::StartAudioStream() called
[2026.08.26-22.11.23:618][ 41]LogAudioMixer: Display: Output buffers initialized: Frames=1024, Channels=2, Samples=2048
[2026.08.26-22.11.23:619][ 41]LogAudioMixer: Display: Starting AudioMixerPlatformInterface::RunInternal()
[2026.08.26-22.11.23:619][ 41]LogAudioMixer: Display: FMixerPlatformXAudio2::SubmitBuffer() called for the first time
[2026.08.26-22.11.23:619][ 41]LogInit: FAudioDevice initialized.
[2026.08.26-22.11.23:619][ 41]LogAudio: Display: Audio Device (ID: 78) registered with world 'TestLevel_Weeb'.
[2026.08.26-22.11.23:653][ 41]LogSlate: Updating window title bar state: overlay mode, drag disabled, window buttons hidden, title bar hidden
[2026.08.26-22.11.23:653][ 41]LogLoad: Game class is 'BrackeysGameMode_C'
[2026.08.26-22.11.23:654][ 41]LogWorld: Bringing World /Game/Brackeys2026/Levels/UEDPIE_0_TestLevel_Weeb.TestLevel_Weeb up for play (max tick rate 0) at 2026.08.26-15.11.23
[2026.08.26-22.11.23:654][ 41]LogWorld: Bringing up level for play took: 0.000815
[2026.08.26-22.11.23:654][ 41]LogOnline: OSS: Creating online subsystem instance for: :Context_93
[2026.08.26-22.11.23:665][ 41]PIE: Server logged in
[2026.08.26-22.11.23:669][ 41]PIE: Play in editor total start time 0.108 seconds.
[2026.08.26-22.11.24:438][111]LogSlate: Updating window title bar state: overlay mode, drag disabled, window buttons hidden, title bar hidden
[2026.08.26-22.11.24:438][111]LogWorld: BeginTearingDown for /Game/Brackeys2026/Levels/UEDPIE_0_TestLevel_Weeb
[2026.08.26-22.11.24:438][111]LogSlate: Window 'BrackeysJam2026 Preview [NetMode: Standalone]  (64-bit/Windows) ' being destroyed
[2026.08.26-22.11.24:443][111]LogWorld: UWorld::CleanupWorld for TestLevel_Weeb, bSessionEnded=true, bCleanupResources=true
[2026.08.26-22.11.24:443][111]LogSlate: InvalidateAllWidgets triggered.  All widgets were invalidated
[2026.08.26-22.11.24:472][111]LogPlayLevel: Display: Shutting down PIE online subsystems
[2026.08.26-22.11.24:478][111]LogSlate: InvalidateAllWidgets triggered.  All widgets were invalidated
[2026.08.26-22.11.24:505][111]LogAudio: Display: Audio Device unregistered from world 'None'.
[2026.08.26-22.11.24:505][111]LogAudioMixer: FMixerPlatformXAudio2::StopAudioStream() called
[2026.08.26-22.11.24:508][111]LogAudioMixer: FMixerPlatformXAudio2::StopAudioStream() called
[2026.08.26-22.11.24:512][111]LogUObjectHash: Compacting FUObjectHashTables data took   1.71ms
[2026.08.26-22.11.24:598][112]LogPlayLevel: Display: Destroying online subsystem :Context_93
[2026.08.26-22.12.13:228][442]BlueprintLog: New page: Compile BP_Revolver
[2026.08.26-22.12.13:288][442]LogUObjectHash: Compacting FUObjectHashTables data took   1.92ms
[2026.08.26-22.12.16:093][476]LogSavePackage: Moving 'E:/_Alex's Data/Unreal Engine/Unreal Projects/Brackeys2026/Brackeys-2026/BrackeysJam2026/Saved/BP_RevolverEFCDE7CC4CC81EEE235CCDAC3B0C4202.tmp' to 'E:/_Alex's Data/Unreal Engine/Unreal Projects/Brackeys2026/Brackeys-2026/BrackeysJam2026/Content/Brackeys2026/Objects/Revolver/BP_Revolver.uasset'
[2026.08.26-22.12.16:114][476]AssetCheck: New page: Asset Save: BP_Revolver
[2026.08.26-22.12.16:114][476]LogContentValidation: Display: Validating Blueprint /Game/Brackeys2026/Objects/Revolver/BP_Revolver.BP_Revolver
[2026.08.26-22.12.16:620][533]LogTemp: Repeating last play command: Selected Viewport
[2026.08.26-22.12.16:631][533]LogPlayLevel: PlayLevel: No blueprints needed recompiling
[2026.08.26-22.12.16:631][533]PIE: New page: PIE session: TestLevel_Weeb (Aug 26, 2026, 8:12:16 AM)
[2026.08.26-22.12.16:631][533]LogPlayLevel: Creating play world package: /Game/Brackeys2026/Levels/UEDPIE_0_TestLevel_Weeb
[2026.08.26-22.12.16:635][533]LogPlayLevel: PIE: StaticDuplicateObject took: (0.003148s)
[2026.08.26-22.12.16:636][533]LogAIModule: Creating AISystem for world TestLevel_Weeb
[2026.08.26-22.12.16:637][533]LogPlayLevel: PIE: World Init took: (0.001480s)
[2026.08.26-22.12.16:637][533]LogPlayLevel: PIE: Created PIE world by copying editor world from /Game/Brackeys2026/Levels/TestLevel_Weeb.TestLevel_Weeb to /Game/Brackeys2026/Levels/UEDPIE_0_TestLevel_Weeb.TestLevel_Weeb (0.004810s)
[2026.08.26-22.12.16:665][533]LogUObjectHash: Compacting FUObjectHashTables data took   2.38ms
[2026.08.26-22.12.16:666][533]LogAudio: Display: Creating Audio Device:                 Id: 79, Scope: Unique, Realtime: True
[2026.08.26-22.12.16:666][533]LogAudioMixer: Display: Audio Mixer Platform Settings:
[2026.08.26-22.12.16:666][533]LogAudioMixer: Display: 	Sample Rate:						  48000
[2026.08.26-22.12.16:666][533]LogAudioMixer: Display: 	Callback Buffer Frame Size Requested: 1024
[2026.08.26-22.12.16:666][533]LogAudioMixer: Display: 	Callback Buffer Frame Size To Use:	  1024
[2026.08.26-22.12.16:666][533]LogAudioMixer: Display: 	Number of buffers to queue:			  2
[2026.08.26-22.12.16:666][533]LogAudioMixer: Display: 	Max Channels (voices):				  32
[2026.08.26-22.12.16:666][533]LogAudioMixer: Display: 	Number of Async Source Workers:		  0
[2026.08.26-22.12.16:666][533]LogAudio: Display: AudioDevice MaxSources: 32
[2026.08.26-22.12.16:666][533]LogAudio: Display: Audio Spatialization Plugin: None (built-in).
[2026.08.26-22.12.16:666][533]LogAudio: Display: Audio Reverb Plugin: None (built-in).
[2026.08.26-22.12.16:666][533]LogAudio: Display: Audio Occlusion Plugin: None (built-in).
[2026.08.26-22.12.16:666][533]LogAudioMixer: Display: Initializing audio mixer.
[2026.08.26-22.12.16:671][533]LogAudioMixer: Display: 0: FrontLeft
[2026.08.26-22.12.16:671][533]LogAudioMixer: Display: 1: FrontRight
[2026.08.26-22.12.16:684][533]LogAudioMixer: Display: Using Audio Device Realtek HD Audio 2nd output (Realtek(R) Audio)
[2026.08.26-22.12.16:684][533]LogAudioMixer: Display: Initializing Sound Submixes...
[2026.08.26-22.12.16:684][533]LogAudioMixer: Display: Creating Master Submix 'MasterSubmixDefault'
[2026.08.26-22.12.16:684][533]LogAudioMixer: Display: Creating Master Submix 'MasterReverbSubmixDefault'
[2026.08.26-22.12.16:684][533]LogAudioMixer: Display: Creating Master Submix 'MasterEQSubmixDefault'
[2026.08.26-22.12.16:684][533]LogAudioMixer: FMixerPlatformXAudio2::StartAudioStream() called
[2026.08.26-22.12.16:684][533]LogAudioMixer: Display: Output buffers initialized: Frames=1024, Channels=2, Samples=2048
[2026.08.26-22.12.16:685][533]LogAudioMixer: Display: Starting AudioMixerPlatformInterface::RunInternal()
[2026.08.26-22.12.16:685][533]LogAudioMixer: Display: FMixerPlatformXAudio2::SubmitBuffer() called for the first time
[2026.08.26-22.12.16:685][533]LogInit: FAudioDevice initialized.
[2026.08.26-22.12.16:685][533]LogAudio: Display: Audio Device (ID: 79) registered with world 'TestLevel_Weeb'.
[2026.08.26-22.12.16:735][533]LogSlate: Updating window title bar state: overlay mode, drag disabled, window buttons hidden, title bar hidden
[2026.08.26-22.12.16:735][533]LogLoad: Game class is 'BrackeysGameMode_C'
[2026.08.26-22.12.16:737][533]LogWorld: Bringing World /Game/Brackeys2026/Levels/UEDPIE_0_TestLevel_Weeb.TestLevel_Weeb up for play (max tick rate 0) at 2026.08.26-15.12.16
[2026.08.26-22.12.16:737][533]LogWorld: Bringing up level for play took: 0.001087
[2026.08.26-22.12.16:737][533]LogOnline: OSS: Creating online subsystem instance for: :Context_94
[2026.08.26-22.12.16:748][533]PIE: Server logged in
[2026.08.26-22.12.16:751][533]PIE: Play in editor total start time 0.123 seconds.
[2026.08.26-22.12.48:928][342]LogSlate: Updating window title bar state: overlay mode, drag disabled, window buttons hidden, title bar hidden
[2026.08.26-22.12.48:928][342]LogWorld: BeginTearingDown for /Game/Brackeys2026/Levels/UEDPIE_0_TestLevel_Weeb
[2026.08.26-22.12.48:928][342]LogSlate: Window 'BrackeysJam2026 Preview [NetMode: Standalone]  (64-bit/Windows) ' being destroyed
[2026.08.26-22.12.48:935][342]LogWorld: UWorld::CleanupWorld for TestLevel_Weeb, bSessionEnded=true, bCleanupResources=true
[2026.08.26-22.12.48:936][342]LogSlate: InvalidateAllWidgets triggered.  All widgets were invalidated
[2026.08.26-22.12.48:962][342]LogPlayLevel: Display: Shutting down PIE online subsystems
[2026.08.26-22.12.48:968][342]LogSlate: InvalidateAllWidgets triggered.  All widgets were invalidated
[2026.08.26-22.12.48:993][342]LogAudio: Display: Audio Device unregistered from world 'None'.
[2026.08.26-22.12.48:993][342]LogAudioMixer: FMixerPlatformXAudio2::StopAudioStream() called
[2026.08.26-22.12.48:994][342]LogAudioMixer: FMixerPlatformXAudio2::StopAudioStream() called
[2026.08.26-22.12.49:000][342]LogUObjectHash: Compacting FUObjectHashTables data took   1.85ms
[2026.08.26-22.12.49:061][343]LogPlayLevel: Display: Destroying online subsystem :Context_94
[2026.08.26-22.13.21:162][938]BlueprintLog: New page: Compile BP_Player
[2026.08.26-22.13.21:241][938]LogUObjectHash: Compacting FUObjectHashTables data took   2.03ms
[2026.08.26-22.13.21:688][969]LogSavePackage: Moving 'E:/_Alex's Data/Unreal Engine/Unreal Projects/Brackeys2026/Brackeys-2026/BrackeysJam2026/Saved/BP_Player266CADC74B711D1A4C7E95BAA6E5405E.tmp' to 'E:/_Alex's Data/Unreal Engine/Unreal Projects/Brackeys2026/Brackeys-2026/BrackeysJam2026/Content/Brackeys2026/Characters/Player/BP_Player.uasset'
[2026.08.26-22.13.21:710][969]AssetCheck: New page: Asset Save: BP_Player
[2026.08.26-22.13.21:710][969]LogContentValidation: Display: Validating Blueprint /Game/Brackeys2026/Characters/Player/BP_Player.BP_Player
[2026.08.26-22.13.24:774][266]LogSavePackage: Moving 'E:/_Alex's Data/Unreal Engine/Unreal Projects/Brackeys2026/Brackeys-2026/BrackeysJam2026/Saved/BP_Player58F8C66C44694323B2E73697257973CF.tmp' to 'E:/_Alex's Data/Unreal Engine/Unreal Projects/Brackeys2026/Brackeys-2026/BrackeysJam2026/Content/Brackeys2026/Characters/Player/BP_Player.uasset'
[2026.08.26-22.13.24:795][266]AssetCheck: New page: Asset Save: BP_Player
[2026.08.26-22.13.24:795][266]LogContentValidation: Display: Validating Blueprint /Game/Brackeys2026/Characters/Player/BP_Player.BP_Player
[2026.08.26-22.13.27:891][587]LogTemp: Repeating last play command: Selected Viewport
[2026.08.26-22.13.27:903][587]LogPlayLevel: PlayLevel: No blueprints needed recompiling
[2026.08.26-22.13.27:903][587]PIE: New page: PIE session: TestLevel_Weeb (Aug 26, 2026, 8:13:27 AM)
[2026.08.26-22.13.27:903][587]LogPlayLevel: Creating play world package: /Game/Brackeys2026/Levels/UEDPIE_0_TestLevel_Weeb
[2026.08.26-22.13.27:906][587]LogPlayLevel: PIE: StaticDuplicateObject took: (0.002800s)
[2026.08.26-22.13.27:907][587]LogAIModule: Creating AISystem for world TestLevel_Weeb
[2026.08.26-22.13.27:907][587]LogPlayLevel: PIE: World Init took: (0.001190s)
[2026.08.26-22.13.27:907][587]LogPlayLevel: PIE: Created PIE world by copying editor world from /Game/Brackeys2026/Levels/TestLevel_Weeb.TestLevel_Weeb to /Game/Brackeys2026/Levels/UEDPIE_0_TestLevel_Weeb.TestLevel_Weeb (0.004138s)
[2026.08.26-22.13.27:937][587]LogUObjectHash: Compacting FUObjectHashTables data took   2.41ms
[2026.08.26-22.13.27:938][587]LogAudio: Display: Creating Audio Device:                 Id: 80, Scope: Unique, Realtime: True
[2026.08.26-22.13.27:938][587]LogAudioMixer: Display: Audio Mixer Platform Settings:
[2026.08.26-22.13.27:938][587]LogAudioMixer: Display: 	Sample Rate:						  48000
[2026.08.26-22.13.27:938][587]LogAudioMixer: Display: 	Callback Buffer Frame Size Requested: 1024
[2026.08.26-22.13.27:938][587]LogAudioMixer: Display: 	Callback Buffer Frame Size To Use:	  1024
[2026.08.26-22.13.27:938][587]LogAudioMixer: Display: 	Number of buffers to queue:			  2
[2026.08.26-22.13.27:938][587]LogAudioMixer: Display: 	Max Channels (voices):				  32
[2026.08.26-22.13.27:938][587]LogAudioMixer: Display: 	Number of Async Source Workers:		  0
[2026.08.26-22.13.27:938][587]LogAudio: Display: AudioDevice MaxSources: 32
[2026.08.26-22.13.27:938][587]LogAudio: Display: Audio Spatialization Plugin: None (built-in).
[2026.08.26-22.13.27:938][587]LogAudio: Display: Audio Reverb Plugin: None (built-in).
[2026.08.26-22.13.27:938][587]LogAudio: Display: Audio Occlusion Plugin: None (built-in).
[2026.08.26-22.13.27:938][587]LogAudioMixer: Display: Initializing audio mixer.
[2026.08.26-22.13.27:943][587]LogAudioMixer: Display: 0: FrontLeft
[2026.08.26-22.13.27:943][587]LogAudioMixer: Display: 1: FrontRight
[2026.08.26-22.13.27:954][587]LogAudioMixer: Display: Using Audio Device Realtek HD Audio 2nd output (Realtek(R) Audio)
[2026.08.26-22.13.27:956][587]LogAudioMixer: Display: Initializing Sound Submixes...
[2026.08.26-22.13.27:956][587]LogAudioMixer: Display: Creating Master Submix 'MasterSubmixDefault'
[2026.08.26-22.13.27:956][587]LogAudioMixer: Display: Creating Master Submix 'MasterReverbSubmixDefault'
[2026.08.26-22.13.27:956][587]LogAudioMixer: Display: Creating Master Submix 'MasterEQSubmixDefault'
[2026.08.26-22.13.27:956][587]LogAudioMixer: FMixerPlatformXAudio2::StartAudioStream() called
[2026.08.26-22.13.27:956][587]LogAudioMixer: Display: Output buffers initialized: Frames=1024, Channels=2, Samples=2048
[2026.08.26-22.13.27:957][587]LogAudioMixer: Display: Starting AudioMixerPlatformInterface::RunInternal()
[2026.08.26-22.13.27:957][587]LogAudioMixer: Display: FMixerPlatformXAudio2::SubmitBuffer() called for the first time
[2026.08.26-22.13.27:957][587]LogInit: FAudioDevice initialized.
[2026.08.26-22.13.27:957][587]LogAudio: Display: Audio Device (ID: 80) registered with world 'TestLevel_Weeb'.
[2026.08.26-22.13.27:968][587]LogLoad: Game class is 'BrackeysGameMode_C'
[2026.08.26-22.13.27:968][587]LogWorld: Bringing World /Game/Brackeys2026/Levels/UEDPIE_0_TestLevel_Weeb.TestLevel_Weeb up for play (max tick rate 0) at 2026.08.26-15.13.27
[2026.08.26-22.13.27:969][587]LogWorld: Bringing up level for play took: 0.000593
[2026.08.26-22.13.27:969][587]LogOnline: OSS: Creating online subsystem instance for: :Context_95
[2026.08.26-22.13.27:973][587]PIE: Server logged in
[2026.08.26-22.13.27:974][587]PIE: Play in editor total start time 0.075 seconds.
[2026.08.26-22.13.41:527][250]LogSlate: Updating window title bar state: overlay mode, drag disabled, window buttons hidden, title bar hidden
[2026.08.26-22.13.41:528][250]LogWorld: BeginTearingDown for /Game/Brackeys2026/Levels/UEDPIE_0_TestLevel_Weeb
[2026.08.26-22.13.41:528][250]LogWorld: UWorld::CleanupWorld for TestLevel_Weeb, bSessionEnded=true, bCleanupResources=true
[2026.08.26-22.13.41:528][250]LogSlate: InvalidateAllWidgets triggered.  All widgets were invalidated
[2026.08.26-22.13.41:539][250]LogPlayLevel: Display: Shutting down PIE online subsystems
[2026.08.26-22.13.41:546][250]LogSlate: InvalidateAllWidgets triggered.  All widgets were invalidated
[2026.08.26-22.13.41:571][250]LogAudio: Display: Audio Device unregistered from world 'None'.
[2026.08.26-22.13.41:571][250]LogAudioMixer: FMixerPlatformXAudio2::StopAudioStream() called
[2026.08.26-22.13.41:573][250]LogAudioMixer: FMixerPlatformXAudio2::StopAudioStream() called
[2026.08.26-22.13.41:575][250]LogSlate: Updating window title bar state: overlay mode, drag disabled, window buttons hidden, title bar hidden
[2026.08.26-22.13.41:579][250]LogUObjectHash: Compacting FUObjectHashTables data took   2.08ms
[2026.08.26-22.13.41:619][252]LogPlayLevel: Display: Destroying online subsystem :Context_95
[2026.08.26-22.13.42:991][405]LogTemp: Repeating last play command: Selected Viewport
[2026.08.26-22.13.43:001][405]LogPlayLevel: PlayLevel: No blueprints needed recompiling
[2026.08.26-22.13.43:001][405]PIE: New page: PIE session: TestLevel_Weeb (Aug 26, 2026, 8:13:43 AM)
[2026.08.26-22.13.43:001][405]LogPlayLevel: Creating play world package: /Game/Brackeys2026/Levels/UEDPIE_0_TestLevel_Weeb
[2026.08.26-22.13.43:004][405]LogPlayLevel: PIE: StaticDuplicateObject took: (0.002494s)
[2026.08.26-22.13.43:005][405]LogAIModule: Creating AISystem for world TestLevel_Weeb
[2026.08.26-22.13.43:005][405]LogPlayLevel: PIE: World Init took: (0.001359s)
[2026.08.26-22.13.43:006][405]LogPlayLevel: PIE: Created PIE world by copying editor world from /Game/Brackeys2026/Levels/TestLevel_Weeb.TestLevel_Weeb to /Game/Brackeys2026/Levels/UEDPIE_0_TestLevel_Weeb.TestLevel_Weeb (0.004017s)
[2026.08.26-22.13.43:032][405]LogUObjectHash: Compacting FUObjectHashTables data took   1.66ms
[2026.08.26-22.13.43:033][405]LogAudio: Display: Creating Audio Device:                 Id: 81, Scope: Unique, Realtime: True
[2026.08.26-22.13.43:033][405]LogAudioMixer: Display: Audio Mixer Platform Settings:
[2026.08.26-22.13.43:033][405]LogAudioMixer: Display: 	Sample Rate:						  48000
[2026.08.26-22.13.43:033][405]LogAudioMixer: Display: 	Callback Buffer Frame Size Requested: 1024
[2026.08.26-22.13.43:033][405]LogAudioMixer: Display: 	Callback Buffer Frame Size To Use:	  1024
[2026.08.26-22.13.43:033][405]LogAudioMixer: Display: 	Number of buffers to queue:			  2
[2026.08.26-22.13.43:033][405]LogAudioMixer: Display: 	Max Channels (voices):				  32
[2026.08.26-22.13.43:033][405]LogAudioMixer: Display: 	Number of Async Source Workers:		  0
[2026.08.26-22.13.43:033][405]LogAudio: Display: AudioDevice MaxSources: 32
[2026.08.26-22.13.43:034][405]LogAudio: Display: Audio Spatialization Plugin: None (built-in).
[2026.08.26-22.13.43:034][405]LogAudio: Display: Audio Reverb Plugin: None (built-in).
[2026.08.26-22.13.43:034][405]LogAudio: Display: Audio Occlusion Plugin: None (built-in).
[2026.08.26-22.13.43:034][405]LogAudioMixer: Display: Initializing audio mixer.
[2026.08.26-22.13.43:039][405]LogAudioMixer: Display: 0: FrontLeft
[2026.08.26-22.13.43:039][405]LogAudioMixer: Display: 1: FrontRight
[2026.08.26-22.13.43:054][405]LogAudioMixer: Display: Using Audio Device Realtek HD Audio 2nd output (Realtek(R) Audio)
[2026.08.26-22.13.43:054][405]LogAudioMixer: Display: Initializing Sound Submixes...
[2026.08.26-22.13.43:055][405]LogAudioMixer: Display: Creating Master Submix 'MasterSubmixDefault'
[2026.08.26-22.13.43:055][405]LogAudioMixer: Display: Creating Master Submix 'MasterReverbSubmixDefault'
[2026.08.26-22.13.43:055][405]LogAudioMixer: Display: Creating Master Submix 'MasterEQSubmixDefault'
[2026.08.26-22.13.43:055][405]LogAudioMixer: FMixerPlatformXAudio2::StartAudioStream() called
[2026.08.26-22.13.43:055][405]LogAudioMixer: Display: Output buffers initialized: Frames=1024, Channels=2, Samples=2048
[2026.08.26-22.13.43:056][405]LogAudioMixer: Display: Starting AudioMixerPlatformInterface::RunInternal()
[2026.08.26-22.13.43:056][405]LogAudioMixer: Display: FMixerPlatformXAudio2::SubmitBuffer() called for the first time
[2026.08.26-22.13.43:056][405]LogInit: FAudioDevice initialized.
[2026.08.26-22.13.43:056][405]LogAudio: Display: Audio Device (ID: 81) registered with world 'TestLevel_Weeb'.
[2026.08.26-22.13.43:085][405]LogSlate: Updating window title bar state: overlay mode, drag disabled, window buttons hidden, title bar hidden
[2026.08.26-22.13.43:085][405]LogLoad: Game class is 'BrackeysGameMode_C'
[2026.08.26-22.13.43:086][405]LogWorld: Bringing World /Game/Brackeys2026/Levels/UEDPIE_0_TestLevel_Weeb.TestLevel_Weeb up for play (max tick rate 0) at 2026.08.26-15.13.43
[2026.08.26-22.13.43:087][405]LogWorld: Bringing up level for play took: 0.000692
[2026.08.26-22.13.43:087][405]LogOnline: OSS: Creating online subsystem instance for: :Context_96
[2026.08.26-22.13.43:092][405]PIE: Server logged in
[2026.08.26-22.13.43:092][405]PIE: Play in editor total start time 0.095 seconds.
[2026.08.26-22.18.31:677][586]LogSlate: Updating window title bar state: overlay mode, drag disabled, window buttons hidden, title bar hidden
[2026.08.26-22.18.31:677][586]LogWorld: BeginTearingDown for /Game/Brackeys2026/Levels/UEDPIE_0_TestLevel_Weeb
[2026.08.26-22.18.31:678][586]LogSlate: Window 'BrackeysJam2026 Preview [NetMode: Standalone]  (64-bit/Windows) ' being destroyed
[2026.08.26-22.18.31:685][586]LogWorld: UWorld::CleanupWorld for TestLevel_Weeb, bSessionEnded=true, bCleanupResources=true
[2026.08.26-22.18.31:687][586]LogSlate: InvalidateAllWidgets triggered.  All widgets were invalidated
[2026.08.26-22.18.31:700][586]LogPlayLevel: Display: Shutting down PIE online subsystems
[2026.08.26-22.18.31:704][586]LogSlate: InvalidateAllWidgets triggered.  All widgets were invalidated
[2026.08.26-22.18.31:730][586]LogAudioMixer: FMixerPlatformXAudio2::StopAudioStream() called
[2026.08.26-22.18.31:732][586]LogAudioMixer: FMixerPlatformXAudio2::StopAudioStream() called
[2026.08.26-22.18.31:737][586]LogUObjectHash: Compacting FUObjectHashTables data took   2.30ms
[2026.08.26-22.18.32:264][587]LogPlayLevel: Display: Destroying online subsystem :Context_96
[2026.08.26-22.18.34:343][746]LogUObjectHash: Compacting FUObjectHashTables data took   1.71ms
[2026.08.26-22.18.35:672][746]LogSlate: Window 'Save Content' being destroyed
[2026.08.26-22.18.35:730][746]LogUObjectHash: Compacting FUObjectHashTables data took   0.60ms
[2026.08.26-22.18.37:592][746]LogSavePackage: Moving 'E:/_Alex's Data/Unreal Engine/Unreal Projects/Brackeys2026/Brackeys-2026/BrackeysJam2026/Saved/TestLevel_WeebA42B1B6E4997B50A304C0B94A9941DB5.tmp' to 'E:/_Alex's Data/Unreal Engine/Unreal Projects/Brackeys2026/Brackeys-2026/BrackeysJam2026/Content/Brackeys2026/Levels/TestLevel_Weeb.umap'
[2026.08.26-22.18.37:608][746]LogFileHelpers: Saving map 'TestLevel_Weeb' took 1.903
[2026.08.26-22.18.37:646][746]AssetCheck: New page: Asset Save: TestLevel_Weeb
[2026.08.26-22.18.37:646][746]LogContentValidation: Display: Validating World /Game/Brackeys2026/Levels/TestLevel_Weeb.TestLevel_Weeb
[2026.08.26-22.18.39:558][967]LogUObjectHash: Compacting FUObjectHashTables data took   2.01ms
[2026.08.26-22.18.39:579][967]LogActorComponent: UnregisterComponent: (/Engine/Transient.EditorFloorComp) Not registered. Aborting.
[2026.08.26-22.18.39:579][967]LogWorld: UWorld::CleanupWorld for World_1, bSessionEnded=true, bCleanupResources=true
[2026.08.26-22.18.39:579][967]LogSlate: InvalidateAllWidgets triggered.  All widgets were invalidated
[2026.08.26-22.18.39:674][967]LogActorComponent: UnregisterComponent: (/Engine/Transient.EditorFloorComp) Not registered. Aborting.
[2026.08.26-22.18.39:674][967]LogWorld: UWorld::CleanupWorld for World_2, bSessionEnded=true, bCleanupResources=true
[2026.08.26-22.18.39:674][967]LogSlate: InvalidateAllWidgets triggered.  All widgets were invalidated
[2026.08.26-22.18.39:755][967]LogActorComponent: UnregisterComponent: (/Engine/Transient.EditorFloorComp) Not registered. Aborting.
[2026.08.26-22.18.39:755][967]LogWorld: UWorld::CleanupWorld for World_3, bSessionEnded=true, bCleanupResources=true
[2026.08.26-22.18.39:755][967]LogSlate: InvalidateAllWidgets triggered.  All widgets were invalidated
[2026.08.26-22.18.39:834][967]LogActorComponent: UnregisterComponent: (/Engine/Transient.EditorFloorComp) Not registered. Aborting.
[2026.08.26-22.18.39:835][967]LogWorld: UWorld::CleanupWorld for World_4, bSessionEnded=true, bCleanupResources=true
[2026.08.26-22.18.39:835][967]LogSlate: InvalidateAllWidgets triggered.  All widgets were invalidated
[2026.08.26-22.18.39:912][967]LogWorld: UWorld::CleanupWorld for World_37, bSessionEnded=true, bCleanupResources=true
[2026.08.26-22.18.39:912][967]LogSlate: InvalidateAllWidgets triggered.  All widgets were invalidated
[2026.08.26-22.18.39:921][967]LogWorld: UWorld::CleanupWorld for World_36, bSessionEnded=true, bCleanupResources=true
[2026.08.26-22.18.39:921][967]LogSlate: InvalidateAllWidgets triggered.  All widgets were invalidated
[2026.08.26-22.18.39:973][967]LogSlate: Window 'BrackeysJam2026 - Unreal Editor' being destroyed
[2026.08.26-22.18.40:129][968]Cmd: QUIT_EDITOR
[2026.08.26-22.18.40:129][968]LogCore: Engine exit requested (reason: UUnrealEdEngine::CloseEditor())
[2026.08.26-22.18.40:142][968]LogCore: Engine exit requested (reason: EngineExit() was called; note: exit was already requested)
[2026.08.26-22.18.40:341][968]LogAudio: Display: Beginning Audio Device Manager Shutdown (Module: AudioMixerXAudio2)...
[2026.08.26-22.18.40:341][968]LogAudio: Display: Destroying 1 Remaining Audio Device(s)...
[2026.08.26-22.18.40:341][968]LogAudio: Display: Audio Device unregistered from world 'TestLevel_Weeb'.
[2026.08.26-22.18.40:341][968]LogAudioMixer: FMixerPlatformXAudio2::StopAudioStream() called
[2026.08.26-22.18.40:343][968]LogAudioMixer: FMixerPlatformXAudio2::StopAudioStream() called
[2026.08.26-22.18.40:351][968]LogAudio: Display: Audio Device Manager Shutdown
[2026.08.26-22.18.40:352][968]LogWindowsTextInputMethodSystem: Display: IME system deactivated.
[2026.08.26-22.18.40:362][968]LogExit: Preparing to exit.
[2026.08.26-22.18.41:428][968]LogUObjectHash: Compacting FUObjectHashTables data took   5.38ms
[2026.08.26-22.18.41:679][968]LogWorld: UWorld::CleanupWorld for World_10, bSessionEnded=true, bCleanupResources=true
[2026.08.26-22.18.41:682][968]LogWorld: UWorld::CleanupWorld for World_23, bSessionEnded=true, bCleanupResources=true
[2026.08.26-22.18.41:685][968]LogWorld: UWorld::CleanupWorld for World_35, bSessionEnded=true, bCleanupResources=true
[2026.08.26-22.18.41:689][968]LogWorld: UWorld::CleanupWorld for World_0, bSessionEnded=true, bCleanupResources=true
[2026.08.26-22.18.41:692][968]LogWorld: UWorld::CleanupWorld for World_27, bSessionEnded=true, bCleanupResources=true
[2026.08.26-22.18.41:780][968]LogWorld: UWorld::CleanupWorld for None, bSessionEnded=true, bCleanupResources=true
[2026.08.26-22.18.41:781][968]LogExit: Editor shut down
[2026.08.26-22.18.41:783][968]LogExit: Transaction tracking system shut down
[2026.08.26-22.18.41:789][968]LogDemo: Cleaned up 0 splitscreen connections with owner deletion
[2026.08.26-22.18.42:265][968]LogExit: Object subsystem successfully closed.
[2026.08.26-22.18.42:297][968]LogShaderCompilers: Display: === FShaderJobCache stats ===
[2026.08.26-22.18.42:297][968]LogShaderCompilers: Display: Total job queries 0, among them cache hits 0 (0.00%)
[2026.08.26-22.18.42:297][968]LogShaderCompilers: Display: Tracking 0 distinct input hashes that result in 0 distinct outputs (0.00%)
[2026.08.26-22.18.42:297][968]LogShaderCompilers: Display: RAM used: 0.00 MB (0.00 GB) of 1638.40 MB (1.60 GB) budget. Usage: 0.00%
[2026.08.26-22.18.42:297][968]LogShaderCompilers: Display: ================================================
[2026.08.26-22.18.42:312][968]LogShaderCompilers: Display: Shaders left to compile 0
[2026.08.26-22.18.42:341][968]LogModuleManager: Shutting down and abandoning module SequencerWidgets (884)
[2026.08.26-22.18.42:341][968]LogModuleManager: Shutting down and abandoning module MovieSceneCapture (882)
[2026.08.26-22.18.42:341][968]LogModuleManager: Shutting down and abandoning module Voice (880)
[2026.08.26-22.18.42:341][968]LogModuleManager: Shutting down and abandoning module BlueprintGraph (878)
[2026.08.26-22.18.42:341][968]LogModuleManager: Shutting down and abandoning module HierarchicalLODOutliner (876)
[2026.08.26-22.18.42:341][968]LogModuleManager: Shutting down and abandoning module AddContentDialog (874)
[2026.08.26-22.18.42:343][968]LogModuleManager: Shutting down and abandoning module WidgetCarousel (873)
[2026.08.26-22.18.42:343][968]LogModuleManager: Shutting down and abandoning module EditorWidgets (870)
[2026.08.26-22.18.42:343][968]LogModuleManager: Shutting down and abandoning module ExternalImagePicker (868)
[2026.08.26-22.18.42:343][968]LogModuleManager: Shutting down and abandoning module SceneOutliner (866)
[2026.08.26-22.18.42:343][968]LogModuleManager: Shutting down and abandoning module StatsViewer (862)
[2026.08.26-22.18.42:343][968]LogModuleManager: Shutting down and abandoning module PIEPreviewDeviceProfileSelector (860)
[2026.08.26-22.18.42:343][968]LogModuleManager: Shutting down and abandoning module SequenceRecorderSections (858)
[2026.08.26-22.18.42:343][968]LogModuleManager: Shutting down and abandoning module AutomationWorker (856)
[2026.08.26-22.18.42:343][968]LogModuleManager: Shutting down and abandoning module SteamVREditor (854)
[2026.08.26-22.18.42:343][968]LogModuleManager: Shutting down and abandoning module OculusMR (852)
[2026.08.26-22.18.42:343][968]LogModuleManager: Shutting down and abandoning module TakeRecorderSources (850)
[2026.08.26-22.18.42:343][968]LogModuleManager: Shutting down and abandoning module TakeRecorder (849)
[2026.08.26-22.18.42:343][968]LogModuleManager: Shutting down and abandoning module TakeTrackRecorders (846)
[2026.08.26-22.18.42:343][968]LogModuleManager: Shutting down and abandoning module TakesCore (844)
[2026.08.26-22.18.42:343][968]LogModuleManager: Shutting down and abandoning module OpenXRInput (842)
[2026.08.26-22.18.42:343][968]LogModuleManager: Shutting down and abandoning module GooglePADEditor (840)
[2026.08.26-22.18.42:343][968]LogModuleManager: Shutting down and abandoning module AudioCaptureEditor (838)
[2026.08.26-22.18.42:343][968]LogModuleManager: Shutting down and abandoning module TemplateSequenceEditor (836)
[2026.08.26-22.18.42:343][968]LogModuleManager: Shutting down and abandoning module LevelSequenceEditor (834)
[2026.08.26-22.18.42:343][968]LogModuleManager: Shutting down and abandoning module MatineeToLevelSequence (832)
[2026.08.26-22.18.42:343][968]LogModuleManager: Shutting down and abandoning module ActorSequenceEditor (830)
[2026.08.26-22.18.42:343][968]LogModuleManager: Shutting down and abandoning module PlanarCut (828)
[2026.08.26-22.18.42:343][968]LogModuleManager: Shutting down and abandoning module MagicLeapMediaCodecFactory (826)
[2026.08.26-22.18.42:343][968]LogModuleManager: Shutting down and abandoning module MagicLeapMediaFactory (824)
[2026.08.26-22.18.42:343][968]LogModuleManager: Shutting down and abandoning module MagicLeapMediaEditor (822)
[2026.08.26-22.18.42:343][968]LogModuleManager: Shutting down and abandoning module WebMMediaFactory (820)
[2026.08.26-22.18.42:343][968]LogModuleManager: Shutting down and abandoning module WebMMediaEditor (818)
[2026.08.26-22.18.42:343][968]LogModuleManager: Shutting down and abandoning module WebMMedia (816)
[2026.08.26-22.18.42:343][968]LogModuleManager: Shutting down and abandoning module WmfMediaFactory (814)
[2026.08.26-22.18.42:343][968]LogModuleManager: Shutting down and abandoning module WmfMediaEditor (812)
[2026.08.26-22.18.42:343][968]LogModuleManager: Shutting down and abandoning module MediaPlayerEditor (810)
[2026.08.26-22.18.42:343][968]LogModuleManager: Shutting down and abandoning module OpenExrWrapper (808)
[2026.08.26-22.18.42:343][968]LogModuleManager: Shutting down and abandoning module ImgMediaFactory (806)
[2026.08.26-22.18.42:343][968]LogModuleManager: Shutting down and abandoning module ImgMediaEditor (804)
[2026.08.26-22.18.42:343][968]LogModuleManager: Shutting down and abandoning module CharacterAI (802)
[2026.08.26-22.18.42:343][968]LogModuleManager: Shutting down and abandoning module MediaCompositingEditor (800)
[2026.08.26-22.18.42:343][968]LogModuleManager: Shutting down and abandoning module SequenceRecorder (799)
[2026.08.26-22.18.42:343][968]LogModuleManager: Shutting down and abandoning module AvfMediaFactory (796)
[2026.08.26-22.18.42:343][968]LogModuleManager: Shutting down and abandoning module AvfMediaEditor (794)
[2026.08.26-22.18.42:343][968]LogModuleManager: Shutting down and abandoning module AndroidMediaFactory (792)
[2026.08.26-22.18.42:343][968]LogModuleManager: Shutting down and abandoning module AndroidMediaEditor (790)
[2026.08.26-22.18.42:343][968]LogModuleManager: Shutting down and abandoning module TextureAlignMode (788)
[2026.08.26-22.18.42:343][968]LogModuleManager: Shutting down and abandoning module BspMode (786)
[2026.08.26-22.18.42:343][968]LogModuleManager: Shutting down and abandoning module GeometryMode (784)
[2026.08.26-22.18.42:343][968]LogModuleManager: Shutting down and abandoning module CameraShakePreviewer (782)
[2026.08.26-22.18.42:343][968]LogModuleManager: Shutting down and abandoning module SmartSnapping (780)
[2026.08.26-22.18.42:343][968]LogModuleManager: Shutting down and abandoning module SessionServices (778)
[2026.08.26-22.18.42:348][968]LogModuleManager: Shutting down and abandoning module MeshPaint (776)
[2026.08.26-22.18.42:348][968]LogModuleManager: Shutting down and abandoning module VirtualTexturingEditor (774)
[2026.08.26-22.18.42:348][968]LogModuleManager: Shutting down and abandoning module FoliageEdit (772)
[2026.08.26-22.18.42:348][968]LogModuleManager: Shutting down and abandoning module LandscapeEditor (770)
[2026.08.26-22.18.42:348][968]LogModuleManager: Shutting down and abandoning module MeshPaintMode (768)
[2026.08.26-22.18.42:348][968]LogModuleManager: Shutting down and abandoning module SceneDepthPickerMode (766)
[2026.08.26-22.18.42:348][968]LogModuleManager: Shutting down and abandoning module ActorPickerMode (764)
[2026.08.26-22.18.42:348][968]LogModuleManager: Shutting down and abandoning module PlacementMode (762)
[2026.08.26-22.18.42:349][968]LogModuleManager: Shutting down and abandoning module ViewportSnapping (760)
[2026.08.26-22.18.42:349][968]LogModuleManager: Shutting down and abandoning module ViewportInteraction (758)
[2026.08.26-22.18.42:349][968]LogModuleManager: Shutting down and abandoning module ClothPainter (756)
[2026.08.26-22.18.42:349][968]LogModuleManager: Shutting down and abandoning module SkeletalMeshEditor (755)
[2026.08.26-22.18.42:349][968]LogModuleManager: Shutting down and abandoning module LogVisualizer (752)
[2026.08.26-22.18.42:349][968]LogModuleManager: Shutting down and abandoning module IntroTutorials (750)
[2026.08.26-22.18.42:349][968]LogModuleManager: Shutting down and abandoning module GameProjectGeneration (749)
[2026.08.26-22.18.42:349][968]LogModuleManager: Shutting down and abandoning module LuminPlatformEditor (746)
[2026.08.26-22.18.42:349][968]LogModuleManager: Shutting down and abandoning module IOSPlatformEditor (744)
[2026.08.26-22.18.42:349][968]LogModuleManager: Shutting down and abandoning module AndroidPlatformEditor (742)
[2026.08.26-22.18.42:349][968]LogModuleManager: Shutting down and abandoning module AndroidDeviceDetection (741)
[2026.08.26-22.18.43:375][968]LogModuleManager: Shutting down and abandoning module WindowsPlatformEditor (738)
[2026.08.26-22.18.43:375][968]LogModuleManager: Shutting down and abandoning module LuminRuntimeSettings (736)
[2026.08.26-22.18.43:375][968]LogModuleManager: Shutting down and abandoning module IOSRuntimeSettings (734)
[2026.08.26-22.18.43:375][968]LogModuleManager: Shutting down and abandoning module AndroidRuntimeSettings (732)
[2026.08.26-22.18.43:375][968]LogModuleManager: Shutting down and abandoning module TraceInsights (730)
[2026.08.26-22.18.43:375][968]MemoryProfiler: Shutdown
[2026.08.26-22.18.43:375][968]NetworkingProfiler: Shutdown
[2026.08.26-22.18.43:375][968]LoadingProfiler: Shutdown
[2026.08.26-22.18.43:375][968]TimingProfiler: Shutdown
[2026.08.26-22.18.43:375][968]LogModuleManager: Shutting down and abandoning module TraceServices (729)
[2026.08.26-22.18.43:375][968]LogModuleManager: Shutting down and abandoning module EditorInteractiveToolsFramework (726)
[2026.08.26-22.18.43:376][968]LogModuleManager: Shutting down and abandoning module TimeManagementEditor (724)
[2026.08.26-22.18.43:376][968]LogModuleManager: Shutting down and abandoning module InputBindingEditor (722)
[2026.08.26-22.18.43:376][968]LogModuleManager: Shutting down and abandoning module MergeActors (720)
[2026.08.26-22.18.43:376][968]LogModuleManager: Shutting down and abandoning module LocalizationDashboard (718)
[2026.08.26-22.18.43:376][968]LogModuleManager: Shutting down and abandoning module LocalizationService (717)
[2026.08.26-22.18.43:376][968]LogModuleManager: Shutting down and abandoning module HardwareTargeting (714)
[2026.08.26-22.18.43:376][968]LogModuleManager: Shutting down and abandoning module DeviceProfileEditor (712)
[2026.08.26-22.18.43:376][968]LogModuleManager: Shutting down and abandoning module UndoHistory (710)
[2026.08.26-22.18.43:376][968]LogModuleManager: Shutting down and abandoning module XmlParser (708)
[2026.08.26-22.18.43:376][968]LogModuleManager: Shutting down and abandoning module Blutility (706)
[2026.08.26-22.18.43:376][968]LogModuleManager: Shutting down and abandoning module ProjectSettingsViewer (704)
[2026.08.26-22.18.43:376][968]LogModuleManager: Shutting down and abandoning module ProjectTargetPlatformEditor (703)
[2026.08.26-22.18.43:376][968]LogModuleManager: Shutting down and abandoning module EditorSettingsViewer (700)
[2026.08.26-22.18.43:376][968]LogModuleManager: Shutting down and abandoning module InternationalizationSettings (699)
[2026.08.26-22.18.43:376][968]LogModuleManager: Shutting down and abandoning module SettingsEditor (696)
[2026.08.26-22.18.43:376][968]LogModuleManager: Shutting down and abandoning module ProjectLauncher (694)
[2026.08.26-22.18.43:376][968]LogModuleManager: Shutting down and abandoning module SessionFrontend (692)
[2026.08.26-22.18.43:376][968]LogModuleManager: Shutting down and abandoning module ProfilerClient (690)
[2026.08.26-22.18.43:376][968]LogModuleManager: Shutting down and abandoning module DeviceManager (688)
[2026.08.26-22.18.43:376][968]LogModuleManager: Shutting down and abandoning module TargetDeviceServices (687)
[2026.08.26-22.18.43:412][968]LogModuleManager: Shutting down and abandoning module AutomationController (684)
[2026.08.26-22.18.43:412][968]LogModuleManager: Shutting down and abandoning module AutomationWindow (682)
[2026.08.26-22.18.43:412][968]LogModuleManager: Shutting down and abandoning module Layers (680)
[2026.08.26-22.18.43:412][968]LogModuleManager: Shutting down and abandoning module ComponentVisualizers (678)
[2026.08.26-22.18.43:413][968]LogModuleManager: Shutting down and abandoning module DetailCustomizations (676)
[2026.08.26-22.18.43:413][968]LogModuleManager: Shutting down and abandoning module PackagesDialog (674)
[2026.08.26-22.18.43:413][968]LogModuleManager: Shutting down and abandoning module AnimationBlueprintEditor (672)
[2026.08.26-22.18.43:413][968]LogModuleManager: Shutting down and abandoning module Persona (670)
[2026.08.26-22.18.43:413][968]LogModuleManager: Shutting down and abandoning module AdvancedPreviewScene (669)
[2026.08.26-22.18.43:413][968]LogModuleManager: Shutting down and abandoning module Kismet (666)
[2026.08.26-22.18.43:434][968]LogModuleManager: Shutting down and abandoning module KismetWidgets (665)
[2026.08.26-22.18.43:434][968]LogModuleManager: Shutting down and abandoning module GraphEditor (662)
[2026.08.26-22.18.43:434][968]LogModuleManager: Shutting down and abandoning module StructViewer (660)
[2026.08.26-22.18.43:434][968]LogModuleManager: Shutting down and abandoning module ClassViewer (658)
[2026.08.26-22.18.43:434][968]LogModuleManager: Shutting down and abandoning module Toolbox (656)
[2026.08.26-22.18.43:434][968]LogModuleManager: Shutting down and abandoning module ModuleUI (654)
[2026.08.26-22.18.43:434][968]LogModuleManager: Shutting down and abandoning module OutputLog (652)
[2026.08.26-22.18.43:439][968]LogModuleManager: Shutting down and abandoning module GammaUI (650)
[2026.08.26-22.18.43:439][968]LogModuleManager: Shutting down and abandoning module Documentation (648)
[2026.08.26-22.18.43:441][968]LogModuleManager: Shutting down and abandoning module LiveCoding (646)
[2026.08.26-22.18.43:441][968]LogModuleManager: Shutting down and abandoning module LevelSequence (644)
[2026.08.26-22.18.43:441][968]LogModuleManager: Shutting down and abandoning module MovieSceneTracks (642)
[2026.08.26-22.18.43:441][968]LogModuleManager: Shutting down and abandoning module MovieScene (640)
[2026.08.26-22.18.43:442][968]LogModuleManager: Shutting down and abandoning module StreamingPauseRendering (638)
[2026.08.26-22.18.43:442][968]LogModuleManager: Shutting down and abandoning module LauncherPlatform (636)
[2026.08.26-22.18.43:442][968]LogModuleManager: Shutting down and abandoning module AnalyticsET (634)
[2026.08.26-22.18.43:442][968]LogModuleManager: Shutting down and abandoning module PortalServices (632)
[2026.08.26-22.18.43:442][968]LogModuleManager: Shutting down and abandoning module PortalRpc (630)
[2026.08.26-22.18.43:442][968]LogModuleManager: Shutting down and abandoning module MessagingRpc (628)
[2026.08.26-22.18.43:442][968]LogModuleManager: Shutting down and abandoning module AudioMixerXAudio2 (626)
[2026.08.26-22.18.43:442][968]LogModuleManager: Shutting down and abandoning module AudioMixerCore (625)
[2026.08.26-22.18.43:442][968]LogModuleManager: Shutting down and abandoning module AIModule (622)
[2026.08.26-22.18.43:442][968]LogModuleManager: Shutting down and abandoning module GameplayDebugger (621)
[2026.08.26-22.18.43:442][968]LogModuleManager: Shutting down and abandoning module AITestSuite (619)
[2026.08.26-22.18.43:442][968]LogModuleManager: Shutting down and abandoning module NavigationSystem (617)
[2026.08.26-22.18.43:442][968]LogModuleManager: Shutting down and abandoning module ImageWriteQueue (614)
[2026.08.26-22.18.43:447][968]LogModuleManager: Shutting down and abandoning module ProfilerService (612)
[2026.08.26-22.18.43:693][968]LogModuleManager: Shutting down and abandoning module TaskGraph (610)
[2026.08.26-22.18.43:693][968]LogModuleManager: Shutting down and abandoning module AudioSynesthesiaEditor (608)
[2026.08.26-22.18.43:693][968]LogModuleManager: Shutting down and abandoning module OculusEditor (606)
[2026.08.26-22.18.43:693][968]LogModuleManager: Shutting down and abandoning module OculusInput (604)
[2026.08.26-22.18.43:694][968]LogModuleManager: Shutting down and abandoning module ContentBrowserFileDataSource (602)
[2026.08.26-22.18.43:694][968]LogModuleManager: Shutting down and abandoning module ContentBrowserClassDataSource (600)
[2026.08.26-22.18.43:694][968]LogModuleManager: Shutting down and abandoning module ContentBrowserAssetDataSource (598)
[2026.08.26-22.18.43:694][968]LogModuleManager: Shutting down and abandoning module CollectionManager (597)
[2026.08.26-22.18.43:694][968]LogModuleManager: Shutting down and abandoning module TakeSequencer (594)
[2026.08.26-22.18.43:694][968]LogModuleManager: Shutting down and abandoning module TakeMovieScene (592)
[2026.08.26-22.18.43:694][968]LogModuleManager: Shutting down and abandoning module SynthesisEditor (590)
[2026.08.26-22.18.43:694][968]LogModuleManager: Shutting down and abandoning module Synthesis (588)
[2026.08.26-22.18.43:694][968]LogModuleManager: Shutting down and abandoning module ProceduralMeshComponentEditor (586)
[2026.08.26-22.18.43:694][968]LogModuleManager: Shutting down and abandoning module ProceduralMeshComponent (584)
[2026.08.26-22.18.43:694][968]LogModuleManager: Shutting down and abandoning module OpenXREditor (582)
[2026.08.26-22.18.43:694][968]LogModuleManager: Shutting down and abandoning module MobilePatchingUtils (580)
[2026.08.26-22.18.43:694][968]LogModuleManager: Shutting down and abandoning module ScreenshotTools (578)
[2026.08.26-22.18.43:694][968]LogModuleManager: Shutting down and abandoning module GooglePAD (576)
[2026.08.26-22.18.43:694][968]LogModuleManager: Shutting down and abandoning module EditableMesh (574)
[2026.08.26-22.18.43:694][968]LogModuleManager: Shutting down and abandoning module CustomMeshComponent (572)
[2026.08.26-22.18.43:694][968]LogModuleManager: Shutting down and abandoning module CableComponent (570)
[2026.08.26-22.18.43:694][968]LogModuleManager: Shutting down and abandoning module AudioCapture (568)
[2026.08.26-22.18.43:694][968]LogModuleManager: Shutting down and abandoning module AudioCaptureRtAudio (567)
[2026.08.26-22.18.43:694][968]LogModuleManager: Shutting down and abandoning module ArchVisCharacter (564)
[2026.08.26-22.18.43:694][968]LogModuleManager: Shutting down and abandoning module AssetTags (562)
[2026.08.26-22.18.43:694][968]LogModuleManager: Shutting down and abandoning module AppleImageUtilsBlueprintSupport (560)
[2026.08.26-22.18.43:694][968]LogModuleManager: Shutting down and abandoning module AppleImageUtils (558)
[2026.08.26-22.18.43:694][968]LogModuleManager: Shutting down and abandoning module AndroidPermission (556)
[2026.08.26-22.18.43:694][968]LogModuleManager: Shutting down and abandoning module ActorLayerUtilitiesEditor (554)
[2026.08.26-22.18.43:694][968]LogModuleManager: Shutting down and abandoning module ActorLayerUtilities (552)
[2026.08.26-22.18.43:694][968]LogModuleManager: Shutting down and abandoning module TemplateSequence (550)
[2026.08.26-22.18.43:694][968]LogModuleManager: Shutting down and abandoning module OpenImageDenoise (548)
[2026.08.26-22.18.43:694][968]LogOpenImageDenoise: OIDN shutting down
[2026.08.26-22.18.43:694][968]LogModuleManager: Shutting down and abandoning module MotoSynthEditor (546)
[2026.08.26-22.18.43:694][968]LogModuleManager: Shutting down and abandoning module MotoSynth (544)
[2026.08.26-22.18.43:694][968]LogModuleManager: Shutting down and abandoning module MeshConversion (542)
[2026.08.26-22.18.43:694][968]LogModuleManager: Shutting down and abandoning module DynamicMesh (540)
[2026.08.26-22.18.43:694][968]LogModuleManager: Shutting down and abandoning module GeometryAlgorithms (538)
[2026.08.26-22.18.43:694][968]LogModuleManager: Shutting down and abandoning module GeometricObjects (536)
[2026.08.26-22.18.43:694][968]LogModuleManager: Shutting down and abandoning module GeometryCollectionTracks (534)
[2026.08.26-22.18.43:694][968]LogModuleManager: Shutting down and abandoning module GeometryCollectionSequencer (533)
[2026.08.26-22.18.43:694][968]LogModuleManager: Shutting down and abandoning module GeometryCollectionEditor (530)
[2026.08.26-22.18.43:694][968]LogModuleManager: Shutting down and abandoning module GeometryCacheTracks (528)
[2026.08.26-22.18.43:694][968]LogModuleManager: Shutting down and abandoning module GeometryCacheStreamer (526)
[2026.08.26-22.18.43:694][968]LogModuleManager: Shutting down and abandoning module GeometryCacheSequencer (524)
[2026.08.26-22.18.43:694][968]LogModuleManager: Shutting down and abandoning module MagicLeapSharedWorld (522)
[2026.08.26-22.18.43:694][968]LogModuleManager: Shutting down and abandoning module MagicLeapLightEstimation (520)
[2026.08.26-22.18.43:694][968]LogModuleManager: Shutting down and abandoning module MagicLeapHelperVulkan (518)
[2026.08.26-22.18.43:695][968]LogModuleManager: Shutting down and abandoning module MagicLeapHelperOpenGL (516)
[2026.08.26-22.18.43:695][968]LogModuleManager: Shutting down and abandoning module MagicLeapAudio (514)
[2026.08.26-22.18.43:695][968]LogModuleManager: Shutting down and abandoning module ImgMedia (512)
[2026.08.26-22.18.43:695][968]LogModuleManager: Shutting down and abandoning module MediaCompositing (510)
[2026.08.26-22.18.43:695][968]LogModuleManager: Shutting down and abandoning module ChaosSolverEditor (508)
[2026.08.26-22.18.43:695][968]LogModuleManager: Shutting down and abandoning module ChaosNiagara (506)
[2026.08.26-22.18.43:695][968]LogModuleManager: Shutting down and abandoning module BackChannel (504)
[2026.08.26-22.18.43:695][968]LogModuleManager: Shutting down and abandoning module ChaosClothEditor (502)
[2026.08.26-22.18.43:695][968]LogModuleManager: Shutting down and abandoning module FractureEditor (500)
[2026.08.26-22.18.43:695][968]LogModuleManager: Shutting down and abandoning module FieldSystemEngine (499)
[2026.08.26-22.18.43:695][968]LogModuleManager: Shutting down and abandoning module AutomationUtilsEditor (496)
[2026.08.26-22.18.43:695][968]LogModuleManager: Shutting down and abandoning module AutomationUtils (494)
[2026.08.26-22.18.43:695][968]LogModuleManager: Shutting down and abandoning module NiagaraEditorWidgets (492)
[2026.08.26-22.18.43:695][968]LogModuleManager: Shutting down and abandoning module AlembicImporter (490)
[2026.08.26-22.18.43:695][968]LogModuleManager: Shutting down and abandoning module AlembicLibrary (489)
[2026.08.26-22.18.43:695][968]LogModuleManager: Shutting down and abandoning module GeometryCache (488)
[2026.08.26-22.18.43:695][968]LogModuleManager: Shutting down and abandoning module GeometryCacheEd (487)
[2026.08.26-22.18.43:695][968]LogModuleManager: Shutting down and abandoning module MobileLauncherProfileWizard (482)
[2026.08.26-22.18.43:695][968]LogModuleManager: Shutting down and abandoning module PluginBrowser (480)
[2026.08.26-22.18.43:695][968]LogModuleManager: Shutting down and abandoning module VisualStudioCodeSourceCodeAccess (478)
[2026.08.26-22.18.43:695][968]LogModuleManager: Shutting down and abandoning module SpeedTreeImporter (476)
[2026.08.26-22.18.43:695][968]LogModuleManager: Shutting down and abandoning module MaterialAnalyzer (474)
[2026.08.26-22.18.43:695][968]LogModuleManager: Shutting down and abandoning module CurveEditorTools (472)
[2026.08.26-22.18.43:695][968]LogModuleManager: Shutting down and abandoning module CryptoKeysOpenSSL (470)
[2026.08.26-22.18.43:695][968]LogModuleManager: Shutting down and abandoning module CryptoKeys (468)
[2026.08.26-22.18.43:695][968]LogModuleManager: Shutting down and abandoning module SubversionSourceControl (466)
[2026.08.26-22.18.43:695][968]LogModuleManager: Shutting down and abandoning module VisualStudioSourceCodeAccess (464)
[2026.08.26-22.18.43:695][968]LogModuleManager: Shutting down and abandoning module VariantManagerContentEditor (462)
[2026.08.26-22.18.43:695][968]LogModuleManager: Shutting down and abandoning module UObjectPlugin (460)
[2026.08.26-22.18.43:695][968]LogModuleManager: Shutting down and abandoning module RiderSourceCodeAccess (458)
[2026.08.26-22.18.43:695][968]LogModuleManager: Shutting down and abandoning module DatasmithContentEditor (456)
[2026.08.26-22.18.43:695][968]LogModuleManager: Shutting down and abandoning module CLionSourceCodeAccess (454)
[2026.08.26-22.18.43:695][968]LogModuleManager: Shutting down and abandoning module PluginUtils (452)
[2026.08.26-22.18.43:695][968]LogModuleManager: Shutting down and abandoning module PerforceSourceControl (450)
[2026.08.26-22.18.43:695][968]LogModuleManager: Shutting down and abandoning module PlasticSourceControl (448)
[2026.08.26-22.18.43:695][968]LogModuleManager: Shutting down and abandoning module AnimationSharingEd (446)
[2026.08.26-22.18.43:695][968]LogModuleManager: Shutting down and abandoning module OodleNetworkHandlerComponent (444)
[2026.08.26-22.18.43:695][968]LogModuleManager: Shutting down and abandoning module GitSourceControl (442)
[2026.08.26-22.18.43:695][968]LogModuleManager: Shutting down and abandoning module SourceControl (441)
[2026.08.26-22.18.43:695][968]LogModuleManager: Shutting down and abandoning module LightPropagationVolumeEditor (438)
[2026.08.26-22.18.43:695][968]LogModuleManager: Shutting down and abandoning module LiveLinkSequencer (436)
[2026.08.26-22.18.43:696][968]LogModuleManager: Shutting down and abandoning module LiveLinkMovieScene (434)
[2026.08.26-22.18.43:696][968]LogModuleManager: Shutting down and abandoning module LiveLinkGraphNode (432)
[2026.08.26-22.18.43:696][968]LogModuleManager: Shutting down and abandoning module LiveLinkEditor (430)
[2026.08.26-22.18.43:696][968]LogModuleManager: Shutting down and abandoning module LiveLinkComponents (428)
[2026.08.26-22.18.43:696][968]LogModuleManager: Shutting down and abandoning module LiveLink (426)
[2026.08.26-22.18.43:856][968]LogModuleManager: Shutting down and abandoning module PaperTiledImporter (424)
[2026.08.26-22.18.43:856][968]LogModuleManager: Shutting down and abandoning module PaperSpriteSheetImporter (422)
[2026.08.26-22.18.43:856][968]LogModuleManager: Shutting down and abandoning module Paper2DEditor (420)
[2026.08.26-22.18.43:856][968]LogModuleManager: Shutting down and abandoning module MeshPaintingToolset (418)
[2026.08.26-22.18.43:856][968]LogModuleManager: Shutting down and abandoning module MeshPaintEditorMode (416)
[2026.08.26-22.18.43:856][968]LogModuleManager: Shutting down and abandoning module BrackeysJam2026 (414)
[2026.08.26-22.18.43:856][968]LogModuleManager: Shutting down and abandoning module AnimGraph (413)
[2026.08.26-22.18.43:856][968]LogModuleManager: Shutting down and abandoning module SoundFields (410)
[2026.08.26-22.18.43:856][968]LogModuleManager: Shutting down and abandoning module SignificanceManager (408)
[2026.08.26-22.18.43:856][968]LogModuleManager: Shutting down and abandoning module RuntimePhysXCooking (406)
[2026.08.26-22.18.43:856][968]LogModuleManager: Shutting down and abandoning module PropertyAccessEditor (404)
[2026.08.26-22.18.43:856][968]LogModuleManager: Shutting down and abandoning module PhysXVehiclesEditor (402)
[2026.08.26-22.18.43:856][968]LogModuleManager: Shutting down and abandoning module LocationServicesBPLibrary (398)
[2026.08.26-22.18.43:856][968]LogModuleManager: Shutting down and abandoning module AudioSynesthesia (396)
[2026.08.26-22.18.43:856][968]LogModuleManager: Shutting down and abandoning module AudioSynesthesiaCore (394)
[2026.08.26-22.18.43:856][968]LogModuleManager: Shutting down and abandoning module TcpMessaging (392)
[2026.08.26-22.18.43:957][968]LogModuleManager: Shutting down and abandoning module UdpMessaging (390)
[2026.08.26-22.18.44:058][968]LogModuleManager: Shutting down and abandoning module ActorSequence (388)
[2026.08.26-22.18.44:058][968]LogModuleManager: Shutting down and abandoning module PythonScriptPlugin (386)
[2026.08.26-22.18.44:058][968]LogModuleManager: Shutting down and abandoning module MagicLeapARPin (384)
[2026.08.26-22.18.44:058][968]LogModuleManager: Shutting down and abandoning module MagicLeapHandMeshing (382)
[2026.08.26-22.18.44:058][968]LogModuleManager: Shutting down and abandoning module MagicLeapSecureStorage (380)
[2026.08.26-22.18.44:058][968]LogModuleManager: Shutting down and abandoning module MagicLeapPrivileges (378)
[2026.08.26-22.18.44:058][968]LogModuleManager: Shutting down and abandoning module MagicLeapPlanes (376)
[2026.08.26-22.18.44:058][968]LogMagicLeapPlanes: Planes tracker already destroyed.
[2026.08.26-22.18.44:058][968]LogModuleManager: Shutting down and abandoning module MagicLeapImageTracker (374)
[2026.08.26-22.18.44:058][968]LogModuleManager: Shutting down and abandoning module MagicLeapIdentity (372)
[2026.08.26-22.18.44:058][968]LogModuleManager: Shutting down and abandoning module MagicLeapHandTracking (370)
[2026.08.26-22.18.44:058][968]LogModuleManager: Shutting down and abandoning module MagicLeapEyeTracker (368)
[2026.08.26-22.18.44:058][968]LogModuleManager: Shutting down and abandoning module MagicLeapController (366)
[2026.08.26-22.18.44:058][968]LogModuleManager: Shutting down and abandoning module MagicLeapARPinImpl (364)
[2026.08.26-22.18.44:058][968]LogModuleManager: Shutting down and abandoning module MagicLeapAR (362)
[2026.08.26-22.18.44:058][968]LogModuleManager: Shutting down and abandoning module ImgMediaEngine (360)
[2026.08.26-22.18.44:058][968]LogModuleManager: Shutting down and abandoning module NiagaraAnimNotifies (358)
[2026.08.26-22.18.44:058][968]LogModuleManager: Shutting down and abandoning module Niagara (356)
[2026.08.26-22.18.44:058][968]LogModuleManager: Shutting down and abandoning module SignalProcessing (355)
[2026.08.26-22.18.44:058][968]LogModuleManager: Shutting down and abandoning module NiagaraEditor (353)
[2026.08.26-22.18.44:059][968]LogModuleManager: Shutting down and abandoning module NiagaraCore (350)
[2026.08.26-22.18.44:059][968]LogModuleManager: Shutting down and abandoning module AssetManagerEditor (348)
[2026.08.26-22.18.44:059][968]LogModuleManager: Shutting down and abandoning module LevelEditor (347)
[2026.08.26-22.18.44:061][968]LogModuleManager: Shutting down and abandoning module PixelInspectorModule (346)
[2026.08.26-22.18.44:061][968]LogModuleManager: Shutting down and abandoning module CommonMenuExtensions (344)
[2026.08.26-22.18.44:062][968]LogModuleManager: Shutting down and abandoning module MainFrame (342)
[2026.08.26-22.18.44:062][968]LogModuleManager: Shutting down and abandoning module HotReload (341)
[2026.08.26-22.18.44:062][968]LogModuleManager: Shutting down and abandoning module ToolMenus (337)
[2026.08.26-22.18.44:062][968]LogModuleManager: Shutting down and abandoning module TreeMap (335)
[2026.08.26-22.18.44:062][968]LogModuleManager: Shutting down and abandoning module GameplayTagsEditor (332)
[2026.08.26-22.18.44:062][968]LogModuleManager: Shutting down and abandoning module FacialAnimationEditor (330)
[2026.08.26-22.18.44:062][968]LogModuleManager: Shutting down and abandoning module FacialAnimation (328)
[2026.08.26-22.18.44:062][968]LogModuleManager: Shutting down and abandoning module DataValidation (326)
[2026.08.26-22.18.44:062][968]LogModuleManager: Shutting down and abandoning module ContentBrowser (325)
[2026.08.26-22.18.44:062][968]LogModuleManager: Shutting down and abandoning module ContentBrowserData (324)
[2026.08.26-22.18.44:062][968]LogModuleManager: Shutting down and abandoning module PropertyAccessNode (320)
[2026.08.26-22.18.44:062][968]LogModuleManager: Shutting down and abandoning module AnimationSharing (318)
[2026.08.26-22.18.44:062][968]LogModuleManager: Shutting down and abandoning module GameplayCameras (316)
[2026.08.26-22.18.44:062][968]LogModuleManager: Shutting down and abandoning module LightPropagationVolumeRuntime (314)
[2026.08.26-22.18.44:063][968]LogModuleManager: Shutting down and abandoning module EnvironmentQueryEditor (312)
[2026.08.26-22.18.44:063][968]LogModuleManager: Shutting down and abandoning module Paper2D (310)
[2026.08.26-22.18.44:063][968]LogModuleManager: Shutting down and abandoning module WindowsMoviePlayer (308)
[2026.08.26-22.18.44:071][968]LogModuleManager: Shutting down and abandoning module WebMMoviePlayer (306)
[2026.08.26-22.18.44:071][968]LogModuleManager: Shutting down and abandoning module NetworkReplayStreaming (304)
[2026.08.26-22.18.44:071][968]LogModuleManager: Shutting down and abandoning module PacketHandler (302)
[2026.08.26-22.18.44:071][968]LogModuleManager: Shutting down and abandoning module ClothingSystemEditor (300)
[2026.08.26-22.18.44:071][968]LogModuleManager: Shutting down and abandoning module ClothingSystemRuntimeNv (298)
[2026.08.26-22.18.44:071][968]LogModuleManager: Shutting down and abandoning module MediaAssets (296)
[2026.08.26-22.18.44:071][968]LogModuleManager: Shutting down and abandoning module Overlay (294)
[2026.08.26-22.18.44:071][968]LogModuleManager: Shutting down and abandoning module OverlayEditor (293)
[2026.08.26-22.18.44:071][968]LogModuleManager: Shutting down and abandoning module VREditor (290)
[2026.08.26-22.18.44:071][968]LogModuleManager: Shutting down and abandoning module StringTableEditor (288)
[2026.08.26-22.18.44:071][968]LogModuleManager: Shutting down and abandoning module GameplayTasksEditor (286)
[2026.08.26-22.18.44:071][968]LogModuleManager: Shutting down and abandoning module BehaviorTreeEditor (284)
[2026.08.26-22.18.44:071][968]LogModuleManager: Shutting down and abandoning module FunctionalTesting (282)
[2026.08.26-22.18.44:071][968]LogModuleManager: Shutting down and abandoning module CollisionAnalyzer (280)
[2026.08.26-22.18.44:071][968]LogModuleManager: Shutting down and abandoning module WorkspaceMenuStructure (279)
[2026.08.26-22.18.44:071][968]LogModuleManager: Shutting down and abandoning module UMG (276)
[2026.08.26-22.18.44:071][968]LogModuleManager: Shutting down and abandoning module UMGEditor (275)
[2026.08.26-22.18.44:071][968]LogModuleManager: Shutting down and abandoning module MessageLog (273)
[2026.08.26-22.18.44:071][968]LogModuleManager: Shutting down and abandoning module SlateReflector (268)
[2026.08.26-22.18.44:072][968]LogModuleManager: Shutting down and abandoning module Slate (266)
[2026.08.26-22.18.44:072][968]LogModuleManager: Shutting down and abandoning module SlateCore (264)
[2026.08.26-22.18.44:072][968]LogModuleManager: Shutting down and abandoning module LandscapeEditorUtilities (262)
[2026.08.26-22.18.44:072][968]LogModuleManager: Shutting down and abandoning module UnrealEd (260)
[2026.08.26-22.18.44:072][968]LogModuleManager: Shutting down and abandoning module MRMesh (258)
[2026.08.26-22.18.44:072][968]LogModuleManager: Shutting down and abandoning module SourceCodeAccess (256)
[2026.08.26-22.18.44:072][968]LogModuleManager: Shutting down and abandoning module HeadMountedDisplay (254)
[2026.08.26-22.18.44:072][968]LogModuleManager: Shutting down and abandoning module XAudio2 (252)
[2026.08.26-22.18.44:072][968]LogModuleManager: Shutting down and abandoning module Networking (250)
[2026.08.26-22.18.44:072][968]LogModuleManager: Shutting down and abandoning module Core (248)
[2026.08.26-22.18.44:072][968]LogModuleManager: Shutting down and abandoning module MaterialEditor (246)
[2026.08.26-22.18.44:072][968]LogModuleManager: Shutting down and abandoning module MovieSceneTools (244)
[2026.08.26-22.18.44:072][968]LogModuleManager: Shutting down and abandoning module CurveEditor (243)
[2026.08.26-22.18.44:072][968]LogModuleManager: Shutting down and abandoning module Sequencer (241)
[2026.08.26-22.18.44:073][968]LogModuleManager: Shutting down and abandoning module EditorStyle (240)
[2026.08.26-22.18.44:074][968]LogModuleManager: Shutting down and abandoning module KismetCompiler (236)
[2026.08.26-22.18.44:074][968]LogModuleManager: Shutting down and abandoning module MeshBuilder (234)
[2026.08.26-22.18.44:074][968]LogModuleManager: Shutting down and abandoning module MeshUtilities (232)
[2026.08.26-22.18.44:074][968]LogModuleManager: Shutting down and abandoning module MeshMergeUtilities (231)
[2026.08.26-22.18.44:074][968]LogModuleManager: Shutting down and abandoning module MeshReductionInterface (230)
[2026.08.26-22.18.44:074][968]LogModuleManager: Shutting down and abandoning module MeshBoneReduction (229)
[2026.08.26-22.18.44:075][968]LogModuleManager: Shutting down and abandoning module SkeletalMeshReduction (227)
[2026.08.26-22.18.44:075][968]LogModuleManager: Shutting down and abandoning module ProxyLODMeshReduction (225)
[2026.08.26-22.18.44:075][968]LogModuleManager: Shutting down and abandoning module QuadricMeshReduction (223)
[2026.08.26-22.18.44:075][968]LogModuleManager: Shutting down and abandoning module MaterialBaking (219)
[2026.08.26-22.18.44:075][968]LogModuleManager: Shutting down and abandoning module NullInstallBundleManager (214)
[2026.08.26-22.18.44:075][968]LogModuleManager: Shutting down and abandoning module DerivedDataCache (212)
[2026.08.26-22.18.44:075][968]LogModuleManager: Shutting down and abandoning module TargetPlatform (210)
[2026.08.26-22.18.44:075][968]LogModuleManager: Shutting down and abandoning module VulkanShaderFormat (209)
[2026.08.26-22.18.44:075][968]LogModuleManager: Shutting down and abandoning module ShaderFormatVectorVM (207)
[2026.08.26-22.18.44:075][968]LogModuleManager: Shutting down and abandoning module ShaderFormatOpenGL (205)
[2026.08.26-22.18.44:075][968]LogModuleManager: Shutting down and abandoning module ShaderFormatD3D (203)
[2026.08.26-22.18.44:075][968]LogModuleManager: Shutting down and abandoning module MetalShaderFormat (201)
[2026.08.26-22.18.44:075][968]LogModuleManager: Shutting down and abandoning module TextureFormatOodle (199)
[2026.08.26-22.18.44:075][968]LogModuleManager: Shutting down and abandoning module TextureFormatUncompressed (197)
[2026.08.26-22.18.44:075][968]LogModuleManager: Shutting down and abandoning module TextureFormatPVR (195)
[2026.08.26-22.18.44:075][968]LogModuleManager: Shutting down and abandoning module TextureFormatETC2 (193)
[2026.08.26-22.18.44:075][968]LogModuleManager: Shutting down and abandoning module TextureFormatDXT (191)
[2026.08.26-22.18.44:075][968]LogModuleManager: Shutting down and abandoning module TextureFormatIntelISPCTexComp (189)
[2026.08.26-22.18.44:075][968]LogModuleManager: Shutting down and abandoning module TextureFormatASTC (187)
[2026.08.26-22.18.44:075][968]LogModuleManager: Shutting down and abandoning module ImageWrapper (186)
[2026.08.26-22.18.44:075][968]LogModuleManager: Shutting down and abandoning module AudioFormatOpus (183)
[2026.08.26-22.18.44:075][968]LogModuleManager: Shutting down and abandoning module AudioFormatOgg (181)
[2026.08.26-22.18.44:075][968]LogModuleManager: Shutting down and abandoning module AudioFormatADPCM (179)
[2026.08.26-22.18.44:076][968]LogModuleManager: Shutting down and abandoning module WindowsServerTargetPlatform (177)
[2026.08.26-22.18.44:076][968]LogModuleManager: Shutting down and abandoning module WindowsClientTargetPlatform (175)
[2026.08.26-22.18.44:076][968]LogModuleManager: Shutting down and abandoning module WindowsTargetPlatform (173)
[2026.08.26-22.18.44:076][968]LogModuleManager: Shutting down and abandoning module WindowsNoEditorTargetPlatform (171)
[2026.08.26-22.18.44:076][968]LogModuleManager: Shutting down and abandoning module TVOSTargetPlatform (169)
[2026.08.26-22.18.44:079][968]LogModuleManager: Shutting down and abandoning module MacServerTargetPlatform (167)
[2026.08.26-22.18.44:079][968]LogModuleManager: Shutting down and abandoning module MacClientTargetPlatform (165)
[2026.08.26-22.18.44:079][968]LogModuleManager: Shutting down and abandoning module MacTargetPlatform (163)
[2026.08.26-22.18.44:079][968]LogModuleManager: Shutting down and abandoning module MacNoEditorTargetPlatform (161)
[2026.08.26-22.18.44:079][968]LogModuleManager: Shutting down and abandoning module LuminTargetPlatform (159)
[2026.08.26-22.18.44:084][968]LogModuleManager: Shutting down and abandoning module LinuxAArch64ServerTargetPlatform (157)
[2026.08.26-22.18.44:084][968]LogModuleManager: Shutting down and abandoning module LinuxAArch64ClientTargetPlatform (155)
[2026.08.26-22.18.44:084][968]LogModuleManager: Shutting down and abandoning module LinuxAArch64NoEditorTargetPlatform (153)
[2026.08.26-22.18.44:084][968]LogModuleManager: Shutting down and abandoning module LinuxServerTargetPlatform (151)
[2026.08.26-22.18.44:084][968]LogModuleManager: Shutting down and abandoning module LinuxClientTargetPlatform (149)
[2026.08.26-22.18.44:084][968]LogModuleManager: Shutting down and abandoning module LinuxNoEditorTargetPlatform (147)
[2026.08.26-22.18.44:084][968]LogModuleManager: Shutting down and abandoning module LinuxTargetPlatform (145)
[2026.08.26-22.18.44:084][968]LogModuleManager: Shutting down and abandoning module Messaging (143)
[2026.08.26-22.18.44:084][968]LogModuleManager: Shutting down and abandoning module IOSTargetPlatform (141)
[2026.08.26-22.18.44:086][968]LogModuleManager: Shutting down and abandoning module AndroidTargetPlatform (139)
[2026.08.26-22.18.44:098][968]LogModuleManager: Shutting down and abandoning module AllDesktopTargetPlatform (137)
[2026.08.26-22.18.44:098][968]LogModuleManager: Shutting down and abandoning module D3D11RHI (134)
[2026.08.26-22.18.44:098][968]LogModuleManager: Shutting down and abandoning module InputCore (132)
[2026.08.26-22.18.44:098][968]LogModuleManager: Shutting down and abandoning module Settings (130)
[2026.08.26-22.18.44:098][968]LogModuleManager: Shutting down and abandoning module DirectoryWatcher (128)
[2026.08.26-22.18.44:098][968]LogModuleManager: Shutting down and abandoning module PhysXCooking (126)
[2026.08.26-22.18.44:099][968]LogModuleManager: Shutting down and abandoning module Chaos (124)
[2026.08.26-22.18.44:099][968]LogModuleManager: Shutting down and abandoning module WindowsPlatformFeatures (122)
[2026.08.26-22.18.44:099][968]LogModuleManager: Shutting down and abandoning module GameplayMediaEncoder (121)
[2026.08.26-22.18.44:099][968]LogModuleManager: Shutting down and abandoning module AVEncoder (120)
[2026.08.26-22.18.44:099][968]LogModuleManager: Shutting down and abandoning module SteamVRInputDevice (116)
[2026.08.26-22.18.44:099][968]LogModuleManager: Shutting down and abandoning module SteamVRInput (114)
[2026.08.26-22.18.44:099][968]LogModuleManager: Shutting down and abandoning module SteamVR (112)
[2026.08.26-22.18.44:099][968]LogHMD: Freeing OpenVRDLLHandle.
[2026.08.26-22.18.44:099][968]LogModuleManager: Shutting down and abandoning module OculusHMD (110)
[2026.08.26-22.18.44:099][968]LogModuleManager: Shutting down and abandoning module OpenXREyeTracker (108)
[2026.08.26-22.18.44:099][968]LogModuleManager: Shutting down and abandoning module OpenXRAR (106)
[2026.08.26-22.18.44:099][968]LogModuleManager: Shutting down and abandoning module AugmentedReality (105)
[2026.08.26-22.18.44:099][968]LogModuleManager: Shutting down and abandoning module OpenXRHandTracking (102)
[2026.08.26-22.18.44:099][968]LogSlate: Slate User Destroyed.  User Index 0, Is Virtual User: 0
[2026.08.26-22.18.44:099][968]LogModuleManager: Shutting down and abandoning module OpenXRHMD (101)
[2026.08.26-22.18.44:099][968]LogModuleManager: Shutting down and abandoning module OnlineBlueprintSupport (98)
[2026.08.26-22.18.44:099][968]LogModuleManager: Shutting down and abandoning module OnlineSubsystem (94)
[2026.08.26-22.18.44:101][968]LogModuleManager: Shutting down and abandoning module XMPP (89)
[2026.08.26-22.18.44:101][968]LogModuleManager: Shutting down and abandoning module WebSockets (88)
[2026.08.26-22.18.44:123][968]LogModuleManager: Shutting down and abandoning module HTTP (85)
[2026.08.26-22.18.44:123][968]LogHttp: Display: Http module shutting down, but needs to wait on 1 outstanding Http requests:
[2026.08.26-22.18.44:123][968]LogHttp: Display: 	verb=[POST] url=[https://datarouter.ol.epicgames.com/datarouter/api/v1/public/data?SessionID=%7B7D05E899-4743-A282-673C-029FC504B997%7D&AppID=UEEditor.Rocket.Release&AppVersion=4.27.2-18319896%2B%2B%2BUE4%2BRelease-4.27&UserID=aad14cfa4a1ed281c560f785102d869b%7C24de892310f14890888f3bfa72d3ca7c%7C72aeb03c-3a2b-4ff1-80d4-ff410d42d422&AppEnvironment=datacollector-binary&UploadType=eteventstream] refs=[1] status=Processing
[2026.08.26-22.18.44:123][968]LogHttp: Display: cleaning up 1 outstanding Http requests.
[2026.08.26-22.18.44:158][968]LogModuleManager: Shutting down and abandoning module SSL (84)
[2026.08.26-22.18.44:159][968]LogModuleManager: Shutting down and abandoning module ExampleDeviceProfileSelector (80)
[2026.08.26-22.18.44:159][968]LogModuleManager: Shutting down and abandoning module ChunkDownloader (78)
[2026.08.26-22.18.44:160][968]LogModuleManager: Shutting down and abandoning module LauncherChunkInstaller (76)
[2026.08.26-22.18.44:160][968]LogModuleManager: Shutting down and abandoning module MLSDK (74)
[2026.08.26-22.18.44:160][968]LogModuleManager: Shutting down and abandoning module MagicLeap (72)
[2026.08.26-22.18.44:160][968]LogModuleManager: Shutting down and abandoning module WmfMedia (70)
[2026.08.26-22.18.44:163][968]LogModuleManager: Shutting down and abandoning module Media (69)
[2026.08.26-22.18.44:165][968]LogModuleManager: Shutting down and abandoning module MediaInfo (68)
[2026.08.26-22.18.44:165][968]LogModuleManager: Shutting down and abandoning module ExrReaderGpu (64)
[2026.08.26-22.18.44:165][968]LogModuleManager: Shutting down and abandoning module ChaosCloth (62)
[2026.08.26-22.18.44:165][968]LogModuleManager: Shutting down and abandoning module NiagaraVertexFactories (60)
[2026.08.26-22.18.44:165][968]LogModuleManager: Shutting down and abandoning module NiagaraShader (58)
[2026.08.26-22.18.44:165][968]LogModuleManager: Shutting down and abandoning module VariantManagerContent (56)
[2026.08.26-22.18.44:165][968]LogModuleManager: Shutting down and abandoning module DatasmithContent (54)
[2026.08.26-22.18.44:166][968]LogModuleManager: Shutting down and abandoning module PixWinPlugin (52)
[2026.08.26-22.18.44:166][968]LogModuleManager: Shutting down and abandoning module AISupportModule (50)
[2026.08.26-22.18.44:166][968]LogModuleManager: Shutting down and abandoning module DesktopPlatform (48)
[2026.08.26-22.18.44:166][968]LogModuleManager: Shutting down and abandoning module PythonScriptPluginPreload (46)
[2026.08.26-22.18.44:166][968]LogModuleManager: Shutting down and abandoning module PlatformCryptoOpenSSL (44)
[2026.08.26-22.18.44:166][968]LogModuleManager: Shutting down and abandoning module PlatformCryptoTypes (42)
[2026.08.26-22.18.44:166][968]LogModuleManager: Shutting down and abandoning module PlatformCrypto (40)
[2026.08.26-22.18.44:166][968]LogModuleManager: Shutting down and abandoning module OodleDataCompressionFormat (38)
[2026.08.26-22.18.44:166][968]LogModuleManager: Shutting down and abandoning module XGEController (36)
[2026.08.26-22.18.44:168][968]LogModuleManager: Shutting down and abandoning module AnimationModifiers (34)
[2026.08.26-22.18.44:168][968]LogModuleManager: Shutting down and abandoning module AudioEditor (32)
[2026.08.26-22.18.44:168][968]LogModuleManager: Shutting down and abandoning module PropertyEditor (31)
[2026.08.26-22.18.44:168][968]LogModuleManager: Shutting down and abandoning module TextureCompressor (28)
[2026.08.26-22.18.44:169][968]LogModuleManager: Shutting down and abandoning module RenderCore (26)
[2026.08.26-22.18.44:169][968]LogModuleManager: Shutting down and abandoning module Landscape (24)
[2026.08.26-22.18.44:169][968]LogModuleManager: Shutting down and abandoning module SlateRHIRenderer (22)
[2026.08.26-22.18.44:174][968]LogModuleManager: Shutting down and abandoning module AnimGraphRuntime (20)
[2026.08.26-22.18.44:174][968]LogModuleManager: Shutting down and abandoning module Renderer (18)
[2026.08.26-22.18.44:174][968]LogModuleManager: Shutting down and abandoning module Engine (16)
[2026.08.26-22.18.44:174][968]LogModuleManager: Shutting down and abandoning module CoreUObject (14)
[2026.08.26-22.18.44:174][968]LogModuleManager: Shutting down and abandoning module NetworkFile (12)
[2026.08.26-22.18.44:174][968]LogModuleManager: Shutting down and abandoning module CookedIterativeFile (10)
[2026.08.26-22.18.44:174][968]LogModuleManager: Shutting down and abandoning module StreamingFile (8)
[2026.08.26-22.18.44:174][968]LogModuleManager: Shutting down and abandoning module SandboxFile (6)
[2026.08.26-22.18.44:174][968]LogModuleManager: Shutting down and abandoning module PakFile (4)
[2026.08.26-22.18.44:174][968]LogModuleManager: Shutting down and abandoning module RSA (3)
[2026.08.26-22.18.44:175][968]LogContentStreaming: Display: There are 1 unreleased StreamingManagers
[2026.08.26-22.18.44:204][968]LogD3D11RHI: Shutdown
[2026.08.26-22.18.44:204][968]LogD3D11RHI: CleanupD3DDevice
[2026.08.26-22.18.44:207][968]LogExit: Exiting.
[2026.08.26-22.18.44:221][968]Log file closed, 08/26/26 15:18:44
