Log file open, 08/24/26 13:15:34
LogWindows: Failed to load 'aqProf.dll' (GetLastError=126)
LogWindows: File 'aqProf.dll' does not exist
LogWindows: Failed to load 'VtuneApi.dll' (GetLastError=126)
LogWindows: File 'VtuneApi.dll' does not exist
LogWindows: Failed to load 'VtuneApi32e.dll' (GetLastError=126)
LogWindows: File 'VtuneApi32e.dll' does not exist
LogConsoleResponse: Display: Failed to find resolution value strings in scalability ini. Falling back to default.
LogConsoleResponse: Display: Failed to find resolution value strings in scalability ini. Falling back to default.
LogInit: Display: Running engine for game: BrackeysJam2026
LogPlatformFile: Not using cached read wrapper
LogTaskGraph: Started task graph with 5 named threads and 47 total threads with 3 sets of task threads.
LogStats: Stats thread started at 0.275575
LogICUInternationalization: ICU TimeZone Detection - Raw Offset: -8:00, Platform Override: ''
LogInit: Display: Loading text-based GConfig....
LogPluginManager: Mounting plugin MeshPainting
LogPluginManager: Mounting plugin XGEController
LogPluginManager: Mounting plugin Paper2D
LogPluginManager: Mounting plugin LiveLink
LogPluginManager: Mounting plugin AISupport
LogPluginManager: Mounting plugin EnvironmentQueryEditor
LogPluginManager: Mounting plugin LightPropagationVolume
LogPluginManager: Mounting plugin CameraShakePreviewer
LogPluginManager: Mounting plugin GameplayCameras
LogPluginManager: Mounting plugin AnimationSharing
LogPluginManager: Mounting plugin GitSourceControl
LogPluginManager: Mounting plugin NullSourceCodeAccess
LogPluginManager: Mounting plugin KDevelopSourceCodeAccess
LogPluginManager: Mounting plugin PerforceSourceControl
LogPluginManager: Mounting plugin CLionSourceCodeAccess
LogPluginManager: Mounting plugin PluginUtils
LogPluginManager: Mounting plugin SubversionSourceControl
LogPluginManager: Mounting plugin CodeLiteSourceCodeAccess
LogPluginManager: Mounting plugin TextureFormatOodle
LogPluginManager: Mounting plugin PropertyAccessNode
LogPluginManager: Mounting plugin PlasticSourceControl
LogPluginManager: Mounting plugin UObjectPlugin
LogPluginManager: Mounting plugin VisualStudioCodeSourceCodeAccess
LogPluginManager: Mounting plugin XCodeSourceCodeAccess
LogPluginManager: Mounting plugin RiderSourceCodeAccess
LogPluginManager: Mounting plugin VisualStudioSourceCodeAccess
LogPluginManager: Mounting plugin OodleNetwork
LogPluginManager: Mounting plugin PixWinPlugin
LogPluginManager: Mounting plugin AlembicImporter
LogPluginManager: Mounting plugin OodleData
LogPluginManager: Mounting plugin BackChannel
LogPluginManager: Mounting plugin ChaosEditor
LogPluginManager: Mounting plugin ChaosCloth
LogPluginManager: Mounting plugin AutomationUtils
LogPluginManager: Mounting plugin ChaosClothEditor
LogPluginManager: Mounting plugin ChaosNiagara
LogPluginManager: Mounting plugin ChaosSolverPlugin
LogPluginManager: Mounting plugin CharacterAI
LogPluginManager: Mounting plugin GeometryCache
LogPluginManager: Mounting plugin GeometryProcessing
LogPluginManager: Mounting plugin GeometryCollectionPlugin
LogPluginManager: Mounting plugin MotoSynth
LogPluginManager: Mounting plugin OpenImageDenoise
LogPluginManager: Mounting plugin Niagara
LogPluginManager: Mounting plugin PlanarCut
LogPluginManager: Mounting plugin PlatformCrypto
LogPluginManager: Mounting plugin ProxyLODPlugin
LogPluginManager: Mounting plugin PythonScriptPlugin
LogPluginManager: Mounting plugin SkeletalReduction
LogPluginManager: Mounting plugin DatasmithContent
LogPluginManager: Mounting plugin VariantManagerContent
LogPluginManager: Mounting plugin LuminPlatformFeatures
LogPluginManager: Mounting plugin MagicLeapLightEstimation
LogPluginManager: Mounting plugin MagicLeapMedia
LogPluginManager: Mounting plugin MagicLeap
LogPluginManager: Mounting plugin MagicLeapPassableWorld
LogPluginManager: Mounting plugin AndroidMedia
LogPluginManager: Mounting plugin MLSDK
LogPluginManager: Mounting plugin AvfMedia
LogPluginManager: Mounting plugin MediaCompositing
LogPluginManager: Mounting plugin ImgMedia
LogPluginManager: Mounting plugin MediaPlayerEditor
LogPluginManager: Mounting plugin WmfMedia
LogPluginManager: Mounting plugin TcpMessaging
LogPluginManager: Mounting plugin UdpMessaging
LogPluginManager: Mounting plugin WebMMedia
LogPluginManager: Mounting plugin OnlineSubsystem
LogPluginManager: Mounting plugin OnlineSubsystemNull
LogPluginManager: Mounting plugin OnlineSubsystemUtils
LogPluginManager: Mounting plugin LevelSequenceEditor
LogPluginManager: Mounting plugin MatineeToLevelSequence
LogPluginManager: Mounting plugin TemplateSequence
LogPluginManager: Mounting plugin ActorSequence
LogPluginManager: Mounting plugin ActorLayerUtilities
LogPluginManager: Mounting plugin AndroidDeviceProfileSelector
LogPluginManager: Mounting plugin LauncherChunkInstaller
LogPluginManager: Mounting plugin AndroidMoviePlayer
LogPluginManager: Mounting plugin AndroidPermission
LogPluginManager: Mounting plugin AppleImageUtils
LogPluginManager: Mounting plugin AppleMoviePlayer
LogPluginManager: Mounting plugin AssetTags
LogPluginManager: Mounting plugin CableComponent
LogPluginManager: Mounting plugin ArchVisCharacter
LogPluginManager: Mounting plugin AudioCapture
LogPluginManager: Mounting plugin CustomMeshComponent
LogPluginManager: Mounting plugin AudioSynesthesia
LogPluginManager: Mounting plugin EditableMesh
LogPluginManager: Mounting plugin ExampleDeviceProfileSelector
LogPluginManager: Mounting plugin ScreenshotTools
LogPluginManager: Mounting plugin ChunkDownloader
LogPluginManager: Mounting plugin GoogleCloudMessaging
LogPluginManager: Mounting plugin Takes
LogPluginManager: Mounting plugin GooglePAD
LogPluginManager: Mounting plugin LocationServicesBPLibrary
LogPluginManager: Mounting plugin IOSDeviceProfileSelector
LogPluginManager: Mounting plugin LinuxDeviceProfileSelector
LogPluginManager: Mounting plugin OpenXR
LogPluginManager: Mounting plugin MobilePatchingUtils
LogPluginManager: Mounting plugin OpenXRHandTracking
LogPluginManager: Mounting plugin OpenXREyeTracker
LogPluginManager: Mounting plugin PhysXVehicles
LogPluginManager: Mounting plugin PostSplashScreen
LogPluginManager: Mounting plugin ProceduralMeshComponent
LogPluginManager: Mounting plugin RuntimePhysXCooking
LogPluginManager: Mounting plugin PropertyAccessEditor
LogPluginManager: Mounting plugin SoundFields
LogPluginManager: Mounting plugin SignificanceManager
LogPluginManager: Mounting plugin Synthesis
LogPluginManager: Mounting plugin WebMMoviePlayer
LogPluginManager: Mounting plugin WindowsMoviePlayer
LogPluginManager: Mounting plugin AssetManagerEditor
LogPluginManager: Mounting plugin CurveEditorTools
LogPluginManager: Mounting plugin CryptoKeys
LogPluginManager: Mounting plugin GameplayTagsEditor
LogPluginManager: Mounting plugin FacialAnimation
LogPluginManager: Mounting plugin MacGraphicsSwitching
LogPluginManager: Mounting plugin DataValidation
LogPluginManager: Mounting plugin GeometryMode
LogPluginManager: Mounting plugin MaterialAnalyzer
LogPluginManager: Mounting plugin MobileLauncherProfileWizard
LogPluginManager: Mounting plugin PluginBrowser
LogPluginManager: Mounting plugin SpeedTreeImporter
LogPluginManager: Mounting plugin OnlineSubsystemGooglePlay
LogPluginManager: Mounting plugin OnlineSubsystemIOS
LogPluginManager: Mounting plugin OculusVR
LogPluginManager: Mounting plugin SteamVR
LogPluginManager: Mounting plugin ContentBrowserAssetDataSource
LogPluginManager: Mounting plugin ContentBrowserClassDataSource
LogPluginManager: Mounting plugin ContentBrowserFileDataSource
PixWinPlugin: PIX capture plugin failed to initialize! Check that the process is launched from PIX.
LogInit: Using libcurl 7.55.1-DEV
LogInit:  - built for x86_64-pc-win32
LogInit:  - supports SSL with OpenSSL/1.1.1
LogInit:  - supports HTTP deflate (compression) using libz 1.2.8
LogInit:  - other features:
LogInit:      CURL_VERSION_SSL
LogInit:      CURL_VERSION_LIBZ
LogInit:      CURL_VERSION_IPV6
LogInit:      CURL_VERSION_ASYNCHDNS
LogInit:      CURL_VERSION_LARGEFILE
LogInit:      CURL_VERSION_IDN
LogInit:  CurlRequestOptions (configurable via config and command line):
LogInit:  - bVerifyPeer = true  - Libcurl will verify peer certificate
LogInit:  - bUseHttpProxy = false  - Libcurl will NOT use HTTP proxy
LogInit:  - bDontReuseConnections = false  - Libcurl will reuse connections
LogInit:  - MaxHostConnections = 16  - Libcurl will limit the number of connections to a host
LogInit:  - LocalHostAddr = Default
LogInit:  - BufferSize = 65536
LogOnline: OSS: Creating online subsystem instance for: NULL
LogInit: WinSock: version 1.1 (2.2), MaxSocks=32767, MaxUdp=65467
LogOnline: OSS: TryLoadSubsystemAndSetDefault: Loaded subsystem for module [NULL]
LogOculusPluginWrapper: OculusPlugin initialized successfully
LogHMD: Failed initializing OVRPlugin 1.59.0
LogInit: Build: ++UE4+Release-4.27-CL-18319896
LogInit: Engine Version: 4.27.2-18319896+++UE4+Release-4.27
LogInit: Compatible Engine Version: 4.27.0-17155196+++UE4+Release-4.27
LogInit: Net CL: 17155196
LogInit: OS: Windows 10 (Release 2009) (), CPU: AMD Ryzen 7 PRO 8845HS w/ Radeon 780M Graphics, GPU: AMD Radeon 780M Graphics
LogInit: Compiled (64-bit): Nov 30 2021 07:12:08
LogInit: Compiled with Visual C++: 19.24.28315.00
LogInit: Build Configuration: Development
LogInit: Branch Name: ++UE4+Release-4.27
LogInit: Command Line: 
LogInit: Base Directory: C:/Program Files/Epic Games/UE_4.27/Engine/Binaries/Win64/
LogInit: Allocator: TBB
LogInit: Installed Engine Build: 1
LogDevObjectVersion: Number of dev versions registered: 29
LogDevObjectVersion:   Dev-Blueprints (B0D832E4-1F89-4F0D-ACCF-7EB736FD4AA2): 10
LogDevObjectVersion:   Dev-Build (E1C64328-A22C-4D53-A36C-8E866417BD8C): 0
LogDevObjectVersion:   Dev-Core (375EC13C-06E4-48FB-B500-84F0262A717E): 4
LogDevObjectVersion:   Dev-Editor (E4B068ED-F494-42E9-A231-DA0B2E46BB41): 40
LogDevObjectVersion:   Dev-Framework (CFFC743F-43B0-4480-9391-14DF171D2073): 37
LogDevObjectVersion:   Dev-Mobile (B02B49B5-BB20-44E9-A304-32B752E40360): 3
LogDevObjectVersion:   Dev-Networking (A4E4105C-59A1-49B5-A7C5-40C4547EDFEE): 0
LogDevObjectVersion:   Dev-Online (39C831C9-5AE6-47DC-9A44-9C173E1C8E7C): 0
LogDevObjectVersion:   Dev-Physics (78F01B33-EBEA-4F98-B9B4-84EACCB95AA2): 14
LogDevObjectVersion:   Dev-Platform (6631380F-2D4D-43E0-8009-CF276956A95A): 0
LogDevObjectVersion:   Dev-Rendering (12F88B9F-8875-4AFC-A67C-D90C383ABD29): 45
LogDevObjectVersion:   Dev-Sequencer (7B5AE74C-D270-4C10-A958-57980B212A5A): 13
LogDevObjectVersion:   Dev-VR (D7296918-1DD6-4BDD-9DE2-64A83CC13884): 3
LogDevObjectVersion:   Dev-LoadTimes (C2A15278-BFE7-4AFE-6C17-90FF531DF755): 1
LogDevObjectVersion:   Private-Geometry (6EACA3D4-40EC-4CC1-B786-8BED09428FC5): 3
LogDevObjectVersion:   Dev-AnimPhys (29E575DD-E0A3-4627-9D10-D276232CDCEA): 17
LogDevObjectVersion:   Dev-Anim (AF43A65D-7FD3-4947-9873-3E8ED9C1BB05): 15
LogDevObjectVersion:   Dev-ReflectionCapture (6B266CEC-1EC7-4B8F-A30B-E4D90942FC07): 1
LogDevObjectVersion:   Dev-Automation (0DF73D61-A23F-47EA-B727-89E90C41499A): 1
LogDevObjectVersion:   FortniteMain (601D1886-AC64-4F84-AA16-D3DE0DEAC7D6): 47
LogDevObjectVersion:   FortniteRelease (E7086368-6B23-4C58-8439-1B7016265E91): 1
LogDevObjectVersion:   Dev-Enterprise (9DFFBCD6-494F-0158-E221-12823C92A888): 10
LogDevObjectVersion:   Dev-Niagara (F2AED0AC-9AFE-416F-8664-AA7FFA26D6FC): 1
LogDevObjectVersion:   Dev-Destruction (174F1F0B-B4C6-45A5-B13F-2EE8D0FB917D): 10
LogDevObjectVersion:   Dev-Physics-Ext (35F94A83-E258-406C-A318-09F59610247C): 41
LogDevObjectVersion:   Dev-PhysicsMaterial-Chaos (B68FC16E-8B1B-42E2-B453-215C058844FE): 1
LogDevObjectVersion:   Dev-CineCamera (B2E18506-4273-CFC2-A54E-F4BB758BBA07): 1
LogDevObjectVersion:   Dev-VirtualProduction (64F58936-FD1B-42BA-BA96-7289D5D0FA4E): 1
LogDevObjectVersion:   Dev-MediaFramework (6F0ED827-A609-4895-9C91-998D90180EA4): 2
LogInit: Presizing for max 25165824 objects, including 0 objects not considered by GC, pre-allocating 0 bytes for permanent pool.
LogConfig: Applying CVar settings from Section [/Script/Engine.StreamingSettings] File [E:/_Alex's Data/Unreal Engine/Unreal Projects/Brackeys2026/Brackeys-2026/BrackeysJam2026/Saved/Config/Windows/Engine.ini]
LogConfig: Setting CVar [[s.MinBulkDataSizeForAsyncLoading:131072]]
LogConfig: Setting CVar [[s.AsyncLoadingThreadEnabled:0]]
LogConfig: Setting CVar [[s.EventDrivenLoaderEnabled:1]]
LogConfig: Setting CVar [[s.WarnIfTimeLimitExceeded:0]]
LogConfig: Setting CVar [[s.TimeLimitExceededMultiplier:1.5]]
LogConfig: Setting CVar [[s.TimeLimitExceededMinTime:0.005]]
LogConfig: Setting CVar [[s.UseBackgroundLevelStreaming:1]]
LogConfig: Setting CVar [[s.PriorityAsyncLoadingExtraTime:15.0]]
LogConfig: Setting CVar [[s.LevelStreamingActorsUpdateTimeLimit:5.0]]
LogConfig: Setting CVar [[s.PriorityLevelStreamingActorsUpdateExtraTime:5.0]]
LogConfig: Setting CVar [[s.LevelStreamingComponentsRegistrationGranularity:10]]
LogConfig: Setting CVar [[s.UnregisterComponentsTimeLimit:1.0]]
LogConfig: Setting CVar [[s.LevelStreamingComponentsUnregistrationGranularity:5]]
LogConfig: Setting CVar [[s.FlushStreamingOnExit:1]]
LogInit: Object subsystem initialized
LogConfig: Setting CVar [[con.DebugEarlyDefault:1]]
LogConfig: Setting CVar [[r.setres:1280x720]]
[2026.08.24-20.15.35:100][  0]LogConfig: Setting CVar [[r.VSync:0]]
[2026.08.24-20.15.35:100][  0]LogConfig: Setting CVar [[r.RHICmdBypass:0]]
[2026.08.24-20.15.35:101][  0]LogConfig: Applying CVar settings from Section [/Script/Engine.RendererSettings] File [E:/_Alex's Data/Unreal Engine/Unreal Projects/Brackeys2026/Brackeys-2026/BrackeysJam2026/Saved/Config/Windows/Engine.ini]
[2026.08.24-20.15.35:101][  0]LogConfig: Setting CVar [[r.GPUCrashDebugging:0]]
[2026.08.24-20.15.35:101][  0]LogConfig: Setting CVar [[r.DefaultFeature.MotionBlur:0]]
[2026.08.24-20.15.35:101][  0]LogConfig: Applying CVar settings from Section [/Script/Engine.RendererOverrideSettings] File [E:/_Alex's Data/Unreal Engine/Unreal Projects/Brackeys2026/Brackeys-2026/BrackeysJam2026/Saved/Config/Windows/Engine.ini]
[2026.08.24-20.15.35:101][  0]LogConfig: Applying CVar settings from Section [/Script/Engine.StreamingSettings] File [E:/_Alex's Data/Unreal Engine/Unreal Projects/Brackeys2026/Brackeys-2026/BrackeysJam2026/Saved/Config/Windows/Engine.ini]
[2026.08.24-20.15.35:101][  0]LogConfig: Setting CVar [[s.MinBulkDataSizeForAsyncLoading:131072]]
[2026.08.24-20.15.35:101][  0]LogConfig: Setting CVar [[s.AsyncLoadingThreadEnabled:0]]
[2026.08.24-20.15.35:101][  0]LogConfig: Setting CVar [[s.EventDrivenLoaderEnabled:1]]
[2026.08.24-20.15.35:101][  0]LogConfig: Setting CVar [[s.WarnIfTimeLimitExceeded:0]]
[2026.08.24-20.15.35:101][  0]LogConfig: Setting CVar [[s.TimeLimitExceededMultiplier:1.5]]
[2026.08.24-20.15.35:101][  0]LogConfig: Setting CVar [[s.TimeLimitExceededMinTime:0.005]]
[2026.08.24-20.15.35:101][  0]LogConfig: Setting CVar [[s.UseBackgroundLevelStreaming:1]]
[2026.08.24-20.15.35:101][  0]LogConfig: Setting CVar [[s.PriorityAsyncLoadingExtraTime:15.0]]
[2026.08.24-20.15.35:101][  0]LogConfig: Setting CVar [[s.LevelStreamingActorsUpdateTimeLimit:5.0]]
[2026.08.24-20.15.35:101][  0]LogConfig: Setting CVar [[s.PriorityLevelStreamingActorsUpdateExtraTime:5.0]]
[2026.08.24-20.15.35:101][  0]LogConfig: Setting CVar [[s.LevelStreamingComponentsRegistrationGranularity:10]]
[2026.08.24-20.15.35:101][  0]LogConfig: Setting CVar [[s.UnregisterComponentsTimeLimit:1.0]]
[2026.08.24-20.15.35:101][  0]LogConfig: Setting CVar [[s.LevelStreamingComponentsUnregistrationGranularity:5]]
[2026.08.24-20.15.35:101][  0]LogConfig: Setting CVar [[s.FlushStreamingOnExit:1]]
[2026.08.24-20.15.35:101][  0]LogConfig: Applying CVar settings from Section [/Script/Engine.GarbageCollectionSettings] File [E:/_Alex's Data/Unreal Engine/Unreal Projects/Brackeys2026/Brackeys-2026/BrackeysJam2026/Saved/Config/Windows/Engine.ini]
[2026.08.24-20.15.35:101][  0]LogConfig: Setting CVar [[gc.MaxObjectsNotConsideredByGC:1]]
[2026.08.24-20.15.35:101][  0]LogConfig: Setting CVar [[gc.SizeOfPermanentObjectPool:0]]
[2026.08.24-20.15.35:101][  0]LogConfig: Setting CVar [[gc.FlushStreamingOnGC:0]]
[2026.08.24-20.15.35:101][  0]LogConfig: Setting CVar [[gc.NumRetriesBeforeForcingGC:10]]
[2026.08.24-20.15.35:101][  0]LogConfig: Setting CVar [[gc.AllowParallelGC:1]]
[2026.08.24-20.15.35:101][  0]LogConfig: Setting CVar [[gc.TimeBetweenPurgingPendingKillObjects:61.1]]
[2026.08.24-20.15.35:101][  0]LogConfig: Setting CVar [[gc.MaxObjectsInEditor:25165824]]
[2026.08.24-20.15.35:101][  0]LogConfig: Setting CVar [[gc.IncrementalBeginDestroyEnabled:1]]
[2026.08.24-20.15.35:101][  0]LogConfig: Setting CVar [[gc.CreateGCClusters:1]]
[2026.08.24-20.15.35:101][  0]LogConfig: Setting CVar [[gc.MinGCClusterSize:5]]
[2026.08.24-20.15.35:101][  0]LogConfig: Setting CVar [[gc.ActorClusteringEnabled:0]]
[2026.08.24-20.15.35:101][  0]LogConfig: Setting CVar [[gc.BlueprintClusteringEnabled:0]]
[2026.08.24-20.15.35:101][  0]LogConfig: Setting CVar [[gc.UseDisregardForGCOnDedicatedServers:0]]
[2026.08.24-20.15.35:101][  0]LogConfig: Setting CVar [[gc.MultithreadedDestructionEnabled:1]]
[2026.08.24-20.15.35:101][  0]LogConfig: Applying CVar settings from Section [/Script/Engine.NetworkSettings] File [E:/_Alex's Data/Unreal Engine/Unreal Projects/Brackeys2026/Brackeys-2026/BrackeysJam2026/Saved/Config/Windows/Engine.ini]
[2026.08.24-20.15.35:101][  0]LogConfig: Applying CVar settings from Section [/Script/UnrealEd.CookerSettings] File [E:/_Alex's Data/Unreal Engine/Unreal Projects/Brackeys2026/Brackeys-2026/BrackeysJam2026/Saved/Config/Windows/Engine.ini]
[2026.08.24-20.15.35:106][  0]LogConfig: Applying CVar settings from Section [ViewDistanceQuality@3] File [E:/_Alex's Data/Unreal Engine/Unreal Projects/Brackeys2026/Brackeys-2026/BrackeysJam2026/Saved/Config/Windows/Scalability.ini]
[2026.08.24-20.15.35:106][  0]LogConfig: Setting CVar [[r.SkeletalMeshLODBias:0]]
[2026.08.24-20.15.35:106][  0]LogConfig: Setting CVar [[r.ViewDistanceScale:1.0]]
[2026.08.24-20.15.35:106][  0]LogConfig: Applying CVar settings from Section [AntiAliasingQuality@3] File [E:/_Alex's Data/Unreal Engine/Unreal Projects/Brackeys2026/Brackeys-2026/BrackeysJam2026/Saved/Config/Windows/Scalability.ini]
[2026.08.24-20.15.35:106][  0]LogConfig: Setting CVar [[r.PostProcessAAQuality:4]]
[2026.08.24-20.15.35:106][  0]LogConfig: Applying CVar settings from Section [ShadowQuality@3] File [E:/_Alex's Data/Unreal Engine/Unreal Projects/Brackeys2026/Brackeys-2026/BrackeysJam2026/Saved/Config/Windows/Scalability.ini]
[2026.08.24-20.15.35:106][  0]LogConfig: Setting CVar [[r.LightFunctionQuality:1]]
[2026.08.24-20.15.35:106][  0]LogConfig: Setting CVar [[r.ShadowQuality:5]]
[2026.08.24-20.15.35:106][  0]LogConfig: Setting CVar [[r.Shadow.CSM.MaxCascades:10]]
[2026.08.24-20.15.35:106][  0]LogConfig: Setting CVar [[r.Shadow.MaxResolution:2048]]
[2026.08.24-20.15.35:106][  0]LogConfig: Setting CVar [[r.Shadow.MaxCSMResolution:2048]]
[2026.08.24-20.15.35:106][  0]LogConfig: Setting CVar [[r.Shadow.RadiusThreshold:0.01]]
[2026.08.24-20.15.35:106][  0]LogConfig: Setting CVar [[r.Shadow.DistanceScale:1.0]]
[2026.08.24-20.15.35:106][  0]LogConfig: Setting CVar [[r.Shadow.CSM.TransitionScale:1.0]]
[2026.08.24-20.15.35:106][  0]LogConfig: Setting CVar [[r.Shadow.PreShadowResolutionFactor:1.0]]
[2026.08.24-20.15.35:106][  0]LogConfig: Setting CVar [[r.DistanceFieldShadowing:1]]
[2026.08.24-20.15.35:106][  0]LogConfig: Setting CVar [[r.DistanceFieldAO:1]]
[2026.08.24-20.15.35:106][  0]LogConfig: Setting CVar [[r.AOQuality:2]]
[2026.08.24-20.15.35:106][  0]LogConfig: Setting CVar [[r.VolumetricFog:1]]
[2026.08.24-20.15.35:106][  0]LogConfig: Setting CVar [[r.VolumetricFog.GridPixelSize:8]]
[2026.08.24-20.15.35:106][  0]LogConfig: Setting CVar [[r.VolumetricFog.GridSizeZ:128]]
[2026.08.24-20.15.35:106][  0]LogConfig: Setting CVar [[r.VolumetricFog.HistoryMissSupersampleCount:4]]
[2026.08.24-20.15.35:106][  0]LogConfig: Setting CVar [[r.LightMaxDrawDistanceScale:1]]
[2026.08.24-20.15.35:106][  0]LogConfig: Setting CVar [[r.CapsuleShadows:1]]
[2026.08.24-20.15.35:106][  0]LogConfig: Applying CVar settings from Section [PostProcessQuality@3] File [E:/_Alex's Data/Unreal Engine/Unreal Projects/Brackeys2026/Brackeys-2026/BrackeysJam2026/Saved/Config/Windows/Scalability.ini]
[2026.08.24-20.15.35:106][  0]LogConfig: Setting CVar [[r.MotionBlurQuality:4]]
[2026.08.24-20.15.35:106][  0]LogConfig: Setting CVar [[r.AmbientOcclusionMipLevelFactor:0.4]]
[2026.08.24-20.15.35:106][  0]LogConfig: Setting CVar [[r.AmbientOcclusionMaxQuality:100]]
[2026.08.24-20.15.35:106][  0]LogConfig: Setting CVar [[r.AmbientOcclusionLevels:-1]]
[2026.08.24-20.15.35:106][  0]LogConfig: Setting CVar [[r.AmbientOcclusionRadiusScale:1.0]]
[2026.08.24-20.15.35:106][  0]LogConfig: Setting CVar [[r.DepthOfFieldQuality:2]]
[2026.08.24-20.15.35:106][  0]LogConfig: Setting CVar [[r.RenderTargetPoolMin:400]]
[2026.08.24-20.15.35:106][  0]LogConfig: Setting CVar [[r.LensFlareQuality:2]]
[2026.08.24-20.15.35:106][  0]LogConfig: Setting CVar [[r.SceneColorFringeQuality:1]]
[2026.08.24-20.15.35:106][  0]LogConfig: Setting CVar [[r.EyeAdaptationQuality:2]]
[2026.08.24-20.15.35:106][  0]LogConfig: Setting CVar [[r.BloomQuality:5]]
[2026.08.24-20.15.35:106][  0]LogConfig: Setting CVar [[r.FastBlurThreshold:100]]
[2026.08.24-20.15.35:106][  0]LogConfig: Setting CVar [[r.Upscale.Quality:3]]
[2026.08.24-20.15.35:106][  0]LogConfig: Setting CVar [[r.Tonemapper.GrainQuantization:1]]
[2026.08.24-20.15.35:106][  0]LogConfig: Setting CVar [[r.LightShaftQuality:1]]
[2026.08.24-20.15.35:106][  0]LogConfig: Setting CVar [[r.Filter.SizeScale:1]]
[2026.08.24-20.15.35:106][  0]LogConfig: Setting CVar [[r.Tonemapper.Quality:5]]
[2026.08.24-20.15.35:106][  0]LogConfig: Setting CVar [[r.DOF.Gather.AccumulatorQuality:1        ; higher gathering accumulator quality]]
[2026.08.24-20.15.35:106][  0]LogConfig: Setting CVar [[r.DOF.Gather.PostfilterMethod:1          ; Median3x3 postfilering method]]
[2026.08.24-20.15.35:106][  0]LogConfig: Setting CVar [[r.DOF.Gather.EnableBokehSettings:0       ; no bokeh simulation when gathering]]
[2026.08.24-20.15.35:106][  0]LogConfig: Setting CVar [[r.DOF.Gather.RingCount:4                 ; medium number of samples when gathering]]
[2026.08.24-20.15.35:106][  0]LogConfig: Setting CVar [[r.DOF.Scatter.ForegroundCompositing:1    ; additive foreground scattering]]
[2026.08.24-20.15.35:106][  0]LogConfig: Setting CVar [[r.DOF.Scatter.BackgroundCompositing:2    ; additive background scattering]]
[2026.08.24-20.15.35:106][  0]LogConfig: Setting CVar [[r.DOF.Scatter.EnableBokehSettings:1      ; bokeh simulation when scattering]]
[2026.08.24-20.15.35:106][  0]LogConfig: Setting CVar [[r.DOF.Scatter.MaxSpriteRatio:0.1         ; only a maximum of 10% of scattered bokeh]]
[2026.08.24-20.15.35:106][  0]LogConfig: Setting CVar [[r.DOF.Recombine.Quality:1                ; cheap slight out of focus]]
[2026.08.24-20.15.35:106][  0]LogConfig: Setting CVar [[r.DOF.Recombine.EnableBokehSettings:0    ; no bokeh simulation on slight out of focus]]
[2026.08.24-20.15.35:106][  0]LogConfig: Setting CVar [[r.DOF.TemporalAAQuality:1                ; more stable temporal accumulation]]
[2026.08.24-20.15.35:106][  0]LogConfig: Setting CVar [[r.DOF.Kernel.MaxForegroundRadius:0.025]]
[2026.08.24-20.15.35:106][  0]LogConfig: Setting CVar [[r.DOF.Kernel.MaxBackgroundRadius:0.025]]
[2026.08.24-20.15.35:106][  0]LogConfig: Applying CVar settings from Section [TextureQuality@3] File [E:/_Alex's Data/Unreal Engine/Unreal Projects/Brackeys2026/Brackeys-2026/BrackeysJam2026/Saved/Config/Windows/Scalability.ini]
[2026.08.24-20.15.35:106][  0]LogConfig: Setting CVar [[r.Streaming.MipBias:0]]
[2026.08.24-20.15.35:107][  0]LogConfig: Setting CVar [[r.Streaming.AmortizeCPUToGPUCopy:0]]
[2026.08.24-20.15.35:107][  0]LogConfig: Setting CVar [[r.Streaming.MaxNumTexturesToStreamPerFrame:0]]
[2026.08.24-20.15.35:107][  0]LogConfig: Setting CVar [[r.Streaming.Boost:1]]
[2026.08.24-20.15.35:107][  0]LogConfig: Setting CVar [[r.MaxAnisotropy:8]]
[2026.08.24-20.15.35:107][  0]LogConfig: Setting CVar [[r.VT.MaxAnisotropy:8]]
[2026.08.24-20.15.35:107][  0]LogConfig: Setting CVar [[r.Streaming.LimitPoolSizeToVRAM:0]]
[2026.08.24-20.15.35:107][  0]LogConfig: Setting CVar [[r.Streaming.PoolSize:1000]]
[2026.08.24-20.15.35:107][  0]LogConfig: Setting CVar [[r.Streaming.MaxEffectiveScreenSize:0]]
[2026.08.24-20.15.35:107][  0]LogConfig: Applying CVar settings from Section [EffectsQuality@3] File [E:/_Alex's Data/Unreal Engine/Unreal Projects/Brackeys2026/Brackeys-2026/BrackeysJam2026/Saved/Config/Windows/Scalability.ini]
[2026.08.24-20.15.35:107][  0]LogConfig: Setting CVar [[r.TranslucencyLightingVolumeDim:64]]
[2026.08.24-20.15.35:107][  0]LogConfig: Setting CVar [[r.RefractionQuality:2]]
[2026.08.24-20.15.35:107][  0]LogConfig: Setting CVar [[r.SSR.Quality:3]]
[2026.08.24-20.15.35:107][  0]LogConfig: Setting CVar [[r.SSR.HalfResSceneColor:0]]
[2026.08.24-20.15.35:107][  0]LogConfig: Setting CVar [[r.SceneColorFormat:4]]
[2026.08.24-20.15.35:107][  0]LogConfig: Setting CVar [[r.DetailMode:2]]
[2026.08.24-20.15.35:107][  0]LogConfig: Setting CVar [[r.TranslucencyVolumeBlur:1]]
[2026.08.24-20.15.35:107][  0]LogConfig: Setting CVar [[r.MaterialQualityLevel:1 ; High quality]]
[2026.08.24-20.15.35:107][  0]LogConfig: Setting CVar [[r.AnisotropicMaterials:1]]
[2026.08.24-20.15.35:107][  0]LogConfig: Setting CVar [[r.SSS.Scale:1]]
[2026.08.24-20.15.35:107][  0]LogConfig: Setting CVar [[r.SSS.SampleSet:2]]
[2026.08.24-20.15.35:107][  0]LogConfig: Setting CVar [[r.SSS.Quality:1]]
[2026.08.24-20.15.35:107][  0]LogConfig: Setting CVar [[r.SSS.HalfRes:0]]
[2026.08.24-20.15.35:107][  0]LogConfig: Setting CVar [[r.SSGI.Quality:3]]
[2026.08.24-20.15.35:107][  0]LogConfig: Setting CVar [[r.EmitterSpawnRateScale:1.0]]
[2026.08.24-20.15.35:107][  0]LogConfig: Setting CVar [[r.ParticleLightQuality:2]]
[2026.08.24-20.15.35:107][  0]LogConfig: Setting CVar [[r.SkyAtmosphere.AerialPerspectiveLUT.FastApplyOnOpaque:1 ; Always have FastSkyLUT 1 in this case to avoid wrong sky]]
[2026.08.24-20.15.35:107][  0]LogConfig: Setting CVar [[r.SkyAtmosphere.AerialPerspectiveLUT.SampleCountMaxPerSlice:4]]
[2026.08.24-20.15.35:107][  0]LogConfig: Setting CVar [[r.SkyAtmosphere.AerialPerspectiveLUT.DepthResolution:16.0]]
[2026.08.24-20.15.35:107][  0]LogConfig: Setting CVar [[r.SkyAtmosphere.FastSkyLUT:1]]
[2026.08.24-20.15.35:107][  0]LogConfig: Setting CVar [[r.SkyAtmosphere.FastSkyLUT.SampleCountMin:4.0]]
[2026.08.24-20.15.35:107][  0]LogConfig: Setting CVar [[r.SkyAtmosphere.FastSkyLUT.SampleCountMax:128.0]]
[2026.08.24-20.15.35:107][  0]LogConfig: Setting CVar [[r.SkyAtmosphere.SampleCountMin:4.0]]
[2026.08.24-20.15.35:107][  0]LogConfig: Setting CVar [[r.SkyAtmosphere.SampleCountMax:128.0]]
[2026.08.24-20.15.35:107][  0]LogConfig: Setting CVar [[r.SkyAtmosphere.TransmittanceLUT.UseSmallFormat:0]]
[2026.08.24-20.15.35:107][  0]LogConfig: Setting CVar [[r.SkyAtmosphere.TransmittanceLUT.SampleCount:10.0]]
[2026.08.24-20.15.35:107][  0]LogConfig: Setting CVar [[r.SkyAtmosphere.MultiScatteringLUT.SampleCount:15.0]]
[2026.08.24-20.15.35:107][  0]LogConfig: Setting CVar [[r.SkyLight.RealTimeReflectionCapture:1]]
[2026.08.24-20.15.35:107][  0]LogConfig: Applying CVar settings from Section [FoliageQuality@3] File [E:/_Alex's Data/Unreal Engine/Unreal Projects/Brackeys2026/Brackeys-2026/BrackeysJam2026/Saved/Config/Windows/Scalability.ini]
[2026.08.24-20.15.35:107][  0]LogConfig: Setting CVar [[foliage.DensityScale:1.0]]
[2026.08.24-20.15.35:107][  0]LogConfig: Setting CVar [[grass.DensityScale:1.0]]
[2026.08.24-20.15.35:107][  0]LogConfig: Applying CVar settings from Section [ShadingQuality@3] File [E:/_Alex's Data/Unreal Engine/Unreal Projects/Brackeys2026/Brackeys-2026/BrackeysJam2026/Saved/Config/Windows/Scalability.ini]
[2026.08.24-20.15.35:107][  0]LogConfig: Setting CVar [[r.HairStrands.SkyLighting.IntegrationType:2]]
[2026.08.24-20.15.35:107][  0]LogConfig: Setting CVar [[r.HairStrands.SkyAO.SampleCount:4]]
[2026.08.24-20.15.35:107][  0]LogConfig: Setting CVar [[r.HairStrands.Visibility.MSAA.SamplePerPixel:4]]
[2026.08.24-20.15.35:107][  0]LogInit: Selected Device Profile: [Windows]
[2026.08.24-20.15.35:107][  0]LogInit: Applying CVar settings loaded from the selected device profile: [Windows]
[2026.08.24-20.15.35:107][  0]LogHAL: Display: Platform has ~ 32 GB [33639129088 / 34359738368 / 32], which maps to Largest [LargestMinGB=32, LargerMinGB=12, DefaultMinGB=8, SmallerMinGB=6, SmallestMinGB=0)
[2026.08.24-20.15.35:107][  0]LogInit: Going up to parent DeviceProfile []
[2026.08.24-20.15.35:107][  0]LogConfig: Applying CVar settings from Section [ViewDistanceQuality@3] File [E:/_Alex's Data/Unreal Engine/Unreal Projects/Brackeys2026/Brackeys-2026/BrackeysJam2026/Saved/Config/Windows/Scalability.ini]
[2026.08.24-20.15.35:107][  0]LogConfig: Setting CVar [[r.SkeletalMeshLODBias:0]]
[2026.08.24-20.15.35:107][  0]LogConfig: Setting CVar [[r.ViewDistanceScale:1.0]]
[2026.08.24-20.15.35:107][  0]LogConfig: Applying CVar settings from Section [AntiAliasingQuality@3] File [E:/_Alex's Data/Unreal Engine/Unreal Projects/Brackeys2026/Brackeys-2026/BrackeysJam2026/Saved/Config/Windows/Scalability.ini]
[2026.08.24-20.15.35:107][  0]LogConfig: Setting CVar [[r.PostProcessAAQuality:4]]
[2026.08.24-20.15.35:107][  0]LogConfig: Applying CVar settings from Section [ShadowQuality@3] File [E:/_Alex's Data/Unreal Engine/Unreal Projects/Brackeys2026/Brackeys-2026/BrackeysJam2026/Saved/Config/Windows/Scalability.ini]
[2026.08.24-20.15.35:107][  0]LogConfig: Setting CVar [[r.LightFunctionQuality:1]]
[2026.08.24-20.15.35:107][  0]LogConfig: Setting CVar [[r.ShadowQuality:5]]
[2026.08.24-20.15.35:107][  0]LogConfig: Setting CVar [[r.Shadow.CSM.MaxCascades:10]]
[2026.08.24-20.15.35:107][  0]LogConfig: Setting CVar [[r.Shadow.MaxResolution:2048]]
[2026.08.24-20.15.35:107][  0]LogConfig: Setting CVar [[r.Shadow.MaxCSMResolution:2048]]
[2026.08.24-20.15.35:107][  0]LogConfig: Setting CVar [[r.Shadow.RadiusThreshold:0.01]]
[2026.08.24-20.15.35:107][  0]LogConfig: Setting CVar [[r.Shadow.DistanceScale:1.0]]
[2026.08.24-20.15.35:107][  0]LogConfig: Setting CVar [[r.Shadow.CSM.TransitionScale:1.0]]
[2026.08.24-20.15.35:107][  0]LogConfig: Setting CVar [[r.Shadow.PreShadowResolutionFactor:1.0]]
[2026.08.24-20.15.35:107][  0]LogConfig: Setting CVar [[r.DistanceFieldShadowing:1]]
[2026.08.24-20.15.35:107][  0]LogConfig: Setting CVar [[r.DistanceFieldAO:1]]
[2026.08.24-20.15.35:107][  0]LogConfig: Setting CVar [[r.AOQuality:2]]
[2026.08.24-20.15.35:107][  0]LogConfig: Setting CVar [[r.VolumetricFog:1]]
[2026.08.24-20.15.35:107][  0]LogConfig: Setting CVar [[r.VolumetricFog.GridPixelSize:8]]
[2026.08.24-20.15.35:107][  0]LogConfig: Setting CVar [[r.VolumetricFog.GridSizeZ:128]]
[2026.08.24-20.15.35:107][  0]LogConfig: Setting CVar [[r.VolumetricFog.HistoryMissSupersampleCount:4]]
[2026.08.24-20.15.35:107][  0]LogConfig: Setting CVar [[r.LightMaxDrawDistanceScale:1]]
[2026.08.24-20.15.35:107][  0]LogConfig: Setting CVar [[r.CapsuleShadows:1]]
[2026.08.24-20.15.35:107][  0]LogConfig: Applying CVar settings from Section [PostProcessQuality@3] File [E:/_Alex's Data/Unreal Engine/Unreal Projects/Brackeys2026/Brackeys-2026/BrackeysJam2026/Saved/Config/Windows/Scalability.ini]
[2026.08.24-20.15.35:107][  0]LogConfig: Setting CVar [[r.MotionBlurQuality:4]]
[2026.08.24-20.15.35:107][  0]LogConfig: Setting CVar [[r.AmbientOcclusionMipLevelFactor:0.4]]
[2026.08.24-20.15.35:107][  0]LogConfig: Setting CVar [[r.AmbientOcclusionMaxQuality:100]]
[2026.08.24-20.15.35:107][  0]LogConfig: Setting CVar [[r.AmbientOcclusionLevels:-1]]
[2026.08.24-20.15.35:108][  0]LogConfig: Setting CVar [[r.AmbientOcclusionRadiusScale:1.0]]
[2026.08.24-20.15.35:108][  0]LogConfig: Setting CVar [[r.DepthOfFieldQuality:2]]
[2026.08.24-20.15.35:108][  0]LogConfig: Setting CVar [[r.RenderTargetPoolMin:400]]
[2026.08.24-20.15.35:108][  0]LogConfig: Setting CVar [[r.LensFlareQuality:2]]
[2026.08.24-20.15.35:108][  0]LogConfig: Setting CVar [[r.SceneColorFringeQuality:1]]
[2026.08.24-20.15.35:108][  0]LogConfig: Setting CVar [[r.EyeAdaptationQuality:2]]
[2026.08.24-20.15.35:108][  0]LogConfig: Setting CVar [[r.BloomQuality:5]]
[2026.08.24-20.15.35:108][  0]LogConfig: Setting CVar [[r.FastBlurThreshold:100]]
[2026.08.24-20.15.35:108][  0]LogConfig: Setting CVar [[r.Upscale.Quality:3]]
[2026.08.24-20.15.35:108][  0]LogConfig: Setting CVar [[r.Tonemapper.GrainQuantization:1]]
[2026.08.24-20.15.35:108][  0]LogConfig: Setting CVar [[r.LightShaftQuality:1]]
[2026.08.24-20.15.35:108][  0]LogConfig: Setting CVar [[r.Filter.SizeScale:1]]
[2026.08.24-20.15.35:108][  0]LogConfig: Setting CVar [[r.Tonemapper.Quality:5]]
[2026.08.24-20.15.35:108][  0]LogConfig: Setting CVar [[r.DOF.Gather.AccumulatorQuality:1        ; higher gathering accumulator quality]]
[2026.08.24-20.15.35:108][  0]LogConfig: Setting CVar [[r.DOF.Gather.PostfilterMethod:1          ; Median3x3 postfilering method]]
[2026.08.24-20.15.35:108][  0]LogConfig: Setting CVar [[r.DOF.Gather.EnableBokehSettings:0       ; no bokeh simulation when gathering]]
[2026.08.24-20.15.35:108][  0]LogConfig: Setting CVar [[r.DOF.Gather.RingCount:4                 ; medium number of samples when gathering]]
[2026.08.24-20.15.35:108][  0]LogConfig: Setting CVar [[r.DOF.Scatter.ForegroundCompositing:1    ; additive foreground scattering]]
[2026.08.24-20.15.35:108][  0]LogConfig: Setting CVar [[r.DOF.Scatter.BackgroundCompositing:2    ; additive background scattering]]
[2026.08.24-20.15.35:108][  0]LogConfig: Setting CVar [[r.DOF.Scatter.EnableBokehSettings:1      ; bokeh simulation when scattering]]
[2026.08.24-20.15.35:108][  0]LogConfig: Setting CVar [[r.DOF.Scatter.MaxSpriteRatio:0.1         ; only a maximum of 10% of scattered bokeh]]
[2026.08.24-20.15.35:108][  0]LogConfig: Setting CVar [[r.DOF.Recombine.Quality:1                ; cheap slight out of focus]]
[2026.08.24-20.15.35:108][  0]LogConfig: Setting CVar [[r.DOF.Recombine.EnableBokehSettings:0    ; no bokeh simulation on slight out of focus]]
[2026.08.24-20.15.35:108][  0]LogConfig: Setting CVar [[r.DOF.TemporalAAQuality:1                ; more stable temporal accumulation]]
[2026.08.24-20.15.35:108][  0]LogConfig: Setting CVar [[r.DOF.Kernel.MaxForegroundRadius:0.025]]
[2026.08.24-20.15.35:108][  0]LogConfig: Setting CVar [[r.DOF.Kernel.MaxBackgroundRadius:0.025]]
[2026.08.24-20.15.35:108][  0]LogConfig: Applying CVar settings from Section [TextureQuality@3] File [E:/_Alex's Data/Unreal Engine/Unreal Projects/Brackeys2026/Brackeys-2026/BrackeysJam2026/Saved/Config/Windows/Scalability.ini]
[2026.08.24-20.15.35:108][  0]LogConfig: Setting CVar [[r.Streaming.MipBias:0]]
[2026.08.24-20.15.35:108][  0]LogConfig: Setting CVar [[r.Streaming.AmortizeCPUToGPUCopy:0]]
[2026.08.24-20.15.35:108][  0]LogConfig: Setting CVar [[r.Streaming.MaxNumTexturesToStreamPerFrame:0]]
[2026.08.24-20.15.35:108][  0]LogConfig: Setting CVar [[r.Streaming.Boost:1]]
[2026.08.24-20.15.35:108][  0]LogConfig: Setting CVar [[r.MaxAnisotropy:8]]
[2026.08.24-20.15.35:108][  0]LogConfig: Setting CVar [[r.VT.MaxAnisotropy:8]]
[2026.08.24-20.15.35:108][  0]LogConfig: Setting CVar [[r.Streaming.LimitPoolSizeToVRAM:0]]
[2026.08.24-20.15.35:108][  0]LogConfig: Setting CVar [[r.Streaming.PoolSize:1000]]
[2026.08.24-20.15.35:108][  0]LogConfig: Setting CVar [[r.Streaming.MaxEffectiveScreenSize:0]]
[2026.08.24-20.15.35:108][  0]LogConfig: Applying CVar settings from Section [EffectsQuality@3] File [E:/_Alex's Data/Unreal Engine/Unreal Projects/Brackeys2026/Brackeys-2026/BrackeysJam2026/Saved/Config/Windows/Scalability.ini]
[2026.08.24-20.15.35:108][  0]LogConfig: Setting CVar [[r.TranslucencyLightingVolumeDim:64]]
[2026.08.24-20.15.35:108][  0]LogConfig: Setting CVar [[r.RefractionQuality:2]]
[2026.08.24-20.15.35:108][  0]LogConfig: Setting CVar [[r.SSR.Quality:3]]
[2026.08.24-20.15.35:108][  0]LogConfig: Setting CVar [[r.SSR.HalfResSceneColor:0]]
[2026.08.24-20.15.35:108][  0]LogConfig: Setting CVar [[r.SceneColorFormat:4]]
[2026.08.24-20.15.35:108][  0]LogConfig: Setting CVar [[r.DetailMode:2]]
[2026.08.24-20.15.35:108][  0]LogConfig: Setting CVar [[r.TranslucencyVolumeBlur:1]]
[2026.08.24-20.15.35:108][  0]LogConfig: Setting CVar [[r.MaterialQualityLevel:1 ; High quality]]
[2026.08.24-20.15.35:108][  0]LogConfig: Setting CVar [[r.AnisotropicMaterials:1]]
[2026.08.24-20.15.35:108][  0]LogConfig: Setting CVar [[r.SSS.Scale:1]]
[2026.08.24-20.15.35:108][  0]LogConfig: Setting CVar [[r.SSS.SampleSet:2]]
[2026.08.24-20.15.35:108][  0]LogConfig: Setting CVar [[r.SSS.Quality:1]]
[2026.08.24-20.15.35:108][  0]LogConfig: Setting CVar [[r.SSS.HalfRes:0]]
[2026.08.24-20.15.35:108][  0]LogConfig: Setting CVar [[r.SSGI.Quality:3]]
[2026.08.24-20.15.35:108][  0]LogConfig: Setting CVar [[r.EmitterSpawnRateScale:1.0]]
[2026.08.24-20.15.35:108][  0]LogConfig: Setting CVar [[r.ParticleLightQuality:2]]
[2026.08.24-20.15.35:108][  0]LogConfig: Setting CVar [[r.SkyAtmosphere.AerialPerspectiveLUT.FastApplyOnOpaque:1 ; Always have FastSkyLUT 1 in this case to avoid wrong sky]]
[2026.08.24-20.15.35:108][  0]LogConfig: Setting CVar [[r.SkyAtmosphere.AerialPerspectiveLUT.SampleCountMaxPerSlice:4]]
[2026.08.24-20.15.35:108][  0]LogConfig: Setting CVar [[r.SkyAtmosphere.AerialPerspectiveLUT.DepthResolution:16.0]]
[2026.08.24-20.15.35:108][  0]LogConfig: Setting CVar [[r.SkyAtmosphere.FastSkyLUT:1]]
[2026.08.24-20.15.35:108][  0]LogConfig: Setting CVar [[r.SkyAtmosphere.FastSkyLUT.SampleCountMin:4.0]]
[2026.08.24-20.15.35:108][  0]LogConfig: Setting CVar [[r.SkyAtmosphere.FastSkyLUT.SampleCountMax:128.0]]
[2026.08.24-20.15.35:108][  0]LogConfig: Setting CVar [[r.SkyAtmosphere.SampleCountMin:4.0]]
[2026.08.24-20.15.35:108][  0]LogConfig: Setting CVar [[r.SkyAtmosphere.SampleCountMax:128.0]]
[2026.08.24-20.15.35:108][  0]LogConfig: Setting CVar [[r.SkyAtmosphere.TransmittanceLUT.UseSmallFormat:0]]
[2026.08.24-20.15.35:108][  0]LogConfig: Setting CVar [[r.SkyAtmosphere.TransmittanceLUT.SampleCount:10.0]]
[2026.08.24-20.15.35:108][  0]LogConfig: Setting CVar [[r.SkyAtmosphere.MultiScatteringLUT.SampleCount:15.0]]
[2026.08.24-20.15.35:108][  0]LogConfig: Setting CVar [[r.SkyLight.RealTimeReflectionCapture:1]]
[2026.08.24-20.15.35:108][  0]LogConfig: Applying CVar settings from Section [FoliageQuality@3] File [E:/_Alex's Data/Unreal Engine/Unreal Projects/Brackeys2026/Brackeys-2026/BrackeysJam2026/Saved/Config/Windows/Scalability.ini]
[2026.08.24-20.15.35:108][  0]LogConfig: Setting CVar [[foliage.DensityScale:1.0]]
[2026.08.24-20.15.35:108][  0]LogConfig: Setting CVar [[grass.DensityScale:1.0]]
[2026.08.24-20.15.35:108][  0]LogConfig: Applying CVar settings from Section [ShadingQuality@3] File [E:/_Alex's Data/Unreal Engine/Unreal Projects/Brackeys2026/Brackeys-2026/BrackeysJam2026/Saved/Config/Windows/Scalability.ini]
[2026.08.24-20.15.35:108][  0]LogConfig: Setting CVar [[r.HairStrands.SkyLighting.IntegrationType:2]]
[2026.08.24-20.15.35:108][  0]LogConfig: Setting CVar [[r.HairStrands.SkyAO.SampleCount:4]]
[2026.08.24-20.15.35:108][  0]LogConfig: Setting CVar [[r.HairStrands.Visibility.MSAA.SamplePerPixel:4]]
[2026.08.24-20.15.35:108][  0]LogConfig: Applying CVar settings from Section [Startup] File [../../../Engine/Config/ConsoleVariables.ini]
[2026.08.24-20.15.35:108][  0]LogConfig: Setting CVar [[net.UseAdaptiveNetUpdateFrequency:0]]
[2026.08.24-20.15.35:108][  0]LogConfig: Setting CVar [[p.chaos.AllowCreatePhysxBodies:1]]
[2026.08.24-20.15.35:108][  0]LogConfig: Setting CVar [[fx.SkipVectorVMBackendOptimizations:1]]
[2026.08.24-20.15.35:108][  0]LogConfig: Applying CVar settings from Section [ConsoleVariables] File [E:/_Alex's Data/Unreal Engine/Unreal Projects/Brackeys2026/Brackeys-2026/BrackeysJam2026/Saved/Config/Windows/Engine.ini]
[2026.08.24-20.15.35:109][  0]LogConfig: Applying CVar settings from Section [ConsoleVariables] File [E:/_Alex's Data/Unreal Engine/Unreal Projects/Brackeys2026/Brackeys-2026/BrackeysJam2026/Saved/Config/Windows/Editor.ini]
[2026.08.24-20.15.35:109][  0]LogInit: Computer: LAPTOP-EB09ONFM
[2026.08.24-20.15.35:109][  0]LogInit: User: AlexT
[2026.08.24-20.15.35:109][  0]LogInit: CPU Page size=4096, Cores=8
[2026.08.24-20.15.35:109][  0]LogInit: High frequency timer resolution =10.000000 MHz
[2026.08.24-20.15.35:109][  0]LogMemory: Memory total: Physical=31.3GB (32GB approx)
[2026.08.24-20.15.35:109][  0]LogMemory: Platform Memory Stats for Windows
[2026.08.24-20.15.35:109][  0]LogMemory: Process Physical Memory: 160.10 MB used, 160.10 MB peak
[2026.08.24-20.15.35:109][  0]LogMemory: Process Virtual Memory: 136.04 MB used, 136.04 MB peak
[2026.08.24-20.15.35:109][  0]LogMemory: Physical Memory: 12726.55 MB used,  19354.23 MB free, 32080.77 MB total
[2026.08.24-20.15.35:109][  0]LogMemory: Virtual Memory: 134194144.00 MB used,  23583.53 MB free, 134217728.00 MB total
[2026.08.24-20.15.35:114][  0]LogWindows: WindowsPlatformFeatures enabled
[2026.08.24-20.15.35:131][  0]LogInit: Physics initialised using underlying interface: PhysX
[2026.08.24-20.15.35:132][  0]LogInit: Using OS detected language (en-US).
[2026.08.24-20.15.35:132][  0]LogInit: Using OS detected locale (en-US).
[2026.08.24-20.15.35:136][  0]LogTextLocalizationManager: No specific localization for 'en-US' exists, so the 'en' localization will be used.
[2026.08.24-20.15.35:300][  0]LogInit: Setting process to per monitor DPI aware
[2026.08.24-20.15.35:311][  0]LogWindowsTextInputMethodSystem: Display: IME system deactivated.
[2026.08.24-20.15.35:327][  0]LogSlate: New Slate User Created.  User Index 0, Is Virtual User: 0
[2026.08.24-20.15.35:327][  0]LogSlate: Slate User Registered.  User Index 0, Is Virtual User: 0
[2026.08.24-20.15.35:458][  0]LogD3D11RHI: Loaded GFSDK_Aftermath_Lib.x64.dll
[2026.08.24-20.15.35:483][  0]LogHMD: Failed to initialize OpenVR with code 110
[2026.08.24-20.15.35:483][  0]LogD3D11RHI: D3D11 min allowed feature level: 11_0
[2026.08.24-20.15.35:483][  0]LogD3D11RHI: D3D11 max allowed feature level: 11_0
[2026.08.24-20.15.35:483][  0]LogD3D11RHI: D3D11 adapters:
[2026.08.24-20.15.35:575][  0]LogD3D11RHI:    0. 'AMD Radeon 780M Graphics' (Feature Level 11_0)
[2026.08.24-20.15.35:575][  0]LogD3D11RHI:       421/0/16040 MB DedicatedVideo/DedicatedSystem/SharedSystem, Outputs:1, VendorId:0x1002
[2026.08.24-20.15.35:581][  0]LogD3D11RHI:    1. 'Microsoft Basic Render Driver' (Feature Level 11_0)
[2026.08.24-20.15.35:581][  0]LogD3D11RHI:       0/0/16040 MB DedicatedVideo/DedicatedSystem/SharedSystem, Outputs:0, VendorId:0x1414
[2026.08.24-20.15.35:581][  0]LogD3D11RHI: Chosen D3D11 Adapter:
[2026.08.24-20.15.35:581][  0]LogD3D11RHI:     Description : AMD Radeon 780M Graphics
[2026.08.24-20.15.35:581][  0]LogD3D11RHI:     VendorId    : 1002
[2026.08.24-20.15.35:581][  0]LogD3D11RHI:     DeviceId    : 1900
[2026.08.24-20.15.35:581][  0]LogD3D11RHI:     SubSysId    : 1241002
[2026.08.24-20.15.35:581][  0]LogD3D11RHI:     Revision    : 00d5
[2026.08.24-20.15.35:581][  0]LogD3D11RHI:     DedicatedVideoMemory : 441671680 bytes
[2026.08.24-20.15.35:581][  0]LogD3D11RHI:     DedicatedSystemMemory : 0 bytes
[2026.08.24-20.15.35:581][  0]LogD3D11RHI:     SharedSystemMemory : 16819564544 bytes
[2026.08.24-20.15.35:581][  0]LogD3D11RHI:     AdapterLuid : 0 66722
[2026.08.24-20.15.35:588][  0]LogD3D11RHI: Creating new Direct3DDevice
[2026.08.24-20.15.35:588][  0]LogD3D11RHI:     GPU DeviceId: 0x1900 (for the marketing name, search the web for "GPU Device Id")
[2026.08.24-20.15.35:588][  0]LogWindows: EnumDisplayDevices:
[2026.08.24-20.15.35:588][  0]LogWindows:    0. 'AMD Radeon 780M Graphics' (P:1 D:1)
[2026.08.24-20.15.35:588][  0]LogWindows:    1. 'AMD Radeon 780M Graphics' (P:0 D:0)
[2026.08.24-20.15.35:589][  0]LogWindows:    2. 'AMD Radeon 780M Graphics' (P:0 D:0)
[2026.08.24-20.15.35:589][  0]LogWindows:    3. 'AMD Radeon 780M Graphics' (P:0 D:0)
[2026.08.24-20.15.35:590][  0]LogWindows:    4. 'AMD Radeon 780M Graphics' (P:0 D:0)
[2026.08.24-20.15.35:590][  0]LogWindows: DebugString: FoundDriverCount:5 
[2026.08.24-20.15.35:590][  0]LogD3D11RHI:     Adapter Name: AMD Radeon 780M Graphics
[2026.08.24-20.15.35:590][  0]LogD3D11RHI:   Driver Version: AMD Software: Adrenalin Edition 26.7.1 (internal:32.0.31035.1003, unified:32.0.31035.1003)
[2026.08.24-20.15.35:590][  0]LogD3D11RHI:      Driver Date: 7-24-2026
[2026.08.24-20.15.35:590][  0]LogRHI: Texture pool is 10985 MB (70% of 15693 MB)
[2026.08.24-20.15.35:619][  0]LogD3D11RHI: Creating D3DDevice with AMD AGS, using adapter:
[2026.08.24-20.15.35:619][  0]LogD3D11RHI:     Description : AMD Radeon 780M Graphics
[2026.08.24-20.15.35:619][  0]LogD3D11RHI:     VendorId    : 1002
[2026.08.24-20.15.35:619][  0]LogD3D11RHI:     DeviceId    : 1900
[2026.08.24-20.15.35:619][  0]LogD3D11RHI:     SubSysId    : 1241002
[2026.08.24-20.15.35:619][  0]LogD3D11RHI:     Revision    : 00d5
[2026.08.24-20.15.35:619][  0]LogD3D11RHI:     DedicatedVideoMemory : 441671680 bytes
[2026.08.24-20.15.35:619][  0]LogD3D11RHI:     DedicatedSystemMemory : 0 bytes
[2026.08.24-20.15.35:619][  0]LogD3D11RHI:     SharedSystemMemory : 16819564544 bytes
[2026.08.24-20.15.35:619][  0]LogD3D11RHI:     AdapterLuid : 0 66722
[2026.08.24-20.15.35:711][  0]LogD3D11RHI: Created device via AGS, feature level 11_0, supported extensions 1fffffbf.
[2026.08.24-20.15.35:711][  0]LogD3D11RHI: RHI has support for 64 bit atomics
[2026.08.24-20.15.35:711][  0]LogD3D11RHI: Async texture creation enabled
[2026.08.24-20.15.35:711][  0]LogD3D11RHI: Array index from any shader is supported
[2026.08.24-20.15.35:724][  0]LogD3D11RHI: GPU Timing Frequency: 100.000000 (Debug: 2 1)
[2026.08.24-20.15.35:976][  0]LogTargetPlatformManager: Display: Loaded TargetPlatform 'AllDesktop'
[2026.08.24-20.15.35:992][  0]LogTargetPlatformManager: Display: Loaded TargetPlatform 'Android'
[2026.08.24-20.15.35:992][  0]LogTargetPlatformManager: Display: Loaded TargetPlatform 'Android_ASTC'
[2026.08.24-20.15.35:992][  0]LogTargetPlatformManager: Display: Loaded TargetPlatform 'Android_DXT'
[2026.08.24-20.15.35:992][  0]LogTargetPlatformManager: Display: Loaded TargetPlatform 'Android_ETC2'
[2026.08.24-20.15.35:992][  0]LogTargetPlatformManager: Display: Loaded TargetPlatform 'AndroidClient'
[2026.08.24-20.15.35:992][  0]LogTargetPlatformManager: Display: Loaded TargetPlatform 'Android_ASTCClient'
[2026.08.24-20.15.35:992][  0]LogTargetPlatformManager: Display: Loaded TargetPlatform 'Android_DXTClient'
[2026.08.24-20.15.35:992][  0]LogTargetPlatformManager: Display: Loaded TargetPlatform 'Android_ETC2Client'
[2026.08.24-20.15.35:992][  0]LogTargetPlatformManager: Display: Loaded TargetPlatform 'Android_Multi'
[2026.08.24-20.15.35:992][  0]LogTargetPlatformManager: Display: Loaded TargetPlatform 'Android_MultiClient'
[2026.08.24-20.15.36:006][  0]LogTargetPlatformManager: Display: Loaded TargetPlatform 'IOSClient'
[2026.08.24-20.15.36:006][  0]LogTargetPlatformManager: Display: Loaded TargetPlatform 'IOS'
[2026.08.24-20.15.36:012][  0]LogTargetPlatformManager: Display: Loaded TargetPlatform 'Linux'
[2026.08.24-20.15.36:016][  0]LogTargetPlatformManager: Display: Loaded TargetPlatform 'LinuxNoEditor'
[2026.08.24-20.15.36:020][  0]LogTargetPlatformManager: Display: Loaded TargetPlatform 'LinuxClient'
[2026.08.24-20.15.36:023][  0]LogTargetPlatformManager: Display: Loaded TargetPlatform 'LinuxServer'
[2026.08.24-20.15.36:030][  0]LogTargetPlatformManager: Display: Loaded TargetPlatform 'LinuxAArch64NoEditor'
[2026.08.24-20.15.36:033][  0]LogTargetPlatformManager: Display: Loaded TargetPlatform 'LinuxAArch64Client'
[2026.08.24-20.15.36:037][  0]LogTargetPlatformManager: Display: Loaded TargetPlatform 'LinuxAArch64Server'
[2026.08.24-20.15.36:052][  0]LogTargetPlatformManager: Display: Loaded TargetPlatform 'Lumin'
[2026.08.24-20.15.36:052][  0]LogTargetPlatformManager: Display: Loaded TargetPlatform 'LuminClient'
[2026.08.24-20.15.36:059][  0]LogTargetPlatformManager: Display: Loaded TargetPlatform 'MacNoEditor'
[2026.08.24-20.15.36:063][  0]LogTargetPlatformManager: Display: Loaded TargetPlatform 'Mac'
[2026.08.24-20.15.36:066][  0]LogTargetPlatformManager: Display: Loaded TargetPlatform 'MacClient'
[2026.08.24-20.15.36:070][  0]LogTargetPlatformManager: Display: Loaded TargetPlatform 'MacServer'
[2026.08.24-20.15.36:076][  0]LogTargetPlatformManager: Display: Loaded TargetPlatform 'TVOSClient'
[2026.08.24-20.15.36:076][  0]LogTargetPlatformManager: Display: Loaded TargetPlatform 'TVOS'
[2026.08.24-20.15.36:083][  0]LogTargetPlatformManager: Display: Loaded TargetPlatform 'WindowsNoEditor'
[2026.08.24-20.15.36:087][  0]LogTargetPlatformManager: Display: Loaded TargetPlatform 'Windows'
[2026.08.24-20.15.36:090][  0]LogTargetPlatformManager: Display: Loaded TargetPlatform 'WindowsClient'
[2026.08.24-20.15.36:094][  0]LogTargetPlatformManager: Display: Loaded TargetPlatform 'WindowsServer'
[2026.08.24-20.15.36:094][  0]LogTargetPlatformManager: Display: Building Assets For Windows
[2026.08.24-20.15.36:099][  0]LogAudioDebug: Display: Lib vorbis DLL was dynamically loaded.
[2026.08.24-20.15.36:122][  0]LogTextureFormatOodle: Display: Oodle Texture 2.9.0 init RDO Off
[2026.08.24-20.15.36:149][  0]LogRendererCore: Ray tracing is disabled. Reason: r.RayTracing=0.
[2026.08.24-20.15.36:150][  0]LogShaderCompilers: Guid format shader working directory is -41 characters bigger than the processId version (E:/_Alex's Data/Unreal Engine/Unreal Projects/Brackeys2026/Brackeys-2026/BrackeysJam2026/Intermediate/Shaders/WorkingDirectory/5264/).
[2026.08.24-20.15.36:150][  0]LogShaderCompilers: Cleaned the shader compiler working directory 'C:/Users/Alex T/AppData/Local/Temp/UnrealShaderWorkingDir/E8CE137E4C350B878F0B399DCD31559F/'.
[2026.08.24-20.15.36:150][  0]LogXGEController: Cannot use XGE Controller as Incredibuild is not installed on this machine.
[2026.08.24-20.15.36:150][  0]LogShaderCompilers: Cannot use XGE Shader Compiler as Incredibuild is not installed on this machine.
[2026.08.24-20.15.36:150][  0]LogShaderCompilers: Display: Using Local Shader Compiler.
[2026.08.24-20.15.36:603][  0]LogDerivedDataCache: Display: Max Cache Size: 512 MB
[2026.08.24-20.15.36:639][  0]LogDerivedDataCache: Loaded boot cache 0.04s 94MB C:/Users/Alex T/AppData/Local/UnrealEngine/4.27/DerivedDataCache/Boot.ddc.
[2026.08.24-20.15.36:639][  0]LogDerivedDataCache: Display: Loaded Boot cache: C:/Users/Alex T/AppData/Local/UnrealEngine/4.27/DerivedDataCache/Boot.ddc
[2026.08.24-20.15.36:639][  0]LogDerivedDataCache: FDerivedDataBackendGraph:  Pak pak cache file E:/_Alex's Data/Unreal Engine/Unreal Projects/Brackeys2026/Brackeys-2026/BrackeysJam2026/DerivedDataCache/DDC.ddp not found, will not use a pak cache.
[2026.08.24-20.15.36:639][  0]LogDerivedDataCache: Unable to find inner node Pak for hierarchical cache Hierarchy.
[2026.08.24-20.15.36:639][  0]LogDerivedDataCache: FDerivedDataBackendGraph:  CompressedPak pak cache file E:/_Alex's Data/Unreal Engine/Unreal Projects/Brackeys2026/Brackeys-2026/BrackeysJam2026/DerivedDataCache/Compressed.ddp not found, will not use a pak cache.
[2026.08.24-20.15.36:639][  0]LogDerivedDataCache: Unable to find inner node CompressedPak for hierarchical cache Hierarchy.
[2026.08.24-20.15.36:651][  0]LogDerivedDataCache: Display: Pak cache opened for reading ../../../Engine/DerivedDataCache/Compressed.ddp.
[2026.08.24-20.15.36:651][  0]LogDerivedDataCache: FDerivedDataBackendGraph:  EnterprisePak pak cache file ../../../Enterprise/DerivedDataCache/Compressed.ddp not found, will not use a pak cache.
[2026.08.24-20.15.36:651][  0]LogDerivedDataCache: Unable to find inner node EnterprisePak for hierarchical cache Hierarchy.
[2026.08.24-20.15.36:660][  0]LogDerivedDataCache: Speed tests for C:/Users/Alex T/AppData/Local/UnrealEngine/Common/DerivedDataCache took 0.01 seconds
[2026.08.24-20.15.36:660][  0]LogDerivedDataCache: Display: Performance to C:/Users/Alex T/AppData/Local/UnrealEngine/Common/DerivedDataCache: Latency=0.02ms. RandomReadSpeed=1378.74MBs, RandomWriteSpeed=133.22MBs. Assigned SpeedClass 'Local'
[2026.08.24-20.15.36:660][  0]LogDerivedDataCache: Using Local data cache path C:/Users/Alex T/AppData/Local/UnrealEngine/Common/DerivedDataCache: Writable
[2026.08.24-20.15.36:660][  0]LogDerivedDataCache: Shared data cache path not found in *engine.ini, will not use an Shared cache.
[2026.08.24-20.15.36:660][  0]LogDerivedDataCache: Unable to find inner node Shared for hierarchical cache Hierarchy.
[2026.08.24-20.15.36:691][  0]LogSlate: Using FreeType 2.10.0
[2026.08.24-20.15.36:692][  0]LogSlate: SlateFontServices - WITH_FREETYPE: 1, WITH_HARFBUZZ: 1
[2026.08.24-20.15.36:710][  0]LogAssetRegistry: FAssetRegistry took 0.0023 seconds to start up
[2026.08.24-20.15.36:884][  0]LogInit: Selected Device Profile: [Windows]
[2026.08.24-20.15.36:884][  0]LogInit: Active device profile: [000001BBE2453C00][000001BBDA7D8600 49] Windows
[2026.08.24-20.15.36:884][  0]LogInit: Profiles: [000001BBE2453C00][000001BBDA7D8600 49] Windows, [000001BBE2410500][000001BBE142C8C0 49] WindowsNoEditor, [000001BBE2450500][000001BBE1428B40 49] WindowsServer, [000001BBE2413600][000001BBE1430DC0 49] WindowsClient, [000001BBE2453500][000001BBE1439080 49] IOS, [000001BBE2410E00][000001BBE143D340 49] iPadAir, [000001BBE2450D00][000001BBE1441600 49] iPadAir2, [000001BBE23C4600][000001BBE1455B40 49] IPadPro, [000001BBE23C4700][000001BBE1445B80 49] iPadAir3, [000001BBE2452F00][000001BBE144C2C0 49] iPadAir4, [000001BBE23C7A00][000001BBE1448580 49] iPadMini2, [000001BBE2451100][000001BBE1450840 49] iPadMini3, [000001BBE23C5600][000001BBE1458B00 49] iPadMini4, [000001BBE2452800][000001BBE1434D80 49] iPadMini5, [000001BBE23C3E00][000001BBE2481280 49] iPhone6, [000001BBE23C3F00][000001BBE145D2C0 49] iPodTouch6, [000001BBE2413400][000001BBE2489800 49] iPhone7, [000001BBE2412E00][000001BBE1469840 49] iPodTouch7, [000001BBE23C0A00][000001BBE146DB00 49] iPhone5S, [000001BBE2412400][000001BBE1464240 49] iPhone6Plus, [000001BBE23C3000][000001BBE2484500 49] iPhone6S, [000001BBE2410F00][000001BBE248C7C0 49] iPhone6SPlus, [000001BBE23C1100][000001BBE2490A80 49] iPhone7Plus, [000001BBE2413800][000001BBE2494D40 49] iPhoneSE, [000001BBE23C2900][000001BBE1460FC0 49] iPhone8, [000001BBE2411300][000001BBE2499240 49] iPhone8Plus, [000001BBE23C1800][000001BBE24A1500 49] iPhoneX, [000001BBE2413000][000001BBE24A57C0 49] iPhoneXS, [000001BBE23C3D00][000001BBE24A9A80 49] iPhoneXSMax, [000001BBE2411C00][000001BBE24AC1C0 49] iPhoneXR, [000001BBE23C0700][000001BBE24B0480 49] iPhone11, [000001BBE2412B00][000001BBE24B4740 49] iPhone11Pro, [000001BBE23C3400][000001BBE24B8A00 49] iPhone11ProMax, [000001BBE2410700][000001BBE24BCCC0 49] iPhoneSE2, [000001BBE23C2D00][000001BBE24C0F80 49] iPhone12Mini, [000001BBE2412A00][000001BBE249D200 49] iPhone12, [000001BBE23C1300][000001BBE24C5480 49] iPhone12Pro, [000001BBE2411F00][000001BBE24CD740 49] iPhone12ProMax, [000001BBE23C0900][000001BBE24D1A00 49] iPadPro105, [000001BBE2410400][000001BBE24D4140 49] iPadPro129, [000001BBE23C3300][000001BBE24D8400 49] iPadPro97, [000001BBE2411100][000001BBE24DC6C0 49] iPadPro2_129, [000001BBE23C1200][000001BBE24E0980 49] iPad5, [000001BBE2411A00][000001BBE24E4C40 49] iPad6, [000001BBE23C0D00][000001BBE24E8F00 49] iPad7, [000001BBE2410B00][000001BBE24ED1C0 49] iPad8, [000001BBE23C0300][000001BBE24C9440 49] iPadPro11, [000001BBE2410100][000001BBE24F16C0 49] iPadPro2_11, [000001BBE23C0E00][000001BBE24F9980 49] iPadPro3_129, [000001BBE2413500][000001BBE24FC0C0 49] iPadPro4_129, [000001BBE23C1D00][000001BBE2500380 49] AppleTV, [000001BBE2410900][000001BBE2504640 49] AppleTV4K, [000001BBE23C0600][000001BBE2508900 49] TVOS, [000001BBE2413E00][000001BBE250CBC0 49] Mac, [000001BBE23C0B00][000001BBE2510E80 49] MacClient, [000001BBE2411D00][000001BBE2515140 49] MacNoEditor, [000001BBE23C0200][000001BBE2519400 49] MacServer, [000001BBE2412500][000001BBE24F5680 49] Linux, [000001BBE23C2100][000001BBE251D900 49] LinuxAArch64, [000001BBE2412F00][000001BBE2525BC0 49] LinuxNoEditor, [000001BBE23C3700][000001BBE2528300 49] LinuxAArch64NoEditor, [000001BBE2413300][000001BBE252C5C0 49] LinuxClient, [000001BBE23C0F00][000001BBE2530880 49] LinuxAArch64Client, [000001BBE2411400][000001BBE2534B40 49] LinuxServer, [000001BBE23C3100][000001BBE2538E00 49] LinuxAArch64Server, [000001BBE2411500][000001BBE253D0C0 49] Android, [000001BBE23C3500][000001BBE2541380 49] Android_Low, [000001BBE2413F00][000001BBE2545640 49] Android_Mid, [000001BBE23C2B00][000001BBE25218C0 49] Android_High, [000001BBE2451400][000001BBE2549B40 49] Android_Default, [000001BBE1492700][000001BBE2550280 49] Android_Adreno4xx, [000001BBE2453A00][000001BBE2554540 49] Android_Adreno5xx_Low, [000001BBE1490300][000001BBE2558800 49] Android_Adreno5xx, [000001BBE2453000][000001BBE255CAC0 49] Android_Adreno6xx, [000001BBE1491200][000001BBE2560D80 49] Android_Adreno6xx_Vulkan, [000001BBE2451B00][000001BBE2565040 49] Android_Mali_T6xx, [000001BBE1491700][000001BBE2569300 49] Android_Mali_T7xx, [000001BBE2450A00][000001BBE256D5C0 49] Android_Mali_T8xx, [000001BBE1491100][000001BBE2571880 49] Android_Mali_G71, [000001BBE2452B00][000001BBE254DB00 49] Android_Mali_G72, [000001BBE1491E00][000001BBE2574200 49] Android_Mali_G72_Vulkan, [000001BBE2453700][000001BBE257C4C0 49] Android_Mali_G76, [000001BBE1490500][000001BBE2580780 49] Android_Mali_G76_Vulkan, [000001BBE2452C00][000001BBE2584A40 49] Android_Mali_G77, [000001BBE1492600][000001BBE2588D00 49] Android_Mali_G77_Vulkan, [000001BBE2453F00][000001BBE258CFC0 49] Android_Mali_G78, [000001BBE1492D00][000001BBE2591280 49] Android_Mali_G78_Vulkan, [000001BBE2450100][000001BBE2595540 49] Android_Mali_G710, [000001BBE1490400][000001BBE2599800 49] Android_Mali_G710_Vulkan, [000001BBE23C3800][000001BBE259DAC0 49] Android_Vulkan_SM5, [000001BBE1492200][000001BBE25781C0 49] Android_PowerVR_G6xxx, [000001BBE23C3600][000001BBE25A0440 49] Android_PowerVR_GT7xxx, [000001BBE1491B00][000001BBE25A8700 49] Android_PowerVR_GE8xxx, [000001BBE23C3A00][000001BBE25AC9C0 49] Android_PowerVR_GM9xxx, [000001BBE1491000][000001BBE26C2C80 49] Android_PowerVR_GM9xxx_Vulkan, [000001BBE23C0100][000001BBE26C6F40 49] Android_TegraK1, [000001BBE1490D00][000001BBE26CB200 49] Android_Unknown_Vulkan, [000001BBE23C0C00][000001BBE26CF4C0 49] Lumin, [000001BBE1490C00][000001BBE26D3780 49] Lumin_Desktop, [000001BBE23C1C00][000001BBE26D7A40 49] HoloLens, 
[2026.08.24-20.15.36:978][  0]LogMeshReduction: Using QuadricMeshReduction for automatic static mesh reduction
[2026.08.24-20.15.36:978][  0]LogMeshReduction: Using SimplygonMeshReduction for automatic skeletal mesh reduction
[2026.08.24-20.15.36:978][  0]LogMeshReduction: Using ProxyLODMeshReduction for automatic mesh merging
[2026.08.24-20.15.36:978][  0]LogMeshReduction: No distributed automatic mesh merging module available
[2026.08.24-20.15.36:978][  0]LogMeshMerging: No distributed automatic mesh merging module available
[2026.08.24-20.15.36:993][  0]LogNetVersion: BrackeysJam2026 1.0.0, NetCL: 17155196, EngineNetVer: 17, GameNetVer: 0 (Checksum: 1239153582)
[2026.08.24-20.15.37:288][  0]LogTexture: Default maximum texture size for cubemaps generated from long-lat sources has been changed from 512 to unlimited. In order to preserve old behaiour for '/Engine/MapTemplates/Sky/DaylightAmbientCubemap.DaylightAmbientCubemap', its maximum texture size has been explicitly set to 512.
[2026.08.24-20.15.37:323][  0]LogHMD: PokeAHoleMaterial loaded successfully
[2026.08.24-20.15.37:327][  0]LogUObjectArray: 17179 objects as part of root set at end of initial load.
[2026.08.24-20.15.37:327][  0]LogUObjectAllocator: 4302256 out of 0 bytes used by permanent object pool.
[2026.08.24-20.15.37:327][  0]LogUObjectArray: CloseDisregardForGC: 0/0 objects in disregard for GC pool
[2026.08.24-20.15.37:475][  0]LogNiagaraDebuggerClient: Niagara Debugger Client Initialized | Session: E90103A54271C42CE4D8AE85045C9757 | Instance: F5F4EE904310B2B77C7C14B4A27C5742 (LAPTOP-EB09ONFM-5264).
[2026.08.24-20.15.37:513][  0]LogPython: Using Python 3.7.7
[2026.08.24-20.15.37:967][  0]LogTcpMessaging: Initializing TcpMessaging bridge
[2026.08.24-20.15.37:972][  0]LogUdpMessaging: Initializing bridge on interface 0.0.0.0:0 to multicast group 230.0.0.1:6666.
[2026.08.24-20.15.38:194][  0]SourceControl: Source control is disabled
[2026.08.24-20.15.38:194][  0]SourceControl: Source control is disabled
[2026.08.24-20.15.38:196][  0]SourceControl: Source control is disabled
[2026.08.24-20.15.38:205][  0]SourceControl: Source control is disabled
[2026.08.24-20.15.38:207][  0]SourceControl: Source control is disabled
[2026.08.24-20.15.38:212][  0]LogUProjectInfo: Found projects:
[2026.08.24-20.15.38:328][  0]LogOpenImageDenoise: OIDN starting up
[2026.08.24-20.15.38:384][  0]LogAndroidPermission: UAndroidPermissionCallbackProxy::GetInstance
[2026.08.24-20.15.38:405][  0]LogAudioCaptureCore: Display: No Audio Capture implementations found. Audio input will be silent.
[2026.08.24-20.15.38:405][  0]LogAudioCaptureCore: Display: No Audio Capture implementations found. Audio input will be silent.
[2026.08.24-20.15.38:548][  0]LogOcInput: OculusInput pre-init called
[2026.08.24-20.15.38:708][  0]LogCollectionManager: Loaded 0 collections in 0.001757 seconds
[2026.08.24-20.15.38:761][  0]LogFileCache: Scanning file cache for directory 'E:/_Alex's Data/Unreal Engine/Unreal Projects/Brackeys2026/Brackeys-2026/BrackeysJam2026/Saved/Collections/' took 0.00s
[2026.08.24-20.15.38:761][  0]LogFileCache: Scanning file cache for directory 'E:/_Alex's Data/Unreal Engine/Unreal Projects/Brackeys2026/Brackeys-2026/BrackeysJam2026/Content/Developers/AlexT/Collections/' took 0.00s
[2026.08.24-20.15.38:761][  0]LogFileCache: Scanning file cache for directory 'E:/_Alex's Data/Unreal Engine/Unreal Projects/Brackeys2026/Brackeys-2026/BrackeysJam2026/Content/Collections/' took 0.00s
[2026.08.24-20.15.38:761][  0]LogEngine: Initializing Engine...
[2026.08.24-20.15.38:775][  0]LogHMD: Failed to enumerate extensions. Please check that you have a valid OpenXR runtime installed.
[2026.08.24-20.15.38:776][  0]LogHMD: Failed to initialize OpenVR with code 110
[2026.08.24-20.15.38:776][  0]LogMagicLeap: Warning: VR disabled because ZI is not enabled.  To enable, in the editor, Edit -> Project Settings -> Plugins -> Magic Leap Plugin -> Enable Zero Iteration
[2026.08.24-20.15.38:777][  0]LogStats: UGameplayTagsManager::InitializeManager -  0.000 s
[2026.08.24-20.15.38:891][  0]LogInit: Initializing FReadOnlyCVARCache
[2026.08.24-20.15.38:901][  0]LogAIModule: Creating AISystem for world Untitled
[2026.08.24-20.15.38:902][  0]LogAudio: Display: Initializing Audio Device Manager...
[2026.08.24-20.15.38:905][  0]LogAudio: Display: Loading Default Audio Settings Objects...
[2026.08.24-20.15.38:906][  0]LogAudio: Display: No default SoundConcurrencyObject specified (or failed to load).
[2026.08.24-20.15.38:906][  0]LogAudio: Display: Audio Device Manager Initialized
[2026.08.24-20.15.38:906][  0]LogAudio: Display: Creating Audio Device:                 Id: 1, Scope: Shared, Realtime: True
[2026.08.24-20.15.38:906][  0]LogAudioMixer: Display: Audio Mixer Platform Settings:
[2026.08.24-20.15.38:906][  0]LogAudioMixer: Display: 	Sample Rate:						  48000
[2026.08.24-20.15.38:906][  0]LogAudioMixer: Display: 	Callback Buffer Frame Size Requested: 1024
[2026.08.24-20.15.38:906][  0]LogAudioMixer: Display: 	Callback Buffer Frame Size To Use:	  1024
[2026.08.24-20.15.38:906][  0]LogAudioMixer: Display: 	Number of buffers to queue:			  2
[2026.08.24-20.15.38:906][  0]LogAudioMixer: Display: 	Max Channels (voices):				  32
[2026.08.24-20.15.38:906][  0]LogAudioMixer: Display: 	Number of Async Source Workers:		  0
[2026.08.24-20.15.38:906][  0]LogAudio: Display: AudioDevice MaxSources: 32
[2026.08.24-20.15.38:906][  0]LogAudio: Display: Audio Spatialization Plugin: None (built-in).
[2026.08.24-20.15.38:906][  0]LogAudio: Display: Audio Reverb Plugin: None (built-in).
[2026.08.24-20.15.38:906][  0]LogAudio: Display: Audio Occlusion Plugin: None (built-in).
[2026.08.24-20.15.38:907][  0]LogAudioMixer: Display: Initializing audio mixer.
[2026.08.24-20.15.38:925][  0]LogAudioMixer: Display: 0: FrontLeft
[2026.08.24-20.15.38:925][  0]LogAudioMixer: Display: 1: FrontRight
[2026.08.24-20.15.38:987][  0]LogAudioMixer: Display: Using Audio Device Realtek HD Audio 2nd output (Realtek(R) Audio)
[2026.08.24-20.15.38:987][  0]LogAudioMixer: Display: Initializing Sound Submixes...
[2026.08.24-20.15.38:988][  0]LogAudioMixer: Display: Creating Master Submix 'MasterSubmixDefault'
[2026.08.24-20.15.38:988][  0]LogAudioMixer: Display: Creating Master Submix 'MasterReverbSubmixDefault'
[2026.08.24-20.15.38:989][  0]LogAudioMixer: Display: Creating Master Submix 'MasterEQSubmixDefault'
[2026.08.24-20.15.38:989][  0]LogAudioMixer: FMixerPlatformXAudio2::StartAudioStream() called
[2026.08.24-20.15.38:989][  0]LogAudioMixer: Display: Output buffers initialized: Frames=1024, Channels=2, Samples=2048
[2026.08.24-20.15.38:990][  0]LogAudioMixer: Display: Starting AudioMixerPlatformInterface::RunInternal()
[2026.08.24-20.15.38:990][  0]LogAudioMixer: Display: FMixerPlatformXAudio2::SubmitBuffer() called for the first time
[2026.08.24-20.15.38:990][  0]LogInit: FAudioDevice initialized.
[2026.08.24-20.15.38:991][  0]LogAudio: Display: Audio Device (ID: 1) registered with world 'Untitled'.
[2026.08.24-20.15.38:991][  0]LogNetVersion: Set ProjectVersion to 1.0.0.0. Version Checksum will be recalculated on next use.
[2026.08.24-20.15.39:048][  0]LogDerivedDataCache: Saved boot cache 0.06s 94MB C:/Users/Alex T/AppData/Local/UnrealEngine/4.27/DerivedDataCache/Boot.ddc.
[2026.08.24-20.15.39:049][  0]LogInit: Texture streaming: Enabled
[2026.08.24-20.15.39:062][  0]LogAnalytics: Display: [UEEditor.Rocket.Release] APIServer = https://datarouter.ol.epicgames.com/. AppVersion = 4.27.2-18319896+++UE4+Release-4.27
[2026.08.24-20.15.39:066][  0]LogEngineSessionManager: EngineSessionManager initialized
[2026.08.24-20.15.39:066][  0]LogEditorSessionSummary: Verbose: Initializing EditorSessionSummaryWriter for editor session tracking
[2026.08.24-20.15.39:073][  0]LogEditorSessionSummary: EditorSessionSummaryWriter initialized
[2026.08.24-20.15.39:595][  0]LogInit: Transaction tracking system initialized
[2026.08.24-20.15.39:617][  0]BlueprintLog: New page: Editor Load
[2026.08.24-20.15.39:697][  0]LocalizationService: Localization service is disabled
[2026.08.24-20.15.39:725][  0]TimingProfiler: Initialize
[2026.08.24-20.15.39:725][  0]TimingProfiler: OnSessionChanged
[2026.08.24-20.15.39:725][  0]LoadingProfiler: Initialize
[2026.08.24-20.15.39:725][  0]LoadingProfiler: OnSessionChanged
[2026.08.24-20.15.39:725][  0]NetworkingProfiler: Initialize
[2026.08.24-20.15.39:725][  0]NetworkingProfiler: OnSessionChanged
[2026.08.24-20.15.39:725][  0]MemoryProfiler: Initialize
[2026.08.24-20.15.39:725][  0]MemoryProfiler: OnSessionChanged
[2026.08.24-20.15.39:868][  0]LogCook: Display: CookSettings for Memory: MemoryMaxUsedVirtual 0MiB, MemoryMaxUsedPhysical 16384MiB, MemoryMinFreeVirtual 0MiB, MemoryMinFreePhysical 1024MiB
[2026.08.24-20.15.39:868][  0]LogCook: Display: Mobile HDR setting 1
[2026.08.24-20.15.40:041][  0]LogFileCache: Scanning file cache for directory 'E:/_Alex's Data/Unreal Engine/Unreal Projects/Brackeys2026/Brackeys-2026/BrackeysJam2026/Content/' took 0.01s
[2026.08.24-20.15.40:181][  0]LogInit: Display: Engine is initialized. Leaving FEngineLoop::Init()
[2026.08.24-20.15.40:187][  0]SourceControl: Source control is disabled
[2026.08.24-20.15.40:187][  0]LogUnrealEdMisc: Loading editor; pre map load, took 6.132
[2026.08.24-20.15.40:187][  0]Cmd: MAP LOAD FILE="E:/_Alex's Data/Unreal Engine/Unreal Projects/Brackeys2026/Brackeys-2026/BrackeysJam2026/Content/Brackeys2026/Levels/Brackeys2026Map.umap" TEMPLATE=0 SHOWPROGRESS=1 FEATURELEVEL=3
[2026.08.24-20.15.40:188][  0]LightingResults: New page: Lighting Build
[2026.08.24-20.15.40:189][  0]LogWorld: UWorld::CleanupWorld for Untitled, bSessionEnded=true, bCleanupResources=true
[2026.08.24-20.15.40:189][  0]LogSlate: InvalidateAllWidgets triggered.  All widgets were invalidated
[2026.08.24-20.15.40:189][  0]MapCheck: New page: Map Check
[2026.08.24-20.15.40:189][  0]LightingResults: New page: Lighting Build
[2026.08.24-20.15.40:195][  0]LogAudio: Display: Audio Device unregistered from world 'None'.
[2026.08.24-20.15.40:197][  0]LogUObjectHash: Compacting FUObjectHashTables data took   0.66ms
[2026.08.24-20.15.40:464][  0]LogAudio: Display: Audio Device (ID: 1) registered with world 'Brackeys2026Map'.
[2026.08.24-20.15.40:464][  0]LogAIModule: Creating AISystem for world Brackeys2026Map
[2026.08.24-20.15.40:471][  0]LogEditorServer: Finished looking for orphan Actors (0.000 secs)
[2026.08.24-20.15.40:499][  0]LogUObjectHash: Compacting FUObjectHashTables data took   0.62ms
[2026.08.24-20.15.40:500][  0]Cmd: MAP CHECKDEP NOCLEARLOG
[2026.08.24-20.15.40:500][  0]MapCheck: Map check complete: 0 Error(s), 0 Warning(s), took 0.129ms to complete.
[2026.08.24-20.15.40:500][  0]LogFileHelpers: Loading map 'Brackeys2026Map' took 0.312
[2026.08.24-20.15.40:501][  0]LogUnrealEdMisc: Total Editor Startup Time, took 6.446
[2026.08.24-20.15.40:602][  0]LogSlate: The tab "Cesium" attempted to spawn in layout 'LevelEditor_Layout_v1.2' but failed for some reason. It will not be displayed.
[2026.08.24-20.15.40:635][  0]LogSlate: Updating window title bar state: overlay mode, drag disabled, window buttons hidden, title bar hidden
[2026.08.24-20.15.40:639][  0]LogSlate: Updating window title bar state: overlay mode, drag disabled, window buttons hidden, title bar hidden
[2026.08.24-20.15.40:643][  0]LogSlate: Updating window title bar state: overlay mode, drag disabled, window buttons hidden, title bar hidden
[2026.08.24-20.15.40:648][  0]LogSlate: Updating window title bar state: overlay mode, drag disabled, window buttons hidden, title bar hidden
[2026.08.24-20.15.41:092][  0]LogSlate: Only BGRA pngs, bmps or icos are supported in by External Image Picker
[2026.08.24-20.15.41:191][  0]LogNativeClassHierarchy: Verbose: Native class hierarchy populated in 0.0134 seconds. Added 3824 classes and 931 folders.
[2026.08.24-20.15.41:195][  0]LogNativeClassHierarchy: Verbose: Native class hierarchy updated for 'WidgetCarousel' in 0.0004 seconds. Added 0 classes and 0 folders.
[2026.08.24-20.15.41:196][  0]LogPakFile: PakFile PrimaryIndexSize=187
[2026.08.24-20.15.41:196][  0]LogPakFile: PakFile PathHashIndexSize=101
[2026.08.24-20.15.41:196][  0]LogPakFile: PakFile FullDirectoryIndexSize=148
[2026.08.24-20.15.41:196][  0]LogShaderLibrary: Display: ShaderCodeLibraryPakFileMountedCallback: PakFile 'C:/Program Files/Epic Games/UE_4.27/FeaturePacks/FP_FirstPerson.upack' (chunk index -1, root 'root:/') mounted
[2026.08.24-20.15.41:196][  0]LogShaderLibrary: Display: ShaderCodeLibraryPakFileMountedCallback: pending pak file info (ChunkID:-1 Root:root:/ File:C:/Program Files/Epic Games/UE_4.27/FeaturePacks/FP_FirstPerson.upack)
[2026.08.24-20.15.41:196][  0]LogPakFile: OnPakFileMounted2Time == 0.000082
[2026.08.24-20.15.41:198][  0]LogPakFile: PakFile PrimaryIndexSize=189
[2026.08.24-20.15.41:198][  0]LogPakFile: PakFile PathHashIndexSize=101
[2026.08.24-20.15.41:198][  0]LogPakFile: PakFile FullDirectoryIndexSize=152
[2026.08.24-20.15.41:198][  0]LogShaderLibrary: Display: ShaderCodeLibraryPakFileMountedCallback: PakFile 'C:/Program Files/Epic Games/UE_4.27/FeaturePacks/FP_FirstPersonBP.upack' (chunk index -1, root 'root:/') mounted
[2026.08.24-20.15.41:198][  0]LogShaderLibrary: Display: ShaderCodeLibraryPakFileMountedCallback: pending pak file info (ChunkID:-1 Root:root:/ File:C:/Program Files/Epic Games/UE_4.27/FeaturePacks/FP_FirstPersonBP.upack)
[2026.08.24-20.15.41:198][  0]LogPakFile: OnPakFileMounted2Time == 0.000053
[2026.08.24-20.15.41:199][  0]LogPakFile: PakFile PrimaryIndexSize=191
[2026.08.24-20.15.41:199][  0]LogPakFile: PakFile PathHashIndexSize=101
[2026.08.24-20.15.41:199][  0]LogPakFile: PakFile FullDirectoryIndexSize=160
[2026.08.24-20.15.41:199][  0]LogShaderLibrary: Display: ShaderCodeLibraryPakFileMountedCallback: PakFile 'C:/Program Files/Epic Games/UE_4.27/FeaturePacks/MobileStarterContent.upack' (chunk index -1, root 'root:/') mounted
[2026.08.24-20.15.41:199][  0]LogShaderLibrary: Display: ShaderCodeLibraryPakFileMountedCallback: pending pak file info (ChunkID:-1 Root:root:/ File:C:/Program Files/Epic Games/UE_4.27/FeaturePacks/MobileStarterContent.upack)
[2026.08.24-20.15.41:199][  0]LogPakFile: OnPakFileMounted2Time == 0.000047
[2026.08.24-20.15.41:199][  0]LogPakFile: PakFile PrimaryIndexSize=185
[2026.08.24-20.15.41:199][  0]LogPakFile: PakFile PathHashIndexSize=101
[2026.08.24-20.15.41:199][  0]LogPakFile: PakFile FullDirectoryIndexSize=148
[2026.08.24-20.15.41:199][  0]LogShaderLibrary: Display: ShaderCodeLibraryPakFileMountedCallback: PakFile 'C:/Program Files/Epic Games/UE_4.27/FeaturePacks/StarterContent.upack' (chunk index -1, root 'root:/') mounted
[2026.08.24-20.15.41:199][  0]LogShaderLibrary: Display: ShaderCodeLibraryPakFileMountedCallback: pending pak file info (ChunkID:-1 Root:root:/ File:C:/Program Files/Epic Games/UE_4.27/FeaturePacks/StarterContent.upack)
[2026.08.24-20.15.41:199][  0]LogPakFile: OnPakFileMounted2Time == 0.000043
[2026.08.24-20.15.41:199][  0]LogPakFile: PakFile PrimaryIndexSize=190
[2026.08.24-20.15.41:199][  0]LogPakFile: PakFile PathHashIndexSize=101
[2026.08.24-20.15.41:199][  0]LogPakFile: PakFile FullDirectoryIndexSize=154
[2026.08.24-20.15.41:199][  0]LogShaderLibrary: Display: ShaderCodeLibraryPakFileMountedCallback: PakFile 'C:/Program Files/Epic Games/UE_4.27/FeaturePacks/TP_2DSideScroller.upack' (chunk index -1, root 'root:/') mounted
[2026.08.24-20.15.41:199][  0]LogShaderLibrary: Display: ShaderCodeLibraryPakFileMountedCallback: pending pak file info (ChunkID:-1 Root:root:/ File:C:/Program Files/Epic Games/UE_4.27/FeaturePacks/TP_2DSideScroller.upack)
[2026.08.24-20.15.41:199][  0]LogPakFile: OnPakFileMounted2Time == 0.000043
[2026.08.24-20.15.41:200][  0]LogPakFile: PakFile PrimaryIndexSize=192
[2026.08.24-20.15.41:200][  0]LogPakFile: PakFile PathHashIndexSize=101
[2026.08.24-20.15.41:200][  0]LogPakFile: PakFile FullDirectoryIndexSize=158
[2026.08.24-20.15.41:200][  0]LogShaderLibrary: Display: ShaderCodeLibraryPakFileMountedCallback: PakFile 'C:/Program Files/Epic Games/UE_4.27/FeaturePacks/TP_2DSideScrollerBP.upack' (chunk index -1, root 'root:/') mounted
[2026.08.24-20.15.41:200][  0]LogShaderLibrary: Display: ShaderCodeLibraryPakFileMountedCallback: pending pak file info (ChunkID:-1 Root:root:/ File:C:/Program Files/Epic Games/UE_4.27/FeaturePacks/TP_2DSideScrollerBP.upack)
[2026.08.24-20.15.41:200][  0]LogPakFile: OnPakFileMounted2Time == 0.000034
[2026.08.24-20.15.41:200][  0]LogPakFile: PakFile PrimaryIndexSize=182
[2026.08.24-20.15.41:200][  0]LogPakFile: PakFile PathHashIndexSize=101
[2026.08.24-20.15.41:200][  0]LogPakFile: PakFile FullDirectoryIndexSize=138
[2026.08.24-20.15.41:200][  0]LogShaderLibrary: Display: ShaderCodeLibraryPakFileMountedCallback: PakFile 'C:/Program Files/Epic Games/UE_4.27/FeaturePacks/TP_Flying.upack' (chunk index -1, root 'root:/') mounted
[2026.08.24-20.15.41:200][  0]LogShaderLibrary: Display: ShaderCodeLibraryPakFileMountedCallback: pending pak file info (ChunkID:-1 Root:root:/ File:C:/Program Files/Epic Games/UE_4.27/FeaturePacks/TP_Flying.upack)
[2026.08.24-20.15.41:200][  0]LogPakFile: OnPakFileMounted2Time == 0.000030
[2026.08.24-20.15.41:202][  0]LogPakFile: PakFile PrimaryIndexSize=184
[2026.08.24-20.15.41:202][  0]LogPakFile: PakFile PathHashIndexSize=101
[2026.08.24-20.15.41:202][  0]LogPakFile: PakFile FullDirectoryIndexSize=142
[2026.08.24-20.15.41:202][  0]LogShaderLibrary: Display: ShaderCodeLibraryPakFileMountedCallback: PakFile 'C:/Program Files/Epic Games/UE_4.27/FeaturePacks/TP_FlyingBP.upack' (chunk index -1, root 'root:/') mounted
[2026.08.24-20.15.41:202][  0]LogShaderLibrary: Display: ShaderCodeLibraryPakFileMountedCallback: pending pak file info (ChunkID:-1 Root:root:/ File:C:/Program Files/Epic Games/UE_4.27/FeaturePacks/TP_FlyingBP.upack)
[2026.08.24-20.15.41:202][  0]LogPakFile: OnPakFileMounted2Time == 0.000041
[2026.08.24-20.15.41:202][  0]LogPakFile: PakFile PrimaryIndexSize=188
[2026.08.24-20.15.41:202][  0]LogPakFile: PakFile PathHashIndexSize=101
[2026.08.24-20.15.41:202][  0]LogPakFile: PakFile FullDirectoryIndexSize=150
[2026.08.24-20.15.41:202][  0]LogShaderLibrary: Display: ShaderCodeLibraryPakFileMountedCallback: PakFile 'C:/Program Files/Epic Games/UE_4.27/FeaturePacks/TP_HandheldARBP.upack' (chunk index -1, root 'root:/') mounted
[2026.08.24-20.15.41:202][  0]LogShaderLibrary: Display: ShaderCodeLibraryPakFileMountedCallback: pending pak file info (ChunkID:-1 Root:root:/ File:C:/Program Files/Epic Games/UE_4.27/FeaturePacks/TP_HandheldARBP.upack)
[2026.08.24-20.15.41:202][  0]LogPakFile: OnPakFileMounted2Time == 0.000035
[2026.08.24-20.15.41:203][  0]LogPakFile: PakFile PrimaryIndexSize=182
[2026.08.24-20.15.41:203][  0]LogPakFile: PakFile PathHashIndexSize=101
[2026.08.24-20.15.41:203][  0]LogPakFile: PakFile FullDirectoryIndexSize=138
[2026.08.24-20.15.41:203][  0]LogShaderLibrary: Display: ShaderCodeLibraryPakFileMountedCallback: PakFile 'C:/Program Files/Epic Games/UE_4.27/FeaturePacks/TP_Puzzle.upack' (chunk index -1, root 'root:/') mounted
[2026.08.24-20.15.41:203][  0]LogShaderLibrary: Display: ShaderCodeLibraryPakFileMountedCallback: pending pak file info (ChunkID:-1 Root:root:/ File:C:/Program Files/Epic Games/UE_4.27/FeaturePacks/TP_Puzzle.upack)
[2026.08.24-20.15.41:203][  0]LogPakFile: OnPakFileMounted2Time == 0.000029
[2026.08.24-20.15.41:203][  0]LogPakFile: PakFile PrimaryIndexSize=184
[2026.08.24-20.15.41:203][  0]LogPakFile: PakFile PathHashIndexSize=101
[2026.08.24-20.15.41:203][  0]LogPakFile: PakFile FullDirectoryIndexSize=142
[2026.08.24-20.15.41:203][  0]LogShaderLibrary: Display: ShaderCodeLibraryPakFileMountedCallback: PakFile 'C:/Program Files/Epic Games/UE_4.27/FeaturePacks/TP_PuzzleBP.upack' (chunk index -1, root 'root:/') mounted
[2026.08.24-20.15.41:203][  0]LogShaderLibrary: Display: ShaderCodeLibraryPakFileMountedCallback: pending pak file info (ChunkID:-1 Root:root:/ File:C:/Program Files/Epic Games/UE_4.27/FeaturePacks/TP_PuzzleBP.upack)
[2026.08.24-20.15.41:203][  0]LogPakFile: OnPakFileMounted2Time == 0.000027
[2026.08.24-20.15.41:203][  0]LogPakFile: PakFile PrimaryIndexSize=183
[2026.08.24-20.15.41:203][  0]LogPakFile: PakFile PathHashIndexSize=101
[2026.08.24-20.15.41:203][  0]LogPakFile: PakFile FullDirectoryIndexSize=140
[2026.08.24-20.15.41:203][  0]LogShaderLibrary: Display: ShaderCodeLibraryPakFileMountedCallback: PakFile 'C:/Program Files/Epic Games/UE_4.27/FeaturePacks/TP_Rolling.upack' (chunk index -1, root 'root:/') mounted
[2026.08.24-20.15.41:203][  0]LogShaderLibrary: Display: ShaderCodeLibraryPakFileMountedCallback: pending pak file info (ChunkID:-1 Root:root:/ File:C:/Program Files/Epic Games/UE_4.27/FeaturePacks/TP_Rolling.upack)
[2026.08.24-20.15.41:203][  0]LogPakFile: OnPakFileMounted2Time == 0.000026
[2026.08.24-20.15.41:204][  0]LogPakFile: PakFile PrimaryIndexSize=185
[2026.08.24-20.15.41:204][  0]LogPakFile: PakFile PathHashIndexSize=101
[2026.08.24-20.15.41:204][  0]LogPakFile: PakFile FullDirectoryIndexSize=144
[2026.08.24-20.15.41:204][  0]LogShaderLibrary: Display: ShaderCodeLibraryPakFileMountedCallback: PakFile 'C:/Program Files/Epic Games/UE_4.27/FeaturePacks/TP_RollingBP.upack' (chunk index -1, root 'root:/') mounted
[2026.08.24-20.15.41:204][  0]LogShaderLibrary: Display: ShaderCodeLibraryPakFileMountedCallback: pending pak file info (ChunkID:-1 Root:root:/ File:C:/Program Files/Epic Games/UE_4.27/FeaturePacks/TP_RollingBP.upack)
[2026.08.24-20.15.41:204][  0]LogPakFile: OnPakFileMounted2Time == 0.000026
[2026.08.24-20.15.41:205][  0]LogPakFile: PakFile PrimaryIndexSize=188
[2026.08.24-20.15.41:205][  0]LogPakFile: PakFile PathHashIndexSize=101
[2026.08.24-20.15.41:205][  0]LogPakFile: PakFile FullDirectoryIndexSize=150
[2026.08.24-20.15.41:205][  0]LogShaderLibrary: Display: ShaderCodeLibraryPakFileMountedCallback: PakFile 'C:/Program Files/Epic Games/UE_4.27/FeaturePacks/TP_SideScroller.upack' (chunk index -1, root 'root:/') mounted
[2026.08.24-20.15.41:205][  0]LogShaderLibrary: Display: ShaderCodeLibraryPakFileMountedCallback: pending pak file info (ChunkID:-1 Root:root:/ File:C:/Program Files/Epic Games/UE_4.27/FeaturePacks/TP_SideScroller.upack)
[2026.08.24-20.15.41:205][  0]LogPakFile: OnPakFileMounted2Time == 0.000026
[2026.08.24-20.15.41:205][  0]LogPakFile: PakFile PrimaryIndexSize=190
[2026.08.24-20.15.41:205][  0]LogPakFile: PakFile PathHashIndexSize=101
[2026.08.24-20.15.41:205][  0]LogPakFile: PakFile FullDirectoryIndexSize=154
[2026.08.24-20.15.41:205][  0]LogShaderLibrary: Display: ShaderCodeLibraryPakFileMountedCallback: PakFile 'C:/Program Files/Epic Games/UE_4.27/FeaturePacks/TP_SideScrollerBP.upack' (chunk index -1, root 'root:/') mounted
[2026.08.24-20.15.41:205][  0]LogShaderLibrary: Display: ShaderCodeLibraryPakFileMountedCallback: pending pak file info (ChunkID:-1 Root:root:/ File:C:/Program Files/Epic Games/UE_4.27/FeaturePacks/TP_SideScrollerBP.upack)
[2026.08.24-20.15.41:205][  0]LogPakFile: OnPakFileMounted2Time == 0.000058
[2026.08.24-20.15.41:206][  0]LogPakFile: PakFile PrimaryIndexSize=187
[2026.08.24-20.15.41:206][  0]LogPakFile: PakFile PathHashIndexSize=101
[2026.08.24-20.15.41:206][  0]LogPakFile: PakFile FullDirectoryIndexSize=148
[2026.08.24-20.15.41:206][  0]LogShaderLibrary: Display: ShaderCodeLibraryPakFileMountedCallback: PakFile 'C:/Program Files/Epic Games/UE_4.27/FeaturePacks/TP_ThirdPerson.upack' (chunk index -1, root 'root:/') mounted
[2026.08.24-20.15.41:206][  0]LogShaderLibrary: Display: ShaderCodeLibraryPakFileMountedCallback: pending pak file info (ChunkID:-1 Root:root:/ File:C:/Program Files/Epic Games/UE_4.27/FeaturePacks/TP_ThirdPerson.upack)
[2026.08.24-20.15.41:206][  0]LogPakFile: OnPakFileMounted2Time == 0.000163
[2026.08.24-20.15.41:206][  0]LogPakFile: PakFile PrimaryIndexSize=189
[2026.08.24-20.15.41:206][  0]LogPakFile: PakFile PathHashIndexSize=101
[2026.08.24-20.15.41:206][  0]LogPakFile: PakFile FullDirectoryIndexSize=152
[2026.08.24-20.15.41:206][  0]LogShaderLibrary: Display: ShaderCodeLibraryPakFileMountedCallback: PakFile 'C:/Program Files/Epic Games/UE_4.27/FeaturePacks/TP_ThirdPersonBP.upack' (chunk index -1, root 'root:/') mounted
[2026.08.24-20.15.41:206][  0]LogShaderLibrary: Display: ShaderCodeLibraryPakFileMountedCallback: pending pak file info (ChunkID:-1 Root:root:/ File:C:/Program Files/Epic Games/UE_4.27/FeaturePacks/TP_ThirdPersonBP.upack)
[2026.08.24-20.15.41:206][  0]LogPakFile: OnPakFileMounted2Time == 0.000046
[2026.08.24-20.15.41:208][  0]LogPakFile: PakFile PrimaryIndexSize=183
[2026.08.24-20.15.41:208][  0]LogPakFile: PakFile PathHashIndexSize=101
[2026.08.24-20.15.41:208][  0]LogPakFile: PakFile FullDirectoryIndexSize=140
[2026.08.24-20.15.41:208][  0]LogShaderLibrary: Display: ShaderCodeLibraryPakFileMountedCallback: PakFile 'C:/Program Files/Epic Games/UE_4.27/FeaturePacks/TP_TopDown.upack' (chunk index -1, root 'root:/') mounted
[2026.08.24-20.15.41:208][  0]LogShaderLibrary: Display: ShaderCodeLibraryPakFileMountedCallback: pending pak file info (ChunkID:-1 Root:root:/ File:C:/Program Files/Epic Games/UE_4.27/FeaturePacks/TP_TopDown.upack)
[2026.08.24-20.15.41:208][  0]LogPakFile: OnPakFileMounted2Time == 0.000091
[2026.08.24-20.15.41:208][  0]LogPakFile: PakFile PrimaryIndexSize=185
[2026.08.24-20.15.41:208][  0]LogPakFile: PakFile PathHashIndexSize=101
[2026.08.24-20.15.41:208][  0]LogPakFile: PakFile FullDirectoryIndexSize=144
[2026.08.24-20.15.41:208][  0]LogShaderLibrary: Display: ShaderCodeLibraryPakFileMountedCallback: PakFile 'C:/Program Files/Epic Games/UE_4.27/FeaturePacks/TP_TopDownBP.upack' (chunk index -1, root 'root:/') mounted
[2026.08.24-20.15.41:208][  0]LogShaderLibrary: Display: ShaderCodeLibraryPakFileMountedCallback: pending pak file info (ChunkID:-1 Root:root:/ File:C:/Program Files/Epic Games/UE_4.27/FeaturePacks/TP_TopDownBP.upack)
[2026.08.24-20.15.41:208][  0]LogPakFile: OnPakFileMounted2Time == 0.000046
[2026.08.24-20.15.41:209][  0]LogPakFile: PakFile PrimaryIndexSize=185
[2026.08.24-20.15.41:209][  0]LogPakFile: PakFile PathHashIndexSize=101
[2026.08.24-20.15.41:209][  0]LogPakFile: PakFile FullDirectoryIndexSize=144
[2026.08.24-20.15.41:209][  0]LogShaderLibrary: Display: ShaderCodeLibraryPakFileMountedCallback: PakFile 'C:/Program Files/Epic Games/UE_4.27/FeaturePacks/TP_TwinStick.upack' (chunk index -1, root 'root:/') mounted
[2026.08.24-20.15.41:209][  0]LogShaderLibrary: Display: ShaderCodeLibraryPakFileMountedCallback: pending pak file info (ChunkID:-1 Root:root:/ File:C:/Program Files/Epic Games/UE_4.27/FeaturePacks/TP_TwinStick.upack)
[2026.08.24-20.15.41:209][  0]LogPakFile: OnPakFileMounted2Time == 0.000055
[2026.08.24-20.15.41:210][  0]LogPakFile: PakFile PrimaryIndexSize=187
[2026.08.24-20.15.41:210][  0]LogPakFile: PakFile PathHashIndexSize=101
[2026.08.24-20.15.41:210][  0]LogPakFile: PakFile FullDirectoryIndexSize=148
[2026.08.24-20.15.41:210][  0]LogShaderLibrary: Display: ShaderCodeLibraryPakFileMountedCallback: PakFile 'C:/Program Files/Epic Games/UE_4.27/FeaturePacks/TP_TwinStickBP.upack' (chunk index -1, root 'root:/') mounted
[2026.08.24-20.15.41:210][  0]LogShaderLibrary: Display: ShaderCodeLibraryPakFileMountedCallback: pending pak file info (ChunkID:-1 Root:root:/ File:C:/Program Files/Epic Games/UE_4.27/FeaturePacks/TP_TwinStickBP.upack)
[2026.08.24-20.15.41:210][  0]LogPakFile: OnPakFileMounted2Time == 0.000054
[2026.08.24-20.15.41:210][  0]LogPakFile: PakFile PrimaryIndexSize=183
[2026.08.24-20.15.41:210][  0]LogPakFile: PakFile PathHashIndexSize=101
[2026.08.24-20.15.41:210][  0]LogPakFile: PakFile FullDirectoryIndexSize=140
[2026.08.24-20.15.41:210][  0]LogShaderLibrary: Display: ShaderCodeLibraryPakFileMountedCallback: PakFile 'C:/Program Files/Epic Games/UE_4.27/FeaturePacks/TP_Vehicle.upack' (chunk index -1, root 'root:/') mounted
[2026.08.24-20.15.41:210][  0]LogShaderLibrary: Display: ShaderCodeLibraryPakFileMountedCallback: pending pak file info (ChunkID:-1 Root:root:/ File:C:/Program Files/Epic Games/UE_4.27/FeaturePacks/TP_Vehicle.upack)
[2026.08.24-20.15.41:210][  0]LogPakFile: OnPakFileMounted2Time == 0.000056
[2026.08.24-20.15.41:212][  0]LogPakFile: PakFile PrimaryIndexSize=186
[2026.08.24-20.15.41:212][  0]LogPakFile: PakFile PathHashIndexSize=101
[2026.08.24-20.15.41:212][  0]LogPakFile: PakFile FullDirectoryIndexSize=146
[2026.08.24-20.15.41:212][  0]LogShaderLibrary: Display: ShaderCodeLibraryPakFileMountedCallback: PakFile 'C:/Program Files/Epic Games/UE_4.27/FeaturePacks/TP_VehicleAdv.upack' (chunk index -1, root 'root:/') mounted
[2026.08.24-20.15.41:212][  0]LogShaderLibrary: Display: ShaderCodeLibraryPakFileMountedCallback: pending pak file info (ChunkID:-1 Root:root:/ File:C:/Program Files/Epic Games/UE_4.27/FeaturePacks/TP_VehicleAdv.upack)
[2026.08.24-20.15.41:212][  0]LogPakFile: OnPakFileMounted2Time == 0.000062
[2026.08.24-20.15.41:212][  0]LogPakFile: PakFile PrimaryIndexSize=188
[2026.08.24-20.15.41:212][  0]LogPakFile: PakFile PathHashIndexSize=101
[2026.08.24-20.15.41:212][  0]LogPakFile: PakFile FullDirectoryIndexSize=150
[2026.08.24-20.15.41:212][  0]LogShaderLibrary: Display: ShaderCodeLibraryPakFileMountedCallback: PakFile 'C:/Program Files/Epic Games/UE_4.27/FeaturePacks/TP_VehicleAdvBP.upack' (chunk index -1, root 'root:/') mounted
[2026.08.24-20.15.41:212][  0]LogShaderLibrary: Display: ShaderCodeLibraryPakFileMountedCallback: pending pak file info (ChunkID:-1 Root:root:/ File:C:/Program Files/Epic Games/UE_4.27/FeaturePacks/TP_VehicleAdvBP.upack)
[2026.08.24-20.15.41:212][  0]LogPakFile: OnPakFileMounted2Time == 0.000054
[2026.08.24-20.15.41:213][  0]LogPakFile: PakFile PrimaryIndexSize=185
[2026.08.24-20.15.41:213][  0]LogPakFile: PakFile PathHashIndexSize=101
[2026.08.24-20.15.41:213][  0]LogPakFile: PakFile FullDirectoryIndexSize=144
[2026.08.24-20.15.41:213][  0]LogShaderLibrary: Display: ShaderCodeLibraryPakFileMountedCallback: PakFile 'C:/Program Files/Epic Games/UE_4.27/FeaturePacks/TP_VehicleBP.upack' (chunk index -1, root 'root:/') mounted
[2026.08.24-20.15.41:213][  0]LogShaderLibrary: Display: ShaderCodeLibraryPakFileMountedCallback: pending pak file info (ChunkID:-1 Root:root:/ File:C:/Program Files/Epic Games/UE_4.27/FeaturePacks/TP_VehicleBP.upack)
[2026.08.24-20.15.41:213][  0]LogPakFile: OnPakFileMounted2Time == 0.000052
[2026.08.24-20.15.41:213][  0]LogPakFile: PakFile PrimaryIndexSize=192
[2026.08.24-20.15.41:213][  0]LogPakFile: PakFile PathHashIndexSize=101
[2026.08.24-20.15.41:213][  0]LogPakFile: PakFile FullDirectoryIndexSize=158
[2026.08.24-20.15.41:213][  0]LogShaderLibrary: Display: ShaderCodeLibraryPakFileMountedCallback: PakFile 'C:/Program Files/Epic Games/UE_4.27/FeaturePacks/TP_VirtualRealityBP.upack' (chunk index -1, root 'root:/') mounted
[2026.08.24-20.15.41:215][  0]LogShaderLibrary: Display: ShaderCodeLibraryPakFileMountedCallback: pending pak file info (ChunkID:-1 Root:root:/ File:C:/Program Files/Epic Games/UE_4.27/FeaturePacks/TP_VirtualRealityBP.upack)
[2026.08.24-20.15.41:215][  0]LogPakFile: OnPakFileMounted2Time == 0.000061
[2026.08.24-20.15.41:299][  0]LogNativeClassHierarchy: Verbose: Native class hierarchy updated for 'AddContentDialog' in 0.0005 seconds. Added 0 classes and 0 folders.
[2026.08.24-20.15.41:340][  0]LogSlate: Took 0.000227 seconds to synchronously load lazily loaded font '../../../Engine/Content/Slate/Fonts/Roboto-Regular.ttf' (155K)
[2026.08.24-20.15.41:343][  0]LogSlate: Took 0.000290 seconds to synchronously load lazily loaded font '../../../Engine/Content/Editor/Slate/Fonts/FontAwesome.ttf' (139K)
[2026.08.24-20.15.41:343][  0]LogSlate: Took 0.000160 seconds to synchronously load lazily loaded font '../../../Engine/Content/Slate/Fonts/Roboto-Bold.ttf' (160K)
[2026.08.24-20.15.41:404][  0]LogRenderer: Reallocating scene render targets to support 1180x840 Format 10 NumSamples 1 (Frame:1).
[2026.08.24-20.15.41:526][  0]LogNativeClassHierarchy: Verbose: Native class hierarchy updated for 'HierarchicalLODOutliner' in 0.0003 seconds. Added 0 classes and 0 folders.
[2026.08.24-20.15.41:527][  0]LogLoad: (Engine Initialization) Total time: 7.47 seconds
[2026.08.24-20.15.41:527][  0]LogLoad: (Engine Initialization) Total Blueprint compile time: 0.00 seconds
[2026.08.24-20.15.41:589][  0]LogAssetRegistry: Asset discovery search completed in 4.8807 seconds
[2026.08.24-20.15.41:595][  0]LogCollectionManager: Fixed up redirectors for 0 collections in 0.000005 seconds (updated 0 objects)
[2026.08.24-20.15.41:597][  0]LogContentStreaming: Texture pool size now 1000 MB
[2026.08.24-20.15.42:881][  4]LogSlate: Took 0.000236 seconds to synchronously load lazily loaded font '../../../Engine/Content/Slate/Fonts/Roboto-Light.ttf' (167K)
[2026.08.24-20.16.05:463][622]LogAssetEditorSubsystem: Opening Asset editor for Blueprint /Game/Brackeys2026/Levels/BrackeysGameMode.BrackeysGameMode
[2026.08.24-20.16.05:604][622]LogNativeClassHierarchy: Verbose: Native class hierarchy updated for 'BlueprintGraph' in 0.0007 seconds. Added 126 classes and 0 folders.
[2026.08.24-20.16.06:146][622]LogAssetEditorSubsystem: Opening Asset editor for Blueprint /Game/Brackeys2026/Characters/Player/BP_Player.BP_Player
[2026.08.24-20.16.06:395][622]LogAssetEditorSubsystem: Opening Asset editor for Blueprint /Game/Brackeys2026/Characters/Player/BP_PlayerController.BP_PlayerController
[2026.08.24-20.16.06:613][622]LogAssetEditorSubsystem: Opening Asset editor for Blueprint /Game/Brackeys2026/Interfaces/BPI_Action.BPI_Action
[2026.08.24-20.16.06:847][622]LogAssetEditorSubsystem: Opening Asset editor for Blueprint /Game/Brackeys2026/Characters/Opponent/BP_Opponent.BP_Opponent
[2026.08.24-20.16.07:095][622]LogAssetEditorSubsystem: Opening Asset editor for Blueprint /Game/Brackeys2026/Objects/CoinGun/BP_Revolver.BP_Revolver
[2026.08.24-20.16.07:345][622]LogAssetEditorSubsystem: Opening Asset editor for Blueprint /Game/Brackeys2026/Objects/Phone/BP_Phone.BP_Phone
[2026.08.24-20.16.07:596][622]LogAssetEditorSubsystem: Opening Asset editor for StaticMesh /Game/Brackeys2026/Objects/CoinGun/Revolver.Revolver
[2026.08.24-20.16.07:621][622]LogTexture: Default maximum texture size for cubemaps generated from long-lat sources has been changed from 512 to unlimited. In order to preserve old behaiour for '/Engine/EditorMaterials/AssetViewer/EpicQuadPanorama_CC+EV1.EpicQuadPanorama_CC+EV1', its maximum texture size has been explicitly set to 512.
[2026.08.24-20.16.07:673][622]LogTexture: Default maximum texture size for cubemaps generated from long-lat sources has been changed from 512 to unlimited. In order to preserve old behaiour for '/Engine/MapTemplates/Sky/SunsetAmbientCubemap.SunsetAmbientCubemap', its maximum texture size has been explicitly set to 512.
[2026.08.24-20.16.09:277][720]LogSlate: Took 0.000188 seconds to synchronously load lazily loaded font '../../../Engine/Content/Slate/Fonts/Roboto-BoldCondensed.ttf' (158K)
[2026.08.24-20.16.10:318][811]LogSlate: Took 0.000278 seconds to synchronously load lazily loaded font '../../../Engine/Content/Slate/Fonts/Roboto-Italic.ttf' (157K)
[2026.08.24-20.16.16:153][367]LogSlate: Window 'Revolver' being destroyed
[2026.08.24-20.16.16:162][367]LogWorld: UWorld::CleanupWorld for World_8, bSessionEnded=true, bCleanupResources=true
[2026.08.24-20.16.16:162][367]LogSlate: InvalidateAllWidgets triggered.  All widgets were invalidated
[2026.08.24-20.16.20:686][886]LogSlate: Took 0.000187 seconds to synchronously load lazily loaded font '../../../Engine/Content/Slate/Fonts/Roboto-Light.ttf' (167K)
[2026.08.24-20.16.24:643][336]LogContentBrowser: Deferred new asset folder creation: NewFolder
[2026.08.24-20.16.24:667][336]LogContentBrowser: Creating deferred item: NewFolder
[2026.08.24-20.16.29:198][879]LogContentBrowser: Attempting asset rename: NewFolder -> Old_Revolver
[2026.08.24-20.16.29:202][879]LogContentBrowser: End creating deferred item NewFolder
[2026.08.24-20.16.34:231][268]LogSavePackage: Moving 'E:/_Alex's Data/Unreal Engine/Unreal Projects/Brackeys2026/Brackeys-2026/BrackeysJam2026/Saved/DefaultMaterial_BaseColor0B4ECD06445A7322AE60DF923171CC94.tmp' to 'E:/_Alex's Data/Unreal Engine/Unreal Projects/Brackeys2026/Brackeys-2026/BrackeysJam2026/Content/Brackeys2026/Objects/CoinGun/Old_Revolver/DefaultMaterial_BaseColor.uasset'
[2026.08.24-20.16.34:352][268]LogSavePackage: Moving 'E:/_Alex's Data/Unreal Engine/Unreal Projects/Brackeys2026/Brackeys-2026/BrackeysJam2026/Saved/DefaultMaterial_NormalDD0BB2CF4B4BE188B0D8D9B12C825F14.tmp' to 'E:/_Alex's Data/Unreal Engine/Unreal Projects/Brackeys2026/Brackeys-2026/BrackeysJam2026/Content/Brackeys2026/Objects/CoinGun/Old_Revolver/DefaultMaterial_Normal.uasset'
[2026.08.24-20.16.35:069][268]LogSavePackage: Moving 'E:/_Alex's Data/Unreal Engine/Unreal Projects/Brackeys2026/Brackeys-2026/BrackeysJam2026/Saved/DefaultMaterial_Roughness52F361614691649C8A9AE7881A98E92F.tmp' to 'E:/_Alex's Data/Unreal Engine/Unreal Projects/Brackeys2026/Brackeys-2026/BrackeysJam2026/Content/Brackeys2026/Objects/CoinGun/Old_Revolver/DefaultMaterial_Roughness.uasset'
[2026.08.24-20.16.35:089][268]LogSavePackage: Moving 'E:/_Alex's Data/Unreal Engine/Unreal Projects/Brackeys2026/Brackeys-2026/BrackeysJam2026/Saved/Material_003667E3EFD40776E8736B0F59AEF920146.tmp' to 'E:/_Alex's Data/Unreal Engine/Unreal Projects/Brackeys2026/Brackeys-2026/BrackeysJam2026/Content/Brackeys2026/Objects/CoinGun/Old_Revolver/Material_003.uasset'
[2026.08.24-20.16.35:280][268]LogSavePackage: Moving 'E:/_Alex's Data/Unreal Engine/Unreal Projects/Brackeys2026/Brackeys-2026/BrackeysJam2026/Saved/RevolverD68479CC491E0DAF480F76A743BDABB5.tmp' to 'E:/_Alex's Data/Unreal Engine/Unreal Projects/Brackeys2026/Brackeys-2026/BrackeysJam2026/Content/Brackeys2026/Objects/CoinGun/Old_Revolver/Revolver.uasset'
[2026.08.24-20.16.35:453][268]LogUObjectHash: Compacting FUObjectHashTables data took   2.94ms
[2026.08.24-20.16.35:486][268]LogUObjectHash: Compacting FUObjectHashTables data took   1.92ms
[2026.08.24-20.16.35:512][268]LogUObjectHash: Compacting FUObjectHashTables data took   0.40ms
[2026.08.24-20.16.35:539][268]LogUObjectHash: Compacting FUObjectHashTables data took   0.49ms
[2026.08.24-20.16.35:566][268]LogUObjectHash: Compacting FUObjectHashTables data took   0.53ms
[2026.08.24-20.16.35:595][268]LogUObjectHash: Compacting FUObjectHashTables data took   1.22ms
[2026.08.24-20.16.35:622][268]LogUObjectHash: Compacting FUObjectHashTables data took   0.53ms
[2026.08.24-20.16.35:694][268]LogSavePackage: Moving 'E:/_Alex's Data/Unreal Engine/Unreal Projects/Brackeys2026/Brackeys-2026/BrackeysJam2026/Saved/BP_Revolver955FD4754AD6AD835FAA7FAEDC3993E5.tmp' to 'E:/_Alex's Data/Unreal Engine/Unreal Projects/Brackeys2026/Brackeys-2026/BrackeysJam2026/Content/Brackeys2026/Objects/CoinGun/BP_Revolver.uasset'
[2026.08.24-20.16.35:759][268]AssetCheck: New page: Asset Save: multiple assets
[2026.08.24-20.16.35:759][268]LogContentValidation: Display: Validating Blueprint /Game/Brackeys2026/Objects/CoinGun/BP_Revolver.BP_Revolver
[2026.08.24-20.16.35:759][268]LogContentValidation: Display: Validating Texture2D /Game/Brackeys2026/Objects/CoinGun/Old_Revolver/DefaultMaterial_BaseColor.DefaultMaterial_BaseColor
[2026.08.24-20.16.35:759][268]LogContentValidation: Display: Validating Texture2D /Game/Brackeys2026/Objects/CoinGun/Old_Revolver/DefaultMaterial_Normal.DefaultMaterial_Normal
[2026.08.24-20.16.35:759][268]LogContentValidation: Display: Validating Texture2D /Game/Brackeys2026/Objects/CoinGun/Old_Revolver/DefaultMaterial_Roughness.DefaultMaterial_Roughness
[2026.08.24-20.16.35:759][268]LogContentValidation: Display: Validating Material /Game/Brackeys2026/Objects/CoinGun/Old_Revolver/Material_003.Material_003
[2026.08.24-20.16.35:759][268]LogContentValidation: Display: Validating StaticMesh /Game/Brackeys2026/Objects/CoinGun/Old_Revolver/Revolver.Revolver
[2026.08.24-20.18.22:857][ 94]LogFactory: FactoryCreateFile: StaticMesh with FbxFactory (0 0 ../../../../../../Users/Alex T/Downloads/Revolver_separated.fbx)
[2026.08.24-20.18.22:940][ 94]LogFbx: Loading FBX Scene from ../../../../../../Users/Alex T/Downloads/Revolver_separated.fbx
[2026.08.24-20.18.22:979][ 94]LogFbx: FBX Scene Loaded Succesfully
[2026.08.24-20.18.24:453][ 94]LogSlate: Window 'FBX Import Options' being destroyed
[2026.08.24-20.18.25:651][ 94]LogTexture: Display: Building textures: DefaultMaterial_BaseColor (OODLE_AutoDXT, 4096X4096)
[2026.08.24-20.18.26:034][ 94]LogTextureFormatOodle: Display: non-RDO encode 2048 x 2048 x 1 to format OODLE_AutoDXT (Oodle OodleTex_BC1_WithTransparency) lambda=0 effort=20 
[2026.08.24-20.18.26:034][ 94]LogTextureFormatOodle: Display: non-RDO encode 1024 x 1024 x 1 to format OODLE_AutoDXT (Oodle OodleTex_BC1_WithTransparency) lambda=0 effort=20 
[2026.08.24-20.18.26:034][ 94]LogTextureFormatOodle: Display: non-RDO encode 4096 x 4096 x 1 to format OODLE_AutoDXT (Oodle OodleTex_BC1_WithTransparency) lambda=0 effort=20 
[2026.08.24-20.18.26:331][ 94]LogTexture: Display: Building textures: DefaultMaterial_Roughness (OODLE_AutoDXT, 4096X4096)
[2026.08.24-20.18.26:871][ 94]LogTextureFormatOodle: Display: non-RDO encode 2048 x 2048 x 1 to format OODLE_AutoDXT (Oodle OodleTex_BC1_WithTransparency) lambda=0 effort=20 
[2026.08.24-20.18.26:871][ 94]LogTextureFormatOodle: Display: non-RDO encode 4096 x 4096 x 1 to format OODLE_AutoDXT (Oodle OodleTex_BC1_WithTransparency) lambda=0 effort=20 
[2026.08.24-20.18.26:871][ 94]LogTextureFormatOodle: Display: non-RDO encode 1024 x 1024 x 1 to format OODLE_AutoDXT (Oodle OodleTex_BC1_WithTransparency) lambda=0 effort=20 
[2026.08.24-20.18.27:137][ 94]LogTexture: Display: Building textures: DefaultMaterial_Normal (OODLE_BC5, 4096X4096)
[2026.08.24-20.18.27:291][ 94]LogTextureFormatOodle: Display: non-RDO encode 4096 x 4096 x 1 to format OODLE_BC5 (Oodle OodleTex_BC5U) lambda=0 effort=20 
[2026.08.24-20.18.27:291][ 94]LogTextureFormatOodle: Display: non-RDO encode 2048 x 2048 x 1 to format OODLE_BC5 (Oodle OodleTex_BC5U) lambda=0 effort=20 
[2026.08.24-20.18.27:291][ 94]LogTextureFormatOodle: Display: non-RDO encode 1024 x 1024 x 1 to format OODLE_BC5 (Oodle OodleTex_BC5U) lambda=0 effort=20 
[2026.08.24-20.18.27:314][ 94]LogMaterial: Display: Missing cached shadermap for Material_003 in PCD3D_SM5, Default, SM5 (DDC key hash: 004733E2CF44DEE00340592D57E16AD47C740B90), compiling. 
[2026.08.24-20.18.27:315][ 94]LogFbx: Display: Triangulating static mesh Revolver
[2026.08.24-20.18.27:495][ 94]LogStaticMesh: Building static mesh Revolver_separated_Revolver...
[2026.08.24-20.18.27:573][ 94]LogStaticMesh: Built static mesh [0.08s] /Game/Brackeys2026/Objects/CoinGun/Revolver_separated_Revolver.Revolver_separated_Revolver
[2026.08.24-20.18.27:608][ 94]LogFbx: Display: Triangulating static mesh Revolver.002
[2026.08.24-20.18.27:616][ 94]LogStaticMesh: Building static mesh Revolver_separated_Revolver_002...
[2026.08.24-20.18.27:620][ 94]LogStaticMesh: Built static mesh [0.00s] /Game/Brackeys2026/Objects/CoinGun/Revolver_separated_Revolver_002.Revolver_separated_Revolver_002
[2026.08.24-20.18.27:627][ 94]LogFbx: Display: Triangulating static mesh Revolver.003
[2026.08.24-20.18.27:633][ 94]LogStaticMesh: Building static mesh Revolver_separated_Revolver_003...
[2026.08.24-20.18.27:635][ 94]LogStaticMesh: Built static mesh [0.00s] /Game/Brackeys2026/Objects/CoinGun/Revolver_separated_Revolver_003.Revolver_separated_Revolver_003
[2026.08.24-20.18.27:640][ 94]LogFbx: Display: Triangulating static mesh Revolver.004
[2026.08.24-20.18.27:676][ 94]LogStaticMesh: Building static mesh Revolver_separated_Revolver_004...
[2026.08.24-20.18.27:695][ 94]LogStaticMesh: Built static mesh [0.02s] /Game/Brackeys2026/Objects/CoinGun/Revolver_separated_Revolver_004.Revolver_separated_Revolver_004
[2026.08.24-20.18.27:715][ 94]FBXImport: Error: No polygon were found on mesh  'Plane.008' 
[2026.08.24-20.18.27:838][ 94]LogSlate: Took 0.000144 seconds to synchronously load lazily loaded font '../../../Engine/Content/Slate/Fonts/DroidSansMono.ttf' (77K)
[2026.08.24-20.18.27:873][ 99]LogShaderCompilers: Display: Submitted 2 shader compile jobs with 'ForceLocal' priority
[2026.08.24-20.18.27:877][ 99]LogShaderCompilers: Display: Worker (1/13): shaders left to compile 2
[2026.08.24-20.18.27:877][ 99]LogShaderCompilers: Display: Worker (2/13): shaders left to compile 1
[2026.08.24-20.18.27:877][ 99]LogShaderCompilers: Display: Started 2 'Local' shader compile jobs with 'ForceLocal' priority
[2026.08.24-20.18.27:893][ 99]LogShaderCompilers: Display: Submitted 14 shader compile jobs with 'Normal' priority
[2026.08.24-20.18.27:911][ 99]LogShaderCompilers: Display: Worker (3/13): shaders left to compile 14
[2026.08.24-20.18.27:911][ 99]LogShaderCompilers: Display: Worker (4/13): shaders left to compile 12
[2026.08.24-20.18.27:911][ 99]LogShaderCompilers: Display: Worker (5/13): shaders left to compile 10
[2026.08.24-20.18.27:911][ 99]LogShaderCompilers: Display: Worker (6/13): shaders left to compile 8
[2026.08.24-20.18.27:911][ 99]LogShaderCompilers: Display: Worker (7/13): shaders left to compile 6
[2026.08.24-20.18.27:911][ 99]LogShaderCompilers: Display: Worker (8/13): shaders left to compile 4
[2026.08.24-20.18.27:911][ 99]LogShaderCompilers: Display: Worker (9/13): shaders left to compile 2
[2026.08.24-20.18.27:911][ 99]LogShaderCompilers: Display: Started 14 'Local' shader compile jobs with 'Normal' priority
[2026.08.24-20.18.29:734][283]LogSlate: Window 'Message Log' being destroyed
[2026.08.24-20.18.29:738][283]LogSlate: Window 'Message Log' being destroyed
[2026.08.24-20.18.33:219][593]LogAssetEditorSubsystem: Opening Asset editor for StaticMesh /Game/Brackeys2026/Objects/CoinGun/Revolver_separated_Revolver_004.Revolver_separated_Revolver_004
[2026.08.24-20.18.33:447][594]LogRenderer: Reallocating scene render targets to support 1432x912 Format 10 NumSamples 1 (Frame:1).
[2026.08.24-20.18.37:232][958]LogAssetEditorSubsystem: Opening Asset editor for StaticMesh /Game/Brackeys2026/Objects/CoinGun/Revolver_separated_Revolver_002.Revolver_separated_Revolver_002
[2026.08.24-20.18.39:467][103]LogAssetEditorSubsystem: Opening Asset editor for StaticMesh /Game/Brackeys2026/Objects/CoinGun/Revolver_separated_Revolver_003.Revolver_separated_Revolver_003
[2026.08.24-20.19.28:598][777]LogSlate: Window 'Delete Component' being destroyed
[2026.08.24-20.22.09:132][ 96]BlueprintLog: New page: Compile BP_Revolver
[2026.08.24-20.22.09:199][ 96]LogUObjectHash: Compacting FUObjectHashTables data took   2.46ms
[2026.08.24-20.22.10:164][118]LogSavePackage: Moving 'E:/_Alex's Data/Unreal Engine/Unreal Projects/Brackeys2026/Brackeys-2026/BrackeysJam2026/Saved/BP_RevolverE17595AF4CBBA0465456AB924BE36482.tmp' to 'E:/_Alex's Data/Unreal Engine/Unreal Projects/Brackeys2026/Brackeys-2026/BrackeysJam2026/Content/Brackeys2026/Objects/CoinGun/BP_Revolver.uasset'
[2026.08.24-20.22.10:188][118]AssetCheck: New page: Asset Save: BP_Revolver
[2026.08.24-20.22.10:188][118]LogContentValidation: Display: Validating Blueprint /Game/Brackeys2026/Objects/CoinGun/BP_Revolver.BP_Revolver
[2026.08.24-20.22.15:738][422]LogTemp: Repeating last play command: Selected Viewport
[2026.08.24-20.22.15:748][422]LogPlayLevel: PlayLevel: No blueprints needed recompiling
[2026.08.24-20.22.15:748][422]PIE: New page: PIE session: Brackeys2026Map (Aug 24, 2026, 6:22:15 AM)
[2026.08.24-20.22.15:749][422]LogOnline: OSS: Creating online subsystem instance for: NULL
[2026.08.24-20.22.15:751][422]LogOnline: OSS: TryLoadSubsystemAndSetDefault: Loaded subsystem for module [NULL]
[2026.08.24-20.22.15:751][422]LogPlayLevel: Creating play world package: /Game/Brackeys2026/Levels/UEDPIE_0_Brackeys2026Map
[2026.08.24-20.22.15:753][422]LogPlayLevel: PIE: StaticDuplicateObject took: (0.002303s)
[2026.08.24-20.22.15:754][422]LogAIModule: Creating AISystem for world Brackeys2026Map
[2026.08.24-20.22.15:754][422]LogPlayLevel: PIE: World Init took: (0.000874s)
[2026.08.24-20.22.15:754][422]LogPlayLevel: PIE: Created PIE world by copying editor world from /Game/Brackeys2026/Levels/Brackeys2026Map.Brackeys2026Map to /Game/Brackeys2026/Levels/UEDPIE_0_Brackeys2026Map.Brackeys2026Map (0.003290s)
[2026.08.24-20.22.15:786][422]LogUObjectHash: Compacting FUObjectHashTables data took   2.13ms
[2026.08.24-20.22.15:788][422]LogAudio: Display: Creating Audio Device:                 Id: 2, Scope: Unique, Realtime: True
[2026.08.24-20.22.15:788][422]LogAudioMixer: Display: Audio Mixer Platform Settings:
[2026.08.24-20.22.15:788][422]LogAudioMixer: Display: 	Sample Rate:						  48000
[2026.08.24-20.22.15:788][422]LogAudioMixer: Display: 	Callback Buffer Frame Size Requested: 1024
[2026.08.24-20.22.15:788][422]LogAudioMixer: Display: 	Callback Buffer Frame Size To Use:	  1024
[2026.08.24-20.22.15:788][422]LogAudioMixer: Display: 	Number of buffers to queue:			  2
[2026.08.24-20.22.15:788][422]LogAudioMixer: Display: 	Max Channels (voices):				  32
[2026.08.24-20.22.15:788][422]LogAudioMixer: Display: 	Number of Async Source Workers:		  0
[2026.08.24-20.22.15:788][422]LogAudio: Display: AudioDevice MaxSources: 32
[2026.08.24-20.22.15:789][422]LogAudio: Display: Audio Spatialization Plugin: None (built-in).
[2026.08.24-20.22.15:789][422]LogAudio: Display: Audio Reverb Plugin: None (built-in).
[2026.08.24-20.22.15:789][422]LogAudio: Display: Audio Occlusion Plugin: None (built-in).
[2026.08.24-20.22.15:789][422]LogAudioMixer: Display: Initializing audio mixer.
[2026.08.24-20.22.15:793][422]LogAudioMixer: Display: 0: FrontLeft
[2026.08.24-20.22.15:793][422]LogAudioMixer: Display: 1: FrontRight
[2026.08.24-20.22.15:809][422]LogAudioMixer: Display: Using Audio Device Realtek HD Audio 2nd output (Realtek(R) Audio)
[2026.08.24-20.22.15:809][422]LogAudioMixer: Display: Initializing Sound Submixes...
[2026.08.24-20.22.15:809][422]LogAudioMixer: Display: Creating Master Submix 'MasterSubmixDefault'
[2026.08.24-20.22.15:809][422]LogAudioMixer: Display: Creating Master Submix 'MasterReverbSubmixDefault'
[2026.08.24-20.22.15:809][422]LogAudioMixer: Display: Creating Master Submix 'MasterEQSubmixDefault'
[2026.08.24-20.22.15:809][422]LogAudioMixer: FMixerPlatformXAudio2::StartAudioStream() called
[2026.08.24-20.22.15:809][422]LogAudioMixer: Display: Output buffers initialized: Frames=1024, Channels=2, Samples=2048
[2026.08.24-20.22.15:810][422]LogAudioMixer: Display: Starting AudioMixerPlatformInterface::RunInternal()
[2026.08.24-20.22.15:810][422]LogAudioMixer: Display: FMixerPlatformXAudio2::SubmitBuffer() called for the first time
[2026.08.24-20.22.15:810][422]LogInit: FAudioDevice initialized.
[2026.08.24-20.22.15:810][422]LogAudio: Display: Audio Device (ID: 2) registered with world 'Brackeys2026Map'.
[2026.08.24-20.22.15:846][422]LogSlate: Updating window title bar state: overlay mode, drag disabled, window buttons hidden, title bar hidden
[2026.08.24-20.22.15:846][422]LogLoad: Game class is 'BrackeysGameMode_C'
[2026.08.24-20.22.15:847][422]LogWorld: Bringing World /Game/Brackeys2026/Levels/UEDPIE_0_Brackeys2026Map.Brackeys2026Map up for play (max tick rate 0) at 2026.08.24-13.22.15
[2026.08.24-20.22.15:847][422]LogWorld: Bringing up level for play took: 0.000689
[2026.08.24-20.22.15:847][422]LogOnline: OSS: Creating online subsystem instance for: :Context_15
[2026.08.24-20.22.15:851][422]LogNativeClassHierarchy: Verbose: Native class hierarchy updated for 'MovieSceneCapture' in 0.0003 seconds. Added 20 classes and 0 folders.
[2026.08.24-20.22.15:853][422]PIE: Server logged in
[2026.08.24-20.22.15:854][422]PIE: Play in editor total start time 0.11 seconds.
[2026.08.24-20.22.17:760][616]LogSlate: Updating window title bar state: overlay mode, drag disabled, window buttons hidden, title bar hidden
[2026.08.24-20.22.17:760][616]LogWorld: BeginTearingDown for /Game/Brackeys2026/Levels/UEDPIE_0_Brackeys2026Map
[2026.08.24-20.22.17:760][616]LogSlate: Window 'BrackeysJam2026 Preview [NetMode: Standalone]  (64-bit/Windows) ' being destroyed
[2026.08.24-20.22.17:766][616]LogWorld: UWorld::CleanupWorld for Brackeys2026Map, bSessionEnded=true, bCleanupResources=true
[2026.08.24-20.22.17:766][616]LogSlate: InvalidateAllWidgets triggered.  All widgets were invalidated
[2026.08.24-20.22.17:778][616]LogPlayLevel: Display: Shutting down PIE online subsystems
[2026.08.24-20.22.17:783][616]LogSlate: InvalidateAllWidgets triggered.  All widgets were invalidated
[2026.08.24-20.22.17:809][616]LogAudioMixer: FMixerPlatformXAudio2::StopAudioStream() called
[2026.08.24-20.22.17:811][616]LogAudioMixer: FMixerPlatformXAudio2::StopAudioStream() called
[2026.08.24-20.22.17:852][616]LogUObjectHash: Compacting FUObjectHashTables data took   2.50ms
[2026.08.24-20.22.17:866][617]LogPlayLevel: Display: Destroying online subsystem :Context_15
[2026.08.24-20.22.22:607][795]LogSlate: Window 'Delete Component' being destroyed
[2026.08.24-20.22.35:954][700]BlueprintLog: New page: Compile BP_Revolver
[2026.08.24-20.22.36:033][700]LogUObjectHash: Compacting FUObjectHashTables data took   2.51ms
[2026.08.24-20.22.36:482][719]LogSavePackage: Moving 'E:/_Alex's Data/Unreal Engine/Unreal Projects/Brackeys2026/Brackeys-2026/BrackeysJam2026/Saved/BP_Revolver8E9516FD41FEF523A3F1B08FBFF180F2.tmp' to 'E:/_Alex's Data/Unreal Engine/Unreal Projects/Brackeys2026/Brackeys-2026/BrackeysJam2026/Content/Brackeys2026/Objects/CoinGun/BP_Revolver.uasset'
[2026.08.24-20.22.36:502][719]AssetCheck: New page: Asset Save: BP_Revolver
[2026.08.24-20.22.36:502][719]LogContentValidation: Display: Validating Blueprint /Game/Brackeys2026/Objects/CoinGun/BP_Revolver.BP_Revolver
[2026.08.24-20.22.37:072][755]LogTemp: Repeating last play command: Selected Viewport
[2026.08.24-20.22.37:080][755]LogPlayLevel: PlayLevel: No blueprints needed recompiling
[2026.08.24-20.22.37:080][755]PIE: New page: PIE session: Brackeys2026Map (Aug 24, 2026, 6:22:37 AM)
[2026.08.24-20.22.37:080][755]LogPlayLevel: Creating play world package: /Game/Brackeys2026/Levels/UEDPIE_0_Brackeys2026Map
[2026.08.24-20.22.37:084][755]LogPlayLevel: PIE: StaticDuplicateObject took: (0.002421s)
[2026.08.24-20.22.37:084][755]LogAIModule: Creating AISystem for world Brackeys2026Map
[2026.08.24-20.22.37:085][755]LogPlayLevel: PIE: World Init took: (0.001231s)
[2026.08.24-20.22.37:085][755]LogPlayLevel: PIE: Created PIE world by copying editor world from /Game/Brackeys2026/Levels/Brackeys2026Map.Brackeys2026Map to /Game/Brackeys2026/Levels/UEDPIE_0_Brackeys2026Map.Brackeys2026Map (0.003797s)
[2026.08.24-20.22.37:114][755]LogUObjectHash: Compacting FUObjectHashTables data took   2.02ms
[2026.08.24-20.22.37:114][755]LogAudio: Display: Creating Audio Device:                 Id: 3, Scope: Unique, Realtime: True
[2026.08.24-20.22.37:114][755]LogAudioMixer: Display: Audio Mixer Platform Settings:
[2026.08.24-20.22.37:114][755]LogAudioMixer: Display: 	Sample Rate:						  48000
[2026.08.24-20.22.37:114][755]LogAudioMixer: Display: 	Callback Buffer Frame Size Requested: 1024
[2026.08.24-20.22.37:114][755]LogAudioMixer: Display: 	Callback Buffer Frame Size To Use:	  1024
[2026.08.24-20.22.37:114][755]LogAudioMixer: Display: 	Number of buffers to queue:			  2
[2026.08.24-20.22.37:114][755]LogAudioMixer: Display: 	Max Channels (voices):				  32
[2026.08.24-20.22.37:114][755]LogAudioMixer: Display: 	Number of Async Source Workers:		  0
[2026.08.24-20.22.37:114][755]LogAudio: Display: AudioDevice MaxSources: 32
[2026.08.24-20.22.37:116][755]LogAudio: Display: Audio Spatialization Plugin: None (built-in).
[2026.08.24-20.22.37:116][755]LogAudio: Display: Audio Reverb Plugin: None (built-in).
[2026.08.24-20.22.37:116][755]LogAudio: Display: Audio Occlusion Plugin: None (built-in).
[2026.08.24-20.22.37:116][755]LogAudioMixer: Display: Initializing audio mixer.
[2026.08.24-20.22.37:120][755]LogAudioMixer: Display: 0: FrontLeft
[2026.08.24-20.22.37:120][755]LogAudioMixer: Display: 1: FrontRight
[2026.08.24-20.22.37:131][755]LogAudioMixer: Display: Using Audio Device Realtek HD Audio 2nd output (Realtek(R) Audio)
[2026.08.24-20.22.37:132][755]LogAudioMixer: Display: Initializing Sound Submixes...
[2026.08.24-20.22.37:132][755]LogAudioMixer: Display: Creating Master Submix 'MasterSubmixDefault'
[2026.08.24-20.22.37:132][755]LogAudioMixer: Display: Creating Master Submix 'MasterReverbSubmixDefault'
[2026.08.24-20.22.37:132][755]LogAudioMixer: Display: Creating Master Submix 'MasterEQSubmixDefault'
[2026.08.24-20.22.37:132][755]LogAudioMixer: FMixerPlatformXAudio2::StartAudioStream() called
[2026.08.24-20.22.37:132][755]LogAudioMixer: Display: Output buffers initialized: Frames=1024, Channels=2, Samples=2048
[2026.08.24-20.22.37:133][755]LogAudioMixer: Display: Starting AudioMixerPlatformInterface::RunInternal()
[2026.08.24-20.22.37:133][755]LogAudioMixer: Display: FMixerPlatformXAudio2::SubmitBuffer() called for the first time
[2026.08.24-20.22.37:133][755]LogInit: FAudioDevice initialized.
[2026.08.24-20.22.37:133][755]LogAudio: Display: Audio Device (ID: 3) registered with world 'Brackeys2026Map'.
[2026.08.24-20.22.37:179][755]LogSlate: Updating window title bar state: overlay mode, drag disabled, window buttons hidden, title bar hidden
[2026.08.24-20.22.37:179][755]LogLoad: Game class is 'BrackeysGameMode_C'
[2026.08.24-20.22.37:181][755]LogWorld: Bringing World /Game/Brackeys2026/Levels/UEDPIE_0_Brackeys2026Map.Brackeys2026Map up for play (max tick rate 0) at 2026.08.24-13.22.37
[2026.08.24-20.22.37:181][755]LogWorld: Bringing up level for play took: 0.000952
[2026.08.24-20.22.37:181][755]LogOnline: OSS: Creating online subsystem instance for: :Context_16
[2026.08.24-20.22.37:188][755]PIE: Server logged in
[2026.08.24-20.22.37:191][755]PIE: Play in editor total start time 0.113 seconds.
[2026.08.24-20.22.41:850][307]LogSlate: Updating window title bar state: overlay mode, drag disabled, window buttons hidden, title bar hidden
[2026.08.24-20.22.41:850][307]LogWorld: BeginTearingDown for /Game/Brackeys2026/Levels/UEDPIE_0_Brackeys2026Map
[2026.08.24-20.22.41:850][307]LogSlate: Window 'BrackeysJam2026 Preview [NetMode: Standalone]  (64-bit/Windows) ' being destroyed
[2026.08.24-20.22.41:855][307]LogWorld: UWorld::CleanupWorld for Brackeys2026Map, bSessionEnded=true, bCleanupResources=true
[2026.08.24-20.22.41:855][307]LogSlate: InvalidateAllWidgets triggered.  All widgets were invalidated
[2026.08.24-20.22.41:863][307]LogPlayLevel: Display: Shutting down PIE online subsystems
[2026.08.24-20.22.41:866][307]LogSlate: InvalidateAllWidgets triggered.  All widgets were invalidated
[2026.08.24-20.22.41:892][307]LogAudio: Display: Audio Device unregistered from world 'None'.
[2026.08.24-20.22.41:892][307]LogAudioMixer: FMixerPlatformXAudio2::StopAudioStream() called
[2026.08.24-20.22.41:893][307]LogAudioMixer: FMixerPlatformXAudio2::StopAudioStream() called
[2026.08.24-20.22.41:898][307]LogUObjectHash: Compacting FUObjectHashTables data took   1.56ms
[2026.08.24-20.22.41:923][309]LogPlayLevel: Display: Destroying online subsystem :Context_16
[2026.08.24-20.22.55:002][992]LogEditorTransaction: Undo Modify Component(s)
[2026.08.24-20.22.56:898][ 71]BlueprintLog: New page: Compile BP_Revolver
[2026.08.24-20.22.56:954][ 71]LogUObjectHash: Compacting FUObjectHashTables data took   1.71ms
[2026.08.24-20.22.57:505][ 96]LogSavePackage: Moving 'E:/_Alex's Data/Unreal Engine/Unreal Projects/Brackeys2026/Brackeys-2026/BrackeysJam2026/Saved/BP_Revolver8112EF20452BF8D2FF4742BDA7529C25.tmp' to 'E:/_Alex's Data/Unreal Engine/Unreal Projects/Brackeys2026/Brackeys-2026/BrackeysJam2026/Content/Brackeys2026/Objects/CoinGun/BP_Revolver.uasset'
[2026.08.24-20.22.57:526][ 96]AssetCheck: New page: Asset Save: BP_Revolver
[2026.08.24-20.22.57:526][ 96]LogContentValidation: Display: Validating Blueprint /Game/Brackeys2026/Objects/CoinGun/BP_Revolver.BP_Revolver
[2026.08.24-20.24.54:481][469]LogEditorTransaction: Undo New Value Entered
[2026.08.24-20.24.58:835][770]LogEditorTransaction: Undo Mouse Drag
[2026.08.24-20.25.13:051][662]BlueprintLog: New page: Compile BP_Revolver
[2026.08.24-20.25.13:111][662]LogUObjectHash: Compacting FUObjectHashTables data took   2.51ms
[2026.08.24-20.25.13:553][681]LogSavePackage: Moving 'E:/_Alex's Data/Unreal Engine/Unreal Projects/Brackeys2026/Brackeys-2026/BrackeysJam2026/Saved/BP_Revolver829D9509449F5982B5BCF090C026F6F4.tmp' to 'E:/_Alex's Data/Unreal Engine/Unreal Projects/Brackeys2026/Brackeys-2026/BrackeysJam2026/Content/Brackeys2026/Objects/CoinGun/BP_Revolver.uasset'
[2026.08.24-20.25.13:570][681]AssetCheck: New page: Asset Save: BP_Revolver
[2026.08.24-20.25.13:570][681]LogContentValidation: Display: Validating Blueprint /Game/Brackeys2026/Objects/CoinGun/BP_Revolver.BP_Revolver
[2026.08.24-20.25.48:702][327]LogUObjectHash: Compacting FUObjectHashTables data took   2.13ms
[2026.08.24-20.25.50:533][327]LogSavePackage: Moving 'E:/_Alex's Data/Unreal Engine/Unreal Projects/Brackeys2026/Brackeys-2026/BrackeysJam2026/Saved/Brackeys2026Map_Auto1361C1C1A4BDED99C576E22B23BDF33DA.tmp' to 'E:/_Alex's Data/Unreal Engine/Unreal Projects/Brackeys2026/Brackeys-2026/BrackeysJam2026/Saved/Autosaves/Game/Brackeys2026/Levels/Brackeys2026Map_Auto1.umap'
[2026.08.24-20.25.50:540][327]LogFileHelpers: Editor autosave (incl. external actors) for '/Game/Brackeys2026/Levels/Brackeys2026Map' took 1.871
[2026.08.24-20.25.50:540][327]LogFileHelpers: Editor autosave (incl. sublevels & external actors) for all levels took 1.871
[2026.08.24-20.25.50:544][327]OBJ SavePackage: Generating thumbnails for [1] asset(s) in package [/Game/Brackeys2026/Objects/CoinGun/BP_Revolver] ([4] browsable assets)...
[2026.08.24-20.25.50:544][327]OBJ SavePackage: Finished generating thumbnails for package [/Game/Brackeys2026/Objects/CoinGun/BP_Revolver]
[2026.08.24-20.25.50:579][327]LogSavePackage: Moving 'E:/_Alex's Data/Unreal Engine/Unreal Projects/Brackeys2026/Brackeys-2026/BrackeysJam2026/Saved/BP_Revolver_Auto11069C5EB4469F8E357E035B46273C075.tmp' to 'E:/_Alex's Data/Unreal Engine/Unreal Projects/Brackeys2026/Brackeys-2026/BrackeysJam2026/Saved/Autosaves/Game/Brackeys2026/Objects/CoinGun/BP_Revolver_Auto1.uasset'
[2026.08.24-20.25.50:580][327]OBJ SavePackage: Generating thumbnails for [1] asset(s) in package [/Game/Brackeys2026/Objects/CoinGun/Revolver_separated_Revolver_004] ([1] browsable assets)...
[2026.08.24-20.25.50:592][327]OBJ SavePackage:     Rendered thumbnail for [StaticMesh /Game/Brackeys2026/Objects/CoinGun/Revolver_separated_Revolver_004.Revolver_separated_Revolver_004]
[2026.08.24-20.25.50:593][327]OBJ SavePackage: Finished generating thumbnails for package [/Game/Brackeys2026/Objects/CoinGun/Revolver_separated_Revolver_004]
[2026.08.24-20.25.50:604][327]LogSavePackage: Moving 'E:/_Alex's Data/Unreal Engine/Unreal Projects/Brackeys2026/Brackeys-2026/BrackeysJam2026/Saved/Revolver_separated_Revolver_004_2830D8774D21A3B4FF1788A61CB6045E.tmp' to 'E:/_Alex's Data/Unreal Engine/Unreal Projects/Brackeys2026/Brackeys-2026/BrackeysJam2026/Saved/Autosaves/Game/Brackeys2026/Objects/CoinGun/Revolver_separated_Revolver_004_Auto1.uasset'
[2026.08.24-20.25.50:605][327]OBJ SavePackage: Generating thumbnails for [1] asset(s) in package [/Game/Brackeys2026/Objects/CoinGun/Revolver_separated_Revolver] ([1] browsable assets)...
[2026.08.24-20.25.50:617][327]OBJ SavePackage:     Rendered thumbnail for [StaticMesh /Game/Brackeys2026/Objects/CoinGun/Revolver_separated_Revolver.Revolver_separated_Revolver]
[2026.08.24-20.25.50:617][327]OBJ SavePackage: Finished generating thumbnails for package [/Game/Brackeys2026/Objects/CoinGun/Revolver_separated_Revolver]
[2026.08.24-20.25.50:644][327]LogSavePackage: Moving 'E:/_Alex's Data/Unreal Engine/Unreal Projects/Brackeys2026/Brackeys-2026/BrackeysJam2026/Saved/Revolver_separated_Revolver_AutoCF6B814949E69FC2FD3859882C9B6812.tmp' to 'E:/_Alex's Data/Unreal Engine/Unreal Projects/Brackeys2026/Brackeys-2026/BrackeysJam2026/Saved/Autosaves/Game/Brackeys2026/Objects/CoinGun/Revolver_separated_Revolver_Auto1.uasset'
[2026.08.24-20.25.50:646][327]OBJ SavePackage: Generating thumbnails for [1] asset(s) in package [/Game/Brackeys2026/Objects/CoinGun/Revolver_separated_Revolver_002] ([1] browsable assets)...
[2026.08.24-20.25.50:660][327]OBJ SavePackage:     Rendered thumbnail for [StaticMesh /Game/Brackeys2026/Objects/CoinGun/Revolver_separated_Revolver_002.Revolver_separated_Revolver_002]
[2026.08.24-20.25.50:660][327]OBJ SavePackage: Finished generating thumbnails for package [/Game/Brackeys2026/Objects/CoinGun/Revolver_separated_Revolver_002]
[2026.08.24-20.25.50:669][327]LogSavePackage: Moving 'E:/_Alex's Data/Unreal Engine/Unreal Projects/Brackeys2026/Brackeys-2026/BrackeysJam2026/Saved/Revolver_separated_Revolver_002_F34BA1DE499DD2DDB11C6DB921D58F4A.tmp' to 'E:/_Alex's Data/Unreal Engine/Unreal Projects/Brackeys2026/Brackeys-2026/BrackeysJam2026/Saved/Autosaves/Game/Brackeys2026/Objects/CoinGun/Revolver_separated_Revolver_002_Auto1.uasset'
[2026.08.24-20.25.50:670][327]OBJ SavePackage: Generating thumbnails for [1] asset(s) in package [/Game/Brackeys2026/Objects/CoinGun/Revolver_separated_Revolver_003] ([1] browsable assets)...
[2026.08.24-20.25.50:681][327]OBJ SavePackage:     Rendered thumbnail for [StaticMesh /Game/Brackeys2026/Objects/CoinGun/Revolver_separated_Revolver_003.Revolver_separated_Revolver_003]
[2026.08.24-20.25.50:681][327]OBJ SavePackage: Finished generating thumbnails for package [/Game/Brackeys2026/Objects/CoinGun/Revolver_separated_Revolver_003]
[2026.08.24-20.25.50:690][327]LogSavePackage: Moving 'E:/_Alex's Data/Unreal Engine/Unreal Projects/Brackeys2026/Brackeys-2026/BrackeysJam2026/Saved/Revolver_separated_Revolver_003_BAD51E0A4383E7C74B617987DEB30314.tmp' to 'E:/_Alex's Data/Unreal Engine/Unreal Projects/Brackeys2026/Brackeys-2026/BrackeysJam2026/Saved/Autosaves/Game/Brackeys2026/Objects/CoinGun/Revolver_separated_Revolver_003_Auto1.uasset'
[2026.08.24-20.25.50:692][327]LogFileHelpers: Auto-saving content packages took 0.149
[2026.08.24-20.26.26:709][845]LogEditorTransaction: Undo Remove Variable
[2026.08.24-20.26.27:813][895]BlueprintLog: New page: Compile BP_Phone
[2026.08.24-20.26.27:861][895]LogUObjectHash: Compacting FUObjectHashTables data took   2.55ms
[2026.08.24-20.26.28:445][927]LogSavePackage: Moving 'E:/_Alex's Data/Unreal Engine/Unreal Projects/Brackeys2026/Brackeys-2026/BrackeysJam2026/Saved/BP_Phone15AA31DC44451E1AEB1DD78D24E49B8C.tmp' to 'E:/_Alex's Data/Unreal Engine/Unreal Projects/Brackeys2026/Brackeys-2026/BrackeysJam2026/Content/Brackeys2026/Objects/Phone/BP_Phone.uasset'
[2026.08.24-20.26.28:470][927]AssetCheck: New page: Asset Save: BP_Phone
[2026.08.24-20.26.28:471][927]LogContentValidation: Display: Validating Blueprint /Game/Brackeys2026/Objects/Phone/BP_Phone.BP_Phone
[2026.08.24-20.30.43:924][840]LogTemp: Repeating last play command: Selected Viewport
[2026.08.24-20.30.44:444][840]BlueprintLog: New page: Pre-Play auto-recompile
[2026.08.24-20.30.44:445][840]LogPlayLevel: [PlayLevel] Compiling BP_Revolver before play...
[2026.08.24-20.30.44:528][840]LogUObjectHash: Compacting FUObjectHashTables data took   2.36ms
[2026.08.24-20.30.44:530][840]LogPlayLevel: PlayLevel: Blueprint regeneration took 85 ms (1 blueprints)
[2026.08.24-20.30.44:530][840]PIE: New page: PIE session: Brackeys2026Map (Aug 24, 2026, 6:30:44 AM)
[2026.08.24-20.30.44:531][840]LogPlayLevel: Creating play world package: /Game/Brackeys2026/Levels/UEDPIE_0_Brackeys2026Map
[2026.08.24-20.30.44:532][840]LogPlayLevel: PIE: StaticDuplicateObject took: (0.001820s)
[2026.08.24-20.30.44:533][840]LogAIModule: Creating AISystem for world Brackeys2026Map
[2026.08.24-20.30.44:533][840]LogPlayLevel: PIE: World Init took: (0.000890s)
[2026.08.24-20.30.44:533][840]LogPlayLevel: PIE: Created PIE world by copying editor world from /Game/Brackeys2026/Levels/Brackeys2026Map.Brackeys2026Map to /Game/Brackeys2026/Levels/UEDPIE_0_Brackeys2026Map.Brackeys2026Map (0.002847s)
[2026.08.24-20.30.44:562][840]LogUObjectHash: Compacting FUObjectHashTables data took   1.75ms
[2026.08.24-20.30.44:562][840]LogAudio: Display: Creating Audio Device:                 Id: 4, Scope: Unique, Realtime: True
[2026.08.24-20.30.44:562][840]LogAudioMixer: Display: Audio Mixer Platform Settings:
[2026.08.24-20.30.44:562][840]LogAudioMixer: Display: 	Sample Rate:						  48000
[2026.08.24-20.30.44:562][840]LogAudioMixer: Display: 	Callback Buffer Frame Size Requested: 1024
[2026.08.24-20.30.44:562][840]LogAudioMixer: Display: 	Callback Buffer Frame Size To Use:	  1024
[2026.08.24-20.30.44:562][840]LogAudioMixer: Display: 	Number of buffers to queue:			  2
[2026.08.24-20.30.44:562][840]LogAudioMixer: Display: 	Max Channels (voices):				  32
[2026.08.24-20.30.44:562][840]LogAudioMixer: Display: 	Number of Async Source Workers:		  0
[2026.08.24-20.30.44:562][840]LogAudio: Display: AudioDevice MaxSources: 32
[2026.08.24-20.30.44:562][840]LogAudio: Display: Audio Spatialization Plugin: None (built-in).
[2026.08.24-20.30.44:562][840]LogAudio: Display: Audio Reverb Plugin: None (built-in).
[2026.08.24-20.30.44:562][840]LogAudio: Display: Audio Occlusion Plugin: None (built-in).
[2026.08.24-20.30.44:562][840]LogAudioMixer: Display: Initializing audio mixer.
[2026.08.24-20.30.44:568][840]LogAudioMixer: Display: 0: FrontLeft
[2026.08.24-20.30.44:568][840]LogAudioMixer: Display: 1: FrontRight
[2026.08.24-20.30.44:581][840]LogAudioMixer: Display: Using Audio Device Realtek HD Audio 2nd output (Realtek(R) Audio)
[2026.08.24-20.30.44:583][840]LogAudioMixer: Display: Initializing Sound Submixes...
[2026.08.24-20.30.44:583][840]LogAudioMixer: Display: Creating Master Submix 'MasterSubmixDefault'
[2026.08.24-20.30.44:583][840]LogAudioMixer: Display: Creating Master Submix 'MasterReverbSubmixDefault'
[2026.08.24-20.30.44:583][840]LogAudioMixer: Display: Creating Master Submix 'MasterEQSubmixDefault'
[2026.08.24-20.30.44:583][840]LogAudioMixer: FMixerPlatformXAudio2::StartAudioStream() called
[2026.08.24-20.30.44:583][840]LogAudioMixer: Display: Output buffers initialized: Frames=1024, Channels=2, Samples=2048
[2026.08.24-20.30.44:584][840]LogAudioMixer: Display: Starting AudioMixerPlatformInterface::RunInternal()
[2026.08.24-20.30.44:584][840]LogAudioMixer: Display: FMixerPlatformXAudio2::SubmitBuffer() called for the first time
[2026.08.24-20.30.44:584][840]LogInit: FAudioDevice initialized.
[2026.08.24-20.30.44:584][840]LogAudio: Display: Audio Device (ID: 4) registered with world 'Brackeys2026Map'.
[2026.08.24-20.30.44:630][840]LogSlate: Updating window title bar state: overlay mode, drag disabled, window buttons hidden, title bar hidden
[2026.08.24-20.30.44:630][840]LogLoad: Game class is 'BrackeysGameMode_C'
[2026.08.24-20.30.44:631][840]LogWorld: Bringing World /Game/Brackeys2026/Levels/UEDPIE_0_Brackeys2026Map.Brackeys2026Map up for play (max tick rate 0) at 2026.08.24-13.30.44
[2026.08.24-20.30.44:632][840]LogWorld: Bringing up level for play took: 0.000653
[2026.08.24-20.30.44:632][840]LogOnline: OSS: Creating online subsystem instance for: :Context_18
[2026.08.24-20.30.44:635][840]PIE: Server logged in
[2026.08.24-20.30.44:635][840]PIE: Play in editor total start time 0.194 seconds.
[2026.08.24-20.30.47:320][141]LogSlate: Updating window title bar state: overlay mode, drag disabled, window buttons hidden, title bar hidden
[2026.08.24-20.30.47:320][141]LogWorld: BeginTearingDown for /Game/Brackeys2026/Levels/UEDPIE_0_Brackeys2026Map
[2026.08.24-20.30.47:320][141]LogSlate: Window 'BrackeysJam2026 Preview [NetMode: Standalone]  (64-bit/Windows) ' being destroyed
[2026.08.24-20.30.47:331][141]LogWorld: UWorld::CleanupWorld for Brackeys2026Map, bSessionEnded=true, bCleanupResources=true
[2026.08.24-20.30.47:332][141]LogSlate: InvalidateAllWidgets triggered.  All widgets were invalidated
[2026.08.24-20.30.47:337][141]LogPlayLevel: Display: Shutting down PIE online subsystems
[2026.08.24-20.30.47:341][141]LogSlate: InvalidateAllWidgets triggered.  All widgets were invalidated
[2026.08.24-20.30.47:369][141]LogAudioMixer: FMixerPlatformXAudio2::StopAudioStream() called
[2026.08.24-20.30.47:370][141]LogAudioMixer: FMixerPlatformXAudio2::StopAudioStream() called
[2026.08.24-20.30.47:373][141]LogUObjectHash: Compacting FUObjectHashTables data took   1.59ms
[2026.08.24-20.30.47:393][142]LogPlayLevel: Display: Destroying online subsystem :Context_18
[2026.08.24-20.30.52:639][503]LogTemp: Repeating last play command: Selected Viewport
[2026.08.24-20.30.52:647][503]BlueprintLog: New page: Pre-Play auto-recompile
[2026.08.24-20.30.52:649][503]LogPlayLevel: [PlayLevel] Compiling BP_Revolver before play...
[2026.08.24-20.30.52:732][503]LogUObjectHash: Compacting FUObjectHashTables data took   2.01ms
[2026.08.24-20.30.52:734][503]LogPlayLevel: PlayLevel: Blueprint regeneration took 86 ms (1 blueprints)
[2026.08.24-20.30.52:734][503]PIE: New page: PIE session: Brackeys2026Map (Aug 24, 2026, 6:30:52 AM)
[2026.08.24-20.30.52:734][503]LogPlayLevel: Creating play world package: /Game/Brackeys2026/Levels/UEDPIE_0_Brackeys2026Map
[2026.08.24-20.30.52:737][503]LogPlayLevel: PIE: StaticDuplicateObject took: (0.001791s)
[2026.08.24-20.30.52:737][503]LogAIModule: Creating AISystem for world Brackeys2026Map
[2026.08.24-20.30.52:737][503]LogPlayLevel: PIE: World Init took: (0.000859s)
[2026.08.24-20.30.52:738][503]LogPlayLevel: PIE: Created PIE world by copying editor world from /Game/Brackeys2026/Levels/Brackeys2026Map.Brackeys2026Map to /Game/Brackeys2026/Levels/UEDPIE_0_Brackeys2026Map.Brackeys2026Map (0.002753s)
[2026.08.24-20.30.52:765][503]LogUObjectHash: Compacting FUObjectHashTables data took   2.02ms
[2026.08.24-20.30.52:765][503]LogAudio: Display: Creating Audio Device:                 Id: 5, Scope: Unique, Realtime: True
[2026.08.24-20.30.52:765][503]LogAudioMixer: Display: Audio Mixer Platform Settings:
[2026.08.24-20.30.52:765][503]LogAudioMixer: Display: 	Sample Rate:						  48000
[2026.08.24-20.30.52:765][503]LogAudioMixer: Display: 	Callback Buffer Frame Size Requested: 1024
[2026.08.24-20.30.52:765][503]LogAudioMixer: Display: 	Callback Buffer Frame Size To Use:	  1024
[2026.08.24-20.30.52:765][503]LogAudioMixer: Display: 	Number of buffers to queue:			  2
[2026.08.24-20.30.52:765][503]LogAudioMixer: Display: 	Max Channels (voices):				  32
[2026.08.24-20.30.52:765][503]LogAudioMixer: Display: 	Number of Async Source Workers:		  0
[2026.08.24-20.30.52:765][503]LogAudio: Display: AudioDevice MaxSources: 32
[2026.08.24-20.30.52:765][503]LogAudio: Display: Audio Spatialization Plugin: None (built-in).
[2026.08.24-20.30.52:765][503]LogAudio: Display: Audio Reverb Plugin: None (built-in).
[2026.08.24-20.30.52:765][503]LogAudio: Display: Audio Occlusion Plugin: None (built-in).
[2026.08.24-20.30.52:765][503]LogAudioMixer: Display: Initializing audio mixer.
[2026.08.24-20.30.52:770][503]LogAudioMixer: Display: 0: FrontLeft
[2026.08.24-20.30.52:770][503]LogAudioMixer: Display: 1: FrontRight
[2026.08.24-20.30.52:782][503]LogAudioMixer: Display: Using Audio Device Realtek HD Audio 2nd output (Realtek(R) Audio)
[2026.08.24-20.30.52:782][503]LogAudioMixer: Display: Initializing Sound Submixes...
[2026.08.24-20.30.52:782][503]LogAudioMixer: Display: Creating Master Submix 'MasterSubmixDefault'
[2026.08.24-20.30.52:782][503]LogAudioMixer: Display: Creating Master Submix 'MasterReverbSubmixDefault'
[2026.08.24-20.30.52:783][503]LogAudioMixer: Display: Creating Master Submix 'MasterEQSubmixDefault'
[2026.08.24-20.30.52:783][503]LogAudioMixer: FMixerPlatformXAudio2::StartAudioStream() called
[2026.08.24-20.30.52:783][503]LogAudioMixer: Display: Output buffers initialized: Frames=1024, Channels=2, Samples=2048
[2026.08.24-20.30.52:784][503]LogAudioMixer: Display: Starting AudioMixerPlatformInterface::RunInternal()
[2026.08.24-20.30.52:784][503]LogAudioMixer: Display: FMixerPlatformXAudio2::SubmitBuffer() called for the first time
[2026.08.24-20.30.52:784][503]LogInit: FAudioDevice initialized.
[2026.08.24-20.30.52:784][503]LogAudio: Display: Audio Device (ID: 5) registered with world 'Brackeys2026Map'.
[2026.08.24-20.30.52:830][503]LogSlate: Updating window title bar state: overlay mode, drag disabled, window buttons hidden, title bar hidden
[2026.08.24-20.30.52:830][503]LogLoad: Game class is 'BrackeysGameMode_C'
[2026.08.24-20.30.52:831][503]LogWorld: Bringing World /Game/Brackeys2026/Levels/UEDPIE_0_Brackeys2026Map.Brackeys2026Map up for play (max tick rate 0) at 2026.08.24-13.30.52
[2026.08.24-20.30.52:831][503]LogWorld: Bringing up level for play took: 0.000901
[2026.08.24-20.30.52:832][503]LogOnline: OSS: Creating online subsystem instance for: :Context_19
[2026.08.24-20.30.52:835][503]PIE: Server logged in
[2026.08.24-20.30.52:835][503]PIE: Play in editor total start time 0.191 seconds.
[2026.08.24-20.30.59:591][298]LogSlate: Updating window title bar state: overlay mode, drag disabled, window buttons hidden, title bar hidden
[2026.08.24-20.30.59:591][298]LogWorld: BeginTearingDown for /Game/Brackeys2026/Levels/UEDPIE_0_Brackeys2026Map
[2026.08.24-20.30.59:591][298]LogSlate: Window 'BrackeysJam2026 Preview [NetMode: Standalone]  (64-bit/Windows) ' being destroyed
[2026.08.24-20.30.59:599][298]LogWorld: UWorld::CleanupWorld for Brackeys2026Map, bSessionEnded=true, bCleanupResources=true
[2026.08.24-20.30.59:599][298]LogSlate: InvalidateAllWidgets triggered.  All widgets were invalidated
[2026.08.24-20.30.59:604][298]LogPlayLevel: Display: Shutting down PIE online subsystems
[2026.08.24-20.30.59:608][298]LogSlate: InvalidateAllWidgets triggered.  All widgets were invalidated
[2026.08.24-20.30.59:636][298]LogAudioMixer: FMixerPlatformXAudio2::StopAudioStream() called
[2026.08.24-20.30.59:637][298]LogAudioMixer: FMixerPlatformXAudio2::StopAudioStream() called
[2026.08.24-20.30.59:642][298]LogUObjectHash: Compacting FUObjectHashTables data took   1.66ms
[2026.08.24-20.30.59:664][299]LogPlayLevel: Display: Destroying online subsystem :Context_19
[2026.08.24-20.31.01:453][402]LogEditorTransaction: Undo Create Pin Link
[2026.08.24-20.31.02:035][415]LogEditorTransaction: Undo Add Node
[2026.08.24-20.31.02:661][437]LogEditorTransaction: Undo Create Pin Link
[2026.08.24-20.31.03:268][458]LogEditorTransaction: Undo Move Node
[2026.08.24-20.31.03:893][480]LogEditorTransaction: Undo Break Pin Links
[2026.08.24-20.31.04:484][499]LogEditorTransaction: Undo Rename Node
[2026.08.24-20.31.05:330][534]LogEditorTransaction: Undo Add Node
[2026.08.24-20.31.06:177][569]LogEditorTransaction: Undo Move Nodes
[2026.08.24-20.31.07:190][614]LogEditorTransaction: Undo Move Node
[2026.08.24-20.31.07:883][640]LogEditorTransaction: Undo Move Node
[2026.08.24-20.31.08:867][683]LogEditorTransaction: Undo Create Pin Link
[2026.08.24-20.31.09:831][725]LogEditorTransaction: Undo Move Node
[2026.08.24-20.31.10:598][754]LogEditorTransaction: Undo Move Node
[2026.08.24-20.31.11:190][774]LogEditorTransaction: Undo Create Pin Link
[2026.08.24-20.31.11:783][794]LogEditorTransaction: Undo Add Node
[2026.08.24-20.31.12:408][816]LogEditorTransaction: Undo Add Node
[2026.08.24-20.31.13:051][839]LogEditorTransaction: Undo Delete current selection
[2026.08.24-20.31.13:868][872]LogEditorTransaction: Undo Move Node
[2026.08.24-20.31.14:596][900]LogEditorTransaction: Undo Add Node
[2026.08.24-20.31.15:335][928]LogEditorTransaction: Undo Move Node
[2026.08.24-20.31.16:219][965]LogEditorTransaction: Undo Break Pin Links
[2026.08.24-20.31.19:439][166]LogEditorTransaction: Undo Break Pin Links
[2026.08.24-20.31.20:762][223]LogEditorTransaction: Undo Move Nodes
[2026.08.24-20.31.21:573][256]LogEditorTransaction: Undo Move Node
[2026.08.24-20.31.22:303][284]LogEditorTransaction: Undo Break Pin Links
[2026.08.24-20.31.50:214][ 90]BlueprintLog: New page: Compile BP_Revolver
[2026.08.24-20.31.50:284][ 90]LogUObjectHash: Compacting FUObjectHashTables data took   2.31ms
[2026.08.24-20.31.50:773][112]LogSavePackage: Moving 'E:/_Alex's Data/Unreal Engine/Unreal Projects/Brackeys2026/Brackeys-2026/BrackeysJam2026/Saved/BP_RevolverD80A29F5489D78F724D172B7D341CB17.tmp' to 'E:/_Alex's Data/Unreal Engine/Unreal Projects/Brackeys2026/Brackeys-2026/BrackeysJam2026/Content/Brackeys2026/Objects/CoinGun/BP_Revolver.uasset'
[2026.08.24-20.31.50:795][112]AssetCheck: New page: Asset Save: BP_Revolver
[2026.08.24-20.31.50:795][112]LogContentValidation: Display: Validating Blueprint /Game/Brackeys2026/Objects/CoinGun/BP_Revolver.BP_Revolver
[2026.08.24-20.31.51:351][146]LogTemp: Repeating last play command: Selected Viewport
[2026.08.24-20.31.51:359][146]LogPlayLevel: PlayLevel: No blueprints needed recompiling
[2026.08.24-20.31.51:359][146]PIE: New page: PIE session: Brackeys2026Map (Aug 24, 2026, 6:31:51 AM)
[2026.08.24-20.31.51:359][146]LogPlayLevel: Creating play world package: /Game/Brackeys2026/Levels/UEDPIE_0_Brackeys2026Map
[2026.08.24-20.31.51:362][146]LogPlayLevel: PIE: StaticDuplicateObject took: (0.002820s)
[2026.08.24-20.31.51:363][146]LogAIModule: Creating AISystem for world Brackeys2026Map
[2026.08.24-20.31.51:363][146]LogPlayLevel: PIE: World Init took: (0.001545s)
[2026.08.24-20.31.51:363][146]LogPlayLevel: PIE: Created PIE world by copying editor world from /Game/Brackeys2026/Levels/Brackeys2026Map.Brackeys2026Map to /Game/Brackeys2026/Levels/UEDPIE_0_Brackeys2026Map.Brackeys2026Map (0.004516s)
[2026.08.24-20.31.51:395][146]LogUObjectHash: Compacting FUObjectHashTables data took   2.13ms
[2026.08.24-20.31.51:396][146]LogAudio: Display: Creating Audio Device:                 Id: 6, Scope: Unique, Realtime: True
[2026.08.24-20.31.51:396][146]LogAudioMixer: Display: Audio Mixer Platform Settings:
[2026.08.24-20.31.51:396][146]LogAudioMixer: Display: 	Sample Rate:						  48000
[2026.08.24-20.31.51:396][146]LogAudioMixer: Display: 	Callback Buffer Frame Size Requested: 1024
[2026.08.24-20.31.51:396][146]LogAudioMixer: Display: 	Callback Buffer Frame Size To Use:	  1024
[2026.08.24-20.31.51:396][146]LogAudioMixer: Display: 	Number of buffers to queue:			  2
[2026.08.24-20.31.51:396][146]LogAudioMixer: Display: 	Max Channels (voices):				  32
[2026.08.24-20.31.51:396][146]LogAudioMixer: Display: 	Number of Async Source Workers:		  0
[2026.08.24-20.31.51:396][146]LogAudio: Display: AudioDevice MaxSources: 32
[2026.08.24-20.31.51:396][146]LogAudio: Display: Audio Spatialization Plugin: None (built-in).
[2026.08.24-20.31.51:396][146]LogAudio: Display: Audio Reverb Plugin: None (built-in).
[2026.08.24-20.31.51:396][146]LogAudio: Display: Audio Occlusion Plugin: None (built-in).
[2026.08.24-20.31.51:396][146]LogAudioMixer: Display: Initializing audio mixer.
[2026.08.24-20.31.51:401][146]LogAudioMixer: Display: 0: FrontLeft
[2026.08.24-20.31.51:401][146]LogAudioMixer: Display: 1: FrontRight
[2026.08.24-20.31.51:413][146]LogAudioMixer: Display: Using Audio Device Realtek HD Audio 2nd output (Realtek(R) Audio)
[2026.08.24-20.31.51:413][146]LogAudioMixer: Display: Initializing Sound Submixes...
[2026.08.24-20.31.51:413][146]LogAudioMixer: Display: Creating Master Submix 'MasterSubmixDefault'
[2026.08.24-20.31.51:413][146]LogAudioMixer: Display: Creating Master Submix 'MasterReverbSubmixDefault'
[2026.08.24-20.31.51:413][146]LogAudioMixer: Display: Creating Master Submix 'MasterEQSubmixDefault'
[2026.08.24-20.31.51:413][146]LogAudioMixer: FMixerPlatformXAudio2::StartAudioStream() called
[2026.08.24-20.31.51:413][146]LogAudioMixer: Display: Output buffers initialized: Frames=1024, Channels=2, Samples=2048
[2026.08.24-20.31.51:414][146]LogAudioMixer: Display: Starting AudioMixerPlatformInterface::RunInternal()
[2026.08.24-20.31.51:414][146]LogAudioMixer: Display: FMixerPlatformXAudio2::SubmitBuffer() called for the first time
[2026.08.24-20.31.51:414][146]LogInit: FAudioDevice initialized.
[2026.08.24-20.31.51:414][146]LogAudio: Display: Audio Device (ID: 6) registered with world 'Brackeys2026Map'.
[2026.08.24-20.31.51:462][146]LogSlate: Updating window title bar state: overlay mode, drag disabled, window buttons hidden, title bar hidden
[2026.08.24-20.31.51:463][146]LogLoad: Game class is 'BrackeysGameMode_C'
[2026.08.24-20.31.51:464][146]LogWorld: Bringing World /Game/Brackeys2026/Levels/UEDPIE_0_Brackeys2026Map.Brackeys2026Map up for play (max tick rate 0) at 2026.08.24-13.31.51
[2026.08.24-20.31.51:464][146]LogWorld: Bringing up level for play took: 0.000639
[2026.08.24-20.31.51:464][146]LogOnline: OSS: Creating online subsystem instance for: :Context_20
[2026.08.24-20.31.51:471][146]PIE: Server logged in
[2026.08.24-20.31.51:473][146]PIE: Play in editor total start time 0.117 seconds.
[2026.08.24-20.31.58:221][857]LogSlate: Updating window title bar state: overlay mode, drag disabled, window buttons hidden, title bar hidden
[2026.08.24-20.31.58:221][857]LogWorld: BeginTearingDown for /Game/Brackeys2026/Levels/UEDPIE_0_Brackeys2026Map
[2026.08.24-20.31.58:221][857]LogSlate: Window 'BrackeysJam2026 Preview [NetMode: Standalone]  (64-bit/Windows) ' being destroyed
[2026.08.24-20.31.58:223][857]LogWorld: UWorld::CleanupWorld for Brackeys2026Map, bSessionEnded=true, bCleanupResources=true
[2026.08.24-20.31.58:224][857]LogSlate: InvalidateAllWidgets triggered.  All widgets were invalidated
[2026.08.24-20.31.58:230][857]LogPlayLevel: Display: Shutting down PIE online subsystems
[2026.08.24-20.31.58:234][857]LogSlate: InvalidateAllWidgets triggered.  All widgets were invalidated
[2026.08.24-20.31.58:261][857]LogAudio: Display: Audio Device unregistered from world 'None'.
[2026.08.24-20.31.58:262][857]LogAudioMixer: FMixerPlatformXAudio2::StopAudioStream() called
[2026.08.24-20.31.58:263][857]LogAudioMixer: FMixerPlatformXAudio2::StopAudioStream() called
[2026.08.24-20.31.58:268][857]LogUObjectHash: Compacting FUObjectHashTables data took   1.56ms
[2026.08.24-20.31.58:286][858]LogPlayLevel: Display: Destroying online subsystem :Context_20
[2026.08.24-20.33.05:550][419]BlueprintLog: New page: Compile BP_Revolver
[2026.08.24-20.33.05:605][419]LogUObjectHash: Compacting FUObjectHashTables data took   2.00ms
[2026.08.24-20.33.13:489][749]LogSavePackage: Moving 'E:/_Alex's Data/Unreal Engine/Unreal Projects/Brackeys2026/Brackeys-2026/BrackeysJam2026/Saved/BP_RevolverB7632EC64AAC3A8E406D70ADF178A800.tmp' to 'E:/_Alex's Data/Unreal Engine/Unreal Projects/Brackeys2026/Brackeys-2026/BrackeysJam2026/Content/Brackeys2026/Objects/CoinGun/BP_Revolver.uasset'
[2026.08.24-20.33.13:510][749]AssetCheck: New page: Asset Save: BP_Revolver
[2026.08.24-20.33.13:510][749]LogContentValidation: Display: Validating Blueprint /Game/Brackeys2026/Objects/CoinGun/BP_Revolver.BP_Revolver
[2026.08.24-20.35.12:621][994]LogOutputDevice: Warning: 

Script Stack (0 frames):

[2026.08.24-20.35.12:704][994]LogStats: FPlatformStackWalk::StackWalkAndDump -  0.083 s
[2026.08.24-20.35.12:704][994]LogOutputDevice: Error: === Handled ensure: ===
[2026.08.24-20.35.12:704][994]LogOutputDevice: Error: 
[2026.08.24-20.35.12:704][994]LogOutputDevice: Error: Ensure condition failed: !bGraphDataInvalid [File:D:/Build/++UE4/Sync/Engine/Source/Editor/GraphEditor/Private/SGraphPin.cpp] [Line: 821]
[2026.08.24-20.35.12:704][994]LogOutputDevice: Error: The Graph Pin Object has been invalidated. Someone is keeping a hard ref on the SGraphPin (SGraphPinKnot [SGraphNodeKnot.cpp(406)]). See InvalidateGraphData for more info
[2026.08.24-20.35.12:704][994]LogOutputDevice: Error: Stack: 
[2026.08.24-20.35.12:704][994]LogOutputDevice: Error: [Callstack] 0x00007ffc4f9f476b UE4Editor-GraphEditor.dll!UnknownFunction []
[2026.08.24-20.35.12:704][994]LogOutputDevice: Error: [Callstack] 0x00007ffc4f8a12db UE4Editor-GraphEditor.dll!UnknownFunction []
[2026.08.24-20.35.12:704][994]LogOutputDevice: Error: [Callstack] 0x00007ffc4f89ff58 UE4Editor-GraphEditor.dll!UnknownFunction []
[2026.08.24-20.35.12:704][994]LogOutputDevice: Error: [Callstack] 0x00007ffc4f8ad0bc UE4Editor-GraphEditor.dll!UnknownFunction []
[2026.08.24-20.35.12:704][994]LogOutputDevice: Error: [Callstack] 0x00007ffc4f92879c UE4Editor-GraphEditor.dll!UnknownFunction []
[2026.08.24-20.35.12:704][994]LogOutputDevice: Error: [Callstack] 0x00007ffc4f925c7f UE4Editor-GraphEditor.dll!UnknownFunction []
[2026.08.24-20.35.12:704][994]LogOutputDevice: Error: [Callstack] 0x00007ffc89ac6c66 UE4Editor-SlateCore.dll!UnknownFunction []
[2026.08.24-20.35.12:704][994]LogOutputDevice: Error: [Callstack] 0x00007ffc89ac4945 UE4Editor-SlateCore.dll!UnknownFunction []
[2026.08.24-20.35.12:704][994]LogOutputDevice: Error: [Callstack] 0x00007ffc89ac6c66 UE4Editor-SlateCore.dll!UnknownFunction []
[2026.08.24-20.35.12:704][994]LogOutputDevice: Error: [Callstack] 0x00007ffc89ac3ca2 UE4Editor-SlateCore.dll!UnknownFunction []
[2026.08.24-20.35.12:704][994]LogOutputDevice: Error: [Callstack] 0x00007ffc89ac6c66 UE4Editor-SlateCore.dll!UnknownFunction []
[2026.08.24-20.35.12:705][994]LogOutputDevice: Error: [Callstack] 0x00007ffc8b79b559 UE4Editor-Slate.dll!UnknownFunction []
[2026.08.24-20.35.12:705][994]LogOutputDevice: Error: [Callstack] 0x00007ffc89ac6c66 UE4Editor-SlateCore.dll!UnknownFunction []
[2026.08.24-20.35.12:705][994]LogOutputDevice: Error: [Callstack] 0x00007ffc89ac3ca2 UE4Editor-SlateCore.dll!UnknownFunction []
[2026.08.24-20.35.12:705][994]LogOutputDevice: Error: [Callstack] 0x00007ffc89ac6c66 UE4Editor-SlateCore.dll!UnknownFunction []
[2026.08.24-20.35.12:705][994]LogOutputDevice: Error: [Callstack] 0x00007ffc89ac3ca2 UE4Editor-SlateCore.dll!UnknownFunction []
[2026.08.24-20.35.12:705][994]LogOutputDevice: Error: [Callstack] 0x00007ffc8b79b3e4 UE4Editor-Slate.dll!UnknownFunction []
[2026.08.24-20.35.12:705][994]LogOutputDevice: Error: [Callstack] 0x00007ffc89ac6c66 UE4Editor-SlateCore.dll!UnknownFunction []
[2026.08.24-20.35.12:705][994]LogOutputDevice: Error: [Callstack] 0x00007ffc89ac4945 UE4Editor-SlateCore.dll!UnknownFunction []
[2026.08.24-20.35.12:705][994]LogOutputDevice: Error: [Callstack] 0x00007ffc89ac6c66 UE4Editor-SlateCore.dll!UnknownFunction []
[2026.08.24-20.35.12:705][994]LogOutputDevice: Error: [Callstack] 0x00007ffc89ac7678 UE4Editor-SlateCore.dll!UnknownFunction []
[2026.08.24-20.35.12:705][994]LogOutputDevice: Error: [Callstack] 0x00007ffc89ac4adb UE4Editor-SlateCore.dll!UnknownFunction []
[2026.08.24-20.35.12:705][994]LogOutputDevice: Error: [Callstack] 0x00007ffc89ac6c66 UE4Editor-SlateCore.dll!UnknownFunction []
[2026.08.24-20.35.12:705][994]LogOutputDevice: Error: [Callstack] 0x00007ffc89ac3ca2 UE4Editor-SlateCore.dll!UnknownFunction []
[2026.08.24-20.35.12:705][994]LogOutputDevice: Error: [Callstack] 0x00007ffc89ac6c66 UE4Editor-SlateCore.dll!UnknownFunction []
[2026.08.24-20.35.12:705][994]LogOutputDevice: Error: [Callstack] 0x00007ffc89ac7678 UE4Editor-SlateCore.dll!UnknownFunction []
[2026.08.24-20.35.12:705][994]LogOutputDevice: Error: [Callstack] 0x00007ffc8b79d800 UE4Editor-Slate.dll!UnknownFunction []
[2026.08.24-20.35.12:705][994]LogOutputDevice: Error: [Callstack] 0x00007ffc89ac6c66 UE4Editor-SlateCore.dll!UnknownFunction []
[2026.08.24-20.35.12:705][994]LogOutputDevice: Error: [Callstack] 0x00007ffc89ac3ca2 UE4Editor-SlateCore.dll!UnknownFunction []
[2026.08.24-20.35.12:705][994]LogOutputDevice: Error: [Callstack] 0x00007ffc89ac6c66 UE4Editor-SlateCore.dll!UnknownFunction []
[2026.08.24-20.35.12:705][994]LogOutputDevice: Error: [Callstack] 0x00007ffc89ac7678 UE4Editor-SlateCore.dll!UnknownFunction []
[2026.08.24-20.35.12:705][994]LogOutputDevice: Error: [Callstack] 0x00007ffc8b79d800 UE4Editor-Slate.dll!UnknownFunction []
[2026.08.24-20.35.12:705][994]LogOutputDevice: Error: [Callstack] 0x00007ffc89ac6c66 UE4Editor-SlateCore.dll!UnknownFunction []
[2026.08.24-20.35.12:705][994]LogOutputDevice: Error: [Callstack] 0x00007ffc89ac4945 UE4Editor-SlateCore.dll!UnknownFunction []
[2026.08.24-20.35.12:705][994]LogOutputDevice: Error: [Callstack] 0x00007ffc89ac6c66 UE4Editor-SlateCore.dll!UnknownFunction []
[2026.08.24-20.35.12:705][994]LogOutputDevice: Error: [Callstack] 0x00007ffc89ac3ca2 UE4Editor-SlateCore.dll!UnknownFunction []
[2026.08.24-20.35.12:705][994]LogOutputDevice: Error: [Callstack] 0x00007ffc89ac6c66 UE4Editor-SlateCore.dll!UnknownFunction []
[2026.08.24-20.35.12:705][994]LogOutputDevice: Error: [Callstack] 0x00007ffc89ac7678 UE4Editor-SlateCore.dll!UnknownFunction []
[2026.08.24-20.35.12:705][994]LogOutputDevice: Error: [Callstack] 0x00007ffc89ac4adb UE4Editor-SlateCore.dll!UnknownFunction []
[2026.08.24-20.35.12:705][994]LogOutputDevice: Error: [Callstack] 0x00007ffc89ac6c66 UE4Editor-SlateCore.dll!UnknownFunction []
[2026.08.24-20.35.12:705][994]LogOutputDevice: Error: [Callstack] 0x00007ffc89ac3ca2 UE4Editor-SlateCore.dll!UnknownFunction []
[2026.08.24-20.35.12:705][994]LogOutputDevice: Error: [Callstack] 0x00007ffc89ac6c66 UE4Editor-SlateCore.dll!UnknownFunction []
[2026.08.24-20.35.12:705][994]LogOutputDevice: Error: [Callstack] 0x00007ffc89ac3ca2 UE4Editor-SlateCore.dll!UnknownFunction []
[2026.08.24-20.35.12:705][994]LogOutputDevice: Error: [Callstack] 0x00007ffc8b79b3e4 UE4Editor-Slate.dll!UnknownFunction []
[2026.08.24-20.35.12:705][994]LogOutputDevice: Error: [Callstack] 0x00007ffc89ac6c66 UE4Editor-SlateCore.dll!UnknownFunction []
[2026.08.24-20.35.12:705][994]LogOutputDevice: Error: [Callstack] 0x00007ffc89ac4945 UE4Editor-SlateCore.dll!UnknownFunction []
[2026.08.24-20.35.12:705][994]LogOutputDevice: Error: [Callstack] 0x00007ffc89ac6c66 UE4Editor-SlateCore.dll!UnknownFunction []
[2026.08.24-20.35.12:705][994]LogOutputDevice: Error: [Callstack] 0x00007ffc89ac7678 UE4Editor-SlateCore.dll!UnknownFunction []
[2026.08.24-20.35.12:705][994]LogOutputDevice: Error: [Callstack] 0x00007ffc89ac4adb UE4Editor-SlateCore.dll!UnknownFunction []
[2026.08.24-20.35.12:705][994]LogOutputDevice: Error: [Callstack] 0x00007ffc89ac6c66 UE4Editor-SlateCore.dll!UnknownFunction []
[2026.08.24-20.35.12:705][994]LogOutputDevice: Error: [Callstack] 0x00007ffc89ac3ca2 UE4Editor-SlateCore.dll!UnknownFunction []
[2026.08.24-20.35.12:705][994]LogOutputDevice: Error: [Callstack] 0x00007ffc89ac6c66 UE4Editor-SlateCore.dll!UnknownFunction []
[2026.08.24-20.35.12:705][994]LogOutputDevice: Error: [Callstack] 0x00007ffc89ac7678 UE4Editor-SlateCore.dll!UnknownFunction []
[2026.08.24-20.35.12:705][994]LogOutputDevice: Error: [Callstack] 0x00007ffc8b79d800 UE4Editor-Slate.dll!UnknownFunction []
[2026.08.24-20.35.12:705][994]LogOutputDevice: Error: [Callstack] 0x00007ffc89ac6c66 UE4Editor-SlateCore.dll!UnknownFunction []
[2026.08.24-20.35.12:705][994]LogOutputDevice: Error: [Callstack] 0x00007ffc89ac4945 UE4Editor-SlateCore.dll!UnknownFunction []
[2026.08.24-20.35.12:705][994]LogOutputDevice: Error: [Callstack] 0x00007ffc89ac6c66 UE4Editor-SlateCore.dll!UnknownFunction []
[2026.08.24-20.35.12:705][994]LogOutputDevice: Error: [Callstack] 0x00007ffc89ac3ca2 UE4Editor-SlateCore.dll!UnknownFunction []
[2026.08.24-20.35.12:705][994]LogOutputDevice: Error: [Callstack] 0x00007ffc89ac6c66 UE4Editor-SlateCore.dll!UnknownFunction []
[2026.08.24-20.35.12:705][994]LogOutputDevice: Error: [Callstack] 0x00007ffc89ac7678 UE4Editor-SlateCore.dll!UnknownFunction []
[2026.08.24-20.35.12:705][994]LogOutputDevice: Error: [Callstack] 0x00007ffc89ac4adb UE4Editor-SlateCore.dll!UnknownFunction []
[2026.08.24-20.35.12:705][994]LogOutputDevice: Error: [Callstack] 0x00007ffc89ac6c66 UE4Editor-SlateCore.dll!UnknownFunction []
[2026.08.24-20.35.12:705][994]LogOutputDevice: Error: [Callstack] 0x00007ffc89ac7678 UE4Editor-SlateCore.dll!UnknownFunction []
[2026.08.24-20.35.12:705][994]LogOutputDevice: Error: [Callstack] 0x00007ffc89ac4adb UE4Editor-SlateCore.dll!UnknownFunction []
[2026.08.24-20.35.12:705][994]LogOutputDevice: Error: [Callstack] 0x00007ffc89ac6c66 UE4Editor-SlateCore.dll!UnknownFunction []
[2026.08.24-20.35.12:705][994]LogOutputDevice: Error: [Callstack] 0x00007ffc89ac4945 UE4Editor-SlateCore.dll!UnknownFunction []
[2026.08.24-20.35.12:705][994]LogOutputDevice: Error: [Callstack] 0x00007ffc89ac6c66 UE4Editor-SlateCore.dll!UnknownFunction []
[2026.08.24-20.35.12:705][994]LogOutputDevice: Error: [Callstack] 0x00007ffc89ac3ca2 UE4Editor-SlateCore.dll!UnknownFunction []
[2026.08.24-20.35.12:705][994]LogOutputDevice: Error: [Callstack] 0x00007ffc89ac6c66 UE4Editor-SlateCore.dll!UnknownFunction []
[2026.08.24-20.35.12:705][994]LogOutputDevice: Error: [Callstack] 0x00007ffc89ac7787 UE4Editor-SlateCore.dll!UnknownFunction []
[2026.08.24-20.35.12:705][994]LogOutputDevice: Error: [Callstack] 0x00007ffc899dbe74 UE4Editor-SlateCore.dll!UnknownFunction []
[2026.08.24-20.35.12:705][994]LogOutputDevice: Error: [Callstack] 0x00007ffc89ac7a1c UE4Editor-SlateCore.dll!UnknownFunction []
[2026.08.24-20.35.12:705][994]LogOutputDevice: Error: [Callstack] 0x00007ffc8b571bee UE4Editor-Slate.dll!UnknownFunction []
[2026.08.24-20.35.12:705][994]LogOutputDevice: Error: [Callstack] 0x00007ffc8b5a2779 UE4Editor-Slate.dll!UnknownFunction []
[2026.08.24-20.35.12:705][994]LogOutputDevice: Error: [Callstack] 0x00007ffc8b572547 UE4Editor-Slate.dll!UnknownFunction []
[2026.08.24-20.35.12:705][994]LogOutputDevice: Error: [Callstack] 0x00007ffc8b5c8279 UE4Editor-Slate.dll!UnknownFunction []
[2026.08.24-20.35.12:705][994]LogOutputDevice: Error: [Callstack] 0x00007ffc8b5c7a73 UE4Editor-Slate.dll!UnknownFunction []
[2026.08.24-20.35.12:705][994]LogOutputDevice: Error: [Callstack] 0x00007ff6330d9a1f UE4Editor.exe!UnknownFunction []
[2026.08.24-20.35.12:705][994]LogOutputDevice: Error: [Callstack] 0x00007ff6330f0fcc UE4Editor.exe!UnknownFunction []
[2026.08.24-20.35.12:705][994]LogOutputDevice: Error: [Callstack] 0x00007ff6330f10ba UE4Editor.exe!UnknownFunction []
[2026.08.24-20.35.12:705][994]LogOutputDevice: Error: [Callstack] 0x00007ff6330f40dd UE4Editor.exe!UnknownFunction []
[2026.08.24-20.35.12:705][994]LogOutputDevice: Error: [Callstack] 0x00007ff633105984 UE4Editor.exe!UnknownFunction []
[2026.08.24-20.35.12:705][994]LogOutputDevice: Error: [Callstack] 0x00007ff63310853a UE4Editor.exe!UnknownFunction []
[2026.08.24-20.35.12:705][994]LogOutputDevice: Error: [Callstack] 0x00007ffcfa9dccb7 KERNEL32.DLL!UnknownFunction []
[2026.08.24-20.35.12:705][994]LogOutputDevice: Error: [Callstack] 0x00007ffcfb14ad6c ntdll.dll!UnknownFunction []
[2026.08.24-20.35.12:705][994]LogOutputDevice: Error: 
[2026.08.24-20.35.12:710][994]LogStats:                SubmitErrorReport -  0.000 s
[2026.08.24-20.35.15:817][994]LogStats:                    SendNewReport -  3.107 s
[2026.08.24-20.35.15:817][994]LogStats:             FDebug::EnsureFailed -  3.196 s
[2026.08.24-20.35.17:067][ 74]LogEditorTransaction: Undo Delete current selection
[2026.08.24-20.35.43:769][154]BlueprintLog: New page: Compile BP_Revolver
[2026.08.24-20.35.43:825][154]LogUObjectHash: Compacting FUObjectHashTables data took   2.31ms
[2026.08.24-20.35.45:276][232]LogSavePackage: Moving 'E:/_Alex's Data/Unreal Engine/Unreal Projects/Brackeys2026/Brackeys-2026/BrackeysJam2026/Saved/BP_Revolver1040B9334ECA047EF697E3B415251D20.tmp' to 'E:/_Alex's Data/Unreal Engine/Unreal Projects/Brackeys2026/Brackeys-2026/BrackeysJam2026/Content/Brackeys2026/Objects/CoinGun/BP_Revolver.uasset'
[2026.08.24-20.35.45:304][232]AssetCheck: New page: Asset Save: BP_Revolver
[2026.08.24-20.35.45:304][232]LogContentValidation: Display: Validating Blueprint /Game/Brackeys2026/Objects/CoinGun/BP_Revolver.BP_Revolver
[2026.08.24-20.36.43:928][445]LogUObjectHash: Compacting FUObjectHashTables data took   2.28ms
[2026.08.24-20.36.45:773][445]LogSavePackage: Moving 'E:/_Alex's Data/Unreal Engine/Unreal Projects/Brackeys2026/Brackeys-2026/BrackeysJam2026/Saved/Brackeys2026Map_Auto209CC99F04669C30ACCB127BEB562D927.tmp' to 'E:/_Alex's Data/Unreal Engine/Unreal Projects/Brackeys2026/Brackeys-2026/BrackeysJam2026/Saved/Autosaves/Game/Brackeys2026/Levels/Brackeys2026Map_Auto2.umap'
[2026.08.24-20.36.45:780][445]LogFileHelpers: Editor autosave (incl. external actors) for '/Game/Brackeys2026/Levels/Brackeys2026Map' took 1.888
[2026.08.24-20.36.45:780][445]LogFileHelpers: Editor autosave (incl. sublevels & external actors) for all levels took 1.888
[2026.08.24-20.36.45:781][445]OBJ SavePackage: Generating thumbnails for [2] asset(s) in package [/Game/Brackeys2026/Objects/CoinGun/BP_Revolver] ([4] browsable assets)...
[2026.08.24-20.36.45:794][445]OBJ SavePackage:     Rendered thumbnail for [Blueprint /Game/Brackeys2026/Objects/CoinGun/BP_Revolver.BP_Revolver]
[2026.08.24-20.36.45:803][445]OBJ SavePackage:     Rendered thumbnail for [Blueprint /Game/Brackeys2026/Objects/CoinGun/BP_Revolver.BP_Revolver]
[2026.08.24-20.36.45:803][445]OBJ SavePackage: Finished generating thumbnails for package [/Game/Brackeys2026/Objects/CoinGun/BP_Revolver]
[2026.08.24-20.36.45:841][445]LogSavePackage: Moving 'E:/_Alex's Data/Unreal Engine/Unreal Projects/Brackeys2026/Brackeys-2026/BrackeysJam2026/Saved/BP_Revolver_Auto226FAE55848B2174E97389EAD36301A5F.tmp' to 'E:/_Alex's Data/Unreal Engine/Unreal Projects/Brackeys2026/Brackeys-2026/BrackeysJam2026/Saved/Autosaves/Game/Brackeys2026/Objects/CoinGun/BP_Revolver_Auto2.uasset'
[2026.08.24-20.36.45:843][445]LogFileHelpers: Auto-saving content packages took 0.063
[2026.08.24-20.39.22:981][656]LogEditorTransaction: Undo New Value Entered
[2026.08.24-20.40.25:344][ 51]LogUObjectHash: Compacting FUObjectHashTables data took   1.69ms
[2026.08.24-20.40.26:654][ 51]LogSlate: Window 'Save Content' being destroyed
[2026.08.24-20.40.26:748][ 51]LogSavePackage: Moving 'E:/_Alex's Data/Unreal Engine/Unreal Projects/Brackeys2026/Brackeys-2026/BrackeysJam2026/Saved/BP_Revolver32D7885B4DD50FCFE9823091C1751C77.tmp' to 'E:/_Alex's Data/Unreal Engine/Unreal Projects/Brackeys2026/Brackeys-2026/BrackeysJam2026/Content/Brackeys2026/Objects/CoinGun/BP_Revolver.uasset'
[2026.08.24-20.40.26:781][ 51]LogUObjectHash: Compacting FUObjectHashTables data took   0.54ms
[2026.08.24-20.40.26:796][ 51]LogSavePackage: Moving 'E:/_Alex's Data/Unreal Engine/Unreal Projects/Brackeys2026/Brackeys-2026/BrackeysJam2026/Saved/Brackeys2026MapC49AAA1442722AE01191D08BC6ED8087.tmp' to 'E:/_Alex's Data/Unreal Engine/Unreal Projects/Brackeys2026/Brackeys-2026/BrackeysJam2026/Content/Brackeys2026/Levels/Brackeys2026Map.umap'
[2026.08.24-20.40.26:855][ 51]LogFileHelpers: Saving map 'Brackeys2026Map' took 0.101
[2026.08.24-20.40.27:528][ 51]LogSavePackage: Moving 'E:/_Alex's Data/Unreal Engine/Unreal Projects/Brackeys2026/Brackeys-2026/BrackeysJam2026/Saved/DefaultMaterial_BaseColor682CD8284638FD948D629B910D26F174.tmp' to 'E:/_Alex's Data/Unreal Engine/Unreal Projects/Brackeys2026/Brackeys-2026/BrackeysJam2026/Content/Brackeys2026/Objects/CoinGun/DefaultMaterial_BaseColor.uasset'
[2026.08.24-20.40.28:003][ 51]LogSavePackage: Moving 'E:/_Alex's Data/Unreal Engine/Unreal Projects/Brackeys2026/Brackeys-2026/BrackeysJam2026/Saved/DefaultMaterial_NormalC81706844470F7E1F0C8E5A5A393CB51.tmp' to 'E:/_Alex's Data/Unreal Engine/Unreal Projects/Brackeys2026/Brackeys-2026/BrackeysJam2026/Content/Brackeys2026/Objects/CoinGun/DefaultMaterial_Normal.uasset'
[2026.08.24-20.40.28:577][ 51]LogSavePackage: Moving 'E:/_Alex's Data/Unreal Engine/Unreal Projects/Brackeys2026/Brackeys-2026/BrackeysJam2026/Saved/DefaultMaterial_Roughness9C1F8A30438CD84E5A3953BFA457A4E2.tmp' to 'E:/_Alex's Data/Unreal Engine/Unreal Projects/Brackeys2026/Brackeys-2026/BrackeysJam2026/Content/Brackeys2026/Objects/CoinGun/DefaultMaterial_Roughness.uasset'
[2026.08.24-20.40.28:602][ 51]LogSavePackage: Moving 'E:/_Alex's Data/Unreal Engine/Unreal Projects/Brackeys2026/Brackeys-2026/BrackeysJam2026/Saved/Material_0033A0B360F4F4568290DE9E08BB23447E9.tmp' to 'E:/_Alex's Data/Unreal Engine/Unreal Projects/Brackeys2026/Brackeys-2026/BrackeysJam2026/Content/Brackeys2026/Objects/CoinGun/Material_003.uasset'
[2026.08.24-20.40.28:964][ 51]LogSavePackage: Moving 'E:/_Alex's Data/Unreal Engine/Unreal Projects/Brackeys2026/Brackeys-2026/BrackeysJam2026/Saved/Revolver_separated_RevolverF4AE11424B7AFD665688D3BFDB2B82F8.tmp' to 'E:/_Alex's Data/Unreal Engine/Unreal Projects/Brackeys2026/Brackeys-2026/BrackeysJam2026/Content/Brackeys2026/Objects/CoinGun/Revolver_separated_Revolver.uasset'
[2026.08.24-20.40.28:974][ 51]LogSavePackage: Moving 'E:/_Alex's Data/Unreal Engine/Unreal Projects/Brackeys2026/Brackeys-2026/BrackeysJam2026/Saved/Revolver_separated_Revolver_00246B457B143276A8B5310A1A46DE9B18D.tmp' to 'E:/_Alex's Data/Unreal Engine/Unreal Projects/Brackeys2026/Brackeys-2026/BrackeysJam2026/Content/Brackeys2026/Objects/CoinGun/Revolver_separated_Revolver_002.uasset'
[2026.08.24-20.40.28:981][ 51]LogSavePackage: Moving 'E:/_Alex's Data/Unreal Engine/Unreal Projects/Brackeys2026/Brackeys-2026/BrackeysJam2026/Saved/Revolver_separated_Revolver_003BF5F4D52489ECE25FB5CEA94452A8781.tmp' to 'E:/_Alex's Data/Unreal Engine/Unreal Projects/Brackeys2026/Brackeys-2026/BrackeysJam2026/Content/Brackeys2026/Objects/CoinGun/Revolver_separated_Revolver_003.uasset'
[2026.08.24-20.40.28:992][ 51]LogSavePackage: Moving 'E:/_Alex's Data/Unreal Engine/Unreal Projects/Brackeys2026/Brackeys-2026/BrackeysJam2026/Saved/Revolver_separated_Revolver_004869B3EAA4E867AA87AD051A877E40399.tmp' to 'E:/_Alex's Data/Unreal Engine/Unreal Projects/Brackeys2026/Brackeys-2026/BrackeysJam2026/Content/Brackeys2026/Objects/CoinGun/Revolver_separated_Revolver_004.uasset'
[2026.08.24-20.40.29:014][ 51]AssetCheck: New page: Asset Save: multiple assets
[2026.08.24-20.40.29:014][ 51]LogContentValidation: Display: Validating Blueprint /Game/Brackeys2026/Objects/CoinGun/BP_Revolver.BP_Revolver
[2026.08.24-20.40.29:014][ 51]LogContentValidation: Display: Validating World /Game/Brackeys2026/Levels/Brackeys2026Map.Brackeys2026Map
[2026.08.24-20.40.29:014][ 51]LogContentValidation: Display: Validating StaticMesh /Game/Brackeys2026/Objects/CoinGun/Revolver_separated_Revolver_004.Revolver_separated_Revolver_004
[2026.08.24-20.40.29:014][ 51]LogContentValidation: Display: Validating StaticMesh /Game/Brackeys2026/Objects/CoinGun/Revolver_separated_Revolver_003.Revolver_separated_Revolver_003
[2026.08.24-20.40.29:014][ 51]LogContentValidation: Display: Validating StaticMesh /Game/Brackeys2026/Objects/CoinGun/Revolver_separated_Revolver_002.Revolver_separated_Revolver_002
[2026.08.24-20.40.29:014][ 51]LogContentValidation: Display: Validating Texture2D /Game/Brackeys2026/Objects/CoinGun/DefaultMaterial_Normal.DefaultMaterial_Normal
[2026.08.24-20.40.29:014][ 51]LogContentValidation: Display: Validating Texture2D /Game/Brackeys2026/Objects/CoinGun/DefaultMaterial_Roughness.DefaultMaterial_Roughness
[2026.08.24-20.40.29:014][ 51]LogContentValidation: Display: Validating Texture2D /Game/Brackeys2026/Objects/CoinGun/DefaultMaterial_BaseColor.DefaultMaterial_BaseColor
[2026.08.24-20.40.29:014][ 51]LogContentValidation: Display: Validating Material /Game/Brackeys2026/Objects/CoinGun/Material_003.Material_003
[2026.08.24-20.40.29:014][ 51]LogContentValidation: Display: Validating StaticMesh /Game/Brackeys2026/Objects/CoinGun/Revolver_separated_Revolver.Revolver_separated_Revolver
[2026.08.24-20.40.39:443][211]LogWorld: UWorld::CleanupWorld for World_7, bSessionEnded=true, bCleanupResources=true
[2026.08.24-20.40.39:443][211]LogSlate: InvalidateAllWidgets triggered.  All widgets were invalidated
[2026.08.24-20.41.33:585][388]LogCurveEditor: Warning: A key on CurveFloat_1 could not be moved because there was already a key at that time.
[2026.08.24-20.41.35:585][492]LogEditorTransaction: Undo New Value Entered
[2026.08.24-20.41.36:200][507]LogEditorTransaction: Undo New Time Entered
[2026.08.24-20.41.36:766][527]LogEditorTransaction: Undo Add Key(s)
[2026.08.24-20.41.37:310][546]LogEditorTransaction: Undo New Value Entered
[2026.08.24-20.41.37:886][567]LogEditorTransaction: Undo New Time Entered
[2026.08.24-20.41.38:526][591]LogEditorTransaction: Undo Mouse Drag
[2026.08.24-20.41.41:944][707]BlueprintLog: New page: Compile BP_Revolver
[2026.08.24-20.41.41:997][707]LogUObjectHash: Compacting FUObjectHashTables data took   1.86ms
[2026.08.24-20.41.42:408][726]LogSavePackage: Moving 'E:/_Alex's Data/Unreal Engine/Unreal Projects/Brackeys2026/Brackeys-2026/BrackeysJam2026/Saved/BP_RevolverB93C7A8E45ADF127D14D4C8E5A3A6620.tmp' to 'E:/_Alex's Data/Unreal Engine/Unreal Projects/Brackeys2026/Brackeys-2026/BrackeysJam2026/Content/Brackeys2026/Objects/CoinGun/BP_Revolver.uasset'
[2026.08.24-20.41.42:429][726]AssetCheck: New page: Asset Save: BP_Revolver
[2026.08.24-20.41.42:429][726]LogContentValidation: Display: Validating Blueprint /Game/Brackeys2026/Objects/CoinGun/BP_Revolver.BP_Revolver
[2026.08.24-20.42.52:855][295]LogUObjectHash: Compacting FUObjectHashTables data took   2.37ms
[2026.08.24-20.42.53:766][295]LogSlate: Window 'Save Content' being destroyed
[2026.08.24-20.42.53:809][295]LogUObjectHash: Compacting FUObjectHashTables data took   0.49ms
[2026.08.24-20.42.55:360][295]LogSavePackage: Moving 'E:/_Alex's Data/Unreal Engine/Unreal Projects/Brackeys2026/Brackeys-2026/BrackeysJam2026/Saved/Brackeys2026Map343265854BA0A85A19268482D74AB520.tmp' to 'E:/_Alex's Data/Unreal Engine/Unreal Projects/Brackeys2026/Brackeys-2026/BrackeysJam2026/Content/Brackeys2026/Levels/Brackeys2026Map.umap'
[2026.08.24-20.42.55:403][295]LogFileHelpers: Saving map 'Brackeys2026Map' took 1.618
[2026.08.24-20.42.55:441][295]AssetCheck: New page: Asset Save: Brackeys2026Map
[2026.08.24-20.42.55:441][295]LogContentValidation: Display: Validating World /Game/Brackeys2026/Levels/Brackeys2026Map.Brackeys2026Map
