Log file open, 08/24/26 16:42:34
LogWindows: Failed to load 'aqProf.dll' (GetLastError=126)
LogWindows: File 'aqProf.dll' does not exist
LogWindows: Failed to load 'VtuneApi.dll' (GetLastError=126)
LogWindows: File 'VtuneApi.dll' does not exist
LogWindows: Failed to load 'VtuneApi32e.dll' (GetLastError=126)
LogWindows: File 'VtuneApi32e.dll' does not exist
LogConsoleResponse: Display: Failed to find resolution value strings in scalability ini. Falling back to default.
LogConsoleResponse: Display: Failed to find resolution value strings in scalability ini. Falling back to default.
LogInit: Display: Running engine for game: BrackeysJam2026
LogPlatformFile: Not using cached read wrapper
LogTaskGraph: Started task graph with 5 named threads and 47 total threads with 3 sets of task threads.
LogStats: Stats thread started at 0.266472
LogICUInternationalization: ICU TimeZone Detection - Raw Offset: -8:00, Platform Override: ''
LogInit: Display: Loading text-based GConfig....
LogPluginManager: Mounting plugin MeshPainting
LogPluginManager: Mounting plugin XGEController
LogPluginManager: Mounting plugin Paper2D
LogPluginManager: Mounting plugin LiveLink
LogPluginManager: Mounting plugin AISupport
LogPluginManager: Mounting plugin LightPropagationVolume
LogPluginManager: Mounting plugin EnvironmentQueryEditor
LogPluginManager: Mounting plugin AnimationSharing
LogPluginManager: Mounting plugin CodeLiteSourceCodeAccess
LogPluginManager: Mounting plugin KDevelopSourceCodeAccess
LogPluginManager: Mounting plugin GitSourceControl
LogPluginManager: Mounting plugin PixWinPlugin
LogPluginManager: Mounting plugin PluginUtils
LogPluginManager: Mounting plugin PerforceSourceControl
LogPluginManager: Mounting plugin PlasticSourceControl
LogPluginManager: Mounting plugin NullSourceCodeAccess
LogPluginManager: Mounting plugin SubversionSourceControl
LogPluginManager: Mounting plugin CLionSourceCodeAccess
LogPluginManager: Mounting plugin UObjectPlugin
LogPluginManager: Mounting plugin PropertyAccessNode
LogPluginManager: Mounting plugin TextureFormatOodle
LogPluginManager: Mounting plugin VisualStudioSourceCodeAccess
LogPluginManager: Mounting plugin CameraShakePreviewer
LogPluginManager: Mounting plugin RiderSourceCodeAccess
LogPluginManager: Mounting plugin XCodeSourceCodeAccess
LogPluginManager: Mounting plugin AssetManagerEditor
LogPluginManager: Mounting plugin VisualStudioCodeSourceCodeAccess
LogPluginManager: Mounting plugin OodleNetwork
LogPluginManager: Mounting plugin Niagara
LogPluginManager: Mounting plugin OodleData
LogPluginManager: Mounting plugin DatasmithContent
LogPluginManager: Mounting plugin VariantManagerContent
LogPluginManager: Mounting plugin CryptoKeys
LogPluginManager: Mounting plugin FacialAnimation
LogPluginManager: Mounting plugin DataValidation
LogPluginManager: Mounting plugin GameplayTagsEditor
LogPluginManager: Mounting plugin MaterialAnalyzer
LogPluginManager: Mounting plugin CurveEditorTools
LogPluginManager: Mounting plugin PluginBrowser
LogPluginManager: Mounting plugin MobileLauncherProfileWizard
LogPluginManager: Mounting plugin GeometryMode
LogPluginManager: Mounting plugin MacGraphicsSwitching
LogPluginManager: Mounting plugin SpeedTreeImporter
LogPluginManager: Mounting plugin AlembicImporter
LogPluginManager: Mounting plugin AutomationUtils
LogPluginManager: Mounting plugin BackChannel
LogPluginManager: Mounting plugin ChaosCloth
LogPluginManager: Mounting plugin ChaosEditor
LogPluginManager: Mounting plugin ChaosClothEditor
LogPluginManager: Mounting plugin ChaosNiagara
LogPluginManager: Mounting plugin ChaosSolverPlugin
LogPluginManager: Mounting plugin CharacterAI
LogPluginManager: Mounting plugin LuminPlatformFeatures
LogPluginManager: Mounting plugin MagicLeap
LogPluginManager: Mounting plugin MagicLeapMedia
LogPluginManager: Mounting plugin MagicLeapLightEstimation
LogPluginManager: Mounting plugin MagicLeapPassableWorld
LogPluginManager: Mounting plugin MLSDK
LogPluginManager: Mounting plugin AndroidMedia
LogPluginManager: Mounting plugin AvfMedia
LogPluginManager: Mounting plugin ImgMedia
LogPluginManager: Mounting plugin MediaCompositing
LogPluginManager: Mounting plugin MediaPlayerEditor
LogPluginManager: Mounting plugin WebMMedia
LogPluginManager: Mounting plugin GeometryCache
LogPluginManager: Mounting plugin GeometryProcessing
LogPluginManager: Mounting plugin WmfMedia
LogPluginManager: Mounting plugin GeometryCollectionPlugin
LogPluginManager: Mounting plugin MotoSynth
LogPluginManager: Mounting plugin OpenImageDenoise
LogPluginManager: Mounting plugin PlanarCut
LogPluginManager: Mounting plugin ProxyLODPlugin
LogPluginManager: Mounting plugin PythonScriptPlugin
LogPluginManager: Mounting plugin PlatformCrypto
LogPluginManager: Mounting plugin SkeletalReduction
LogPluginManager: Mounting plugin UdpMessaging
LogPluginManager: Mounting plugin TcpMessaging
LogPluginManager: Mounting plugin ActorSequence
LogPluginManager: Mounting plugin LevelSequenceEditor
LogPluginManager: Mounting plugin MatineeToLevelSequence
LogPluginManager: Mounting plugin OnlineSubsystem
LogPluginManager: Mounting plugin TemplateSequence
LogPluginManager: Mounting plugin OnlineSubsystemNull
LogPluginManager: Mounting plugin OnlineSubsystemUtils
LogPluginManager: Mounting plugin LauncherChunkInstaller
LogPluginManager: Mounting plugin ActorLayerUtilities
LogPluginManager: Mounting plugin AndroidMoviePlayer
LogPluginManager: Mounting plugin AndroidPermission
LogPluginManager: Mounting plugin AndroidDeviceProfileSelector
LogPluginManager: Mounting plugin AppleImageUtils
LogPluginManager: Mounting plugin AppleMoviePlayer
LogPluginManager: Mounting plugin ArchVisCharacter
LogPluginManager: Mounting plugin AssetTags
LogPluginManager: Mounting plugin AudioSynesthesia
LogPluginManager: Mounting plugin CustomMeshComponent
LogPluginManager: Mounting plugin ChunkDownloader
LogPluginManager: Mounting plugin CableComponent
LogPluginManager: Mounting plugin EditableMesh
LogPluginManager: Mounting plugin ExampleDeviceProfileSelector
LogPluginManager: Mounting plugin AudioCapture
LogPluginManager: Mounting plugin GoogleCloudMessaging
LogPluginManager: Mounting plugin GooglePAD
LogPluginManager: Mounting plugin Takes
LogPluginManager: Mounting plugin ScreenshotTools
LogPluginManager: Mounting plugin IOSDeviceProfileSelector
LogPluginManager: Mounting plugin LinuxDeviceProfileSelector
LogPluginManager: Mounting plugin LocationServicesBPLibrary
LogPluginManager: Mounting plugin MobilePatchingUtils
LogPluginManager: Mounting plugin OpenXR
LogPluginManager: Mounting plugin OpenXREyeTracker
LogPluginManager: Mounting plugin OpenXRHandTracking
LogPluginManager: Mounting plugin PhysXVehicles
LogPluginManager: Mounting plugin PostSplashScreen
LogPluginManager: Mounting plugin ProceduralMeshComponent
LogPluginManager: Mounting plugin PropertyAccessEditor
LogPluginManager: Mounting plugin RuntimePhysXCooking
LogPluginManager: Mounting plugin SoundFields
LogPluginManager: Mounting plugin SignificanceManager
LogPluginManager: Mounting plugin Synthesis
LogPluginManager: Mounting plugin WebMMoviePlayer
LogPluginManager: Mounting plugin WindowsMoviePlayer
LogPluginManager: Mounting plugin GameplayCameras
LogPluginManager: Mounting plugin ContentBrowserAssetDataSource
LogPluginManager: Mounting plugin ContentBrowserClassDataSource
LogPluginManager: Mounting plugin ContentBrowserFileDataSource
LogPluginManager: Mounting plugin OnlineSubsystemGooglePlay
LogPluginManager: Mounting plugin OnlineSubsystemIOS
LogPluginManager: Mounting plugin OculusVR
LogPluginManager: Mounting plugin SteamVR
PixWinPlugin: PIX capture plugin failed to initialize! Check that the process is launched from PIX.
LogInit: Using libcurl 7.55.1-DEV
LogInit:  - built for x86_64-pc-win32
LogInit:  - supports SSL with OpenSSL/1.1.1
LogInit:  - supports HTTP deflate (compression) using libz 1.2.8
LogInit:  - other features:
LogInit:      CURL_VERSION_SSL
LogInit:      CURL_VERSION_LIBZ
LogInit:      CURL_VERSION_IPV6
LogInit:      CURL_VERSION_ASYNCHDNS
LogInit:      CURL_VERSION_LARGEFILE
LogInit:      CURL_VERSION_IDN
LogInit:  CurlRequestOptions (configurable via config and command line):
LogInit:  - bVerifyPeer = true  - Libcurl will verify peer certificate
LogInit:  - bUseHttpProxy = false  - Libcurl will NOT use HTTP proxy
LogInit:  - bDontReuseConnections = false  - Libcurl will reuse connections
LogInit:  - MaxHostConnections = 16  - Libcurl will limit the number of connections to a host
LogInit:  - LocalHostAddr = Default
LogInit:  - BufferSize = 65536
LogOnline: OSS: Creating online subsystem instance for: NULL
LogInit: WinSock: version 1.1 (2.2), MaxSocks=32767, MaxUdp=65467
LogOnline: OSS: TryLoadSubsystemAndSetDefault: Loaded subsystem for module [NULL]
LogOculusPluginWrapper: OculusPlugin initialized successfully
LogHMD: Failed initializing OVRPlugin 1.59.0
LogInit: Build: ++UE4+Release-4.27-CL-18319896
LogInit: Engine Version: 4.27.2-18319896+++UE4+Release-4.27
LogInit: Compatible Engine Version: 4.27.0-17155196+++UE4+Release-4.27
LogInit: Net CL: 17155196
LogInit: OS: Windows 10 (Release 2009) (), CPU: AMD Ryzen 7 PRO 8845HS w/ Radeon 780M Graphics, GPU: AMD Radeon 780M Graphics
LogInit: Compiled (64-bit): Nov 30 2021 07:12:08
LogInit: Compiled with Visual C++: 19.24.28315.00
LogInit: Build Configuration: Development
LogInit: Branch Name: ++UE4+Release-4.27
LogInit: Command Line: 
LogInit: Base Directory: C:/Program Files/Epic Games/UE_4.27/Engine/Binaries/Win64/
LogInit: Allocator: TBB
LogInit: Installed Engine Build: 1
LogDevObjectVersion: Number of dev versions registered: 29
LogDevObjectVersion:   Dev-Blueprints (B0D832E4-1F89-4F0D-ACCF-7EB736FD4AA2): 10
LogDevObjectVersion:   Dev-Build (E1C64328-A22C-4D53-A36C-8E866417BD8C): 0
LogDevObjectVersion:   Dev-Core (375EC13C-06E4-48FB-B500-84F0262A717E): 4
LogDevObjectVersion:   Dev-Editor (E4B068ED-F494-42E9-A231-DA0B2E46BB41): 40
LogDevObjectVersion:   Dev-Framework (CFFC743F-43B0-4480-9391-14DF171D2073): 37
LogDevObjectVersion:   Dev-Mobile (B02B49B5-BB20-44E9-A304-32B752E40360): 3
LogDevObjectVersion:   Dev-Networking (A4E4105C-59A1-49B5-A7C5-40C4547EDFEE): 0
LogDevObjectVersion:   Dev-Online (39C831C9-5AE6-47DC-9A44-9C173E1C8E7C): 0
LogDevObjectVersion:   Dev-Physics (78F01B33-EBEA-4F98-B9B4-84EACCB95AA2): 14
LogDevObjectVersion:   Dev-Platform (6631380F-2D4D-43E0-8009-CF276956A95A): 0
LogDevObjectVersion:   Dev-Rendering (12F88B9F-8875-4AFC-A67C-D90C383ABD29): 45
LogDevObjectVersion:   Dev-Sequencer (7B5AE74C-D270-4C10-A958-57980B212A5A): 13
LogDevObjectVersion:   Dev-VR (D7296918-1DD6-4BDD-9DE2-64A83CC13884): 3
LogDevObjectVersion:   Dev-LoadTimes (C2A15278-BFE7-4AFE-6C17-90FF531DF755): 1
LogDevObjectVersion:   Private-Geometry (6EACA3D4-40EC-4CC1-B786-8BED09428FC5): 3
LogDevObjectVersion:   Dev-AnimPhys (29E575DD-E0A3-4627-9D10-D276232CDCEA): 17
LogDevObjectVersion:   Dev-Anim (AF43A65D-7FD3-4947-9873-3E8ED9C1BB05): 15
LogDevObjectVersion:   Dev-ReflectionCapture (6B266CEC-1EC7-4B8F-A30B-E4D90942FC07): 1
LogDevObjectVersion:   Dev-Automation (0DF73D61-A23F-47EA-B727-89E90C41499A): 1
LogDevObjectVersion:   FortniteMain (601D1886-AC64-4F84-AA16-D3DE0DEAC7D6): 47
LogDevObjectVersion:   FortniteRelease (E7086368-6B23-4C58-8439-1B7016265E91): 1
LogDevObjectVersion:   Dev-Enterprise (9DFFBCD6-494F-0158-E221-12823C92A888): 10
LogDevObjectVersion:   Dev-Niagara (F2AED0AC-9AFE-416F-8664-AA7FFA26D6FC): 1
LogDevObjectVersion:   Dev-Destruction (174F1F0B-B4C6-45A5-B13F-2EE8D0FB917D): 10
LogDevObjectVersion:   Dev-Physics-Ext (35F94A83-E258-406C-A318-09F59610247C): 41
LogDevObjectVersion:   Dev-PhysicsMaterial-Chaos (B68FC16E-8B1B-42E2-B453-215C058844FE): 1
LogDevObjectVersion:   Dev-CineCamera (B2E18506-4273-CFC2-A54E-F4BB758BBA07): 1
LogDevObjectVersion:   Dev-VirtualProduction (64F58936-FD1B-42BA-BA96-7289D5D0FA4E): 1
LogDevObjectVersion:   Dev-MediaFramework (6F0ED827-A609-4895-9C91-998D90180EA4): 2
LogInit: Presizing for max 25165824 objects, including 0 objects not considered by GC, pre-allocating 0 bytes for permanent pool.
LogConfig: Applying CVar settings from Section [/Script/Engine.StreamingSettings] File [E:/_Alex's Data/Unreal Engine/Unreal Projects/Brackeys2026/Brackeys-2026/BrackeysJam2026/Saved/Config/Windows/Engine.ini]
LogConfig: Setting CVar [[s.MinBulkDataSizeForAsyncLoading:131072]]
LogConfig: Setting CVar [[s.AsyncLoadingThreadEnabled:0]]
LogConfig: Setting CVar [[s.EventDrivenLoaderEnabled:1]]
LogConfig: Setting CVar [[s.WarnIfTimeLimitExceeded:0]]
LogConfig: Setting CVar [[s.TimeLimitExceededMultiplier:1.5]]
LogConfig: Setting CVar [[s.TimeLimitExceededMinTime:0.005]]
LogConfig: Setting CVar [[s.UseBackgroundLevelStreaming:1]]
LogConfig: Setting CVar [[s.PriorityAsyncLoadingExtraTime:15.0]]
LogConfig: Setting CVar [[s.LevelStreamingActorsUpdateTimeLimit:5.0]]
LogConfig: Setting CVar [[s.PriorityLevelStreamingActorsUpdateExtraTime:5.0]]
LogConfig: Setting CVar [[s.LevelStreamingComponentsRegistrationGranularity:10]]
LogConfig: Setting CVar [[s.UnregisterComponentsTimeLimit:1.0]]
LogConfig: Setting CVar [[s.LevelStreamingComponentsUnregistrationGranularity:5]]
LogConfig: Setting CVar [[s.FlushStreamingOnExit:1]]
LogInit: Object subsystem initialized
LogConfig: Setting CVar [[con.DebugEarlyDefault:1]]
LogConfig: Setting CVar [[r.setres:1280x720]]
[2026.08.24-23.42.34:927][  0]LogConfig: Setting CVar [[r.VSync:0]]
[2026.08.24-23.42.34:927][  0]LogConfig: Setting CVar [[r.RHICmdBypass:0]]
[2026.08.24-23.42.34:927][  0]LogConfig: Applying CVar settings from Section [/Script/Engine.RendererSettings] File [E:/_Alex's Data/Unreal Engine/Unreal Projects/Brackeys2026/Brackeys-2026/BrackeysJam2026/Saved/Config/Windows/Engine.ini]
[2026.08.24-23.42.34:927][  0]LogConfig: Setting CVar [[r.GPUCrashDebugging:0]]
[2026.08.24-23.42.34:927][  0]LogConfig: Setting CVar [[r.DefaultFeature.MotionBlur:0]]
[2026.08.24-23.42.34:927][  0]LogConfig: Applying CVar settings from Section [/Script/Engine.RendererOverrideSettings] File [E:/_Alex's Data/Unreal Engine/Unreal Projects/Brackeys2026/Brackeys-2026/BrackeysJam2026/Saved/Config/Windows/Engine.ini]
[2026.08.24-23.42.34:927][  0]LogConfig: Applying CVar settings from Section [/Script/Engine.StreamingSettings] File [E:/_Alex's Data/Unreal Engine/Unreal Projects/Brackeys2026/Brackeys-2026/BrackeysJam2026/Saved/Config/Windows/Engine.ini]
[2026.08.24-23.42.34:927][  0]LogConfig: Setting CVar [[s.MinBulkDataSizeForAsyncLoading:131072]]
[2026.08.24-23.42.34:927][  0]LogConfig: Setting CVar [[s.AsyncLoadingThreadEnabled:0]]
[2026.08.24-23.42.34:927][  0]LogConfig: Setting CVar [[s.EventDrivenLoaderEnabled:1]]
[2026.08.24-23.42.34:927][  0]LogConfig: Setting CVar [[s.WarnIfTimeLimitExceeded:0]]
[2026.08.24-23.42.34:928][  0]LogConfig: Setting CVar [[s.TimeLimitExceededMultiplier:1.5]]
[2026.08.24-23.42.34:928][  0]LogConfig: Setting CVar [[s.TimeLimitExceededMinTime:0.005]]
[2026.08.24-23.42.34:928][  0]LogConfig: Setting CVar [[s.UseBackgroundLevelStreaming:1]]
[2026.08.24-23.42.34:928][  0]LogConfig: Setting CVar [[s.PriorityAsyncLoadingExtraTime:15.0]]
[2026.08.24-23.42.34:928][  0]LogConfig: Setting CVar [[s.LevelStreamingActorsUpdateTimeLimit:5.0]]
[2026.08.24-23.42.34:928][  0]LogConfig: Setting CVar [[s.PriorityLevelStreamingActorsUpdateExtraTime:5.0]]
[2026.08.24-23.42.34:928][  0]LogConfig: Setting CVar [[s.LevelStreamingComponentsRegistrationGranularity:10]]
[2026.08.24-23.42.34:928][  0]LogConfig: Setting CVar [[s.UnregisterComponentsTimeLimit:1.0]]
[2026.08.24-23.42.34:928][  0]LogConfig: Setting CVar [[s.LevelStreamingComponentsUnregistrationGranularity:5]]
[2026.08.24-23.42.34:928][  0]LogConfig: Setting CVar [[s.FlushStreamingOnExit:1]]
[2026.08.24-23.42.34:928][  0]LogConfig: Applying CVar settings from Section [/Script/Engine.GarbageCollectionSettings] File [E:/_Alex's Data/Unreal Engine/Unreal Projects/Brackeys2026/Brackeys-2026/BrackeysJam2026/Saved/Config/Windows/Engine.ini]
[2026.08.24-23.42.34:928][  0]LogConfig: Setting CVar [[gc.MaxObjectsNotConsideredByGC:1]]
[2026.08.24-23.42.34:928][  0]LogConfig: Setting CVar [[gc.SizeOfPermanentObjectPool:0]]
[2026.08.24-23.42.34:928][  0]LogConfig: Setting CVar [[gc.FlushStreamingOnGC:0]]
[2026.08.24-23.42.34:928][  0]LogConfig: Setting CVar [[gc.NumRetriesBeforeForcingGC:10]]
[2026.08.24-23.42.34:928][  0]LogConfig: Setting CVar [[gc.AllowParallelGC:1]]
[2026.08.24-23.42.34:928][  0]LogConfig: Setting CVar [[gc.TimeBetweenPurgingPendingKillObjects:61.1]]
[2026.08.24-23.42.34:928][  0]LogConfig: Setting CVar [[gc.MaxObjectsInEditor:25165824]]
[2026.08.24-23.42.34:928][  0]LogConfig: Setting CVar [[gc.IncrementalBeginDestroyEnabled:1]]
[2026.08.24-23.42.34:928][  0]LogConfig: Setting CVar [[gc.CreateGCClusters:1]]
[2026.08.24-23.42.34:928][  0]LogConfig: Setting CVar [[gc.MinGCClusterSize:5]]
[2026.08.24-23.42.34:928][  0]LogConfig: Setting CVar [[gc.ActorClusteringEnabled:0]]
[2026.08.24-23.42.34:928][  0]LogConfig: Setting CVar [[gc.BlueprintClusteringEnabled:0]]
[2026.08.24-23.42.34:928][  0]LogConfig: Setting CVar [[gc.UseDisregardForGCOnDedicatedServers:0]]
[2026.08.24-23.42.34:928][  0]LogConfig: Setting CVar [[gc.MultithreadedDestructionEnabled:1]]
[2026.08.24-23.42.34:928][  0]LogConfig: Applying CVar settings from Section [/Script/Engine.NetworkSettings] File [E:/_Alex's Data/Unreal Engine/Unreal Projects/Brackeys2026/Brackeys-2026/BrackeysJam2026/Saved/Config/Windows/Engine.ini]
[2026.08.24-23.42.34:928][  0]LogConfig: Applying CVar settings from Section [/Script/UnrealEd.CookerSettings] File [E:/_Alex's Data/Unreal Engine/Unreal Projects/Brackeys2026/Brackeys-2026/BrackeysJam2026/Saved/Config/Windows/Engine.ini]
[2026.08.24-23.42.34:933][  0]LogConfig: Applying CVar settings from Section [ViewDistanceQuality@3] File [E:/_Alex's Data/Unreal Engine/Unreal Projects/Brackeys2026/Brackeys-2026/BrackeysJam2026/Saved/Config/Windows/Scalability.ini]
[2026.08.24-23.42.34:933][  0]LogConfig: Setting CVar [[r.SkeletalMeshLODBias:0]]
[2026.08.24-23.42.34:933][  0]LogConfig: Setting CVar [[r.ViewDistanceScale:1.0]]
[2026.08.24-23.42.34:933][  0]LogConfig: Applying CVar settings from Section [AntiAliasingQuality@3] File [E:/_Alex's Data/Unreal Engine/Unreal Projects/Brackeys2026/Brackeys-2026/BrackeysJam2026/Saved/Config/Windows/Scalability.ini]
[2026.08.24-23.42.34:933][  0]LogConfig: Setting CVar [[r.PostProcessAAQuality:4]]
[2026.08.24-23.42.34:933][  0]LogConfig: Applying CVar settings from Section [ShadowQuality@3] File [E:/_Alex's Data/Unreal Engine/Unreal Projects/Brackeys2026/Brackeys-2026/BrackeysJam2026/Saved/Config/Windows/Scalability.ini]
[2026.08.24-23.42.34:933][  0]LogConfig: Setting CVar [[r.LightFunctionQuality:1]]
[2026.08.24-23.42.34:933][  0]LogConfig: Setting CVar [[r.ShadowQuality:5]]
[2026.08.24-23.42.34:933][  0]LogConfig: Setting CVar [[r.Shadow.CSM.MaxCascades:10]]
[2026.08.24-23.42.34:933][  0]LogConfig: Setting CVar [[r.Shadow.MaxResolution:2048]]
[2026.08.24-23.42.34:933][  0]LogConfig: Setting CVar [[r.Shadow.MaxCSMResolution:2048]]
[2026.08.24-23.42.34:933][  0]LogConfig: Setting CVar [[r.Shadow.RadiusThreshold:0.01]]
[2026.08.24-23.42.34:933][  0]LogConfig: Setting CVar [[r.Shadow.DistanceScale:1.0]]
[2026.08.24-23.42.34:933][  0]LogConfig: Setting CVar [[r.Shadow.CSM.TransitionScale:1.0]]
[2026.08.24-23.42.34:933][  0]LogConfig: Setting CVar [[r.Shadow.PreShadowResolutionFactor:1.0]]
[2026.08.24-23.42.34:933][  0]LogConfig: Setting CVar [[r.DistanceFieldShadowing:1]]
[2026.08.24-23.42.34:933][  0]LogConfig: Setting CVar [[r.DistanceFieldAO:1]]
[2026.08.24-23.42.34:933][  0]LogConfig: Setting CVar [[r.AOQuality:2]]
[2026.08.24-23.42.34:933][  0]LogConfig: Setting CVar [[r.VolumetricFog:1]]
[2026.08.24-23.42.34:933][  0]LogConfig: Setting CVar [[r.VolumetricFog.GridPixelSize:8]]
[2026.08.24-23.42.34:933][  0]LogConfig: Setting CVar [[r.VolumetricFog.GridSizeZ:128]]
[2026.08.24-23.42.34:933][  0]LogConfig: Setting CVar [[r.VolumetricFog.HistoryMissSupersampleCount:4]]
[2026.08.24-23.42.34:933][  0]LogConfig: Setting CVar [[r.LightMaxDrawDistanceScale:1]]
[2026.08.24-23.42.34:933][  0]LogConfig: Setting CVar [[r.CapsuleShadows:1]]
[2026.08.24-23.42.34:933][  0]LogConfig: Applying CVar settings from Section [PostProcessQuality@3] File [E:/_Alex's Data/Unreal Engine/Unreal Projects/Brackeys2026/Brackeys-2026/BrackeysJam2026/Saved/Config/Windows/Scalability.ini]
[2026.08.24-23.42.34:933][  0]LogConfig: Setting CVar [[r.MotionBlurQuality:4]]
[2026.08.24-23.42.34:933][  0]LogConfig: Setting CVar [[r.AmbientOcclusionMipLevelFactor:0.4]]
[2026.08.24-23.42.34:933][  0]LogConfig: Setting CVar [[r.AmbientOcclusionMaxQuality:100]]
[2026.08.24-23.42.34:933][  0]LogConfig: Setting CVar [[r.AmbientOcclusionLevels:-1]]
[2026.08.24-23.42.34:933][  0]LogConfig: Setting CVar [[r.AmbientOcclusionRadiusScale:1.0]]
[2026.08.24-23.42.34:933][  0]LogConfig: Setting CVar [[r.DepthOfFieldQuality:2]]
[2026.08.24-23.42.34:933][  0]LogConfig: Setting CVar [[r.RenderTargetPoolMin:400]]
[2026.08.24-23.42.34:933][  0]LogConfig: Setting CVar [[r.LensFlareQuality:2]]
[2026.08.24-23.42.34:933][  0]LogConfig: Setting CVar [[r.SceneColorFringeQuality:1]]
[2026.08.24-23.42.34:933][  0]LogConfig: Setting CVar [[r.EyeAdaptationQuality:2]]
[2026.08.24-23.42.34:933][  0]LogConfig: Setting CVar [[r.BloomQuality:5]]
[2026.08.24-23.42.34:933][  0]LogConfig: Setting CVar [[r.FastBlurThreshold:100]]
[2026.08.24-23.42.34:933][  0]LogConfig: Setting CVar [[r.Upscale.Quality:3]]
[2026.08.24-23.42.34:933][  0]LogConfig: Setting CVar [[r.Tonemapper.GrainQuantization:1]]
[2026.08.24-23.42.34:933][  0]LogConfig: Setting CVar [[r.LightShaftQuality:1]]
[2026.08.24-23.42.34:933][  0]LogConfig: Setting CVar [[r.Filter.SizeScale:1]]
[2026.08.24-23.42.34:933][  0]LogConfig: Setting CVar [[r.Tonemapper.Quality:5]]
[2026.08.24-23.42.34:933][  0]LogConfig: Setting CVar [[r.DOF.Gather.AccumulatorQuality:1        ; higher gathering accumulator quality]]
[2026.08.24-23.42.34:933][  0]LogConfig: Setting CVar [[r.DOF.Gather.PostfilterMethod:1          ; Median3x3 postfilering method]]
[2026.08.24-23.42.34:933][  0]LogConfig: Setting CVar [[r.DOF.Gather.EnableBokehSettings:0       ; no bokeh simulation when gathering]]
[2026.08.24-23.42.34:933][  0]LogConfig: Setting CVar [[r.DOF.Gather.RingCount:4                 ; medium number of samples when gathering]]
[2026.08.24-23.42.34:933][  0]LogConfig: Setting CVar [[r.DOF.Scatter.ForegroundCompositing:1    ; additive foreground scattering]]
[2026.08.24-23.42.34:933][  0]LogConfig: Setting CVar [[r.DOF.Scatter.BackgroundCompositing:2    ; additive background scattering]]
[2026.08.24-23.42.34:933][  0]LogConfig: Setting CVar [[r.DOF.Scatter.EnableBokehSettings:1      ; bokeh simulation when scattering]]
[2026.08.24-23.42.34:933][  0]LogConfig: Setting CVar [[r.DOF.Scatter.MaxSpriteRatio:0.1         ; only a maximum of 10% of scattered bokeh]]
[2026.08.24-23.42.34:933][  0]LogConfig: Setting CVar [[r.DOF.Recombine.Quality:1                ; cheap slight out of focus]]
[2026.08.24-23.42.34:933][  0]LogConfig: Setting CVar [[r.DOF.Recombine.EnableBokehSettings:0    ; no bokeh simulation on slight out of focus]]
[2026.08.24-23.42.34:933][  0]LogConfig: Setting CVar [[r.DOF.TemporalAAQuality:1                ; more stable temporal accumulation]]
[2026.08.24-23.42.34:933][  0]LogConfig: Setting CVar [[r.DOF.Kernel.MaxForegroundRadius:0.025]]
[2026.08.24-23.42.34:933][  0]LogConfig: Setting CVar [[r.DOF.Kernel.MaxBackgroundRadius:0.025]]
[2026.08.24-23.42.34:933][  0]LogConfig: Applying CVar settings from Section [TextureQuality@3] File [E:/_Alex's Data/Unreal Engine/Unreal Projects/Brackeys2026/Brackeys-2026/BrackeysJam2026/Saved/Config/Windows/Scalability.ini]
[2026.08.24-23.42.34:933][  0]LogConfig: Setting CVar [[r.Streaming.MipBias:0]]
[2026.08.24-23.42.34:933][  0]LogConfig: Setting CVar [[r.Streaming.AmortizeCPUToGPUCopy:0]]
[2026.08.24-23.42.34:933][  0]LogConfig: Setting CVar [[r.Streaming.MaxNumTexturesToStreamPerFrame:0]]
[2026.08.24-23.42.34:933][  0]LogConfig: Setting CVar [[r.Streaming.Boost:1]]
[2026.08.24-23.42.34:933][  0]LogConfig: Setting CVar [[r.MaxAnisotropy:8]]
[2026.08.24-23.42.34:933][  0]LogConfig: Setting CVar [[r.VT.MaxAnisotropy:8]]
[2026.08.24-23.42.34:933][  0]LogConfig: Setting CVar [[r.Streaming.LimitPoolSizeToVRAM:0]]
[2026.08.24-23.42.34:933][  0]LogConfig: Setting CVar [[r.Streaming.PoolSize:1000]]
[2026.08.24-23.42.34:933][  0]LogConfig: Setting CVar [[r.Streaming.MaxEffectiveScreenSize:0]]
[2026.08.24-23.42.34:934][  0]LogConfig: Applying CVar settings from Section [EffectsQuality@3] File [E:/_Alex's Data/Unreal Engine/Unreal Projects/Brackeys2026/Brackeys-2026/BrackeysJam2026/Saved/Config/Windows/Scalability.ini]
[2026.08.24-23.42.34:934][  0]LogConfig: Setting CVar [[r.TranslucencyLightingVolumeDim:64]]
[2026.08.24-23.42.34:934][  0]LogConfig: Setting CVar [[r.RefractionQuality:2]]
[2026.08.24-23.42.34:934][  0]LogConfig: Setting CVar [[r.SSR.Quality:3]]
[2026.08.24-23.42.34:934][  0]LogConfig: Setting CVar [[r.SSR.HalfResSceneColor:0]]
[2026.08.24-23.42.34:934][  0]LogConfig: Setting CVar [[r.SceneColorFormat:4]]
[2026.08.24-23.42.34:934][  0]LogConfig: Setting CVar [[r.DetailMode:2]]
[2026.08.24-23.42.34:934][  0]LogConfig: Setting CVar [[r.TranslucencyVolumeBlur:1]]
[2026.08.24-23.42.34:934][  0]LogConfig: Setting CVar [[r.MaterialQualityLevel:1 ; High quality]]
[2026.08.24-23.42.34:934][  0]LogConfig: Setting CVar [[r.AnisotropicMaterials:1]]
[2026.08.24-23.42.34:934][  0]LogConfig: Setting CVar [[r.SSS.Scale:1]]
[2026.08.24-23.42.34:934][  0]LogConfig: Setting CVar [[r.SSS.SampleSet:2]]
[2026.08.24-23.42.34:934][  0]LogConfig: Setting CVar [[r.SSS.Quality:1]]
[2026.08.24-23.42.34:934][  0]LogConfig: Setting CVar [[r.SSS.HalfRes:0]]
[2026.08.24-23.42.34:934][  0]LogConfig: Setting CVar [[r.SSGI.Quality:3]]
[2026.08.24-23.42.34:934][  0]LogConfig: Setting CVar [[r.EmitterSpawnRateScale:1.0]]
[2026.08.24-23.42.34:934][  0]LogConfig: Setting CVar [[r.ParticleLightQuality:2]]
[2026.08.24-23.42.34:934][  0]LogConfig: Setting CVar [[r.SkyAtmosphere.AerialPerspectiveLUT.FastApplyOnOpaque:1 ; Always have FastSkyLUT 1 in this case to avoid wrong sky]]
[2026.08.24-23.42.34:934][  0]LogConfig: Setting CVar [[r.SkyAtmosphere.AerialPerspectiveLUT.SampleCountMaxPerSlice:4]]
[2026.08.24-23.42.34:934][  0]LogConfig: Setting CVar [[r.SkyAtmosphere.AerialPerspectiveLUT.DepthResolution:16.0]]
[2026.08.24-23.42.34:934][  0]LogConfig: Setting CVar [[r.SkyAtmosphere.FastSkyLUT:1]]
[2026.08.24-23.42.34:934][  0]LogConfig: Setting CVar [[r.SkyAtmosphere.FastSkyLUT.SampleCountMin:4.0]]
[2026.08.24-23.42.34:934][  0]LogConfig: Setting CVar [[r.SkyAtmosphere.FastSkyLUT.SampleCountMax:128.0]]
[2026.08.24-23.42.34:934][  0]LogConfig: Setting CVar [[r.SkyAtmosphere.SampleCountMin:4.0]]
[2026.08.24-23.42.34:934][  0]LogConfig: Setting CVar [[r.SkyAtmosphere.SampleCountMax:128.0]]
[2026.08.24-23.42.34:934][  0]LogConfig: Setting CVar [[r.SkyAtmosphere.TransmittanceLUT.UseSmallFormat:0]]
[2026.08.24-23.42.34:934][  0]LogConfig: Setting CVar [[r.SkyAtmosphere.TransmittanceLUT.SampleCount:10.0]]
[2026.08.24-23.42.34:934][  0]LogConfig: Setting CVar [[r.SkyAtmosphere.MultiScatteringLUT.SampleCount:15.0]]
[2026.08.24-23.42.34:934][  0]LogConfig: Setting CVar [[r.SkyLight.RealTimeReflectionCapture:1]]
[2026.08.24-23.42.34:934][  0]LogConfig: Applying CVar settings from Section [FoliageQuality@3] File [E:/_Alex's Data/Unreal Engine/Unreal Projects/Brackeys2026/Brackeys-2026/BrackeysJam2026/Saved/Config/Windows/Scalability.ini]
[2026.08.24-23.42.34:934][  0]LogConfig: Setting CVar [[foliage.DensityScale:1.0]]
[2026.08.24-23.42.34:934][  0]LogConfig: Setting CVar [[grass.DensityScale:1.0]]
[2026.08.24-23.42.34:934][  0]LogConfig: Applying CVar settings from Section [ShadingQuality@3] File [E:/_Alex's Data/Unreal Engine/Unreal Projects/Brackeys2026/Brackeys-2026/BrackeysJam2026/Saved/Config/Windows/Scalability.ini]
[2026.08.24-23.42.34:934][  0]LogConfig: Setting CVar [[r.HairStrands.SkyLighting.IntegrationType:2]]
[2026.08.24-23.42.34:934][  0]LogConfig: Setting CVar [[r.HairStrands.SkyAO.SampleCount:4]]
[2026.08.24-23.42.34:934][  0]LogConfig: Setting CVar [[r.HairStrands.Visibility.MSAA.SamplePerPixel:4]]
[2026.08.24-23.42.34:934][  0]LogInit: Selected Device Profile: [Windows]
[2026.08.24-23.42.34:934][  0]LogInit: Applying CVar settings loaded from the selected device profile: [Windows]
[2026.08.24-23.42.34:934][  0]LogHAL: Display: Platform has ~ 32 GB [33639129088 / 34359738368 / 32], which maps to Largest [LargestMinGB=32, LargerMinGB=12, DefaultMinGB=8, SmallerMinGB=6, SmallestMinGB=0)
[2026.08.24-23.42.34:934][  0]LogInit: Going up to parent DeviceProfile []
[2026.08.24-23.42.34:934][  0]LogConfig: Applying CVar settings from Section [ViewDistanceQuality@3] File [E:/_Alex's Data/Unreal Engine/Unreal Projects/Brackeys2026/Brackeys-2026/BrackeysJam2026/Saved/Config/Windows/Scalability.ini]
[2026.08.24-23.42.34:934][  0]LogConfig: Setting CVar [[r.SkeletalMeshLODBias:0]]
[2026.08.24-23.42.34:934][  0]LogConfig: Setting CVar [[r.ViewDistanceScale:1.0]]
[2026.08.24-23.42.34:934][  0]LogConfig: Applying CVar settings from Section [AntiAliasingQuality@3] File [E:/_Alex's Data/Unreal Engine/Unreal Projects/Brackeys2026/Brackeys-2026/BrackeysJam2026/Saved/Config/Windows/Scalability.ini]
[2026.08.24-23.42.34:934][  0]LogConfig: Setting CVar [[r.PostProcessAAQuality:4]]
[2026.08.24-23.42.34:934][  0]LogConfig: Applying CVar settings from Section [ShadowQuality@3] File [E:/_Alex's Data/Unreal Engine/Unreal Projects/Brackeys2026/Brackeys-2026/BrackeysJam2026/Saved/Config/Windows/Scalability.ini]
[2026.08.24-23.42.34:934][  0]LogConfig: Setting CVar [[r.LightFunctionQuality:1]]
[2026.08.24-23.42.34:934][  0]LogConfig: Setting CVar [[r.ShadowQuality:5]]
[2026.08.24-23.42.34:934][  0]LogConfig: Setting CVar [[r.Shadow.CSM.MaxCascades:10]]
[2026.08.24-23.42.34:934][  0]LogConfig: Setting CVar [[r.Shadow.MaxResolution:2048]]
[2026.08.24-23.42.34:934][  0]LogConfig: Setting CVar [[r.Shadow.MaxCSMResolution:2048]]
[2026.08.24-23.42.34:934][  0]LogConfig: Setting CVar [[r.Shadow.RadiusThreshold:0.01]]
[2026.08.24-23.42.34:934][  0]LogConfig: Setting CVar [[r.Shadow.DistanceScale:1.0]]
[2026.08.24-23.42.34:934][  0]LogConfig: Setting CVar [[r.Shadow.CSM.TransitionScale:1.0]]
[2026.08.24-23.42.34:934][  0]LogConfig: Setting CVar [[r.Shadow.PreShadowResolutionFactor:1.0]]
[2026.08.24-23.42.34:934][  0]LogConfig: Setting CVar [[r.DistanceFieldShadowing:1]]
[2026.08.24-23.42.34:934][  0]LogConfig: Setting CVar [[r.DistanceFieldAO:1]]
[2026.08.24-23.42.34:934][  0]LogConfig: Setting CVar [[r.AOQuality:2]]
[2026.08.24-23.42.34:934][  0]LogConfig: Setting CVar [[r.VolumetricFog:1]]
[2026.08.24-23.42.34:934][  0]LogConfig: Setting CVar [[r.VolumetricFog.GridPixelSize:8]]
[2026.08.24-23.42.34:934][  0]LogConfig: Setting CVar [[r.VolumetricFog.GridSizeZ:128]]
[2026.08.24-23.42.34:934][  0]LogConfig: Setting CVar [[r.VolumetricFog.HistoryMissSupersampleCount:4]]
[2026.08.24-23.42.34:934][  0]LogConfig: Setting CVar [[r.LightMaxDrawDistanceScale:1]]
[2026.08.24-23.42.34:934][  0]LogConfig: Setting CVar [[r.CapsuleShadows:1]]
[2026.08.24-23.42.34:934][  0]LogConfig: Applying CVar settings from Section [PostProcessQuality@3] File [E:/_Alex's Data/Unreal Engine/Unreal Projects/Brackeys2026/Brackeys-2026/BrackeysJam2026/Saved/Config/Windows/Scalability.ini]
[2026.08.24-23.42.34:934][  0]LogConfig: Setting CVar [[r.MotionBlurQuality:4]]
[2026.08.24-23.42.34:934][  0]LogConfig: Setting CVar [[r.AmbientOcclusionMipLevelFactor:0.4]]
[2026.08.24-23.42.34:934][  0]LogConfig: Setting CVar [[r.AmbientOcclusionMaxQuality:100]]
[2026.08.24-23.42.34:934][  0]LogConfig: Setting CVar [[r.AmbientOcclusionLevels:-1]]
[2026.08.24-23.42.34:934][  0]LogConfig: Setting CVar [[r.AmbientOcclusionRadiusScale:1.0]]
[2026.08.24-23.42.34:934][  0]LogConfig: Setting CVar [[r.DepthOfFieldQuality:2]]
[2026.08.24-23.42.34:934][  0]LogConfig: Setting CVar [[r.RenderTargetPoolMin:400]]
[2026.08.24-23.42.34:934][  0]LogConfig: Setting CVar [[r.LensFlareQuality:2]]
[2026.08.24-23.42.34:934][  0]LogConfig: Setting CVar [[r.SceneColorFringeQuality:1]]
[2026.08.24-23.42.34:934][  0]LogConfig: Setting CVar [[r.EyeAdaptationQuality:2]]
[2026.08.24-23.42.34:934][  0]LogConfig: Setting CVar [[r.BloomQuality:5]]
[2026.08.24-23.42.34:934][  0]LogConfig: Setting CVar [[r.FastBlurThreshold:100]]
[2026.08.24-23.42.34:934][  0]LogConfig: Setting CVar [[r.Upscale.Quality:3]]
[2026.08.24-23.42.34:934][  0]LogConfig: Setting CVar [[r.Tonemapper.GrainQuantization:1]]
[2026.08.24-23.42.34:934][  0]LogConfig: Setting CVar [[r.LightShaftQuality:1]]
[2026.08.24-23.42.34:934][  0]LogConfig: Setting CVar [[r.Filter.SizeScale:1]]
[2026.08.24-23.42.34:934][  0]LogConfig: Setting CVar [[r.Tonemapper.Quality:5]]
[2026.08.24-23.42.34:934][  0]LogConfig: Setting CVar [[r.DOF.Gather.AccumulatorQuality:1        ; higher gathering accumulator quality]]
[2026.08.24-23.42.34:934][  0]LogConfig: Setting CVar [[r.DOF.Gather.PostfilterMethod:1          ; Median3x3 postfilering method]]
[2026.08.24-23.42.34:934][  0]LogConfig: Setting CVar [[r.DOF.Gather.EnableBokehSettings:0       ; no bokeh simulation when gathering]]
[2026.08.24-23.42.34:934][  0]LogConfig: Setting CVar [[r.DOF.Gather.RingCount:4                 ; medium number of samples when gathering]]
[2026.08.24-23.42.34:934][  0]LogConfig: Setting CVar [[r.DOF.Scatter.ForegroundCompositing:1    ; additive foreground scattering]]
[2026.08.24-23.42.34:934][  0]LogConfig: Setting CVar [[r.DOF.Scatter.BackgroundCompositing:2    ; additive background scattering]]
[2026.08.24-23.42.34:934][  0]LogConfig: Setting CVar [[r.DOF.Scatter.EnableBokehSettings:1      ; bokeh simulation when scattering]]
[2026.08.24-23.42.34:934][  0]LogConfig: Setting CVar [[r.DOF.Scatter.MaxSpriteRatio:0.1         ; only a maximum of 10% of scattered bokeh]]
[2026.08.24-23.42.34:934][  0]LogConfig: Setting CVar [[r.DOF.Recombine.Quality:1                ; cheap slight out of focus]]
[2026.08.24-23.42.34:934][  0]LogConfig: Setting CVar [[r.DOF.Recombine.EnableBokehSettings:0    ; no bokeh simulation on slight out of focus]]
[2026.08.24-23.42.34:934][  0]LogConfig: Setting CVar [[r.DOF.TemporalAAQuality:1                ; more stable temporal accumulation]]
[2026.08.24-23.42.34:934][  0]LogConfig: Setting CVar [[r.DOF.Kernel.MaxForegroundRadius:0.025]]
[2026.08.24-23.42.34:934][  0]LogConfig: Setting CVar [[r.DOF.Kernel.MaxBackgroundRadius:0.025]]
[2026.08.24-23.42.34:934][  0]LogConfig: Applying CVar settings from Section [TextureQuality@3] File [E:/_Alex's Data/Unreal Engine/Unreal Projects/Brackeys2026/Brackeys-2026/BrackeysJam2026/Saved/Config/Windows/Scalability.ini]
[2026.08.24-23.42.34:934][  0]LogConfig: Setting CVar [[r.Streaming.MipBias:0]]
[2026.08.24-23.42.34:934][  0]LogConfig: Setting CVar [[r.Streaming.AmortizeCPUToGPUCopy:0]]
[2026.08.24-23.42.34:934][  0]LogConfig: Setting CVar [[r.Streaming.MaxNumTexturesToStreamPerFrame:0]]
[2026.08.24-23.42.34:934][  0]LogConfig: Setting CVar [[r.Streaming.Boost:1]]
[2026.08.24-23.42.34:934][  0]LogConfig: Setting CVar [[r.MaxAnisotropy:8]]
[2026.08.24-23.42.34:934][  0]LogConfig: Setting CVar [[r.VT.MaxAnisotropy:8]]
[2026.08.24-23.42.34:934][  0]LogConfig: Setting CVar [[r.Streaming.LimitPoolSizeToVRAM:0]]
[2026.08.24-23.42.34:934][  0]LogConfig: Setting CVar [[r.Streaming.PoolSize:1000]]
[2026.08.24-23.42.34:934][  0]LogConfig: Setting CVar [[r.Streaming.MaxEffectiveScreenSize:0]]
[2026.08.24-23.42.34:934][  0]LogConfig: Applying CVar settings from Section [EffectsQuality@3] File [E:/_Alex's Data/Unreal Engine/Unreal Projects/Brackeys2026/Brackeys-2026/BrackeysJam2026/Saved/Config/Windows/Scalability.ini]
[2026.08.24-23.42.34:934][  0]LogConfig: Setting CVar [[r.TranslucencyLightingVolumeDim:64]]
[2026.08.24-23.42.34:934][  0]LogConfig: Setting CVar [[r.RefractionQuality:2]]
[2026.08.24-23.42.34:934][  0]LogConfig: Setting CVar [[r.SSR.Quality:3]]
[2026.08.24-23.42.34:935][  0]LogConfig: Setting CVar [[r.SSR.HalfResSceneColor:0]]
[2026.08.24-23.42.34:935][  0]LogConfig: Setting CVar [[r.SceneColorFormat:4]]
[2026.08.24-23.42.34:935][  0]LogConfig: Setting CVar [[r.DetailMode:2]]
[2026.08.24-23.42.34:935][  0]LogConfig: Setting CVar [[r.TranslucencyVolumeBlur:1]]
[2026.08.24-23.42.34:935][  0]LogConfig: Setting CVar [[r.MaterialQualityLevel:1 ; High quality]]
[2026.08.24-23.42.34:935][  0]LogConfig: Setting CVar [[r.AnisotropicMaterials:1]]
[2026.08.24-23.42.34:935][  0]LogConfig: Setting CVar [[r.SSS.Scale:1]]
[2026.08.24-23.42.34:935][  0]LogConfig: Setting CVar [[r.SSS.SampleSet:2]]
[2026.08.24-23.42.34:935][  0]LogConfig: Setting CVar [[r.SSS.Quality:1]]
[2026.08.24-23.42.34:935][  0]LogConfig: Setting CVar [[r.SSS.HalfRes:0]]
[2026.08.24-23.42.34:935][  0]LogConfig: Setting CVar [[r.SSGI.Quality:3]]
[2026.08.24-23.42.34:935][  0]LogConfig: Setting CVar [[r.EmitterSpawnRateScale:1.0]]
[2026.08.24-23.42.34:935][  0]LogConfig: Setting CVar [[r.ParticleLightQuality:2]]
[2026.08.24-23.42.34:935][  0]LogConfig: Setting CVar [[r.SkyAtmosphere.AerialPerspectiveLUT.FastApplyOnOpaque:1 ; Always have FastSkyLUT 1 in this case to avoid wrong sky]]
[2026.08.24-23.42.34:935][  0]LogConfig: Setting CVar [[r.SkyAtmosphere.AerialPerspectiveLUT.SampleCountMaxPerSlice:4]]
[2026.08.24-23.42.34:935][  0]LogConfig: Setting CVar [[r.SkyAtmosphere.AerialPerspectiveLUT.DepthResolution:16.0]]
[2026.08.24-23.42.34:935][  0]LogConfig: Setting CVar [[r.SkyAtmosphere.FastSkyLUT:1]]
[2026.08.24-23.42.34:935][  0]LogConfig: Setting CVar [[r.SkyAtmosphere.FastSkyLUT.SampleCountMin:4.0]]
[2026.08.24-23.42.34:935][  0]LogConfig: Setting CVar [[r.SkyAtmosphere.FastSkyLUT.SampleCountMax:128.0]]
[2026.08.24-23.42.34:935][  0]LogConfig: Setting CVar [[r.SkyAtmosphere.SampleCountMin:4.0]]
[2026.08.24-23.42.34:935][  0]LogConfig: Setting CVar [[r.SkyAtmosphere.SampleCountMax:128.0]]
[2026.08.24-23.42.34:935][  0]LogConfig: Setting CVar [[r.SkyAtmosphere.TransmittanceLUT.UseSmallFormat:0]]
[2026.08.24-23.42.34:935][  0]LogConfig: Setting CVar [[r.SkyAtmosphere.TransmittanceLUT.SampleCount:10.0]]
[2026.08.24-23.42.34:935][  0]LogConfig: Setting CVar [[r.SkyAtmosphere.MultiScatteringLUT.SampleCount:15.0]]
[2026.08.24-23.42.34:935][  0]LogConfig: Setting CVar [[r.SkyLight.RealTimeReflectionCapture:1]]
[2026.08.24-23.42.34:935][  0]LogConfig: Applying CVar settings from Section [FoliageQuality@3] File [E:/_Alex's Data/Unreal Engine/Unreal Projects/Brackeys2026/Brackeys-2026/BrackeysJam2026/Saved/Config/Windows/Scalability.ini]
[2026.08.24-23.42.34:935][  0]LogConfig: Setting CVar [[foliage.DensityScale:1.0]]
[2026.08.24-23.42.34:935][  0]LogConfig: Setting CVar [[grass.DensityScale:1.0]]
[2026.08.24-23.42.34:935][  0]LogConfig: Applying CVar settings from Section [ShadingQuality@3] File [E:/_Alex's Data/Unreal Engine/Unreal Projects/Brackeys2026/Brackeys-2026/BrackeysJam2026/Saved/Config/Windows/Scalability.ini]
[2026.08.24-23.42.34:935][  0]LogConfig: Setting CVar [[r.HairStrands.SkyLighting.IntegrationType:2]]
[2026.08.24-23.42.34:935][  0]LogConfig: Setting CVar [[r.HairStrands.SkyAO.SampleCount:4]]
[2026.08.24-23.42.34:935][  0]LogConfig: Setting CVar [[r.HairStrands.Visibility.MSAA.SamplePerPixel:4]]
[2026.08.24-23.42.34:935][  0]LogConfig: Applying CVar settings from Section [Startup] File [../../../Engine/Config/ConsoleVariables.ini]
[2026.08.24-23.42.34:935][  0]LogConfig: Setting CVar [[net.UseAdaptiveNetUpdateFrequency:0]]
[2026.08.24-23.42.34:935][  0]LogConfig: Setting CVar [[p.chaos.AllowCreatePhysxBodies:1]]
[2026.08.24-23.42.34:935][  0]LogConfig: Setting CVar [[fx.SkipVectorVMBackendOptimizations:1]]
[2026.08.24-23.42.34:935][  0]LogConfig: Applying CVar settings from Section [ConsoleVariables] File [E:/_Alex's Data/Unreal Engine/Unreal Projects/Brackeys2026/Brackeys-2026/BrackeysJam2026/Saved/Config/Windows/Engine.ini]
[2026.08.24-23.42.34:935][  0]LogConfig: Applying CVar settings from Section [ConsoleVariables] File [E:/_Alex's Data/Unreal Engine/Unreal Projects/Brackeys2026/Brackeys-2026/BrackeysJam2026/Saved/Config/Windows/Editor.ini]
[2026.08.24-23.42.34:935][  0]LogInit: Computer: LAPTOP-EB09ONFM
[2026.08.24-23.42.34:935][  0]LogInit: User: AlexT
[2026.08.24-23.42.34:935][  0]LogInit: CPU Page size=4096, Cores=8
[2026.08.24-23.42.34:935][  0]LogInit: High frequency timer resolution =10.000000 MHz
[2026.08.24-23.42.34:935][  0]LogMemory: Memory total: Physical=31.3GB (32GB approx)
[2026.08.24-23.42.34:935][  0]LogMemory: Platform Memory Stats for Windows
[2026.08.24-23.42.34:935][  0]LogMemory: Process Physical Memory: 160.37 MB used, 160.37 MB peak
[2026.08.24-23.42.34:935][  0]LogMemory: Process Virtual Memory: 136.25 MB used, 136.25 MB peak
[2026.08.24-23.42.34:935][  0]LogMemory: Physical Memory: 12112.59 MB used,  19968.19 MB free, 32080.77 MB total
[2026.08.24-23.42.34:935][  0]LogMemory: Virtual Memory: 134194000.00 MB used,  23726.78 MB free, 134217728.00 MB total
[2026.08.24-23.42.34:939][  0]LogWindows: WindowsPlatformFeatures enabled
[2026.08.24-23.42.34:955][  0]LogInit: Physics initialised using underlying interface: PhysX
[2026.08.24-23.42.34:955][  0]LogInit: Using OS detected language (en-US).
[2026.08.24-23.42.34:955][  0]LogInit: Using OS detected locale (en-US).
[2026.08.24-23.42.34:959][  0]LogTextLocalizationManager: No specific localization for 'en-US' exists, so the 'en' localization will be used.
[2026.08.24-23.42.35:075][  0]LogInit: Setting process to per monitor DPI aware
[2026.08.24-23.42.35:086][  0]LogWindowsTextInputMethodSystem: Display: IME system deactivated.
[2026.08.24-23.42.35:098][  0]LogSlate: New Slate User Created.  User Index 0, Is Virtual User: 0
[2026.08.24-23.42.35:098][  0]LogSlate: Slate User Registered.  User Index 0, Is Virtual User: 0
[2026.08.24-23.42.35:184][  0]LogD3D11RHI: Loaded GFSDK_Aftermath_Lib.x64.dll
[2026.08.24-23.42.35:205][  0]LogHMD: Failed to initialize OpenVR with code 110
[2026.08.24-23.42.35:205][  0]LogD3D11RHI: D3D11 min allowed feature level: 11_0
[2026.08.24-23.42.35:205][  0]LogD3D11RHI: D3D11 max allowed feature level: 11_0
[2026.08.24-23.42.35:205][  0]LogD3D11RHI: D3D11 adapters:
[2026.08.24-23.42.35:296][  0]LogD3D11RHI:    0. 'AMD Radeon 780M Graphics' (Feature Level 11_0)
[2026.08.24-23.42.35:296][  0]LogD3D11RHI:       421/0/16040 MB DedicatedVideo/DedicatedSystem/SharedSystem, Outputs:1, VendorId:0x1002
[2026.08.24-23.42.35:302][  0]LogD3D11RHI:    1. 'Microsoft Basic Render Driver' (Feature Level 11_0)
[2026.08.24-23.42.35:302][  0]LogD3D11RHI:       0/0/16040 MB DedicatedVideo/DedicatedSystem/SharedSystem, Outputs:0, VendorId:0x1414
[2026.08.24-23.42.35:302][  0]LogD3D11RHI: Chosen D3D11 Adapter:
[2026.08.24-23.42.35:302][  0]LogD3D11RHI:     Description : AMD Radeon 780M Graphics
[2026.08.24-23.42.35:302][  0]LogD3D11RHI:     VendorId    : 1002
[2026.08.24-23.42.35:302][  0]LogD3D11RHI:     DeviceId    : 1900
[2026.08.24-23.42.35:302][  0]LogD3D11RHI:     SubSysId    : 1241002
[2026.08.24-23.42.35:302][  0]LogD3D11RHI:     Revision    : 00d5
[2026.08.24-23.42.35:302][  0]LogD3D11RHI:     DedicatedVideoMemory : 441671680 bytes
[2026.08.24-23.42.35:302][  0]LogD3D11RHI:     DedicatedSystemMemory : 0 bytes
[2026.08.24-23.42.35:302][  0]LogD3D11RHI:     SharedSystemMemory : 16819564544 bytes
[2026.08.24-23.42.35:302][  0]LogD3D11RHI:     AdapterLuid : 0 66722
[2026.08.24-23.42.35:309][  0]LogD3D11RHI: Creating new Direct3DDevice
[2026.08.24-23.42.35:309][  0]LogD3D11RHI:     GPU DeviceId: 0x1900 (for the marketing name, search the web for "GPU Device Id")
[2026.08.24-23.42.35:309][  0]LogWindows: EnumDisplayDevices:
[2026.08.24-23.42.35:309][  0]LogWindows:    0. 'AMD Radeon 780M Graphics' (P:1 D:1)
[2026.08.24-23.42.35:310][  0]LogWindows:    1. 'AMD Radeon 780M Graphics' (P:0 D:0)
[2026.08.24-23.42.35:310][  0]LogWindows:    2. 'AMD Radeon 780M Graphics' (P:0 D:0)
[2026.08.24-23.42.35:311][  0]LogWindows:    3. 'AMD Radeon 780M Graphics' (P:0 D:0)
[2026.08.24-23.42.35:311][  0]LogWindows:    4. 'AMD Radeon 780M Graphics' (P:0 D:0)
[2026.08.24-23.42.35:311][  0]LogWindows: DebugString: FoundDriverCount:5 
[2026.08.24-23.42.35:311][  0]LogD3D11RHI:     Adapter Name: AMD Radeon 780M Graphics
[2026.08.24-23.42.35:311][  0]LogD3D11RHI:   Driver Version: AMD Software: Adrenalin Edition 26.7.1 (internal:32.0.31035.1003, unified:32.0.31035.1003)
[2026.08.24-23.42.35:311][  0]LogD3D11RHI:      Driver Date: 7-24-2026
[2026.08.24-23.42.35:311][  0]LogRHI: Texture pool is 10985 MB (70% of 15693 MB)
[2026.08.24-23.42.35:339][  0]LogD3D11RHI: Creating D3DDevice with AMD AGS, using adapter:
[2026.08.24-23.42.35:339][  0]LogD3D11RHI:     Description : AMD Radeon 780M Graphics
[2026.08.24-23.42.35:339][  0]LogD3D11RHI:     VendorId    : 1002
[2026.08.24-23.42.35:339][  0]LogD3D11RHI:     DeviceId    : 1900
[2026.08.24-23.42.35:339][  0]LogD3D11RHI:     SubSysId    : 1241002
[2026.08.24-23.42.35:339][  0]LogD3D11RHI:     Revision    : 00d5
[2026.08.24-23.42.35:339][  0]LogD3D11RHI:     DedicatedVideoMemory : 441671680 bytes
[2026.08.24-23.42.35:339][  0]LogD3D11RHI:     DedicatedSystemMemory : 0 bytes
[2026.08.24-23.42.35:339][  0]LogD3D11RHI:     SharedSystemMemory : 16819564544 bytes
[2026.08.24-23.42.35:339][  0]LogD3D11RHI:     AdapterLuid : 0 66722
[2026.08.24-23.42.35:430][  0]LogD3D11RHI: Created device via AGS, feature level 11_0, supported extensions 1fffffbf.
[2026.08.24-23.42.35:430][  0]LogD3D11RHI: RHI has support for 64 bit atomics
[2026.08.24-23.42.35:430][  0]LogD3D11RHI: Async texture creation enabled
[2026.08.24-23.42.35:430][  0]LogD3D11RHI: Array index from any shader is supported
[2026.08.24-23.42.35:440][  0]LogD3D11RHI: GPU Timing Frequency: 100.000000 (Debug: 2 1)
[2026.08.24-23.42.35:676][  0]LogTargetPlatformManager: Display: Loaded TargetPlatform 'AllDesktop'
[2026.08.24-23.42.35:690][  0]LogTargetPlatformManager: Display: Loaded TargetPlatform 'Android'
[2026.08.24-23.42.35:691][  0]LogTargetPlatformManager: Display: Loaded TargetPlatform 'Android_ASTC'
[2026.08.24-23.42.35:691][  0]LogTargetPlatformManager: Display: Loaded TargetPlatform 'Android_DXT'
[2026.08.24-23.42.35:691][  0]LogTargetPlatformManager: Display: Loaded TargetPlatform 'Android_ETC2'
[2026.08.24-23.42.35:691][  0]LogTargetPlatformManager: Display: Loaded TargetPlatform 'AndroidClient'
[2026.08.24-23.42.35:691][  0]LogTargetPlatformManager: Display: Loaded TargetPlatform 'Android_ASTCClient'
[2026.08.24-23.42.35:691][  0]LogTargetPlatformManager: Display: Loaded TargetPlatform 'Android_DXTClient'
[2026.08.24-23.42.35:691][  0]LogTargetPlatformManager: Display: Loaded TargetPlatform 'Android_ETC2Client'
[2026.08.24-23.42.35:691][  0]LogTargetPlatformManager: Display: Loaded TargetPlatform 'Android_Multi'
[2026.08.24-23.42.35:691][  0]LogTargetPlatformManager: Display: Loaded TargetPlatform 'Android_MultiClient'
[2026.08.24-23.42.35:703][  0]LogTargetPlatformManager: Display: Loaded TargetPlatform 'IOSClient'
[2026.08.24-23.42.35:703][  0]LogTargetPlatformManager: Display: Loaded TargetPlatform 'IOS'
[2026.08.24-23.42.35:709][  0]LogTargetPlatformManager: Display: Loaded TargetPlatform 'Linux'
[2026.08.24-23.42.35:713][  0]LogTargetPlatformManager: Display: Loaded TargetPlatform 'LinuxNoEditor'
[2026.08.24-23.42.35:716][  0]LogTargetPlatformManager: Display: Loaded TargetPlatform 'LinuxClient'
[2026.08.24-23.42.35:719][  0]LogTargetPlatformManager: Display: Loaded TargetPlatform 'LinuxServer'
[2026.08.24-23.42.35:725][  0]LogTargetPlatformManager: Display: Loaded TargetPlatform 'LinuxAArch64NoEditor'
[2026.08.24-23.42.35:728][  0]LogTargetPlatformManager: Display: Loaded TargetPlatform 'LinuxAArch64Client'
[2026.08.24-23.42.35:731][  0]LogTargetPlatformManager: Display: Loaded TargetPlatform 'LinuxAArch64Server'
[2026.08.24-23.42.35:744][  0]LogTargetPlatformManager: Display: Loaded TargetPlatform 'Lumin'
[2026.08.24-23.42.35:744][  0]LogTargetPlatformManager: Display: Loaded TargetPlatform 'LuminClient'
[2026.08.24-23.42.35:750][  0]LogTargetPlatformManager: Display: Loaded TargetPlatform 'MacNoEditor'
[2026.08.24-23.42.35:754][  0]LogTargetPlatformManager: Display: Loaded TargetPlatform 'Mac'
[2026.08.24-23.42.35:757][  0]LogTargetPlatformManager: Display: Loaded TargetPlatform 'MacClient'
[2026.08.24-23.42.35:759][  0]LogTargetPlatformManager: Display: Loaded TargetPlatform 'MacServer'
[2026.08.24-23.42.35:766][  0]LogTargetPlatformManager: Display: Loaded TargetPlatform 'TVOSClient'
[2026.08.24-23.42.35:766][  0]LogTargetPlatformManager: Display: Loaded TargetPlatform 'TVOS'
[2026.08.24-23.42.35:771][  0]LogTargetPlatformManager: Display: Loaded TargetPlatform 'WindowsNoEditor'
[2026.08.24-23.42.35:775][  0]LogTargetPlatformManager: Display: Loaded TargetPlatform 'Windows'
[2026.08.24-23.42.35:778][  0]LogTargetPlatformManager: Display: Loaded TargetPlatform 'WindowsClient'
[2026.08.24-23.42.35:780][  0]LogTargetPlatformManager: Display: Loaded TargetPlatform 'WindowsServer'
[2026.08.24-23.42.35:780][  0]LogTargetPlatformManager: Display: Building Assets For Windows
[2026.08.24-23.42.35:785][  0]LogAudioDebug: Display: Lib vorbis DLL was dynamically loaded.
[2026.08.24-23.42.35:809][  0]LogTextureFormatOodle: Display: Oodle Texture 2.9.0 init RDO Off
[2026.08.24-23.42.35:829][  0]LogRendererCore: Ray tracing is disabled. Reason: r.RayTracing=0.
[2026.08.24-23.42.35:829][  0]LogShaderCompilers: Guid format shader working directory is -42 characters bigger than the processId version (E:/_Alex's Data/Unreal Engine/Unreal Projects/Brackeys2026/Brackeys-2026/BrackeysJam2026/Intermediate/Shaders/WorkingDirectory/15420/).
[2026.08.24-23.42.35:830][  0]LogShaderCompilers: Cleaned the shader compiler working directory 'C:/Users/Alex T/AppData/Local/Temp/UnrealShaderWorkingDir/E2802103417C6F45817C2CBEA862EDC8/'.
[2026.08.24-23.42.35:830][  0]LogXGEController: Cannot use XGE Controller as Incredibuild is not installed on this machine.
[2026.08.24-23.42.35:830][  0]LogShaderCompilers: Cannot use XGE Shader Compiler as Incredibuild is not installed on this machine.
[2026.08.24-23.42.35:830][  0]LogShaderCompilers: Display: Using Local Shader Compiler.
[2026.08.24-23.42.36:280][  0]LogDerivedDataCache: Display: Max Cache Size: 512 MB
[2026.08.24-23.42.36:314][  0]LogDerivedDataCache: Loaded boot cache 0.03s 94MB C:/Users/Alex T/AppData/Local/UnrealEngine/4.27/DerivedDataCache/Boot.ddc.
[2026.08.24-23.42.36:314][  0]LogDerivedDataCache: Display: Loaded Boot cache: C:/Users/Alex T/AppData/Local/UnrealEngine/4.27/DerivedDataCache/Boot.ddc
[2026.08.24-23.42.36:314][  0]LogDerivedDataCache: FDerivedDataBackendGraph:  Pak pak cache file E:/_Alex's Data/Unreal Engine/Unreal Projects/Brackeys2026/Brackeys-2026/BrackeysJam2026/DerivedDataCache/DDC.ddp not found, will not use a pak cache.
[2026.08.24-23.42.36:314][  0]LogDerivedDataCache: Unable to find inner node Pak for hierarchical cache Hierarchy.
[2026.08.24-23.42.36:314][  0]LogDerivedDataCache: FDerivedDataBackendGraph:  CompressedPak pak cache file E:/_Alex's Data/Unreal Engine/Unreal Projects/Brackeys2026/Brackeys-2026/BrackeysJam2026/DerivedDataCache/Compressed.ddp not found, will not use a pak cache.
[2026.08.24-23.42.36:314][  0]LogDerivedDataCache: Unable to find inner node CompressedPak for hierarchical cache Hierarchy.
[2026.08.24-23.42.36:327][  0]LogDerivedDataCache: Display: Pak cache opened for reading ../../../Engine/DerivedDataCache/Compressed.ddp.
[2026.08.24-23.42.36:327][  0]LogDerivedDataCache: FDerivedDataBackendGraph:  EnterprisePak pak cache file ../../../Enterprise/DerivedDataCache/Compressed.ddp not found, will not use a pak cache.
[2026.08.24-23.42.36:327][  0]LogDerivedDataCache: Unable to find inner node EnterprisePak for hierarchical cache Hierarchy.
[2026.08.24-23.42.36:333][  0]LogDerivedDataCache: Speed tests for C:/Users/Alex T/AppData/Local/UnrealEngine/Common/DerivedDataCache took 0.01 seconds
[2026.08.24-23.42.36:333][  0]LogDerivedDataCache: Display: Performance to C:/Users/Alex T/AppData/Local/UnrealEngine/Common/DerivedDataCache: Latency=0.02ms. RandomReadSpeed=1522.08MBs, RandomWriteSpeed=181.44MBs. Assigned SpeedClass 'Local'
[2026.08.24-23.42.36:333][  0]LogDerivedDataCache: Using Local data cache path C:/Users/Alex T/AppData/Local/UnrealEngine/Common/DerivedDataCache: Writable
[2026.08.24-23.42.36:333][  0]LogDerivedDataCache: Shared data cache path not found in *engine.ini, will not use an Shared cache.
[2026.08.24-23.42.36:333][  0]LogDerivedDataCache: Unable to find inner node Shared for hierarchical cache Hierarchy.
[2026.08.24-23.42.36:363][  0]LogSlate: Using FreeType 2.10.0
[2026.08.24-23.42.36:364][  0]LogSlate: SlateFontServices - WITH_FREETYPE: 1, WITH_HARFBUZZ: 1
[2026.08.24-23.42.36:382][  0]LogAssetRegistry: FAssetRegistry took 0.0022 seconds to start up
[2026.08.24-23.42.36:530][  0]LogInit: Selected Device Profile: [Windows]
[2026.08.24-23.42.36:531][  0]LogInit: Active device profile: [00000234FF2B7C00][00000234FDCD7B00 49] Windows
[2026.08.24-23.42.36:531][  0]LogInit: Profiles: [00000234FF2B7C00][00000234FDCD7B00 49] Windows, [00000234FF26C500][00000234FDCDE240 49] WindowsNoEditor, [00000234FF2B4500][00000234FDCE2500 49] WindowsServer, [00000234FF26F600][00000234FDCE67C0 49] WindowsClient, [00000234FF2B7500][00000234FDCEAA80 49] IOS, [00000234FF26CE00][00000234FDCDAD00 49] iPadAir, [00000234FF2B4D00][00000234FDCEEF80 49] iPadAir2, [00000234FF22C600][00000234FDD074C0 49] IPadPro, [00000234FF22C700][00000234FDCF7500 49] iPadAir3, [00000234FF2B6F00][00000234FDCFF7C0 49] iPadAir4, [00000234FF22FA00][00000234FDCFBA80 49] iPadMini2, [00000234FF2B5100][00000234FDD021C0 49] iPadMini3, [00000234FF22D600][00000234FDD0A480 49] iPadMini4, [00000234FF2B6800][00000234FDD0E740 49] iPadMini5, [00000234FF22BE00][00000234FDD22C80 49] iPhone6, [00000234FF22BF00][00000234FDD12CC0 49] iPodTouch6, [00000234FF26F400][00000234FDD27180 49] iPhone7, [00000234FF26EE00][00000234FDCF31C0 49] iPodTouch7, [00000234FF228A00][00000234FDD1F480 49] iPhone5S, [00000234FF26E400][00000234FDD17740 49] iPhone6Plus, [00000234FF22B000][00000234FDD2BA00 49] iPhone6S, [00000234FF26CF00][00000234FDD2E140 49] iPhone6SPlus, [00000234FF229100][00000234FDD32400 49] iPhone7Plus, [00000234FF26F800][00000234FDD366C0 49] iPhoneSE, [00000234FF22A900][00000234FDD3A980 49] iPhone8, [00000234FF26D300][00000234FDD3EC40 49] iPhone8Plus, [00000234FF229800][00000234FDD42F00 49] iPhoneX, [00000234FF26F000][00000234FDD1B180 49] iPhoneXS, [00000234FF22BD00][00000234FDD4B440 49] iPhoneXSMax, [00000234FF26DC00][00000234FDD4F700 49] iPhoneXR, [00000234FF228700][00000234FDD539C0 49] iPhone11, [00000234FF26EB00][00000234FDD56100 49] iPhone11Pro, [00000234FF22B400][00000234FDD5A3C0 49] iPhone11ProMax, [00000234FF26C700][00000234FF4BE680 49] iPhoneSE2, [00000234FF22AD00][00000234FF4C2940 49] iPhone12Mini, [00000234FF26EA00][00000234FF4C6C00 49] iPhone12, [00000234FF229300][00000234FF4CAEC0 49] iPhone12Pro, [00000234FF26DF00][00000234FDD47140 49] iPhone12ProMax, [00000234FF228900][00000234FF4CF3C0 49] iPadPro105, [00000234FF26C400][00000234FF4D7680 49] iPadPro129, [00000234FF22B300][00000234FF4DB940 49] iPadPro97, [00000234FF26D100][00000234FF4DFC00 49] iPadPro2_129, [00000234FF229200][00000234FF4E2340 49] iPad5, [00000234FF26DA00][00000234FF4E6600 49] iPad6, [00000234FF228D00][00000234FF4EA8C0 49] iPad7, [00000234FF26CB00][00000234FF4EEB80 49] iPad8, [00000234FF228300][00000234FF4F2E40 49] iPadPro11, [00000234FF26C100][00000234FF4F7100 49] iPadPro2_11, [00000234FF228E00][00000234FF4D3380 49] iPadPro3_129, [00000234FF26F500][00000234FF4FB600 49] iPadPro4_129, [00000234FF229D00][00000234FF5038C0 49] AppleTV, [00000234FF26C900][00000234FF507B80 49] AppleTV4K, [00000234FF228600][00000234FF50A2C0 49] TVOS, [00000234FF26FE00][00000234FF50E580 49] Mac, [00000234FF228B00][00000234FF512840 49] MacClient, [00000234FF26DD00][00000234FF516B00 49] MacNoEditor, [00000234FF228200][00000234FF51ADC0 49] MacServer, [00000234FF26E500][00000234FF51F080 49] Linux, [00000234FF22A100][00000234FF523340 49] LinuxAArch64, [00000234FF26EF00][00000234FF4FF5C0 49] LinuxNoEditor, [00000234FF22B700][00000234FF527840 49] LinuxAArch64NoEditor, [00000234FF26F300][00000234FF52FB00 49] LinuxClient, [00000234FF228F00][00000234FF532240 49] LinuxAArch64Client, [00000234FF26D400][00000234FF536500 49] LinuxServer, [00000234FF22B100][00000234FF53A7C0 49] LinuxAArch64Server, [00000234FF26D500][00000234FF53EA80 49] Android, [00000234FF22B500][00000234FF542D40 49] Android_Low, [00000234FF26FF00][00000234FF547000 49] Android_Mid, [00000234FF22AB00][00000234FF54B2C0 49] Android_High, [00000234FF2B5400][00000234FF54F580 49] Android_Default, [00000234FF2F2700][00000234FF52B800 49] Android_Adreno4xx, [00000234FF2B7A00][00000234FF553A80 49] Android_Adreno5xx_Low, [00000234FF2F0300][00000234FF55A1C0 49] Android_Adreno5xx, [00000234FF2B7000][00000234FF55E480 49] Android_Adreno6xx, [00000234FF2F1200][00000234FF562740 49] Android_Adreno6xx_Vulkan, [00000234FF2B5B00][00000234FF566A00 49] Android_Mali_T6xx, [00000234FF2F1700][00000234FF56ACC0 49] Android_Mali_T7xx, [00000234FF2B4A00][00000234FF56EF80 49] Android_Mali_T8xx, [00000234FF2F1100][00000234FF573240 49] Android_Mali_G71, [00000234FF2B6B00][00000234FF577500 49] Android_Mali_G72, [00000234FF2F1E00][00000234FF57B7C0 49] Android_Mali_G72_Vulkan, [00000234FF2B7700][00000234FF557A40 49] Android_Mali_G76, [00000234FF2F0500][00000234FF57E140 49] Android_Mali_G76_Vulkan, [00000234FF2B6C00][00000234FF586400 49] Android_Mali_G77, [00000234FF2F2600][00000234FF58A6C0 49] Android_Mali_G77_Vulkan, [00000234FF2B7F00][00000234FF58E980 49] Android_Mali_G78, [00000234FF2F2D00][00000234FF592C40 49] Android_Mali_G78_Vulkan, [00000234FF2B4100][00000234FF596F00 49] Android_Mali_G710, [00000234FF2F0400][00000234FF59B1C0 49] Android_Mali_G710_Vulkan, [00000234FF22B800][00000234FF59F480 49] Android_Vulkan_SM5, [00000234FF2F2200][00000234FF5A3740 49] Android_PowerVR_G6xxx, [00000234FF22B600][00000234FF5A7A00 49] Android_PowerVR_GT7xxx, [00000234FF2F1B00][00000234FF582100 49] Android_PowerVR_GE8xxx, [00000234FF22BA00][00000234FF5AA380 49] Android_PowerVR_GM9xxx, [00000234FF2F1000][00000234FF5B2640 49] Android_PowerVR_GM9xxx_Vulkan, [00000234FF228100][00000234FF5B6900 49] Android_TegraK1, [00000234FF2F0D00][00000234FF5BABC0 49] Android_Unknown_Vulkan, [00000234FF228C00][00000234FF5BEE80 49] Lumin, [00000234FF2F0C00][00000234FF5C3140 49] Lumin_Desktop, [00000234FF229C00][00000234FF5C7400 49] HoloLens, 
[2026.08.24-23.42.36:647][  0]LogMeshReduction: Using QuadricMeshReduction for automatic static mesh reduction
[2026.08.24-23.42.36:647][  0]LogMeshReduction: Using SimplygonMeshReduction for automatic skeletal mesh reduction
[2026.08.24-23.42.36:647][  0]LogMeshReduction: Using ProxyLODMeshReduction for automatic mesh merging
[2026.08.24-23.42.36:647][  0]LogMeshReduction: No distributed automatic mesh merging module available
[2026.08.24-23.42.36:647][  0]LogMeshMerging: No distributed automatic mesh merging module available
[2026.08.24-23.42.36:659][  0]LogNetVersion: BrackeysJam2026 1.0.0, NetCL: 17155196, EngineNetVer: 17, GameNetVer: 0 (Checksum: 1239153582)
[2026.08.24-23.42.36:926][  0]LogTexture: Default maximum texture size for cubemaps generated from long-lat sources has been changed from 512 to unlimited. In order to preserve old behaiour for '/Engine/MapTemplates/Sky/DaylightAmbientCubemap.DaylightAmbientCubemap', its maximum texture size has been explicitly set to 512.
[2026.08.24-23.42.36:961][  0]LogHMD: PokeAHoleMaterial loaded successfully
[2026.08.24-23.42.36:965][  0]LogUObjectArray: 17179 objects as part of root set at end of initial load.
[2026.08.24-23.42.36:965][  0]LogUObjectAllocator: 4302256 out of 0 bytes used by permanent object pool.
[2026.08.24-23.42.36:965][  0]LogUObjectArray: CloseDisregardForGC: 0/0 objects in disregard for GC pool
[2026.08.24-23.42.37:144][  0]LogNiagaraDebuggerClient: Niagara Debugger Client Initialized | Session: 4BE1325D4230784CE36AA68A5DE46C93 | Instance: AC1FC41C4AE43E6216D36AAA6C18B8C3 (LAPTOP-EB09ONFM-15420).
[2026.08.24-23.42.37:247][  0]LogPython: Using Python 3.7.7
[2026.08.24-23.42.37:562][  0]LogUdpMessaging: Initializing bridge on interface 0.0.0.0:0 to multicast group 230.0.0.1:6666.
[2026.08.24-23.42.37:567][  0]LogTcpMessaging: Initializing TcpMessaging bridge
[2026.08.24-23.42.37:692][  0]SourceControl: Source control is disabled
[2026.08.24-23.42.37:692][  0]SourceControl: Source control is disabled
[2026.08.24-23.42.37:696][  0]SourceControl: Source control is disabled
[2026.08.24-23.42.37:698][  0]SourceControl: Source control is disabled
[2026.08.24-23.42.37:700][  0]SourceControl: Source control is disabled
[2026.08.24-23.42.37:709][  0]LogUProjectInfo: Found projects:
[2026.08.24-23.42.37:890][  0]LogOpenImageDenoise: OIDN starting up
[2026.08.24-23.42.37:899][  0]LogAndroidPermission: UAndroidPermissionCallbackProxy::GetInstance
[2026.08.24-23.42.37:930][  0]LogAudioCaptureCore: Display: No Audio Capture implementations found. Audio input will be silent.
[2026.08.24-23.42.37:930][  0]LogAudioCaptureCore: Display: No Audio Capture implementations found. Audio input will be silent.
[2026.08.24-23.42.38:004][  0]LogCollectionManager: Loaded 0 collections in 0.001173 seconds
[2026.08.24-23.42.38:023][  0]LogFileCache: Scanning file cache for directory 'E:/_Alex's Data/Unreal Engine/Unreal Projects/Brackeys2026/Brackeys-2026/BrackeysJam2026/Saved/Collections/' took 0.00s
[2026.08.24-23.42.38:023][  0]LogFileCache: Scanning file cache for directory 'E:/_Alex's Data/Unreal Engine/Unreal Projects/Brackeys2026/Brackeys-2026/BrackeysJam2026/Content/Developers/AlexT/Collections/' took 0.00s
[2026.08.24-23.42.38:023][  0]LogFileCache: Scanning file cache for directory 'E:/_Alex's Data/Unreal Engine/Unreal Projects/Brackeys2026/Brackeys-2026/BrackeysJam2026/Content/Collections/' took 0.00s
[2026.08.24-23.42.38:023][  0]LogOcInput: OculusInput pre-init called
[2026.08.24-23.42.38:196][  0]LogEngine: Initializing Engine...
[2026.08.24-23.42.38:198][  0]LogHMD: Failed to enumerate extensions. Please check that you have a valid OpenXR runtime installed.
[2026.08.24-23.42.38:199][  0]LogHMD: Failed to initialize OpenVR with code 110
[2026.08.24-23.42.38:199][  0]LogMagicLeap: Warning: VR disabled because ZI is not enabled.  To enable, in the editor, Edit -> Project Settings -> Plugins -> Magic Leap Plugin -> Enable Zero Iteration
[2026.08.24-23.42.38:199][  0]LogStats: UGameplayTagsManager::InitializeManager -  0.000 s
[2026.08.24-23.42.38:271][  0]LogInit: Initializing FReadOnlyCVARCache
[2026.08.24-23.42.38:280][  0]LogAIModule: Creating AISystem for world Untitled
[2026.08.24-23.42.38:280][  0]LogAudio: Display: Initializing Audio Device Manager...
[2026.08.24-23.42.38:283][  0]LogAudio: Display: Loading Default Audio Settings Objects...
[2026.08.24-23.42.38:283][  0]LogAudio: Display: No default SoundConcurrencyObject specified (or failed to load).
[2026.08.24-23.42.38:283][  0]LogAudio: Display: Audio Device Manager Initialized
[2026.08.24-23.42.38:284][  0]LogAudio: Display: Creating Audio Device:                 Id: 1, Scope: Shared, Realtime: True
[2026.08.24-23.42.38:284][  0]LogAudioMixer: Display: Audio Mixer Platform Settings:
[2026.08.24-23.42.38:284][  0]LogAudioMixer: Display: 	Sample Rate:						  48000
[2026.08.24-23.42.38:284][  0]LogAudioMixer: Display: 	Callback Buffer Frame Size Requested: 1024
[2026.08.24-23.42.38:284][  0]LogAudioMixer: Display: 	Callback Buffer Frame Size To Use:	  1024
[2026.08.24-23.42.38:284][  0]LogAudioMixer: Display: 	Number of buffers to queue:			  2
[2026.08.24-23.42.38:284][  0]LogAudioMixer: Display: 	Max Channels (voices):				  32
[2026.08.24-23.42.38:284][  0]LogAudioMixer: Display: 	Number of Async Source Workers:		  0
[2026.08.24-23.42.38:284][  0]LogAudio: Display: AudioDevice MaxSources: 32
[2026.08.24-23.42.38:284][  0]LogAudio: Display: Audio Spatialization Plugin: None (built-in).
[2026.08.24-23.42.38:284][  0]LogAudio: Display: Audio Reverb Plugin: None (built-in).
[2026.08.24-23.42.38:284][  0]LogAudio: Display: Audio Occlusion Plugin: None (built-in).
[2026.08.24-23.42.38:284][  0]LogAudioMixer: Display: Initializing audio mixer.
[2026.08.24-23.42.38:294][  0]LogAudioMixer: Display: 0: FrontLeft
[2026.08.24-23.42.38:294][  0]LogAudioMixer: Display: 1: FrontRight
[2026.08.24-23.42.38:326][  0]LogAudioMixer: Display: Using Audio Device Realtek HD Audio 2nd output (Realtek(R) Audio)
[2026.08.24-23.42.38:327][  0]LogAudioMixer: Display: Initializing Sound Submixes...
[2026.08.24-23.42.38:329][  0]LogAudioMixer: Display: Creating Master Submix 'MasterSubmixDefault'
[2026.08.24-23.42.38:329][  0]LogAudioMixer: Display: Creating Master Submix 'MasterReverbSubmixDefault'
[2026.08.24-23.42.38:329][  0]LogAudioMixer: Display: Creating Master Submix 'MasterEQSubmixDefault'
[2026.08.24-23.42.38:329][  0]LogAudioMixer: FMixerPlatformXAudio2::StartAudioStream() called
[2026.08.24-23.42.38:329][  0]LogAudioMixer: Display: Output buffers initialized: Frames=1024, Channels=2, Samples=2048
[2026.08.24-23.42.38:330][  0]LogAudioMixer: Display: Starting AudioMixerPlatformInterface::RunInternal()
[2026.08.24-23.42.38:330][  0]LogAudioMixer: Display: FMixerPlatformXAudio2::SubmitBuffer() called for the first time
[2026.08.24-23.42.38:330][  0]LogInit: FAudioDevice initialized.
[2026.08.24-23.42.38:330][  0]LogAudio: Display: Audio Device (ID: 1) registered with world 'Untitled'.
[2026.08.24-23.42.38:330][  0]LogNetVersion: Set ProjectVersion to 1.0.0.0. Version Checksum will be recalculated on next use.
[2026.08.24-23.42.38:372][  0]LogDerivedDataCache: Saved boot cache 0.04s 94MB C:/Users/Alex T/AppData/Local/UnrealEngine/4.27/DerivedDataCache/Boot.ddc.
[2026.08.24-23.42.38:373][  0]LogInit: Texture streaming: Enabled
[2026.08.24-23.42.38:383][  0]LogAnalytics: Display: [UEEditor.Rocket.Release] APIServer = https://datarouter.ol.epicgames.com/. AppVersion = 4.27.2-18319896+++UE4+Release-4.27
[2026.08.24-23.42.38:386][  0]LogEngineSessionManager: EngineSessionManager initialized
[2026.08.24-23.42.38:386][  0]LogEditorSessionSummary: Verbose: Initializing EditorSessionSummaryWriter for editor session tracking
[2026.08.24-23.42.38:391][  0]LogEditorSessionSummary: EditorSessionSummaryWriter initialized
[2026.08.24-23.42.38:724][  0]LogInit: Transaction tracking system initialized
[2026.08.24-23.42.38:742][  0]BlueprintLog: New page: Editor Load
[2026.08.24-23.42.38:792][  0]LocalizationService: Localization service is disabled
[2026.08.24-23.42.38:816][  0]TimingProfiler: Initialize
[2026.08.24-23.42.38:816][  0]TimingProfiler: OnSessionChanged
[2026.08.24-23.42.38:816][  0]LoadingProfiler: Initialize
[2026.08.24-23.42.38:816][  0]LoadingProfiler: OnSessionChanged
[2026.08.24-23.42.38:816][  0]NetworkingProfiler: Initialize
[2026.08.24-23.42.38:816][  0]NetworkingProfiler: OnSessionChanged
[2026.08.24-23.42.38:816][  0]MemoryProfiler: Initialize
[2026.08.24-23.42.38:816][  0]MemoryProfiler: OnSessionChanged
[2026.08.24-23.42.38:949][  0]LogCook: Display: CookSettings for Memory: MemoryMaxUsedVirtual 0MiB, MemoryMaxUsedPhysical 16384MiB, MemoryMinFreeVirtual 0MiB, MemoryMinFreePhysical 1024MiB
[2026.08.24-23.42.38:949][  0]LogCook: Display: Mobile HDR setting 1
[2026.08.24-23.42.39:105][  0]LogFileCache: Scanning file cache for directory 'E:/_Alex's Data/Unreal Engine/Unreal Projects/Brackeys2026/Brackeys-2026/BrackeysJam2026/Content/' took 0.00s
[2026.08.24-23.42.39:236][  0]LogInit: Display: Engine is initialized. Leaving FEngineLoop::Init()
[2026.08.24-23.42.39:241][  0]SourceControl: Source control is disabled
[2026.08.24-23.42.39:241][  0]LogUnrealEdMisc: Loading editor; pre map load, took 5.209
[2026.08.24-23.42.39:241][  0]Cmd: MAP LOAD FILE="E:/_Alex's Data/Unreal Engine/Unreal Projects/Brackeys2026/Brackeys-2026/BrackeysJam2026/Content/Brackeys2026/Levels/Brackeys2026Map.umap" TEMPLATE=0 SHOWPROGRESS=1 FEATURELEVEL=3
[2026.08.24-23.42.39:241][  0]LightingResults: New page: Lighting Build
[2026.08.24-23.42.39:242][  0]LogWorld: UWorld::CleanupWorld for Untitled, bSessionEnded=true, bCleanupResources=true
[2026.08.24-23.42.39:242][  0]LogSlate: InvalidateAllWidgets triggered.  All widgets were invalidated
[2026.08.24-23.42.39:242][  0]MapCheck: New page: Map Check
[2026.08.24-23.42.39:242][  0]LightingResults: New page: Lighting Build
[2026.08.24-23.42.39:246][  0]LogAudio: Display: Audio Device unregistered from world 'None'.
[2026.08.24-23.42.39:249][  0]LogUObjectHash: Compacting FUObjectHashTables data took   0.67ms
[2026.08.24-23.42.39:557][  0]LogAudio: Display: Audio Device (ID: 1) registered with world 'Brackeys2026Map'.
[2026.08.24-23.42.39:558][  0]LogAIModule: Creating AISystem for world Brackeys2026Map
[2026.08.24-23.42.39:562][  0]LogEditorServer: Finished looking for orphan Actors (0.000 secs)
[2026.08.24-23.42.39:579][  0]LogUObjectHash: Compacting FUObjectHashTables data took   0.62ms
[2026.08.24-23.42.39:579][  0]Cmd: MAP CHECKDEP NOCLEARLOG
[2026.08.24-23.42.39:579][  0]MapCheck: Map check complete: 0 Error(s), 0 Warning(s), took 0.119ms to complete.
[2026.08.24-23.42.39:579][  0]LogFileHelpers: Loading map 'Brackeys2026Map' took 0.338
[2026.08.24-23.42.39:580][  0]LogUnrealEdMisc: Total Editor Startup Time, took 5.548
[2026.08.24-23.42.39:702][  0]LogSlate: The tab "Cesium" attempted to spawn in layout 'LevelEditor_Layout_v1.2' but failed for some reason. It will not be displayed.
[2026.08.24-23.42.39:730][  0]LogSlate: Updating window title bar state: overlay mode, drag disabled, window buttons hidden, title bar hidden
[2026.08.24-23.42.39:734][  0]LogSlate: Updating window title bar state: overlay mode, drag disabled, window buttons hidden, title bar hidden
[2026.08.24-23.42.39:739][  0]LogSlate: Updating window title bar state: overlay mode, drag disabled, window buttons hidden, title bar hidden
[2026.08.24-23.42.39:744][  0]LogSlate: Updating window title bar state: overlay mode, drag disabled, window buttons hidden, title bar hidden
[2026.08.24-23.42.40:049][  0]LogSlate: Only BGRA pngs, bmps or icos are supported in by External Image Picker
[2026.08.24-23.42.40:105][  0]LogNativeClassHierarchy: Verbose: Native class hierarchy populated in 0.0100 seconds. Added 3824 classes and 931 folders.
[2026.08.24-23.42.40:108][  0]LogNativeClassHierarchy: Verbose: Native class hierarchy updated for 'WidgetCarousel' in 0.0003 seconds. Added 0 classes and 0 folders.
[2026.08.24-23.42.40:110][  0]LogPakFile: PakFile PrimaryIndexSize=187
[2026.08.24-23.42.40:110][  0]LogPakFile: PakFile PathHashIndexSize=101
[2026.08.24-23.42.40:110][  0]LogPakFile: PakFile FullDirectoryIndexSize=148
[2026.08.24-23.42.40:110][  0]LogShaderLibrary: Display: ShaderCodeLibraryPakFileMountedCallback: PakFile 'C:/Program Files/Epic Games/UE_4.27/FeaturePacks/FP_FirstPerson.upack' (chunk index -1, root 'root:/') mounted
[2026.08.24-23.42.40:110][  0]LogShaderLibrary: Display: ShaderCodeLibraryPakFileMountedCallback: pending pak file info (ChunkID:-1 Root:root:/ File:C:/Program Files/Epic Games/UE_4.27/FeaturePacks/FP_FirstPerson.upack)
[2026.08.24-23.42.40:110][  0]LogPakFile: OnPakFileMounted2Time == 0.000048
[2026.08.24-23.42.40:110][  0]LogPakFile: PakFile PrimaryIndexSize=189
[2026.08.24-23.42.40:110][  0]LogPakFile: PakFile PathHashIndexSize=101
[2026.08.24-23.42.40:110][  0]LogPakFile: PakFile FullDirectoryIndexSize=152
[2026.08.24-23.42.40:110][  0]LogShaderLibrary: Display: ShaderCodeLibraryPakFileMountedCallback: PakFile 'C:/Program Files/Epic Games/UE_4.27/FeaturePacks/FP_FirstPersonBP.upack' (chunk index -1, root 'root:/') mounted
[2026.08.24-23.42.40:110][  0]LogShaderLibrary: Display: ShaderCodeLibraryPakFileMountedCallback: pending pak file info (ChunkID:-1 Root:root:/ File:C:/Program Files/Epic Games/UE_4.27/FeaturePacks/FP_FirstPersonBP.upack)
[2026.08.24-23.42.40:110][  0]LogPakFile: OnPakFileMounted2Time == 0.000034
[2026.08.24-23.42.40:111][  0]LogPakFile: PakFile PrimaryIndexSize=191
[2026.08.24-23.42.40:111][  0]LogPakFile: PakFile PathHashIndexSize=101
[2026.08.24-23.42.40:111][  0]LogPakFile: PakFile FullDirectoryIndexSize=160
[2026.08.24-23.42.40:111][  0]LogShaderLibrary: Display: ShaderCodeLibraryPakFileMountedCallback: PakFile 'C:/Program Files/Epic Games/UE_4.27/FeaturePacks/MobileStarterContent.upack' (chunk index -1, root 'root:/') mounted
[2026.08.24-23.42.40:111][  0]LogShaderLibrary: Display: ShaderCodeLibraryPakFileMountedCallback: pending pak file info (ChunkID:-1 Root:root:/ File:C:/Program Files/Epic Games/UE_4.27/FeaturePacks/MobileStarterContent.upack)
[2026.08.24-23.42.40:111][  0]LogPakFile: OnPakFileMounted2Time == 0.000026
[2026.08.24-23.42.40:111][  0]LogPakFile: PakFile PrimaryIndexSize=185
[2026.08.24-23.42.40:111][  0]LogPakFile: PakFile PathHashIndexSize=101
[2026.08.24-23.42.40:111][  0]LogPakFile: PakFile FullDirectoryIndexSize=148
[2026.08.24-23.42.40:111][  0]LogShaderLibrary: Display: ShaderCodeLibraryPakFileMountedCallback: PakFile 'C:/Program Files/Epic Games/UE_4.27/FeaturePacks/StarterContent.upack' (chunk index -1, root 'root:/') mounted
[2026.08.24-23.42.40:111][  0]LogShaderLibrary: Display: ShaderCodeLibraryPakFileMountedCallback: pending pak file info (ChunkID:-1 Root:root:/ File:C:/Program Files/Epic Games/UE_4.27/FeaturePacks/StarterContent.upack)
[2026.08.24-23.42.40:111][  0]LogPakFile: OnPakFileMounted2Time == 0.000029
[2026.08.24-23.42.40:112][  0]LogPakFile: PakFile PrimaryIndexSize=190
[2026.08.24-23.42.40:112][  0]LogPakFile: PakFile PathHashIndexSize=101
[2026.08.24-23.42.40:112][  0]LogPakFile: PakFile FullDirectoryIndexSize=154
[2026.08.24-23.42.40:112][  0]LogShaderLibrary: Display: ShaderCodeLibraryPakFileMountedCallback: PakFile 'C:/Program Files/Epic Games/UE_4.27/FeaturePacks/TP_2DSideScroller.upack' (chunk index -1, root 'root:/') mounted
[2026.08.24-23.42.40:112][  0]LogShaderLibrary: Display: ShaderCodeLibraryPakFileMountedCallback: pending pak file info (ChunkID:-1 Root:root:/ File:C:/Program Files/Epic Games/UE_4.27/FeaturePacks/TP_2DSideScroller.upack)
[2026.08.24-23.42.40:112][  0]LogPakFile: OnPakFileMounted2Time == 0.000026
[2026.08.24-23.42.40:112][  0]LogPakFile: PakFile PrimaryIndexSize=192
[2026.08.24-23.42.40:112][  0]LogPakFile: PakFile PathHashIndexSize=101
[2026.08.24-23.42.40:112][  0]LogPakFile: PakFile FullDirectoryIndexSize=158
[2026.08.24-23.42.40:112][  0]LogShaderLibrary: Display: ShaderCodeLibraryPakFileMountedCallback: PakFile 'C:/Program Files/Epic Games/UE_4.27/FeaturePacks/TP_2DSideScrollerBP.upack' (chunk index -1, root 'root:/') mounted
[2026.08.24-23.42.40:112][  0]LogShaderLibrary: Display: ShaderCodeLibraryPakFileMountedCallback: pending pak file info (ChunkID:-1 Root:root:/ File:C:/Program Files/Epic Games/UE_4.27/FeaturePacks/TP_2DSideScrollerBP.upack)
[2026.08.24-23.42.40:112][  0]LogPakFile: OnPakFileMounted2Time == 0.000025
[2026.08.24-23.42.40:112][  0]LogPakFile: PakFile PrimaryIndexSize=182
[2026.08.24-23.42.40:112][  0]LogPakFile: PakFile PathHashIndexSize=101
[2026.08.24-23.42.40:112][  0]LogPakFile: PakFile FullDirectoryIndexSize=138
[2026.08.24-23.42.40:112][  0]LogShaderLibrary: Display: ShaderCodeLibraryPakFileMountedCallback: PakFile 'C:/Program Files/Epic Games/UE_4.27/FeaturePacks/TP_Flying.upack' (chunk index -1, root 'root:/') mounted
[2026.08.24-23.42.40:112][  0]LogShaderLibrary: Display: ShaderCodeLibraryPakFileMountedCallback: pending pak file info (ChunkID:-1 Root:root:/ File:C:/Program Files/Epic Games/UE_4.27/FeaturePacks/TP_Flying.upack)
[2026.08.24-23.42.40:112][  0]LogPakFile: OnPakFileMounted2Time == 0.000026
[2026.08.24-23.42.40:113][  0]LogPakFile: PakFile PrimaryIndexSize=184
[2026.08.24-23.42.40:113][  0]LogPakFile: PakFile PathHashIndexSize=101
[2026.08.24-23.42.40:113][  0]LogPakFile: PakFile FullDirectoryIndexSize=142
[2026.08.24-23.42.40:113][  0]LogShaderLibrary: Display: ShaderCodeLibraryPakFileMountedCallback: PakFile 'C:/Program Files/Epic Games/UE_4.27/FeaturePacks/TP_FlyingBP.upack' (chunk index -1, root 'root:/') mounted
[2026.08.24-23.42.40:113][  0]LogShaderLibrary: Display: ShaderCodeLibraryPakFileMountedCallback: pending pak file info (ChunkID:-1 Root:root:/ File:C:/Program Files/Epic Games/UE_4.27/FeaturePacks/TP_FlyingBP.upack)
[2026.08.24-23.42.40:113][  0]LogPakFile: OnPakFileMounted2Time == 0.000026
[2026.08.24-23.42.40:113][  0]LogPakFile: PakFile PrimaryIndexSize=188
[2026.08.24-23.42.40:113][  0]LogPakFile: PakFile PathHashIndexSize=101
[2026.08.24-23.42.40:113][  0]LogPakFile: PakFile FullDirectoryIndexSize=150
[2026.08.24-23.42.40:113][  0]LogShaderLibrary: Display: ShaderCodeLibraryPakFileMountedCallback: PakFile 'C:/Program Files/Epic Games/UE_4.27/FeaturePacks/TP_HandheldARBP.upack' (chunk index -1, root 'root:/') mounted
[2026.08.24-23.42.40:113][  0]LogShaderLibrary: Display: ShaderCodeLibraryPakFileMountedCallback: pending pak file info (ChunkID:-1 Root:root:/ File:C:/Program Files/Epic Games/UE_4.27/FeaturePacks/TP_HandheldARBP.upack)
[2026.08.24-23.42.40:113][  0]LogPakFile: OnPakFileMounted2Time == 0.000024
[2026.08.24-23.42.40:113][  0]LogPakFile: PakFile PrimaryIndexSize=182
[2026.08.24-23.42.40:113][  0]LogPakFile: PakFile PathHashIndexSize=101
[2026.08.24-23.42.40:113][  0]LogPakFile: PakFile FullDirectoryIndexSize=138
[2026.08.24-23.42.40:114][  0]LogShaderLibrary: Display: ShaderCodeLibraryPakFileMountedCallback: PakFile 'C:/Program Files/Epic Games/UE_4.27/FeaturePacks/TP_Puzzle.upack' (chunk index -1, root 'root:/') mounted
[2026.08.24-23.42.40:114][  0]LogShaderLibrary: Display: ShaderCodeLibraryPakFileMountedCallback: pending pak file info (ChunkID:-1 Root:root:/ File:C:/Program Files/Epic Games/UE_4.27/FeaturePacks/TP_Puzzle.upack)
[2026.08.24-23.42.40:114][  0]LogPakFile: OnPakFileMounted2Time == 0.000035
[2026.08.24-23.42.40:114][  0]LogPakFile: PakFile PrimaryIndexSize=184
[2026.08.24-23.42.40:114][  0]LogPakFile: PakFile PathHashIndexSize=101
[2026.08.24-23.42.40:114][  0]LogPakFile: PakFile FullDirectoryIndexSize=142
[2026.08.24-23.42.40:114][  0]LogShaderLibrary: Display: ShaderCodeLibraryPakFileMountedCallback: PakFile 'C:/Program Files/Epic Games/UE_4.27/FeaturePacks/TP_PuzzleBP.upack' (chunk index -1, root 'root:/') mounted
[2026.08.24-23.42.40:114][  0]LogShaderLibrary: Display: ShaderCodeLibraryPakFileMountedCallback: pending pak file info (ChunkID:-1 Root:root:/ File:C:/Program Files/Epic Games/UE_4.27/FeaturePacks/TP_PuzzleBP.upack)
[2026.08.24-23.42.40:114][  0]LogPakFile: OnPakFileMounted2Time == 0.000025
[2026.08.24-23.42.40:114][  0]LogPakFile: PakFile PrimaryIndexSize=183
[2026.08.24-23.42.40:114][  0]LogPakFile: PakFile PathHashIndexSize=101
[2026.08.24-23.42.40:114][  0]LogPakFile: PakFile FullDirectoryIndexSize=140
[2026.08.24-23.42.40:114][  0]LogShaderLibrary: Display: ShaderCodeLibraryPakFileMountedCallback: PakFile 'C:/Program Files/Epic Games/UE_4.27/FeaturePacks/TP_Rolling.upack' (chunk index -1, root 'root:/') mounted
[2026.08.24-23.42.40:114][  0]LogShaderLibrary: Display: ShaderCodeLibraryPakFileMountedCallback: pending pak file info (ChunkID:-1 Root:root:/ File:C:/Program Files/Epic Games/UE_4.27/FeaturePacks/TP_Rolling.upack)
[2026.08.24-23.42.40:114][  0]LogPakFile: OnPakFileMounted2Time == 0.000028
[2026.08.24-23.42.40:115][  0]LogPakFile: PakFile PrimaryIndexSize=185
[2026.08.24-23.42.40:115][  0]LogPakFile: PakFile PathHashIndexSize=101
[2026.08.24-23.42.40:115][  0]LogPakFile: PakFile FullDirectoryIndexSize=144
[2026.08.24-23.42.40:115][  0]LogShaderLibrary: Display: ShaderCodeLibraryPakFileMountedCallback: PakFile 'C:/Program Files/Epic Games/UE_4.27/FeaturePacks/TP_RollingBP.upack' (chunk index -1, root 'root:/') mounted
[2026.08.24-23.42.40:115][  0]LogShaderLibrary: Display: ShaderCodeLibraryPakFileMountedCallback: pending pak file info (ChunkID:-1 Root:root:/ File:C:/Program Files/Epic Games/UE_4.27/FeaturePacks/TP_RollingBP.upack)
[2026.08.24-23.42.40:115][  0]LogPakFile: OnPakFileMounted2Time == 0.000025
[2026.08.24-23.42.40:116][  0]LogPakFile: PakFile PrimaryIndexSize=188
[2026.08.24-23.42.40:116][  0]LogPakFile: PakFile PathHashIndexSize=101
[2026.08.24-23.42.40:116][  0]LogPakFile: PakFile FullDirectoryIndexSize=150
[2026.08.24-23.42.40:116][  0]LogShaderLibrary: Display: ShaderCodeLibraryPakFileMountedCallback: PakFile 'C:/Program Files/Epic Games/UE_4.27/FeaturePacks/TP_SideScroller.upack' (chunk index -1, root 'root:/') mounted
[2026.08.24-23.42.40:116][  0]LogShaderLibrary: Display: ShaderCodeLibraryPakFileMountedCallback: pending pak file info (ChunkID:-1 Root:root:/ File:C:/Program Files/Epic Games/UE_4.27/FeaturePacks/TP_SideScroller.upack)
[2026.08.24-23.42.40:116][  0]LogPakFile: OnPakFileMounted2Time == 0.000025
[2026.08.24-23.42.40:116][  0]LogPakFile: PakFile PrimaryIndexSize=190
[2026.08.24-23.42.40:116][  0]LogPakFile: PakFile PathHashIndexSize=101
[2026.08.24-23.42.40:116][  0]LogPakFile: PakFile FullDirectoryIndexSize=154
[2026.08.24-23.42.40:116][  0]LogShaderLibrary: Display: ShaderCodeLibraryPakFileMountedCallback: PakFile 'C:/Program Files/Epic Games/UE_4.27/FeaturePacks/TP_SideScrollerBP.upack' (chunk index -1, root 'root:/') mounted
[2026.08.24-23.42.40:116][  0]LogShaderLibrary: Display: ShaderCodeLibraryPakFileMountedCallback: pending pak file info (ChunkID:-1 Root:root:/ File:C:/Program Files/Epic Games/UE_4.27/FeaturePacks/TP_SideScrollerBP.upack)
[2026.08.24-23.42.40:116][  0]LogPakFile: OnPakFileMounted2Time == 0.000029
[2026.08.24-23.42.40:116][  0]LogPakFile: PakFile PrimaryIndexSize=187
[2026.08.24-23.42.40:116][  0]LogPakFile: PakFile PathHashIndexSize=101
[2026.08.24-23.42.40:116][  0]LogPakFile: PakFile FullDirectoryIndexSize=148
[2026.08.24-23.42.40:116][  0]LogShaderLibrary: Display: ShaderCodeLibraryPakFileMountedCallback: PakFile 'C:/Program Files/Epic Games/UE_4.27/FeaturePacks/TP_ThirdPerson.upack' (chunk index -1, root 'root:/') mounted
[2026.08.24-23.42.40:116][  0]LogShaderLibrary: Display: ShaderCodeLibraryPakFileMountedCallback: pending pak file info (ChunkID:-1 Root:root:/ File:C:/Program Files/Epic Games/UE_4.27/FeaturePacks/TP_ThirdPerson.upack)
[2026.08.24-23.42.40:116][  0]LogPakFile: OnPakFileMounted2Time == 0.000028
[2026.08.24-23.42.40:117][  0]LogPakFile: PakFile PrimaryIndexSize=189
[2026.08.24-23.42.40:117][  0]LogPakFile: PakFile PathHashIndexSize=101
[2026.08.24-23.42.40:117][  0]LogPakFile: PakFile FullDirectoryIndexSize=152
[2026.08.24-23.42.40:117][  0]LogShaderLibrary: Display: ShaderCodeLibraryPakFileMountedCallback: PakFile 'C:/Program Files/Epic Games/UE_4.27/FeaturePacks/TP_ThirdPersonBP.upack' (chunk index -1, root 'root:/') mounted
[2026.08.24-23.42.40:117][  0]LogShaderLibrary: Display: ShaderCodeLibraryPakFileMountedCallback: pending pak file info (ChunkID:-1 Root:root:/ File:C:/Program Files/Epic Games/UE_4.27/FeaturePacks/TP_ThirdPersonBP.upack)
[2026.08.24-23.42.40:117][  0]LogPakFile: OnPakFileMounted2Time == 0.000025
[2026.08.24-23.42.40:117][  0]LogPakFile: PakFile PrimaryIndexSize=183
[2026.08.24-23.42.40:117][  0]LogPakFile: PakFile PathHashIndexSize=101
[2026.08.24-23.42.40:117][  0]LogPakFile: PakFile FullDirectoryIndexSize=140
[2026.08.24-23.42.40:117][  0]LogShaderLibrary: Display: ShaderCodeLibraryPakFileMountedCallback: PakFile 'C:/Program Files/Epic Games/UE_4.27/FeaturePacks/TP_TopDown.upack' (chunk index -1, root 'root:/') mounted
[2026.08.24-23.42.40:117][  0]LogShaderLibrary: Display: ShaderCodeLibraryPakFileMountedCallback: pending pak file info (ChunkID:-1 Root:root:/ File:C:/Program Files/Epic Games/UE_4.27/FeaturePacks/TP_TopDown.upack)
[2026.08.24-23.42.40:117][  0]LogPakFile: OnPakFileMounted2Time == 0.000036
[2026.08.24-23.42.40:118][  0]LogPakFile: PakFile PrimaryIndexSize=185
[2026.08.24-23.42.40:118][  0]LogPakFile: PakFile PathHashIndexSize=101
[2026.08.24-23.42.40:118][  0]LogPakFile: PakFile FullDirectoryIndexSize=144
[2026.08.24-23.42.40:118][  0]LogShaderLibrary: Display: ShaderCodeLibraryPakFileMountedCallback: PakFile 'C:/Program Files/Epic Games/UE_4.27/FeaturePacks/TP_TopDownBP.upack' (chunk index -1, root 'root:/') mounted
[2026.08.24-23.42.40:118][  0]LogShaderLibrary: Display: ShaderCodeLibraryPakFileMountedCallback: pending pak file info (ChunkID:-1 Root:root:/ File:C:/Program Files/Epic Games/UE_4.27/FeaturePacks/TP_TopDownBP.upack)
[2026.08.24-23.42.40:118][  0]LogPakFile: OnPakFileMounted2Time == 0.000030
[2026.08.24-23.42.40:118][  0]LogPakFile: PakFile PrimaryIndexSize=185
[2026.08.24-23.42.40:118][  0]LogPakFile: PakFile PathHashIndexSize=101
[2026.08.24-23.42.40:118][  0]LogPakFile: PakFile FullDirectoryIndexSize=144
[2026.08.24-23.42.40:118][  0]LogShaderLibrary: Display: ShaderCodeLibraryPakFileMountedCallback: PakFile 'C:/Program Files/Epic Games/UE_4.27/FeaturePacks/TP_TwinStick.upack' (chunk index -1, root 'root:/') mounted
[2026.08.24-23.42.40:118][  0]LogShaderLibrary: Display: ShaderCodeLibraryPakFileMountedCallback: pending pak file info (ChunkID:-1 Root:root:/ File:C:/Program Files/Epic Games/UE_4.27/FeaturePacks/TP_TwinStick.upack)
[2026.08.24-23.42.40:118][  0]LogPakFile: OnPakFileMounted2Time == 0.000032
[2026.08.24-23.42.40:119][  0]LogPakFile: PakFile PrimaryIndexSize=187
[2026.08.24-23.42.40:119][  0]LogPakFile: PakFile PathHashIndexSize=101
[2026.08.24-23.42.40:119][  0]LogPakFile: PakFile FullDirectoryIndexSize=148
[2026.08.24-23.42.40:119][  0]LogShaderLibrary: Display: ShaderCodeLibraryPakFileMountedCallback: PakFile 'C:/Program Files/Epic Games/UE_4.27/FeaturePacks/TP_TwinStickBP.upack' (chunk index -1, root 'root:/') mounted
[2026.08.24-23.42.40:119][  0]LogShaderLibrary: Display: ShaderCodeLibraryPakFileMountedCallback: pending pak file info (ChunkID:-1 Root:root:/ File:C:/Program Files/Epic Games/UE_4.27/FeaturePacks/TP_TwinStickBP.upack)
[2026.08.24-23.42.40:119][  0]LogPakFile: OnPakFileMounted2Time == 0.000027
[2026.08.24-23.42.40:119][  0]LogPakFile: PakFile PrimaryIndexSize=183
[2026.08.24-23.42.40:119][  0]LogPakFile: PakFile PathHashIndexSize=101
[2026.08.24-23.42.40:119][  0]LogPakFile: PakFile FullDirectoryIndexSize=140
[2026.08.24-23.42.40:119][  0]LogShaderLibrary: Display: ShaderCodeLibraryPakFileMountedCallback: PakFile 'C:/Program Files/Epic Games/UE_4.27/FeaturePacks/TP_Vehicle.upack' (chunk index -1, root 'root:/') mounted
[2026.08.24-23.42.40:119][  0]LogShaderLibrary: Display: ShaderCodeLibraryPakFileMountedCallback: pending pak file info (ChunkID:-1 Root:root:/ File:C:/Program Files/Epic Games/UE_4.27/FeaturePacks/TP_Vehicle.upack)
[2026.08.24-23.42.40:119][  0]LogPakFile: OnPakFileMounted2Time == 0.000027
[2026.08.24-23.42.40:119][  0]LogPakFile: PakFile PrimaryIndexSize=186
[2026.08.24-23.42.40:119][  0]LogPakFile: PakFile PathHashIndexSize=101
[2026.08.24-23.42.40:119][  0]LogPakFile: PakFile FullDirectoryIndexSize=146
[2026.08.24-23.42.40:119][  0]LogShaderLibrary: Display: ShaderCodeLibraryPakFileMountedCallback: PakFile 'C:/Program Files/Epic Games/UE_4.27/FeaturePacks/TP_VehicleAdv.upack' (chunk index -1, root 'root:/') mounted
[2026.08.24-23.42.40:119][  0]LogShaderLibrary: Display: ShaderCodeLibraryPakFileMountedCallback: pending pak file info (ChunkID:-1 Root:root:/ File:C:/Program Files/Epic Games/UE_4.27/FeaturePacks/TP_VehicleAdv.upack)
[2026.08.24-23.42.40:119][  0]LogPakFile: OnPakFileMounted2Time == 0.000027
[2026.08.24-23.42.40:120][  0]LogPakFile: PakFile PrimaryIndexSize=188
[2026.08.24-23.42.40:120][  0]LogPakFile: PakFile PathHashIndexSize=101
[2026.08.24-23.42.40:120][  0]LogPakFile: PakFile FullDirectoryIndexSize=150
[2026.08.24-23.42.40:120][  0]LogShaderLibrary: Display: ShaderCodeLibraryPakFileMountedCallback: PakFile 'C:/Program Files/Epic Games/UE_4.27/FeaturePacks/TP_VehicleAdvBP.upack' (chunk index -1, root 'root:/') mounted
[2026.08.24-23.42.40:120][  0]LogShaderLibrary: Display: ShaderCodeLibraryPakFileMountedCallback: pending pak file info (ChunkID:-1 Root:root:/ File:C:/Program Files/Epic Games/UE_4.27/FeaturePacks/TP_VehicleAdvBP.upack)
[2026.08.24-23.42.40:120][  0]LogPakFile: OnPakFileMounted2Time == 0.000029
[2026.08.24-23.42.40:120][  0]LogPakFile: PakFile PrimaryIndexSize=185
[2026.08.24-23.42.40:120][  0]LogPakFile: PakFile PathHashIndexSize=101
[2026.08.24-23.42.40:120][  0]LogPakFile: PakFile FullDirectoryIndexSize=144
[2026.08.24-23.42.40:120][  0]LogShaderLibrary: Display: ShaderCodeLibraryPakFileMountedCallback: PakFile 'C:/Program Files/Epic Games/UE_4.27/FeaturePacks/TP_VehicleBP.upack' (chunk index -1, root 'root:/') mounted
[2026.08.24-23.42.40:120][  0]LogShaderLibrary: Display: ShaderCodeLibraryPakFileMountedCallback: pending pak file info (ChunkID:-1 Root:root:/ File:C:/Program Files/Epic Games/UE_4.27/FeaturePacks/TP_VehicleBP.upack)
[2026.08.24-23.42.40:120][  0]LogPakFile: OnPakFileMounted2Time == 0.000025
[2026.08.24-23.42.40:121][  0]LogPakFile: PakFile PrimaryIndexSize=192
[2026.08.24-23.42.40:121][  0]LogPakFile: PakFile PathHashIndexSize=101
[2026.08.24-23.42.40:121][  0]LogPakFile: PakFile FullDirectoryIndexSize=158
[2026.08.24-23.42.40:121][  0]LogShaderLibrary: Display: ShaderCodeLibraryPakFileMountedCallback: PakFile 'C:/Program Files/Epic Games/UE_4.27/FeaturePacks/TP_VirtualRealityBP.upack' (chunk index -1, root 'root:/') mounted
[2026.08.24-23.42.40:121][  0]LogShaderLibrary: Display: ShaderCodeLibraryPakFileMountedCallback: pending pak file info (ChunkID:-1 Root:root:/ File:C:/Program Files/Epic Games/UE_4.27/FeaturePacks/TP_VirtualRealityBP.upack)
[2026.08.24-23.42.40:121][  0]LogPakFile: OnPakFileMounted2Time == 0.000031
[2026.08.24-23.42.40:168][  0]LogNativeClassHierarchy: Verbose: Native class hierarchy updated for 'AddContentDialog' in 0.0003 seconds. Added 0 classes and 0 folders.
[2026.08.24-23.42.40:205][  0]LogSlate: Took 0.000222 seconds to synchronously load lazily loaded font '../../../Engine/Content/Slate/Fonts/Roboto-Regular.ttf' (155K)
[2026.08.24-23.42.40:206][  0]LogSlate: Took 0.000163 seconds to synchronously load lazily loaded font '../../../Engine/Content/Editor/Slate/Fonts/FontAwesome.ttf' (139K)
[2026.08.24-23.42.40:208][  0]LogSlate: Took 0.000173 seconds to synchronously load lazily loaded font '../../../Engine/Content/Slate/Fonts/Roboto-Bold.ttf' (160K)
[2026.08.24-23.42.40:255][  0]LogRenderer: Reallocating scene render targets to support 1180x840 Format 10 NumSamples 1 (Frame:1).
[2026.08.24-23.42.40:349][  0]LogNativeClassHierarchy: Verbose: Native class hierarchy updated for 'HierarchicalLODOutliner' in 0.0003 seconds. Added 0 classes and 0 folders.
[2026.08.24-23.42.40:349][  0]LogLoad: (Engine Initialization) Total time: 6.32 seconds
[2026.08.24-23.42.40:349][  0]LogLoad: (Engine Initialization) Total Blueprint compile time: 0.00 seconds
[2026.08.24-23.42.40:400][  0]LogAssetRegistry: Asset discovery search completed in 4.0187 seconds
[2026.08.24-23.42.40:405][  0]LogCollectionManager: Fixed up redirectors for 0 collections in 0.000004 seconds (updated 0 objects)
[2026.08.24-23.42.40:407][  0]LogContentStreaming: Texture pool size now 1000 MB
[2026.08.24-23.42.41:365][106]LogSlate: Took 0.000227 seconds to synchronously load lazily loaded font '../../../Engine/Content/Slate/Fonts/Roboto-Light.ttf' (167K)
[2026.08.24-23.43.24:477][226]LogAssetEditorSubsystem: Opening Asset editor for Blueprint /Game/Brackeys2026/Levels/BrackeysGameMode.BrackeysGameMode
[2026.08.24-23.43.24:615][226]LogNativeClassHierarchy: Verbose: Native class hierarchy updated for 'BlueprintGraph' in 0.0004 seconds. Added 126 classes and 0 folders.
[2026.08.24-23.43.25:143][226]LogAssetEditorSubsystem: Opening Asset editor for Blueprint /Game/Brackeys2026/Characters/Player/BP_Player.BP_Player
[2026.08.24-23.43.25:393][226]LogAssetEditorSubsystem: Opening Asset editor for Blueprint /Game/Brackeys2026/Characters/Player/BP_PlayerController.BP_PlayerController
[2026.08.24-23.43.25:610][226]LogAssetEditorSubsystem: Opening Asset editor for Blueprint /Game/Brackeys2026/Characters/Opponent/BP_Opponent.BP_Opponent
[2026.08.24-23.43.25:860][226]LogAssetEditorSubsystem: Opening Asset editor for Blueprint /Game/Brackeys2026/Objects/CoinGun/BP_Revolver.BP_Revolver
[2026.08.24-23.43.26:111][226]LogAssetEditorSubsystem: Opening Asset editor for StaticMesh /Game/Brackeys2026/Objects/CoinGun/Revolver_separated_Revolver_004.Revolver_separated_Revolver_004
[2026.08.24-23.43.26:131][226]LogTexture: Default maximum texture size for cubemaps generated from long-lat sources has been changed from 512 to unlimited. In order to preserve old behaiour for '/Engine/EditorMaterials/AssetViewer/EpicQuadPanorama_CC+EV1.EpicQuadPanorama_CC+EV1', its maximum texture size has been explicitly set to 512.
[2026.08.24-23.43.26:182][226]LogTexture: Default maximum texture size for cubemaps generated from long-lat sources has been changed from 512 to unlimited. In order to preserve old behaiour for '/Engine/MapTemplates/Sky/SunsetAmbientCubemap.SunsetAmbientCubemap', its maximum texture size has been explicitly set to 512.
[2026.08.24-23.43.26:600][226]LogSlate: Took 0.000376 seconds to synchronously load lazily loaded font '../../../Engine/Content/Slate/Fonts/Roboto-BoldCondensed.ttf' (158K)
[2026.08.24-23.43.26:640][226]LogRenderer: Reallocating scene render targets to support 1432x912 Format 10 NumSamples 1 (Frame:1).
[2026.08.24-23.43.26:640][226]LogSlate: Took 0.000236 seconds to synchronously load lazily loaded font '../../../Engine/Content/Slate/Fonts/Roboto-Italic.ttf' (157K)
[2026.08.24-23.43.30:267][610]LogWorld: UWorld::CleanupWorld for World_6, bSessionEnded=true, bCleanupResources=true
[2026.08.24-23.43.30:267][610]LogSlate: InvalidateAllWidgets triggered.  All widgets were invalidated
[2026.08.24-23.43.30:334][610]LogSlate: Took 0.000271 seconds to synchronously load lazily loaded font '../../../Engine/Content/Slate/Fonts/Roboto-Light.ttf' (167K)
[2026.08.24-23.43.35:028][ 64]LogSlate: Window 'BP_Revolver' being destroyed
[2026.08.24-23.43.59:722][680]LogUObjectHash: Compacting FUObjectHashTables data took   2.51ms
[2026.08.24-23.44.02:659][680]LogSlate: Window 'Delete Assets' being destroyed
[2026.08.24-23.44.05:070][961]LogContentBrowser: Deferred new asset folder creation: NewFolder
[2026.08.24-23.44.05:079][961]LogContentBrowser: Creating deferred item: NewFolder
[2026.08.24-23.44.06:453][122]LogContentBrowser: Attempting asset rename: NewFolder -> NewFolder
[2026.08.24-23.44.06:454][122]LogContentBrowser: End creating deferred item NewFolder
[2026.08.24-23.44.16:775][315]LogContentBrowser: Attempting asset rename: CoinGun -> CoinGun
[2026.08.24-23.44.20:357][713]LogContentBrowser: Attempting asset rename: Revolver -> Revolver1
[2026.08.24-23.44.20:413][713]LogSavePackage: Moving 'E:/_Alex's Data/Unreal Engine/Unreal Projects/Brackeys2026/Brackeys-2026/BrackeysJam2026/Saved/BP_CoinGun21D969624BA249079B9B48BEC788ADFC.tmp' to 'E:/_Alex's Data/Unreal Engine/Unreal Projects/Brackeys2026/Brackeys-2026/BrackeysJam2026/Content/Brackeys2026/Objects/Revolver1/BP_CoinGun.uasset'
[2026.08.24-23.44.20:417][713]LogSavePackage: Moving 'E:/_Alex's Data/Unreal Engine/Unreal Projects/Brackeys2026/Brackeys-2026/BrackeysJam2026/Saved/BP_CoinGun_CE49C71BD4951B8898A3B7C937053B640.tmp' to 'E:/_Alex's Data/Unreal Engine/Unreal Projects/Brackeys2026/Brackeys-2026/BrackeysJam2026/Content/Brackeys2026/Objects/Revolver1/BP_CoinGun_C.uasset'
[2026.08.24-23.44.20:420][713]LogSavePackage: Moving 'E:/_Alex's Data/Unreal Engine/Unreal Projects/Brackeys2026/Brackeys-2026/BrackeysJam2026/Saved/Default__BP_CoinGun_C4FAB87E549B31231476FA588D8285856.tmp' to 'E:/_Alex's Data/Unreal Engine/Unreal Projects/Brackeys2026/Brackeys-2026/BrackeysJam2026/Content/Brackeys2026/Objects/Revolver1/Default__BP_CoinGun_C.uasset'
[2026.08.24-23.44.20:503][713]LogUObjectHash: Compacting FUObjectHashTables data took   1.81ms
[2026.08.24-23.44.20:534][713]LogUObjectHash: Compacting FUObjectHashTables data took   1.24ms
[2026.08.24-23.44.20:556][713]LogUObjectHash: Compacting FUObjectHashTables data took   0.39ms
[2026.08.24-23.44.20:596][713]AssetCheck: New page: Asset Save: multiple assets
[2026.08.24-23.44.20:596][713]LogContentValidation: Display: Validating ObjectRedirector /Game/Brackeys2026/Objects/Revolver1/BP_CoinGun.BP_CoinGun
[2026.08.24-23.44.20:596][713]LogContentValidation: Display: Validating ObjectRedirector /Game/Brackeys2026/Objects/Revolver1/BP_CoinGun_C.BP_CoinGun_C
[2026.08.24-23.44.20:596][713]LogContentValidation: Display: Validating ObjectRedirector /Game/Brackeys2026/Objects/Revolver1/Default__BP_CoinGun_C.Default__BP_CoinGun_C
[2026.08.24-23.44.25:599][283]LogContentBrowser: Attempting asset rename: CoinGun -> Revolver
[2026.08.24-23.44.25:691][283]LogStaticMesh: Building static mesh Revolver...
[2026.08.24-23.44.25:823][283]LogStaticMesh: Built static mesh [0.13s] /Game/Brackeys2026/Objects/CoinGun/Old_Revolver/Revolver.Revolver
[2026.08.24-23.44.25:876][283]LogMetaData: Removing '/Game/Brackeys2026/Objects/Revolver/BP_Revolver.BP_Revolver_C' ref from Metadata '/Game/Brackeys2026/Objects/CoinGun/BP_Revolver.PackageMetaData'
[2026.08.24-23.44.25:876][283]LogMetaData: Removing '/Game/Brackeys2026/Objects/Revolver/BP_Revolver.BP_Revolver:EventGraph.K2Node_Event_0' ref from Metadata '/Game/Brackeys2026/Objects/CoinGun/BP_Revolver.PackageMetaData'
[2026.08.24-23.44.25:876][283]LogMetaData: Removing '/Game/Brackeys2026/Objects/Revolver/BP_Revolver.BP_Revolver:LoadBullets.K2Node_FunctionEntry_0' ref from Metadata '/Game/Brackeys2026/Objects/CoinGun/BP_Revolver.PackageMetaData'
[2026.08.24-23.44.25:876][283]LogMetaData: Removing '/Game/Brackeys2026/Objects/Revolver/BP_Revolver.BP_Revolver:UserConstructionScript.K2Node_FunctionEntry_0' ref from Metadata '/Game/Brackeys2026/Objects/CoinGun/BP_Revolver.PackageMetaData'
[2026.08.24-23.44.25:876][283]LogMetaData: Removing '/Game/Brackeys2026/Objects/Revolver/BP_Revolver.SKEL_BP_Revolver_C:ReceiveBeginPlay' ref from Metadata '/Game/Brackeys2026/Objects/CoinGun/BP_Revolver.PackageMetaData'
[2026.08.24-23.44.25:876][283]LogMetaData: Removing '/Game/Brackeys2026/Objects/Revolver/BP_Revolver.SKEL_BP_Revolver_C:PutDownRevolver' ref from Metadata '/Game/Brackeys2026/Objects/CoinGun/BP_Revolver.PackageMetaData'
[2026.08.24-23.44.25:876][283]LogMetaData: Removing '/Game/Brackeys2026/Objects/Revolver/BP_Revolver.SKEL_BP_Revolver_C:Shoot' ref from Metadata '/Game/Brackeys2026/Objects/CoinGun/BP_Revolver.PackageMetaData'
[2026.08.24-23.44.25:876][283]LogMetaData: Removing '/Game/Brackeys2026/Objects/Revolver/BP_Revolver.SKEL_BP_Revolver_C:BndEvt__BP_Revolver_Revolver_separated_Revolver_K2Node_ComponentBoundEvent_0_ComponentOnClickedSignature__DelegateSignature' ref from Metadata '/Game/Brackeys2026/Objects/CoinGun/BP_Revolver.PackageMetaData'
[2026.08.24-23.44.25:876][283]LogMetaData: Removing '/Game/Brackeys2026/Objects/Revolver/BP_Revolver.SKEL_BP_Revolver_C:UserConstructionScript' ref from Metadata '/Game/Brackeys2026/Objects/CoinGun/BP_Revolver.PackageMetaData'
[2026.08.24-23.44.25:876][283]LogMetaData: Removing '/Game/Brackeys2026/Objects/Revolver/BP_Revolver.SKEL_BP_Revolver_C' ref from Metadata '/Game/Brackeys2026/Objects/CoinGun/BP_Revolver.PackageMetaData'
[2026.08.24-23.44.25:876][283]LogMetaData: Removing '/Game/Brackeys2026/Objects/Revolver/BP_Revolver.BP_Revolver_C:ReceiveBeginPlay' ref from Metadata '/Game/Brackeys2026/Objects/CoinGun/BP_Revolver.PackageMetaData'
[2026.08.24-23.44.26:892][283]LogSavePackage: Moving 'E:/_Alex's Data/Unreal Engine/Unreal Projects/Brackeys2026/Brackeys-2026/BrackeysJam2026/Saved/BP_Revolver2EA762394409463975A61688AE0A179F.tmp' to 'E:/_Alex's Data/Unreal Engine/Unreal Projects/Brackeys2026/Brackeys-2026/BrackeysJam2026/Content/Brackeys2026/Objects/Revolver/BP_Revolver.uasset'
[2026.08.24-23.44.26:898][283]LogSavePackage: Moving 'E:/_Alex's Data/Unreal Engine/Unreal Projects/Brackeys2026/Brackeys-2026/BrackeysJam2026/Saved/BP_RevolverB50BFE4E4B88995BF0BFA5AA6D667B50.tmp' to 'E:/_Alex's Data/Unreal Engine/Unreal Projects/Brackeys2026/Brackeys-2026/BrackeysJam2026/Content/Brackeys2026/Objects/CoinGun/BP_Revolver.uasset'
[2026.08.24-23.44.27:061][283]LogSavePackage: Moving 'E:/_Alex's Data/Unreal Engine/Unreal Projects/Brackeys2026/Brackeys-2026/BrackeysJam2026/Saved/DefaultMaterial_BaseColorB86BF5AC45CA1CE923A99694F46B8FB3.tmp' to 'E:/_Alex's Data/Unreal Engine/Unreal Projects/Brackeys2026/Brackeys-2026/BrackeysJam2026/Content/Brackeys2026/Objects/Revolver/DefaultMaterial_BaseColor.uasset'
[2026.08.24-23.44.27:661][283]LogSavePackage: Moving 'E:/_Alex's Data/Unreal Engine/Unreal Projects/Brackeys2026/Brackeys-2026/BrackeysJam2026/Saved/DefaultMaterial_NormalC0858A9E49110C2AC3D54787FE074F03.tmp' to 'E:/_Alex's Data/Unreal Engine/Unreal Projects/Brackeys2026/Brackeys-2026/BrackeysJam2026/Content/Brackeys2026/Objects/Revolver/DefaultMaterial_Normal.uasset'
[2026.08.24-23.44.28:147][283]LogSavePackage: Moving 'E:/_Alex's Data/Unreal Engine/Unreal Projects/Brackeys2026/Brackeys-2026/BrackeysJam2026/Saved/DefaultMaterial_Roughness918820DB45BC313FD77EE1AF9A781F02.tmp' to 'E:/_Alex's Data/Unreal Engine/Unreal Projects/Brackeys2026/Brackeys-2026/BrackeysJam2026/Content/Brackeys2026/Objects/Revolver/DefaultMaterial_Roughness.uasset'
[2026.08.24-23.44.28:170][283]LogSavePackage: Moving 'E:/_Alex's Data/Unreal Engine/Unreal Projects/Brackeys2026/Brackeys-2026/BrackeysJam2026/Saved/Material_003A07CF2874195FE46B768B1A85C0714DB.tmp' to 'E:/_Alex's Data/Unreal Engine/Unreal Projects/Brackeys2026/Brackeys-2026/BrackeysJam2026/Content/Brackeys2026/Objects/Revolver/Material_003.uasset'
[2026.08.24-23.44.28:200][283]LogSavePackage: Moving 'E:/_Alex's Data/Unreal Engine/Unreal Projects/Brackeys2026/Brackeys-2026/BrackeysJam2026/Saved/Revolver_separated_Revolver_0049B9FCCE042268D8611C5FC8E456CFC39.tmp' to 'E:/_Alex's Data/Unreal Engine/Unreal Projects/Brackeys2026/Brackeys-2026/BrackeysJam2026/Content/Brackeys2026/Objects/Revolver/Revolver_separated_Revolver_004.uasset'
[2026.08.24-23.44.28:223][283]LogSavePackage: Moving 'E:/_Alex's Data/Unreal Engine/Unreal Projects/Brackeys2026/Brackeys-2026/BrackeysJam2026/Saved/Revolver_separated_Revolver_0026C94A58E4AA51C4C28AE31916307C97C.tmp' to 'E:/_Alex's Data/Unreal Engine/Unreal Projects/Brackeys2026/Brackeys-2026/BrackeysJam2026/Content/Brackeys2026/Objects/Revolver/Revolver_separated_Revolver_002.uasset'
[2026.08.24-23.44.28:245][283]LogSavePackage: Moving 'E:/_Alex's Data/Unreal Engine/Unreal Projects/Brackeys2026/Brackeys-2026/BrackeysJam2026/Saved/Revolver_separated_Revolver_003F412EACE43F4FC447E6688ACC796FECC.tmp' to 'E:/_Alex's Data/Unreal Engine/Unreal Projects/Brackeys2026/Brackeys-2026/BrackeysJam2026/Content/Brackeys2026/Objects/Revolver/Revolver_separated_Revolver_003.uasset'
[2026.08.24-23.44.28:433][283]LogSavePackage: Moving 'E:/_Alex's Data/Unreal Engine/Unreal Projects/Brackeys2026/Brackeys-2026/BrackeysJam2026/Saved/Revolver_separated_Revolver29D16F0D429ACF846282B594FAF6179D.tmp' to 'E:/_Alex's Data/Unreal Engine/Unreal Projects/Brackeys2026/Brackeys-2026/BrackeysJam2026/Content/Brackeys2026/Objects/Revolver/Revolver_separated_Revolver.uasset'
[2026.08.24-23.44.28:438][283]LogSavePackage: Moving 'E:/_Alex's Data/Unreal Engine/Unreal Projects/Brackeys2026/Brackeys-2026/BrackeysJam2026/Saved/BP_CoinGun955B01CD487182A7A08A4EB8F29D63B8.tmp' to 'E:/_Alex's Data/Unreal Engine/Unreal Projects/Brackeys2026/Brackeys-2026/BrackeysJam2026/Content/Brackeys2026/Objects/Revolver/BP_CoinGun.uasset'
[2026.08.24-23.44.28:442][283]LogSavePackage: Moving 'E:/_Alex's Data/Unreal Engine/Unreal Projects/Brackeys2026/Brackeys-2026/BrackeysJam2026/Saved/BP_CoinGun_C0C2CA7EF49FDFFF06B56B698EFF44190.tmp' to 'E:/_Alex's Data/Unreal Engine/Unreal Projects/Brackeys2026/Brackeys-2026/BrackeysJam2026/Content/Brackeys2026/Objects/Revolver/BP_CoinGun_C.uasset'
[2026.08.24-23.44.28:446][283]LogSavePackage: Moving 'E:/_Alex's Data/Unreal Engine/Unreal Projects/Brackeys2026/Brackeys-2026/BrackeysJam2026/Saved/Default__BP_CoinGun_C55D9830C4A70E0BC14AA729E1C534AF9.tmp' to 'E:/_Alex's Data/Unreal Engine/Unreal Projects/Brackeys2026/Brackeys-2026/BrackeysJam2026/Content/Brackeys2026/Objects/Revolver/Default__BP_CoinGun_C.uasset'
[2026.08.24-23.44.28:864][283]LogSavePackage: Moving 'E:/_Alex's Data/Unreal Engine/Unreal Projects/Brackeys2026/Brackeys-2026/BrackeysJam2026/Saved/DefaultMaterial_BaseColor69072B2F49D0E7919FDD9680010E2243.tmp' to 'E:/_Alex's Data/Unreal Engine/Unreal Projects/Brackeys2026/Brackeys-2026/BrackeysJam2026/Content/Brackeys2026/Objects/Revolver/Old_Revolver/DefaultMaterial_BaseColor.uasset'
[2026.08.24-23.44.28:983][283]LogSavePackage: Moving 'E:/_Alex's Data/Unreal Engine/Unreal Projects/Brackeys2026/Brackeys-2026/BrackeysJam2026/Saved/DefaultMaterial_Normal1A1FCDCA48F18AA0B9821F9CF42638FF.tmp' to 'E:/_Alex's Data/Unreal Engine/Unreal Projects/Brackeys2026/Brackeys-2026/BrackeysJam2026/Content/Brackeys2026/Objects/Revolver/Old_Revolver/DefaultMaterial_Normal.uasset'
[2026.08.24-23.44.29:448][283]LogSavePackage: Moving 'E:/_Alex's Data/Unreal Engine/Unreal Projects/Brackeys2026/Brackeys-2026/BrackeysJam2026/Saved/DefaultMaterial_Roughness673CC4E646165EA7F592ED9CA77D4168.tmp' to 'E:/_Alex's Data/Unreal Engine/Unreal Projects/Brackeys2026/Brackeys-2026/BrackeysJam2026/Content/Brackeys2026/Objects/Revolver/Old_Revolver/DefaultMaterial_Roughness.uasset'
[2026.08.24-23.44.29:471][283]LogSavePackage: Moving 'E:/_Alex's Data/Unreal Engine/Unreal Projects/Brackeys2026/Brackeys-2026/BrackeysJam2026/Saved/Material_0034D75284F42902524FD466DA9E97F7735.tmp' to 'E:/_Alex's Data/Unreal Engine/Unreal Projects/Brackeys2026/Brackeys-2026/BrackeysJam2026/Content/Brackeys2026/Objects/Revolver/Old_Revolver/Material_003.uasset'
[2026.08.24-23.44.29:528][283]LogSavePackage: Moving 'E:/_Alex's Data/Unreal Engine/Unreal Projects/Brackeys2026/Brackeys-2026/BrackeysJam2026/Saved/Revolver38EDE3844BA865F9EAE30FA0C54FA81D.tmp' to 'E:/_Alex's Data/Unreal Engine/Unreal Projects/Brackeys2026/Brackeys-2026/BrackeysJam2026/Content/Brackeys2026/Objects/Revolver/Old_Revolver/Revolver.uasset'
[2026.08.24-23.44.29:734][283]LogUObjectHash: Compacting FUObjectHashTables data took   1.51ms
[2026.08.24-23.44.29:758][283]LogUObjectHash: Compacting FUObjectHashTables data took   0.54ms
[2026.08.24-23.44.29:779][283]LogUObjectHash: Compacting FUObjectHashTables data took   0.39ms
[2026.08.24-23.44.29:802][283]LogUObjectHash: Compacting FUObjectHashTables data took   0.40ms
[2026.08.24-23.44.29:823][283]LogUObjectHash: Compacting FUObjectHashTables data took   0.52ms
[2026.08.24-23.44.29:846][283]LogUObjectHash: Compacting FUObjectHashTables data took   0.38ms
[2026.08.24-23.44.29:868][283]LogUObjectHash: Compacting FUObjectHashTables data took   0.51ms
[2026.08.24-23.44.29:889][283]LogUObjectHash: Compacting FUObjectHashTables data took   0.52ms
[2026.08.24-23.44.29:911][283]LogUObjectHash: Compacting FUObjectHashTables data took   0.45ms
[2026.08.24-23.44.29:939][283]LogUObjectHash: Compacting FUObjectHashTables data took   0.54ms
[2026.08.24-23.44.29:962][283]LogUObjectHash: Compacting FUObjectHashTables data took   0.59ms
[2026.08.24-23.44.29:984][283]LogUObjectHash: Compacting FUObjectHashTables data took   0.38ms
[2026.08.24-23.44.30:006][283]LogUObjectHash: Compacting FUObjectHashTables data took   0.38ms
[2026.08.24-23.44.30:027][283]LogUObjectHash: Compacting FUObjectHashTables data took   0.54ms
[2026.08.24-23.44.30:060][283]LogUObjectHash: Compacting FUObjectHashTables data took   1.25ms
[2026.08.24-23.44.30:082][283]LogUObjectHash: Compacting FUObjectHashTables data took   0.52ms
[2026.08.24-23.44.30:161][283]AssetCheck: New page: Asset Save: multiple assets
[2026.08.24-23.44.30:161][283]LogContentValidation: Display: Validating Blueprint /Game/Brackeys2026/Objects/Revolver/BP_Revolver.BP_Revolver
[2026.08.24-23.44.30:161][283]LogContentValidation: Display: Validating Texture2D /Game/Brackeys2026/Objects/Revolver/DefaultMaterial_BaseColor.DefaultMaterial_BaseColor
[2026.08.24-23.44.30:161][283]LogContentValidation: Display: Validating Texture2D /Game/Brackeys2026/Objects/Revolver/DefaultMaterial_Normal.DefaultMaterial_Normal
[2026.08.24-23.44.30:161][283]LogContentValidation: Display: Validating Texture2D /Game/Brackeys2026/Objects/Revolver/DefaultMaterial_Roughness.DefaultMaterial_Roughness
[2026.08.24-23.44.30:161][283]LogContentValidation: Display: Validating Material /Game/Brackeys2026/Objects/Revolver/Material_003.Material_003
[2026.08.24-23.44.30:161][283]LogContentValidation: Display: Validating StaticMesh /Game/Brackeys2026/Objects/Revolver/Revolver_separated_Revolver_004.Revolver_separated_Revolver_004
[2026.08.24-23.44.30:161][283]LogContentValidation: Display: Validating StaticMesh /Game/Brackeys2026/Objects/Revolver/Revolver_separated_Revolver_002.Revolver_separated_Revolver_002
[2026.08.24-23.44.30:161][283]LogContentValidation: Display: Validating StaticMesh /Game/Brackeys2026/Objects/Revolver/Revolver_separated_Revolver_003.Revolver_separated_Revolver_003
[2026.08.24-23.44.30:161][283]LogContentValidation: Display: Validating StaticMesh /Game/Brackeys2026/Objects/Revolver/Revolver_separated_Revolver.Revolver_separated_Revolver
[2026.08.24-23.44.30:161][283]LogContentValidation: Display: Validating ObjectRedirector /Game/Brackeys2026/Objects/CoinGun/BP_Revolver.BP_Revolver
[2026.08.24-23.44.30:161][283]LogContentValidation: Display: Validating ObjectRedirector /Game/Brackeys2026/Objects/CoinGun/BP_Revolver.Default__BP_Revolver_C
[2026.08.24-23.44.30:161][283]LogContentValidation: Display: Validating ObjectRedirector /Game/Brackeys2026/Objects/CoinGun/BP_Revolver.BP_Revolver_C
[2026.08.24-23.44.30:161][283]LogContentValidation: Display: Validating StaticMesh /Game/Brackeys2026/Objects/Revolver/Old_Revolver/Revolver.Revolver
[2026.08.24-23.44.30:161][283]LogContentValidation: Display: Validating Material /Game/Brackeys2026/Objects/Revolver/Old_Revolver/Material_003.Material_003
[2026.08.24-23.44.30:161][283]LogContentValidation: Display: Validating Texture2D /Game/Brackeys2026/Objects/Revolver/Old_Revolver/DefaultMaterial_Roughness.DefaultMaterial_Roughness
[2026.08.24-23.44.30:161][283]LogContentValidation: Display: Validating Texture2D /Game/Brackeys2026/Objects/Revolver/Old_Revolver/DefaultMaterial_Normal.DefaultMaterial_Normal
[2026.08.24-23.44.30:161][283]LogContentValidation: Display: Validating Texture2D /Game/Brackeys2026/Objects/Revolver/Old_Revolver/DefaultMaterial_BaseColor.DefaultMaterial_BaseColor
[2026.08.24-23.44.30:161][283]LogContentValidation: Display: Validating ObjectRedirector /Game/Brackeys2026/Objects/Revolver/BP_CoinGun.BP_CoinGun
[2026.08.24-23.44.30:161][283]LogContentValidation: Display: Validating ObjectRedirector /Game/Brackeys2026/Objects/Revolver/BP_CoinGun_C.BP_CoinGun_C
[2026.08.24-23.44.30:161][283]LogContentValidation: Display: Validating ObjectRedirector /Game/Brackeys2026/Objects/Revolver/Default__BP_CoinGun_C.Default__BP_CoinGun_C
[2026.08.24-23.44.51:998][842]LogUObjectHash: Compacting FUObjectHashTables data took   2.24ms
[2026.08.24-23.44.56:477][842]LogSlate: Window 'Delete Assets' being destroyed
[2026.08.24-23.45.27:799][504]LogAssetEditorSubsystem: Opening Asset editor for WidgetBlueprint /Game/Brackeys2026/UI/BP_UI.BP_UI
[2026.08.24-23.48.37:671][ 86]LogSlate: Window 'Color Picker' being destroyed
[2026.08.24-23.50.24:915][592]BlueprintLog: New page: Compile BP_UI
[2026.08.24-23.50.24:989][592]LogUObjectHash: Compacting FUObjectHashTables data took   3.48ms
[2026.08.24-23.50.25:365][632]Cmd: OBJ SAVEPACKAGE PACKAGE="/Game/Brackeys2026/UI/BP_UI" FILE="E:/_Alex's Data/Unreal Engine/Unreal Projects/Brackeys2026/Brackeys-2026/BrackeysJam2026/Content/Brackeys2026/UI/BP_UI.uasset" SILENT=true
[2026.08.24-23.50.25:627][632]LogSavePackage: Moving 'E:/_Alex's Data/Unreal Engine/Unreal Projects/Brackeys2026/Brackeys-2026/BrackeysJam2026/Saved/BP_UI59DA0D334813BA5C8506F9BA07342DAD.tmp' to 'E:/_Alex's Data/Unreal Engine/Unreal Projects/Brackeys2026/Brackeys-2026/BrackeysJam2026/Content/Brackeys2026/UI/BP_UI.uasset'
[2026.08.24-23.50.25:649][632]AssetCheck: New page: Asset Save: BP_UI
[2026.08.24-23.50.25:649][632]LogContentValidation: Display: Validating WidgetBlueprint /Game/Brackeys2026/UI/BP_UI.BP_UI
[2026.08.24-23.50.30:661][206]BlueprintLog: New page: Compile BP_UI
[2026.08.24-23.50.30:713][206]LogUObjectHash: Compacting FUObjectHashTables data took   2.72ms
[2026.08.24-23.50.31:064][238]Cmd: OBJ SAVEPACKAGE PACKAGE="/Game/Brackeys2026/UI/BP_UI" FILE="E:/_Alex's Data/Unreal Engine/Unreal Projects/Brackeys2026/Brackeys-2026/BrackeysJam2026/Content/Brackeys2026/UI/BP_UI.uasset" SILENT=true
[2026.08.24-23.50.31:070][238]LogSavePackage: Moving 'E:/_Alex's Data/Unreal Engine/Unreal Projects/Brackeys2026/Brackeys-2026/BrackeysJam2026/Saved/BP_UI785A83C54A77DEC0D3E0998248876A52.tmp' to 'E:/_Alex's Data/Unreal Engine/Unreal Projects/Brackeys2026/Brackeys-2026/BrackeysJam2026/Content/Brackeys2026/UI/BP_UI.uasset'
[2026.08.24-23.50.31:090][238]AssetCheck: New page: Asset Save: BP_UI
[2026.08.24-23.50.31:090][238]LogContentValidation: Display: Validating WidgetBlueprint /Game/Brackeys2026/UI/BP_UI.BP_UI
[2026.08.24-23.51.04:114][544]LogSlate: Took 0.000176 seconds to synchronously load lazily loaded font '../../../Engine/Content/Slate/Fonts/DroidSansMono.ttf' (77K)
[2026.08.24-23.52.16:531][442]LogSlate: Took 0.000225 seconds to synchronously load lazily loaded font '../../../Engine/Content/Slate/Fonts/Roboto-BoldCondensedItalic.ttf' (160K)
[2026.08.24-23.53.17:708][363]BlueprintLog: New page: Compile BP_UI
[2026.08.24-23.53.17:759][363]LogUObjectHash: Compacting FUObjectHashTables data took   2.94ms
[2026.08.24-23.53.18:165][408]Cmd: OBJ SAVEPACKAGE PACKAGE="/Game/Brackeys2026/UI/BP_UI" FILE="E:/_Alex's Data/Unreal Engine/Unreal Projects/Brackeys2026/Brackeys-2026/BrackeysJam2026/Content/Brackeys2026/UI/BP_UI.uasset" SILENT=true
[2026.08.24-23.53.20:653][408]LogSavePackage: Moving 'E:/_Alex's Data/Unreal Engine/Unreal Projects/Brackeys2026/Brackeys-2026/BrackeysJam2026/Saved/BP_UI282059E94565E42C149AB3AABFB4CD7A.tmp' to 'E:/_Alex's Data/Unreal Engine/Unreal Projects/Brackeys2026/Brackeys-2026/BrackeysJam2026/Content/Brackeys2026/UI/BP_UI.uasset'
[2026.08.24-23.53.20:708][408]AssetCheck: New page: Asset Save: BP_UI
[2026.08.24-23.53.20:708][408]LogContentValidation: Display: Validating WidgetBlueprint /Game/Brackeys2026/UI/BP_UI.BP_UI
[2026.08.24-23.56.49:645][380]LogSlate: Window 'Change Variable Type' being destroyed
[2026.08.24-23.57.30:294][236]BlueprintLog: New page: Compile BP_UI
[2026.08.24-23.57.30:349][236]LogUObjectHash: Compacting FUObjectHashTables data took   3.40ms
[2026.08.24-23.57.30:681][269]Cmd: OBJ SAVEPACKAGE PACKAGE="/Game/Brackeys2026/UI/BP_UI" FILE="E:/_Alex's Data/Unreal Engine/Unreal Projects/Brackeys2026/Brackeys-2026/BrackeysJam2026/Content/Brackeys2026/UI/BP_UI.uasset" SILENT=true
[2026.08.24-23.57.30:691][269]LogSavePackage: Moving 'E:/_Alex's Data/Unreal Engine/Unreal Projects/Brackeys2026/Brackeys-2026/BrackeysJam2026/Saved/BP_UIADF2E47F48A3B46676D309996F724FAC.tmp' to 'E:/_Alex's Data/Unreal Engine/Unreal Projects/Brackeys2026/Brackeys-2026/BrackeysJam2026/Content/Brackeys2026/UI/BP_UI.uasset'
[2026.08.24-23.57.30:710][269]AssetCheck: New page: Asset Save: BP_UI
[2026.08.24-23.57.30:710][269]LogContentValidation: Display: Validating WidgetBlueprint /Game/Brackeys2026/UI/BP_UI.BP_UI
[2026.08.24-23.58.21:367][281]LogUObjectHash: Compacting FUObjectHashTables data took   2.96ms
[2026.08.24-23.58.21:367][281]LogFileHelpers: Editor autosave (incl. external actors) for '/Game/Brackeys2026/Levels/Brackeys2026Map' took 0.035
[2026.08.24-23.58.21:369][281]OBJ SavePackage: Generating thumbnails for [0] asset(s) in package [/Game/Brackeys2026/Characters/Player/BP_Player] ([2] browsable assets)...
[2026.08.24-23.58.21:369][281]OBJ SavePackage: Finished generating thumbnails for package [/Game/Brackeys2026/Characters/Player/BP_Player]
[2026.08.24-23.58.21:387][281]LogSavePackage: Moving 'E:/_Alex's Data/Unreal Engine/Unreal Projects/Brackeys2026/Brackeys-2026/BrackeysJam2026/Saved/BP_Player_Auto15A9370EA494FFA0E84A907A07FCCDDAB.tmp' to 'E:/_Alex's Data/Unreal Engine/Unreal Projects/Brackeys2026/Brackeys-2026/BrackeysJam2026/Saved/Autosaves/Game/Brackeys2026/Characters/Player/BP_Player_Auto1.uasset'
[2026.08.24-23.58.21:393][281]LogFileHelpers: Auto-saving content packages took 0.024
[2026.08.25-00.02.20:143][710]BlueprintLog: New page: Compile BP_UI
[2026.08.25-00.02.20:180][710]LogUObjectHash: Compacting FUObjectHashTables data took   3.31ms
[2026.08.25-00.02.20:682][760]Cmd: OBJ SAVEPACKAGE PACKAGE="/Game/Brackeys2026/UI/BP_UI" FILE="E:/_Alex's Data/Unreal Engine/Unreal Projects/Brackeys2026/Brackeys-2026/BrackeysJam2026/Content/Brackeys2026/UI/BP_UI.uasset" SILENT=true
[2026.08.25-00.02.20:765][760]LogSavePackage: Moving 'E:/_Alex's Data/Unreal Engine/Unreal Projects/Brackeys2026/Brackeys-2026/BrackeysJam2026/Saved/BP_UI336057CA4586728B4D8C699679C75FEA.tmp' to 'E:/_Alex's Data/Unreal Engine/Unreal Projects/Brackeys2026/Brackeys-2026/BrackeysJam2026/Content/Brackeys2026/UI/BP_UI.uasset'
[2026.08.25-00.02.20:790][760]AssetCheck: New page: Asset Save: BP_UI
[2026.08.25-00.02.20:790][760]LogContentValidation: Display: Validating WidgetBlueprint /Game/Brackeys2026/UI/BP_UI.BP_UI
[2026.08.25-00.02.28:269][601]BlueprintLog: New page: Compile BP_UI
[2026.08.25-00.02.28:320][601]LogUObjectHash: Compacting FUObjectHashTables data took   2.91ms
[2026.08.25-00.02.28:649][633]Cmd: OBJ SAVEPACKAGE PACKAGE="/Game/Brackeys2026/UI/BP_UI" FILE="E:/_Alex's Data/Unreal Engine/Unreal Projects/Brackeys2026/Brackeys-2026/BrackeysJam2026/Content/Brackeys2026/UI/BP_UI.uasset" SILENT=true
[2026.08.25-00.02.28:662][633]LogSavePackage: Moving 'E:/_Alex's Data/Unreal Engine/Unreal Projects/Brackeys2026/Brackeys-2026/BrackeysJam2026/Saved/BP_UI3967B5FB42C5928C743091A6F512D5B0.tmp' to 'E:/_Alex's Data/Unreal Engine/Unreal Projects/Brackeys2026/Brackeys-2026/BrackeysJam2026/Content/Brackeys2026/UI/BP_UI.uasset'
[2026.08.25-00.02.28:688][633]AssetCheck: New page: Asset Save: BP_UI
[2026.08.25-00.02.28:689][633]LogContentValidation: Display: Validating WidgetBlueprint /Game/Brackeys2026/UI/BP_UI.BP_UI
[2026.08.25-00.02.50:604][139]BlueprintLog: New page: Collapse to Function
[2026.08.25-00.03.14:268][930]BlueprintLog: New page: Compile BP_UI
[2026.08.25-00.03.14:320][930]LogUObjectHash: Compacting FUObjectHashTables data took   2.97ms
[2026.08.25-00.03.14:680][967]Cmd: OBJ SAVEPACKAGE PACKAGE="/Game/Brackeys2026/UI/BP_UI" FILE="E:/_Alex's Data/Unreal Engine/Unreal Projects/Brackeys2026/Brackeys-2026/BrackeysJam2026/Content/Brackeys2026/UI/BP_UI.uasset" SILENT=true
[2026.08.25-00.03.14:697][967]LogSavePackage: Moving 'E:/_Alex's Data/Unreal Engine/Unreal Projects/Brackeys2026/Brackeys-2026/BrackeysJam2026/Saved/BP_UIF171AF4F4CDCA1DC6358A29881DCFFDE.tmp' to 'E:/_Alex's Data/Unreal Engine/Unreal Projects/Brackeys2026/Brackeys-2026/BrackeysJam2026/Content/Brackeys2026/UI/BP_UI.uasset'
[2026.08.25-00.03.14:717][967]AssetCheck: New page: Asset Save: BP_UI
[2026.08.25-00.03.14:717][967]LogContentValidation: Display: Validating WidgetBlueprint /Game/Brackeys2026/UI/BP_UI.BP_UI
[2026.08.25-00.03.35:679][445]LogEditorTransaction: Undo Edit Text
[2026.08.25-00.03.57:760][883]BlueprintLog: New page: Compile BP_UI
[2026.08.25-00.03.57:810][883]LogUObjectHash: Compacting FUObjectHashTables data took   2.91ms
[2026.08.25-00.03.58:164][921]Cmd: OBJ SAVEPACKAGE PACKAGE="/Game/Brackeys2026/UI/BP_UI" FILE="E:/_Alex's Data/Unreal Engine/Unreal Projects/Brackeys2026/Brackeys-2026/BrackeysJam2026/Content/Brackeys2026/UI/BP_UI.uasset" SILENT=true
[2026.08.25-00.03.58:176][921]LogSavePackage: Moving 'E:/_Alex's Data/Unreal Engine/Unreal Projects/Brackeys2026/Brackeys-2026/BrackeysJam2026/Saved/BP_UIB6377DB143B25F050D499B8B752EFC7F.tmp' to 'E:/_Alex's Data/Unreal Engine/Unreal Projects/Brackeys2026/Brackeys-2026/BrackeysJam2026/Content/Brackeys2026/UI/BP_UI.uasset'
[2026.08.25-00.03.58:192][921]AssetCheck: New page: Asset Save: BP_UI
[2026.08.25-00.03.58:192][921]LogContentValidation: Display: Validating WidgetBlueprint /Game/Brackeys2026/UI/BP_UI.BP_UI
[2026.08.25-00.04.50:434][717]BlueprintLog: New page: Compile BP_UI
[2026.08.25-00.04.50:486][717]LogUObjectHash: Compacting FUObjectHashTables data took   3.06ms
[2026.08.25-00.04.50:965][766]Cmd: OBJ SAVEPACKAGE PACKAGE="/Game/Brackeys2026/UI/BP_UI" FILE="E:/_Alex's Data/Unreal Engine/Unreal Projects/Brackeys2026/Brackeys-2026/BrackeysJam2026/Content/Brackeys2026/UI/BP_UI.uasset" SILENT=true
[2026.08.25-00.04.50:978][766]LogSavePackage: Moving 'E:/_Alex's Data/Unreal Engine/Unreal Projects/Brackeys2026/Brackeys-2026/BrackeysJam2026/Saved/BP_UIE27D97B341C33669DB121DB7F88D6CC1.tmp' to 'E:/_Alex's Data/Unreal Engine/Unreal Projects/Brackeys2026/Brackeys-2026/BrackeysJam2026/Content/Brackeys2026/UI/BP_UI.uasset'
[2026.08.25-00.04.51:003][766]AssetCheck: New page: Asset Save: BP_UI
[2026.08.25-00.04.51:004][766]LogContentValidation: Display: Validating WidgetBlueprint /Game/Brackeys2026/UI/BP_UI.BP_UI
[2026.08.25-00.05.32:011][490]BlueprintLog: New page: Compile BrackeysGameMode
[2026.08.25-00.05.32:065][490]LogUObjectHash: Compacting FUObjectHashTables data took   3.26ms
[2026.08.25-00.05.32:410][523]LogSavePackage: Moving 'E:/_Alex's Data/Unreal Engine/Unreal Projects/Brackeys2026/Brackeys-2026/BrackeysJam2026/Saved/BrackeysGameModeF5D76D82427A716CAC4A6B811513D412.tmp' to 'E:/_Alex's Data/Unreal Engine/Unreal Projects/Brackeys2026/Brackeys-2026/BrackeysJam2026/Content/Brackeys2026/Levels/BrackeysGameMode.uasset'
[2026.08.25-00.05.32:436][523]AssetCheck: New page: Asset Save: BrackeysGameMode
[2026.08.25-00.05.32:436][523]LogContentValidation: Display: Validating Blueprint /Game/Brackeys2026/Levels/BrackeysGameMode.BrackeysGameMode
[2026.08.25-00.07.17:018][435]BlueprintLog: New page: Compile BP_UI
[2026.08.25-00.07.17:023][435]LogBlueprint: Error: [AssetLog] E:\_Alex's Data\Unreal Engine\Unreal Projects\Brackeys2026\Brackeys-2026\BrackeysJam2026\Content\Brackeys2026\UI\BP_UI.uasset: [Compiler] This blueprint (self) is not a ProgressBar, therefore ' Target ' must have a connection.
[2026.08.25-00.07.17:062][435]LogUObjectHash: Compacting FUObjectHashTables data took   2.97ms
[2026.08.25-00.07.17:483][480]Cmd: OBJ SAVEPACKAGE PACKAGE="/Game/Brackeys2026/UI/BP_UI" FILE="E:/_Alex's Data/Unreal Engine/Unreal Projects/Brackeys2026/Brackeys-2026/BrackeysJam2026/Content/Brackeys2026/UI/BP_UI.uasset" SILENT=true
[2026.08.25-00.07.17:498][480]LogSavePackage: Moving 'E:/_Alex's Data/Unreal Engine/Unreal Projects/Brackeys2026/Brackeys-2026/BrackeysJam2026/Saved/BP_UIBE3BC5FA44BAF3C292B6B39D69F9CE53.tmp' to 'E:/_Alex's Data/Unreal Engine/Unreal Projects/Brackeys2026/Brackeys-2026/BrackeysJam2026/Content/Brackeys2026/UI/BP_UI.uasset'
[2026.08.25-00.07.17:515][480]AssetCheck: New page: Asset Save: BP_UI
[2026.08.25-00.07.17:515][480]LogContentValidation: Display: Validating WidgetBlueprint /Game/Brackeys2026/UI/BP_UI.BP_UI
[2026.08.25-00.07.47:352][879]BlueprintLog: New page: Compile BP_UI
[2026.08.25-00.07.47:404][879]LogUObjectHash: Compacting FUObjectHashTables data took   3.06ms
[2026.08.25-00.07.47:832][925]Cmd: OBJ SAVEPACKAGE PACKAGE="/Game/Brackeys2026/UI/BP_UI" FILE="E:/_Alex's Data/Unreal Engine/Unreal Projects/Brackeys2026/Brackeys-2026/BrackeysJam2026/Content/Brackeys2026/UI/BP_UI.uasset" SILENT=true
[2026.08.25-00.07.47:848][925]LogSavePackage: Moving 'E:/_Alex's Data/Unreal Engine/Unreal Projects/Brackeys2026/Brackeys-2026/BrackeysJam2026/Saved/BP_UID34CED6B40C5A9857A6D77A5F9265479.tmp' to 'E:/_Alex's Data/Unreal Engine/Unreal Projects/Brackeys2026/Brackeys-2026/BrackeysJam2026/Content/Brackeys2026/UI/BP_UI.uasset'
[2026.08.25-00.07.47:870][925]AssetCheck: New page: Asset Save: BP_UI
[2026.08.25-00.07.47:870][925]LogContentValidation: Display: Validating WidgetBlueprint /Game/Brackeys2026/UI/BP_UI.BP_UI
[2026.08.25-00.13.35:756][200]LogSlate: Window 'Color Picker' being destroyed
[2026.08.25-00.13.40:372][725]LogSlate: Window 'Color Picker' being destroyed
[2026.08.25-00.15.44:478][ 88]BlueprintLog: New page: Compile BP_UI
[2026.08.25-00.15.44:534][ 88]LogUObjectHash: Compacting FUObjectHashTables data took   3.20ms
[2026.08.25-00.15.45:397][129]Cmd: OBJ SAVEPACKAGE PACKAGE="/Game/Brackeys2026/UI/BP_UI" FILE="E:/_Alex's Data/Unreal Engine/Unreal Projects/Brackeys2026/Brackeys-2026/BrackeysJam2026/Content/Brackeys2026/UI/BP_UI.uasset" SILENT=true
[2026.08.25-00.15.45:412][129]LogSavePackage: Moving 'E:/_Alex's Data/Unreal Engine/Unreal Projects/Brackeys2026/Brackeys-2026/BrackeysJam2026/Saved/BP_UI32E1C519474A085DCB9D4E8751EDDB85.tmp' to 'E:/_Alex's Data/Unreal Engine/Unreal Projects/Brackeys2026/Brackeys-2026/BrackeysJam2026/Content/Brackeys2026/UI/BP_UI.uasset'
[2026.08.25-00.15.45:430][129]AssetCheck: New page: Asset Save: BP_UI
[2026.08.25-00.15.45:430][129]LogContentValidation: Display: Validating WidgetBlueprint /Game/Brackeys2026/UI/BP_UI.BP_UI
[2026.08.25-00.16.19:820][432]LogUObjectHash: Compacting FUObjectHashTables data took   3.04ms
[2026.08.25-00.16.19:821][432]LogFileHelpers: Editor autosave (incl. external actors) for '/Game/Brackeys2026/Levels/Brackeys2026Map' took 0.036
[2026.08.25-00.16.19:822][432]OBJ SavePackage: Generating thumbnails for [0] asset(s) in package [/Game/Brackeys2026/UI/BP_UI] ([2] browsable assets)...
[2026.08.25-00.16.19:822][432]OBJ SavePackage: Finished generating thumbnails for package [/Game/Brackeys2026/UI/BP_UI]
[2026.08.25-00.16.19:837][432]LogSavePackage: Moving 'E:/_Alex's Data/Unreal Engine/Unreal Projects/Brackeys2026/Brackeys-2026/BrackeysJam2026/Saved/BP_UI_Auto2309DEAF248546CE71772D1A34D5A6C63.tmp' to 'E:/_Alex's Data/Unreal Engine/Unreal Projects/Brackeys2026/Brackeys-2026/BrackeysJam2026/Saved/Autosaves/Game/Brackeys2026/UI/BP_UI_Auto2.uasset'
[2026.08.25-00.16.19:837][432]LogFileHelpers: Auto-saving content packages took 0.017
[2026.08.25-00.16.46:220][352]LogEditorTransaction: Undo Edit A
[2026.08.25-00.16.53:653][178]LogEditorTransaction: Undo Edit A
[2026.08.25-00.21.38:704][773]BlueprintLog: New page: Compile BP_UI
[2026.08.25-00.21.38:750][773]LogUObjectHash: Compacting FUObjectHashTables data took   3.59ms
[2026.08.25-00.21.39:751][824]Cmd: OBJ SAVEPACKAGE PACKAGE="/Game/Brackeys2026/UI/BP_UI" FILE="E:/_Alex's Data/Unreal Engine/Unreal Projects/Brackeys2026/Brackeys-2026/BrackeysJam2026/Content/Brackeys2026/UI/BP_UI.uasset" SILENT=true
[2026.08.25-00.21.39:771][824]LogSavePackage: Moving 'E:/_Alex's Data/Unreal Engine/Unreal Projects/Brackeys2026/Brackeys-2026/BrackeysJam2026/Saved/BP_UIC0C11D094D826CDE6B2E6B96E42BDAED.tmp' to 'E:/_Alex's Data/Unreal Engine/Unreal Projects/Brackeys2026/Brackeys-2026/BrackeysJam2026/Content/Brackeys2026/UI/BP_UI.uasset'
[2026.08.25-00.21.39:794][824]AssetCheck: New page: Asset Save: BP_UI
[2026.08.25-00.21.39:794][824]LogContentValidation: Display: Validating WidgetBlueprint /Game/Brackeys2026/UI/BP_UI.BP_UI
[2026.08.25-00.22.57:823][849]LogSlate: Window 'Delete Variable' being destroyed
[2026.08.25-00.23.27:732][290]BlueprintLog: New page: Compile BP_UI
[2026.08.25-00.23.27:786][290]LogUObjectHash: Compacting FUObjectHashTables data took   3.39ms
[2026.08.25-00.23.28:334][346]Cmd: OBJ SAVEPACKAGE PACKAGE="/Game/Brackeys2026/UI/BP_UI" FILE="E:/_Alex's Data/Unreal Engine/Unreal Projects/Brackeys2026/Brackeys-2026/BrackeysJam2026/Content/Brackeys2026/UI/BP_UI.uasset" SILENT=true
[2026.08.25-00.23.28:353][346]LogSavePackage: Moving 'E:/_Alex's Data/Unreal Engine/Unreal Projects/Brackeys2026/Brackeys-2026/BrackeysJam2026/Saved/BP_UI5CFF70014FCE96C6129342A47927B920.tmp' to 'E:/_Alex's Data/Unreal Engine/Unreal Projects/Brackeys2026/Brackeys-2026/BrackeysJam2026/Content/Brackeys2026/UI/BP_UI.uasset'
[2026.08.25-00.23.28:372][346]AssetCheck: New page: Asset Save: BP_UI
[2026.08.25-00.23.28:372][346]LogContentValidation: Display: Validating WidgetBlueprint /Game/Brackeys2026/UI/BP_UI.BP_UI
[2026.08.25-00.24.30:756][573]BlueprintLog: New page: Compile BP_UI
[2026.08.25-00.24.30:808][573]LogUObjectHash: Compacting FUObjectHashTables data took   2.98ms
[2026.08.25-00.24.33:485][618]Cmd: OBJ SAVEPACKAGE PACKAGE="/Game/Brackeys2026/UI/BP_UI" FILE="E:/_Alex's Data/Unreal Engine/Unreal Projects/Brackeys2026/Brackeys-2026/BrackeysJam2026/Content/Brackeys2026/UI/BP_UI.uasset" SILENT=true
[2026.08.25-00.24.33:513][618]LogSavePackage: Moving 'E:/_Alex's Data/Unreal Engine/Unreal Projects/Brackeys2026/Brackeys-2026/BrackeysJam2026/Saved/BP_UI081799DB4015915A8EB58F93E42BDF12.tmp' to 'E:/_Alex's Data/Unreal Engine/Unreal Projects/Brackeys2026/Brackeys-2026/BrackeysJam2026/Content/Brackeys2026/UI/BP_UI.uasset'
[2026.08.25-00.24.33:557][618]AssetCheck: New page: Asset Save: BP_UI
[2026.08.25-00.24.33:557][618]LogContentValidation: Display: Validating WidgetBlueprint /Game/Brackeys2026/UI/BP_UI.BP_UI
[2026.08.25-00.25.02:054][857]BlueprintLog: New page: Compile BrackeysGameMode
[2026.08.25-00.25.02:109][857]LogUObjectHash: Compacting FUObjectHashTables data took   3.12ms
[2026.08.25-00.25.02:459][892]LogSavePackage: Moving 'E:/_Alex's Data/Unreal Engine/Unreal Projects/Brackeys2026/Brackeys-2026/BrackeysJam2026/Saved/BrackeysGameModeE505B5A04D975A6D22F9C6B44F1BFB35.tmp' to 'E:/_Alex's Data/Unreal Engine/Unreal Projects/Brackeys2026/Brackeys-2026/BrackeysJam2026/Content/Brackeys2026/Levels/BrackeysGameMode.uasset'
[2026.08.25-00.25.02:480][892]AssetCheck: New page: Asset Save: BrackeysGameMode
[2026.08.25-00.25.02:480][892]LogContentValidation: Display: Validating Blueprint /Game/Brackeys2026/Levels/BrackeysGameMode.BrackeysGameMode
[2026.08.25-00.25.03:421][993]LogTemp: Repeating last play command: Selected Viewport
[2026.08.25-00.25.03:430][993]BlueprintLog: New page: Pre-Play auto-recompile
[2026.08.25-00.25.03:448][993]LogPlayLevel: [PlayLevel] Compiling BP_Player before play...
[2026.08.25-00.25.03:536][993]LogUObjectHash: Compacting FUObjectHashTables data took   2.98ms
[2026.08.25-00.25.03:536][993]LogPlayLevel: PlayLevel: Blueprint regeneration took 105 ms (1 blueprints)
[2026.08.25-00.25.03:536][993]PIE: New page: PIE session: Brackeys2026Map (Aug 24, 2026, 10:25:03 AM)
[2026.08.25-00.25.03:538][993]LogOnline: OSS: Creating online subsystem instance for: NULL
[2026.08.25-00.25.03:540][993]LogOnline: OSS: TryLoadSubsystemAndSetDefault: Loaded subsystem for module [NULL]
[2026.08.25-00.25.03:540][993]LogPlayLevel: Creating play world package: /Game/Brackeys2026/Levels/UEDPIE_0_Brackeys2026Map
[2026.08.25-00.25.03:543][993]LogPlayLevel: PIE: StaticDuplicateObject took: (0.002416s)
[2026.08.25-00.25.03:543][993]LogAIModule: Creating AISystem for world Brackeys2026Map
[2026.08.25-00.25.03:544][993]LogPlayLevel: PIE: World Init took: (0.001047s)
[2026.08.25-00.25.03:544][993]LogPlayLevel: PIE: Created PIE world by copying editor world from /Game/Brackeys2026/Levels/Brackeys2026Map.Brackeys2026Map to /Game/Brackeys2026/Levels/UEDPIE_0_Brackeys2026Map.Brackeys2026Map (0.003596s)
[2026.08.25-00.25.03:575][993]LogUObjectHash: Compacting FUObjectHashTables data took   2.20ms
[2026.08.25-00.25.03:575][993]LogAudio: Display: Creating Audio Device:                 Id: 2, Scope: Unique, Realtime: True
[2026.08.25-00.25.03:575][993]LogAudioMixer: Display: Audio Mixer Platform Settings:
[2026.08.25-00.25.03:575][993]LogAudioMixer: Display: 	Sample Rate:						  48000
[2026.08.25-00.25.03:575][993]LogAudioMixer: Display: 	Callback Buffer Frame Size Requested: 1024
[2026.08.25-00.25.03:575][993]LogAudioMixer: Display: 	Callback Buffer Frame Size To Use:	  1024
[2026.08.25-00.25.03:575][993]LogAudioMixer: Display: 	Number of buffers to queue:			  2
[2026.08.25-00.25.03:575][993]LogAudioMixer: Display: 	Max Channels (voices):				  32
[2026.08.25-00.25.03:575][993]LogAudioMixer: Display: 	Number of Async Source Workers:		  0
[2026.08.25-00.25.03:575][993]LogAudio: Display: AudioDevice MaxSources: 32
[2026.08.25-00.25.03:575][993]LogAudio: Display: Audio Spatialization Plugin: None (built-in).
[2026.08.25-00.25.03:575][993]LogAudio: Display: Audio Reverb Plugin: None (built-in).
[2026.08.25-00.25.03:575][993]LogAudio: Display: Audio Occlusion Plugin: None (built-in).
[2026.08.25-00.25.03:575][993]LogAudioMixer: Display: Initializing audio mixer.
[2026.08.25-00.25.03:580][993]LogAudioMixer: Display: 0: FrontLeft
[2026.08.25-00.25.03:580][993]LogAudioMixer: Display: 1: FrontRight
[2026.08.25-00.25.03:595][993]LogAudioMixer: Display: Using Audio Device Realtek HD Audio 2nd output (Realtek(R) Audio)
[2026.08.25-00.25.03:595][993]LogAudioMixer: Display: Initializing Sound Submixes...
[2026.08.25-00.25.03:595][993]LogAudioMixer: Display: Creating Master Submix 'MasterSubmixDefault'
[2026.08.25-00.25.03:595][993]LogAudioMixer: Display: Creating Master Submix 'MasterReverbSubmixDefault'
[2026.08.25-00.25.03:595][993]LogAudioMixer: Display: Creating Master Submix 'MasterEQSubmixDefault'
[2026.08.25-00.25.03:595][993]LogAudioMixer: FMixerPlatformXAudio2::StartAudioStream() called
[2026.08.25-00.25.03:595][993]LogAudioMixer: Display: Output buffers initialized: Frames=1024, Channels=2, Samples=2048
[2026.08.25-00.25.03:597][993]LogAudioMixer: Display: Starting AudioMixerPlatformInterface::RunInternal()
[2026.08.25-00.25.03:597][993]LogAudioMixer: Display: FMixerPlatformXAudio2::SubmitBuffer() called for the first time
[2026.08.25-00.25.03:597][993]LogInit: FAudioDevice initialized.
[2026.08.25-00.25.03:597][993]LogAudio: Display: Audio Device (ID: 2) registered with world 'Brackeys2026Map'.
[2026.08.25-00.25.03:648][993]LogSlate: Updating window title bar state: overlay mode, drag disabled, window buttons hidden, title bar hidden
[2026.08.25-00.25.03:648][993]LogLoad: Game class is 'BrackeysGameMode_C'
[2026.08.25-00.25.03:649][993]LogWorld: Bringing World /Game/Brackeys2026/Levels/UEDPIE_0_Brackeys2026Map.Brackeys2026Map up for play (max tick rate 0) at 2026.08.24-17.25.03
[2026.08.25-00.25.03:651][993]LogWorld: Bringing up level for play took: 0.000982
[2026.08.25-00.25.03:651][993]LogOnline: OSS: Creating online subsystem instance for: :Context_12
[2026.08.25-00.25.03:658][993]LogNativeClassHierarchy: Verbose: Native class hierarchy updated for 'MovieSceneCapture' in 0.0004 seconds. Added 20 classes and 0 folders.
[2026.08.25-00.25.03:659][993]LogBlueprintUserMessages: [BP_CoinGun_2] true
[2026.08.25-00.25.03:659][993]LogBlueprintUserMessages: [BP_CoinGun_2] false
[2026.08.25-00.25.03:659][993]LogBlueprintUserMessages: [BP_CoinGun_2] false
[2026.08.25-00.25.03:659][993]LogBlueprintUserMessages: [BP_CoinGun_2] false
[2026.08.25-00.25.03:659][993]LogBlueprintUserMessages: [BP_CoinGun_2] false
[2026.08.25-00.25.03:659][993]LogBlueprintUserMessages: [BP_CoinGun_2] false
[2026.08.25-00.25.03:661][993]PIE: Server logged in
[2026.08.25-00.25.03:661][993]PIE: Play in editor total start time 0.234 seconds.
[2026.08.25-00.25.06:203][265]LogSlate: Updating window title bar state: overlay mode, drag disabled, window buttons hidden, title bar hidden
[2026.08.25-00.25.06:203][265]LogWorld: BeginTearingDown for /Game/Brackeys2026/Levels/UEDPIE_0_Brackeys2026Map
[2026.08.25-00.25.06:203][265]LogSlate: Window 'BrackeysJam2026 Preview [NetMode: Standalone]  (64-bit/Windows) ' being destroyed
[2026.08.25-00.25.06:213][265]LogWorld: UWorld::CleanupWorld for Brackeys2026Map, bSessionEnded=true, bCleanupResources=true
[2026.08.25-00.25.06:213][265]LogSlate: InvalidateAllWidgets triggered.  All widgets were invalidated
[2026.08.25-00.25.06:220][265]LogPlayLevel: Display: Shutting down PIE online subsystems
[2026.08.25-00.25.06:225][265]LogSlate: InvalidateAllWidgets triggered.  All widgets were invalidated
[2026.08.25-00.25.06:259][265]LogAudio: Display: Audio Device unregistered from world 'None'.
[2026.08.25-00.25.06:262][265]LogAudioMixer: FMixerPlatformXAudio2::StopAudioStream() called
[2026.08.25-00.25.06:264][265]LogAudioMixer: FMixerPlatformXAudio2::StopAudioStream() called
[2026.08.25-00.25.06:310][265]LogUObjectHash: Compacting FUObjectHashTables data took   3.62ms
[2026.08.25-00.25.06:334][266]LogPlayLevel: Display: Destroying online subsystem :Context_12
[2026.08.25-00.25.07:370][383]LogTemp: Repeating last play command: Selected Viewport
[2026.08.25-00.25.07:378][383]LogPlayLevel: PlayLevel: No blueprints needed recompiling
[2026.08.25-00.25.07:378][383]PIE: New page: PIE session: Brackeys2026Map (Aug 24, 2026, 10:25:07 AM)
[2026.08.25-00.25.07:378][383]LogPlayLevel: Creating play world package: /Game/Brackeys2026/Levels/UEDPIE_0_Brackeys2026Map
[2026.08.25-00.25.07:381][383]LogPlayLevel: PIE: StaticDuplicateObject took: (0.001745s)
[2026.08.25-00.25.07:381][383]LogAIModule: Creating AISystem for world Brackeys2026Map
[2026.08.25-00.25.07:382][383]LogPlayLevel: PIE: World Init took: (0.000767s)
[2026.08.25-00.25.07:382][383]LogPlayLevel: PIE: Created PIE world by copying editor world from /Game/Brackeys2026/Levels/Brackeys2026Map.Brackeys2026Map to /Game/Brackeys2026/Levels/UEDPIE_0_Brackeys2026Map.Brackeys2026Map (0.002615s)
[2026.08.25-00.25.07:439][383]LogUObjectHash: Compacting FUObjectHashTables data took   3.21ms
[2026.08.25-00.25.07:439][383]LogAudio: Display: Creating Audio Device:                 Id: 3, Scope: Unique, Realtime: True
[2026.08.25-00.25.07:439][383]LogAudioMixer: Display: Audio Mixer Platform Settings:
[2026.08.25-00.25.07:439][383]LogAudioMixer: Display: 	Sample Rate:						  48000
[2026.08.25-00.25.07:439][383]LogAudioMixer: Display: 	Callback Buffer Frame Size Requested: 1024
[2026.08.25-00.25.07:439][383]LogAudioMixer: Display: 	Callback Buffer Frame Size To Use:	  1024
[2026.08.25-00.25.07:439][383]LogAudioMixer: Display: 	Number of buffers to queue:			  2
[2026.08.25-00.25.07:439][383]LogAudioMixer: Display: 	Max Channels (voices):				  32
[2026.08.25-00.25.07:439][383]LogAudioMixer: Display: 	Number of Async Source Workers:		  0
[2026.08.25-00.25.07:439][383]LogAudio: Display: AudioDevice MaxSources: 32
[2026.08.25-00.25.07:439][383]LogAudio: Display: Audio Spatialization Plugin: None (built-in).
[2026.08.25-00.25.07:439][383]LogAudio: Display: Audio Reverb Plugin: None (built-in).
[2026.08.25-00.25.07:439][383]LogAudio: Display: Audio Occlusion Plugin: None (built-in).
[2026.08.25-00.25.07:439][383]LogAudioMixer: Display: Initializing audio mixer.
[2026.08.25-00.25.07:444][383]LogAudioMixer: Display: 0: FrontLeft
[2026.08.25-00.25.07:444][383]LogAudioMixer: Display: 1: FrontRight
[2026.08.25-00.25.07:458][383]LogAudioMixer: Display: Using Audio Device Realtek HD Audio 2nd output (Realtek(R) Audio)
[2026.08.25-00.25.07:459][383]LogAudioMixer: Display: Initializing Sound Submixes...
[2026.08.25-00.25.07:459][383]LogAudioMixer: Display: Creating Master Submix 'MasterSubmixDefault'
[2026.08.25-00.25.07:459][383]LogAudioMixer: Display: Creating Master Submix 'MasterReverbSubmixDefault'
[2026.08.25-00.25.07:460][383]LogAudioMixer: Display: Creating Master Submix 'MasterEQSubmixDefault'
[2026.08.25-00.25.07:460][383]LogAudioMixer: FMixerPlatformXAudio2::StartAudioStream() called
[2026.08.25-00.25.07:460][383]LogAudioMixer: Display: Output buffers initialized: Frames=1024, Channels=2, Samples=2048
[2026.08.25-00.25.07:461][383]LogAudioMixer: Display: Starting AudioMixerPlatformInterface::RunInternal()
[2026.08.25-00.25.07:461][383]LogAudioMixer: Display: FMixerPlatformXAudio2::SubmitBuffer() called for the first time
[2026.08.25-00.25.07:461][383]LogInit: FAudioDevice initialized.
[2026.08.25-00.25.07:461][383]LogAudio: Display: Audio Device (ID: 3) registered with world 'Brackeys2026Map'.
[2026.08.25-00.25.07:514][383]LogSlate: Updating window title bar state: overlay mode, drag disabled, window buttons hidden, title bar hidden
[2026.08.25-00.25.07:514][383]LogLoad: Game class is 'BrackeysGameMode_C'
[2026.08.25-00.25.07:516][383]LogWorld: Bringing World /Game/Brackeys2026/Levels/UEDPIE_0_Brackeys2026Map.Brackeys2026Map up for play (max tick rate 0) at 2026.08.24-17.25.07
[2026.08.25-00.25.07:516][383]LogWorld: Bringing up level for play took: 0.000958
[2026.08.25-00.25.07:516][383]LogOnline: OSS: Creating online subsystem instance for: :Context_13
[2026.08.25-00.25.07:518][383]LogBlueprintUserMessages: [BP_CoinGun_2] false
[2026.08.25-00.25.07:518][383]LogBlueprintUserMessages: [BP_CoinGun_2] true
[2026.08.25-00.25.07:518][383]LogBlueprintUserMessages: [BP_CoinGun_2] false
[2026.08.25-00.25.07:518][383]LogBlueprintUserMessages: [BP_CoinGun_2] false
[2026.08.25-00.25.07:518][383]LogBlueprintUserMessages: [BP_CoinGun_2] false
[2026.08.25-00.25.07:518][383]LogBlueprintUserMessages: [BP_CoinGun_2] false
[2026.08.25-00.25.07:520][383]PIE: Server logged in
[2026.08.25-00.25.07:521][383]PIE: Play in editor total start time 0.146 seconds.
[2026.08.25-00.25.11:953][912]LogBlueprintUserMessages: [BP_CoinGun_2] true
[2026.08.25-00.25.13:333][ 73]LogSlate: Updating window title bar state: overlay mode, drag disabled, window buttons hidden, title bar hidden
[2026.08.25-00.25.13:333][ 73]LogWorld: BeginTearingDown for /Game/Brackeys2026/Levels/UEDPIE_0_Brackeys2026Map
[2026.08.25-00.25.13:333][ 73]LogSlate: Window 'BrackeysJam2026 Preview [NetMode: Standalone]  (64-bit/Windows) ' being destroyed
[2026.08.25-00.25.13:342][ 73]LogWorld: UWorld::CleanupWorld for Brackeys2026Map, bSessionEnded=true, bCleanupResources=true
[2026.08.25-00.25.13:343][ 73]LogSlate: InvalidateAllWidgets triggered.  All widgets were invalidated
[2026.08.25-00.25.13:356][ 73]LogPlayLevel: Display: Shutting down PIE online subsystems
[2026.08.25-00.25.13:363][ 73]LogSlate: InvalidateAllWidgets triggered.  All widgets were invalidated
[2026.08.25-00.25.13:393][ 73]LogAudio: Display: Audio Device unregistered from world 'None'.
[2026.08.25-00.25.13:393][ 73]LogAudioMixer: FMixerPlatformXAudio2::StopAudioStream() called
[2026.08.25-00.25.13:394][ 73]LogAudioMixer: FMixerPlatformXAudio2::StopAudioStream() called
[2026.08.25-00.25.13:400][ 73]LogUObjectHash: Compacting FUObjectHashTables data took   2.07ms
[2026.08.25-00.25.13:417][ 74]LogPlayLevel: Display: Destroying online subsystem :Context_13
[2026.08.25-00.26.29:410][706]LogEditorTransaction: Undo Rename Node
[2026.08.25-00.26.30:162][745]LogEditorTransaction: Undo Collapses selected nodes into a single node
[2026.08.25-00.26.36:746][480]BlueprintLog: New page: Collapse to Macro
[2026.08.25-00.27.08:307][409]LogUObjectHash: Compacting FUObjectHashTables data took   2.91ms
[2026.08.25-00.27.08:323][409]LogSavePackage: Moving 'E:/_Alex's Data/Unreal Engine/Unreal Projects/Brackeys2026/Brackeys-2026/BrackeysJam2026/Saved/Brackeys2026Map_Auto3CDC13BA146BE604168A96F9B4B12632F.tmp' to 'E:/_Alex's Data/Unreal Engine/Unreal Projects/Brackeys2026/Brackeys-2026/BrackeysJam2026/Saved/Autosaves/Game/Brackeys2026/Levels/Brackeys2026Map_Auto3.umap'
[2026.08.25-00.27.08:378][409]LogFileHelpers: Editor autosave (incl. external actors) for '/Game/Brackeys2026/Levels/Brackeys2026Map' took 0.108
[2026.08.25-00.27.08:378][409]LogFileHelpers: Editor autosave (incl. sublevels & external actors) for all levels took 0.108
[2026.08.25-00.27.08:378][409]OBJ SavePackage: Generating thumbnails for [2] asset(s) in package [/Game/Brackeys2026/Objects/Revolver/BP_Revolver] ([4] browsable assets)...
[2026.08.25-00.27.08:410][409]OBJ SavePackage:     Rendered thumbnail for [Blueprint /Game/Brackeys2026/Objects/Revolver/BP_Revolver.BP_Revolver]
[2026.08.25-00.27.08:420][409]OBJ SavePackage:     Rendered thumbnail for [Blueprint /Game/Brackeys2026/Objects/Revolver/BP_Revolver.BP_Revolver]
[2026.08.25-00.27.08:420][409]OBJ SavePackage: Finished generating thumbnails for package [/Game/Brackeys2026/Objects/Revolver/BP_Revolver]
[2026.08.25-00.27.08:473][409]LogSavePackage: Moving 'E:/_Alex's Data/Unreal Engine/Unreal Projects/Brackeys2026/Brackeys-2026/BrackeysJam2026/Saved/BP_Revolver_Auto35E7F524F455F2D88B8E7DABD474C6314.tmp' to 'E:/_Alex's Data/Unreal Engine/Unreal Projects/Brackeys2026/Brackeys-2026/BrackeysJam2026/Saved/Autosaves/Game/Brackeys2026/Objects/Revolver/BP_Revolver_Auto3.uasset'
[2026.08.25-00.27.08:475][409]LogFileHelpers: Auto-saving content packages took 0.098
[2026.08.25-00.27.15:860][907]BlueprintLog: New page: Compile BP_Revolver
[2026.08.25-00.27.15:927][907]LogUObjectHash: Compacting FUObjectHashTables data took   2.48ms
[2026.08.25-00.27.16:528][951]LogSavePackage: Moving 'E:/_Alex's Data/Unreal Engine/Unreal Projects/Brackeys2026/Brackeys-2026/BrackeysJam2026/Saved/BP_Revolver401C0E2640617974315EA8BFA63A7AC4.tmp' to 'E:/_Alex's Data/Unreal Engine/Unreal Projects/Brackeys2026/Brackeys-2026/BrackeysJam2026/Content/Brackeys2026/Objects/Revolver/BP_Revolver.uasset'
[2026.08.25-00.27.16:554][951]AssetCheck: New page: Asset Save: BP_Revolver
[2026.08.25-00.27.16:554][951]LogContentValidation: Display: Validating Blueprint /Game/Brackeys2026/Objects/Revolver/BP_Revolver.BP_Revolver
[2026.08.25-00.28.10:784][260]LogEditorTransaction: Undo Delete current selection
[2026.08.25-00.28.11:236][272]LogEditorTransaction: Undo Add Node
[2026.08.25-00.28.11:939][347]LogEditorTransaction: Undo Move Node
[2026.08.25-00.28.12:345][387]LogEditorTransaction: Undo Create Pin Link
[2026.08.25-00.28.12:682][419]LogEditorTransaction: Undo Create Pin Link
[2026.08.25-00.28.12:981][447]LogEditorTransaction: Undo Paste clipboard contents
[2026.08.25-00.28.13:218][465]LogEditorTransaction: Undo Delete current selection
[2026.08.25-00.28.13:691][514]LogEditorTransaction: Undo Move Node
[2026.08.25-00.28.14:094][553]LogEditorTransaction: Undo Move Node
[2026.08.25-00.28.14:475][592]LogEditorTransaction: Undo Change Number Pin Value
[2026.08.25-00.28.14:804][621]LogEditorTransaction: Undo Rename Parameter
[2026.08.25-00.28.15:141][652]LogEditorTransaction: Undo Rename Parameter
[2026.08.25-00.28.15:515][690]LogEditorTransaction: Undo Move Node
[2026.08.25-00.28.15:832][721]LogEditorTransaction: Undo Rename Parameter
[2026.08.25-00.28.16:182][754]LogEditorTransaction: Undo Move Node
[2026.08.25-00.28.16:540][789]LogEditorTransaction: Undo Add Out Parameter
[2026.08.25-00.28.16:988][834]LogEditorTransaction: Undo Move Nodes
[2026.08.25-00.28.17:489][884]LogEditorTransaction: Undo Rename Function
[2026.08.25-00.28.17:906][925]LogEditorTransaction: Undo Collapses selected nodes into a single node
[2026.08.25-00.28.20:162][169]LogEditorTransaction: Undo Move Node
[2026.08.25-00.28.21:519][308]LogEditorTransaction: Undo Move Node
[2026.08.25-00.28.45:516][ 32]BlueprintLog: New page: Collapse to Macro
[2026.08.25-00.30.02:314][169]BlueprintLog: New page: Compile BP_Revolver
[2026.08.25-00.30.02:395][169]LogUObjectHash: Compacting FUObjectHashTables data took   3.83ms
[2026.08.25-00.30.03:010][204]LogSavePackage: Moving 'E:/_Alex's Data/Unreal Engine/Unreal Projects/Brackeys2026/Brackeys-2026/BrackeysJam2026/Saved/BP_RevolverF53A15024535BB07604A58A37DB347DC.tmp' to 'E:/_Alex's Data/Unreal Engine/Unreal Projects/Brackeys2026/Brackeys-2026/BrackeysJam2026/Content/Brackeys2026/Objects/Revolver/BP_Revolver.uasset'
[2026.08.25-00.30.04:841][204]AssetCheck: New page: Asset Save: BP_Revolver
[2026.08.25-00.30.04:841][204]LogContentValidation: Display: Validating Blueprint /Game/Brackeys2026/Objects/Revolver/BP_Revolver.BP_Revolver
[2026.08.25-00.33.37:892][858]BlueprintLog: New page: Compile BP_Revolver
[2026.08.25-00.33.37:970][858]LogUObjectHash: Compacting FUObjectHashTables data took   3.28ms
[2026.08.25-00.33.38:624][907]LogSavePackage: Moving 'E:/_Alex's Data/Unreal Engine/Unreal Projects/Brackeys2026/Brackeys-2026/BrackeysJam2026/Saved/BP_RevolverCE5F266F4020F6E5E86CC18401BEA181.tmp' to 'E:/_Alex's Data/Unreal Engine/Unreal Projects/Brackeys2026/Brackeys-2026/BrackeysJam2026/Content/Brackeys2026/Objects/Revolver/BP_Revolver.uasset'
[2026.08.25-00.33.40:474][907]AssetCheck: New page: Asset Save: BP_Revolver
[2026.08.25-00.33.40:474][907]LogContentValidation: Display: Validating Blueprint /Game/Brackeys2026/Objects/Revolver/BP_Revolver.BP_Revolver
[2026.08.25-00.33.51:240][107]BlueprintLog: New page: Compile BP_Revolver
[2026.08.25-00.33.51:307][107]LogUObjectHash: Compacting FUObjectHashTables data took   2.98ms
[2026.08.25-00.33.51:744][143]LogSavePackage: Moving 'E:/_Alex's Data/Unreal Engine/Unreal Projects/Brackeys2026/Brackeys-2026/BrackeysJam2026/Saved/BP_Revolver26A5563447103DB199209D8C6621C76B.tmp' to 'E:/_Alex's Data/Unreal Engine/Unreal Projects/Brackeys2026/Brackeys-2026/BrackeysJam2026/Content/Brackeys2026/Objects/Revolver/BP_Revolver.uasset'
[2026.08.25-00.33.51:765][143]AssetCheck: New page: Asset Save: BP_Revolver
[2026.08.25-00.33.51:765][143]LogContentValidation: Display: Validating Blueprint /Game/Brackeys2026/Objects/Revolver/BP_Revolver.BP_Revolver
[2026.08.25-00.33.52:475][224]LogTemp: Repeating last play command: Selected Viewport
[2026.08.25-00.33.52:485][224]LogPlayLevel: PlayLevel: No blueprints needed recompiling
[2026.08.25-00.33.52:485][224]PIE: New page: PIE session: Brackeys2026Map (Aug 24, 2026, 10:33:52 AM)
[2026.08.25-00.33.52:485][224]LogPlayLevel: Creating play world package: /Game/Brackeys2026/Levels/UEDPIE_0_Brackeys2026Map
[2026.08.25-00.33.52:488][224]LogPlayLevel: PIE: StaticDuplicateObject took: (0.002592s)
[2026.08.25-00.33.52:489][224]LogAIModule: Creating AISystem for world Brackeys2026Map
[2026.08.25-00.33.52:489][224]LogPlayLevel: PIE: World Init took: (0.001073s)
[2026.08.25-00.33.52:489][224]LogPlayLevel: PIE: Created PIE world by copying editor world from /Game/Brackeys2026/Levels/Brackeys2026Map.Brackeys2026Map to /Game/Brackeys2026/Levels/UEDPIE_0_Brackeys2026Map.Brackeys2026Map (0.003882s)
[2026.08.25-00.33.52:522][224]LogUObjectHash: Compacting FUObjectHashTables data took   2.94ms
[2026.08.25-00.33.52:523][224]LogAudio: Display: Creating Audio Device:                 Id: 4, Scope: Unique, Realtime: True
[2026.08.25-00.33.52:523][224]LogAudioMixer: Display: Audio Mixer Platform Settings:
[2026.08.25-00.33.52:523][224]LogAudioMixer: Display: 	Sample Rate:						  48000
[2026.08.25-00.33.52:523][224]LogAudioMixer: Display: 	Callback Buffer Frame Size Requested: 1024
[2026.08.25-00.33.52:523][224]LogAudioMixer: Display: 	Callback Buffer Frame Size To Use:	  1024
[2026.08.25-00.33.52:523][224]LogAudioMixer: Display: 	Number of buffers to queue:			  2
[2026.08.25-00.33.52:523][224]LogAudioMixer: Display: 	Max Channels (voices):				  32
[2026.08.25-00.33.52:523][224]LogAudioMixer: Display: 	Number of Async Source Workers:		  0
[2026.08.25-00.33.52:523][224]LogAudio: Display: AudioDevice MaxSources: 32
[2026.08.25-00.33.52:523][224]LogAudio: Display: Audio Spatialization Plugin: None (built-in).
[2026.08.25-00.33.52:523][224]LogAudio: Display: Audio Reverb Plugin: None (built-in).
[2026.08.25-00.33.52:523][224]LogAudio: Display: Audio Occlusion Plugin: None (built-in).
[2026.08.25-00.33.52:523][224]LogAudioMixer: Display: Initializing audio mixer.
[2026.08.25-00.33.52:529][224]LogAudioMixer: Display: 0: FrontLeft
[2026.08.25-00.33.52:529][224]LogAudioMixer: Display: 1: FrontRight
[2026.08.25-00.33.52:552][224]LogAudioMixer: Display: Using Audio Device Realtek HD Audio 2nd output (Realtek(R) Audio)
[2026.08.25-00.33.52:552][224]LogAudioMixer: Display: Initializing Sound Submixes...
[2026.08.25-00.33.52:552][224]LogAudioMixer: Display: Creating Master Submix 'MasterSubmixDefault'
[2026.08.25-00.33.52:552][224]LogAudioMixer: Display: Creating Master Submix 'MasterReverbSubmixDefault'
[2026.08.25-00.33.52:552][224]LogAudioMixer: Display: Creating Master Submix 'MasterEQSubmixDefault'
[2026.08.25-00.33.52:553][224]LogAudioMixer: FMixerPlatformXAudio2::StartAudioStream() called
[2026.08.25-00.33.52:553][224]LogAudioMixer: Display: Output buffers initialized: Frames=1024, Channels=2, Samples=2048
[2026.08.25-00.33.52:553][224]LogAudioMixer: Display: Starting AudioMixerPlatformInterface::RunInternal()
[2026.08.25-00.33.52:553][224]LogAudioMixer: Display: FMixerPlatformXAudio2::SubmitBuffer() called for the first time
[2026.08.25-00.33.52:553][224]LogInit: FAudioDevice initialized.
[2026.08.25-00.33.52:553][224]LogAudio: Display: Audio Device (ID: 4) registered with world 'Brackeys2026Map'.
[2026.08.25-00.33.52:596][224]LogSlate: Updating window title bar state: overlay mode, drag disabled, window buttons hidden, title bar hidden
[2026.08.25-00.33.52:596][224]LogLoad: Game class is 'BrackeysGameMode_C'
[2026.08.25-00.33.52:597][224]LogWorld: Bringing World /Game/Brackeys2026/Levels/UEDPIE_0_Brackeys2026Map.Brackeys2026Map up for play (max tick rate 0) at 2026.08.24-17.33.52
[2026.08.25-00.33.52:597][224]LogWorld: Bringing up level for play took: 0.000723
[2026.08.25-00.33.52:597][224]LogOnline: OSS: Creating online subsystem instance for: :Context_14
[2026.08.25-00.33.52:601][224]LogBlueprintUserMessages: [BP_CoinGun_2] false
[2026.08.25-00.33.52:601][224]LogBlueprintUserMessages: [BP_CoinGun_2] false
[2026.08.25-00.33.52:601][224]LogBlueprintUserMessages: [BP_CoinGun_2] false
[2026.08.25-00.33.52:601][224]LogBlueprintUserMessages: [BP_CoinGun_2] false
[2026.08.25-00.33.52:601][224]LogBlueprintUserMessages: [BP_CoinGun_2] true
[2026.08.25-00.33.52:601][224]LogBlueprintUserMessages: [BP_CoinGun_2] false
[2026.08.25-00.33.52:603][224]PIE: Server logged in
[2026.08.25-00.33.52:604][224]PIE: Play in editor total start time 0.121 seconds.
[2026.08.25-00.33.57:551][809]LogSlate: Updating window title bar state: overlay mode, drag disabled, window buttons hidden, title bar hidden
[2026.08.25-00.33.57:551][809]LogWorld: BeginTearingDown for /Game/Brackeys2026/Levels/UEDPIE_0_Brackeys2026Map
[2026.08.25-00.33.57:552][809]LogSlate: Window 'BrackeysJam2026 Preview [NetMode: Standalone]  (64-bit/Windows) ' being destroyed
[2026.08.25-00.33.57:557][809]LogWorld: UWorld::CleanupWorld for Brackeys2026Map, bSessionEnded=true, bCleanupResources=true
[2026.08.25-00.33.57:557][809]LogSlate: InvalidateAllWidgets triggered.  All widgets were invalidated
[2026.08.25-00.33.57:564][809]LogPlayLevel: Display: Shutting down PIE online subsystems
[2026.08.25-00.33.57:569][809]LogSlate: InvalidateAllWidgets triggered.  All widgets were invalidated
[2026.08.25-00.33.57:600][809]LogAudio: Display: Audio Device unregistered from world 'None'.
[2026.08.25-00.33.57:600][809]LogAudioMixer: FMixerPlatformXAudio2::StopAudioStream() called
[2026.08.25-00.33.57:601][809]LogAudioMixer: FMixerPlatformXAudio2::StopAudioStream() called
[2026.08.25-00.33.57:605][809]LogUObjectHash: Compacting FUObjectHashTables data took   2.22ms
[2026.08.25-00.33.57:620][810]LogPlayLevel: Display: Destroying online subsystem :Context_14
[2026.08.25-00.34.24:291][886]LogEditorTransaction: Undo Attach Component
[2026.08.25-00.35.07:906][920]LogEditorTransaction: Undo Modify Component Location
[2026.08.25-00.35.10:309][156]LogEditorTransaction: Undo Modify Component Location
[2026.08.25-00.35.12:415][405]BlueprintLog: New page: Compile BP_Revolver
[2026.08.25-00.35.12:487][405]LogUObjectHash: Compacting FUObjectHashTables data took   3.56ms
[2026.08.25-00.35.12:993][447]LogSavePackage: Moving 'E:/_Alex's Data/Unreal Engine/Unreal Projects/Brackeys2026/Brackeys-2026/BrackeysJam2026/Saved/BP_RevolverCB86F6B6419F842A8CC5C7B246436034.tmp' to 'E:/_Alex's Data/Unreal Engine/Unreal Projects/Brackeys2026/Brackeys-2026/BrackeysJam2026/Content/Brackeys2026/Objects/Revolver/BP_Revolver.uasset'
[2026.08.25-00.35.13:022][447]AssetCheck: New page: Asset Save: BP_Revolver
[2026.08.25-00.35.13:022][447]LogContentValidation: Display: Validating Blueprint /Game/Brackeys2026/Objects/Revolver/BP_Revolver.BP_Revolver
[2026.08.25-00.35.42:282][749]BlueprintLog: New page: Compile BP_Revolver
[2026.08.25-00.35.42:354][749]LogUObjectHash: Compacting FUObjectHashTables data took   3.22ms
[2026.08.25-00.35.42:973][806]LogSavePackage: Moving 'E:/_Alex's Data/Unreal Engine/Unreal Projects/Brackeys2026/Brackeys-2026/BrackeysJam2026/Saved/BP_RevolverC3178217455B5D9E9DDA19B134695BB0.tmp' to 'E:/_Alex's Data/Unreal Engine/Unreal Projects/Brackeys2026/Brackeys-2026/BrackeysJam2026/Content/Brackeys2026/Objects/Revolver/BP_Revolver.uasset'
[2026.08.25-00.35.42:999][806]AssetCheck: New page: Asset Save: BP_Revolver
[2026.08.25-00.35.42:999][806]LogContentValidation: Display: Validating Blueprint /Game/Brackeys2026/Objects/Revolver/BP_Revolver.BP_Revolver
[2026.08.25-00.35.43:470][858]LogTemp: Repeating last play command: Selected Viewport
[2026.08.25-00.35.43:480][858]LogPlayLevel: PlayLevel: No blueprints needed recompiling
[2026.08.25-00.35.43:480][858]PIE: New page: PIE session: Brackeys2026Map (Aug 24, 2026, 10:35:43 AM)
[2026.08.25-00.35.43:480][858]LogPlayLevel: Creating play world package: /Game/Brackeys2026/Levels/UEDPIE_0_Brackeys2026Map
[2026.08.25-00.35.43:482][858]LogPlayLevel: PIE: StaticDuplicateObject took: (0.002497s)
[2026.08.25-00.35.43:483][858]LogAIModule: Creating AISystem for world Brackeys2026Map
[2026.08.25-00.35.43:484][858]LogPlayLevel: PIE: World Init took: (0.001470s)
[2026.08.25-00.35.43:484][858]LogPlayLevel: PIE: Created PIE world by copying editor world from /Game/Brackeys2026/Levels/Brackeys2026Map.Brackeys2026Map to /Game/Brackeys2026/Levels/UEDPIE_0_Brackeys2026Map.Brackeys2026Map (0.004085s)
[2026.08.25-00.35.43:518][858]LogUObjectHash: Compacting FUObjectHashTables data took   3.11ms
[2026.08.25-00.35.43:518][858]LogAudio: Display: Creating Audio Device:                 Id: 5, Scope: Unique, Realtime: True
[2026.08.25-00.35.43:518][858]LogAudioMixer: Display: Audio Mixer Platform Settings:
[2026.08.25-00.35.43:518][858]LogAudioMixer: Display: 	Sample Rate:						  48000
[2026.08.25-00.35.43:518][858]LogAudioMixer: Display: 	Callback Buffer Frame Size Requested: 1024
[2026.08.25-00.35.43:518][858]LogAudioMixer: Display: 	Callback Buffer Frame Size To Use:	  1024
[2026.08.25-00.35.43:518][858]LogAudioMixer: Display: 	Number of buffers to queue:			  2
[2026.08.25-00.35.43:518][858]LogAudioMixer: Display: 	Max Channels (voices):				  32
[2026.08.25-00.35.43:518][858]LogAudioMixer: Display: 	Number of Async Source Workers:		  0
[2026.08.25-00.35.43:518][858]LogAudio: Display: AudioDevice MaxSources: 32
[2026.08.25-00.35.43:519][858]LogAudio: Display: Audio Spatialization Plugin: None (built-in).
[2026.08.25-00.35.43:519][858]LogAudio: Display: Audio Reverb Plugin: None (built-in).
[2026.08.25-00.35.43:519][858]LogAudio: Display: Audio Occlusion Plugin: None (built-in).
[2026.08.25-00.35.43:519][858]LogAudioMixer: Display: Initializing audio mixer.
[2026.08.25-00.35.43:524][858]LogAudioMixer: Display: 0: FrontLeft
[2026.08.25-00.35.43:524][858]LogAudioMixer: Display: 1: FrontRight
[2026.08.25-00.35.43:536][858]LogAudioMixer: Display: Using Audio Device Realtek HD Audio 2nd output (Realtek(R) Audio)
[2026.08.25-00.35.43:537][858]LogAudioMixer: Display: Initializing Sound Submixes...
[2026.08.25-00.35.43:537][858]LogAudioMixer: Display: Creating Master Submix 'MasterSubmixDefault'
[2026.08.25-00.35.43:537][858]LogAudioMixer: Display: Creating Master Submix 'MasterReverbSubmixDefault'
[2026.08.25-00.35.43:537][858]LogAudioMixer: Display: Creating Master Submix 'MasterEQSubmixDefault'
[2026.08.25-00.35.43:537][858]LogAudioMixer: FMixerPlatformXAudio2::StartAudioStream() called
[2026.08.25-00.35.43:537][858]LogAudioMixer: Display: Output buffers initialized: Frames=1024, Channels=2, Samples=2048
[2026.08.25-00.35.43:537][858]LogAudioMixer: Display: Starting AudioMixerPlatformInterface::RunInternal()
[2026.08.25-00.35.43:537][858]LogAudioMixer: Display: FMixerPlatformXAudio2::SubmitBuffer() called for the first time
[2026.08.25-00.35.43:537][858]LogInit: FAudioDevice initialized.
[2026.08.25-00.35.43:537][858]LogAudio: Display: Audio Device (ID: 5) registered with world 'Brackeys2026Map'.
[2026.08.25-00.35.43:581][858]LogSlate: Updating window title bar state: overlay mode, drag disabled, window buttons hidden, title bar hidden
[2026.08.25-00.35.43:581][858]LogLoad: Game class is 'BrackeysGameMode_C'
[2026.08.25-00.35.43:582][858]LogWorld: Bringing World /Game/Brackeys2026/Levels/UEDPIE_0_Brackeys2026Map.Brackeys2026Map up for play (max tick rate 0) at 2026.08.24-17.35.43
[2026.08.25-00.35.43:582][858]LogWorld: Bringing up level for play took: 0.000593
[2026.08.25-00.35.43:582][858]LogOnline: OSS: Creating online subsystem instance for: :Context_15
[2026.08.25-00.35.43:586][858]LogBlueprintUserMessages: [BP_CoinGun_2] false
[2026.08.25-00.35.43:587][858]LogBlueprintUserMessages: [BP_CoinGun_2] false
[2026.08.25-00.35.43:587][858]LogBlueprintUserMessages: [BP_CoinGun_2] false
[2026.08.25-00.35.43:587][858]LogBlueprintUserMessages: [BP_CoinGun_2] true
[2026.08.25-00.35.43:587][858]LogBlueprintUserMessages: [BP_CoinGun_2] false
[2026.08.25-00.35.43:587][858]LogBlueprintUserMessages: [BP_CoinGun_2] false
[2026.08.25-00.35.43:588][858]PIE: Server logged in
[2026.08.25-00.35.43:588][858]PIE: Play in editor total start time 0.112 seconds.
[2026.08.25-00.36.11:672][226]LogScript: Warning: Script Msg: Attempted to access index 0 from array 'IsLiveBullet' of length 0 in '/Game/Brackeys2026/Objects/Revolver/BP_Revolver.BP_Revolver_C'!
[2026.08.25-00.36.11:672][226]LogScript: Warning: Script Msg: Attempted to remove an item from an invalid index from array IsLiveBullet [0/0]!
[2026.08.25-00.36.13:282][416]LogSlate: Updating window title bar state: overlay mode, drag disabled, window buttons hidden, title bar hidden
[2026.08.25-00.36.13:282][416]LogWorld: BeginTearingDown for /Game/Brackeys2026/Levels/UEDPIE_0_Brackeys2026Map
[2026.08.25-00.36.13:283][416]LogSlate: Window 'BrackeysJam2026 Preview [NetMode: Standalone]  (64-bit/Windows) ' being destroyed
[2026.08.25-00.36.13:292][416]LogWorld: UWorld::CleanupWorld for Brackeys2026Map, bSessionEnded=true, bCleanupResources=true
[2026.08.25-00.36.13:292][416]LogSlate: InvalidateAllWidgets triggered.  All widgets were invalidated
[2026.08.25-00.36.13:298][416]LogPlayLevel: Display: Shutting down PIE online subsystems
[2026.08.25-00.36.13:303][416]LogSlate: InvalidateAllWidgets triggered.  All widgets were invalidated
[2026.08.25-00.36.13:334][416]LogAudio: Display: Audio Device unregistered from world 'None'.
[2026.08.25-00.36.13:334][416]LogAudioMixer: FMixerPlatformXAudio2::StopAudioStream() called
[2026.08.25-00.36.13:335][416]LogAudioMixer: FMixerPlatformXAudio2::StopAudioStream() called
[2026.08.25-00.36.13:339][416]LogUObjectHash: Compacting FUObjectHashTables data took   2.18ms
[2026.08.25-00.36.13:358][417]LogPlayLevel: Display: Destroying online subsystem :Context_15
[2026.08.25-00.36.13:964][486]LogTemp: Repeating last play command: Selected Viewport
[2026.08.25-00.36.13:973][486]LogPlayLevel: PlayLevel: No blueprints needed recompiling
[2026.08.25-00.36.13:973][486]PIE: New page: PIE session: Brackeys2026Map (Aug 24, 2026, 10:36:13 AM)
[2026.08.25-00.36.13:973][486]LogPlayLevel: Creating play world package: /Game/Brackeys2026/Levels/UEDPIE_0_Brackeys2026Map
[2026.08.25-00.36.13:976][486]LogPlayLevel: PIE: StaticDuplicateObject took: (0.002801s)
[2026.08.25-00.36.13:977][486]LogAIModule: Creating AISystem for world Brackeys2026Map
[2026.08.25-00.36.13:977][486]LogPlayLevel: PIE: World Init took: (0.001583s)
[2026.08.25-00.36.13:977][486]LogPlayLevel: PIE: Created PIE world by copying editor world from /Game/Brackeys2026/Levels/Brackeys2026Map.Brackeys2026Map to /Game/Brackeys2026/Levels/UEDPIE_0_Brackeys2026Map.Brackeys2026Map (0.004565s)
[2026.08.25-00.36.14:010][486]LogUObjectHash: Compacting FUObjectHashTables data took   2.19ms
[2026.08.25-00.36.14:010][486]LogAudio: Display: Creating Audio Device:                 Id: 6, Scope: Unique, Realtime: True
[2026.08.25-00.36.14:010][486]LogAudioMixer: Display: Audio Mixer Platform Settings:
[2026.08.25-00.36.14:010][486]LogAudioMixer: Display: 	Sample Rate:						  48000
[2026.08.25-00.36.14:010][486]LogAudioMixer: Display: 	Callback Buffer Frame Size Requested: 1024
[2026.08.25-00.36.14:010][486]LogAudioMixer: Display: 	Callback Buffer Frame Size To Use:	  1024
[2026.08.25-00.36.14:010][486]LogAudioMixer: Display: 	Number of buffers to queue:			  2
[2026.08.25-00.36.14:010][486]LogAudioMixer: Display: 	Max Channels (voices):				  32
[2026.08.25-00.36.14:010][486]LogAudioMixer: Display: 	Number of Async Source Workers:		  0
[2026.08.25-00.36.14:010][486]LogAudio: Display: AudioDevice MaxSources: 32
[2026.08.25-00.36.14:011][486]LogAudio: Display: Audio Spatialization Plugin: None (built-in).
[2026.08.25-00.36.14:011][486]LogAudio: Display: Audio Reverb Plugin: None (built-in).
[2026.08.25-00.36.14:011][486]LogAudio: Display: Audio Occlusion Plugin: None (built-in).
[2026.08.25-00.36.14:011][486]LogAudioMixer: Display: Initializing audio mixer.
[2026.08.25-00.36.14:016][486]LogAudioMixer: Display: 0: FrontLeft
[2026.08.25-00.36.14:016][486]LogAudioMixer: Display: 1: FrontRight
[2026.08.25-00.36.14:028][486]LogAudioMixer: Display: Using Audio Device Realtek HD Audio 2nd output (Realtek(R) Audio)
[2026.08.25-00.36.14:028][486]LogAudioMixer: Display: Initializing Sound Submixes...
[2026.08.25-00.36.14:028][486]LogAudioMixer: Display: Creating Master Submix 'MasterSubmixDefault'
[2026.08.25-00.36.14:028][486]LogAudioMixer: Display: Creating Master Submix 'MasterReverbSubmixDefault'
[2026.08.25-00.36.14:028][486]LogAudioMixer: Display: Creating Master Submix 'MasterEQSubmixDefault'
[2026.08.25-00.36.14:029][486]LogAudioMixer: FMixerPlatformXAudio2::StartAudioStream() called
[2026.08.25-00.36.14:029][486]LogAudioMixer: Display: Output buffers initialized: Frames=1024, Channels=2, Samples=2048
[2026.08.25-00.36.14:030][486]LogAudioMixer: Display: Starting AudioMixerPlatformInterface::RunInternal()
[2026.08.25-00.36.14:030][486]LogAudioMixer: Display: FMixerPlatformXAudio2::SubmitBuffer() called for the first time
[2026.08.25-00.36.14:030][486]LogInit: FAudioDevice initialized.
[2026.08.25-00.36.14:030][486]LogAudio: Display: Audio Device (ID: 6) registered with world 'Brackeys2026Map'.
[2026.08.25-00.36.14:082][486]LogSlate: Updating window title bar state: overlay mode, drag disabled, window buttons hidden, title bar hidden
[2026.08.25-00.36.14:082][486]LogLoad: Game class is 'BrackeysGameMode_C'
[2026.08.25-00.36.14:083][486]LogWorld: Bringing World /Game/Brackeys2026/Levels/UEDPIE_0_Brackeys2026Map.Brackeys2026Map up for play (max tick rate 0) at 2026.08.24-17.36.14
[2026.08.25-00.36.14:083][486]LogWorld: Bringing up level for play took: 0.000968
[2026.08.25-00.36.14:083][486]LogOnline: OSS: Creating online subsystem instance for: :Context_16
[2026.08.25-00.36.14:088][486]LogBlueprintUserMessages: [BP_CoinGun_2] true
[2026.08.25-00.36.14:088][486]LogBlueprintUserMessages: [BP_CoinGun_2] false
[2026.08.25-00.36.14:088][486]LogBlueprintUserMessages: [BP_CoinGun_2] false
[2026.08.25-00.36.14:088][486]LogBlueprintUserMessages: [BP_CoinGun_2] false
[2026.08.25-00.36.14:088][486]LogBlueprintUserMessages: [BP_CoinGun_2] false
[2026.08.25-00.36.14:088][486]LogBlueprintUserMessages: [BP_CoinGun_2] false
[2026.08.25-00.36.14:090][486]PIE: Server logged in
[2026.08.25-00.36.14:091][486]PIE: Play in editor total start time 0.121 seconds.
[2026.08.25-00.36.19:791][164]LogSlate: Updating window title bar state: overlay mode, drag disabled, window buttons hidden, title bar hidden
[2026.08.25-00.36.19:791][164]LogWorld: BeginTearingDown for /Game/Brackeys2026/Levels/UEDPIE_0_Brackeys2026Map
[2026.08.25-00.36.19:791][164]LogSlate: Window 'BrackeysJam2026 Preview [NetMode: Standalone]  (64-bit/Windows) ' being destroyed
[2026.08.25-00.36.19:802][164]LogWorld: UWorld::CleanupWorld for Brackeys2026Map, bSessionEnded=true, bCleanupResources=true
[2026.08.25-00.36.19:802][164]LogSlate: InvalidateAllWidgets triggered.  All widgets were invalidated
[2026.08.25-00.36.19:809][164]LogPlayLevel: Display: Shutting down PIE online subsystems
[2026.08.25-00.36.19:816][164]LogSlate: InvalidateAllWidgets triggered.  All widgets were invalidated
[2026.08.25-00.36.19:847][164]LogAudioMixer: FMixerPlatformXAudio2::StopAudioStream() called
[2026.08.25-00.36.19:848][164]LogAudioMixer: FMixerPlatformXAudio2::StopAudioStream() called
[2026.08.25-00.36.19:854][164]LogUObjectHash: Compacting FUObjectHashTables data took   2.17ms
[2026.08.25-00.36.19:871][165]LogPlayLevel: Display: Destroying online subsystem :Context_16
[2026.08.25-00.36.26:982][593]LogTemp: Repeating last play command: Selected Viewport
[2026.08.25-00.36.26:991][593]LogPlayLevel: PlayLevel: No blueprints needed recompiling
[2026.08.25-00.36.26:991][593]PIE: New page: PIE session: Brackeys2026Map (Aug 24, 2026, 10:36:26 AM)
[2026.08.25-00.36.26:992][593]LogPlayLevel: Creating play world package: /Game/Brackeys2026/Levels/UEDPIE_0_Brackeys2026Map
[2026.08.25-00.36.26:994][593]LogPlayLevel: PIE: StaticDuplicateObject took: (0.002571s)
[2026.08.25-00.36.26:995][593]LogAIModule: Creating AISystem for world Brackeys2026Map
[2026.08.25-00.36.26:995][593]LogPlayLevel: PIE: World Init took: (0.001623s)
[2026.08.25-00.36.26:995][593]LogPlayLevel: PIE: Created PIE world by copying editor world from /Game/Brackeys2026/Levels/Brackeys2026Map.Brackeys2026Map to /Game/Brackeys2026/Levels/UEDPIE_0_Brackeys2026Map.Brackeys2026Map (0.004350s)
[2026.08.25-00.36.27:028][593]LogUObjectHash: Compacting FUObjectHashTables data took   2.17ms
[2026.08.25-00.36.27:028][593]LogAudio: Display: Creating Audio Device:                 Id: 7, Scope: Unique, Realtime: True
[2026.08.25-00.36.27:028][593]LogAudioMixer: Display: Audio Mixer Platform Settings:
[2026.08.25-00.36.27:028][593]LogAudioMixer: Display: 	Sample Rate:						  48000
[2026.08.25-00.36.27:028][593]LogAudioMixer: Display: 	Callback Buffer Frame Size Requested: 1024
[2026.08.25-00.36.27:028][593]LogAudioMixer: Display: 	Callback Buffer Frame Size To Use:	  1024
[2026.08.25-00.36.27:028][593]LogAudioMixer: Display: 	Number of buffers to queue:			  2
[2026.08.25-00.36.27:028][593]LogAudioMixer: Display: 	Max Channels (voices):				  32
[2026.08.25-00.36.27:028][593]LogAudioMixer: Display: 	Number of Async Source Workers:		  0
[2026.08.25-00.36.27:028][593]LogAudio: Display: AudioDevice MaxSources: 32
[2026.08.25-00.36.27:029][593]LogAudio: Display: Audio Spatialization Plugin: None (built-in).
[2026.08.25-00.36.27:029][593]LogAudio: Display: Audio Reverb Plugin: None (built-in).
[2026.08.25-00.36.27:029][593]LogAudio: Display: Audio Occlusion Plugin: None (built-in).
[2026.08.25-00.36.27:029][593]LogAudioMixer: Display: Initializing audio mixer.
[2026.08.25-00.36.27:033][593]LogAudioMixer: Display: 0: FrontLeft
[2026.08.25-00.36.27:033][593]LogAudioMixer: Display: 1: FrontRight
[2026.08.25-00.36.27:046][593]LogAudioMixer: Display: Using Audio Device Realtek HD Audio 2nd output (Realtek(R) Audio)
[2026.08.25-00.36.27:046][593]LogAudioMixer: Display: Initializing Sound Submixes...
[2026.08.25-00.36.27:047][593]LogAudioMixer: Display: Creating Master Submix 'MasterSubmixDefault'
[2026.08.25-00.36.27:047][593]LogAudioMixer: Display: Creating Master Submix 'MasterReverbSubmixDefault'
[2026.08.25-00.36.27:047][593]LogAudioMixer: Display: Creating Master Submix 'MasterEQSubmixDefault'
[2026.08.25-00.36.27:047][593]LogAudioMixer: FMixerPlatformXAudio2::StartAudioStream() called
[2026.08.25-00.36.27:047][593]LogAudioMixer: Display: Output buffers initialized: Frames=1024, Channels=2, Samples=2048
[2026.08.25-00.36.27:048][593]LogAudioMixer: Display: Starting AudioMixerPlatformInterface::RunInternal()
[2026.08.25-00.36.27:048][593]LogAudioMixer: Display: FMixerPlatformXAudio2::SubmitBuffer() called for the first time
[2026.08.25-00.36.27:048][593]LogInit: FAudioDevice initialized.
[2026.08.25-00.36.27:048][593]LogAudio: Display: Audio Device (ID: 7) registered with world 'Brackeys2026Map'.
[2026.08.25-00.36.27:098][593]LogSlate: Updating window title bar state: overlay mode, drag disabled, window buttons hidden, title bar hidden
[2026.08.25-00.36.27:098][593]LogLoad: Game class is 'BrackeysGameMode_C'
[2026.08.25-00.36.27:101][593]LogWorld: Bringing World /Game/Brackeys2026/Levels/UEDPIE_0_Brackeys2026Map.Brackeys2026Map up for play (max tick rate 0) at 2026.08.24-17.36.27
[2026.08.25-00.36.27:101][593]LogWorld: Bringing up level for play took: 0.000954
[2026.08.25-00.36.27:101][593]LogOnline: OSS: Creating online subsystem instance for: :Context_17
[2026.08.25-00.36.27:104][593]LogBlueprintUserMessages: [BP_CoinGun_2] false
[2026.08.25-00.36.27:104][593]LogBlueprintUserMessages: [BP_CoinGun_2] false
[2026.08.25-00.36.27:104][593]LogBlueprintUserMessages: [BP_CoinGun_2] false
[2026.08.25-00.36.27:104][593]LogBlueprintUserMessages: [BP_CoinGun_2] false
[2026.08.25-00.36.27:104][593]LogBlueprintUserMessages: [BP_CoinGun_2] true
[2026.08.25-00.36.27:104][593]LogBlueprintUserMessages: [BP_CoinGun_2] false
[2026.08.25-00.36.27:107][593]PIE: Server logged in
[2026.08.25-00.36.27:107][593]PIE: Play in editor total start time 0.119 seconds.
[2026.08.25-00.36.33:631][370]LogSlate: Updating window title bar state: overlay mode, drag disabled, window buttons hidden, title bar hidden
[2026.08.25-00.36.33:631][370]LogWorld: BeginTearingDown for /Game/Brackeys2026/Levels/UEDPIE_0_Brackeys2026Map
[2026.08.25-00.36.33:632][370]LogSlate: Window 'BrackeysJam2026 Preview [NetMode: Standalone]  (64-bit/Windows) ' being destroyed
[2026.08.25-00.36.33:640][370]LogWorld: UWorld::CleanupWorld for Brackeys2026Map, bSessionEnded=true, bCleanupResources=true
[2026.08.25-00.36.33:641][370]LogSlate: InvalidateAllWidgets triggered.  All widgets were invalidated
[2026.08.25-00.36.33:651][370]LogPlayLevel: Display: Shutting down PIE online subsystems
[2026.08.25-00.36.33:655][370]LogSlate: InvalidateAllWidgets triggered.  All widgets were invalidated
[2026.08.25-00.36.33:686][370]LogAudioMixer: FMixerPlatformXAudio2::StopAudioStream() called
[2026.08.25-00.36.33:687][370]LogAudioMixer: FMixerPlatformXAudio2::StopAudioStream() called
[2026.08.25-00.36.33:692][370]LogUObjectHash: Compacting FUObjectHashTables data took   2.15ms
[2026.08.25-00.36.33:712][371]LogPlayLevel: Display: Destroying online subsystem :Context_17
[2026.08.25-00.36.52:042][530]BlueprintLog: New page: Compile BP_Revolver
[2026.08.25-00.36.52:116][530]LogUObjectHash: Compacting FUObjectHashTables data took   2.46ms
[2026.08.25-00.36.52:702][573]LogSavePackage: Moving 'E:/_Alex's Data/Unreal Engine/Unreal Projects/Brackeys2026/Brackeys-2026/BrackeysJam2026/Saved/BP_RevolverB119F1AB4C632A59193B6D9656FB6FBF.tmp' to 'E:/_Alex's Data/Unreal Engine/Unreal Projects/Brackeys2026/Brackeys-2026/BrackeysJam2026/Content/Brackeys2026/Objects/Revolver/BP_Revolver.uasset'
[2026.08.25-00.36.52:722][573]AssetCheck: New page: Asset Save: BP_Revolver
[2026.08.25-00.36.52:722][573]LogContentValidation: Display: Validating Blueprint /Game/Brackeys2026/Objects/Revolver/BP_Revolver.BP_Revolver
[2026.08.25-00.36.57:247][110]LogTemp: Repeating last play command: Selected Viewport
[2026.08.25-00.36.57:256][110]LogPlayLevel: PlayLevel: No blueprints needed recompiling
[2026.08.25-00.36.57:256][110]PIE: New page: PIE session: Brackeys2026Map (Aug 24, 2026, 10:36:57 AM)
[2026.08.25-00.36.57:256][110]LogPlayLevel: Creating play world package: /Game/Brackeys2026/Levels/UEDPIE_0_Brackeys2026Map
[2026.08.25-00.36.57:259][110]LogPlayLevel: PIE: StaticDuplicateObject took: (0.002747s)
[2026.08.25-00.36.57:260][110]LogAIModule: Creating AISystem for world Brackeys2026Map
[2026.08.25-00.36.57:260][110]LogPlayLevel: PIE: World Init took: (0.001481s)
[2026.08.25-00.36.57:260][110]LogPlayLevel: PIE: Created PIE world by copying editor world from /Game/Brackeys2026/Levels/Brackeys2026Map.Brackeys2026Map to /Game/Brackeys2026/Levels/UEDPIE_0_Brackeys2026Map.Brackeys2026Map (0.004394s)
[2026.08.25-00.36.57:294][110]LogUObjectHash: Compacting FUObjectHashTables data took   2.92ms
[2026.08.25-00.36.57:296][110]LogAudio: Display: Creating Audio Device:                 Id: 8, Scope: Unique, Realtime: True
[2026.08.25-00.36.57:296][110]LogAudioMixer: Display: Audio Mixer Platform Settings:
[2026.08.25-00.36.57:296][110]LogAudioMixer: Display: 	Sample Rate:						  48000
[2026.08.25-00.36.57:296][110]LogAudioMixer: Display: 	Callback Buffer Frame Size Requested: 1024
[2026.08.25-00.36.57:296][110]LogAudioMixer: Display: 	Callback Buffer Frame Size To Use:	  1024
[2026.08.25-00.36.57:296][110]LogAudioMixer: Display: 	Number of buffers to queue:			  2
[2026.08.25-00.36.57:296][110]LogAudioMixer: Display: 	Max Channels (voices):				  32
[2026.08.25-00.36.57:296][110]LogAudioMixer: Display: 	Number of Async Source Workers:		  0
[2026.08.25-00.36.57:296][110]LogAudio: Display: AudioDevice MaxSources: 32
[2026.08.25-00.36.57:297][110]LogAudio: Display: Audio Spatialization Plugin: None (built-in).
[2026.08.25-00.36.57:297][110]LogAudio: Display: Audio Reverb Plugin: None (built-in).
[2026.08.25-00.36.57:297][110]LogAudio: Display: Audio Occlusion Plugin: None (built-in).
[2026.08.25-00.36.57:297][110]LogAudioMixer: Display: Initializing audio mixer.
[2026.08.25-00.36.57:301][110]LogAudioMixer: Display: 0: FrontLeft
[2026.08.25-00.36.57:301][110]LogAudioMixer: Display: 1: FrontRight
[2026.08.25-00.36.57:314][110]LogAudioMixer: Display: Using Audio Device Realtek HD Audio 2nd output (Realtek(R) Audio)
[2026.08.25-00.36.57:314][110]LogAudioMixer: Display: Initializing Sound Submixes...
[2026.08.25-00.36.57:314][110]LogAudioMixer: Display: Creating Master Submix 'MasterSubmixDefault'
[2026.08.25-00.36.57:314][110]LogAudioMixer: Display: Creating Master Submix 'MasterReverbSubmixDefault'
[2026.08.25-00.36.57:314][110]LogAudioMixer: Display: Creating Master Submix 'MasterEQSubmixDefault'
[2026.08.25-00.36.57:314][110]LogAudioMixer: FMixerPlatformXAudio2::StartAudioStream() called
[2026.08.25-00.36.57:314][110]LogAudioMixer: Display: Output buffers initialized: Frames=1024, Channels=2, Samples=2048
[2026.08.25-00.36.57:315][110]LogAudioMixer: Display: Starting AudioMixerPlatformInterface::RunInternal()
[2026.08.25-00.36.57:315][110]LogAudioMixer: Display: FMixerPlatformXAudio2::SubmitBuffer() called for the first time
[2026.08.25-00.36.57:315][110]LogInit: FAudioDevice initialized.
[2026.08.25-00.36.57:316][110]LogAudio: Display: Audio Device (ID: 8) registered with world 'Brackeys2026Map'.
[2026.08.25-00.36.57:363][110]LogSlate: Updating window title bar state: overlay mode, drag disabled, window buttons hidden, title bar hidden
[2026.08.25-00.36.57:364][110]LogLoad: Game class is 'BrackeysGameMode_C'
[2026.08.25-00.36.57:365][110]LogWorld: Bringing World /Game/Brackeys2026/Levels/UEDPIE_0_Brackeys2026Map.Brackeys2026Map up for play (max tick rate 0) at 2026.08.24-17.36.57
[2026.08.25-00.36.57:365][110]LogWorld: Bringing up level for play took: 0.000589
[2026.08.25-00.36.57:365][110]LogOnline: OSS: Creating online subsystem instance for: :Context_18
[2026.08.25-00.36.57:369][110]LogBlueprintUserMessages: [BP_CoinGun_2] false
[2026.08.25-00.36.57:369][110]LogBlueprintUserMessages: [BP_CoinGun_2] true
[2026.08.25-00.36.57:369][110]LogBlueprintUserMessages: [BP_CoinGun_2] false
[2026.08.25-00.36.57:369][110]LogBlueprintUserMessages: [BP_CoinGun_2] false
[2026.08.25-00.36.57:369][110]LogBlueprintUserMessages: [BP_CoinGun_2] false
[2026.08.25-00.36.57:369][110]LogBlueprintUserMessages: [BP_CoinGun_2] true
[2026.08.25-00.36.57:371][110]PIE: Server logged in
[2026.08.25-00.36.57:372][110]PIE: Play in editor total start time 0.12 seconds.
[2026.08.25-00.37.04:551][891]LogSlate: Updating window title bar state: overlay mode, drag disabled, window buttons hidden, title bar hidden
[2026.08.25-00.37.04:551][891]LogWorld: BeginTearingDown for /Game/Brackeys2026/Levels/UEDPIE_0_Brackeys2026Map
[2026.08.25-00.37.04:551][891]LogSlate: Window 'BrackeysJam2026 Preview [NetMode: Standalone]  (64-bit/Windows) ' being destroyed
[2026.08.25-00.37.04:556][891]LogWorld: UWorld::CleanupWorld for Brackeys2026Map, bSessionEnded=true, bCleanupResources=true
[2026.08.25-00.37.04:556][891]LogSlate: InvalidateAllWidgets triggered.  All widgets were invalidated
[2026.08.25-00.37.04:567][891]LogPlayLevel: Display: Shutting down PIE online subsystems
[2026.08.25-00.37.04:572][891]LogSlate: InvalidateAllWidgets triggered.  All widgets were invalidated
[2026.08.25-00.37.04:603][891]LogAudio: Display: Audio Device unregistered from world 'None'.
[2026.08.25-00.37.04:603][891]LogAudioMixer: FMixerPlatformXAudio2::StopAudioStream() called
[2026.08.25-00.37.04:604][891]LogAudioMixer: FMixerPlatformXAudio2::StopAudioStream() called
[2026.08.25-00.37.04:609][891]LogUObjectHash: Compacting FUObjectHashTables data took   2.17ms
[2026.08.25-00.37.04:623][892]LogPlayLevel: Display: Destroying online subsystem :Context_18
[2026.08.25-00.37.06:344][ 31]LogTemp: Repeating last play command: Selected Viewport
[2026.08.25-00.37.06:352][ 31]LogPlayLevel: PlayLevel: No blueprints needed recompiling
[2026.08.25-00.37.06:352][ 31]PIE: New page: PIE session: Brackeys2026Map (Aug 24, 2026, 10:37:06 AM)
[2026.08.25-00.37.06:353][ 31]LogPlayLevel: Creating play world package: /Game/Brackeys2026/Levels/UEDPIE_0_Brackeys2026Map
[2026.08.25-00.37.06:355][ 31]LogPlayLevel: PIE: StaticDuplicateObject took: (0.002781s)
[2026.08.25-00.37.06:356][ 31]LogAIModule: Creating AISystem for world Brackeys2026Map
[2026.08.25-00.37.06:357][ 31]LogPlayLevel: PIE: World Init took: (0.001432s)
[2026.08.25-00.37.06:357][ 31]LogPlayLevel: PIE: Created PIE world by copying editor world from /Game/Brackeys2026/Levels/Brackeys2026Map.Brackeys2026Map to /Game/Brackeys2026/Levels/UEDPIE_0_Brackeys2026Map.Brackeys2026Map (0.004362s)
[2026.08.25-00.37.06:391][ 31]LogUObjectHash: Compacting FUObjectHashTables data took   2.39ms
[2026.08.25-00.37.06:392][ 31]LogAudio: Display: Creating Audio Device:                 Id: 9, Scope: Unique, Realtime: True
[2026.08.25-00.37.06:392][ 31]LogAudioMixer: Display: Audio Mixer Platform Settings:
[2026.08.25-00.37.06:392][ 31]LogAudioMixer: Display: 	Sample Rate:						  48000
[2026.08.25-00.37.06:392][ 31]LogAudioMixer: Display: 	Callback Buffer Frame Size Requested: 1024
[2026.08.25-00.37.06:392][ 31]LogAudioMixer: Display: 	Callback Buffer Frame Size To Use:	  1024
[2026.08.25-00.37.06:392][ 31]LogAudioMixer: Display: 	Number of buffers to queue:			  2
[2026.08.25-00.37.06:392][ 31]LogAudioMixer: Display: 	Max Channels (voices):				  32
[2026.08.25-00.37.06:392][ 31]LogAudioMixer: Display: 	Number of Async Source Workers:		  0
[2026.08.25-00.37.06:392][ 31]LogAudio: Display: AudioDevice MaxSources: 32
[2026.08.25-00.37.06:393][ 31]LogAudio: Display: Audio Spatialization Plugin: None (built-in).
[2026.08.25-00.37.06:393][ 31]LogAudio: Display: Audio Reverb Plugin: None (built-in).
[2026.08.25-00.37.06:393][ 31]LogAudio: Display: Audio Occlusion Plugin: None (built-in).
[2026.08.25-00.37.06:393][ 31]LogAudioMixer: Display: Initializing audio mixer.
[2026.08.25-00.37.06:398][ 31]LogAudioMixer: Display: 0: FrontLeft
[2026.08.25-00.37.06:398][ 31]LogAudioMixer: Display: 1: FrontRight
[2026.08.25-00.37.06:410][ 31]LogAudioMixer: Display: Using Audio Device Realtek HD Audio 2nd output (Realtek(R) Audio)
[2026.08.25-00.37.06:410][ 31]LogAudioMixer: Display: Initializing Sound Submixes...
[2026.08.25-00.37.06:410][ 31]LogAudioMixer: Display: Creating Master Submix 'MasterSubmixDefault'
[2026.08.25-00.37.06:410][ 31]LogAudioMixer: Display: Creating Master Submix 'MasterReverbSubmixDefault'
[2026.08.25-00.37.06:410][ 31]LogAudioMixer: Display: Creating Master Submix 'MasterEQSubmixDefault'
[2026.08.25-00.37.06:410][ 31]LogAudioMixer: FMixerPlatformXAudio2::StartAudioStream() called
[2026.08.25-00.37.06:410][ 31]LogAudioMixer: Display: Output buffers initialized: Frames=1024, Channels=2, Samples=2048
[2026.08.25-00.37.06:411][ 31]LogAudioMixer: Display: Starting AudioMixerPlatformInterface::RunInternal()
[2026.08.25-00.37.06:412][ 31]LogAudioMixer: Display: FMixerPlatformXAudio2::SubmitBuffer() called for the first time
[2026.08.25-00.37.06:412][ 31]LogInit: FAudioDevice initialized.
[2026.08.25-00.37.06:412][ 31]LogAudio: Display: Audio Device (ID: 9) registered with world 'Brackeys2026Map'.
[2026.08.25-00.37.06:423][ 31]LogLoad: Game class is 'BrackeysGameMode_C'
[2026.08.25-00.37.06:424][ 31]LogWorld: Bringing World /Game/Brackeys2026/Levels/UEDPIE_0_Brackeys2026Map.Brackeys2026Map up for play (max tick rate 0) at 2026.08.24-17.37.06
[2026.08.25-00.37.06:424][ 31]LogWorld: Bringing up level for play took: 0.000605
[2026.08.25-00.37.06:424][ 31]LogOnline: OSS: Creating online subsystem instance for: :Context_19
[2026.08.25-00.37.06:427][ 31]LogBlueprintUserMessages: [BP_CoinGun_2] true
[2026.08.25-00.37.06:427][ 31]LogBlueprintUserMessages: [BP_CoinGun_2] false
[2026.08.25-00.37.06:427][ 31]LogBlueprintUserMessages: [BP_CoinGun_2] false
[2026.08.25-00.37.06:427][ 31]LogBlueprintUserMessages: [BP_CoinGun_2] false
[2026.08.25-00.37.06:427][ 31]LogBlueprintUserMessages: [BP_CoinGun_2] true
[2026.08.25-00.37.06:427][ 31]LogBlueprintUserMessages: [BP_CoinGun_2] false
[2026.08.25-00.37.06:428][ 31]PIE: Server logged in
[2026.08.25-00.37.06:430][ 31]PIE: Play in editor total start time 0.08 seconds.
[2026.08.25-00.37.10:961][551]LogSlate: Updating window title bar state: overlay mode, drag disabled, window buttons hidden, title bar hidden
[2026.08.25-00.37.10:961][551]LogWorld: BeginTearingDown for /Game/Brackeys2026/Levels/UEDPIE_0_Brackeys2026Map
[2026.08.25-00.37.10:961][551]LogWorld: UWorld::CleanupWorld for Brackeys2026Map, bSessionEnded=true, bCleanupResources=true
[2026.08.25-00.37.10:961][551]LogSlate: InvalidateAllWidgets triggered.  All widgets were invalidated
[2026.08.25-00.37.10:970][551]LogPlayLevel: Display: Shutting down PIE online subsystems
[2026.08.25-00.37.10:978][551]LogSlate: InvalidateAllWidgets triggered.  All widgets were invalidated
[2026.08.25-00.37.11:014][551]LogSlate: Updating window title bar state: overlay mode, drag disabled, window buttons hidden, title bar hidden
[2026.08.25-00.37.11:015][551]LogAudioMixer: FMixerPlatformXAudio2::StopAudioStream() called
[2026.08.25-00.37.11:016][551]LogAudioMixer: FMixerPlatformXAudio2::StopAudioStream() called
[2026.08.25-00.37.11:021][551]LogUObjectHash: Compacting FUObjectHashTables data took   2.18ms
[2026.08.25-00.37.11:042][552]LogPlayLevel: Display: Destroying online subsystem :Context_19
[2026.08.25-00.37.45:010][ 59]BlueprintLog: New page: Compile BP_Revolver
[2026.08.25-00.37.45:076][ 59]LogUObjectHash: Compacting FUObjectHashTables data took   2.38ms
[2026.08.25-00.37.45:556][ 96]LogSavePackage: Moving 'E:/_Alex's Data/Unreal Engine/Unreal Projects/Brackeys2026/Brackeys-2026/BrackeysJam2026/Saved/BP_Revolver8E8AF11649D096E021DC64826767F298.tmp' to 'E:/_Alex's Data/Unreal Engine/Unreal Projects/Brackeys2026/Brackeys-2026/BrackeysJam2026/Content/Brackeys2026/Objects/Revolver/BP_Revolver.uasset'
[2026.08.25-00.37.45:579][ 96]AssetCheck: New page: Asset Save: BP_Revolver
[2026.08.25-00.37.45:579][ 96]LogContentValidation: Display: Validating Blueprint /Game/Brackeys2026/Objects/Revolver/BP_Revolver.BP_Revolver
[2026.08.25-00.38.23:354][818]BlueprintLog: New page: Compile BP_UI
[2026.08.25-00.38.23:399][818]LogUObjectHash: Compacting FUObjectHashTables data took   3.20ms
[2026.08.25-00.38.23:870][865]Cmd: OBJ SAVEPACKAGE PACKAGE="/Game/Brackeys2026/UI/BP_UI" FILE="E:/_Alex's Data/Unreal Engine/Unreal Projects/Brackeys2026/Brackeys-2026/BrackeysJam2026/Content/Brackeys2026/UI/BP_UI.uasset" SILENT=true
[2026.08.25-00.38.23:891][865]LogSavePackage: Moving 'E:/_Alex's Data/Unreal Engine/Unreal Projects/Brackeys2026/Brackeys-2026/BrackeysJam2026/Saved/BP_UI25652336401F295CAD3FFEA7E52FE053.tmp' to 'E:/_Alex's Data/Unreal Engine/Unreal Projects/Brackeys2026/Brackeys-2026/BrackeysJam2026/Content/Brackeys2026/UI/BP_UI.uasset'
[2026.08.25-00.38.23:916][865]AssetCheck: New page: Asset Save: BP_UI
[2026.08.25-00.38.23:916][865]LogContentValidation: Display: Validating WidgetBlueprint /Game/Brackeys2026/UI/BP_UI.BP_UI
[2026.08.25-00.38.24:741][954]LogTemp: Repeating last play command: Selected Viewport
[2026.08.25-00.38.24:750][954]LogPlayLevel: PlayLevel: No blueprints needed recompiling
[2026.08.25-00.38.24:750][954]PIE: New page: PIE session: Brackeys2026Map (Aug 24, 2026, 10:38:24 AM)
[2026.08.25-00.38.24:750][954]LogPlayLevel: Creating play world package: /Game/Brackeys2026/Levels/UEDPIE_0_Brackeys2026Map
[2026.08.25-00.38.24:753][954]LogPlayLevel: PIE: StaticDuplicateObject took: (0.002552s)
[2026.08.25-00.38.24:754][954]LogAIModule: Creating AISystem for world Brackeys2026Map
[2026.08.25-00.38.24:754][954]LogPlayLevel: PIE: World Init took: (0.001406s)
[2026.08.25-00.38.24:754][954]LogPlayLevel: PIE: Created PIE world by copying editor world from /Game/Brackeys2026/Levels/Brackeys2026Map.Brackeys2026Map to /Game/Brackeys2026/Levels/UEDPIE_0_Brackeys2026Map.Brackeys2026Map (0.004101s)
[2026.08.25-00.38.24:790][954]LogUObjectHash: Compacting FUObjectHashTables data took   3.07ms
[2026.08.25-00.38.24:790][954]LogAudio: Display: Creating Audio Device:                 Id: 10, Scope: Unique, Realtime: True
[2026.08.25-00.38.24:790][954]LogAudioMixer: Display: Audio Mixer Platform Settings:
[2026.08.25-00.38.24:790][954]LogAudioMixer: Display: 	Sample Rate:						  48000
[2026.08.25-00.38.24:790][954]LogAudioMixer: Display: 	Callback Buffer Frame Size Requested: 1024
[2026.08.25-00.38.24:790][954]LogAudioMixer: Display: 	Callback Buffer Frame Size To Use:	  1024
[2026.08.25-00.38.24:790][954]LogAudioMixer: Display: 	Number of buffers to queue:			  2
[2026.08.25-00.38.24:790][954]LogAudioMixer: Display: 	Max Channels (voices):				  32
[2026.08.25-00.38.24:790][954]LogAudioMixer: Display: 	Number of Async Source Workers:		  0
[2026.08.25-00.38.24:790][954]LogAudio: Display: AudioDevice MaxSources: 32
[2026.08.25-00.38.24:790][954]LogAudio: Display: Audio Spatialization Plugin: None (built-in).
[2026.08.25-00.38.24:790][954]LogAudio: Display: Audio Reverb Plugin: None (built-in).
[2026.08.25-00.38.24:790][954]LogAudio: Display: Audio Occlusion Plugin: None (built-in).
[2026.08.25-00.38.24:790][954]LogAudioMixer: Display: Initializing audio mixer.
[2026.08.25-00.38.24:795][954]LogAudioMixer: Display: 0: FrontLeft
[2026.08.25-00.38.24:795][954]LogAudioMixer: Display: 1: FrontRight
[2026.08.25-00.38.24:808][954]LogAudioMixer: Display: Using Audio Device Realtek HD Audio 2nd output (Realtek(R) Audio)
[2026.08.25-00.38.24:808][954]LogAudioMixer: Display: Initializing Sound Submixes...
[2026.08.25-00.38.24:808][954]LogAudioMixer: Display: Creating Master Submix 'MasterSubmixDefault'
[2026.08.25-00.38.24:808][954]LogAudioMixer: Display: Creating Master Submix 'MasterReverbSubmixDefault'
[2026.08.25-00.38.24:808][954]LogAudioMixer: Display: Creating Master Submix 'MasterEQSubmixDefault'
[2026.08.25-00.38.24:808][954]LogAudioMixer: FMixerPlatformXAudio2::StartAudioStream() called
[2026.08.25-00.38.24:808][954]LogAudioMixer: Display: Output buffers initialized: Frames=1024, Channels=2, Samples=2048
[2026.08.25-00.38.24:809][954]LogAudioMixer: Display: Starting AudioMixerPlatformInterface::RunInternal()
[2026.08.25-00.38.24:809][954]LogAudioMixer: Display: FMixerPlatformXAudio2::SubmitBuffer() called for the first time
[2026.08.25-00.38.24:809][954]LogInit: FAudioDevice initialized.
[2026.08.25-00.38.24:809][954]LogAudio: Display: Audio Device (ID: 10) registered with world 'Brackeys2026Map'.
[2026.08.25-00.38.24:864][954]LogSlate: Updating window title bar state: overlay mode, drag disabled, window buttons hidden, title bar hidden
[2026.08.25-00.38.24:864][954]LogLoad: Game class is 'BrackeysGameMode_C'
[2026.08.25-00.38.24:865][954]LogWorld: Bringing World /Game/Brackeys2026/Levels/UEDPIE_0_Brackeys2026Map.Brackeys2026Map up for play (max tick rate 0) at 2026.08.24-17.38.24
[2026.08.25-00.38.24:865][954]LogWorld: Bringing up level for play took: 0.001024
[2026.08.25-00.38.24:865][954]LogOnline: OSS: Creating online subsystem instance for: :Context_20
[2026.08.25-00.38.24:870][954]LogBlueprintUserMessages: [BP_CoinGun_2] false
[2026.08.25-00.38.24:870][954]LogBlueprintUserMessages: [BP_CoinGun_2] false
[2026.08.25-00.38.24:870][954]LogBlueprintUserMessages: [BP_CoinGun_2] false
[2026.08.25-00.38.24:870][954]LogBlueprintUserMessages: [BP_CoinGun_2] false
[2026.08.25-00.38.24:870][954]LogBlueprintUserMessages: [BP_CoinGun_2] false
[2026.08.25-00.38.24:870][954]LogBlueprintUserMessages: [BP_CoinGun_2] true
[2026.08.25-00.38.24:876][954]PIE: Server logged in
[2026.08.25-00.38.24:877][954]PIE: Play in editor total start time 0.131 seconds.
[2026.08.25-00.38.26:951][197]LogSlate: Updating window title bar state: overlay mode, drag disabled, window buttons hidden, title bar hidden
[2026.08.25-00.38.26:951][197]LogWorld: BeginTearingDown for /Game/Brackeys2026/Levels/UEDPIE_0_Brackeys2026Map
[2026.08.25-00.38.26:951][197]LogSlate: Window 'BrackeysJam2026 Preview [NetMode: Standalone]  (64-bit/Windows) ' being destroyed
[2026.08.25-00.38.26:959][197]LogWorld: UWorld::CleanupWorld for Brackeys2026Map, bSessionEnded=true, bCleanupResources=true
[2026.08.25-00.38.26:959][197]LogSlate: InvalidateAllWidgets triggered.  All widgets were invalidated
[2026.08.25-00.38.26:968][197]LogPlayLevel: Display: Shutting down PIE online subsystems
[2026.08.25-00.38.26:974][197]LogSlate: InvalidateAllWidgets triggered.  All widgets were invalidated
[2026.08.25-00.38.27:010][197]LogAudio: Display: Audio Device unregistered from world 'None'.
[2026.08.25-00.38.27:011][197]LogAudioMixer: FMixerPlatformXAudio2::StopAudioStream() called
[2026.08.25-00.38.27:012][197]LogAudioMixer: FMixerPlatformXAudio2::StopAudioStream() called
[2026.08.25-00.38.27:017][197]LogUObjectHash: Compacting FUObjectHashTables data took   2.20ms
[2026.08.25-00.38.27:038][198]LogPlayLevel: Display: Destroying online subsystem :Context_20
[2026.08.25-00.38.31:015][652]BlueprintLog: New page: Compile BP_UI
[2026.08.25-00.38.31:054][652]LogUObjectHash: Compacting FUObjectHashTables data took   2.42ms
[2026.08.25-00.38.31:387][683]Cmd: OBJ SAVEPACKAGE PACKAGE="/Game/Brackeys2026/UI/BP_UI" FILE="E:/_Alex's Data/Unreal Engine/Unreal Projects/Brackeys2026/Brackeys-2026/BrackeysJam2026/Content/Brackeys2026/UI/BP_UI.uasset" SILENT=true
[2026.08.25-00.38.31:410][683]LogSavePackage: Moving 'E:/_Alex's Data/Unreal Engine/Unreal Projects/Brackeys2026/Brackeys-2026/BrackeysJam2026/Saved/BP_UI17D0E5944772BCE24E3E5692F7D6F7B9.tmp' to 'E:/_Alex's Data/Unreal Engine/Unreal Projects/Brackeys2026/Brackeys-2026/BrackeysJam2026/Content/Brackeys2026/UI/BP_UI.uasset'
[2026.08.25-00.38.31:434][683]AssetCheck: New page: Asset Save: BP_UI
[2026.08.25-00.38.31:434][683]LogContentValidation: Display: Validating WidgetBlueprint /Game/Brackeys2026/UI/BP_UI.BP_UI
[2026.08.25-00.38.31:966][744]LogTemp: Repeating last play command: Selected Viewport
[2026.08.25-00.38.31:974][744]LogPlayLevel: PlayLevel: No blueprints needed recompiling
[2026.08.25-00.38.31:974][744]PIE: New page: PIE session: Brackeys2026Map (Aug 24, 2026, 10:38:31 AM)
[2026.08.25-00.38.31:974][744]LogPlayLevel: Creating play world package: /Game/Brackeys2026/Levels/UEDPIE_0_Brackeys2026Map
[2026.08.25-00.38.31:977][744]LogPlayLevel: PIE: StaticDuplicateObject took: (0.002867s)
[2026.08.25-00.38.31:978][744]LogAIModule: Creating AISystem for world Brackeys2026Map
[2026.08.25-00.38.31:979][744]LogPlayLevel: PIE: World Init took: (0.001781s)
[2026.08.25-00.38.31:979][744]LogPlayLevel: PIE: Created PIE world by copying editor world from /Game/Brackeys2026/Levels/Brackeys2026Map.Brackeys2026Map to /Game/Brackeys2026/Levels/UEDPIE_0_Brackeys2026Map.Brackeys2026Map (0.004842s)
[2026.08.25-00.38.32:015][744]LogUObjectHash: Compacting FUObjectHashTables data took   2.99ms
[2026.08.25-00.38.32:015][744]LogAudio: Display: Creating Audio Device:                 Id: 11, Scope: Unique, Realtime: True
[2026.08.25-00.38.32:015][744]LogAudioMixer: Display: Audio Mixer Platform Settings:
[2026.08.25-00.38.32:016][744]LogAudioMixer: Display: 	Sample Rate:						  48000
[2026.08.25-00.38.32:016][744]LogAudioMixer: Display: 	Callback Buffer Frame Size Requested: 1024
[2026.08.25-00.38.32:016][744]LogAudioMixer: Display: 	Callback Buffer Frame Size To Use:	  1024
[2026.08.25-00.38.32:016][744]LogAudioMixer: Display: 	Number of buffers to queue:			  2
[2026.08.25-00.38.32:016][744]LogAudioMixer: Display: 	Max Channels (voices):				  32
[2026.08.25-00.38.32:016][744]LogAudioMixer: Display: 	Number of Async Source Workers:		  0
[2026.08.25-00.38.32:016][744]LogAudio: Display: AudioDevice MaxSources: 32
[2026.08.25-00.38.32:016][744]LogAudio: Display: Audio Spatialization Plugin: None (built-in).
[2026.08.25-00.38.32:016][744]LogAudio: Display: Audio Reverb Plugin: None (built-in).
[2026.08.25-00.38.32:016][744]LogAudio: Display: Audio Occlusion Plugin: None (built-in).
[2026.08.25-00.38.32:016][744]LogAudioMixer: Display: Initializing audio mixer.
[2026.08.25-00.38.32:021][744]LogAudioMixer: Display: 0: FrontLeft
[2026.08.25-00.38.32:021][744]LogAudioMixer: Display: 1: FrontRight
[2026.08.25-00.38.32:033][744]LogAudioMixer: Display: Using Audio Device Realtek HD Audio 2nd output (Realtek(R) Audio)
[2026.08.25-00.38.32:034][744]LogAudioMixer: Display: Initializing Sound Submixes...
[2026.08.25-00.38.32:034][744]LogAudioMixer: Display: Creating Master Submix 'MasterSubmixDefault'
[2026.08.25-00.38.32:034][744]LogAudioMixer: Display: Creating Master Submix 'MasterReverbSubmixDefault'
[2026.08.25-00.38.32:034][744]LogAudioMixer: Display: Creating Master Submix 'MasterEQSubmixDefault'
[2026.08.25-00.38.32:034][744]LogAudioMixer: FMixerPlatformXAudio2::StartAudioStream() called
[2026.08.25-00.38.32:034][744]LogAudioMixer: Display: Output buffers initialized: Frames=1024, Channels=2, Samples=2048
[2026.08.25-00.38.32:035][744]LogAudioMixer: Display: Starting AudioMixerPlatformInterface::RunInternal()
[2026.08.25-00.38.32:035][744]LogAudioMixer: Display: FMixerPlatformXAudio2::SubmitBuffer() called for the first time
[2026.08.25-00.38.32:035][744]LogInit: FAudioDevice initialized.
[2026.08.25-00.38.32:035][744]LogAudio: Display: Audio Device (ID: 11) registered with world 'Brackeys2026Map'.
[2026.08.25-00.38.32:080][744]LogSlate: Updating window title bar state: overlay mode, drag disabled, window buttons hidden, title bar hidden
[2026.08.25-00.38.32:081][744]LogLoad: Game class is 'BrackeysGameMode_C'
[2026.08.25-00.38.32:082][744]LogWorld: Bringing World /Game/Brackeys2026/Levels/UEDPIE_0_Brackeys2026Map.Brackeys2026Map up for play (max tick rate 0) at 2026.08.24-17.38.32
[2026.08.25-00.38.32:083][744]LogWorld: Bringing up level for play took: 0.000889
[2026.08.25-00.38.32:083][744]LogOnline: OSS: Creating online subsystem instance for: :Context_21
[2026.08.25-00.38.32:086][744]LogBlueprintUserMessages: [BP_CoinGun_2] false
[2026.08.25-00.38.32:086][744]LogBlueprintUserMessages: [BP_CoinGun_2] false
[2026.08.25-00.38.32:086][744]LogBlueprintUserMessages: [BP_CoinGun_2] false
[2026.08.25-00.38.32:086][744]LogBlueprintUserMessages: [BP_CoinGun_2] false
[2026.08.25-00.38.32:086][744]LogBlueprintUserMessages: [BP_CoinGun_2] false
[2026.08.25-00.38.32:086][744]LogBlueprintUserMessages: [BP_CoinGun_2] true
[2026.08.25-00.38.32:089][744]PIE: Server logged in
[2026.08.25-00.38.32:090][744]PIE: Play in editor total start time 0.118 seconds.
[2026.08.25-00.38.33:172][867]LogSlate: Updating window title bar state: overlay mode, drag disabled, window buttons hidden, title bar hidden
[2026.08.25-00.38.33:173][867]LogWorld: BeginTearingDown for /Game/Brackeys2026/Levels/UEDPIE_0_Brackeys2026Map
[2026.08.25-00.38.33:173][867]LogSlate: Window 'BrackeysJam2026 Preview [NetMode: Standalone]  (64-bit/Windows) ' being destroyed
[2026.08.25-00.38.33:182][867]LogWorld: UWorld::CleanupWorld for Brackeys2026Map, bSessionEnded=true, bCleanupResources=true
[2026.08.25-00.38.33:183][867]LogSlate: InvalidateAllWidgets triggered.  All widgets were invalidated
[2026.08.25-00.38.33:190][867]LogPlayLevel: Display: Shutting down PIE online subsystems
[2026.08.25-00.38.33:196][867]LogSlate: InvalidateAllWidgets triggered.  All widgets were invalidated
[2026.08.25-00.38.33:227][867]LogAudio: Display: Audio Device unregistered from world 'None'.
[2026.08.25-00.38.33:227][867]LogAudioMixer: FMixerPlatformXAudio2::StopAudioStream() called
[2026.08.25-00.38.33:228][867]LogAudioMixer: FMixerPlatformXAudio2::StopAudioStream() called
[2026.08.25-00.38.33:234][867]LogUObjectHash: Compacting FUObjectHashTables data took   2.17ms
[2026.08.25-00.38.33:254][868]LogPlayLevel: Display: Destroying online subsystem :Context_21
[2026.08.25-00.38.38:658][491]BlueprintLog: New page: Compile BP_UI
[2026.08.25-00.38.38:699][491]LogUObjectHash: Compacting FUObjectHashTables data took   2.42ms
[2026.08.25-00.38.39:052][526]Cmd: OBJ SAVEPACKAGE PACKAGE="/Game/Brackeys2026/UI/BP_UI" FILE="E:/_Alex's Data/Unreal Engine/Unreal Projects/Brackeys2026/Brackeys-2026/BrackeysJam2026/Content/Brackeys2026/UI/BP_UI.uasset" SILENT=true
[2026.08.25-00.38.39:074][526]LogSavePackage: Moving 'E:/_Alex's Data/Unreal Engine/Unreal Projects/Brackeys2026/Brackeys-2026/BrackeysJam2026/Saved/BP_UIA3B63A7D482375BC3AA2769ABEFE9720.tmp' to 'E:/_Alex's Data/Unreal Engine/Unreal Projects/Brackeys2026/Brackeys-2026/BrackeysJam2026/Content/Brackeys2026/UI/BP_UI.uasset'
[2026.08.25-00.38.39:097][526]AssetCheck: New page: Asset Save: BP_UI
[2026.08.25-00.38.39:097][526]LogContentValidation: Display: Validating WidgetBlueprint /Game/Brackeys2026/UI/BP_UI.BP_UI
[2026.08.25-00.39.05:068][457]BlueprintLog: New page: Compile BP_UI
[2026.08.25-00.39.05:124][457]LogUObjectHash: Compacting FUObjectHashTables data took   3.31ms
[2026.08.25-00.39.05:487][493]Cmd: OBJ SAVEPACKAGE PACKAGE="/Game/Brackeys2026/UI/BP_UI" FILE="E:/_Alex's Data/Unreal Engine/Unreal Projects/Brackeys2026/Brackeys-2026/BrackeysJam2026/Content/Brackeys2026/UI/BP_UI.uasset" SILENT=true
[2026.08.25-00.39.05:509][493]LogSavePackage: Moving 'E:/_Alex's Data/Unreal Engine/Unreal Projects/Brackeys2026/Brackeys-2026/BrackeysJam2026/Saved/BP_UI3B94F3BF49E01735F00448928D41DB34.tmp' to 'E:/_Alex's Data/Unreal Engine/Unreal Projects/Brackeys2026/Brackeys-2026/BrackeysJam2026/Content/Brackeys2026/UI/BP_UI.uasset'
[2026.08.25-00.39.05:532][493]AssetCheck: New page: Asset Save: BP_UI
[2026.08.25-00.39.05:532][493]LogContentValidation: Display: Validating WidgetBlueprint /Game/Brackeys2026/UI/BP_UI.BP_UI
[2026.08.25-00.39.06:058][551]LogTemp: Repeating last play command: Selected Viewport
[2026.08.25-00.39.06:066][551]LogPlayLevel: PlayLevel: No blueprints needed recompiling
[2026.08.25-00.39.06:066][551]PIE: New page: PIE session: Brackeys2026Map (Aug 24, 2026, 10:39:06 AM)
[2026.08.25-00.39.06:066][551]LogPlayLevel: Creating play world package: /Game/Brackeys2026/Levels/UEDPIE_0_Brackeys2026Map
[2026.08.25-00.39.06:070][551]LogPlayLevel: PIE: StaticDuplicateObject took: (0.002781s)
[2026.08.25-00.39.06:070][551]LogAIModule: Creating AISystem for world Brackeys2026Map
[2026.08.25-00.39.06:070][551]LogPlayLevel: PIE: World Init took: (0.000816s)
[2026.08.25-00.39.06:070][551]LogPlayLevel: PIE: Created PIE world by copying editor world from /Game/Brackeys2026/Levels/Brackeys2026Map.Brackeys2026Map to /Game/Brackeys2026/Levels/UEDPIE_0_Brackeys2026Map.Brackeys2026Map (0.003752s)
[2026.08.25-00.39.06:106][551]LogUObjectHash: Compacting FUObjectHashTables data took   2.99ms
[2026.08.25-00.39.06:106][551]LogAudio: Display: Creating Audio Device:                 Id: 12, Scope: Unique, Realtime: True
[2026.08.25-00.39.06:106][551]LogAudioMixer: Display: Audio Mixer Platform Settings:
[2026.08.25-00.39.06:106][551]LogAudioMixer: Display: 	Sample Rate:						  48000
[2026.08.25-00.39.06:106][551]LogAudioMixer: Display: 	Callback Buffer Frame Size Requested: 1024
[2026.08.25-00.39.06:106][551]LogAudioMixer: Display: 	Callback Buffer Frame Size To Use:	  1024
[2026.08.25-00.39.06:106][551]LogAudioMixer: Display: 	Number of buffers to queue:			  2
[2026.08.25-00.39.06:106][551]LogAudioMixer: Display: 	Max Channels (voices):				  32
[2026.08.25-00.39.06:106][551]LogAudioMixer: Display: 	Number of Async Source Workers:		  0
[2026.08.25-00.39.06:106][551]LogAudio: Display: AudioDevice MaxSources: 32
[2026.08.25-00.39.06:106][551]LogAudio: Display: Audio Spatialization Plugin: None (built-in).
[2026.08.25-00.39.06:106][551]LogAudio: Display: Audio Reverb Plugin: None (built-in).
[2026.08.25-00.39.06:106][551]LogAudio: Display: Audio Occlusion Plugin: None (built-in).
[2026.08.25-00.39.06:106][551]LogAudioMixer: Display: Initializing audio mixer.
[2026.08.25-00.39.06:110][551]LogAudioMixer: Display: 0: FrontLeft
[2026.08.25-00.39.06:110][551]LogAudioMixer: Display: 1: FrontRight
[2026.08.25-00.39.06:123][551]LogAudioMixer: Display: Using Audio Device Realtek HD Audio 2nd output (Realtek(R) Audio)
[2026.08.25-00.39.06:123][551]LogAudioMixer: Display: Initializing Sound Submixes...
[2026.08.25-00.39.06:124][551]LogAudioMixer: Display: Creating Master Submix 'MasterSubmixDefault'
[2026.08.25-00.39.06:124][551]LogAudioMixer: Display: Creating Master Submix 'MasterReverbSubmixDefault'
[2026.08.25-00.39.06:124][551]LogAudioMixer: Display: Creating Master Submix 'MasterEQSubmixDefault'
[2026.08.25-00.39.06:124][551]LogAudioMixer: FMixerPlatformXAudio2::StartAudioStream() called
[2026.08.25-00.39.06:124][551]LogAudioMixer: Display: Output buffers initialized: Frames=1024, Channels=2, Samples=2048
[2026.08.25-00.39.06:125][551]LogAudioMixer: Display: Starting AudioMixerPlatformInterface::RunInternal()
[2026.08.25-00.39.06:125][551]LogAudioMixer: Display: FMixerPlatformXAudio2::SubmitBuffer() called for the first time
[2026.08.25-00.39.06:125][551]LogInit: FAudioDevice initialized.
[2026.08.25-00.39.06:125][551]LogAudio: Display: Audio Device (ID: 12) registered with world 'Brackeys2026Map'.
[2026.08.25-00.39.06:181][551]LogSlate: Updating window title bar state: overlay mode, drag disabled, window buttons hidden, title bar hidden
[2026.08.25-00.39.06:182][551]LogLoad: Game class is 'BrackeysGameMode_C'
[2026.08.25-00.39.06:183][551]LogWorld: Bringing World /Game/Brackeys2026/Levels/UEDPIE_0_Brackeys2026Map.Brackeys2026Map up for play (max tick rate 0) at 2026.08.24-17.39.06
[2026.08.25-00.39.06:184][551]LogWorld: Bringing up level for play took: 0.000941
[2026.08.25-00.39.06:184][551]LogOnline: OSS: Creating online subsystem instance for: :Context_22
[2026.08.25-00.39.06:187][551]LogBlueprintUserMessages: [BP_CoinGun_2] false
[2026.08.25-00.39.06:187][551]LogBlueprintUserMessages: [BP_CoinGun_2] true
[2026.08.25-00.39.06:187][551]LogBlueprintUserMessages: [BP_CoinGun_2] true
[2026.08.25-00.39.06:187][551]LogBlueprintUserMessages: [BP_CoinGun_2] false
[2026.08.25-00.39.06:187][551]LogBlueprintUserMessages: [BP_CoinGun_2] false
[2026.08.25-00.39.06:187][551]LogBlueprintUserMessages: [BP_CoinGun_2] false
[2026.08.25-00.39.06:188][551]LogBlueprintUserMessages: [BP_UI_C_0] P
[2026.08.25-00.39.06:188][551]LogBlueprintUserMessages: [BP_UI_C_0] r
[2026.08.25-00.39.06:188][551]LogBlueprintUserMessages: [BP_UI_C_0] o
[2026.08.25-00.39.06:188][551]LogBlueprintUserMessages: [BP_UI_C_0] v
[2026.08.25-00.39.06:188][551]LogBlueprintUserMessages: [BP_UI_C_0] i
[2026.08.25-00.39.06:188][551]LogBlueprintUserMessages: [BP_UI_C_0] d
[2026.08.25-00.39.06:188][551]LogBlueprintUserMessages: [BP_UI_C_0] e
[2026.08.25-00.39.06:188][551]LogBlueprintUserMessages: [BP_UI_C_0] d
[2026.08.25-00.39.06:188][551]LogBlueprintUserMessages: [BP_UI_C_0]  
[2026.08.25-00.39.06:188][551]LogBlueprintUserMessages: [BP_UI_C_0] t
[2026.08.25-00.39.06:188][551]LogBlueprintUserMessages: [BP_UI_C_0] o
[2026.08.25-00.39.06:188][551]LogBlueprintUserMessages: [BP_UI_C_0]  
[2026.08.25-00.39.06:188][551]LogBlueprintUserMessages: [BP_UI_C_0] Y
[2026.08.25-00.39.06:188][551]LogBlueprintUserMessages: [BP_UI_C_0] o
[2026.08.25-00.39.06:188][551]LogBlueprintUserMessages: [BP_UI_C_0] u
[2026.08.25-00.39.06:188][551]LogBlueprintUserMessages: [BP_UI_C_0] T
[2026.08.25-00.39.06:188][551]LogBlueprintUserMessages: [BP_UI_C_0] u
[2026.08.25-00.39.06:188][551]LogBlueprintUserMessages: [BP_UI_C_0] b
[2026.08.25-00.39.06:188][551]LogBlueprintUserMessages: [BP_UI_C_0] e
[2026.08.25-00.39.06:188][551]LogBlueprintUserMessages: [BP_UI_C_0]  
[2026.08.25-00.39.06:188][551]LogBlueprintUserMessages: [BP_UI_C_0] b
[2026.08.25-00.39.06:188][551]LogBlueprintUserMessages: [BP_UI_C_0] y
[2026.08.25-00.39.06:188][551]LogBlueprintUserMessages: [BP_UI_C_0]  
[2026.08.25-00.39.06:188][551]LogBlueprintUserMessages: [BP_UI_C_0] K
[2026.08.25-00.39.06:188][551]LogBlueprintUserMessages: [BP_UI_C_0] U
[2026.08.25-00.39.06:188][551]LogBlueprintUserMessages: [BP_UI_C_0] R
[2026.08.25-00.39.06:188][551]LogBlueprintUserMessages: [BP_UI_C_0] O
[2026.08.25-00.39.06:188][551]LogBlueprintUserMessages: [BP_UI_C_0]  
[2026.08.25-00.39.06:188][551]LogBlueprintUserMessages: [BP_UI_C_0] G
[2026.08.25-00.39.06:188][551]LogBlueprintUserMessages: [BP_UI_C_0] A
[2026.08.25-00.39.06:188][551]LogBlueprintUserMessages: [BP_UI_C_0] M
[2026.08.25-00.39.06:188][551]LogBlueprintUserMessages: [BP_UI_C_0] E
[2026.08.25-00.39.06:188][551]LogBlueprintUserMessages: [BP_UI_C_0] S
[2026.08.25-00.39.06:190][551]PIE: Server logged in
[2026.08.25-00.39.06:191][551]PIE: Play in editor total start time 0.127 seconds.
[2026.08.25-00.39.07:361][685]LogSlate: Updating window title bar state: overlay mode, drag disabled, window buttons hidden, title bar hidden
[2026.08.25-00.39.07:361][685]LogWorld: BeginTearingDown for /Game/Brackeys2026/Levels/UEDPIE_0_Brackeys2026Map
[2026.08.25-00.39.07:361][685]LogSlate: Window 'BrackeysJam2026 Preview [NetMode: Standalone]  (64-bit/Windows) ' being destroyed
[2026.08.25-00.39.07:370][685]LogWorld: UWorld::CleanupWorld for Brackeys2026Map, bSessionEnded=true, bCleanupResources=true
[2026.08.25-00.39.07:370][685]LogSlate: InvalidateAllWidgets triggered.  All widgets were invalidated
[2026.08.25-00.39.07:376][685]LogPlayLevel: Display: Shutting down PIE online subsystems
[2026.08.25-00.39.07:380][685]LogSlate: InvalidateAllWidgets triggered.  All widgets were invalidated
[2026.08.25-00.39.07:411][685]LogAudio: Display: Audio Device unregistered from world 'None'.
[2026.08.25-00.39.07:411][685]LogAudioMixer: FMixerPlatformXAudio2::StopAudioStream() called
[2026.08.25-00.39.07:412][685]LogAudioMixer: FMixerPlatformXAudio2::StopAudioStream() called
[2026.08.25-00.39.07:417][685]LogUObjectHash: Compacting FUObjectHashTables data took   2.14ms
[2026.08.25-00.39.07:436][686]LogPlayLevel: Display: Destroying online subsystem :Context_22
[2026.08.25-00.39.40:627][473]BlueprintLog: New page: Compile BP_UI
[2026.08.25-00.39.40:676][473]LogUObjectHash: Compacting FUObjectHashTables data took   3.34ms
[2026.08.25-00.39.41:053][509]Cmd: OBJ SAVEPACKAGE PACKAGE="/Game/Brackeys2026/UI/BP_UI" FILE="E:/_Alex's Data/Unreal Engine/Unreal Projects/Brackeys2026/Brackeys-2026/BrackeysJam2026/Content/Brackeys2026/UI/BP_UI.uasset" SILENT=true
[2026.08.25-00.39.41:076][509]LogSavePackage: Moving 'E:/_Alex's Data/Unreal Engine/Unreal Projects/Brackeys2026/Brackeys-2026/BrackeysJam2026/Saved/BP_UI42166EFC47259965E8BA5B9A88AE4E84.tmp' to 'E:/_Alex's Data/Unreal Engine/Unreal Projects/Brackeys2026/Brackeys-2026/BrackeysJam2026/Content/Brackeys2026/UI/BP_UI.uasset'
[2026.08.25-00.39.41:099][509]AssetCheck: New page: Asset Save: BP_UI
[2026.08.25-00.39.41:099][509]LogContentValidation: Display: Validating WidgetBlueprint /Game/Brackeys2026/UI/BP_UI.BP_UI
[2026.08.25-00.39.58:714][489]BlueprintLog: New page: Compile BP_UI
[2026.08.25-00.39.58:772][489]LogUObjectHash: Compacting FUObjectHashTables data took   3.10ms
[2026.08.25-00.39.59:137][524]Cmd: OBJ SAVEPACKAGE PACKAGE="/Game/Brackeys2026/UI/BP_UI" FILE="E:/_Alex's Data/Unreal Engine/Unreal Projects/Brackeys2026/Brackeys-2026/BrackeysJam2026/Content/Brackeys2026/UI/BP_UI.uasset" SILENT=true
[2026.08.25-00.39.59:159][524]LogSavePackage: Moving 'E:/_Alex's Data/Unreal Engine/Unreal Projects/Brackeys2026/Brackeys-2026/BrackeysJam2026/Saved/BP_UI7E60CF444C6235DD57B124BE7F0D1FA7.tmp' to 'E:/_Alex's Data/Unreal Engine/Unreal Projects/Brackeys2026/Brackeys-2026/BrackeysJam2026/Content/Brackeys2026/UI/BP_UI.uasset'
[2026.08.25-00.39.59:183][524]AssetCheck: New page: Asset Save: BP_UI
[2026.08.25-00.39.59:183][524]LogContentValidation: Display: Validating WidgetBlueprint /Game/Brackeys2026/UI/BP_UI.BP_UI
[2026.08.25-00.39.59:804][593]LogTemp: Repeating last play command: Selected Viewport
[2026.08.25-00.39.59:829][593]LogPlayLevel: PlayLevel: No blueprints needed recompiling
[2026.08.25-00.39.59:829][593]PIE: New page: PIE session: Brackeys2026Map (Aug 24, 2026, 10:39:59 AM)
[2026.08.25-00.39.59:829][593]LogPlayLevel: Creating play world package: /Game/Brackeys2026/Levels/UEDPIE_0_Brackeys2026Map
[2026.08.25-00.39.59:831][593]LogPlayLevel: PIE: StaticDuplicateObject took: (0.002172s)
[2026.08.25-00.39.59:832][593]LogAIModule: Creating AISystem for world Brackeys2026Map
[2026.08.25-00.39.59:832][593]LogPlayLevel: PIE: World Init took: (0.000904s)
[2026.08.25-00.39.59:832][593]LogPlayLevel: PIE: Created PIE world by copying editor world from /Game/Brackeys2026/Levels/Brackeys2026Map.Brackeys2026Map to /Game/Brackeys2026/Levels/UEDPIE_0_Brackeys2026Map.Brackeys2026Map (0.003201s)
[2026.08.25-00.39.59:868][593]LogUObjectHash: Compacting FUObjectHashTables data took   3.01ms
[2026.08.25-00.39.59:869][593]LogAudio: Display: Creating Audio Device:                 Id: 13, Scope: Unique, Realtime: True
[2026.08.25-00.39.59:869][593]LogAudioMixer: Display: Audio Mixer Platform Settings:
[2026.08.25-00.39.59:869][593]LogAudioMixer: Display: 	Sample Rate:						  48000
[2026.08.25-00.39.59:869][593]LogAudioMixer: Display: 	Callback Buffer Frame Size Requested: 1024
[2026.08.25-00.39.59:869][593]LogAudioMixer: Display: 	Callback Buffer Frame Size To Use:	  1024
[2026.08.25-00.39.59:869][593]LogAudioMixer: Display: 	Number of buffers to queue:			  2
[2026.08.25-00.39.59:869][593]LogAudioMixer: Display: 	Max Channels (voices):				  32
[2026.08.25-00.39.59:869][593]LogAudioMixer: Display: 	Number of Async Source Workers:		  0
[2026.08.25-00.39.59:869][593]LogAudio: Display: AudioDevice MaxSources: 32
[2026.08.25-00.39.59:869][593]LogAudio: Display: Audio Spatialization Plugin: None (built-in).
[2026.08.25-00.39.59:869][593]LogAudio: Display: Audio Reverb Plugin: None (built-in).
[2026.08.25-00.39.59:869][593]LogAudio: Display: Audio Occlusion Plugin: None (built-in).
[2026.08.25-00.39.59:869][593]LogAudioMixer: Display: Initializing audio mixer.
[2026.08.25-00.39.59:874][593]LogAudioMixer: Display: 0: FrontLeft
[2026.08.25-00.39.59:874][593]LogAudioMixer: Display: 1: FrontRight
[2026.08.25-00.39.59:886][593]LogAudioMixer: Display: Using Audio Device Realtek HD Audio 2nd output (Realtek(R) Audio)
[2026.08.25-00.39.59:888][593]LogAudioMixer: Display: Initializing Sound Submixes...
[2026.08.25-00.39.59:888][593]LogAudioMixer: Display: Creating Master Submix 'MasterSubmixDefault'
[2026.08.25-00.39.59:888][593]LogAudioMixer: Display: Creating Master Submix 'MasterReverbSubmixDefault'
[2026.08.25-00.39.59:888][593]LogAudioMixer: Display: Creating Master Submix 'MasterEQSubmixDefault'
[2026.08.25-00.39.59:888][593]LogAudioMixer: FMixerPlatformXAudio2::StartAudioStream() called
[2026.08.25-00.39.59:888][593]LogAudioMixer: Display: Output buffers initialized: Frames=1024, Channels=2, Samples=2048
[2026.08.25-00.39.59:889][593]LogAudioMixer: Display: Starting AudioMixerPlatformInterface::RunInternal()
[2026.08.25-00.39.59:889][593]LogAudioMixer: Display: FMixerPlatformXAudio2::SubmitBuffer() called for the first time
[2026.08.25-00.39.59:889][593]LogInit: FAudioDevice initialized.
[2026.08.25-00.39.59:889][593]LogAudio: Display: Audio Device (ID: 13) registered with world 'Brackeys2026Map'.
[2026.08.25-00.39.59:930][593]LogSlate: Updating window title bar state: overlay mode, drag disabled, window buttons hidden, title bar hidden
[2026.08.25-00.39.59:930][593]LogLoad: Game class is 'BrackeysGameMode_C'
[2026.08.25-00.39.59:931][593]LogWorld: Bringing World /Game/Brackeys2026/Levels/UEDPIE_0_Brackeys2026Map.Brackeys2026Map up for play (max tick rate 0) at 2026.08.24-17.39.59
[2026.08.25-00.39.59:931][593]LogWorld: Bringing up level for play took: 0.000586
[2026.08.25-00.39.59:932][593]LogOnline: OSS: Creating online subsystem instance for: :Context_23
[2026.08.25-00.39.59:934][593]LogBlueprintUserMessages: [BP_CoinGun_2] false
[2026.08.25-00.39.59:934][593]LogBlueprintUserMessages: [BP_CoinGun_2] false
[2026.08.25-00.39.59:934][593]LogBlueprintUserMessages: [BP_CoinGun_2] false
[2026.08.25-00.39.59:934][593]LogBlueprintUserMessages: [BP_CoinGun_2] false
[2026.08.25-00.39.59:934][593]LogBlueprintUserMessages: [BP_CoinGun_2] true
[2026.08.25-00.39.59:934][593]LogBlueprintUserMessages: [BP_CoinGun_2] true
[2026.08.25-00.39.59:936][593]PIE: Server logged in
[2026.08.25-00.39.59:936][593]PIE: Play in editor total start time 0.111 seconds.
[2026.08.25-00.40.02:052][832]LogSlate: Updating window title bar state: overlay mode, drag disabled, window buttons hidden, title bar hidden
[2026.08.25-00.40.02:052][832]LogWorld: BeginTearingDown for /Game/Brackeys2026/Levels/UEDPIE_0_Brackeys2026Map
[2026.08.25-00.40.02:053][832]LogSlate: Window 'BrackeysJam2026 Preview [NetMode: Standalone]  (64-bit/Windows) ' being destroyed
[2026.08.25-00.40.02:061][832]LogWorld: UWorld::CleanupWorld for Brackeys2026Map, bSessionEnded=true, bCleanupResources=true
[2026.08.25-00.40.02:062][832]LogSlate: InvalidateAllWidgets triggered.  All widgets were invalidated
[2026.08.25-00.40.02:082][832]LogPlayLevel: Display: Shutting down PIE online subsystems
[2026.08.25-00.40.02:086][832]LogSlate: InvalidateAllWidgets triggered.  All widgets were invalidated
[2026.08.25-00.40.02:117][832]LogAudio: Display: Audio Device unregistered from world 'None'.
[2026.08.25-00.40.02:118][832]LogAudioMixer: FMixerPlatformXAudio2::StopAudioStream() called
[2026.08.25-00.40.02:120][832]LogAudioMixer: FMixerPlatformXAudio2::StopAudioStream() called
[2026.08.25-00.40.02:124][832]LogUObjectHash: Compacting FUObjectHashTables data took   2.26ms
[2026.08.25-00.40.02:142][833]LogPlayLevel: Display: Destroying online subsystem :Context_23
[2026.08.25-00.40.51:731][458]BlueprintLog: New page: Compile BP_UI
[2026.08.25-00.40.51:779][458]LogUObjectHash: Compacting FUObjectHashTables data took   3.45ms
[2026.08.25-00.40.52:169][496]Cmd: OBJ SAVEPACKAGE PACKAGE="/Game/Brackeys2026/UI/BP_UI" FILE="E:/_Alex's Data/Unreal Engine/Unreal Projects/Brackeys2026/Brackeys-2026/BrackeysJam2026/Content/Brackeys2026/UI/BP_UI.uasset" SILENT=true
[2026.08.25-00.40.52:193][496]LogSavePackage: Moving 'E:/_Alex's Data/Unreal Engine/Unreal Projects/Brackeys2026/Brackeys-2026/BrackeysJam2026/Saved/BP_UI5261CA7444D5F71B940FBC9DE1190F20.tmp' to 'E:/_Alex's Data/Unreal Engine/Unreal Projects/Brackeys2026/Brackeys-2026/BrackeysJam2026/Content/Brackeys2026/UI/BP_UI.uasset'
[2026.08.25-00.40.52:213][496]AssetCheck: New page: Asset Save: BP_UI
[2026.08.25-00.40.52:214][496]LogContentValidation: Display: Validating WidgetBlueprint /Game/Brackeys2026/UI/BP_UI.BP_UI
[2026.08.25-00.40.52:715][552]LogTemp: Repeating last play command: Selected Viewport
[2026.08.25-00.40.52:723][552]LogPlayLevel: PlayLevel: No blueprints needed recompiling
[2026.08.25-00.40.52:723][552]PIE: New page: PIE session: Brackeys2026Map (Aug 24, 2026, 10:40:52 AM)
[2026.08.25-00.40.52:723][552]LogPlayLevel: Creating play world package: /Game/Brackeys2026/Levels/UEDPIE_0_Brackeys2026Map
[2026.08.25-00.40.52:727][552]LogPlayLevel: PIE: StaticDuplicateObject took: (0.002871s)
[2026.08.25-00.40.52:728][552]LogAIModule: Creating AISystem for world Brackeys2026Map
[2026.08.25-00.40.52:728][552]LogPlayLevel: PIE: World Init took: (0.001806s)
[2026.08.25-00.40.52:728][552]LogPlayLevel: PIE: Created PIE world by copying editor world from /Game/Brackeys2026/Levels/Brackeys2026Map.Brackeys2026Map to /Game/Brackeys2026/Levels/UEDPIE_0_Brackeys2026Map.Brackeys2026Map (0.004891s)
[2026.08.25-00.40.52:763][552]LogUObjectHash: Compacting FUObjectHashTables data took   3.31ms
[2026.08.25-00.40.52:763][552]LogAudio: Display: Creating Audio Device:                 Id: 14, Scope: Unique, Realtime: True
[2026.08.25-00.40.52:763][552]LogAudioMixer: Display: Audio Mixer Platform Settings:
[2026.08.25-00.40.52:763][552]LogAudioMixer: Display: 	Sample Rate:						  48000
[2026.08.25-00.40.52:763][552]LogAudioMixer: Display: 	Callback Buffer Frame Size Requested: 1024
[2026.08.25-00.40.52:763][552]LogAudioMixer: Display: 	Callback Buffer Frame Size To Use:	  1024
[2026.08.25-00.40.52:763][552]LogAudioMixer: Display: 	Number of buffers to queue:			  2
[2026.08.25-00.40.52:763][552]LogAudioMixer: Display: 	Max Channels (voices):				  32
[2026.08.25-00.40.52:763][552]LogAudioMixer: Display: 	Number of Async Source Workers:		  0
[2026.08.25-00.40.52:763][552]LogAudio: Display: AudioDevice MaxSources: 32
[2026.08.25-00.40.52:765][552]LogAudio: Display: Audio Spatialization Plugin: None (built-in).
[2026.08.25-00.40.52:765][552]LogAudio: Display: Audio Reverb Plugin: None (built-in).
[2026.08.25-00.40.52:765][552]LogAudio: Display: Audio Occlusion Plugin: None (built-in).
[2026.08.25-00.40.52:765][552]LogAudioMixer: Display: Initializing audio mixer.
[2026.08.25-00.40.52:769][552]LogAudioMixer: Display: 0: FrontLeft
[2026.08.25-00.40.52:769][552]LogAudioMixer: Display: 1: FrontRight
[2026.08.25-00.40.52:783][552]LogAudioMixer: Display: Using Audio Device Realtek HD Audio 2nd output (Realtek(R) Audio)
[2026.08.25-00.40.52:783][552]LogAudioMixer: Display: Initializing Sound Submixes...
[2026.08.25-00.40.52:783][552]LogAudioMixer: Display: Creating Master Submix 'MasterSubmixDefault'
[2026.08.25-00.40.52:783][552]LogAudioMixer: Display: Creating Master Submix 'MasterReverbSubmixDefault'
[2026.08.25-00.40.52:784][552]LogAudioMixer: Display: Creating Master Submix 'MasterEQSubmixDefault'
[2026.08.25-00.40.52:784][552]LogAudioMixer: FMixerPlatformXAudio2::StartAudioStream() called
[2026.08.25-00.40.52:784][552]LogAudioMixer: Display: Output buffers initialized: Frames=1024, Channels=2, Samples=2048
[2026.08.25-00.40.52:785][552]LogAudioMixer: Display: Starting AudioMixerPlatformInterface::RunInternal()
[2026.08.25-00.40.52:785][552]LogAudioMixer: Display: FMixerPlatformXAudio2::SubmitBuffer() called for the first time
[2026.08.25-00.40.52:785][552]LogInit: FAudioDevice initialized.
[2026.08.25-00.40.52:785][552]LogAudio: Display: Audio Device (ID: 14) registered with world 'Brackeys2026Map'.
[2026.08.25-00.40.52:834][552]LogSlate: Updating window title bar state: overlay mode, drag disabled, window buttons hidden, title bar hidden
[2026.08.25-00.40.52:834][552]LogLoad: Game class is 'BrackeysGameMode_C'
[2026.08.25-00.40.52:835][552]LogWorld: Bringing World /Game/Brackeys2026/Levels/UEDPIE_0_Brackeys2026Map.Brackeys2026Map up for play (max tick rate 0) at 2026.08.24-17.40.52
[2026.08.25-00.40.52:835][552]LogWorld: Bringing up level for play took: 0.000924
[2026.08.25-00.40.52:836][552]LogOnline: OSS: Creating online subsystem instance for: :Context_24
[2026.08.25-00.40.52:839][552]LogBlueprintUserMessages: [BP_CoinGun_2] false
[2026.08.25-00.40.52:839][552]LogBlueprintUserMessages: [BP_CoinGun_2] false
[2026.08.25-00.40.52:839][552]LogBlueprintUserMessages: [BP_CoinGun_2] true
[2026.08.25-00.40.52:839][552]LogBlueprintUserMessages: [BP_CoinGun_2] false
[2026.08.25-00.40.52:839][552]LogBlueprintUserMessages: [BP_CoinGun_2] false
[2026.08.25-00.40.52:839][552]LogBlueprintUserMessages: [BP_CoinGun_2] false
[2026.08.25-00.40.52:840][552]PIE: Server logged in
[2026.08.25-00.40.52:840][552]PIE: Play in editor total start time 0.12 seconds.
[2026.08.25-00.40.55:811][901]LogSlate: Updating window title bar state: overlay mode, drag disabled, window buttons hidden, title bar hidden
[2026.08.25-00.40.55:811][901]LogWorld: BeginTearingDown for /Game/Brackeys2026/Levels/UEDPIE_0_Brackeys2026Map
[2026.08.25-00.40.55:812][901]LogSlate: Window 'BrackeysJam2026 Preview [NetMode: Standalone]  (64-bit/Windows) ' being destroyed
[2026.08.25-00.40.55:816][901]LogWorld: UWorld::CleanupWorld for Brackeys2026Map, bSessionEnded=true, bCleanupResources=true
[2026.08.25-00.40.55:816][901]LogSlate: InvalidateAllWidgets triggered.  All widgets were invalidated
[2026.08.25-00.40.55:824][901]LogPlayLevel: Display: Shutting down PIE online subsystems
[2026.08.25-00.40.55:829][901]LogSlate: InvalidateAllWidgets triggered.  All widgets were invalidated
[2026.08.25-00.40.55:858][901]LogAudio: Display: Audio Device unregistered from world 'None'.
[2026.08.25-00.40.55:860][901]LogAudioMixer: FMixerPlatformXAudio2::StopAudioStream() called
[2026.08.25-00.40.55:861][901]LogAudioMixer: FMixerPlatformXAudio2::StopAudioStream() called
[2026.08.25-00.40.55:866][901]LogUObjectHash: Compacting FUObjectHashTables data took   2.21ms
[2026.08.25-00.40.55:881][902]LogPlayLevel: Display: Destroying online subsystem :Context_24
[2026.08.25-00.41.00:824][456]LogTemp: Repeating last play command: Selected Viewport
[2026.08.25-00.41.00:833][456]LogPlayLevel: PlayLevel: No blueprints needed recompiling
[2026.08.25-00.41.00:833][456]PIE: New page: PIE session: Brackeys2026Map (Aug 24, 2026, 10:41:00 AM)
[2026.08.25-00.41.00:833][456]LogPlayLevel: Creating play world package: /Game/Brackeys2026/Levels/UEDPIE_0_Brackeys2026Map
[2026.08.25-00.41.00:836][456]LogPlayLevel: PIE: StaticDuplicateObject took: (0.002880s)
[2026.08.25-00.41.00:836][456]LogAIModule: Creating AISystem for world Brackeys2026Map
[2026.08.25-00.41.00:837][456]LogPlayLevel: PIE: World Init took: (0.001494s)
[2026.08.25-00.41.00:837][456]LogPlayLevel: PIE: Created PIE world by copying editor world from /Game/Brackeys2026/Levels/Brackeys2026Map.Brackeys2026Map to /Game/Brackeys2026/Levels/UEDPIE_0_Brackeys2026Map.Brackeys2026Map (0.004538s)
[2026.08.25-00.41.00:872][456]LogUObjectHash: Compacting FUObjectHashTables data took   2.25ms
[2026.08.25-00.41.00:872][456]LogAudio: Display: Creating Audio Device:                 Id: 15, Scope: Unique, Realtime: True
[2026.08.25-00.41.00:872][456]LogAudioMixer: Display: Audio Mixer Platform Settings:
[2026.08.25-00.41.00:872][456]LogAudioMixer: Display: 	Sample Rate:						  48000
[2026.08.25-00.41.00:872][456]LogAudioMixer: Display: 	Callback Buffer Frame Size Requested: 1024
[2026.08.25-00.41.00:872][456]LogAudioMixer: Display: 	Callback Buffer Frame Size To Use:	  1024
[2026.08.25-00.41.00:872][456]LogAudioMixer: Display: 	Number of buffers to queue:			  2
[2026.08.25-00.41.00:872][456]LogAudioMixer: Display: 	Max Channels (voices):				  32
[2026.08.25-00.41.00:872][456]LogAudioMixer: Display: 	Number of Async Source Workers:		  0
[2026.08.25-00.41.00:872][456]LogAudio: Display: AudioDevice MaxSources: 32
[2026.08.25-00.41.00:873][456]LogAudio: Display: Audio Spatialization Plugin: None (built-in).
[2026.08.25-00.41.00:873][456]LogAudio: Display: Audio Reverb Plugin: None (built-in).
[2026.08.25-00.41.00:873][456]LogAudio: Display: Audio Occlusion Plugin: None (built-in).
[2026.08.25-00.41.00:873][456]LogAudioMixer: Display: Initializing audio mixer.
[2026.08.25-00.41.00:877][456]LogAudioMixer: Display: 0: FrontLeft
[2026.08.25-00.41.00:877][456]LogAudioMixer: Display: 1: FrontRight
[2026.08.25-00.41.00:889][456]LogAudioMixer: Display: Using Audio Device Realtek HD Audio 2nd output (Realtek(R) Audio)
[2026.08.25-00.41.00:890][456]LogAudioMixer: Display: Initializing Sound Submixes...
[2026.08.25-00.41.00:890][456]LogAudioMixer: Display: Creating Master Submix 'MasterSubmixDefault'
[2026.08.25-00.41.00:890][456]LogAudioMixer: Display: Creating Master Submix 'MasterReverbSubmixDefault'
[2026.08.25-00.41.00:890][456]LogAudioMixer: Display: Creating Master Submix 'MasterEQSubmixDefault'
[2026.08.25-00.41.00:890][456]LogAudioMixer: FMixerPlatformXAudio2::StartAudioStream() called
[2026.08.25-00.41.00:890][456]LogAudioMixer: Display: Output buffers initialized: Frames=1024, Channels=2, Samples=2048
[2026.08.25-00.41.00:891][456]LogAudioMixer: Display: Starting AudioMixerPlatformInterface::RunInternal()
[2026.08.25-00.41.00:891][456]LogAudioMixer: Display: FMixerPlatformXAudio2::SubmitBuffer() called for the first time
[2026.08.25-00.41.00:891][456]LogInit: FAudioDevice initialized.
[2026.08.25-00.41.00:891][456]LogAudio: Display: Audio Device (ID: 15) registered with world 'Brackeys2026Map'.
[2026.08.25-00.41.00:930][456]LogSlate: Updating window title bar state: overlay mode, drag disabled, window buttons hidden, title bar hidden
[2026.08.25-00.41.00:930][456]LogLoad: Game class is 'BrackeysGameMode_C'
[2026.08.25-00.41.00:933][456]LogWorld: Bringing World /Game/Brackeys2026/Levels/UEDPIE_0_Brackeys2026Map.Brackeys2026Map up for play (max tick rate 0) at 2026.08.24-17.41.00
[2026.08.25-00.41.00:933][456]LogWorld: Bringing up level for play took: 0.000674
[2026.08.25-00.41.00:933][456]LogOnline: OSS: Creating online subsystem instance for: :Context_25
[2026.08.25-00.41.00:936][456]LogBlueprintUserMessages: [BP_CoinGun_2] false
[2026.08.25-00.41.00:936][456]LogBlueprintUserMessages: [BP_CoinGun_2] true
[2026.08.25-00.41.00:936][456]LogBlueprintUserMessages: [BP_CoinGun_2] true
[2026.08.25-00.41.00:936][456]LogBlueprintUserMessages: [BP_CoinGun_2] false
[2026.08.25-00.41.00:936][456]LogBlueprintUserMessages: [BP_CoinGun_2] false
[2026.08.25-00.41.00:936][456]LogBlueprintUserMessages: [BP_CoinGun_2] false
[2026.08.25-00.41.00:940][456]PIE: Server logged in
[2026.08.25-00.41.00:941][456]PIE: Play in editor total start time 0.111 seconds.
[2026.08.25-00.41.01:982][571]LogSlate: Updating window title bar state: overlay mode, drag disabled, window buttons hidden, title bar hidden
[2026.08.25-00.41.01:982][571]LogWorld: BeginTearingDown for /Game/Brackeys2026/Levels/UEDPIE_0_Brackeys2026Map
[2026.08.25-00.41.01:982][571]LogSlate: Window 'BrackeysJam2026 Preview [NetMode: Standalone]  (64-bit/Windows) ' being destroyed
[2026.08.25-00.41.01:986][571]LogWorld: UWorld::CleanupWorld for Brackeys2026Map, bSessionEnded=true, bCleanupResources=true
[2026.08.25-00.41.01:986][571]LogSlate: InvalidateAllWidgets triggered.  All widgets were invalidated
[2026.08.25-00.41.01:991][571]LogPlayLevel: Display: Shutting down PIE online subsystems
[2026.08.25-00.41.01:999][571]LogSlate: InvalidateAllWidgets triggered.  All widgets were invalidated
[2026.08.25-00.41.02:029][571]LogAudio: Display: Audio Device unregistered from world 'None'.
[2026.08.25-00.41.02:029][571]LogAudioMixer: FMixerPlatformXAudio2::StopAudioStream() called
[2026.08.25-00.41.02:032][571]LogAudioMixer: FMixerPlatformXAudio2::StopAudioStream() called
[2026.08.25-00.41.02:037][571]LogUObjectHash: Compacting FUObjectHashTables data took   2.52ms
[2026.08.25-00.41.02:053][572]LogPlayLevel: Display: Destroying online subsystem :Context_25
[2026.08.25-00.41.58:467][ 64]BlueprintLog: New page: Compile BP_UI
[2026.08.25-00.41.58:511][ 64]LogUObjectHash: Compacting FUObjectHashTables data took   3.19ms
[2026.08.25-00.42.01:238][103]Cmd: OBJ SAVEPACKAGE PACKAGE="/Game/Brackeys2026/UI/BP_UI" FILE="E:/_Alex's Data/Unreal Engine/Unreal Projects/Brackeys2026/Brackeys-2026/BrackeysJam2026/Content/Brackeys2026/UI/BP_UI.uasset" SILENT=true
[2026.08.25-00.42.01:260][103]LogSavePackage: Moving 'E:/_Alex's Data/Unreal Engine/Unreal Projects/Brackeys2026/Brackeys-2026/BrackeysJam2026/Saved/BP_UI793CD1DD43CFE74F101EAE88F12014EC.tmp' to 'E:/_Alex's Data/Unreal Engine/Unreal Projects/Brackeys2026/Brackeys-2026/BrackeysJam2026/Content/Brackeys2026/UI/BP_UI.uasset'
[2026.08.25-00.42.01:285][103]AssetCheck: New page: Asset Save: BP_UI
[2026.08.25-00.42.01:285][103]LogContentValidation: Display: Validating WidgetBlueprint /Game/Brackeys2026/UI/BP_UI.BP_UI
[2026.08.25-00.42.01:931][170]LogTemp: Repeating last play command: Selected Viewport
[2026.08.25-00.42.01:940][170]LogPlayLevel: PlayLevel: No blueprints needed recompiling
[2026.08.25-00.42.01:940][170]PIE: New page: PIE session: Brackeys2026Map (Aug 24, 2026, 10:42:01 AM)
[2026.08.25-00.42.01:940][170]LogPlayLevel: Creating play world package: /Game/Brackeys2026/Levels/UEDPIE_0_Brackeys2026Map
[2026.08.25-00.42.01:943][170]LogPlayLevel: PIE: StaticDuplicateObject took: (0.002563s)
[2026.08.25-00.42.01:944][170]LogAIModule: Creating AISystem for world Brackeys2026Map
[2026.08.25-00.42.01:944][170]LogPlayLevel: PIE: World Init took: (0.001384s)
[2026.08.25-00.42.01:944][170]LogPlayLevel: PIE: Created PIE world by copying editor world from /Game/Brackeys2026/Levels/Brackeys2026Map.Brackeys2026Map to /Game/Brackeys2026/Levels/UEDPIE_0_Brackeys2026Map.Brackeys2026Map (0.004100s)
[2026.08.25-00.42.01:979][170]LogUObjectHash: Compacting FUObjectHashTables data took   3.07ms
[2026.08.25-00.42.01:979][170]LogAudio: Display: Creating Audio Device:                 Id: 16, Scope: Unique, Realtime: True
[2026.08.25-00.42.01:979][170]LogAudioMixer: Display: Audio Mixer Platform Settings:
[2026.08.25-00.42.01:979][170]LogAudioMixer: Display: 	Sample Rate:						  48000
[2026.08.25-00.42.01:979][170]LogAudioMixer: Display: 	Callback Buffer Frame Size Requested: 1024
[2026.08.25-00.42.01:979][170]LogAudioMixer: Display: 	Callback Buffer Frame Size To Use:	  1024
[2026.08.25-00.42.01:979][170]LogAudioMixer: Display: 	Number of buffers to queue:			  2
[2026.08.25-00.42.01:979][170]LogAudioMixer: Display: 	Max Channels (voices):				  32
[2026.08.25-00.42.01:979][170]LogAudioMixer: Display: 	Number of Async Source Workers:		  0
[2026.08.25-00.42.01:979][170]LogAudio: Display: AudioDevice MaxSources: 32
[2026.08.25-00.42.01:979][170]LogAudio: Display: Audio Spatialization Plugin: None (built-in).
[2026.08.25-00.42.01:979][170]LogAudio: Display: Audio Reverb Plugin: None (built-in).
[2026.08.25-00.42.01:979][170]LogAudio: Display: Audio Occlusion Plugin: None (built-in).
[2026.08.25-00.42.01:980][170]LogAudioMixer: Display: Initializing audio mixer.
[2026.08.25-00.42.01:985][170]LogAudioMixer: Display: 0: FrontLeft
[2026.08.25-00.42.01:985][170]LogAudioMixer: Display: 1: FrontRight
[2026.08.25-00.42.01:997][170]LogAudioMixer: Display: Using Audio Device Realtek HD Audio 2nd output (Realtek(R) Audio)
[2026.08.25-00.42.01:998][170]LogAudioMixer: Display: Initializing Sound Submixes...
[2026.08.25-00.42.01:998][170]LogAudioMixer: Display: Creating Master Submix 'MasterSubmixDefault'
[2026.08.25-00.42.01:998][170]LogAudioMixer: Display: Creating Master Submix 'MasterReverbSubmixDefault'
[2026.08.25-00.42.01:998][170]LogAudioMixer: Display: Creating Master Submix 'MasterEQSubmixDefault'
[2026.08.25-00.42.01:998][170]LogAudioMixer: FMixerPlatformXAudio2::StartAudioStream() called
[2026.08.25-00.42.01:998][170]LogAudioMixer: Display: Output buffers initialized: Frames=1024, Channels=2, Samples=2048
[2026.08.25-00.42.01:998][170]LogAudioMixer: Display: Starting AudioMixerPlatformInterface::RunInternal()
[2026.08.25-00.42.01:998][170]LogAudioMixer: Display: FMixerPlatformXAudio2::SubmitBuffer() called for the first time
[2026.08.25-00.42.01:998][170]LogInit: FAudioDevice initialized.
[2026.08.25-00.42.01:998][170]LogAudio: Display: Audio Device (ID: 16) registered with world 'Brackeys2026Map'.
[2026.08.25-00.42.02:049][170]LogSlate: Updating window title bar state: overlay mode, drag disabled, window buttons hidden, title bar hidden
[2026.08.25-00.42.02:049][170]LogLoad: Game class is 'BrackeysGameMode_C'
[2026.08.25-00.42.02:050][170]LogWorld: Bringing World /Game/Brackeys2026/Levels/UEDPIE_0_Brackeys2026Map.Brackeys2026Map up for play (max tick rate 0) at 2026.08.24-17.42.02
[2026.08.25-00.42.02:050][170]LogWorld: Bringing up level for play took: 0.000914
[2026.08.25-00.42.02:050][170]LogOnline: OSS: Creating online subsystem instance for: :Context_26
[2026.08.25-00.42.02:053][170]LogBlueprintUserMessages: [BP_CoinGun_2] false
[2026.08.25-00.42.02:054][170]LogBlueprintUserMessages: [BP_CoinGun_2] false
[2026.08.25-00.42.02:054][170]LogBlueprintUserMessages: [BP_CoinGun_2] false
[2026.08.25-00.42.02:054][170]LogBlueprintUserMessages: [BP_CoinGun_2] false
[2026.08.25-00.42.02:054][170]LogBlueprintUserMessages: [BP_CoinGun_2] false
[2026.08.25-00.42.02:054][170]LogBlueprintUserMessages: [BP_CoinGun_2] true
[2026.08.25-00.42.02:055][170]PIE: Server logged in
[2026.08.25-00.42.02:057][170]PIE: Play in editor total start time 0.12 seconds.
[2026.08.25-00.42.04:052][403]LogSlate: Updating window title bar state: overlay mode, drag disabled, window buttons hidden, title bar hidden
[2026.08.25-00.42.04:052][403]LogWorld: BeginTearingDown for /Game/Brackeys2026/Levels/UEDPIE_0_Brackeys2026Map
[2026.08.25-00.42.04:052][403]LogSlate: Window 'BrackeysJam2026 Preview [NetMode: Standalone]  (64-bit/Windows) ' being destroyed
[2026.08.25-00.42.04:059][403]LogWorld: UWorld::CleanupWorld for Brackeys2026Map, bSessionEnded=true, bCleanupResources=true
[2026.08.25-00.42.04:060][403]LogSlate: InvalidateAllWidgets triggered.  All widgets were invalidated
[2026.08.25-00.42.04:068][403]LogPlayLevel: Display: Shutting down PIE online subsystems
[2026.08.25-00.42.04:072][403]LogSlate: InvalidateAllWidgets triggered.  All widgets were invalidated
[2026.08.25-00.42.04:103][403]LogAudio: Display: Audio Device unregistered from world 'None'.
[2026.08.25-00.42.04:103][403]LogAudioMixer: FMixerPlatformXAudio2::StopAudioStream() called
[2026.08.25-00.42.04:105][403]LogAudioMixer: FMixerPlatformXAudio2::StopAudioStream() called
[2026.08.25-00.42.04:110][403]LogUObjectHash: Compacting FUObjectHashTables data took   2.15ms
[2026.08.25-00.42.04:128][404]LogPlayLevel: Display: Destroying online subsystem :Context_26
[2026.08.25-00.42.10:964][157]BlueprintLog: New page: Compile BP_UI
[2026.08.25-00.42.11:014][157]LogUObjectHash: Compacting FUObjectHashTables data took   2.39ms
[2026.08.25-00.42.11:470][198]Cmd: OBJ SAVEPACKAGE PACKAGE="/Game/Brackeys2026/UI/BP_UI" FILE="E:/_Alex's Data/Unreal Engine/Unreal Projects/Brackeys2026/Brackeys-2026/BrackeysJam2026/Content/Brackeys2026/UI/BP_UI.uasset" SILENT=true
[2026.08.25-00.42.11:493][198]LogSavePackage: Moving 'E:/_Alex's Data/Unreal Engine/Unreal Projects/Brackeys2026/Brackeys-2026/BrackeysJam2026/Saved/BP_UI18DB156440CC729B10D73CB8C92F505E.tmp' to 'E:/_Alex's Data/Unreal Engine/Unreal Projects/Brackeys2026/Brackeys-2026/BrackeysJam2026/Content/Brackeys2026/UI/BP_UI.uasset'
[2026.08.25-00.42.11:515][198]AssetCheck: New page: Asset Save: BP_UI
[2026.08.25-00.42.11:516][198]LogContentValidation: Display: Validating WidgetBlueprint /Game/Brackeys2026/UI/BP_UI.BP_UI
[2026.08.25-00.42.12:103][256]LogTemp: Repeating last play command: Selected Viewport
[2026.08.25-00.42.12:111][256]LogPlayLevel: PlayLevel: No blueprints needed recompiling
[2026.08.25-00.42.12:112][256]PIE: New page: PIE session: Brackeys2026Map (Aug 24, 2026, 10:42:12 AM)
[2026.08.25-00.42.12:112][256]LogPlayLevel: Creating play world package: /Game/Brackeys2026/Levels/UEDPIE_0_Brackeys2026Map
[2026.08.25-00.42.12:114][256]LogPlayLevel: PIE: StaticDuplicateObject took: (0.002495s)
[2026.08.25-00.42.12:115][256]LogAIModule: Creating AISystem for world Brackeys2026Map
[2026.08.25-00.42.12:115][256]LogPlayLevel: PIE: World Init took: (0.000834s)
[2026.08.25-00.42.12:115][256]LogPlayLevel: PIE: Created PIE world by copying editor world from /Game/Brackeys2026/Levels/Brackeys2026Map.Brackeys2026Map to /Game/Brackeys2026/Levels/UEDPIE_0_Brackeys2026Map.Brackeys2026Map (0.003472s)
[2026.08.25-00.42.12:151][256]LogUObjectHash: Compacting FUObjectHashTables data took   2.98ms
[2026.08.25-00.42.12:151][256]LogAudio: Display: Creating Audio Device:                 Id: 17, Scope: Unique, Realtime: True
[2026.08.25-00.42.12:151][256]LogAudioMixer: Display: Audio Mixer Platform Settings:
[2026.08.25-00.42.12:151][256]LogAudioMixer: Display: 	Sample Rate:						  48000
[2026.08.25-00.42.12:151][256]LogAudioMixer: Display: 	Callback Buffer Frame Size Requested: 1024
[2026.08.25-00.42.12:151][256]LogAudioMixer: Display: 	Callback Buffer Frame Size To Use:	  1024
[2026.08.25-00.42.12:151][256]LogAudioMixer: Display: 	Number of buffers to queue:			  2
[2026.08.25-00.42.12:151][256]LogAudioMixer: Display: 	Max Channels (voices):				  32
[2026.08.25-00.42.12:151][256]LogAudioMixer: Display: 	Number of Async Source Workers:		  0
[2026.08.25-00.42.12:151][256]LogAudio: Display: AudioDevice MaxSources: 32
[2026.08.25-00.42.12:151][256]LogAudio: Display: Audio Spatialization Plugin: None (built-in).
[2026.08.25-00.42.12:151][256]LogAudio: Display: Audio Reverb Plugin: None (built-in).
[2026.08.25-00.42.12:151][256]LogAudio: Display: Audio Occlusion Plugin: None (built-in).
[2026.08.25-00.42.12:151][256]LogAudioMixer: Display: Initializing audio mixer.
[2026.08.25-00.42.12:156][256]LogAudioMixer: Display: 0: FrontLeft
[2026.08.25-00.42.12:156][256]LogAudioMixer: Display: 1: FrontRight
[2026.08.25-00.42.12:168][256]LogAudioMixer: Display: Using Audio Device Realtek HD Audio 2nd output (Realtek(R) Audio)
[2026.08.25-00.42.12:168][256]LogAudioMixer: Display: Initializing Sound Submixes...
[2026.08.25-00.42.12:168][256]LogAudioMixer: Display: Creating Master Submix 'MasterSubmixDefault'
[2026.08.25-00.42.12:168][256]LogAudioMixer: Display: Creating Master Submix 'MasterReverbSubmixDefault'
[2026.08.25-00.42.12:168][256]LogAudioMixer: Display: Creating Master Submix 'MasterEQSubmixDefault'
[2026.08.25-00.42.12:168][256]LogAudioMixer: FMixerPlatformXAudio2::StartAudioStream() called
[2026.08.25-00.42.12:169][256]LogAudioMixer: Display: Output buffers initialized: Frames=1024, Channels=2, Samples=2048
[2026.08.25-00.42.12:170][256]LogAudioMixer: Display: Starting AudioMixerPlatformInterface::RunInternal()
[2026.08.25-00.42.12:170][256]LogAudioMixer: Display: FMixerPlatformXAudio2::SubmitBuffer() called for the first time
[2026.08.25-00.42.12:170][256]LogInit: FAudioDevice initialized.
[2026.08.25-00.42.12:170][256]LogAudio: Display: Audio Device (ID: 17) registered with world 'Brackeys2026Map'.
[2026.08.25-00.42.12:215][256]LogSlate: Updating window title bar state: overlay mode, drag disabled, window buttons hidden, title bar hidden
[2026.08.25-00.42.12:215][256]LogLoad: Game class is 'BrackeysGameMode_C'
[2026.08.25-00.42.12:216][256]LogWorld: Bringing World /Game/Brackeys2026/Levels/UEDPIE_0_Brackeys2026Map.Brackeys2026Map up for play (max tick rate 0) at 2026.08.24-17.42.12
[2026.08.25-00.42.12:216][256]LogWorld: Bringing up level for play took: 0.000979
[2026.08.25-00.42.12:218][256]LogOnline: OSS: Creating online subsystem instance for: :Context_27
[2026.08.25-00.42.12:222][256]LogBlueprintUserMessages: [BP_CoinGun_2] true
[2026.08.25-00.42.12:222][256]LogBlueprintUserMessages: [BP_CoinGun_2] true
[2026.08.25-00.42.12:222][256]LogBlueprintUserMessages: [BP_CoinGun_2] false
[2026.08.25-00.42.12:222][256]LogBlueprintUserMessages: [BP_CoinGun_2] false
[2026.08.25-00.42.12:222][256]LogBlueprintUserMessages: [BP_CoinGun_2] false
[2026.08.25-00.42.12:222][256]LogBlueprintUserMessages: [BP_CoinGun_2] false
[2026.08.25-00.42.12:224][256]PIE: Server logged in
[2026.08.25-00.42.12:224][256]PIE: Play in editor total start time 0.116 seconds.
[2026.08.25-00.42.15:441][628]LogSlate: Updating window title bar state: overlay mode, drag disabled, window buttons hidden, title bar hidden
[2026.08.25-00.42.15:441][628]LogWorld: BeginTearingDown for /Game/Brackeys2026/Levels/UEDPIE_0_Brackeys2026Map
[2026.08.25-00.42.15:442][628]LogSlate: Window 'BrackeysJam2026 Preview [NetMode: Standalone]  (64-bit/Windows) ' being destroyed
[2026.08.25-00.42.15:446][628]LogWorld: UWorld::CleanupWorld for Brackeys2026Map, bSessionEnded=true, bCleanupResources=true
[2026.08.25-00.42.15:446][628]LogSlate: InvalidateAllWidgets triggered.  All widgets were invalidated
[2026.08.25-00.42.15:455][628]LogPlayLevel: Display: Shutting down PIE online subsystems
[2026.08.25-00.42.15:462][628]LogSlate: InvalidateAllWidgets triggered.  All widgets were invalidated
[2026.08.25-00.42.15:493][628]LogAudio: Display: Audio Device unregistered from world 'None'.
[2026.08.25-00.42.15:494][628]LogAudioMixer: FMixerPlatformXAudio2::StopAudioStream() called
[2026.08.25-00.42.15:495][628]LogAudioMixer: FMixerPlatformXAudio2::StopAudioStream() called
[2026.08.25-00.42.15:501][628]LogUObjectHash: Compacting FUObjectHashTables data took   2.15ms
[2026.08.25-00.42.15:516][629]LogPlayLevel: Display: Destroying online subsystem :Context_27
[2026.08.25-00.42.27:615][ 23]LogUObjectHash: Compacting FUObjectHashTables data took   2.35ms
[2026.08.25-00.42.28:801][ 23]LogSlate: Window 'Save Content' being destroyed
[2026.08.25-00.42.28:846][ 23]LogSavePackage: Moving 'E:/_Alex's Data/Unreal Engine/Unreal Projects/Brackeys2026/Brackeys-2026/BrackeysJam2026/Saved/BP_Player42509CCC43A56E2D04DB8A9F6C2BA4AE.tmp' to 'E:/_Alex's Data/Unreal Engine/Unreal Projects/Brackeys2026/Brackeys-2026/BrackeysJam2026/Content/Brackeys2026/Characters/Player/BP_Player.uasset'
[2026.08.25-00.42.28:849][ 23]Cmd: OBJ SAVEPACKAGE PACKAGE="/Game/Brackeys2026/UI/BP_UI" FILE="E:/_Alex's Data/Unreal Engine/Unreal Projects/Brackeys2026/Brackeys-2026/BrackeysJam2026/Content/Brackeys2026/UI/BP_UI.uasset" SILENT=true
[2026.08.25-00.42.28:870][ 23]LogSavePackage: Moving 'E:/_Alex's Data/Unreal Engine/Unreal Projects/Brackeys2026/Brackeys-2026/BrackeysJam2026/Saved/BP_UI50D6B70941E4C2E854636DB75BDCD6F5.tmp' to 'E:/_Alex's Data/Unreal Engine/Unreal Projects/Brackeys2026/Brackeys-2026/BrackeysJam2026/Content/Brackeys2026/UI/BP_UI.uasset'
[2026.08.25-00.42.28:907][ 23]LogUObjectHash: Compacting FUObjectHashTables data took   0.52ms
[2026.08.25-00.42.28:922][ 23]LogSavePackage: Moving 'E:/_Alex's Data/Unreal Engine/Unreal Projects/Brackeys2026/Brackeys-2026/BrackeysJam2026/Saved/Brackeys2026Map0BCA1F0242013C35F7651A91823DA604.tmp' to 'E:/_Alex's Data/Unreal Engine/Unreal Projects/Brackeys2026/Brackeys-2026/BrackeysJam2026/Content/Brackeys2026/Levels/Brackeys2026Map.umap'
[2026.08.25-00.42.28:966][ 23]LogFileHelpers: Saving map 'Brackeys2026Map' took 0.090
[2026.08.25-00.42.28:978][ 23]AssetCheck: New page: Asset Save: multiple assets
[2026.08.25-00.42.28:978][ 23]LogContentValidation: Display: Validating Blueprint /Game/Brackeys2026/Characters/Player/BP_Player.BP_Player
[2026.08.25-00.42.28:978][ 23]LogContentValidation: Display: Validating World /Game/Brackeys2026/Levels/Brackeys2026Map.Brackeys2026Map
[2026.08.25-00.42.28:978][ 23]LogContentValidation: Display: Validating WidgetBlueprint /Game/Brackeys2026/UI/BP_UI.BP_UI
[2026.08.25-00.42.36:314][871]BlueprintLog: New page: Compile BP_UI
[2026.08.25-00.42.36:374][871]LogUObjectHash: Compacting FUObjectHashTables data took   2.45ms
[2026.08.25-00.42.36:704][900]Cmd: OBJ SAVEPACKAGE PACKAGE="/Game/Brackeys2026/UI/BP_UI" FILE="E:/_Alex's Data/Unreal Engine/Unreal Projects/Brackeys2026/Brackeys-2026/BrackeysJam2026/Content/Brackeys2026/UI/BP_UI.uasset" SILENT=true
[2026.08.25-00.42.36:725][900]LogSavePackage: Moving 'E:/_Alex's Data/Unreal Engine/Unreal Projects/Brackeys2026/Brackeys-2026/BrackeysJam2026/Saved/BP_UIF099CFB242B9A84633B8FDACB95FEC87.tmp' to 'E:/_Alex's Data/Unreal Engine/Unreal Projects/Brackeys2026/Brackeys-2026/BrackeysJam2026/Content/Brackeys2026/UI/BP_UI.uasset'
[2026.08.25-00.42.36:748][900]AssetCheck: New page: Asset Save: BP_UI
[2026.08.25-00.42.36:748][900]LogContentValidation: Display: Validating WidgetBlueprint /Game/Brackeys2026/UI/BP_UI.BP_UI
[2026.08.25-00.42.37:379][971]LogTemp: Repeating last play command: Selected Viewport
[2026.08.25-00.42.37:389][971]LogPlayLevel: PlayLevel: No blueprints needed recompiling
[2026.08.25-00.42.37:389][971]PIE: New page: PIE session: Brackeys2026Map (Aug 24, 2026, 10:42:37 AM)
[2026.08.25-00.42.37:390][971]LogPlayLevel: Creating play world package: /Game/Brackeys2026/Levels/UEDPIE_0_Brackeys2026Map
[2026.08.25-00.42.37:392][971]LogPlayLevel: PIE: StaticDuplicateObject took: (0.002747s)
[2026.08.25-00.42.37:393][971]LogAIModule: Creating AISystem for world Brackeys2026Map
[2026.08.25-00.42.37:393][971]LogPlayLevel: PIE: World Init took: (0.000801s)
[2026.08.25-00.42.37:393][971]LogPlayLevel: PIE: Created PIE world by copying editor world from /Game/Brackeys2026/Levels/Brackeys2026Map.Brackeys2026Map to /Game/Brackeys2026/Levels/UEDPIE_0_Brackeys2026Map.Brackeys2026Map (0.003681s)
[2026.08.25-00.42.37:428][971]LogUObjectHash: Compacting FUObjectHashTables data took   2.88ms
[2026.08.25-00.42.37:428][971]LogAudio: Display: Creating Audio Device:                 Id: 18, Scope: Unique, Realtime: True
[2026.08.25-00.42.37:428][971]LogAudioMixer: Display: Audio Mixer Platform Settings:
[2026.08.25-00.42.37:428][971]LogAudioMixer: Display: 	Sample Rate:						  48000
[2026.08.25-00.42.37:428][971]LogAudioMixer: Display: 	Callback Buffer Frame Size Requested: 1024
[2026.08.25-00.42.37:428][971]LogAudioMixer: Display: 	Callback Buffer Frame Size To Use:	  1024
[2026.08.25-00.42.37:428][971]LogAudioMixer: Display: 	Number of buffers to queue:			  2
[2026.08.25-00.42.37:428][971]LogAudioMixer: Display: 	Max Channels (voices):				  32
[2026.08.25-00.42.37:428][971]LogAudioMixer: Display: 	Number of Async Source Workers:		  0
[2026.08.25-00.42.37:428][971]LogAudio: Display: AudioDevice MaxSources: 32
[2026.08.25-00.42.37:428][971]LogAudio: Display: Audio Spatialization Plugin: None (built-in).
[2026.08.25-00.42.37:428][971]LogAudio: Display: Audio Reverb Plugin: None (built-in).
[2026.08.25-00.42.37:428][971]LogAudio: Display: Audio Occlusion Plugin: None (built-in).
[2026.08.25-00.42.37:428][971]LogAudioMixer: Display: Initializing audio mixer.
[2026.08.25-00.42.37:433][971]LogAudioMixer: Display: 0: FrontLeft
[2026.08.25-00.42.37:433][971]LogAudioMixer: Display: 1: FrontRight
[2026.08.25-00.42.37:449][971]LogAudioMixer: Display: Using Audio Device Realtek HD Audio 2nd output (Realtek(R) Audio)
[2026.08.25-00.42.37:449][971]LogAudioMixer: Display: Initializing Sound Submixes...
[2026.08.25-00.42.37:449][971]LogAudioMixer: Display: Creating Master Submix 'MasterSubmixDefault'
[2026.08.25-00.42.37:449][971]LogAudioMixer: Display: Creating Master Submix 'MasterReverbSubmixDefault'
[2026.08.25-00.42.37:450][971]LogAudioMixer: Display: Creating Master Submix 'MasterEQSubmixDefault'
[2026.08.25-00.42.37:450][971]LogAudioMixer: FMixerPlatformXAudio2::StartAudioStream() called
[2026.08.25-00.42.37:450][971]LogAudioMixer: Display: Output buffers initialized: Frames=1024, Channels=2, Samples=2048
[2026.08.25-00.42.37:451][971]LogAudioMixer: Display: Starting AudioMixerPlatformInterface::RunInternal()
[2026.08.25-00.42.37:451][971]LogAudioMixer: Display: FMixerPlatformXAudio2::SubmitBuffer() called for the first time
[2026.08.25-00.42.37:451][971]LogInit: FAudioDevice initialized.
[2026.08.25-00.42.37:452][971]LogAudio: Display: Audio Device (ID: 18) registered with world 'Brackeys2026Map'.
[2026.08.25-00.42.37:497][971]LogSlate: Updating window title bar state: overlay mode, drag disabled, window buttons hidden, title bar hidden
[2026.08.25-00.42.37:497][971]LogLoad: Game class is 'BrackeysGameMode_C'
[2026.08.25-00.42.37:500][971]LogWorld: Bringing World /Game/Brackeys2026/Levels/UEDPIE_0_Brackeys2026Map.Brackeys2026Map up for play (max tick rate 0) at 2026.08.24-17.42.37
[2026.08.25-00.42.37:500][971]LogWorld: Bringing up level for play took: 0.000967
[2026.08.25-00.42.37:500][971]LogOnline: OSS: Creating online subsystem instance for: :Context_28
[2026.08.25-00.42.37:504][971]LogBlueprintUserMessages: [BP_CoinGun_2] false
[2026.08.25-00.42.37:504][971]LogBlueprintUserMessages: [BP_CoinGun_2] false
[2026.08.25-00.42.37:504][971]LogBlueprintUserMessages: [BP_CoinGun_2] false
[2026.08.25-00.42.37:504][971]LogBlueprintUserMessages: [BP_CoinGun_2] true
[2026.08.25-00.42.37:504][971]LogBlueprintUserMessages: [BP_CoinGun_2] false
[2026.08.25-00.42.37:504][971]LogBlueprintUserMessages: [BP_CoinGun_2] true
[2026.08.25-00.42.37:507][971]PIE: Server logged in
[2026.08.25-00.42.37:508][971]PIE: Play in editor total start time 0.122 seconds.
[2026.08.25-00.42.40:802][353]LogSlate: Updating window title bar state: overlay mode, drag disabled, window buttons hidden, title bar hidden
[2026.08.25-00.42.40:802][353]LogWorld: BeginTearingDown for /Game/Brackeys2026/Levels/UEDPIE_0_Brackeys2026Map
[2026.08.25-00.42.40:802][353]LogSlate: Window 'BrackeysJam2026 Preview [NetMode: Standalone]  (64-bit/Windows) ' being destroyed
[2026.08.25-00.42.40:806][353]LogWorld: UWorld::CleanupWorld for Brackeys2026Map, bSessionEnded=true, bCleanupResources=true
[2026.08.25-00.42.40:806][353]LogSlate: InvalidateAllWidgets triggered.  All widgets were invalidated
[2026.08.25-00.42.40:815][353]LogPlayLevel: Display: Shutting down PIE online subsystems
[2026.08.25-00.42.40:820][353]LogSlate: InvalidateAllWidgets triggered.  All widgets were invalidated
[2026.08.25-00.42.40:851][353]LogAudio: Display: Audio Device unregistered from world 'None'.
[2026.08.25-00.42.40:851][353]LogAudioMixer: FMixerPlatformXAudio2::StopAudioStream() called
[2026.08.25-00.42.40:852][353]LogAudioMixer: FMixerPlatformXAudio2::StopAudioStream() called
[2026.08.25-00.42.40:857][353]LogUObjectHash: Compacting FUObjectHashTables data took   2.19ms
[2026.08.25-00.42.40:874][354]LogPlayLevel: Display: Destroying online subsystem :Context_28
[2026.08.25-00.42.55:839][ 96]BlueprintLog: New page: Compile BP_UI
[2026.08.25-00.42.55:885][ 96]LogUObjectHash: Compacting FUObjectHashTables data took   2.37ms
[2026.08.25-00.42.56:335][138]Cmd: OBJ SAVEPACKAGE PACKAGE="/Game/Brackeys2026/UI/BP_UI" FILE="E:/_Alex's Data/Unreal Engine/Unreal Projects/Brackeys2026/Brackeys-2026/BrackeysJam2026/Content/Brackeys2026/UI/BP_UI.uasset" SILENT=true
[2026.08.25-00.42.56:358][138]LogSavePackage: Moving 'E:/_Alex's Data/Unreal Engine/Unreal Projects/Brackeys2026/Brackeys-2026/BrackeysJam2026/Saved/BP_UI20D08BE0496D08960F886995540DCB57.tmp' to 'E:/_Alex's Data/Unreal Engine/Unreal Projects/Brackeys2026/Brackeys-2026/BrackeysJam2026/Content/Brackeys2026/UI/BP_UI.uasset'
[2026.08.25-00.42.56:380][138]AssetCheck: New page: Asset Save: BP_UI
[2026.08.25-00.42.56:380][138]LogContentValidation: Display: Validating WidgetBlueprint /Game/Brackeys2026/UI/BP_UI.BP_UI
[2026.08.25-00.42.56:901][195]LogTemp: Repeating last play command: Selected Viewport
[2026.08.25-00.42.56:910][195]LogPlayLevel: PlayLevel: No blueprints needed recompiling
[2026.08.25-00.42.56:910][195]PIE: New page: PIE session: Brackeys2026Map (Aug 24, 2026, 10:42:56 AM)
[2026.08.25-00.42.56:910][195]LogPlayLevel: Creating play world package: /Game/Brackeys2026/Levels/UEDPIE_0_Brackeys2026Map
[2026.08.25-00.42.56:913][195]LogPlayLevel: PIE: StaticDuplicateObject took: (0.002870s)
[2026.08.25-00.42.56:914][195]LogAIModule: Creating AISystem for world Brackeys2026Map
[2026.08.25-00.42.56:914][195]LogPlayLevel: PIE: World Init took: (0.001157s)
[2026.08.25-00.42.56:914][195]LogPlayLevel: PIE: Created PIE world by copying editor world from /Game/Brackeys2026/Levels/Brackeys2026Map.Brackeys2026Map to /Game/Brackeys2026/Levels/UEDPIE_0_Brackeys2026Map.Brackeys2026Map (0.004184s)
[2026.08.25-00.42.56:949][195]LogUObjectHash: Compacting FUObjectHashTables data took   2.93ms
[2026.08.25-00.42.56:949][195]LogAudio: Display: Creating Audio Device:                 Id: 19, Scope: Unique, Realtime: True
[2026.08.25-00.42.56:949][195]LogAudioMixer: Display: Audio Mixer Platform Settings:
[2026.08.25-00.42.56:949][195]LogAudioMixer: Display: 	Sample Rate:						  48000
[2026.08.25-00.42.56:949][195]LogAudioMixer: Display: 	Callback Buffer Frame Size Requested: 1024
[2026.08.25-00.42.56:949][195]LogAudioMixer: Display: 	Callback Buffer Frame Size To Use:	  1024
[2026.08.25-00.42.56:949][195]LogAudioMixer: Display: 	Number of buffers to queue:			  2
[2026.08.25-00.42.56:949][195]LogAudioMixer: Display: 	Max Channels (voices):				  32
[2026.08.25-00.42.56:949][195]LogAudioMixer: Display: 	Number of Async Source Workers:		  0
[2026.08.25-00.42.56:949][195]LogAudio: Display: AudioDevice MaxSources: 32
[2026.08.25-00.42.56:950][195]LogAudio: Display: Audio Spatialization Plugin: None (built-in).
[2026.08.25-00.42.56:950][195]LogAudio: Display: Audio Reverb Plugin: None (built-in).
[2026.08.25-00.42.56:950][195]LogAudio: Display: Audio Occlusion Plugin: None (built-in).
[2026.08.25-00.42.56:950][195]LogAudioMixer: Display: Initializing audio mixer.
[2026.08.25-00.42.56:954][195]LogAudioMixer: Display: 0: FrontLeft
[2026.08.25-00.42.56:954][195]LogAudioMixer: Display: 1: FrontRight
[2026.08.25-00.42.56:967][195]LogAudioMixer: Display: Using Audio Device Realtek HD Audio 2nd output (Realtek(R) Audio)
[2026.08.25-00.42.56:967][195]LogAudioMixer: Display: Initializing Sound Submixes...
[2026.08.25-00.42.56:967][195]LogAudioMixer: Display: Creating Master Submix 'MasterSubmixDefault'
[2026.08.25-00.42.56:967][195]LogAudioMixer: Display: Creating Master Submix 'MasterReverbSubmixDefault'
[2026.08.25-00.42.56:968][195]LogAudioMixer: Display: Creating Master Submix 'MasterEQSubmixDefault'
[2026.08.25-00.42.56:968][195]LogAudioMixer: FMixerPlatformXAudio2::StartAudioStream() called
[2026.08.25-00.42.56:968][195]LogAudioMixer: Display: Output buffers initialized: Frames=1024, Channels=2, Samples=2048
[2026.08.25-00.42.56:968][195]LogAudioMixer: Display: Starting AudioMixerPlatformInterface::RunInternal()
[2026.08.25-00.42.56:968][195]LogAudioMixer: Display: FMixerPlatformXAudio2::SubmitBuffer() called for the first time
[2026.08.25-00.42.56:968][195]LogInit: FAudioDevice initialized.
[2026.08.25-00.42.56:968][195]LogAudio: Display: Audio Device (ID: 19) registered with world 'Brackeys2026Map'.
[2026.08.25-00.42.56:999][195]LogSlate: Updating window title bar state: overlay mode, drag disabled, window buttons hidden, title bar hidden
[2026.08.25-00.42.56:999][195]LogLoad: Game class is 'BrackeysGameMode_C'
[2026.08.25-00.42.57:000][195]LogWorld: Bringing World /Game/Brackeys2026/Levels/UEDPIE_0_Brackeys2026Map.Brackeys2026Map up for play (max tick rate 0) at 2026.08.24-17.42.57
[2026.08.25-00.42.57:001][195]LogWorld: Bringing up level for play took: 0.000913
[2026.08.25-00.42.57:001][195]LogOnline: OSS: Creating online subsystem instance for: :Context_29
[2026.08.25-00.42.57:004][195]LogBlueprintUserMessages: [BP_CoinGun_2] false
[2026.08.25-00.42.57:004][195]LogBlueprintUserMessages: [BP_CoinGun_2] true
[2026.08.25-00.42.57:004][195]LogBlueprintUserMessages: [BP_CoinGun_2] false
[2026.08.25-00.42.57:004][195]LogBlueprintUserMessages: [BP_CoinGun_2] false
[2026.08.25-00.42.57:004][195]LogBlueprintUserMessages: [BP_CoinGun_2] false
[2026.08.25-00.42.57:004][195]LogBlueprintUserMessages: [BP_CoinGun_2] true
[2026.08.25-00.42.57:006][195]PIE: Server logged in
[2026.08.25-00.42.57:008][195]PIE: Play in editor total start time 0.102 seconds.
[2026.08.25-00.43.05:812][216]LogSlate: Updating window title bar state: overlay mode, drag disabled, window buttons hidden, title bar hidden
[2026.08.25-00.43.05:812][216]LogWorld: BeginTearingDown for /Game/Brackeys2026/Levels/UEDPIE_0_Brackeys2026Map
[2026.08.25-00.43.05:812][216]LogSlate: Window 'BrackeysJam2026 Preview [NetMode: Standalone]  (64-bit/Windows) ' being destroyed
[2026.08.25-00.43.05:818][216]LogWorld: UWorld::CleanupWorld for Brackeys2026Map, bSessionEnded=true, bCleanupResources=true
[2026.08.25-00.43.05:819][216]LogSlate: InvalidateAllWidgets triggered.  All widgets were invalidated
[2026.08.25-00.43.05:824][216]LogPlayLevel: Display: Shutting down PIE online subsystems
[2026.08.25-00.43.05:830][216]LogSlate: InvalidateAllWidgets triggered.  All widgets were invalidated
[2026.08.25-00.43.05:861][216]LogAudio: Display: Audio Device unregistered from world 'None'.
[2026.08.25-00.43.05:861][216]LogAudioMixer: FMixerPlatformXAudio2::StopAudioStream() called
[2026.08.25-00.43.05:862][216]LogAudioMixer: FMixerPlatformXAudio2::StopAudioStream() called
[2026.08.25-00.43.05:867][216]LogUObjectHash: Compacting FUObjectHashTables data took   2.17ms
[2026.08.25-00.43.05:885][217]LogPlayLevel: Display: Destroying online subsystem :Context_29
[2026.08.25-00.43.11:261][826]LogEditorTransaction: Undo Drag and Drop Widget
[2026.08.25-00.44.10:496][582]LogEditorTransaction: Undo Edit Padding
[2026.08.25-00.44.31:494][ 20]LogEditorTransaction: Undo Edit Right
[2026.08.25-00.44.41:834][183]LogSlate: Window 'Color Picker' being destroyed
[2026.08.25-00.44.44:038][435]LogSlate: Window 'Color Picker' being destroyed
[2026.08.25-00.44.47:143][786]LogSlate: Window 'Color Picker' being destroyed
[2026.08.25-00.44.47:812][866]Cmd: TRANSACTION UNDO
[2026.08.25-00.44.47:812][866]LogEditorTransaction: Undo Edit Shadow Color
[2026.08.25-00.45.27:216][414]BlueprintLog: New page: Compile BP_UI
[2026.08.25-00.45.27:265][414]LogUObjectHash: Compacting FUObjectHashTables data took   3.55ms
[2026.08.25-00.45.27:834][469]Cmd: OBJ SAVEPACKAGE PACKAGE="/Game/Brackeys2026/UI/BP_UI" FILE="E:/_Alex's Data/Unreal Engine/Unreal Projects/Brackeys2026/Brackeys-2026/BrackeysJam2026/Content/Brackeys2026/UI/BP_UI.uasset" SILENT=true
[2026.08.25-00.45.27:854][469]LogSavePackage: Moving 'E:/_Alex's Data/Unreal Engine/Unreal Projects/Brackeys2026/Brackeys-2026/BrackeysJam2026/Saved/BP_UIEF7B5D4F4CAC8007BC399CAB2A7A99A5.tmp' to 'E:/_Alex's Data/Unreal Engine/Unreal Projects/Brackeys2026/Brackeys-2026/BrackeysJam2026/Content/Brackeys2026/UI/BP_UI.uasset'
[2026.08.25-00.45.27:873][469]AssetCheck: New page: Asset Save: BP_UI
[2026.08.25-00.45.27:873][469]LogContentValidation: Display: Validating WidgetBlueprint /Game/Brackeys2026/UI/BP_UI.BP_UI
[2026.08.25-00.45.31:129][842]BlueprintLog: New page: Compile BP_UI
[2026.08.25-00.45.31:189][842]LogUObjectHash: Compacting FUObjectHashTables data took   3.02ms
[2026.08.25-00.45.31:520][877]Cmd: OBJ SAVEPACKAGE PACKAGE="/Game/Brackeys2026/UI/BP_UI" FILE="E:/_Alex's Data/Unreal Engine/Unreal Projects/Brackeys2026/Brackeys-2026/BrackeysJam2026/Content/Brackeys2026/UI/BP_UI.uasset" SILENT=true
[2026.08.25-00.45.31:543][877]LogSavePackage: Moving 'E:/_Alex's Data/Unreal Engine/Unreal Projects/Brackeys2026/Brackeys-2026/BrackeysJam2026/Saved/BP_UIE2C8C49D4DA0C572BC4D30AF69E4EFE3.tmp' to 'E:/_Alex's Data/Unreal Engine/Unreal Projects/Brackeys2026/Brackeys-2026/BrackeysJam2026/Content/Brackeys2026/UI/BP_UI.uasset'
[2026.08.25-00.45.31:565][877]AssetCheck: New page: Asset Save: BP_UI
[2026.08.25-00.45.31:565][877]LogContentValidation: Display: Validating WidgetBlueprint /Game/Brackeys2026/UI/BP_UI.BP_UI
[2026.08.25-00.45.47:442][750]LogEditorTransaction: Undo Set Vector Property
[2026.08.25-00.45.53:672][441]LogEditorTransaction: Undo Edit Wrap Text At
[2026.08.25-00.46.00:474][188]LogEditorTransaction: Undo Set Vector Property
[2026.08.25-00.46.01:209][227]Cmd: TRANSACTION UNDO
[2026.08.25-00.46.01:210][227]LogEditorTransaction: Undo Set Vector Property
[2026.08.25-00.46.03:298][474]LogEditorTransaction: Undo Set Vector Property
[2026.08.25-00.46.17:326][132]LogEditorTransaction: Undo Edit Right
[2026.08.25-00.46.27:102][947]LogSlate: Window 'Delete widgets' being destroyed
[2026.08.25-00.46.35:802][708]LogSlate: Window 'Delete widgets' being destroyed
[2026.08.25-00.46.50:512][393]LogSlate: Window 'Color Picker' being destroyed
[2026.08.25-00.46.55:702][992]LogSlate: Window 'Color Picker' being destroyed
[2026.08.25-00.47.02:537][762]LogSlate: Window 'Color Picker' being destroyed
[2026.08.25-00.47.04:400][969]LogEditorTransaction: Undo Edit Content Color and Opacity
[2026.08.25-00.47.15:201][171]LogSlate: Window 'Color Picker' being destroyed
[2026.08.25-00.47.23:426][132]LogSlate: Window 'Color Picker' being destroyed
[2026.08.25-00.48.48:358][221]BlueprintLog: New page: Compile BP_UI
[2026.08.25-00.48.48:422][221]LogUObjectHash: Compacting FUObjectHashTables data took   3.22ms
[2026.08.25-00.48.50:854][222]Cmd: OBJ SAVEPACKAGE PACKAGE="/Game/Brackeys2026/UI/BP_UI" FILE="E:/_Alex's Data/Unreal Engine/Unreal Projects/Brackeys2026/Brackeys-2026/BrackeysJam2026/Content/Brackeys2026/UI/BP_UI.uasset" SILENT=true
[2026.08.25-00.48.50:873][222]LogSavePackage: Moving 'E:/_Alex's Data/Unreal Engine/Unreal Projects/Brackeys2026/Brackeys-2026/BrackeysJam2026/Saved/BP_UIE5DBA66340EB64CF5948A8AEE3B15ED7.tmp' to 'E:/_Alex's Data/Unreal Engine/Unreal Projects/Brackeys2026/Brackeys-2026/BrackeysJam2026/Content/Brackeys2026/UI/BP_UI.uasset'
[2026.08.25-00.48.50:895][222]AssetCheck: New page: Asset Save: BP_UI
[2026.08.25-00.48.50:896][222]LogContentValidation: Display: Validating WidgetBlueprint /Game/Brackeys2026/UI/BP_UI.BP_UI
[2026.08.25-00.48.51:170][253]Cmd: OBJ SAVEPACKAGE PACKAGE="/Game/Brackeys2026/UI/BP_UI" FILE="E:/_Alex's Data/Unreal Engine/Unreal Projects/Brackeys2026/Brackeys-2026/BrackeysJam2026/Content/Brackeys2026/UI/BP_UI.uasset" SILENT=true
[2026.08.25-00.48.51:190][253]LogSavePackage: Moving 'E:/_Alex's Data/Unreal Engine/Unreal Projects/Brackeys2026/Brackeys-2026/BrackeysJam2026/Saved/BP_UIB7B178B147071520FC969D8B18EB88E9.tmp' to 'E:/_Alex's Data/Unreal Engine/Unreal Projects/Brackeys2026/Brackeys-2026/BrackeysJam2026/Content/Brackeys2026/UI/BP_UI.uasset'
[2026.08.25-00.48.51:216][253]AssetCheck: New page: Asset Save: BP_UI
[2026.08.25-00.48.51:216][253]LogContentValidation: Display: Validating WidgetBlueprint /Game/Brackeys2026/UI/BP_UI.BP_UI
[2026.08.25-00.48.51:700][308]LogTemp: Repeating last play command: Selected Viewport
[2026.08.25-00.48.51:708][308]LogPlayLevel: PlayLevel: No blueprints needed recompiling
[2026.08.25-00.48.51:708][308]PIE: New page: PIE session: Brackeys2026Map (Aug 24, 2026, 10:48:51 AM)
[2026.08.25-00.48.51:708][308]LogPlayLevel: Creating play world package: /Game/Brackeys2026/Levels/UEDPIE_0_Brackeys2026Map
[2026.08.25-00.48.51:710][308]LogPlayLevel: PIE: StaticDuplicateObject took: (0.001775s)
[2026.08.25-00.48.51:710][308]LogAIModule: Creating AISystem for world Brackeys2026Map
[2026.08.25-00.48.51:711][308]LogPlayLevel: PIE: World Init took: (0.000816s)
[2026.08.25-00.48.51:711][308]LogPlayLevel: PIE: Created PIE world by copying editor world from /Game/Brackeys2026/Levels/Brackeys2026Map.Brackeys2026Map to /Game/Brackeys2026/Levels/UEDPIE_0_Brackeys2026Map.Brackeys2026Map (0.002691s)
[2026.08.25-00.48.51:749][308]LogUObjectHash: Compacting FUObjectHashTables data took   2.89ms
[2026.08.25-00.48.51:749][308]LogAudio: Display: Creating Audio Device:                 Id: 20, Scope: Unique, Realtime: True
[2026.08.25-00.48.51:749][308]LogAudioMixer: Display: Audio Mixer Platform Settings:
[2026.08.25-00.48.51:749][308]LogAudioMixer: Display: 	Sample Rate:						  48000
[2026.08.25-00.48.51:749][308]LogAudioMixer: Display: 	Callback Buffer Frame Size Requested: 1024
[2026.08.25-00.48.51:749][308]LogAudioMixer: Display: 	Callback Buffer Frame Size To Use:	  1024
[2026.08.25-00.48.51:749][308]LogAudioMixer: Display: 	Number of buffers to queue:			  2
[2026.08.25-00.48.51:749][308]LogAudioMixer: Display: 	Max Channels (voices):				  32
[2026.08.25-00.48.51:749][308]LogAudioMixer: Display: 	Number of Async Source Workers:		  0
[2026.08.25-00.48.51:749][308]LogAudio: Display: AudioDevice MaxSources: 32
[2026.08.25-00.48.51:749][308]LogAudio: Display: Audio Spatialization Plugin: None (built-in).
[2026.08.25-00.48.51:749][308]LogAudio: Display: Audio Reverb Plugin: None (built-in).
[2026.08.25-00.48.51:749][308]LogAudio: Display: Audio Occlusion Plugin: None (built-in).
[2026.08.25-00.48.51:749][308]LogAudioMixer: Display: Initializing audio mixer.
[2026.08.25-00.48.51:754][308]LogAudioMixer: Display: 0: FrontLeft
[2026.08.25-00.48.51:754][308]LogAudioMixer: Display: 1: FrontRight
[2026.08.25-00.48.51:769][308]LogAudioMixer: Display: Using Audio Device Realtek HD Audio 2nd output (Realtek(R) Audio)
[2026.08.25-00.48.51:769][308]LogAudioMixer: Display: Initializing Sound Submixes...
[2026.08.25-00.48.51:769][308]LogAudioMixer: Display: Creating Master Submix 'MasterSubmixDefault'
[2026.08.25-00.48.51:769][308]LogAudioMixer: Display: Creating Master Submix 'MasterReverbSubmixDefault'
[2026.08.25-00.48.51:771][308]LogAudioMixer: Display: Creating Master Submix 'MasterEQSubmixDefault'
[2026.08.25-00.48.51:771][308]LogAudioMixer: FMixerPlatformXAudio2::StartAudioStream() called
[2026.08.25-00.48.51:771][308]LogAudioMixer: Display: Output buffers initialized: Frames=1024, Channels=2, Samples=2048
[2026.08.25-00.48.51:772][308]LogAudioMixer: Display: Starting AudioMixerPlatformInterface::RunInternal()
[2026.08.25-00.48.51:772][308]LogAudioMixer: Display: FMixerPlatformXAudio2::SubmitBuffer() called for the first time
[2026.08.25-00.48.51:772][308]LogInit: FAudioDevice initialized.
[2026.08.25-00.48.51:772][308]LogAudio: Display: Audio Device (ID: 20) registered with world 'Brackeys2026Map'.
[2026.08.25-00.48.51:815][308]LogSlate: Updating window title bar state: overlay mode, drag disabled, window buttons hidden, title bar hidden
[2026.08.25-00.48.51:815][308]LogLoad: Game class is 'BrackeysGameMode_C'
[2026.08.25-00.48.51:816][308]LogWorld: Bringing World /Game/Brackeys2026/Levels/UEDPIE_0_Brackeys2026Map.Brackeys2026Map up for play (max tick rate 0) at 2026.08.24-17.48.51
[2026.08.25-00.48.51:816][308]LogWorld: Bringing up level for play took: 0.000993
[2026.08.25-00.48.51:816][308]LogOnline: OSS: Creating online subsystem instance for: :Context_30
[2026.08.25-00.48.51:820][308]LogBlueprintUserMessages: [BP_CoinGun_2] false
[2026.08.25-00.48.51:821][308]LogBlueprintUserMessages: [BP_CoinGun_2] false
[2026.08.25-00.48.51:821][308]LogBlueprintUserMessages: [BP_CoinGun_2] true
[2026.08.25-00.48.51:821][308]LogBlueprintUserMessages: [BP_CoinGun_2] false
[2026.08.25-00.48.51:821][308]LogBlueprintUserMessages: [BP_CoinGun_2] false
[2026.08.25-00.48.51:821][308]LogBlueprintUserMessages: [BP_CoinGun_2] true
[2026.08.25-00.48.51:823][308]PIE: Server logged in
[2026.08.25-00.48.51:824][308]PIE: Play in editor total start time 0.119 seconds.
[2026.08.25-00.48.53:723][523]LogSlate: Updating window title bar state: overlay mode, drag disabled, window buttons hidden, title bar hidden
[2026.08.25-00.48.53:723][523]LogWorld: BeginTearingDown for /Game/Brackeys2026/Levels/UEDPIE_0_Brackeys2026Map
[2026.08.25-00.48.53:723][523]LogSlate: Window 'BrackeysJam2026 Preview [NetMode: Standalone]  (64-bit/Windows) ' being destroyed
[2026.08.25-00.48.53:731][523]LogWorld: UWorld::CleanupWorld for Brackeys2026Map, bSessionEnded=true, bCleanupResources=true
[2026.08.25-00.48.53:731][523]LogSlate: InvalidateAllWidgets triggered.  All widgets were invalidated
[2026.08.25-00.48.53:739][523]LogPlayLevel: Display: Shutting down PIE online subsystems
[2026.08.25-00.48.53:744][523]LogSlate: InvalidateAllWidgets triggered.  All widgets were invalidated
[2026.08.25-00.48.53:778][523]LogAudioMixer: FMixerPlatformXAudio2::StopAudioStream() called
[2026.08.25-00.48.53:779][523]LogAudioMixer: FMixerPlatformXAudio2::StopAudioStream() called
[2026.08.25-00.48.53:784][523]LogUObjectHash: Compacting FUObjectHashTables data took   2.54ms
[2026.08.25-00.48.53:800][524]LogPlayLevel: Display: Destroying online subsystem :Context_30
[2026.08.25-00.49.09:822][350]LogEditorTransaction: Undo Move Nodes
[2026.08.25-00.49.30:522][681]BlueprintLog: New page: Compile BP_UI
[2026.08.25-00.49.30:569][681]LogUObjectHash: Compacting FUObjectHashTables data took   3.05ms
[2026.08.25-00.49.31:188][746]Cmd: OBJ SAVEPACKAGE PACKAGE="/Game/Brackeys2026/UI/BP_UI" FILE="E:/_Alex's Data/Unreal Engine/Unreal Projects/Brackeys2026/Brackeys-2026/BrackeysJam2026/Content/Brackeys2026/UI/BP_UI.uasset" SILENT=true
[2026.08.25-00.49.31:211][746]LogSavePackage: Moving 'E:/_Alex's Data/Unreal Engine/Unreal Projects/Brackeys2026/Brackeys-2026/BrackeysJam2026/Saved/BP_UI76D18AFB452B176CC83241BBAE8F2F74.tmp' to 'E:/_Alex's Data/Unreal Engine/Unreal Projects/Brackeys2026/Brackeys-2026/BrackeysJam2026/Content/Brackeys2026/UI/BP_UI.uasset'
[2026.08.25-00.49.31:241][746]AssetCheck: New page: Asset Save: BP_UI
[2026.08.25-00.49.31:241][746]LogContentValidation: Display: Validating WidgetBlueprint /Game/Brackeys2026/UI/BP_UI.BP_UI
[2026.08.25-00.49.31:833][810]LogTemp: Repeating last play command: Selected Viewport
[2026.08.25-00.49.31:843][810]LogPlayLevel: PlayLevel: No blueprints needed recompiling
[2026.08.25-00.49.31:843][810]PIE: New page: PIE session: Brackeys2026Map (Aug 24, 2026, 10:49:31 AM)
[2026.08.25-00.49.31:843][810]LogPlayLevel: Creating play world package: /Game/Brackeys2026/Levels/UEDPIE_0_Brackeys2026Map
[2026.08.25-00.49.31:846][810]LogPlayLevel: PIE: StaticDuplicateObject took: (0.003080s)
[2026.08.25-00.49.31:847][810]LogAIModule: Creating AISystem for world Brackeys2026Map
[2026.08.25-00.49.31:847][810]LogPlayLevel: PIE: World Init took: (0.001155s)
[2026.08.25-00.49.31:847][810]LogPlayLevel: PIE: Created PIE world by copying editor world from /Game/Brackeys2026/Levels/Brackeys2026Map.Brackeys2026Map to /Game/Brackeys2026/Levels/UEDPIE_0_Brackeys2026Map.Brackeys2026Map (0.004393s)
[2026.08.25-00.49.31:882][810]LogUObjectHash: Compacting FUObjectHashTables data took   2.94ms
[2026.08.25-00.49.31:883][810]LogAudio: Display: Creating Audio Device:                 Id: 21, Scope: Unique, Realtime: True
[2026.08.25-00.49.31:883][810]LogAudioMixer: Display: Audio Mixer Platform Settings:
[2026.08.25-00.49.31:883][810]LogAudioMixer: Display: 	Sample Rate:						  48000
[2026.08.25-00.49.31:883][810]LogAudioMixer: Display: 	Callback Buffer Frame Size Requested: 1024
[2026.08.25-00.49.31:883][810]LogAudioMixer: Display: 	Callback Buffer Frame Size To Use:	  1024
[2026.08.25-00.49.31:883][810]LogAudioMixer: Display: 	Number of buffers to queue:			  2
[2026.08.25-00.49.31:883][810]LogAudioMixer: Display: 	Max Channels (voices):				  32
[2026.08.25-00.49.31:883][810]LogAudioMixer: Display: 	Number of Async Source Workers:		  0
[2026.08.25-00.49.31:883][810]LogAudio: Display: AudioDevice MaxSources: 32
[2026.08.25-00.49.31:883][810]LogAudio: Display: Audio Spatialization Plugin: None (built-in).
[2026.08.25-00.49.31:883][810]LogAudio: Display: Audio Reverb Plugin: None (built-in).
[2026.08.25-00.49.31:883][810]LogAudio: Display: Audio Occlusion Plugin: None (built-in).
[2026.08.25-00.49.31:883][810]LogAudioMixer: Display: Initializing audio mixer.
[2026.08.25-00.49.31:887][810]LogAudioMixer: Display: 0: FrontLeft
[2026.08.25-00.49.31:887][810]LogAudioMixer: Display: 1: FrontRight
[2026.08.25-00.49.31:900][810]LogAudioMixer: Display: Using Audio Device Realtek HD Audio 2nd output (Realtek(R) Audio)
[2026.08.25-00.49.31:900][810]LogAudioMixer: Display: Initializing Sound Submixes...
[2026.08.25-00.49.31:900][810]LogAudioMixer: Display: Creating Master Submix 'MasterSubmixDefault'
[2026.08.25-00.49.31:900][810]LogAudioMixer: Display: Creating Master Submix 'MasterReverbSubmixDefault'
[2026.08.25-00.49.31:900][810]LogAudioMixer: Display: Creating Master Submix 'MasterEQSubmixDefault'
[2026.08.25-00.49.31:900][810]LogAudioMixer: FMixerPlatformXAudio2::StartAudioStream() called
[2026.08.25-00.49.31:900][810]LogAudioMixer: Display: Output buffers initialized: Frames=1024, Channels=2, Samples=2048
[2026.08.25-00.49.31:902][810]LogAudioMixer: Display: Starting AudioMixerPlatformInterface::RunInternal()
[2026.08.25-00.49.31:902][810]LogAudioMixer: Display: FMixerPlatformXAudio2::SubmitBuffer() called for the first time
[2026.08.25-00.49.31:902][810]LogInit: FAudioDevice initialized.
[2026.08.25-00.49.31:902][810]LogAudio: Display: Audio Device (ID: 21) registered with world 'Brackeys2026Map'.
[2026.08.25-00.49.31:953][810]LogSlate: Updating window title bar state: overlay mode, drag disabled, window buttons hidden, title bar hidden
[2026.08.25-00.49.31:953][810]LogLoad: Game class is 'BrackeysGameMode_C'
[2026.08.25-00.49.31:955][810]LogWorld: Bringing World /Game/Brackeys2026/Levels/UEDPIE_0_Brackeys2026Map.Brackeys2026Map up for play (max tick rate 0) at 2026.08.24-17.49.31
[2026.08.25-00.49.31:955][810]LogWorld: Bringing up level for play took: 0.001097
[2026.08.25-00.49.31:955][810]LogOnline: OSS: Creating online subsystem instance for: :Context_31
[2026.08.25-00.49.31:957][810]LogBlueprintUserMessages: [BP_CoinGun_2] true
[2026.08.25-00.49.31:957][810]LogBlueprintUserMessages: [BP_CoinGun_2] true
[2026.08.25-00.49.31:959][810]LogBlueprintUserMessages: [BP_CoinGun_2] false
[2026.08.25-00.49.31:959][810]LogBlueprintUserMessages: [BP_CoinGun_2] false
[2026.08.25-00.49.31:959][810]LogBlueprintUserMessages: [BP_CoinGun_2] false
[2026.08.25-00.49.31:959][810]LogBlueprintUserMessages: [BP_CoinGun_2] false
[2026.08.25-00.49.31:961][810]PIE: Server logged in
[2026.08.25-00.49.31:962][810]PIE: Play in editor total start time 0.122 seconds.
[2026.08.25-00.49.40:912][875]LogSlate: Updating window title bar state: overlay mode, drag disabled, window buttons hidden, title bar hidden
[2026.08.25-00.49.40:912][875]LogWorld: BeginTearingDown for /Game/Brackeys2026/Levels/UEDPIE_0_Brackeys2026Map
[2026.08.25-00.49.40:913][875]LogSlate: Window 'BrackeysJam2026 Preview [NetMode: Standalone]  (64-bit/Windows) ' being destroyed
[2026.08.25-00.49.40:921][875]LogWorld: UWorld::CleanupWorld for Brackeys2026Map, bSessionEnded=true, bCleanupResources=true
[2026.08.25-00.49.40:921][875]LogSlate: InvalidateAllWidgets triggered.  All widgets were invalidated
[2026.08.25-00.49.40:929][875]LogPlayLevel: Display: Shutting down PIE online subsystems
[2026.08.25-00.49.40:934][875]LogSlate: InvalidateAllWidgets triggered.  All widgets were invalidated
[2026.08.25-00.49.40:965][875]LogAudio: Display: Audio Device unregistered from world 'None'.
[2026.08.25-00.49.40:965][875]LogAudioMixer: FMixerPlatformXAudio2::StopAudioStream() called
[2026.08.25-00.49.40:966][875]LogAudioMixer: FMixerPlatformXAudio2::StopAudioStream() called
[2026.08.25-00.49.40:971][875]LogUObjectHash: Compacting FUObjectHashTables data took   2.18ms
[2026.08.25-00.49.40:991][876]LogPlayLevel: Display: Destroying online subsystem :Context_31
[2026.08.25-00.49.48:675][369]LogTemp: Repeating last play command: Selected Viewport
[2026.08.25-00.49.48:684][369]LogPlayLevel: PlayLevel: No blueprints needed recompiling
[2026.08.25-00.49.48:684][369]PIE: New page: PIE session: Brackeys2026Map (Aug 24, 2026, 10:49:48 AM)
[2026.08.25-00.49.48:684][369]LogPlayLevel: Creating play world package: /Game/Brackeys2026/Levels/UEDPIE_0_Brackeys2026Map
[2026.08.25-00.49.48:687][369]LogPlayLevel: PIE: StaticDuplicateObject took: (0.002584s)
[2026.08.25-00.49.48:688][369]LogAIModule: Creating AISystem for world Brackeys2026Map
[2026.08.25-00.49.48:688][369]LogPlayLevel: PIE: World Init took: (0.001456s)
[2026.08.25-00.49.48:688][369]LogPlayLevel: PIE: Created PIE world by copying editor world from /Game/Brackeys2026/Levels/Brackeys2026Map.Brackeys2026Map to /Game/Brackeys2026/Levels/UEDPIE_0_Brackeys2026Map.Brackeys2026Map (0.004208s)
[2026.08.25-00.49.48:722][369]LogUObjectHash: Compacting FUObjectHashTables data took   2.14ms
[2026.08.25-00.49.48:723][369]LogAudio: Display: Creating Audio Device:                 Id: 22, Scope: Unique, Realtime: True
[2026.08.25-00.49.48:723][369]LogAudioMixer: Display: Audio Mixer Platform Settings:
[2026.08.25-00.49.48:723][369]LogAudioMixer: Display: 	Sample Rate:						  48000
[2026.08.25-00.49.48:723][369]LogAudioMixer: Display: 	Callback Buffer Frame Size Requested: 1024
[2026.08.25-00.49.48:723][369]LogAudioMixer: Display: 	Callback Buffer Frame Size To Use:	  1024
[2026.08.25-00.49.48:723][369]LogAudioMixer: Display: 	Number of buffers to queue:			  2
[2026.08.25-00.49.48:723][369]LogAudioMixer: Display: 	Max Channels (voices):				  32
[2026.08.25-00.49.48:723][369]LogAudioMixer: Display: 	Number of Async Source Workers:		  0
[2026.08.25-00.49.48:723][369]LogAudio: Display: AudioDevice MaxSources: 32
[2026.08.25-00.49.48:723][369]LogAudio: Display: Audio Spatialization Plugin: None (built-in).
[2026.08.25-00.49.48:723][369]LogAudio: Display: Audio Reverb Plugin: None (built-in).
[2026.08.25-00.49.48:723][369]LogAudio: Display: Audio Occlusion Plugin: None (built-in).
[2026.08.25-00.49.48:723][369]LogAudioMixer: Display: Initializing audio mixer.
[2026.08.25-00.49.48:728][369]LogAudioMixer: Display: 0: FrontLeft
[2026.08.25-00.49.48:728][369]LogAudioMixer: Display: 1: FrontRight
[2026.08.25-00.49.48:743][369]LogAudioMixer: Display: Using Audio Device Realtek HD Audio 2nd output (Realtek(R) Audio)
[2026.08.25-00.49.48:743][369]LogAudioMixer: Display: Initializing Sound Submixes...
[2026.08.25-00.49.48:744][369]LogAudioMixer: Display: Creating Master Submix 'MasterSubmixDefault'
[2026.08.25-00.49.48:744][369]LogAudioMixer: Display: Creating Master Submix 'MasterReverbSubmixDefault'
[2026.08.25-00.49.48:744][369]LogAudioMixer: Display: Creating Master Submix 'MasterEQSubmixDefault'
[2026.08.25-00.49.48:744][369]LogAudioMixer: FMixerPlatformXAudio2::StartAudioStream() called
[2026.08.25-00.49.48:744][369]LogAudioMixer: Display: Output buffers initialized: Frames=1024, Channels=2, Samples=2048
[2026.08.25-00.49.48:745][369]LogAudioMixer: Display: Starting AudioMixerPlatformInterface::RunInternal()
[2026.08.25-00.49.48:745][369]LogAudioMixer: Display: FMixerPlatformXAudio2::SubmitBuffer() called for the first time
[2026.08.25-00.49.48:745][369]LogInit: FAudioDevice initialized.
[2026.08.25-00.49.48:745][369]LogAudio: Display: Audio Device (ID: 22) registered with world 'Brackeys2026Map'.
[2026.08.25-00.49.48:753][369]LogLoad: Game class is 'BrackeysGameMode_C'
[2026.08.25-00.49.48:754][369]LogWorld: Bringing World /Game/Brackeys2026/Levels/UEDPIE_0_Brackeys2026Map.Brackeys2026Map up for play (max tick rate 0) at 2026.08.24-17.49.48
[2026.08.25-00.49.48:754][369]LogWorld: Bringing up level for play took: 0.000745
[2026.08.25-00.49.48:755][369]LogOnline: OSS: Creating online subsystem instance for: :Context_32
[2026.08.25-00.49.48:757][369]LogBlueprintUserMessages: [BP_CoinGun_2] false
[2026.08.25-00.49.48:757][369]LogBlueprintUserMessages: [BP_CoinGun_2] true
[2026.08.25-00.49.48:757][369]LogBlueprintUserMessages: [BP_CoinGun_2] false
[2026.08.25-00.49.48:757][369]LogBlueprintUserMessages: [BP_CoinGun_2] false
[2026.08.25-00.49.48:757][369]LogBlueprintUserMessages: [BP_CoinGun_2] false
[2026.08.25-00.49.48:757][369]LogBlueprintUserMessages: [BP_CoinGun_2] false
[2026.08.25-00.49.48:757][369]PIE: Server logged in
[2026.08.25-00.49.48:758][369]PIE: Play in editor total start time 0.077 seconds.
[2026.08.25-00.49.49:563][456]LogSlate: Updating window title bar state: overlay mode, drag disabled, window buttons hidden, title bar hidden
[2026.08.25-00.49.49:563][456]LogWorld: BeginTearingDown for /Game/Brackeys2026/Levels/UEDPIE_0_Brackeys2026Map
[2026.08.25-00.49.49:563][456]LogWorld: UWorld::CleanupWorld for Brackeys2026Map, bSessionEnded=true, bCleanupResources=true
[2026.08.25-00.49.49:563][456]LogSlate: InvalidateAllWidgets triggered.  All widgets were invalidated
[2026.08.25-00.49.49:573][456]LogPlayLevel: Display: Shutting down PIE online subsystems
[2026.08.25-00.49.49:580][456]LogSlate: InvalidateAllWidgets triggered.  All widgets were invalidated
[2026.08.25-00.49.49:607][456]LogSlate: Updating window title bar state: overlay mode, drag disabled, window buttons hidden, title bar hidden
[2026.08.25-00.49.49:607][456]LogAudioMixer: FMixerPlatformXAudio2::StopAudioStream() called
[2026.08.25-00.49.49:610][456]LogAudioMixer: FMixerPlatformXAudio2::StopAudioStream() called
[2026.08.25-00.49.49:615][456]LogUObjectHash: Compacting FUObjectHashTables data took   2.19ms
[2026.08.25-00.49.49:635][457]LogPlayLevel: Display: Destroying online subsystem :Context_32
[2026.08.25-00.49.50:825][590]LogTemp: Repeating last play command: Selected Viewport
[2026.08.25-00.49.50:840][590]LogPlayLevel: PlayLevel: No blueprints needed recompiling
[2026.08.25-00.49.50:840][590]PIE: New page: PIE session: Brackeys2026Map (Aug 24, 2026, 10:49:50 AM)
[2026.08.25-00.49.50:840][590]LogPlayLevel: Creating play world package: /Game/Brackeys2026/Levels/UEDPIE_0_Brackeys2026Map
[2026.08.25-00.49.50:843][590]LogPlayLevel: PIE: StaticDuplicateObject took: (0.002794s)
[2026.08.25-00.49.50:844][590]LogAIModule: Creating AISystem for world Brackeys2026Map
[2026.08.25-00.49.50:844][590]LogPlayLevel: PIE: World Init took: (0.001446s)
[2026.08.25-00.49.50:844][590]LogPlayLevel: PIE: Created PIE world by copying editor world from /Game/Brackeys2026/Levels/Brackeys2026Map.Brackeys2026Map to /Game/Brackeys2026/Levels/UEDPIE_0_Brackeys2026Map.Brackeys2026Map (0.004413s)
[2026.08.25-00.49.50:878][590]LogUObjectHash: Compacting FUObjectHashTables data took   2.28ms
[2026.08.25-00.49.50:879][590]LogAudio: Display: Creating Audio Device:                 Id: 23, Scope: Unique, Realtime: True
[2026.08.25-00.49.50:879][590]LogAudioMixer: Display: Audio Mixer Platform Settings:
[2026.08.25-00.49.50:879][590]LogAudioMixer: Display: 	Sample Rate:						  48000
[2026.08.25-00.49.50:879][590]LogAudioMixer: Display: 	Callback Buffer Frame Size Requested: 1024
[2026.08.25-00.49.50:879][590]LogAudioMixer: Display: 	Callback Buffer Frame Size To Use:	  1024
[2026.08.25-00.49.50:879][590]LogAudioMixer: Display: 	Number of buffers to queue:			  2
[2026.08.25-00.49.50:879][590]LogAudioMixer: Display: 	Max Channels (voices):				  32
[2026.08.25-00.49.50:879][590]LogAudioMixer: Display: 	Number of Async Source Workers:		  0
[2026.08.25-00.49.50:879][590]LogAudio: Display: AudioDevice MaxSources: 32
[2026.08.25-00.49.50:879][590]LogAudio: Display: Audio Spatialization Plugin: None (built-in).
[2026.08.25-00.49.50:879][590]LogAudio: Display: Audio Reverb Plugin: None (built-in).
[2026.08.25-00.49.50:879][590]LogAudio: Display: Audio Occlusion Plugin: None (built-in).
[2026.08.25-00.49.50:879][590]LogAudioMixer: Display: Initializing audio mixer.
[2026.08.25-00.49.50:884][590]LogAudioMixer: Display: 0: FrontLeft
[2026.08.25-00.49.50:884][590]LogAudioMixer: Display: 1: FrontRight
[2026.08.25-00.49.50:896][590]LogAudioMixer: Display: Using Audio Device Realtek HD Audio 2nd output (Realtek(R) Audio)
[2026.08.25-00.49.50:897][590]LogAudioMixer: Display: Initializing Sound Submixes...
[2026.08.25-00.49.50:897][590]LogAudioMixer: Display: Creating Master Submix 'MasterSubmixDefault'
[2026.08.25-00.49.50:897][590]LogAudioMixer: Display: Creating Master Submix 'MasterReverbSubmixDefault'
[2026.08.25-00.49.50:897][590]LogAudioMixer: Display: Creating Master Submix 'MasterEQSubmixDefault'
[2026.08.25-00.49.50:897][590]LogAudioMixer: FMixerPlatformXAudio2::StartAudioStream() called
[2026.08.25-00.49.50:897][590]LogAudioMixer: Display: Output buffers initialized: Frames=1024, Channels=2, Samples=2048
[2026.08.25-00.49.50:898][590]LogAudioMixer: Display: Starting AudioMixerPlatformInterface::RunInternal()
[2026.08.25-00.49.50:898][590]LogAudioMixer: Display: FMixerPlatformXAudio2::SubmitBuffer() called for the first time
[2026.08.25-00.49.50:898][590]LogInit: FAudioDevice initialized.
[2026.08.25-00.49.50:898][590]LogAudio: Display: Audio Device (ID: 23) registered with world 'Brackeys2026Map'.
[2026.08.25-00.49.50:949][590]LogSlate: Updating window title bar state: overlay mode, drag disabled, window buttons hidden, title bar hidden
[2026.08.25-00.49.50:950][590]LogLoad: Game class is 'BrackeysGameMode_C'
[2026.08.25-00.49.50:951][590]LogWorld: Bringing World /Game/Brackeys2026/Levels/UEDPIE_0_Brackeys2026Map.Brackeys2026Map up for play (max tick rate 0) at 2026.08.24-17.49.50
[2026.08.25-00.49.50:951][590]LogWorld: Bringing up level for play took: 0.000601
[2026.08.25-00.49.50:951][590]LogOnline: OSS: Creating online subsystem instance for: :Context_33
[2026.08.25-00.49.50:954][590]LogBlueprintUserMessages: [BP_CoinGun_2] false
[2026.08.25-00.49.50:954][590]LogBlueprintUserMessages: [BP_CoinGun_2] false
[2026.08.25-00.49.50:954][590]LogBlueprintUserMessages: [BP_CoinGun_2] false
[2026.08.25-00.49.50:954][590]LogBlueprintUserMessages: [BP_CoinGun_2] true
[2026.08.25-00.49.50:954][590]LogBlueprintUserMessages: [BP_CoinGun_2] false
[2026.08.25-00.49.50:954][590]LogBlueprintUserMessages: [BP_CoinGun_2] false
[2026.08.25-00.49.50:958][590]PIE: Server logged in
[2026.08.25-00.49.50:958][590]PIE: Play in editor total start time 0.123 seconds.
[2026.08.25-00.49.54:802][995]LogSlate: Updating window title bar state: overlay mode, drag disabled, window buttons hidden, title bar hidden
[2026.08.25-00.49.54:802][995]LogWorld: BeginTearingDown for /Game/Brackeys2026/Levels/UEDPIE_0_Brackeys2026Map
[2026.08.25-00.49.54:802][995]LogSlate: Window 'BrackeysJam2026 Preview [NetMode: Standalone]  (64-bit/Windows) ' being destroyed
[2026.08.25-00.49.54:804][995]LogWorld: UWorld::CleanupWorld for Brackeys2026Map, bSessionEnded=true, bCleanupResources=true
[2026.08.25-00.49.54:805][995]LogSlate: InvalidateAllWidgets triggered.  All widgets were invalidated
[2026.08.25-00.49.54:815][995]LogPlayLevel: Display: Shutting down PIE online subsystems
[2026.08.25-00.49.54:819][995]LogSlate: InvalidateAllWidgets triggered.  All widgets were invalidated
[2026.08.25-00.49.54:848][995]LogAudioMixer: FMixerPlatformXAudio2::StopAudioStream() called
[2026.08.25-00.49.54:849][995]LogAudioMixer: FMixerPlatformXAudio2::StopAudioStream() called
[2026.08.25-00.49.54:855][995]LogUObjectHash: Compacting FUObjectHashTables data took   2.10ms
[2026.08.25-00.49.54:873][996]LogPlayLevel: Display: Destroying online subsystem :Context_33
[2026.08.25-00.50.09:274][151]LogTemp: Repeating last play command: Selected Viewport
[2026.08.25-00.50.09:281][151]LogPlayLevel: PlayLevel: No blueprints needed recompiling
[2026.08.25-00.50.09:281][151]PIE: New page: PIE session: Brackeys2026Map (Aug 24, 2026, 10:50:09 AM)
[2026.08.25-00.50.09:283][151]LogPlayLevel: Creating play world package: /Game/Brackeys2026/Levels/UEDPIE_0_Brackeys2026Map
[2026.08.25-00.50.09:284][151]LogPlayLevel: PIE: StaticDuplicateObject took: (0.001645s)
[2026.08.25-00.50.09:285][151]LogAIModule: Creating AISystem for world Brackeys2026Map
[2026.08.25-00.50.09:285][151]LogPlayLevel: PIE: World Init took: (0.000728s)
[2026.08.25-00.50.09:285][151]LogPlayLevel: PIE: Created PIE world by copying editor world from /Game/Brackeys2026/Levels/Brackeys2026Map.Brackeys2026Map to /Game/Brackeys2026/Levels/UEDPIE_0_Brackeys2026Map.Brackeys2026Map (0.002462s)
[2026.08.25-00.50.09:319][151]LogUObjectHash: Compacting FUObjectHashTables data took   2.72ms
[2026.08.25-00.50.09:319][151]LogAudio: Display: Creating Audio Device:                 Id: 24, Scope: Unique, Realtime: True
[2026.08.25-00.50.09:320][151]LogAudioMixer: Display: Audio Mixer Platform Settings:
[2026.08.25-00.50.09:320][151]LogAudioMixer: Display: 	Sample Rate:						  48000
[2026.08.25-00.50.09:320][151]LogAudioMixer: Display: 	Callback Buffer Frame Size Requested: 1024
[2026.08.25-00.50.09:320][151]LogAudioMixer: Display: 	Callback Buffer Frame Size To Use:	  1024
[2026.08.25-00.50.09:320][151]LogAudioMixer: Display: 	Number of buffers to queue:			  2
[2026.08.25-00.50.09:320][151]LogAudioMixer: Display: 	Max Channels (voices):				  32
[2026.08.25-00.50.09:320][151]LogAudioMixer: Display: 	Number of Async Source Workers:		  0
[2026.08.25-00.50.09:320][151]LogAudio: Display: AudioDevice MaxSources: 32
[2026.08.25-00.50.09:320][151]LogAudio: Display: Audio Spatialization Plugin: None (built-in).
[2026.08.25-00.50.09:320][151]LogAudio: Display: Audio Reverb Plugin: None (built-in).
[2026.08.25-00.50.09:320][151]LogAudio: Display: Audio Occlusion Plugin: None (built-in).
[2026.08.25-00.50.09:320][151]LogAudioMixer: Display: Initializing audio mixer.
[2026.08.25-00.50.09:324][151]LogAudioMixer: Display: 0: FrontLeft
[2026.08.25-00.50.09:325][151]LogAudioMixer: Display: 1: FrontRight
[2026.08.25-00.50.09:337][151]LogAudioMixer: Display: Using Audio Device Realtek HD Audio 2nd output (Realtek(R) Audio)
[2026.08.25-00.50.09:337][151]LogAudioMixer: Display: Initializing Sound Submixes...
[2026.08.25-00.50.09:337][151]LogAudioMixer: Display: Creating Master Submix 'MasterSubmixDefault'
[2026.08.25-00.50.09:337][151]LogAudioMixer: Display: Creating Master Submix 'MasterReverbSubmixDefault'
[2026.08.25-00.50.09:338][151]LogAudioMixer: Display: Creating Master Submix 'MasterEQSubmixDefault'
[2026.08.25-00.50.09:338][151]LogAudioMixer: FMixerPlatformXAudio2::StartAudioStream() called
[2026.08.25-00.50.09:338][151]LogAudioMixer: Display: Output buffers initialized: Frames=1024, Channels=2, Samples=2048
[2026.08.25-00.50.09:339][151]LogAudioMixer: Display: Starting AudioMixerPlatformInterface::RunInternal()
[2026.08.25-00.50.09:339][151]LogAudioMixer: Display: FMixerPlatformXAudio2::SubmitBuffer() called for the first time
[2026.08.25-00.50.09:339][151]LogInit: FAudioDevice initialized.
[2026.08.25-00.50.09:339][151]LogAudio: Display: Audio Device (ID: 24) registered with world 'Brackeys2026Map'.
[2026.08.25-00.50.09:365][151]LogSlate: Updating window title bar state: overlay mode, drag disabled, window buttons hidden, title bar hidden
[2026.08.25-00.50.09:365][151]LogLoad: Game class is 'BrackeysGameMode_C'
[2026.08.25-00.50.09:366][151]LogWorld: Bringing World /Game/Brackeys2026/Levels/UEDPIE_0_Brackeys2026Map.Brackeys2026Map up for play (max tick rate 0) at 2026.08.24-17.50.09
[2026.08.25-00.50.09:366][151]LogWorld: Bringing up level for play took: 0.000556
[2026.08.25-00.50.09:366][151]LogOnline: OSS: Creating online subsystem instance for: :Context_34
[2026.08.25-00.50.09:368][151]LogBlueprintUserMessages: [BP_CoinGun_2] false
[2026.08.25-00.50.09:369][151]LogBlueprintUserMessages: [BP_CoinGun_2] false
[2026.08.25-00.50.09:369][151]LogBlueprintUserMessages: [BP_CoinGun_2] true
[2026.08.25-00.50.09:369][151]LogBlueprintUserMessages: [BP_CoinGun_2] false
[2026.08.25-00.50.09:369][151]LogBlueprintUserMessages: [BP_CoinGun_2] false
[2026.08.25-00.50.09:369][151]LogBlueprintUserMessages: [BP_CoinGun_2] true
[2026.08.25-00.50.09:370][151]PIE: Server logged in
[2026.08.25-00.50.09:371][151]PIE: Play in editor total start time 0.092 seconds.
[2026.08.25-00.50.11:163][353]LogSlate: Updating window title bar state: overlay mode, drag disabled, window buttons hidden, title bar hidden
[2026.08.25-00.50.11:163][353]LogWorld: BeginTearingDown for /Game/Brackeys2026/Levels/UEDPIE_0_Brackeys2026Map
[2026.08.25-00.50.11:163][353]LogSlate: Window 'BrackeysJam2026 Preview [NetMode: Standalone]  (64-bit/Windows) ' being destroyed
[2026.08.25-00.50.11:168][353]LogWorld: UWorld::CleanupWorld for Brackeys2026Map, bSessionEnded=true, bCleanupResources=true
[2026.08.25-00.50.11:169][353]LogSlate: InvalidateAllWidgets triggered.  All widgets were invalidated
[2026.08.25-00.50.11:174][353]LogPlayLevel: Display: Shutting down PIE online subsystems
[2026.08.25-00.50.11:179][353]LogSlate: InvalidateAllWidgets triggered.  All widgets were invalidated
[2026.08.25-00.50.11:208][353]LogAudioMixer: FMixerPlatformXAudio2::StopAudioStream() called
[2026.08.25-00.50.11:209][353]LogAudioMixer: FMixerPlatformXAudio2::StopAudioStream() called
[2026.08.25-00.50.11:216][353]LogUObjectHash: Compacting FUObjectHashTables data took   2.17ms
[2026.08.25-00.50.11:236][355]LogPlayLevel: Display: Destroying online subsystem :Context_34
[2026.08.25-00.50.21:418][936]LogTemp: Repeating last play command: Selected Viewport
[2026.08.25-00.50.21:425][936]LogPlayLevel: PlayLevel: No blueprints needed recompiling
[2026.08.25-00.50.21:425][936]PIE: New page: PIE session: Brackeys2026Map (Aug 24, 2026, 10:50:21 AM)
[2026.08.25-00.50.21:425][936]LogPlayLevel: Creating play world package: /Game/Brackeys2026/Levels/UEDPIE_0_Brackeys2026Map
[2026.08.25-00.50.21:426][936]LogPlayLevel: PIE: StaticDuplicateObject took: (0.001769s)
[2026.08.25-00.50.21:427][936]LogAIModule: Creating AISystem for world Brackeys2026Map
[2026.08.25-00.50.21:427][936]LogPlayLevel: PIE: World Init took: (0.000902s)
[2026.08.25-00.50.21:427][936]LogPlayLevel: PIE: Created PIE world by copying editor world from /Game/Brackeys2026/Levels/Brackeys2026Map.Brackeys2026Map to /Game/Brackeys2026/Levels/UEDPIE_0_Brackeys2026Map.Brackeys2026Map (0.002801s)
[2026.08.25-00.50.21:460][936]LogUObjectHash: Compacting FUObjectHashTables data took   2.44ms
[2026.08.25-00.50.21:461][936]LogAudio: Display: Creating Audio Device:                 Id: 25, Scope: Unique, Realtime: True
[2026.08.25-00.50.21:461][936]LogAudioMixer: Display: Audio Mixer Platform Settings:
[2026.08.25-00.50.21:461][936]LogAudioMixer: Display: 	Sample Rate:						  48000
[2026.08.25-00.50.21:461][936]LogAudioMixer: Display: 	Callback Buffer Frame Size Requested: 1024
[2026.08.25-00.50.21:461][936]LogAudioMixer: Display: 	Callback Buffer Frame Size To Use:	  1024
[2026.08.25-00.50.21:461][936]LogAudioMixer: Display: 	Number of buffers to queue:			  2
[2026.08.25-00.50.21:461][936]LogAudioMixer: Display: 	Max Channels (voices):				  32
[2026.08.25-00.50.21:461][936]LogAudioMixer: Display: 	Number of Async Source Workers:		  0
[2026.08.25-00.50.21:461][936]LogAudio: Display: AudioDevice MaxSources: 32
[2026.08.25-00.50.21:461][936]LogAudio: Display: Audio Spatialization Plugin: None (built-in).
[2026.08.25-00.50.21:461][936]LogAudio: Display: Audio Reverb Plugin: None (built-in).
[2026.08.25-00.50.21:461][936]LogAudio: Display: Audio Occlusion Plugin: None (built-in).
[2026.08.25-00.50.21:461][936]LogAudioMixer: Display: Initializing audio mixer.
[2026.08.25-00.50.21:466][936]LogAudioMixer: Display: 0: FrontLeft
[2026.08.25-00.50.21:466][936]LogAudioMixer: Display: 1: FrontRight
[2026.08.25-00.50.21:481][936]LogAudioMixer: Display: Using Audio Device Realtek HD Audio 2nd output (Realtek(R) Audio)
[2026.08.25-00.50.21:481][936]LogAudioMixer: Display: Initializing Sound Submixes...
[2026.08.25-00.50.21:481][936]LogAudioMixer: Display: Creating Master Submix 'MasterSubmixDefault'
[2026.08.25-00.50.21:481][936]LogAudioMixer: Display: Creating Master Submix 'MasterReverbSubmixDefault'
[2026.08.25-00.50.21:481][936]LogAudioMixer: Display: Creating Master Submix 'MasterEQSubmixDefault'
[2026.08.25-00.50.21:481][936]LogAudioMixer: FMixerPlatformXAudio2::StartAudioStream() called
[2026.08.25-00.50.21:481][936]LogAudioMixer: Display: Output buffers initialized: Frames=1024, Channels=2, Samples=2048
[2026.08.25-00.50.21:482][936]LogAudioMixer: Display: Starting AudioMixerPlatformInterface::RunInternal()
[2026.08.25-00.50.21:482][936]LogAudioMixer: Display: FMixerPlatformXAudio2::SubmitBuffer() called for the first time
[2026.08.25-00.50.21:482][936]LogInit: FAudioDevice initialized.
[2026.08.25-00.50.21:482][936]LogAudio: Display: Audio Device (ID: 25) registered with world 'Brackeys2026Map'.
[2026.08.25-00.50.21:516][936]LogSlate: Updating window title bar state: overlay mode, drag disabled, window buttons hidden, title bar hidden
[2026.08.25-00.50.21:516][936]LogLoad: Game class is 'BrackeysGameMode_C'
[2026.08.25-00.50.21:519][936]LogWorld: Bringing World /Game/Brackeys2026/Levels/UEDPIE_0_Brackeys2026Map.Brackeys2026Map up for play (max tick rate 0) at 2026.08.24-17.50.21
[2026.08.25-00.50.21:519][936]LogWorld: Bringing up level for play took: 0.001362
[2026.08.25-00.50.21:519][936]LogOnline: OSS: Creating online subsystem instance for: :Context_35
[2026.08.25-00.50.21:523][936]LogBlueprintUserMessages: [BP_CoinGun_2] false
[2026.08.25-00.50.21:523][936]LogBlueprintUserMessages: [BP_CoinGun_2] false
[2026.08.25-00.50.21:523][936]LogBlueprintUserMessages: [BP_CoinGun_2] false
[2026.08.25-00.50.21:523][936]LogBlueprintUserMessages: [BP_CoinGun_2] false
[2026.08.25-00.50.21:523][936]LogBlueprintUserMessages: [BP_CoinGun_2] true
[2026.08.25-00.50.21:523][936]LogBlueprintUserMessages: [BP_CoinGun_2] true
[2026.08.25-00.50.21:525][936]PIE: Server logged in
[2026.08.25-00.50.21:525][936]PIE: Play in editor total start time 0.104 seconds.
[2026.08.25-00.50.28:442][595]LogSlate: Updating window title bar state: overlay mode, drag disabled, window buttons hidden, title bar hidden
[2026.08.25-00.50.28:442][595]LogWorld: BeginTearingDown for /Game/Brackeys2026/Levels/UEDPIE_0_Brackeys2026Map
[2026.08.25-00.50.28:442][595]LogSlate: Window 'BrackeysJam2026 Preview [NetMode: Standalone]  (64-bit/Windows) ' being destroyed
[2026.08.25-00.50.28:444][595]LogWorld: UWorld::CleanupWorld for Brackeys2026Map, bSessionEnded=true, bCleanupResources=true
[2026.08.25-00.50.28:446][595]LogSlate: InvalidateAllWidgets triggered.  All widgets were invalidated
[2026.08.25-00.50.28:456][595]LogPlayLevel: Display: Shutting down PIE online subsystems
[2026.08.25-00.50.28:460][595]LogSlate: InvalidateAllWidgets triggered.  All widgets were invalidated
[2026.08.25-00.50.28:490][595]LogAudioMixer: FMixerPlatformXAudio2::StopAudioStream() called
[2026.08.25-00.50.28:491][595]LogAudioMixer: FMixerPlatformXAudio2::StopAudioStream() called
[2026.08.25-00.50.28:497][595]LogUObjectHash: Compacting FUObjectHashTables data took   2.51ms
[2026.08.25-00.50.28:512][596]LogPlayLevel: Display: Destroying online subsystem :Context_35
[2026.08.25-00.50.38:991][ 99]LogTemp: Repeating last play command: Selected Viewport
[2026.08.25-00.50.39:003][ 99]LogPlayLevel: PlayLevel: No blueprints needed recompiling
[2026.08.25-00.50.39:003][ 99]PIE: New page: PIE session: Brackeys2026Map (Aug 24, 2026, 10:50:39 AM)
[2026.08.25-00.50.39:003][ 99]LogPlayLevel: Creating play world package: /Game/Brackeys2026/Levels/UEDPIE_0_Brackeys2026Map
[2026.08.25-00.50.39:006][ 99]LogPlayLevel: PIE: StaticDuplicateObject took: (0.002460s)
[2026.08.25-00.50.39:007][ 99]LogAIModule: Creating AISystem for world Brackeys2026Map
[2026.08.25-00.50.39:007][ 99]LogPlayLevel: PIE: World Init took: (0.001387s)
[2026.08.25-00.50.39:007][ 99]LogPlayLevel: PIE: Created PIE world by copying editor world from /Game/Brackeys2026/Levels/Brackeys2026Map.Brackeys2026Map to /Game/Brackeys2026/Levels/UEDPIE_0_Brackeys2026Map.Brackeys2026Map (0.003994s)
[2026.08.25-00.50.39:039][ 99]LogUObjectHash: Compacting FUObjectHashTables data took   2.17ms
[2026.08.25-00.50.39:039][ 99]LogAudio: Display: Creating Audio Device:                 Id: 26, Scope: Unique, Realtime: True
[2026.08.25-00.50.39:040][ 99]LogAudioMixer: Display: Audio Mixer Platform Settings:
[2026.08.25-00.50.39:040][ 99]LogAudioMixer: Display: 	Sample Rate:						  48000
[2026.08.25-00.50.39:040][ 99]LogAudioMixer: Display: 	Callback Buffer Frame Size Requested: 1024
[2026.08.25-00.50.39:040][ 99]LogAudioMixer: Display: 	Callback Buffer Frame Size To Use:	  1024
[2026.08.25-00.50.39:040][ 99]LogAudioMixer: Display: 	Number of buffers to queue:			  2
[2026.08.25-00.50.39:040][ 99]LogAudioMixer: Display: 	Max Channels (voices):				  32
[2026.08.25-00.50.39:040][ 99]LogAudioMixer: Display: 	Number of Async Source Workers:		  0
[2026.08.25-00.50.39:040][ 99]LogAudio: Display: AudioDevice MaxSources: 32
[2026.08.25-00.50.39:040][ 99]LogAudio: Display: Audio Spatialization Plugin: None (built-in).
[2026.08.25-00.50.39:040][ 99]LogAudio: Display: Audio Reverb Plugin: None (built-in).
[2026.08.25-00.50.39:040][ 99]LogAudio: Display: Audio Occlusion Plugin: None (built-in).
[2026.08.25-00.50.39:040][ 99]LogAudioMixer: Display: Initializing audio mixer.
[2026.08.25-00.50.39:045][ 99]LogAudioMixer: Display: 0: FrontLeft
[2026.08.25-00.50.39:045][ 99]LogAudioMixer: Display: 1: FrontRight
[2026.08.25-00.50.39:057][ 99]LogAudioMixer: Display: Using Audio Device Realtek HD Audio 2nd output (Realtek(R) Audio)
[2026.08.25-00.50.39:057][ 99]LogAudioMixer: Display: Initializing Sound Submixes...
[2026.08.25-00.50.39:057][ 99]LogAudioMixer: Display: Creating Master Submix 'MasterSubmixDefault'
[2026.08.25-00.50.39:057][ 99]LogAudioMixer: Display: Creating Master Submix 'MasterReverbSubmixDefault'
[2026.08.25-00.50.39:058][ 99]LogAudioMixer: Display: Creating Master Submix 'MasterEQSubmixDefault'
[2026.08.25-00.50.39:058][ 99]LogAudioMixer: FMixerPlatformXAudio2::StartAudioStream() called
[2026.08.25-00.50.39:058][ 99]LogAudioMixer: Display: Output buffers initialized: Frames=1024, Channels=2, Samples=2048
[2026.08.25-00.50.39:060][ 99]LogAudioMixer: Display: Starting AudioMixerPlatformInterface::RunInternal()
[2026.08.25-00.50.39:060][ 99]LogAudioMixer: Display: FMixerPlatformXAudio2::SubmitBuffer() called for the first time
[2026.08.25-00.50.39:060][ 99]LogInit: FAudioDevice initialized.
[2026.08.25-00.50.39:060][ 99]LogAudio: Display: Audio Device (ID: 26) registered with world 'Brackeys2026Map'.
[2026.08.25-00.50.39:081][ 99]LogSlate: Updating window title bar state: overlay mode, drag disabled, window buttons hidden, title bar hidden
[2026.08.25-00.50.39:082][ 99]LogLoad: Game class is 'BrackeysGameMode_C'
[2026.08.25-00.50.39:083][ 99]LogWorld: Bringing World /Game/Brackeys2026/Levels/UEDPIE_0_Brackeys2026Map.Brackeys2026Map up for play (max tick rate 0) at 2026.08.24-17.50.39
[2026.08.25-00.50.39:083][ 99]LogWorld: Bringing up level for play took: 0.000885
[2026.08.25-00.50.39:084][ 99]LogOnline: OSS: Creating online subsystem instance for: :Context_36
[2026.08.25-00.50.39:087][ 99]LogBlueprintUserMessages: [BP_CoinGun_2] false
[2026.08.25-00.50.39:087][ 99]LogBlueprintUserMessages: [BP_CoinGun_2] false
[2026.08.25-00.50.39:088][ 99]LogBlueprintUserMessages: [BP_CoinGun_2] false
[2026.08.25-00.50.39:088][ 99]LogBlueprintUserMessages: [BP_CoinGun_2] false
[2026.08.25-00.50.39:088][ 99]LogBlueprintUserMessages: [BP_CoinGun_2] true
[2026.08.25-00.50.39:088][ 99]LogBlueprintUserMessages: [BP_CoinGun_2] false
[2026.08.25-00.50.39:091][ 99]PIE: Server logged in
[2026.08.25-00.50.39:091][ 99]PIE: Play in editor total start time 0.092 seconds.
[2026.08.25-00.50.48:373][437]LogSlate: Updating window title bar state: overlay mode, drag disabled, window buttons hidden, title bar hidden
[2026.08.25-00.50.48:373][437]LogWorld: BeginTearingDown for /Game/Brackeys2026/Levels/UEDPIE_0_Brackeys2026Map
[2026.08.25-00.50.48:373][437]LogSlate: Window 'BrackeysJam2026 Preview [NetMode: Standalone]  (64-bit/Windows) ' being destroyed
[2026.08.25-00.50.48:375][437]LogWorld: UWorld::CleanupWorld for Brackeys2026Map, bSessionEnded=true, bCleanupResources=true
[2026.08.25-00.50.48:375][437]LogSlate: InvalidateAllWidgets triggered.  All widgets were invalidated
[2026.08.25-00.50.48:381][437]LogPlayLevel: Display: Shutting down PIE online subsystems
[2026.08.25-00.50.48:385][437]LogSlate: InvalidateAllWidgets triggered.  All widgets were invalidated
[2026.08.25-00.50.48:416][437]LogAudioMixer: FMixerPlatformXAudio2::StopAudioStream() called
[2026.08.25-00.50.48:417][437]LogAudioMixer: FMixerPlatformXAudio2::StopAudioStream() called
[2026.08.25-00.50.48:422][437]LogUObjectHash: Compacting FUObjectHashTables data took   2.06ms
[2026.08.25-00.50.48:440][438]LogPlayLevel: Display: Destroying online subsystem :Context_36
[2026.08.25-00.51.11:300][ 47]LogTemp: Repeating last play command: Selected Viewport
[2026.08.25-00.51.11:309][ 47]LogPlayLevel: PlayLevel: No blueprints needed recompiling
[2026.08.25-00.51.11:309][ 47]PIE: New page: PIE session: Brackeys2026Map (Aug 24, 2026, 10:51:11 AM)
[2026.08.25-00.51.11:310][ 47]LogPlayLevel: Creating play world package: /Game/Brackeys2026/Levels/UEDPIE_0_Brackeys2026Map
[2026.08.25-00.51.11:311][ 47]LogPlayLevel: PIE: StaticDuplicateObject took: (0.001773s)
[2026.08.25-00.51.11:312][ 47]LogAIModule: Creating AISystem for world Brackeys2026Map
[2026.08.25-00.51.11:312][ 47]LogPlayLevel: PIE: World Init took: (0.000817s)
[2026.08.25-00.51.11:312][ 47]LogPlayLevel: PIE: Created PIE world by copying editor world from /Game/Brackeys2026/Levels/Brackeys2026Map.Brackeys2026Map to /Game/Brackeys2026/Levels/UEDPIE_0_Brackeys2026Map.Brackeys2026Map (0.002694s)
[2026.08.25-00.51.11:344][ 47]LogUObjectHash: Compacting FUObjectHashTables data took   2.08ms
[2026.08.25-00.51.11:345][ 47]LogAudio: Display: Creating Audio Device:                 Id: 27, Scope: Unique, Realtime: True
[2026.08.25-00.51.11:345][ 47]LogAudioMixer: Display: Audio Mixer Platform Settings:
[2026.08.25-00.51.11:345][ 47]LogAudioMixer: Display: 	Sample Rate:						  48000
[2026.08.25-00.51.11:345][ 47]LogAudioMixer: Display: 	Callback Buffer Frame Size Requested: 1024
[2026.08.25-00.51.11:345][ 47]LogAudioMixer: Display: 	Callback Buffer Frame Size To Use:	  1024
[2026.08.25-00.51.11:345][ 47]LogAudioMixer: Display: 	Number of buffers to queue:			  2
[2026.08.25-00.51.11:345][ 47]LogAudioMixer: Display: 	Max Channels (voices):				  32
[2026.08.25-00.51.11:345][ 47]LogAudioMixer: Display: 	Number of Async Source Workers:		  0
[2026.08.25-00.51.11:345][ 47]LogAudio: Display: AudioDevice MaxSources: 32
[2026.08.25-00.51.11:345][ 47]LogAudio: Display: Audio Spatialization Plugin: None (built-in).
[2026.08.25-00.51.11:345][ 47]LogAudio: Display: Audio Reverb Plugin: None (built-in).
[2026.08.25-00.51.11:345][ 47]LogAudio: Display: Audio Occlusion Plugin: None (built-in).
[2026.08.25-00.51.11:345][ 47]LogAudioMixer: Display: Initializing audio mixer.
[2026.08.25-00.51.11:350][ 47]LogAudioMixer: Display: 0: FrontLeft
[2026.08.25-00.51.11:350][ 47]LogAudioMixer: Display: 1: FrontRight
[2026.08.25-00.51.11:363][ 47]LogAudioMixer: Display: Using Audio Device Realtek HD Audio 2nd output (Realtek(R) Audio)
[2026.08.25-00.51.11:363][ 47]LogAudioMixer: Display: Initializing Sound Submixes...
[2026.08.25-00.51.11:363][ 47]LogAudioMixer: Display: Creating Master Submix 'MasterSubmixDefault'
[2026.08.25-00.51.11:363][ 47]LogAudioMixer: Display: Creating Master Submix 'MasterReverbSubmixDefault'
[2026.08.25-00.51.11:363][ 47]LogAudioMixer: Display: Creating Master Submix 'MasterEQSubmixDefault'
[2026.08.25-00.51.11:363][ 47]LogAudioMixer: FMixerPlatformXAudio2::StartAudioStream() called
[2026.08.25-00.51.11:364][ 47]LogAudioMixer: Display: Output buffers initialized: Frames=1024, Channels=2, Samples=2048
[2026.08.25-00.51.11:364][ 47]LogAudioMixer: Display: Starting AudioMixerPlatformInterface::RunInternal()
[2026.08.25-00.51.11:364][ 47]LogAudioMixer: Display: FMixerPlatformXAudio2::SubmitBuffer() called for the first time
[2026.08.25-00.51.11:364][ 47]LogInit: FAudioDevice initialized.
[2026.08.25-00.51.11:365][ 47]LogAudio: Display: Audio Device (ID: 27) registered with world 'Brackeys2026Map'.
[2026.08.25-00.51.11:415][ 47]LogSlate: Updating window title bar state: overlay mode, drag disabled, window buttons hidden, title bar hidden
[2026.08.25-00.51.11:415][ 47]LogLoad: Game class is 'BrackeysGameMode_C'
[2026.08.25-00.51.11:419][ 47]LogWorld: Bringing World /Game/Brackeys2026/Levels/UEDPIE_0_Brackeys2026Map.Brackeys2026Map up for play (max tick rate 0) at 2026.08.24-17.51.11
[2026.08.25-00.51.11:419][ 47]LogWorld: Bringing up level for play took: 0.001019
[2026.08.25-00.51.11:419][ 47]LogOnline: OSS: Creating online subsystem instance for: :Context_37
[2026.08.25-00.51.11:422][ 47]LogBlueprintUserMessages: [BP_CoinGun_2] false
[2026.08.25-00.51.11:423][ 47]LogBlueprintUserMessages: [BP_CoinGun_2] false
[2026.08.25-00.51.11:423][ 47]LogBlueprintUserMessages: [BP_CoinGun_2] false
[2026.08.25-00.51.11:423][ 47]LogBlueprintUserMessages: [BP_CoinGun_2] false
[2026.08.25-00.51.11:423][ 47]LogBlueprintUserMessages: [BP_CoinGun_2] true
[2026.08.25-00.51.11:423][ 47]LogBlueprintUserMessages: [BP_CoinGun_2] false
[2026.08.25-00.51.11:427][ 47]PIE: Server logged in
[2026.08.25-00.51.11:428][ 47]PIE: Play in editor total start time 0.122 seconds.
[2026.08.25-00.51.30:532][ 73]LogSlate: Window 'BrackeysJam2026 Preview [NetMode: Standalone]  (64-bit/Windows) ' being destroyed
[2026.08.25-00.51.30:543][ 73]LogWorld: BeginTearingDown for /Game/Brackeys2026/Levels/UEDPIE_0_Brackeys2026Map
[2026.08.25-00.51.30:543][ 73]LogWorld: UWorld::CleanupWorld for Brackeys2026Map, bSessionEnded=true, bCleanupResources=true
[2026.08.25-00.51.30:543][ 73]LogSlate: InvalidateAllWidgets triggered.  All widgets were invalidated
[2026.08.25-00.51.30:548][ 73]LogPlayLevel: Display: Shutting down PIE online subsystems
[2026.08.25-00.51.30:554][ 73]LogSlate: InvalidateAllWidgets triggered.  All widgets were invalidated
[2026.08.25-00.51.30:583][ 73]LogAudioMixer: FMixerPlatformXAudio2::StopAudioStream() called
[2026.08.25-00.51.30:584][ 73]LogAudioMixer: FMixerPlatformXAudio2::StopAudioStream() called
[2026.08.25-00.51.30:590][ 73]LogUObjectHash: Compacting FUObjectHashTables data took   2.15ms
[2026.08.25-00.51.30:634][ 77]LogPlayLevel: Display: Destroying online subsystem :Context_37
[2026.08.25-00.53.06:027][394]BlueprintLog: New page: Compile BP_UI
[2026.08.25-00.53.06:070][394]LogUObjectHash: Compacting FUObjectHashTables data took   2.78ms
[2026.08.25-00.53.08:804][431]Cmd: OBJ SAVEPACKAGE PACKAGE="/Game/Brackeys2026/UI/BP_UI" FILE="E:/_Alex's Data/Unreal Engine/Unreal Projects/Brackeys2026/Brackeys-2026/BrackeysJam2026/Content/Brackeys2026/UI/BP_UI.uasset" SILENT=true
[2026.08.25-00.53.08:823][431]LogSavePackage: Moving 'E:/_Alex's Data/Unreal Engine/Unreal Projects/Brackeys2026/Brackeys-2026/BrackeysJam2026/Saved/BP_UIA1E0208C4E2029B3CBCE958DEFB83124.tmp' to 'E:/_Alex's Data/Unreal Engine/Unreal Projects/Brackeys2026/Brackeys-2026/BrackeysJam2026/Content/Brackeys2026/UI/BP_UI.uasset'
[2026.08.25-00.53.08:850][431]AssetCheck: New page: Asset Save: BP_UI
[2026.08.25-00.53.08:851][431]LogContentValidation: Display: Validating WidgetBlueprint /Game/Brackeys2026/UI/BP_UI.BP_UI
[2026.08.25-00.53.45:898][647]BlueprintLog: New page: Compile BrackeysGameMode
[2026.08.25-00.53.45:951][647]LogUObjectHash: Compacting FUObjectHashTables data took   3.13ms
[2026.08.25-00.53.46:528][709]LogSavePackage: Moving 'E:/_Alex's Data/Unreal Engine/Unreal Projects/Brackeys2026/Brackeys-2026/BrackeysJam2026/Saved/BrackeysGameMode5406BC584962E5FFF0DF5DA95CD84469.tmp' to 'E:/_Alex's Data/Unreal Engine/Unreal Projects/Brackeys2026/Brackeys-2026/BrackeysJam2026/Content/Brackeys2026/Levels/BrackeysGameMode.uasset'
[2026.08.25-00.53.46:549][709]AssetCheck: New page: Asset Save: BrackeysGameMode
[2026.08.25-00.53.46:549][709]LogContentValidation: Display: Validating Blueprint /Game/Brackeys2026/Levels/BrackeysGameMode.BrackeysGameMode
[2026.08.25-00.54.32:429][731]LogUObjectHash: Compacting FUObjectHashTables data took   2.83ms
[2026.08.25-00.54.32:430][731]LogFileHelpers: Editor autosave (incl. external actors) for '/Game/Brackeys2026/Levels/Brackeys2026Map' took 0.035
[2026.08.25-00.54.32:431][731]OBJ SavePackage: Generating thumbnails for [2] asset(s) in package [/Game/Brackeys2026/Objects/Revolver/BP_Revolver] ([4] browsable assets)...
[2026.08.25-00.54.32:464][731]OBJ SavePackage:     Rendered thumbnail for [Blueprint /Game/Brackeys2026/Objects/Revolver/BP_Revolver.BP_Revolver]
[2026.08.25-00.54.32:474][731]OBJ SavePackage:     Rendered thumbnail for [Blueprint /Game/Brackeys2026/Objects/Revolver/BP_Revolver.BP_Revolver]
[2026.08.25-00.54.32:474][731]OBJ SavePackage: Finished generating thumbnails for package [/Game/Brackeys2026/Objects/Revolver/BP_Revolver]
[2026.08.25-00.54.32:559][731]LogSavePackage: Moving 'E:/_Alex's Data/Unreal Engine/Unreal Projects/Brackeys2026/Brackeys-2026/BrackeysJam2026/Saved/BP_Revolver_Auto44D34866446D71E7C014C74B11DBC0FBC.tmp' to 'E:/_Alex's Data/Unreal Engine/Unreal Projects/Brackeys2026/Brackeys-2026/BrackeysJam2026/Saved/Autosaves/Game/Brackeys2026/Objects/Revolver/BP_Revolver_Auto4.uasset'
[2026.08.25-00.54.32:561][731]LogFileHelpers: Auto-saving content packages took 0.130
[2026.08.25-00.55.02:983][309]BlueprintLog: New page: Compile BP_Revolver
[2026.08.25-00.55.03:054][309]LogUObjectHash: Compacting FUObjectHashTables data took   2.39ms
[2026.08.25-00.55.03:572][350]LogSavePackage: Moving 'E:/_Alex's Data/Unreal Engine/Unreal Projects/Brackeys2026/Brackeys-2026/BrackeysJam2026/Saved/BP_RevolverA9B4350D4F0B7A334D8F1084AB88F586.tmp' to 'E:/_Alex's Data/Unreal Engine/Unreal Projects/Brackeys2026/Brackeys-2026/BrackeysJam2026/Content/Brackeys2026/Objects/Revolver/BP_Revolver.uasset'
[2026.08.25-00.55.03:881][350]AssetCheck: New page: Asset Save: BP_Revolver
[2026.08.25-00.55.03:881][350]LogContentValidation: Display: Validating Blueprint /Game/Brackeys2026/Objects/Revolver/BP_Revolver.BP_Revolver
[2026.08.25-01.01.19:579][319]LogUObjectHash: Compacting FUObjectHashTables data took   3.87ms
[2026.08.25-01.01.22:404][319]LogSlate: Window 'Save Content' being destroyed
[2026.08.25-01.01.22:468][319]LogUObjectHash: Compacting FUObjectHashTables data took   0.64ms
[2026.08.25-01.01.22:529][319]LogSavePackage: Moving 'E:/_Alex's Data/Unreal Engine/Unreal Projects/Brackeys2026/Brackeys-2026/BrackeysJam2026/Saved/Brackeys2026Map2C217C9F4862577A66C640A8266B82BB.tmp' to 'E:/_Alex's Data/Unreal Engine/Unreal Projects/Brackeys2026/Brackeys-2026/BrackeysJam2026/Content/Brackeys2026/Levels/Brackeys2026Map.umap'
[2026.08.25-01.01.22:700][319]LogFileHelpers: Saving map 'Brackeys2026Map' took 0.262
[2026.08.25-01.01.22:714][319]AssetCheck: New page: Asset Save: Brackeys2026Map
[2026.08.25-01.01.22:714][319]LogContentValidation: Display: Validating World /Game/Brackeys2026/Levels/Brackeys2026Map.Brackeys2026Map
[2026.08.25-01.19.18:349][134]LogContentBrowser: Attempting asset rename: BP_Phone -> BP_Phone1
[2026.08.25-01.19.18:371][134]LogMetaData: Removing '/Game/Brackeys2026/Objects/Phone/BP_Phone1.BP_Phone1:UserConstructionScript.K2Node_FunctionEntry_0' ref from Metadata '/Game/Brackeys2026/Objects/Phone/BP_Phone.PackageMetaData'
[2026.08.25-01.19.18:371][134]LogMetaData: Removing '/Game/Brackeys2026/Objects/Phone/BP_Phone1.BP_Phone1_C' ref from Metadata '/Game/Brackeys2026/Objects/Phone/BP_Phone.PackageMetaData'
[2026.08.25-01.19.18:371][134]LogMetaData: Removing '/Game/Brackeys2026/Objects/Phone/BP_Phone1.BP_Phone1:EventGraph.K2Node_Event_0' ref from Metadata '/Game/Brackeys2026/Objects/Phone/BP_Phone.PackageMetaData'
[2026.08.25-01.19.18:371][134]LogMetaData: Removing '/Game/Brackeys2026/Objects/Phone/BP_Phone1.BP_Phone1:EventGraph.K2Node_Event_1' ref from Metadata '/Game/Brackeys2026/Objects/Phone/BP_Phone.PackageMetaData'
[2026.08.25-01.19.18:371][134]LogMetaData: Removing '/Game/Brackeys2026/Objects/Phone/BP_Phone1.BP_Phone1:EventGraph.K2Node_Event_2' ref from Metadata '/Game/Brackeys2026/Objects/Phone/BP_Phone.PackageMetaData'
[2026.08.25-01.19.18:371][134]LogMetaData: Removing '/Game/Brackeys2026/Objects/Phone/BP_Phone1.SKEL_BP_Phone1_C:ReceiveBeginPlay' ref from Metadata '/Game/Brackeys2026/Objects/Phone/BP_Phone.PackageMetaData'
[2026.08.25-01.19.18:371][134]LogMetaData: Removing '/Game/Brackeys2026/Objects/Phone/BP_Phone1.SKEL_BP_Phone1_C:ReceiveActorBeginOverlap' ref from Metadata '/Game/Brackeys2026/Objects/Phone/BP_Phone.PackageMetaData'
[2026.08.25-01.19.18:371][134]LogMetaData: Removing '/Game/Brackeys2026/Objects/Phone/BP_Phone1.SKEL_BP_Phone1_C:ReceiveTick' ref from Metadata '/Game/Brackeys2026/Objects/Phone/BP_Phone.PackageMetaData'
[2026.08.25-01.19.18:371][134]LogMetaData: Removing '/Game/Brackeys2026/Objects/Phone/BP_Phone1.SKEL_BP_Phone1_C:UserConstructionScript' ref from Metadata '/Game/Brackeys2026/Objects/Phone/BP_Phone.PackageMetaData'
[2026.08.25-01.19.18:371][134]LogMetaData: Removing '/Game/Brackeys2026/Objects/Phone/BP_Phone1.SKEL_BP_Phone1_C' ref from Metadata '/Game/Brackeys2026/Objects/Phone/BP_Phone.PackageMetaData'
[2026.08.25-01.19.18:906][134]LogSavePackage: Moving 'E:/_Alex's Data/Unreal Engine/Unreal Projects/Brackeys2026/Brackeys-2026/BrackeysJam2026/Saved/BP_Phone154647193455402AECA50EFB47127842A.tmp' to 'E:/_Alex's Data/Unreal Engine/Unreal Projects/Brackeys2026/Brackeys-2026/BrackeysJam2026/Content/Brackeys2026/Objects/Phone/BP_Phone1.uasset'
[2026.08.25-01.19.18:910][134]LogSavePackage: Moving 'E:/_Alex's Data/Unreal Engine/Unreal Projects/Brackeys2026/Brackeys-2026/BrackeysJam2026/Saved/BP_PhoneBE01A0A94845DC7FB5BAF593200F8B64.tmp' to 'E:/_Alex's Data/Unreal Engine/Unreal Projects/Brackeys2026/Brackeys-2026/BrackeysJam2026/Content/Brackeys2026/Objects/Phone/BP_Phone.uasset'
[2026.08.25-01.19.18:963][134]AssetCheck: New page: Asset Save: multiple assets
[2026.08.25-01.19.18:963][134]LogContentValidation: Display: Validating Blueprint /Game/Brackeys2026/Objects/Phone/BP_Phone1.BP_Phone1
[2026.08.25-01.19.18:964][134]LogContentValidation: Display: Validating ObjectRedirector /Game/Brackeys2026/Objects/Phone/BP_Phone.BP_Phone
[2026.08.25-01.19.18:964][134]LogContentValidation: Display: Validating ObjectRedirector /Game/Brackeys2026/Objects/Phone/BP_Phone.Default__BP_Phone_C
[2026.08.25-01.19.18:964][134]LogContentValidation: Display: Validating ObjectRedirector /Game/Brackeys2026/Objects/Phone/BP_Phone.BP_Phone_C
[2026.08.25-01.19.59:947][337]LogUObjectHash: Compacting FUObjectHashTables data took   3.93ms
[2026.08.25-01.19.59:950][337]LogFileHelpers: Editor autosave (incl. external actors) for '/Game/Brackeys2026/Levels/Brackeys2026Map' took 0.045
[2026.08.25-01.19.59:950][337]OBJ SavePackage: Generating thumbnails for [0] asset(s) in package [/Game/Brackeys2026/Levels/BrackeysGameMode] ([2] browsable assets)...
[2026.08.25-01.19.59:950][337]OBJ SavePackage: Finished generating thumbnails for package [/Game/Brackeys2026/Levels/BrackeysGameMode]
[2026.08.25-01.19.59:958][337]LogSavePackage: Moving 'E:/_Alex's Data/Unreal Engine/Unreal Projects/Brackeys2026/Brackeys-2026/BrackeysJam2026/Saved/BrackeysGameMode_Auto53091B20E496685C52E28F69328CDA49C.tmp' to 'E:/_Alex's Data/Unreal Engine/Unreal Projects/Brackeys2026/Brackeys-2026/BrackeysJam2026/Saved/Autosaves/Game/Brackeys2026/Levels/BrackeysGameMode_Auto5.uasset'
[2026.08.25-01.19.59:959][337]OBJ SavePackage: Generating thumbnails for [2] asset(s) in package [/Game/Brackeys2026/Objects/Revolver/BP_Revolver] ([4] browsable assets)...
[2026.08.25-01.19.59:973][337]OBJ SavePackage:     Rendered thumbnail for [Blueprint /Game/Brackeys2026/Objects/Revolver/BP_Revolver.BP_Revolver]
[2026.08.25-01.19.59:982][337]OBJ SavePackage:     Rendered thumbnail for [Blueprint /Game/Brackeys2026/Objects/Revolver/BP_Revolver.BP_Revolver]
[2026.08.25-01.19.59:982][337]OBJ SavePackage: Finished generating thumbnails for package [/Game/Brackeys2026/Objects/Revolver/BP_Revolver]
[2026.08.25-01.20.00:066][337]LogSavePackage: Moving 'E:/_Alex's Data/Unreal Engine/Unreal Projects/Brackeys2026/Brackeys-2026/BrackeysJam2026/Saved/BP_Revolver_Auto5DE669EEB4DB4DDC0DE42E3B25C52F5FA.tmp' to 'E:/_Alex's Data/Unreal Engine/Unreal Projects/Brackeys2026/Brackeys-2026/BrackeysJam2026/Saved/Autosaves/Game/Brackeys2026/Objects/Revolver/BP_Revolver_Auto5.uasset'
[2026.08.25-01.20.00:068][337]LogFileHelpers: Auto-saving content packages took 0.117
[2026.08.25-01.20.22:700][288]LogSlate: Window 'Add Content to the Project' being destroyed
[2026.08.25-01.21.47:782][ 93]LogUObjectHash: Compacting FUObjectHashTables data took   1.78ms
[2026.08.25-01.21.49:338][ 93]LogSlate: Window 'Save Content' being destroyed
[2026.08.25-01.21.49:408][ 93]LogSavePackage: Moving 'E:/_Alex's Data/Unreal Engine/Unreal Projects/Brackeys2026/Brackeys-2026/BrackeysJam2026/Saved/BP_Revolver2B5C8DA84F3CDB72B561D7B26F6DCEF0.tmp' to 'E:/_Alex's Data/Unreal Engine/Unreal Projects/Brackeys2026/Brackeys-2026/BrackeysJam2026/Content/Brackeys2026/Objects/Revolver/BP_Revolver.uasset'
[2026.08.25-01.21.51:265][ 93]LogSavePackage: Moving 'E:/_Alex's Data/Unreal Engine/Unreal Projects/Brackeys2026/Brackeys-2026/BrackeysJam2026/Saved/BrackeysGameMode3F252FD44A6FA0F09756348D59CBC630.tmp' to 'E:/_Alex's Data/Unreal Engine/Unreal Projects/Brackeys2026/Brackeys-2026/BrackeysJam2026/Content/Brackeys2026/Levels/BrackeysGameMode.uasset'
[2026.08.25-01.21.51:313][ 93]AssetCheck: New page: Asset Save: multiple assets
[2026.08.25-01.21.51:313][ 93]LogContentValidation: Display: Validating Blueprint /Game/Brackeys2026/Objects/Revolver/BP_Revolver.BP_Revolver
[2026.08.25-01.21.51:313][ 93]LogContentValidation: Display: Validating Blueprint /Game/Brackeys2026/Levels/BrackeysGameMode.BrackeysGameMode
[2026.08.25-01.22.07:850][252]Cmd: CLOSE_SLATE_MAINFRAME
[2026.08.25-01.22.07:887][252]LogUObjectHash: Compacting FUObjectHashTables data took   1.70ms
[2026.08.25-01.22.07:914][252]LogWorld: UWorld::CleanupWorld for World_1, bSessionEnded=true, bCleanupResources=true
[2026.08.25-01.22.07:914][252]LogSlate: InvalidateAllWidgets triggered.  All widgets were invalidated
[2026.08.25-01.22.08:013][252]LogActorComponent: UnregisterComponent: (/Engine/Transient.EditorFloorComp) Not registered. Aborting.
[2026.08.25-01.22.08:013][252]LogWorld: UWorld::CleanupWorld for World_2, bSessionEnded=true, bCleanupResources=true
[2026.08.25-01.22.08:013][252]LogSlate: InvalidateAllWidgets triggered.  All widgets were invalidated
[2026.08.25-01.22.08:093][252]LogActorComponent: UnregisterComponent: (/Engine/Transient.EditorFloorComp) Not registered. Aborting.
[2026.08.25-01.22.08:093][252]LogWorld: UWorld::CleanupWorld for World_3, bSessionEnded=true, bCleanupResources=true
[2026.08.25-01.22.08:093][252]LogSlate: InvalidateAllWidgets triggered.  All widgets were invalidated
[2026.08.25-01.22.08:173][252]LogActorComponent: UnregisterComponent: (/Engine/Transient.EditorFloorComp) Not registered. Aborting.
[2026.08.25-01.22.08:173][252]LogWorld: UWorld::CleanupWorld for World_4, bSessionEnded=true, bCleanupResources=true
[2026.08.25-01.22.08:173][252]LogSlate: InvalidateAllWidgets triggered.  All widgets were invalidated
[2026.08.25-01.22.08:260][252]LogActorComponent: UnregisterComponent: (/Engine/Transient.EditorFloorComp) Not registered. Aborting.
[2026.08.25-01.22.08:260][252]LogWorld: UWorld::CleanupWorld for World_5, bSessionEnded=true, bCleanupResources=true
[2026.08.25-01.22.08:260][252]LogSlate: InvalidateAllWidgets triggered.  All widgets were invalidated
[2026.08.25-01.22.08:337][252]LogWorld: UWorld::CleanupWorld for World_10, bSessionEnded=true, bCleanupResources=true
[2026.08.25-01.22.08:337][252]LogSlate: InvalidateAllWidgets triggered.  All widgets were invalidated
[2026.08.25-01.22.08:346][252]LogWorld: UWorld::CleanupWorld for World_9, bSessionEnded=true, bCleanupResources=true
[2026.08.25-01.22.08:346][252]LogSlate: InvalidateAllWidgets triggered.  All widgets were invalidated
[2026.08.25-01.22.08:420][252]LogSlate: Window 'Open Project' being destroyed
[2026.08.25-01.22.08:425][252]LogSlate: Window 'BrackeysJam2026 - Unreal Editor' being destroyed
[2026.08.25-01.22.08:671][253]Cmd: QUIT_EDITOR
[2026.08.25-01.22.08:671][253]LogCore: Engine exit requested (reason: UUnrealEdEngine::CloseEditor())
[2026.08.25-01.22.08:773][253]LogCore: Engine exit requested (reason: EngineExit() was called; note: exit was already requested)
[2026.08.25-01.22.09:650][253]LogAudio: Display: Beginning Audio Device Manager Shutdown (Module: AudioMixerXAudio2)...
[2026.08.25-01.22.09:650][253]LogAudio: Display: Destroying 1 Remaining Audio Device(s)...
[2026.08.25-01.22.09:650][253]LogAudio: Display: Audio Device unregistered from world 'Brackeys2026Map'.
[2026.08.25-01.22.09:651][253]LogAudioMixer: FMixerPlatformXAudio2::StopAudioStream() called
[2026.08.25-01.22.09:651][253]LogAudioMixer: FMixerPlatformXAudio2::StopAudioStream() called
[2026.08.25-01.22.09:657][253]LogAudio: Display: Audio Device Manager Shutdown
[2026.08.25-01.22.09:657][253]LogWindowsTextInputMethodSystem: Display: IME system deactivated.
[2026.08.25-01.22.09:664][253]LogExit: Preparing to exit.
[2026.08.25-01.22.10:180][253]LogUObjectHash: Compacting FUObjectHashTables data took   3.17ms
[2026.08.25-01.22.10:309][253]LogWorld: UWorld::CleanupWorld for World_8, bSessionEnded=true, bCleanupResources=true
[2026.08.25-01.22.10:312][253]LogWorld: UWorld::CleanupWorld for World_44, bSessionEnded=true, bCleanupResources=true
[2026.08.25-01.22.10:319][253]LogWorld: UWorld::CleanupWorld for World_45, bSessionEnded=true, bCleanupResources=true
[2026.08.25-01.22.10:323][253]LogWorld: UWorld::CleanupWorld for World_0, bSessionEnded=true, bCleanupResources=true
[2026.08.25-01.22.10:327][253]LogWorld: UWorld::CleanupWorld for World_7, bSessionEnded=true, bCleanupResources=true
[2026.08.25-01.22.10:437][253]LogWorld: UWorld::CleanupWorld for None, bSessionEnded=true, bCleanupResources=true
[2026.08.25-01.22.10:437][253]LogExit: Editor shut down
[2026.08.25-01.22.10:438][253]LogExit: Transaction tracking system shut down
[2026.08.25-01.22.10:447][253]LogDemo: Cleaned up 0 splitscreen connections with owner deletion
[2026.08.25-01.22.10:849][253]LogExit: Object subsystem successfully closed.
[2026.08.25-01.22.10:879][253]LogShaderCompilers: Display: === FShaderJobCache stats ===
[2026.08.25-01.22.10:879][253]LogShaderCompilers: Display: Total job queries 0, among them cache hits 0 (0.00%)
[2026.08.25-01.22.10:879][253]LogShaderCompilers: Display: Tracking 0 distinct input hashes that result in 0 distinct outputs (0.00%)
[2026.08.25-01.22.10:879][253]LogShaderCompilers: Display: RAM used: 0.00 MB (0.00 GB) of 1638.40 MB (1.60 GB) budget. Usage: 0.00%
[2026.08.25-01.22.10:879][253]LogShaderCompilers: Display: ================================================
[2026.08.25-01.22.10:889][253]LogShaderCompilers: Display: Shaders left to compile 0
[2026.08.25-01.22.10:921][253]LogModuleManager: Shutting down and abandoning module MovieSceneCapture (884)
[2026.08.25-01.22.10:921][253]LogModuleManager: Shutting down and abandoning module Voice (882)
[2026.08.25-01.22.10:921][253]LogModuleManager: Shutting down and abandoning module SequencerWidgets (880)
[2026.08.25-01.22.10:921][253]LogModuleManager: Shutting down and abandoning module StaticMeshEditor (878)
[2026.08.25-01.22.10:921][253]LogModuleManager: Shutting down and abandoning module BlueprintGraph (876)
[2026.08.25-01.22.10:921][253]LogModuleManager: Shutting down and abandoning module HierarchicalLODOutliner (874)
[2026.08.25-01.22.10:921][253]LogModuleManager: Shutting down and abandoning module AddContentDialog (872)
[2026.08.25-01.22.10:922][253]LogModuleManager: Shutting down and abandoning module WidgetCarousel (871)
[2026.08.25-01.22.10:922][253]LogModuleManager: Shutting down and abandoning module EditorWidgets (868)
[2026.08.25-01.22.10:922][253]LogModuleManager: Shutting down and abandoning module ExternalImagePicker (866)
[2026.08.25-01.22.10:922][253]LogModuleManager: Shutting down and abandoning module SceneOutliner (864)
[2026.08.25-01.22.10:922][253]LogModuleManager: Shutting down and abandoning module StatsViewer (860)
[2026.08.25-01.22.10:922][253]LogModuleManager: Shutting down and abandoning module PIEPreviewDeviceProfileSelector (858)
[2026.08.25-01.22.10:922][253]LogModuleManager: Shutting down and abandoning module SequenceRecorderSections (856)
[2026.08.25-01.22.10:922][253]LogModuleManager: Shutting down and abandoning module AutomationWorker (854)
[2026.08.25-01.22.10:922][253]LogModuleManager: Shutting down and abandoning module SteamVREditor (852)
[2026.08.25-01.22.10:922][253]LogModuleManager: Shutting down and abandoning module OculusMR (850)
[2026.08.25-01.22.10:922][253]LogModuleManager: Shutting down and abandoning module OpenXRInput (848)
[2026.08.25-01.22.10:922][253]LogModuleManager: Shutting down and abandoning module TakeRecorderSources (846)
[2026.08.25-01.22.10:922][253]LogModuleManager: Shutting down and abandoning module TakeRecorder (845)
[2026.08.25-01.22.10:923][253]LogModuleManager: Shutting down and abandoning module TakeTrackRecorders (842)
[2026.08.25-01.22.10:923][253]LogModuleManager: Shutting down and abandoning module TakesCore (840)
[2026.08.25-01.22.10:923][253]LogModuleManager: Shutting down and abandoning module GooglePADEditor (838)
[2026.08.25-01.22.10:923][253]LogModuleManager: Shutting down and abandoning module AudioCaptureEditor (836)
[2026.08.25-01.22.10:923][253]LogModuleManager: Shutting down and abandoning module TemplateSequenceEditor (834)
[2026.08.25-01.22.10:923][253]LogModuleManager: Shutting down and abandoning module MatineeToLevelSequence (832)
[2026.08.25-01.22.10:923][253]LogModuleManager: Shutting down and abandoning module LevelSequenceEditor (830)
[2026.08.25-01.22.10:923][253]LogModuleManager: Shutting down and abandoning module ActorSequenceEditor (828)
[2026.08.25-01.22.10:923][253]LogModuleManager: Shutting down and abandoning module PlanarCut (826)
[2026.08.25-01.22.10:923][253]LogModuleManager: Shutting down and abandoning module WmfMediaFactory (824)
[2026.08.25-01.22.10:923][253]LogModuleManager: Shutting down and abandoning module WmfMediaEditor (822)
[2026.08.25-01.22.10:923][253]LogModuleManager: Shutting down and abandoning module WebMMediaFactory (820)
[2026.08.25-01.22.10:923][253]LogModuleManager: Shutting down and abandoning module WebMMediaEditor (818)
[2026.08.25-01.22.10:923][253]LogModuleManager: Shutting down and abandoning module WebMMedia (816)
[2026.08.25-01.22.10:923][253]LogModuleManager: Shutting down and abandoning module MediaPlayerEditor (814)
[2026.08.25-01.22.10:923][253]LogModuleManager: Shutting down and abandoning module MediaCompositingEditor (812)
[2026.08.25-01.22.10:923][253]LogModuleManager: Shutting down and abandoning module SequenceRecorder (811)
[2026.08.25-01.22.10:923][253]LogModuleManager: Shutting down and abandoning module OpenExrWrapper (808)
[2026.08.25-01.22.10:923][253]LogModuleManager: Shutting down and abandoning module ImgMediaFactory (806)
[2026.08.25-01.22.10:923][253]LogModuleManager: Shutting down and abandoning module ImgMediaEditor (804)
[2026.08.25-01.22.10:923][253]LogModuleManager: Shutting down and abandoning module AvfMediaFactory (802)
[2026.08.25-01.22.10:923][253]LogModuleManager: Shutting down and abandoning module AvfMediaEditor (800)
[2026.08.25-01.22.10:923][253]LogModuleManager: Shutting down and abandoning module AndroidMediaFactory (798)
[2026.08.25-01.22.10:923][253]LogModuleManager: Shutting down and abandoning module AndroidMediaEditor (796)
[2026.08.25-01.22.10:923][253]LogModuleManager: Shutting down and abandoning module MagicLeapMediaCodecFactory (794)
[2026.08.25-01.22.10:923][253]LogModuleManager: Shutting down and abandoning module MagicLeapMediaFactory (792)
[2026.08.25-01.22.10:923][253]LogModuleManager: Shutting down and abandoning module MagicLeapMediaEditor (790)
[2026.08.25-01.22.10:923][253]LogModuleManager: Shutting down and abandoning module CharacterAI (788)
[2026.08.25-01.22.10:923][253]LogModuleManager: Shutting down and abandoning module TextureAlignMode (786)
[2026.08.25-01.22.10:923][253]LogModuleManager: Shutting down and abandoning module BspMode (784)
[2026.08.25-01.22.10:923][253]LogModuleManager: Shutting down and abandoning module GeometryMode (782)
[2026.08.25-01.22.10:923][253]LogModuleManager: Shutting down and abandoning module CameraShakePreviewer (780)
[2026.08.25-01.22.10:923][253]LogModuleManager: Shutting down and abandoning module SmartSnapping (778)
[2026.08.25-01.22.10:923][253]LogModuleManager: Shutting down and abandoning module SessionServices (776)
[2026.08.25-01.22.10:923][253]LogModuleManager: Shutting down and abandoning module MeshPaint (774)
[2026.08.25-01.22.10:923][253]LogModuleManager: Shutting down and abandoning module VirtualTexturingEditor (772)
[2026.08.25-01.22.10:923][253]LogModuleManager: Shutting down and abandoning module FoliageEdit (770)
[2026.08.25-01.22.10:923][253]LogModuleManager: Shutting down and abandoning module LandscapeEditor (768)
[2026.08.25-01.22.10:923][253]LogModuleManager: Shutting down and abandoning module MeshPaintMode (766)
[2026.08.25-01.22.10:923][253]LogModuleManager: Shutting down and abandoning module SceneDepthPickerMode (764)
[2026.08.25-01.22.10:923][253]LogModuleManager: Shutting down and abandoning module ActorPickerMode (762)
[2026.08.25-01.22.10:923][253]LogModuleManager: Shutting down and abandoning module PlacementMode (760)
[2026.08.25-01.22.10:923][253]LogModuleManager: Shutting down and abandoning module ViewportSnapping (758)
[2026.08.25-01.22.10:923][253]LogModuleManager: Shutting down and abandoning module ViewportInteraction (756)
[2026.08.25-01.22.10:923][253]LogModuleManager: Shutting down and abandoning module ClothPainter (754)
[2026.08.25-01.22.10:923][253]LogModuleManager: Shutting down and abandoning module SkeletalMeshEditor (753)
[2026.08.25-01.22.10:923][253]LogModuleManager: Shutting down and abandoning module LogVisualizer (750)
[2026.08.25-01.22.10:923][253]LogModuleManager: Shutting down and abandoning module IntroTutorials (748)
[2026.08.25-01.22.10:925][253]LogModuleManager: Shutting down and abandoning module GameProjectGeneration (747)
[2026.08.25-01.22.10:925][253]LogModuleManager: Shutting down and abandoning module LuminPlatformEditor (744)
[2026.08.25-01.22.10:925][253]LogModuleManager: Shutting down and abandoning module IOSPlatformEditor (742)
[2026.08.25-01.22.10:925][253]LogModuleManager: Shutting down and abandoning module AndroidPlatformEditor (740)
[2026.08.25-01.22.10:925][253]LogModuleManager: Shutting down and abandoning module AndroidDeviceDetection (739)
[2026.08.25-01.22.11:315][253]LogModuleManager: Shutting down and abandoning module WindowsPlatformEditor (736)
[2026.08.25-01.22.11:315][253]LogModuleManager: Shutting down and abandoning module LuminRuntimeSettings (734)
[2026.08.25-01.22.11:315][253]LogModuleManager: Shutting down and abandoning module IOSRuntimeSettings (732)
[2026.08.25-01.22.11:315][253]LogModuleManager: Shutting down and abandoning module AndroidRuntimeSettings (730)
[2026.08.25-01.22.11:315][253]LogModuleManager: Shutting down and abandoning module TraceInsights (728)
[2026.08.25-01.22.11:315][253]MemoryProfiler: Shutdown
[2026.08.25-01.22.11:315][253]NetworkingProfiler: Shutdown
[2026.08.25-01.22.11:315][253]LoadingProfiler: Shutdown
[2026.08.25-01.22.11:315][253]TimingProfiler: Shutdown
[2026.08.25-01.22.11:315][253]LogModuleManager: Shutting down and abandoning module TraceServices (727)
[2026.08.25-01.22.11:315][253]LogModuleManager: Shutting down and abandoning module EditorInteractiveToolsFramework (724)
[2026.08.25-01.22.11:315][253]LogModuleManager: Shutting down and abandoning module TimeManagementEditor (722)
[2026.08.25-01.22.11:315][253]LogModuleManager: Shutting down and abandoning module InputBindingEditor (720)
[2026.08.25-01.22.11:315][253]LogModuleManager: Shutting down and abandoning module MergeActors (718)
[2026.08.25-01.22.11:315][253]LogModuleManager: Shutting down and abandoning module LocalizationDashboard (716)
[2026.08.25-01.22.11:315][253]LogModuleManager: Shutting down and abandoning module LocalizationService (715)
[2026.08.25-01.22.11:315][253]LogModuleManager: Shutting down and abandoning module HardwareTargeting (712)
[2026.08.25-01.22.11:315][253]LogModuleManager: Shutting down and abandoning module DeviceProfileEditor (710)
[2026.08.25-01.22.11:315][253]LogModuleManager: Shutting down and abandoning module UndoHistory (708)
[2026.08.25-01.22.11:315][253]LogModuleManager: Shutting down and abandoning module XmlParser (706)
[2026.08.25-01.22.11:315][253]LogModuleManager: Shutting down and abandoning module Blutility (704)
[2026.08.25-01.22.11:315][253]LogModuleManager: Shutting down and abandoning module ProjectSettingsViewer (702)
[2026.08.25-01.22.11:315][253]LogModuleManager: Shutting down and abandoning module ProjectTargetPlatformEditor (701)
[2026.08.25-01.22.11:316][253]LogModuleManager: Shutting down and abandoning module EditorSettingsViewer (698)
[2026.08.25-01.22.11:316][253]LogModuleManager: Shutting down and abandoning module InternationalizationSettings (697)
[2026.08.25-01.22.11:316][253]LogModuleManager: Shutting down and abandoning module SettingsEditor (694)
[2026.08.25-01.22.11:316][253]LogModuleManager: Shutting down and abandoning module ProjectLauncher (692)
[2026.08.25-01.22.11:316][253]LogModuleManager: Shutting down and abandoning module SessionFrontend (690)
[2026.08.25-01.22.11:316][253]LogModuleManager: Shutting down and abandoning module ProfilerClient (688)
[2026.08.25-01.22.11:316][253]LogModuleManager: Shutting down and abandoning module DeviceManager (686)
[2026.08.25-01.22.11:316][253]LogModuleManager: Shutting down and abandoning module TargetDeviceServices (685)
[2026.08.25-01.22.11:349][253]LogModuleManager: Shutting down and abandoning module AutomationController (682)
[2026.08.25-01.22.11:349][253]LogModuleManager: Shutting down and abandoning module AutomationWindow (680)
[2026.08.25-01.22.11:349][253]LogModuleManager: Shutting down and abandoning module Layers (678)
[2026.08.25-01.22.11:349][253]LogModuleManager: Shutting down and abandoning module ComponentVisualizers (676)
[2026.08.25-01.22.11:349][253]LogModuleManager: Shutting down and abandoning module DetailCustomizations (674)
[2026.08.25-01.22.11:349][253]LogModuleManager: Shutting down and abandoning module PackagesDialog (672)
[2026.08.25-01.22.11:349][253]LogModuleManager: Shutting down and abandoning module AnimationBlueprintEditor (670)
[2026.08.25-01.22.11:349][253]LogModuleManager: Shutting down and abandoning module Persona (668)
[2026.08.25-01.22.11:349][253]LogModuleManager: Shutting down and abandoning module AdvancedPreviewScene (667)
[2026.08.25-01.22.11:349][253]LogModuleManager: Shutting down and abandoning module AnimGraph (665)
[2026.08.25-01.22.11:349][253]LogModuleManager: Shutting down and abandoning module Kismet (662)
[2026.08.25-01.22.11:368][253]LogModuleManager: Shutting down and abandoning module KismetWidgets (661)
[2026.08.25-01.22.11:368][253]LogModuleManager: Shutting down and abandoning module GraphEditor (658)
[2026.08.25-01.22.11:368][253]LogModuleManager: Shutting down and abandoning module StructViewer (656)
[2026.08.25-01.22.11:368][253]LogModuleManager: Shutting down and abandoning module ClassViewer (654)
[2026.08.25-01.22.11:368][253]LogModuleManager: Shutting down and abandoning module Toolbox (652)
[2026.08.25-01.22.11:368][253]LogModuleManager: Shutting down and abandoning module ModuleUI (650)
[2026.08.25-01.22.11:368][253]LogModuleManager: Shutting down and abandoning module OutputLog (648)
[2026.08.25-01.22.11:371][253]LogModuleManager: Shutting down and abandoning module GammaUI (646)
[2026.08.25-01.22.11:371][253]LogModuleManager: Shutting down and abandoning module Documentation (644)
[2026.08.25-01.22.11:372][253]LogModuleManager: Shutting down and abandoning module LiveCoding (642)
[2026.08.25-01.22.11:372][253]LogModuleManager: Shutting down and abandoning module LevelSequence (640)
[2026.08.25-01.22.11:372][253]LogModuleManager: Shutting down and abandoning module MovieSceneTracks (638)
[2026.08.25-01.22.11:372][253]LogModuleManager: Shutting down and abandoning module MovieScene (636)
[2026.08.25-01.22.11:372][253]LogModuleManager: Shutting down and abandoning module StreamingPauseRendering (634)
[2026.08.25-01.22.11:372][253]LogModuleManager: Shutting down and abandoning module LauncherPlatform (632)
[2026.08.25-01.22.11:372][253]LogModuleManager: Shutting down and abandoning module AnalyticsET (630)
[2026.08.25-01.22.11:372][253]LogModuleManager: Shutting down and abandoning module PortalServices (628)
[2026.08.25-01.22.11:372][253]LogModuleManager: Shutting down and abandoning module PortalRpc (626)
[2026.08.25-01.22.11:372][253]LogModuleManager: Shutting down and abandoning module MessagingRpc (624)
[2026.08.25-01.22.11:372][253]LogModuleManager: Shutting down and abandoning module AudioMixerXAudio2 (622)
[2026.08.25-01.22.11:372][253]LogModuleManager: Shutting down and abandoning module AudioMixerCore (621)
[2026.08.25-01.22.11:372][253]LogModuleManager: Shutting down and abandoning module AIModule (618)
[2026.08.25-01.22.11:372][253]LogModuleManager: Shutting down and abandoning module GameplayDebugger (617)
[2026.08.25-01.22.11:373][253]LogModuleManager: Shutting down and abandoning module AITestSuite (615)
[2026.08.25-01.22.11:373][253]LogModuleManager: Shutting down and abandoning module NavigationSystem (613)
[2026.08.25-01.22.11:373][253]LogModuleManager: Shutting down and abandoning module ImageWriteQueue (610)
[2026.08.25-01.22.11:378][253]LogModuleManager: Shutting down and abandoning module ProfilerService (608)
[2026.08.25-01.22.11:604][253]LogModuleManager: Shutting down and abandoning module TaskGraph (606)
[2026.08.25-01.22.11:604][253]LogModuleManager: Shutting down and abandoning module AudioSynesthesiaEditor (604)
[2026.08.25-01.22.11:604][253]LogModuleManager: Shutting down and abandoning module OculusEditor (602)
[2026.08.25-01.22.11:604][253]LogModuleManager: Shutting down and abandoning module OculusInput (600)
[2026.08.25-01.22.11:604][253]LogModuleManager: Shutting down and abandoning module ContentBrowserFileDataSource (598)
[2026.08.25-01.22.11:604][253]LogModuleManager: Shutting down and abandoning module ContentBrowserClassDataSource (596)
[2026.08.25-01.22.11:604][253]LogModuleManager: Shutting down and abandoning module ContentBrowserAssetDataSource (594)
[2026.08.25-01.22.11:604][253]LogModuleManager: Shutting down and abandoning module CollectionManager (593)
[2026.08.25-01.22.11:604][253]LogModuleManager: Shutting down and abandoning module SynthesisEditor (590)
[2026.08.25-01.22.11:604][253]LogModuleManager: Shutting down and abandoning module Synthesis (588)
[2026.08.25-01.22.11:604][253]LogModuleManager: Shutting down and abandoning module ProceduralMeshComponentEditor (586)
[2026.08.25-01.22.11:604][253]LogModuleManager: Shutting down and abandoning module ProceduralMeshComponent (584)
[2026.08.25-01.22.11:604][253]LogModuleManager: Shutting down and abandoning module OpenXREditor (582)
[2026.08.25-01.22.11:604][253]LogModuleManager: Shutting down and abandoning module MobilePatchingUtils (580)
[2026.08.25-01.22.11:606][253]LogModuleManager: Shutting down and abandoning module ScreenshotTools (578)
[2026.08.25-01.22.11:606][253]LogModuleManager: Shutting down and abandoning module TakeSequencer (576)
[2026.08.25-01.22.11:606][253]LogModuleManager: Shutting down and abandoning module TakeMovieScene (574)
[2026.08.25-01.22.11:606][253]LogModuleManager: Shutting down and abandoning module GooglePAD (572)
[2026.08.25-01.22.11:606][253]LogModuleManager: Shutting down and abandoning module AudioCapture (570)
[2026.08.25-01.22.11:606][253]LogModuleManager: Shutting down and abandoning module AudioCaptureRtAudio (569)
[2026.08.25-01.22.11:606][253]LogModuleManager: Shutting down and abandoning module EditableMesh (566)
[2026.08.25-01.22.11:606][253]LogModuleManager: Shutting down and abandoning module CableComponent (564)
[2026.08.25-01.22.11:606][253]LogModuleManager: Shutting down and abandoning module CustomMeshComponent (562)
[2026.08.25-01.22.11:606][253]LogModuleManager: Shutting down and abandoning module AssetTags (560)
[2026.08.25-01.22.11:606][253]LogModuleManager: Shutting down and abandoning module ArchVisCharacter (558)
[2026.08.25-01.22.11:606][253]LogModuleManager: Shutting down and abandoning module AppleImageUtilsBlueprintSupport (556)
[2026.08.25-01.22.11:606][253]LogModuleManager: Shutting down and abandoning module AppleImageUtils (554)
[2026.08.25-01.22.11:606][253]LogModuleManager: Shutting down and abandoning module AndroidPermission (552)
[2026.08.25-01.22.11:606][253]LogModuleManager: Shutting down and abandoning module ActorLayerUtilitiesEditor (550)
[2026.08.25-01.22.11:606][253]LogModuleManager: Shutting down and abandoning module ActorLayerUtilities (548)
[2026.08.25-01.22.11:606][253]LogModuleManager: Shutting down and abandoning module TemplateSequence (546)
[2026.08.25-01.22.11:606][253]LogModuleManager: Shutting down and abandoning module OpenImageDenoise (544)
[2026.08.25-01.22.11:606][253]LogOpenImageDenoise: OIDN shutting down
[2026.08.25-01.22.11:606][253]LogModuleManager: Shutting down and abandoning module MotoSynthEditor (542)
[2026.08.25-01.22.11:606][253]LogModuleManager: Shutting down and abandoning module MotoSynth (540)
[2026.08.25-01.22.11:606][253]LogModuleManager: Shutting down and abandoning module GeometryCollectionTracks (538)
[2026.08.25-01.22.11:606][253]LogModuleManager: Shutting down and abandoning module GeometryCollectionSequencer (537)
[2026.08.25-01.22.11:606][253]LogModuleManager: Shutting down and abandoning module GeometryCollectionEditor (534)
[2026.08.25-01.22.11:606][253]LogModuleManager: Shutting down and abandoning module MeshConversion (532)
[2026.08.25-01.22.11:606][253]LogModuleManager: Shutting down and abandoning module DynamicMesh (530)
[2026.08.25-01.22.11:606][253]LogModuleManager: Shutting down and abandoning module GeometryAlgorithms (528)
[2026.08.25-01.22.11:606][253]LogModuleManager: Shutting down and abandoning module GeometricObjects (526)
[2026.08.25-01.22.11:606][253]LogModuleManager: Shutting down and abandoning module GeometryCacheTracks (524)
[2026.08.25-01.22.11:606][253]LogModuleManager: Shutting down and abandoning module GeometryCacheStreamer (522)
[2026.08.25-01.22.11:606][253]LogModuleManager: Shutting down and abandoning module GeometryCacheSequencer (520)
[2026.08.25-01.22.11:606][253]LogModuleManager: Shutting down and abandoning module MediaCompositing (518)
[2026.08.25-01.22.11:606][253]LogModuleManager: Shutting down and abandoning module ImgMedia (516)
[2026.08.25-01.22.11:606][253]LogModuleManager: Shutting down and abandoning module MagicLeapSharedWorld (514)
[2026.08.25-01.22.11:606][253]LogModuleManager: Shutting down and abandoning module MagicLeapLightEstimation (512)
[2026.08.25-01.22.11:606][253]LogModuleManager: Shutting down and abandoning module MagicLeapHelperVulkan (510)
[2026.08.25-01.22.11:606][253]LogModuleManager: Shutting down and abandoning module MagicLeapHelperOpenGL (508)
[2026.08.25-01.22.11:606][253]LogModuleManager: Shutting down and abandoning module MagicLeapAudio (506)
[2026.08.25-01.22.11:606][253]LogModuleManager: Shutting down and abandoning module ChaosSolverEditor (504)
[2026.08.25-01.22.11:606][253]LogModuleManager: Shutting down and abandoning module ChaosNiagara (502)
[2026.08.25-01.22.11:606][253]LogModuleManager: Shutting down and abandoning module ChaosClothEditor (500)
[2026.08.25-01.22.11:606][253]LogModuleManager: Shutting down and abandoning module FractureEditor (498)
[2026.08.25-01.22.11:606][253]LogModuleManager: Shutting down and abandoning module FieldSystemEngine (497)
[2026.08.25-01.22.11:606][253]LogModuleManager: Shutting down and abandoning module BackChannel (494)
[2026.08.25-01.22.11:606][253]LogModuleManager: Shutting down and abandoning module AutomationUtilsEditor (492)
[2026.08.25-01.22.11:606][253]LogModuleManager: Shutting down and abandoning module AutomationUtils (490)
[2026.08.25-01.22.11:606][253]LogModuleManager: Shutting down and abandoning module AlembicImporter (488)
[2026.08.25-01.22.11:606][253]LogModuleManager: Shutting down and abandoning module AlembicLibrary (487)
[2026.08.25-01.22.11:606][253]LogModuleManager: Shutting down and abandoning module GeometryCache (486)
[2026.08.25-01.22.11:606][253]LogModuleManager: Shutting down and abandoning module GeometryCacheEd (485)
[2026.08.25-01.22.11:606][253]LogModuleManager: Shutting down and abandoning module SpeedTreeImporter (480)
[2026.08.25-01.22.11:606][253]LogModuleManager: Shutting down and abandoning module MobileLauncherProfileWizard (478)
[2026.08.25-01.22.11:606][253]LogModuleManager: Shutting down and abandoning module PluginBrowser (476)
[2026.08.25-01.22.11:606][253]LogModuleManager: Shutting down and abandoning module CurveEditorTools (474)
[2026.08.25-01.22.11:606][253]LogModuleManager: Shutting down and abandoning module MaterialAnalyzer (472)
[2026.08.25-01.22.11:606][253]LogModuleManager: Shutting down and abandoning module CryptoKeysOpenSSL (470)
[2026.08.25-01.22.11:606][253]LogModuleManager: Shutting down and abandoning module CryptoKeys (468)
[2026.08.25-01.22.11:606][253]LogModuleManager: Shutting down and abandoning module VariantManagerContentEditor (466)
[2026.08.25-01.22.11:606][253]LogModuleManager: Shutting down and abandoning module DatasmithContentEditor (464)
[2026.08.25-01.22.11:607][253]LogModuleManager: Shutting down and abandoning module NiagaraEditorWidgets (462)
[2026.08.25-01.22.11:608][253]LogModuleManager: Shutting down and abandoning module OodleNetworkHandlerComponent (460)
[2026.08.25-01.22.11:608][253]LogModuleManager: Shutting down and abandoning module VisualStudioCodeSourceCodeAccess (458)
[2026.08.25-01.22.11:608][253]LogModuleManager: Shutting down and abandoning module RiderSourceCodeAccess (456)
[2026.08.25-01.22.11:608][253]LogModuleManager: Shutting down and abandoning module VisualStudioSourceCodeAccess (454)
[2026.08.25-01.22.11:608][253]LogModuleManager: Shutting down and abandoning module UObjectPlugin (452)
[2026.08.25-01.22.11:608][253]LogModuleManager: Shutting down and abandoning module CLionSourceCodeAccess (450)
[2026.08.25-01.22.11:608][253]LogModuleManager: Shutting down and abandoning module SubversionSourceControl (448)
[2026.08.25-01.22.11:608][253]LogModuleManager: Shutting down and abandoning module PlasticSourceControl (446)
[2026.08.25-01.22.11:608][253]LogModuleManager: Shutting down and abandoning module PerforceSourceControl (444)
[2026.08.25-01.22.11:608][253]LogModuleManager: Shutting down and abandoning module PluginUtils (442)
[2026.08.25-01.22.11:608][253]LogModuleManager: Shutting down and abandoning module GitSourceControl (440)
[2026.08.25-01.22.11:608][253]LogModuleManager: Shutting down and abandoning module SourceControl (439)
[2026.08.25-01.22.11:608][253]LogModuleManager: Shutting down and abandoning module AnimationSharingEd (436)
[2026.08.25-01.22.11:608][253]LogModuleManager: Shutting down and abandoning module LightPropagationVolumeEditor (434)
[2026.08.25-01.22.11:608][253]LogModuleManager: Shutting down and abandoning module LiveLinkSequencer (432)
[2026.08.25-01.22.11:608][253]LogModuleManager: Shutting down and abandoning module LiveLinkMovieScene (430)
[2026.08.25-01.22.11:608][253]LogModuleManager: Shutting down and abandoning module LiveLinkGraphNode (428)
[2026.08.25-01.22.11:608][253]LogModuleManager: Shutting down and abandoning module LiveLinkEditor (426)
[2026.08.25-01.22.11:608][253]LogModuleManager: Shutting down and abandoning module LiveLinkComponents (424)
[2026.08.25-01.22.11:608][253]LogModuleManager: Shutting down and abandoning module LiveLink (422)
[2026.08.25-01.22.12:080][253]LogModuleManager: Shutting down and abandoning module PaperTiledImporter (420)
[2026.08.25-01.22.12:080][253]LogModuleManager: Shutting down and abandoning module PaperSpriteSheetImporter (418)
[2026.08.25-01.22.12:080][253]LogModuleManager: Shutting down and abandoning module Paper2DEditor (416)
[2026.08.25-01.22.12:080][253]LogModuleManager: Shutting down and abandoning module MeshPaintingToolset (414)
[2026.08.25-01.22.12:080][253]LogModuleManager: Shutting down and abandoning module MeshPaintEditorMode (412)
[2026.08.25-01.22.12:080][253]LogModuleManager: Shutting down and abandoning module GameplayCameras (410)
[2026.08.25-01.22.12:080][253]LogModuleManager: Shutting down and abandoning module SignificanceManager (408)
[2026.08.25-01.22.12:080][253]LogModuleManager: Shutting down and abandoning module SoundFields (406)
[2026.08.25-01.22.12:080][253]LogModuleManager: Shutting down and abandoning module RuntimePhysXCooking (404)
[2026.08.25-01.22.12:080][253]LogModuleManager: Shutting down and abandoning module PropertyAccessEditor (402)
[2026.08.25-01.22.12:080][253]LogModuleManager: Shutting down and abandoning module PhysXVehiclesEditor (400)
[2026.08.25-01.22.12:080][253]LogModuleManager: Shutting down and abandoning module LocationServicesBPLibrary (396)
[2026.08.25-01.22.12:080][253]LogModuleManager: Shutting down and abandoning module AudioSynesthesia (394)
[2026.08.25-01.22.12:080][253]LogModuleManager: Shutting down and abandoning module AudioSynesthesiaCore (392)
[2026.08.25-01.22.12:080][253]LogModuleManager: Shutting down and abandoning module ActorSequence (390)
[2026.08.25-01.22.12:080][253]LogModuleManager: Shutting down and abandoning module TcpMessaging (388)
[2026.08.25-01.22.12:182][253]LogModuleManager: Shutting down and abandoning module UdpMessaging (386)
[2026.08.25-01.22.12:282][253]LogModuleManager: Shutting down and abandoning module PythonScriptPlugin (384)
[2026.08.25-01.22.12:282][253]LogModuleManager: Shutting down and abandoning module ImgMediaEngine (382)
[2026.08.25-01.22.12:282][253]LogModuleManager: Shutting down and abandoning module MagicLeapARPin (380)
[2026.08.25-01.22.12:282][253]LogModuleManager: Shutting down and abandoning module MagicLeapHandMeshing (378)
[2026.08.25-01.22.12:282][253]LogModuleManager: Shutting down and abandoning module MagicLeapSecureStorage (376)
[2026.08.25-01.22.12:282][253]LogModuleManager: Shutting down and abandoning module MagicLeapPrivileges (374)
[2026.08.25-01.22.12:282][253]LogModuleManager: Shutting down and abandoning module MagicLeapPlanes (372)
[2026.08.25-01.22.12:282][253]LogMagicLeapPlanes: Planes tracker already destroyed.
[2026.08.25-01.22.12:282][253]LogModuleManager: Shutting down and abandoning module MagicLeapImageTracker (370)
[2026.08.25-01.22.12:282][253]LogModuleManager: Shutting down and abandoning module MagicLeapIdentity (368)
[2026.08.25-01.22.12:282][253]LogModuleManager: Shutting down and abandoning module MagicLeapHandTracking (366)
[2026.08.25-01.22.12:282][253]LogModuleManager: Shutting down and abandoning module MagicLeapEyeTracker (364)
[2026.08.25-01.22.12:282][253]LogModuleManager: Shutting down and abandoning module MagicLeapController (362)
[2026.08.25-01.22.12:282][253]LogModuleManager: Shutting down and abandoning module MagicLeapARPinImpl (360)
[2026.08.25-01.22.12:282][253]LogModuleManager: Shutting down and abandoning module MagicLeapAR (358)
[2026.08.25-01.22.12:282][253]LogModuleManager: Shutting down and abandoning module GameplayTagsEditor (356)
[2026.08.25-01.22.12:282][253]LogModuleManager: Shutting down and abandoning module DataValidation (354)
[2026.08.25-01.22.12:282][253]LogModuleManager: Shutting down and abandoning module FacialAnimationEditor (352)
[2026.08.25-01.22.12:282][253]LogModuleManager: Shutting down and abandoning module FacialAnimation (350)
[2026.08.25-01.22.12:282][253]LogModuleManager: Shutting down and abandoning module NiagaraAnimNotifies (348)
[2026.08.25-01.22.12:282][253]LogModuleManager: Shutting down and abandoning module Niagara (346)
[2026.08.25-01.22.12:282][253]LogModuleManager: Shutting down and abandoning module SignalProcessing (345)
[2026.08.25-01.22.12:282][253]LogModuleManager: Shutting down and abandoning module NiagaraEditor (343)
[2026.08.25-01.22.12:282][253]LogModuleManager: Shutting down and abandoning module NiagaraCore (340)
[2026.08.25-01.22.12:282][253]LogModuleManager: Shutting down and abandoning module AssetManagerEditor (338)
[2026.08.25-01.22.12:283][253]LogModuleManager: Shutting down and abandoning module LevelEditor (337)
[2026.08.25-01.22.12:284][253]LogModuleManager: Shutting down and abandoning module PixelInspectorModule (336)
[2026.08.25-01.22.12:284][253]LogModuleManager: Shutting down and abandoning module CommonMenuExtensions (334)
[2026.08.25-01.22.12:285][253]LogModuleManager: Shutting down and abandoning module MainFrame (332)
[2026.08.25-01.22.12:285][253]LogModuleManager: Shutting down and abandoning module HotReload (331)
[2026.08.25-01.22.12:285][253]LogModuleManager: Shutting down and abandoning module ToolMenus (327)
[2026.08.25-01.22.12:285][253]LogModuleManager: Shutting down and abandoning module ContentBrowser (325)
[2026.08.25-01.22.12:285][253]LogModuleManager: Shutting down and abandoning module ContentBrowserData (324)
[2026.08.25-01.22.12:285][253]LogModuleManager: Shutting down and abandoning module TreeMap (321)
[2026.08.25-01.22.12:285][253]LogModuleManager: Shutting down and abandoning module PropertyAccessNode (318)
[2026.08.25-01.22.12:285][253]LogModuleManager: Shutting down and abandoning module AnimationSharing (316)
[2026.08.25-01.22.12:285][253]LogModuleManager: Shutting down and abandoning module EnvironmentQueryEditor (314)
[2026.08.25-01.22.12:285][253]LogModuleManager: Shutting down and abandoning module LightPropagationVolumeRuntime (312)
[2026.08.25-01.22.12:285][253]LogModuleManager: Shutting down and abandoning module Paper2D (310)
[2026.08.25-01.22.12:285][253]LogModuleManager: Shutting down and abandoning module WindowsMoviePlayer (308)
[2026.08.25-01.22.12:294][253]LogModuleManager: Shutting down and abandoning module WebMMoviePlayer (306)
[2026.08.25-01.22.12:295][253]LogModuleManager: Shutting down and abandoning module NetworkReplayStreaming (304)
[2026.08.25-01.22.12:295][253]LogModuleManager: Shutting down and abandoning module PacketHandler (302)
[2026.08.25-01.22.12:295][253]LogModuleManager: Shutting down and abandoning module ClothingSystemEditor (300)
[2026.08.25-01.22.12:295][253]LogModuleManager: Shutting down and abandoning module ClothingSystemRuntimeNv (298)
[2026.08.25-01.22.12:295][253]LogModuleManager: Shutting down and abandoning module MediaAssets (296)
[2026.08.25-01.22.12:295][253]LogModuleManager: Shutting down and abandoning module Overlay (294)
[2026.08.25-01.22.12:295][253]LogModuleManager: Shutting down and abandoning module OverlayEditor (293)
[2026.08.25-01.22.12:295][253]LogModuleManager: Shutting down and abandoning module VREditor (290)
[2026.08.25-01.22.12:295][253]LogModuleManager: Shutting down and abandoning module StringTableEditor (288)
[2026.08.25-01.22.12:295][253]LogModuleManager: Shutting down and abandoning module GameplayTasksEditor (286)
[2026.08.25-01.22.12:295][253]LogModuleManager: Shutting down and abandoning module BehaviorTreeEditor (284)
[2026.08.25-01.22.12:295][253]LogModuleManager: Shutting down and abandoning module FunctionalTesting (282)
[2026.08.25-01.22.12:295][253]LogModuleManager: Shutting down and abandoning module CollisionAnalyzer (280)
[2026.08.25-01.22.12:295][253]LogModuleManager: Shutting down and abandoning module WorkspaceMenuStructure (279)
[2026.08.25-01.22.12:295][253]LogModuleManager: Shutting down and abandoning module UMG (276)
[2026.08.25-01.22.12:295][253]LogModuleManager: Shutting down and abandoning module UMGEditor (275)
[2026.08.25-01.22.12:295][253]LogModuleManager: Shutting down and abandoning module MessageLog (273)
[2026.08.25-01.22.12:295][253]LogModuleManager: Shutting down and abandoning module SlateReflector (268)
[2026.08.25-01.22.12:295][253]LogModuleManager: Shutting down and abandoning module Slate (266)
[2026.08.25-01.22.12:295][253]LogModuleManager: Shutting down and abandoning module SlateCore (264)
[2026.08.25-01.22.12:296][253]LogModuleManager: Shutting down and abandoning module LandscapeEditorUtilities (262)
[2026.08.25-01.22.12:296][253]LogModuleManager: Shutting down and abandoning module UnrealEd (260)
[2026.08.25-01.22.12:296][253]LogModuleManager: Shutting down and abandoning module MRMesh (258)
[2026.08.25-01.22.12:296][253]LogModuleManager: Shutting down and abandoning module SourceCodeAccess (256)
[2026.08.25-01.22.12:296][253]LogModuleManager: Shutting down and abandoning module HeadMountedDisplay (254)
[2026.08.25-01.22.12:296][253]LogModuleManager: Shutting down and abandoning module XAudio2 (252)
[2026.08.25-01.22.12:296][253]LogModuleManager: Shutting down and abandoning module Networking (250)
[2026.08.25-01.22.12:296][253]LogModuleManager: Shutting down and abandoning module Core (248)
[2026.08.25-01.22.12:296][253]LogModuleManager: Shutting down and abandoning module MaterialEditor (246)
[2026.08.25-01.22.12:296][253]LogModuleManager: Shutting down and abandoning module MovieSceneTools (244)
[2026.08.25-01.22.12:296][253]LogModuleManager: Shutting down and abandoning module CurveEditor (243)
[2026.08.25-01.22.12:296][253]LogModuleManager: Shutting down and abandoning module Sequencer (241)
[2026.08.25-01.22.12:296][253]LogModuleManager: Shutting down and abandoning module EditorStyle (240)
[2026.08.25-01.22.12:298][253]LogModuleManager: Shutting down and abandoning module KismetCompiler (236)
[2026.08.25-01.22.12:298][253]LogModuleManager: Shutting down and abandoning module MeshBuilder (234)
[2026.08.25-01.22.12:298][253]LogModuleManager: Shutting down and abandoning module MeshUtilities (232)
[2026.08.25-01.22.12:298][253]LogModuleManager: Shutting down and abandoning module MeshMergeUtilities (231)
[2026.08.25-01.22.12:298][253]LogModuleManager: Shutting down and abandoning module MeshReductionInterface (230)
[2026.08.25-01.22.12:298][253]LogModuleManager: Shutting down and abandoning module MeshBoneReduction (229)
[2026.08.25-01.22.12:298][253]LogModuleManager: Shutting down and abandoning module SkeletalMeshReduction (227)
[2026.08.25-01.22.12:298][253]LogModuleManager: Shutting down and abandoning module ProxyLODMeshReduction (225)
[2026.08.25-01.22.12:298][253]LogModuleManager: Shutting down and abandoning module QuadricMeshReduction (223)
[2026.08.25-01.22.12:299][253]LogModuleManager: Shutting down and abandoning module MaterialBaking (219)
[2026.08.25-01.22.12:299][253]LogModuleManager: Shutting down and abandoning module NullInstallBundleManager (214)
[2026.08.25-01.22.12:299][253]LogModuleManager: Shutting down and abandoning module DerivedDataCache (212)
[2026.08.25-01.22.12:299][253]LogModuleManager: Shutting down and abandoning module TargetPlatform (210)
[2026.08.25-01.22.12:299][253]LogModuleManager: Shutting down and abandoning module VulkanShaderFormat (209)
[2026.08.25-01.22.12:299][253]LogModuleManager: Shutting down and abandoning module ShaderFormatVectorVM (207)
[2026.08.25-01.22.12:299][253]LogModuleManager: Shutting down and abandoning module ShaderFormatOpenGL (205)
[2026.08.25-01.22.12:299][253]LogModuleManager: Shutting down and abandoning module ShaderFormatD3D (203)
[2026.08.25-01.22.12:299][253]LogModuleManager: Shutting down and abandoning module MetalShaderFormat (201)
[2026.08.25-01.22.12:299][253]LogModuleManager: Shutting down and abandoning module TextureFormatOodle (199)
[2026.08.25-01.22.12:299][253]LogModuleManager: Shutting down and abandoning module TextureFormatUncompressed (197)
[2026.08.25-01.22.12:299][253]LogModuleManager: Shutting down and abandoning module TextureFormatPVR (195)
[2026.08.25-01.22.12:299][253]LogModuleManager: Shutting down and abandoning module TextureFormatETC2 (193)
[2026.08.25-01.22.12:299][253]LogModuleManager: Shutting down and abandoning module TextureFormatDXT (191)
[2026.08.25-01.22.12:299][253]LogModuleManager: Shutting down and abandoning module TextureFormatIntelISPCTexComp (189)
[2026.08.25-01.22.12:299][253]LogModuleManager: Shutting down and abandoning module TextureFormatASTC (187)
[2026.08.25-01.22.12:300][253]LogModuleManager: Shutting down and abandoning module ImageWrapper (186)
[2026.08.25-01.22.12:300][253]LogModuleManager: Shutting down and abandoning module AudioFormatOpus (183)
[2026.08.25-01.22.12:300][253]LogModuleManager: Shutting down and abandoning module AudioFormatOgg (181)
[2026.08.25-01.22.12:300][253]LogModuleManager: Shutting down and abandoning module AudioFormatADPCM (179)
[2026.08.25-01.22.12:300][253]LogModuleManager: Shutting down and abandoning module WindowsServerTargetPlatform (177)
[2026.08.25-01.22.12:300][253]LogModuleManager: Shutting down and abandoning module WindowsClientTargetPlatform (175)
[2026.08.25-01.22.12:300][253]LogModuleManager: Shutting down and abandoning module WindowsTargetPlatform (173)
[2026.08.25-01.22.12:300][253]LogModuleManager: Shutting down and abandoning module WindowsNoEditorTargetPlatform (171)
[2026.08.25-01.22.12:300][253]LogModuleManager: Shutting down and abandoning module TVOSTargetPlatform (169)
[2026.08.25-01.22.12:304][253]LogModuleManager: Shutting down and abandoning module MacServerTargetPlatform (167)
[2026.08.25-01.22.12:304][253]LogModuleManager: Shutting down and abandoning module MacClientTargetPlatform (165)
[2026.08.25-01.22.12:304][253]LogModuleManager: Shutting down and abandoning module MacTargetPlatform (163)
[2026.08.25-01.22.12:304][253]LogModuleManager: Shutting down and abandoning module MacNoEditorTargetPlatform (161)
[2026.08.25-01.22.12:304][253]LogModuleManager: Shutting down and abandoning module LuminTargetPlatform (159)
[2026.08.25-01.22.12:312][253]LogModuleManager: Shutting down and abandoning module LinuxAArch64ServerTargetPlatform (157)
[2026.08.25-01.22.12:312][253]LogModuleManager: Shutting down and abandoning module LinuxAArch64ClientTargetPlatform (155)
[2026.08.25-01.22.12:312][253]LogModuleManager: Shutting down and abandoning module LinuxAArch64NoEditorTargetPlatform (153)
[2026.08.25-01.22.12:312][253]LogModuleManager: Shutting down and abandoning module LinuxServerTargetPlatform (151)
[2026.08.25-01.22.12:312][253]LogModuleManager: Shutting down and abandoning module LinuxClientTargetPlatform (149)
[2026.08.25-01.22.12:312][253]LogModuleManager: Shutting down and abandoning module LinuxNoEditorTargetPlatform (147)
[2026.08.25-01.22.12:312][253]LogModuleManager: Shutting down and abandoning module LinuxTargetPlatform (145)
[2026.08.25-01.22.12:312][253]LogModuleManager: Shutting down and abandoning module Messaging (143)
[2026.08.25-01.22.12:312][253]LogModuleManager: Shutting down and abandoning module IOSTargetPlatform (141)
[2026.08.25-01.22.12:317][253]LogModuleManager: Shutting down and abandoning module AndroidTargetPlatform (139)
[2026.08.25-01.22.12:331][253]LogModuleManager: Shutting down and abandoning module AllDesktopTargetPlatform (137)
[2026.08.25-01.22.12:331][253]LogModuleManager: Shutting down and abandoning module D3D11RHI (134)
[2026.08.25-01.22.12:331][253]LogModuleManager: Shutting down and abandoning module InputCore (132)
[2026.08.25-01.22.12:331][253]LogModuleManager: Shutting down and abandoning module Settings (130)
[2026.08.25-01.22.12:331][253]LogModuleManager: Shutting down and abandoning module DirectoryWatcher (128)
[2026.08.25-01.22.12:332][253]LogModuleManager: Shutting down and abandoning module PhysXCooking (126)
[2026.08.25-01.22.12:332][253]LogModuleManager: Shutting down and abandoning module Chaos (124)
[2026.08.25-01.22.12:332][253]LogModuleManager: Shutting down and abandoning module WindowsPlatformFeatures (122)
[2026.08.25-01.22.12:332][253]LogModuleManager: Shutting down and abandoning module GameplayMediaEncoder (121)
[2026.08.25-01.22.12:332][253]LogModuleManager: Shutting down and abandoning module AVEncoder (120)
[2026.08.25-01.22.12:332][253]LogModuleManager: Shutting down and abandoning module SteamVRInputDevice (116)
[2026.08.25-01.22.12:332][253]LogModuleManager: Shutting down and abandoning module SteamVRInput (114)
[2026.08.25-01.22.12:332][253]LogModuleManager: Shutting down and abandoning module SteamVR (112)
[2026.08.25-01.22.12:332][253]LogHMD: Freeing OpenVRDLLHandle.
[2026.08.25-01.22.12:332][253]LogModuleManager: Shutting down and abandoning module OculusHMD (110)
[2026.08.25-01.22.12:332][253]LogModuleManager: Shutting down and abandoning module OpenXRHandTracking (108)
[2026.08.25-01.22.12:332][253]LogSlate: Slate User Destroyed.  User Index 0, Is Virtual User: 0
[2026.08.25-01.22.12:332][253]LogModuleManager: Shutting down and abandoning module OpenXREyeTracker (106)
[2026.08.25-01.22.12:332][253]LogModuleManager: Shutting down and abandoning module OpenXRAR (104)
[2026.08.25-01.22.12:332][253]LogModuleManager: Shutting down and abandoning module AugmentedReality (103)
[2026.08.25-01.22.12:332][253]LogModuleManager: Shutting down and abandoning module OpenXRHMD (100)
[2026.08.25-01.22.12:332][253]LogModuleManager: Shutting down and abandoning module ExampleDeviceProfileSelector (98)
[2026.08.25-01.22.12:332][253]LogModuleManager: Shutting down and abandoning module ChunkDownloader (96)
[2026.08.25-01.22.12:332][253]LogModuleManager: Shutting down and abandoning module LauncherChunkInstaller (94)
[2026.08.25-01.22.12:332][253]LogModuleManager: Shutting down and abandoning module OnlineBlueprintSupport (92)
[2026.08.25-01.22.12:332][253]LogModuleManager: Shutting down and abandoning module OnlineSubsystem (88)
[2026.08.25-01.22.12:334][253]LogModuleManager: Shutting down and abandoning module XMPP (83)
[2026.08.25-01.22.12:334][253]LogModuleManager: Shutting down and abandoning module WebSockets (82)
[2026.08.25-01.22.12:361][253]LogModuleManager: Shutting down and abandoning module HTTP (79)
[2026.08.25-01.22.12:361][253]LogHttp: Display: Http module shutting down, but needs to wait on 1 outstanding Http requests:
[2026.08.25-01.22.12:361][253]LogHttp: Display: 	verb=[POST] url=[https://datarouter.ol.epicgames.com/datarouter/api/v1/public/data?SessionID=%7B538BFBD1-4675-E7EE-D653-65A917459896%7D&AppID=UEEditor.Rocket.Release&AppVersion=4.27.2-18319896%2B%2B%2BUE4%2BRelease-4.27&UserID=aad14cfa4a1ed281c560f785102d869b%7C24de892310f14890888f3bfa72d3ca7c%7C72aeb03c-3a2b-4ff1-80d4-ff410d42d422&AppEnvironment=datacollector-binary&UploadType=eteventstream] refs=[1] status=Processing
[2026.08.25-01.22.12:361][253]LogHttp: Display: cleaning up 1 outstanding Http requests.
[2026.08.25-01.22.12:380][253]LogModuleManager: Shutting down and abandoning module SSL (78)
[2026.08.25-01.22.12:382][253]LogModuleManager: Shutting down and abandoning module WmfMedia (74)
[2026.08.25-01.22.12:383][253]LogModuleManager: Shutting down and abandoning module Media (73)
[2026.08.25-01.22.12:384][253]LogModuleManager: Shutting down and abandoning module MediaInfo (72)
[2026.08.25-01.22.12:385][253]LogModuleManager: Shutting down and abandoning module ExrReaderGpu (68)
[2026.08.25-01.22.12:385][253]LogModuleManager: Shutting down and abandoning module MLSDK (66)
[2026.08.25-01.22.12:385][253]LogModuleManager: Shutting down and abandoning module MagicLeap (64)
[2026.08.25-01.22.12:385][253]LogModuleManager: Shutting down and abandoning module ChaosCloth (62)
[2026.08.25-01.22.12:385][253]LogModuleManager: Shutting down and abandoning module VariantManagerContent (60)
[2026.08.25-01.22.12:385][253]LogModuleManager: Shutting down and abandoning module DatasmithContent (58)
[2026.08.25-01.22.12:385][253]LogModuleManager: Shutting down and abandoning module NiagaraVertexFactories (56)
[2026.08.25-01.22.12:385][253]LogModuleManager: Shutting down and abandoning module NiagaraShader (54)
[2026.08.25-01.22.12:385][253]LogModuleManager: Shutting down and abandoning module PixWinPlugin (52)
[2026.08.25-01.22.12:385][253]LogModuleManager: Shutting down and abandoning module AISupportModule (50)
[2026.08.25-01.22.12:385][253]LogModuleManager: Shutting down and abandoning module DesktopPlatform (48)
[2026.08.25-01.22.12:385][253]LogModuleManager: Shutting down and abandoning module PlatformCryptoOpenSSL (46)
[2026.08.25-01.22.12:386][253]LogModuleManager: Shutting down and abandoning module PlatformCryptoTypes (44)
[2026.08.25-01.22.12:386][253]LogModuleManager: Shutting down and abandoning module PlatformCrypto (42)
[2026.08.25-01.22.12:386][253]LogModuleManager: Shutting down and abandoning module PythonScriptPluginPreload (40)
[2026.08.25-01.22.12:386][253]LogModuleManager: Shutting down and abandoning module OodleDataCompressionFormat (38)
[2026.08.25-01.22.12:386][253]LogModuleManager: Shutting down and abandoning module XGEController (36)
[2026.08.25-01.22.12:386][253]LogModuleManager: Shutting down and abandoning module AnimationModifiers (34)
[2026.08.25-01.22.12:386][253]LogModuleManager: Shutting down and abandoning module AudioEditor (32)
[2026.08.25-01.22.12:386][253]LogModuleManager: Shutting down and abandoning module PropertyEditor (31)
[2026.08.25-01.22.12:386][253]LogModuleManager: Shutting down and abandoning module TextureCompressor (28)
[2026.08.25-01.22.12:386][253]LogModuleManager: Shutting down and abandoning module RenderCore (26)
[2026.08.25-01.22.12:386][253]LogModuleManager: Shutting down and abandoning module Landscape (24)
[2026.08.25-01.22.12:386][253]LogModuleManager: Shutting down and abandoning module SlateRHIRenderer (22)
[2026.08.25-01.22.12:390][253]LogModuleManager: Shutting down and abandoning module AnimGraphRuntime (20)
[2026.08.25-01.22.12:390][253]LogModuleManager: Shutting down and abandoning module Renderer (18)
[2026.08.25-01.22.12:390][253]LogModuleManager: Shutting down and abandoning module Engine (16)
[2026.08.25-01.22.12:390][253]LogModuleManager: Shutting down and abandoning module CoreUObject (14)
[2026.08.25-01.22.12:390][253]LogModuleManager: Shutting down and abandoning module NetworkFile (12)
[2026.08.25-01.22.12:390][253]LogModuleManager: Shutting down and abandoning module CookedIterativeFile (10)
[2026.08.25-01.22.12:390][253]LogModuleManager: Shutting down and abandoning module StreamingFile (8)
[2026.08.25-01.22.12:390][253]LogModuleManager: Shutting down and abandoning module SandboxFile (6)
[2026.08.25-01.22.12:390][253]LogModuleManager: Shutting down and abandoning module PakFile (4)
[2026.08.25-01.22.12:390][253]LogModuleManager: Shutting down and abandoning module RSA (3)
[2026.08.25-01.22.12:390][253]LogContentStreaming: Display: There are 1 unreleased StreamingManagers
[2026.08.25-01.22.12:422][253]LogD3D11RHI: Shutdown
[2026.08.25-01.22.12:422][253]LogD3D11RHI: CleanupD3DDevice
[2026.08.25-01.22.12:429][253]LogExit: Exiting.
[2026.08.25-01.22.12:448][253]Log file closed, 08/24/26 18:22:12
