Log file open, 08/24/26 18:27:29
LogWindows: Failed to load 'aqProf.dll' (GetLastError=126)
LogWindows: File 'aqProf.dll' does not exist
LogWindows: Failed to load 'VtuneApi.dll' (GetLastError=126)
LogWindows: File 'VtuneApi.dll' does not exist
LogWindows: Failed to load 'VtuneApi32e.dll' (GetLastError=126)
LogWindows: File 'VtuneApi32e.dll' does not exist
LogConsoleResponse: Display: Failed to find resolution value strings in scalability ini. Falling back to default.
LogConsoleResponse: Display: Failed to find resolution value strings in scalability ini. Falling back to default.
LogInit: Display: Running engine for game: BrackeysJam2026
LogPlatformFile: Not using cached read wrapper
LogTaskGraph: Started task graph with 5 named threads and 47 total threads with 3 sets of task threads.
LogStats: Stats thread started at 0.204344
LogICUInternationalization: ICU TimeZone Detection - Raw Offset: -8:00, Platform Override: ''
LogInit: Display: Loading text-based GConfig....
LogPluginManager: Mounting plugin MeshPainting
LogPluginManager: Mounting plugin XGEController
LogPluginManager: Mounting plugin Paper2D
LogPluginManager: Mounting plugin AISupport
LogPluginManager: Mounting plugin EnvironmentQueryEditor
LogPluginManager: Mounting plugin LiveLink
LogPluginManager: Mounting plugin CameraShakePreviewer
LogPluginManager: Mounting plugin LightPropagationVolume
LogPluginManager: Mounting plugin GameplayCameras
LogPluginManager: Mounting plugin CLionSourceCodeAccess
LogPluginManager: Mounting plugin AnimationSharing
LogPluginManager: Mounting plugin CodeLiteSourceCodeAccess
LogPluginManager: Mounting plugin GitSourceControl
LogPluginManager: Mounting plugin NullSourceCodeAccess
LogPluginManager: Mounting plugin KDevelopSourceCodeAccess
LogPluginManager: Mounting plugin PerforceSourceControl
LogPluginManager: Mounting plugin PluginUtils
LogPluginManager: Mounting plugin PlasticSourceControl
LogPluginManager: Mounting plugin PropertyAccessNode
LogPluginManager: Mounting plugin SubversionSourceControl
LogPluginManager: Mounting plugin TextureFormatOodle
LogPluginManager: Mounting plugin PixWinPlugin
LogPluginManager: Mounting plugin RiderSourceCodeAccess
LogPluginManager: Mounting plugin XCodeSourceCodeAccess
LogPluginManager: Mounting plugin AssetManagerEditor
LogPluginManager: Mounting plugin VisualStudioCodeSourceCodeAccess
LogPluginManager: Mounting plugin OodleData
LogPluginManager: Mounting plugin OodleNetwork
LogPluginManager: Mounting plugin UObjectPlugin
LogPluginManager: Mounting plugin VisualStudioSourceCodeAccess
LogPluginManager: Mounting plugin DatasmithContent
LogPluginManager: Mounting plugin CryptoKeys
LogPluginManager: Mounting plugin CurveEditorTools
LogPluginManager: Mounting plugin DataValidation
LogPluginManager: Mounting plugin FacialAnimation
LogPluginManager: Mounting plugin GameplayTagsEditor
LogPluginManager: Mounting plugin VariantManagerContent
LogPluginManager: Mounting plugin GeometryMode
LogPluginManager: Mounting plugin MaterialAnalyzer
LogPluginManager: Mounting plugin MacGraphicsSwitching
LogPluginManager: Mounting plugin MobileLauncherProfileWizard
LogPluginManager: Mounting plugin PluginBrowser
LogPluginManager: Mounting plugin SpeedTreeImporter
LogPluginManager: Mounting plugin Niagara
LogPluginManager: Mounting plugin AlembicImporter
LogPluginManager: Mounting plugin AutomationUtils
LogPluginManager: Mounting plugin BackChannel
LogPluginManager: Mounting plugin ChaosCloth
LogPluginManager: Mounting plugin ChaosSolverPlugin
LogPluginManager: Mounting plugin ChaosClothEditor
LogPluginManager: Mounting plugin ChaosEditor
LogPluginManager: Mounting plugin ChaosNiagara
LogPluginManager: Mounting plugin CharacterAI
LogPluginManager: Mounting plugin AndroidMedia
LogPluginManager: Mounting plugin AvfMedia
LogPluginManager: Mounting plugin ImgMedia
LogPluginManager: Mounting plugin MediaCompositing
LogPluginManager: Mounting plugin MediaPlayerEditor
LogPluginManager: Mounting plugin WebMMedia
LogPluginManager: Mounting plugin LuminPlatformFeatures
LogPluginManager: Mounting plugin WmfMedia
LogPluginManager: Mounting plugin MagicLeap
LogPluginManager: Mounting plugin MagicLeapLightEstimation
LogPluginManager: Mounting plugin MagicLeapMedia
LogPluginManager: Mounting plugin MagicLeapPassableWorld
LogPluginManager: Mounting plugin MLSDK
LogPluginManager: Mounting plugin GeometryCache
LogPluginManager: Mounting plugin GeometryProcessing
LogPluginManager: Mounting plugin GeometryCollectionPlugin
LogPluginManager: Mounting plugin OpenImageDenoise
LogPluginManager: Mounting plugin PlanarCut
LogPluginManager: Mounting plugin MotoSynth
LogPluginManager: Mounting plugin ProxyLODPlugin
LogPluginManager: Mounting plugin PlatformCrypto
LogPluginManager: Mounting plugin PythonScriptPlugin
LogPluginManager: Mounting plugin SkeletalReduction
LogPluginManager: Mounting plugin ActorSequence
LogPluginManager: Mounting plugin LevelSequenceEditor
LogPluginManager: Mounting plugin TemplateSequence
LogPluginManager: Mounting plugin UdpMessaging
LogPluginManager: Mounting plugin ActorLayerUtilities
LogPluginManager: Mounting plugin LauncherChunkInstaller
LogPluginManager: Mounting plugin TcpMessaging
LogPluginManager: Mounting plugin MatineeToLevelSequence
LogPluginManager: Mounting plugin AndroidDeviceProfileSelector
LogPluginManager: Mounting plugin AndroidMoviePlayer
LogPluginManager: Mounting plugin AndroidPermission
LogPluginManager: Mounting plugin AppleMoviePlayer
LogPluginManager: Mounting plugin AppleImageUtils
LogPluginManager: Mounting plugin ArchVisCharacter
LogPluginManager: Mounting plugin AudioCapture
LogPluginManager: Mounting plugin AudioSynesthesia
LogPluginManager: Mounting plugin AssetTags
LogPluginManager: Mounting plugin CableComponent
LogPluginManager: Mounting plugin ChunkDownloader
LogPluginManager: Mounting plugin CustomMeshComponent
LogPluginManager: Mounting plugin EditableMesh
LogPluginManager: Mounting plugin GoogleCloudMessaging
LogPluginManager: Mounting plugin ExampleDeviceProfileSelector
LogPluginManager: Mounting plugin OnlineSubsystem
LogPluginManager: Mounting plugin OnlineSubsystemNull
LogPluginManager: Mounting plugin OnlineSubsystemUtils
LogPluginManager: Mounting plugin GooglePAD
LogPluginManager: Mounting plugin LinuxDeviceProfileSelector
LogPluginManager: Mounting plugin IOSDeviceProfileSelector
LogPluginManager: Mounting plugin LocationServicesBPLibrary
LogPluginManager: Mounting plugin MobilePatchingUtils
LogPluginManager: Mounting plugin OpenXR
LogPluginManager: Mounting plugin OpenXREyeTracker
LogPluginManager: Mounting plugin OpenXRHandTracking
LogPluginManager: Mounting plugin PostSplashScreen
LogPluginManager: Mounting plugin PhysXVehicles
LogPluginManager: Mounting plugin ScreenshotTools
LogPluginManager: Mounting plugin ProceduralMeshComponent
LogPluginManager: Mounting plugin RuntimePhysXCooking
LogPluginManager: Mounting plugin PropertyAccessEditor
LogPluginManager: Mounting plugin SignificanceManager
LogPluginManager: Mounting plugin SoundFields
LogPluginManager: Mounting plugin Synthesis
LogPluginManager: Mounting plugin WebMMoviePlayer
LogPluginManager: Mounting plugin WindowsMoviePlayer
LogPluginManager: Mounting plugin Takes
LogPluginManager: Mounting plugin ContentBrowserAssetDataSource
LogPluginManager: Mounting plugin ContentBrowserClassDataSource
LogPluginManager: Mounting plugin ContentBrowserFileDataSource
LogPluginManager: Mounting plugin OnlineSubsystemGooglePlay
LogPluginManager: Mounting plugin OnlineSubsystemIOS
LogPluginManager: Mounting plugin OculusVR
LogPluginManager: Mounting plugin SteamVR
PixWinPlugin: PIX capture plugin failed to initialize! Check that the process is launched from PIX.
LogInit: Using libcurl 7.55.1-DEV
LogInit:  - built for x86_64-pc-win32
LogInit:  - supports SSL with OpenSSL/1.1.1
LogInit:  - supports HTTP deflate (compression) using libz 1.2.8
LogInit:  - other features:
LogInit:      CURL_VERSION_SSL
LogInit:      CURL_VERSION_LIBZ
LogInit:      CURL_VERSION_IPV6
LogInit:      CURL_VERSION_ASYNCHDNS
LogInit:      CURL_VERSION_LARGEFILE
LogInit:      CURL_VERSION_IDN
LogInit:  CurlRequestOptions (configurable via config and command line):
LogInit:  - bVerifyPeer = true  - Libcurl will verify peer certificate
LogInit:  - bUseHttpProxy = false  - Libcurl will NOT use HTTP proxy
LogInit:  - bDontReuseConnections = false  - Libcurl will reuse connections
LogInit:  - MaxHostConnections = 16  - Libcurl will limit the number of connections to a host
LogInit:  - LocalHostAddr = Default
LogInit:  - BufferSize = 65536
LogOnline: OSS: Creating online subsystem instance for: NULL
LogInit: WinSock: version 1.1 (2.2), MaxSocks=32767, MaxUdp=65467
LogOnline: OSS: TryLoadSubsystemAndSetDefault: Loaded subsystem for module [NULL]
LogOculusPluginWrapper: OculusPlugin initialized successfully
LogHMD: Failed initializing OVRPlugin 1.59.0
LogInit: Build: ++UE4+Release-4.27-CL-18319896
LogInit: Engine Version: 4.27.2-18319896+++UE4+Release-4.27
LogInit: Compatible Engine Version: 4.27.0-17155196+++UE4+Release-4.27
LogInit: Net CL: 17155196
LogInit: OS: Windows 10 (Release 2009) (), CPU: AMD Ryzen 7 PRO 8845HS w/ Radeon 780M Graphics, GPU: AMD Radeon 780M Graphics
LogInit: Compiled (64-bit): Nov 30 2021 07:12:08
LogInit: Compiled with Visual C++: 19.24.28315.00
LogInit: Build Configuration: Development
LogInit: Branch Name: ++UE4+Release-4.27
LogInit: Command Line: 
LogInit: Base Directory: C:/Program Files/Epic Games/UE_4.27/Engine/Binaries/Win64/
LogInit: Allocator: TBB
LogInit: Installed Engine Build: 1
LogDevObjectVersion: Number of dev versions registered: 29
LogDevObjectVersion:   Dev-Blueprints (B0D832E4-1F89-4F0D-ACCF-7EB736FD4AA2): 10
LogDevObjectVersion:   Dev-Build (E1C64328-A22C-4D53-A36C-8E866417BD8C): 0
LogDevObjectVersion:   Dev-Core (375EC13C-06E4-48FB-B500-84F0262A717E): 4
LogDevObjectVersion:   Dev-Editor (E4B068ED-F494-42E9-A231-DA0B2E46BB41): 40
LogDevObjectVersion:   Dev-Framework (CFFC743F-43B0-4480-9391-14DF171D2073): 37
LogDevObjectVersion:   Dev-Mobile (B02B49B5-BB20-44E9-A304-32B752E40360): 3
LogDevObjectVersion:   Dev-Networking (A4E4105C-59A1-49B5-A7C5-40C4547EDFEE): 0
LogDevObjectVersion:   Dev-Online (39C831C9-5AE6-47DC-9A44-9C173E1C8E7C): 0
LogDevObjectVersion:   Dev-Physics (78F01B33-EBEA-4F98-B9B4-84EACCB95AA2): 14
LogDevObjectVersion:   Dev-Platform (6631380F-2D4D-43E0-8009-CF276956A95A): 0
LogDevObjectVersion:   Dev-Rendering (12F88B9F-8875-4AFC-A67C-D90C383ABD29): 45
LogDevObjectVersion:   Dev-Sequencer (7B5AE74C-D270-4C10-A958-57980B212A5A): 13
LogDevObjectVersion:   Dev-VR (D7296918-1DD6-4BDD-9DE2-64A83CC13884): 3
LogDevObjectVersion:   Dev-LoadTimes (C2A15278-BFE7-4AFE-6C17-90FF531DF755): 1
LogDevObjectVersion:   Private-Geometry (6EACA3D4-40EC-4CC1-B786-8BED09428FC5): 3
LogDevObjectVersion:   Dev-AnimPhys (29E575DD-E0A3-4627-9D10-D276232CDCEA): 17
LogDevObjectVersion:   Dev-Anim (AF43A65D-7FD3-4947-9873-3E8ED9C1BB05): 15
LogDevObjectVersion:   Dev-ReflectionCapture (6B266CEC-1EC7-4B8F-A30B-E4D90942FC07): 1
LogDevObjectVersion:   Dev-Automation (0DF73D61-A23F-47EA-B727-89E90C41499A): 1
LogDevObjectVersion:   FortniteMain (601D1886-AC64-4F84-AA16-D3DE0DEAC7D6): 47
LogDevObjectVersion:   FortniteRelease (E7086368-6B23-4C58-8439-1B7016265E91): 1
LogDevObjectVersion:   Dev-Enterprise (9DFFBCD6-494F-0158-E221-12823C92A888): 10
LogDevObjectVersion:   Dev-Niagara (F2AED0AC-9AFE-416F-8664-AA7FFA26D6FC): 1
LogDevObjectVersion:   Dev-Destruction (174F1F0B-B4C6-45A5-B13F-2EE8D0FB917D): 10
LogDevObjectVersion:   Dev-Physics-Ext (35F94A83-E258-406C-A318-09F59610247C): 41
LogDevObjectVersion:   Dev-PhysicsMaterial-Chaos (B68FC16E-8B1B-42E2-B453-215C058844FE): 1
LogDevObjectVersion:   Dev-CineCamera (B2E18506-4273-CFC2-A54E-F4BB758BBA07): 1
LogDevObjectVersion:   Dev-VirtualProduction (64F58936-FD1B-42BA-BA96-7289D5D0FA4E): 1
LogDevObjectVersion:   Dev-MediaFramework (6F0ED827-A609-4895-9C91-998D90180EA4): 2
LogInit: Presizing for max 25165824 objects, including 0 objects not considered by GC, pre-allocating 0 bytes for permanent pool.
LogConfig: Applying CVar settings from Section [/Script/Engine.StreamingSettings] File [E:/_Alex's Data/Unreal Engine/Unreal Projects/Brackeys2026/Brackeys-2026/BrackeysJam2026/Saved/Config/Windows/Engine.ini]
LogConfig: Setting CVar [[s.MinBulkDataSizeForAsyncLoading:131072]]
LogConfig: Setting CVar [[s.AsyncLoadingThreadEnabled:0]]
LogConfig: Setting CVar [[s.EventDrivenLoaderEnabled:1]]
LogConfig: Setting CVar [[s.WarnIfTimeLimitExceeded:0]]
LogConfig: Setting CVar [[s.TimeLimitExceededMultiplier:1.5]]
LogConfig: Setting CVar [[s.TimeLimitExceededMinTime:0.005]]
LogConfig: Setting CVar [[s.UseBackgroundLevelStreaming:1]]
LogConfig: Setting CVar [[s.PriorityAsyncLoadingExtraTime:15.0]]
LogConfig: Setting CVar [[s.LevelStreamingActorsUpdateTimeLimit:5.0]]
LogConfig: Setting CVar [[s.PriorityLevelStreamingActorsUpdateExtraTime:5.0]]
LogConfig: Setting CVar [[s.LevelStreamingComponentsRegistrationGranularity:10]]
LogConfig: Setting CVar [[s.UnregisterComponentsTimeLimit:1.0]]
LogConfig: Setting CVar [[s.LevelStreamingComponentsUnregistrationGranularity:5]]
LogConfig: Setting CVar [[s.FlushStreamingOnExit:1]]
LogInit: Object subsystem initialized
LogConfig: Setting CVar [[con.DebugEarlyDefault:1]]
LogConfig: Setting CVar [[r.setres:1280x720]]
[2026.08.25-01.27.30:368][  0]LogConfig: Setting CVar [[r.VSync:0]]
[2026.08.25-01.27.30:368][  0]LogConfig: Setting CVar [[r.RHICmdBypass:0]]
[2026.08.25-01.27.30:368][  0]LogConfig: Applying CVar settings from Section [/Script/Engine.RendererSettings] File [E:/_Alex's Data/Unreal Engine/Unreal Projects/Brackeys2026/Brackeys-2026/BrackeysJam2026/Saved/Config/Windows/Engine.ini]
[2026.08.25-01.27.30:368][  0]LogConfig: Setting CVar [[r.GPUCrashDebugging:0]]
[2026.08.25-01.27.30:368][  0]LogConfig: Setting CVar [[r.DefaultFeature.MotionBlur:0]]
[2026.08.25-01.27.30:368][  0]LogConfig: Applying CVar settings from Section [/Script/Engine.RendererOverrideSettings] File [E:/_Alex's Data/Unreal Engine/Unreal Projects/Brackeys2026/Brackeys-2026/BrackeysJam2026/Saved/Config/Windows/Engine.ini]
[2026.08.25-01.27.30:368][  0]LogConfig: Applying CVar settings from Section [/Script/Engine.StreamingSettings] File [E:/_Alex's Data/Unreal Engine/Unreal Projects/Brackeys2026/Brackeys-2026/BrackeysJam2026/Saved/Config/Windows/Engine.ini]
[2026.08.25-01.27.30:368][  0]LogConfig: Setting CVar [[s.MinBulkDataSizeForAsyncLoading:131072]]
[2026.08.25-01.27.30:368][  0]LogConfig: Setting CVar [[s.AsyncLoadingThreadEnabled:0]]
[2026.08.25-01.27.30:368][  0]LogConfig: Setting CVar [[s.EventDrivenLoaderEnabled:1]]
[2026.08.25-01.27.30:368][  0]LogConfig: Setting CVar [[s.WarnIfTimeLimitExceeded:0]]
[2026.08.25-01.27.30:368][  0]LogConfig: Setting CVar [[s.TimeLimitExceededMultiplier:1.5]]
[2026.08.25-01.27.30:368][  0]LogConfig: Setting CVar [[s.TimeLimitExceededMinTime:0.005]]
[2026.08.25-01.27.30:368][  0]LogConfig: Setting CVar [[s.UseBackgroundLevelStreaming:1]]
[2026.08.25-01.27.30:368][  0]LogConfig: Setting CVar [[s.PriorityAsyncLoadingExtraTime:15.0]]
[2026.08.25-01.27.30:368][  0]LogConfig: Setting CVar [[s.LevelStreamingActorsUpdateTimeLimit:5.0]]
[2026.08.25-01.27.30:368][  0]LogConfig: Setting CVar [[s.PriorityLevelStreamingActorsUpdateExtraTime:5.0]]
[2026.08.25-01.27.30:368][  0]LogConfig: Setting CVar [[s.LevelStreamingComponentsRegistrationGranularity:10]]
[2026.08.25-01.27.30:368][  0]LogConfig: Setting CVar [[s.UnregisterComponentsTimeLimit:1.0]]
[2026.08.25-01.27.30:368][  0]LogConfig: Setting CVar [[s.LevelStreamingComponentsUnregistrationGranularity:5]]
[2026.08.25-01.27.30:368][  0]LogConfig: Setting CVar [[s.FlushStreamingOnExit:1]]
[2026.08.25-01.27.30:368][  0]LogConfig: Applying CVar settings from Section [/Script/Engine.GarbageCollectionSettings] File [E:/_Alex's Data/Unreal Engine/Unreal Projects/Brackeys2026/Brackeys-2026/BrackeysJam2026/Saved/Config/Windows/Engine.ini]
[2026.08.25-01.27.30:368][  0]LogConfig: Setting CVar [[gc.MaxObjectsNotConsideredByGC:1]]
[2026.08.25-01.27.30:368][  0]LogConfig: Setting CVar [[gc.SizeOfPermanentObjectPool:0]]
[2026.08.25-01.27.30:368][  0]LogConfig: Setting CVar [[gc.FlushStreamingOnGC:0]]
[2026.08.25-01.27.30:368][  0]LogConfig: Setting CVar [[gc.NumRetriesBeforeForcingGC:10]]
[2026.08.25-01.27.30:368][  0]LogConfig: Setting CVar [[gc.AllowParallelGC:1]]
[2026.08.25-01.27.30:368][  0]LogConfig: Setting CVar [[gc.TimeBetweenPurgingPendingKillObjects:61.1]]
[2026.08.25-01.27.30:368][  0]LogConfig: Setting CVar [[gc.MaxObjectsInEditor:25165824]]
[2026.08.25-01.27.30:368][  0]LogConfig: Setting CVar [[gc.IncrementalBeginDestroyEnabled:1]]
[2026.08.25-01.27.30:368][  0]LogConfig: Setting CVar [[gc.CreateGCClusters:1]]
[2026.08.25-01.27.30:368][  0]LogConfig: Setting CVar [[gc.MinGCClusterSize:5]]
[2026.08.25-01.27.30:368][  0]LogConfig: Setting CVar [[gc.ActorClusteringEnabled:0]]
[2026.08.25-01.27.30:368][  0]LogConfig: Setting CVar [[gc.BlueprintClusteringEnabled:0]]
[2026.08.25-01.27.30:368][  0]LogConfig: Setting CVar [[gc.UseDisregardForGCOnDedicatedServers:0]]
[2026.08.25-01.27.30:368][  0]LogConfig: Setting CVar [[gc.MultithreadedDestructionEnabled:1]]
[2026.08.25-01.27.30:368][  0]LogConfig: Applying CVar settings from Section [/Script/Engine.NetworkSettings] File [E:/_Alex's Data/Unreal Engine/Unreal Projects/Brackeys2026/Brackeys-2026/BrackeysJam2026/Saved/Config/Windows/Engine.ini]
[2026.08.25-01.27.30:368][  0]LogConfig: Applying CVar settings from Section [/Script/UnrealEd.CookerSettings] File [E:/_Alex's Data/Unreal Engine/Unreal Projects/Brackeys2026/Brackeys-2026/BrackeysJam2026/Saved/Config/Windows/Engine.ini]
[2026.08.25-01.27.30:373][  0]LogConfig: Applying CVar settings from Section [ViewDistanceQuality@3] File [E:/_Alex's Data/Unreal Engine/Unreal Projects/Brackeys2026/Brackeys-2026/BrackeysJam2026/Saved/Config/Windows/Scalability.ini]
[2026.08.25-01.27.30:373][  0]LogConfig: Setting CVar [[r.SkeletalMeshLODBias:0]]
[2026.08.25-01.27.30:373][  0]LogConfig: Setting CVar [[r.ViewDistanceScale:1.0]]
[2026.08.25-01.27.30:373][  0]LogConfig: Applying CVar settings from Section [AntiAliasingQuality@3] File [E:/_Alex's Data/Unreal Engine/Unreal Projects/Brackeys2026/Brackeys-2026/BrackeysJam2026/Saved/Config/Windows/Scalability.ini]
[2026.08.25-01.27.30:373][  0]LogConfig: Setting CVar [[r.PostProcessAAQuality:4]]
[2026.08.25-01.27.30:373][  0]LogConfig: Applying CVar settings from Section [ShadowQuality@3] File [E:/_Alex's Data/Unreal Engine/Unreal Projects/Brackeys2026/Brackeys-2026/BrackeysJam2026/Saved/Config/Windows/Scalability.ini]
[2026.08.25-01.27.30:373][  0]LogConfig: Setting CVar [[r.LightFunctionQuality:1]]
[2026.08.25-01.27.30:373][  0]LogConfig: Setting CVar [[r.ShadowQuality:5]]
[2026.08.25-01.27.30:373][  0]LogConfig: Setting CVar [[r.Shadow.CSM.MaxCascades:10]]
[2026.08.25-01.27.30:373][  0]LogConfig: Setting CVar [[r.Shadow.MaxResolution:2048]]
[2026.08.25-01.27.30:373][  0]LogConfig: Setting CVar [[r.Shadow.MaxCSMResolution:2048]]
[2026.08.25-01.27.30:373][  0]LogConfig: Setting CVar [[r.Shadow.RadiusThreshold:0.01]]
[2026.08.25-01.27.30:373][  0]LogConfig: Setting CVar [[r.Shadow.DistanceScale:1.0]]
[2026.08.25-01.27.30:373][  0]LogConfig: Setting CVar [[r.Shadow.CSM.TransitionScale:1.0]]
[2026.08.25-01.27.30:373][  0]LogConfig: Setting CVar [[r.Shadow.PreShadowResolutionFactor:1.0]]
[2026.08.25-01.27.30:373][  0]LogConfig: Setting CVar [[r.DistanceFieldShadowing:1]]
[2026.08.25-01.27.30:373][  0]LogConfig: Setting CVar [[r.DistanceFieldAO:1]]
[2026.08.25-01.27.30:373][  0]LogConfig: Setting CVar [[r.AOQuality:2]]
[2026.08.25-01.27.30:373][  0]LogConfig: Setting CVar [[r.VolumetricFog:1]]
[2026.08.25-01.27.30:373][  0]LogConfig: Setting CVar [[r.VolumetricFog.GridPixelSize:8]]
[2026.08.25-01.27.30:373][  0]LogConfig: Setting CVar [[r.VolumetricFog.GridSizeZ:128]]
[2026.08.25-01.27.30:373][  0]LogConfig: Setting CVar [[r.VolumetricFog.HistoryMissSupersampleCount:4]]
[2026.08.25-01.27.30:373][  0]LogConfig: Setting CVar [[r.LightMaxDrawDistanceScale:1]]
[2026.08.25-01.27.30:373][  0]LogConfig: Setting CVar [[r.CapsuleShadows:1]]
[2026.08.25-01.27.30:373][  0]LogConfig: Applying CVar settings from Section [PostProcessQuality@3] File [E:/_Alex's Data/Unreal Engine/Unreal Projects/Brackeys2026/Brackeys-2026/BrackeysJam2026/Saved/Config/Windows/Scalability.ini]
[2026.08.25-01.27.30:373][  0]LogConfig: Setting CVar [[r.MotionBlurQuality:4]]
[2026.08.25-01.27.30:373][  0]LogConfig: Setting CVar [[r.AmbientOcclusionMipLevelFactor:0.4]]
[2026.08.25-01.27.30:373][  0]LogConfig: Setting CVar [[r.AmbientOcclusionMaxQuality:100]]
[2026.08.25-01.27.30:373][  0]LogConfig: Setting CVar [[r.AmbientOcclusionLevels:-1]]
[2026.08.25-01.27.30:373][  0]LogConfig: Setting CVar [[r.AmbientOcclusionRadiusScale:1.0]]
[2026.08.25-01.27.30:373][  0]LogConfig: Setting CVar [[r.DepthOfFieldQuality:2]]
[2026.08.25-01.27.30:373][  0]LogConfig: Setting CVar [[r.RenderTargetPoolMin:400]]
[2026.08.25-01.27.30:373][  0]LogConfig: Setting CVar [[r.LensFlareQuality:2]]
[2026.08.25-01.27.30:373][  0]LogConfig: Setting CVar [[r.SceneColorFringeQuality:1]]
[2026.08.25-01.27.30:373][  0]LogConfig: Setting CVar [[r.EyeAdaptationQuality:2]]
[2026.08.25-01.27.30:373][  0]LogConfig: Setting CVar [[r.BloomQuality:5]]
[2026.08.25-01.27.30:373][  0]LogConfig: Setting CVar [[r.FastBlurThreshold:100]]
[2026.08.25-01.27.30:373][  0]LogConfig: Setting CVar [[r.Upscale.Quality:3]]
[2026.08.25-01.27.30:374][  0]LogConfig: Setting CVar [[r.Tonemapper.GrainQuantization:1]]
[2026.08.25-01.27.30:374][  0]LogConfig: Setting CVar [[r.LightShaftQuality:1]]
[2026.08.25-01.27.30:374][  0]LogConfig: Setting CVar [[r.Filter.SizeScale:1]]
[2026.08.25-01.27.30:374][  0]LogConfig: Setting CVar [[r.Tonemapper.Quality:5]]
[2026.08.25-01.27.30:374][  0]LogConfig: Setting CVar [[r.DOF.Gather.AccumulatorQuality:1        ; higher gathering accumulator quality]]
[2026.08.25-01.27.30:374][  0]LogConfig: Setting CVar [[r.DOF.Gather.PostfilterMethod:1          ; Median3x3 postfilering method]]
[2026.08.25-01.27.30:374][  0]LogConfig: Setting CVar [[r.DOF.Gather.EnableBokehSettings:0       ; no bokeh simulation when gathering]]
[2026.08.25-01.27.30:374][  0]LogConfig: Setting CVar [[r.DOF.Gather.RingCount:4                 ; medium number of samples when gathering]]
[2026.08.25-01.27.30:374][  0]LogConfig: Setting CVar [[r.DOF.Scatter.ForegroundCompositing:1    ; additive foreground scattering]]
[2026.08.25-01.27.30:374][  0]LogConfig: Setting CVar [[r.DOF.Scatter.BackgroundCompositing:2    ; additive background scattering]]
[2026.08.25-01.27.30:374][  0]LogConfig: Setting CVar [[r.DOF.Scatter.EnableBokehSettings:1      ; bokeh simulation when scattering]]
[2026.08.25-01.27.30:374][  0]LogConfig: Setting CVar [[r.DOF.Scatter.MaxSpriteRatio:0.1         ; only a maximum of 10% of scattered bokeh]]
[2026.08.25-01.27.30:374][  0]LogConfig: Setting CVar [[r.DOF.Recombine.Quality:1                ; cheap slight out of focus]]
[2026.08.25-01.27.30:374][  0]LogConfig: Setting CVar [[r.DOF.Recombine.EnableBokehSettings:0    ; no bokeh simulation on slight out of focus]]
[2026.08.25-01.27.30:374][  0]LogConfig: Setting CVar [[r.DOF.TemporalAAQuality:1                ; more stable temporal accumulation]]
[2026.08.25-01.27.30:374][  0]LogConfig: Setting CVar [[r.DOF.Kernel.MaxForegroundRadius:0.025]]
[2026.08.25-01.27.30:374][  0]LogConfig: Setting CVar [[r.DOF.Kernel.MaxBackgroundRadius:0.025]]
[2026.08.25-01.27.30:374][  0]LogConfig: Applying CVar settings from Section [TextureQuality@3] File [E:/_Alex's Data/Unreal Engine/Unreal Projects/Brackeys2026/Brackeys-2026/BrackeysJam2026/Saved/Config/Windows/Scalability.ini]
[2026.08.25-01.27.30:374][  0]LogConfig: Setting CVar [[r.Streaming.MipBias:0]]
[2026.08.25-01.27.30:374][  0]LogConfig: Setting CVar [[r.Streaming.AmortizeCPUToGPUCopy:0]]
[2026.08.25-01.27.30:374][  0]LogConfig: Setting CVar [[r.Streaming.MaxNumTexturesToStreamPerFrame:0]]
[2026.08.25-01.27.30:374][  0]LogConfig: Setting CVar [[r.Streaming.Boost:1]]
[2026.08.25-01.27.30:374][  0]LogConfig: Setting CVar [[r.MaxAnisotropy:8]]
[2026.08.25-01.27.30:374][  0]LogConfig: Setting CVar [[r.VT.MaxAnisotropy:8]]
[2026.08.25-01.27.30:374][  0]LogConfig: Setting CVar [[r.Streaming.LimitPoolSizeToVRAM:0]]
[2026.08.25-01.27.30:374][  0]LogConfig: Setting CVar [[r.Streaming.PoolSize:1000]]
[2026.08.25-01.27.30:374][  0]LogConfig: Setting CVar [[r.Streaming.MaxEffectiveScreenSize:0]]
[2026.08.25-01.27.30:374][  0]LogConfig: Applying CVar settings from Section [EffectsQuality@3] File [E:/_Alex's Data/Unreal Engine/Unreal Projects/Brackeys2026/Brackeys-2026/BrackeysJam2026/Saved/Config/Windows/Scalability.ini]
[2026.08.25-01.27.30:374][  0]LogConfig: Setting CVar [[r.TranslucencyLightingVolumeDim:64]]
[2026.08.25-01.27.30:374][  0]LogConfig: Setting CVar [[r.RefractionQuality:2]]
[2026.08.25-01.27.30:374][  0]LogConfig: Setting CVar [[r.SSR.Quality:3]]
[2026.08.25-01.27.30:374][  0]LogConfig: Setting CVar [[r.SSR.HalfResSceneColor:0]]
[2026.08.25-01.27.30:374][  0]LogConfig: Setting CVar [[r.SceneColorFormat:4]]
[2026.08.25-01.27.30:374][  0]LogConfig: Setting CVar [[r.DetailMode:2]]
[2026.08.25-01.27.30:374][  0]LogConfig: Setting CVar [[r.TranslucencyVolumeBlur:1]]
[2026.08.25-01.27.30:374][  0]LogConfig: Setting CVar [[r.MaterialQualityLevel:1 ; High quality]]
[2026.08.25-01.27.30:374][  0]LogConfig: Setting CVar [[r.AnisotropicMaterials:1]]
[2026.08.25-01.27.30:374][  0]LogConfig: Setting CVar [[r.SSS.Scale:1]]
[2026.08.25-01.27.30:374][  0]LogConfig: Setting CVar [[r.SSS.SampleSet:2]]
[2026.08.25-01.27.30:374][  0]LogConfig: Setting CVar [[r.SSS.Quality:1]]
[2026.08.25-01.27.30:374][  0]LogConfig: Setting CVar [[r.SSS.HalfRes:0]]
[2026.08.25-01.27.30:374][  0]LogConfig: Setting CVar [[r.SSGI.Quality:3]]
[2026.08.25-01.27.30:374][  0]LogConfig: Setting CVar [[r.EmitterSpawnRateScale:1.0]]
[2026.08.25-01.27.30:374][  0]LogConfig: Setting CVar [[r.ParticleLightQuality:2]]
[2026.08.25-01.27.30:374][  0]LogConfig: Setting CVar [[r.SkyAtmosphere.AerialPerspectiveLUT.FastApplyOnOpaque:1 ; Always have FastSkyLUT 1 in this case to avoid wrong sky]]
[2026.08.25-01.27.30:374][  0]LogConfig: Setting CVar [[r.SkyAtmosphere.AerialPerspectiveLUT.SampleCountMaxPerSlice:4]]
[2026.08.25-01.27.30:374][  0]LogConfig: Setting CVar [[r.SkyAtmosphere.AerialPerspectiveLUT.DepthResolution:16.0]]
[2026.08.25-01.27.30:374][  0]LogConfig: Setting CVar [[r.SkyAtmosphere.FastSkyLUT:1]]
[2026.08.25-01.27.30:374][  0]LogConfig: Setting CVar [[r.SkyAtmosphere.FastSkyLUT.SampleCountMin:4.0]]
[2026.08.25-01.27.30:374][  0]LogConfig: Setting CVar [[r.SkyAtmosphere.FastSkyLUT.SampleCountMax:128.0]]
[2026.08.25-01.27.30:374][  0]LogConfig: Setting CVar [[r.SkyAtmosphere.SampleCountMin:4.0]]
[2026.08.25-01.27.30:374][  0]LogConfig: Setting CVar [[r.SkyAtmosphere.SampleCountMax:128.0]]
[2026.08.25-01.27.30:374][  0]LogConfig: Setting CVar [[r.SkyAtmosphere.TransmittanceLUT.UseSmallFormat:0]]
[2026.08.25-01.27.30:374][  0]LogConfig: Setting CVar [[r.SkyAtmosphere.TransmittanceLUT.SampleCount:10.0]]
[2026.08.25-01.27.30:374][  0]LogConfig: Setting CVar [[r.SkyAtmosphere.MultiScatteringLUT.SampleCount:15.0]]
[2026.08.25-01.27.30:374][  0]LogConfig: Setting CVar [[r.SkyLight.RealTimeReflectionCapture:1]]
[2026.08.25-01.27.30:374][  0]LogConfig: Applying CVar settings from Section [FoliageQuality@3] File [E:/_Alex's Data/Unreal Engine/Unreal Projects/Brackeys2026/Brackeys-2026/BrackeysJam2026/Saved/Config/Windows/Scalability.ini]
[2026.08.25-01.27.30:374][  0]LogConfig: Setting CVar [[foliage.DensityScale:1.0]]
[2026.08.25-01.27.30:374][  0]LogConfig: Setting CVar [[grass.DensityScale:1.0]]
[2026.08.25-01.27.30:374][  0]LogConfig: Applying CVar settings from Section [ShadingQuality@3] File [E:/_Alex's Data/Unreal Engine/Unreal Projects/Brackeys2026/Brackeys-2026/BrackeysJam2026/Saved/Config/Windows/Scalability.ini]
[2026.08.25-01.27.30:374][  0]LogConfig: Setting CVar [[r.HairStrands.SkyLighting.IntegrationType:2]]
[2026.08.25-01.27.30:374][  0]LogConfig: Setting CVar [[r.HairStrands.SkyAO.SampleCount:4]]
[2026.08.25-01.27.30:374][  0]LogConfig: Setting CVar [[r.HairStrands.Visibility.MSAA.SamplePerPixel:4]]
[2026.08.25-01.27.30:374][  0]LogInit: Selected Device Profile: [Windows]
[2026.08.25-01.27.30:374][  0]LogInit: Applying CVar settings loaded from the selected device profile: [Windows]
[2026.08.25-01.27.30:374][  0]LogHAL: Display: Platform has ~ 32 GB [33639129088 / 34359738368 / 32], which maps to Largest [LargestMinGB=32, LargerMinGB=12, DefaultMinGB=8, SmallerMinGB=6, SmallestMinGB=0)
[2026.08.25-01.27.30:374][  0]LogInit: Going up to parent DeviceProfile []
[2026.08.25-01.27.30:374][  0]LogConfig: Applying CVar settings from Section [ViewDistanceQuality@3] File [E:/_Alex's Data/Unreal Engine/Unreal Projects/Brackeys2026/Brackeys-2026/BrackeysJam2026/Saved/Config/Windows/Scalability.ini]
[2026.08.25-01.27.30:374][  0]LogConfig: Setting CVar [[r.SkeletalMeshLODBias:0]]
[2026.08.25-01.27.30:374][  0]LogConfig: Setting CVar [[r.ViewDistanceScale:1.0]]
[2026.08.25-01.27.30:374][  0]LogConfig: Applying CVar settings from Section [AntiAliasingQuality@3] File [E:/_Alex's Data/Unreal Engine/Unreal Projects/Brackeys2026/Brackeys-2026/BrackeysJam2026/Saved/Config/Windows/Scalability.ini]
[2026.08.25-01.27.30:374][  0]LogConfig: Setting CVar [[r.PostProcessAAQuality:4]]
[2026.08.25-01.27.30:374][  0]LogConfig: Applying CVar settings from Section [ShadowQuality@3] File [E:/_Alex's Data/Unreal Engine/Unreal Projects/Brackeys2026/Brackeys-2026/BrackeysJam2026/Saved/Config/Windows/Scalability.ini]
[2026.08.25-01.27.30:374][  0]LogConfig: Setting CVar [[r.LightFunctionQuality:1]]
[2026.08.25-01.27.30:374][  0]LogConfig: Setting CVar [[r.ShadowQuality:5]]
[2026.08.25-01.27.30:374][  0]LogConfig: Setting CVar [[r.Shadow.CSM.MaxCascades:10]]
[2026.08.25-01.27.30:374][  0]LogConfig: Setting CVar [[r.Shadow.MaxResolution:2048]]
[2026.08.25-01.27.30:374][  0]LogConfig: Setting CVar [[r.Shadow.MaxCSMResolution:2048]]
[2026.08.25-01.27.30:374][  0]LogConfig: Setting CVar [[r.Shadow.RadiusThreshold:0.01]]
[2026.08.25-01.27.30:374][  0]LogConfig: Setting CVar [[r.Shadow.DistanceScale:1.0]]
[2026.08.25-01.27.30:374][  0]LogConfig: Setting CVar [[r.Shadow.CSM.TransitionScale:1.0]]
[2026.08.25-01.27.30:374][  0]LogConfig: Setting CVar [[r.Shadow.PreShadowResolutionFactor:1.0]]
[2026.08.25-01.27.30:374][  0]LogConfig: Setting CVar [[r.DistanceFieldShadowing:1]]
[2026.08.25-01.27.30:374][  0]LogConfig: Setting CVar [[r.DistanceFieldAO:1]]
[2026.08.25-01.27.30:374][  0]LogConfig: Setting CVar [[r.AOQuality:2]]
[2026.08.25-01.27.30:374][  0]LogConfig: Setting CVar [[r.VolumetricFog:1]]
[2026.08.25-01.27.30:374][  0]LogConfig: Setting CVar [[r.VolumetricFog.GridPixelSize:8]]
[2026.08.25-01.27.30:374][  0]LogConfig: Setting CVar [[r.VolumetricFog.GridSizeZ:128]]
[2026.08.25-01.27.30:374][  0]LogConfig: Setting CVar [[r.VolumetricFog.HistoryMissSupersampleCount:4]]
[2026.08.25-01.27.30:374][  0]LogConfig: Setting CVar [[r.LightMaxDrawDistanceScale:1]]
[2026.08.25-01.27.30:374][  0]LogConfig: Setting CVar [[r.CapsuleShadows:1]]
[2026.08.25-01.27.30:374][  0]LogConfig: Applying CVar settings from Section [PostProcessQuality@3] File [E:/_Alex's Data/Unreal Engine/Unreal Projects/Brackeys2026/Brackeys-2026/BrackeysJam2026/Saved/Config/Windows/Scalability.ini]
[2026.08.25-01.27.30:374][  0]LogConfig: Setting CVar [[r.MotionBlurQuality:4]]
[2026.08.25-01.27.30:374][  0]LogConfig: Setting CVar [[r.AmbientOcclusionMipLevelFactor:0.4]]
[2026.08.25-01.27.30:374][  0]LogConfig: Setting CVar [[r.AmbientOcclusionMaxQuality:100]]
[2026.08.25-01.27.30:374][  0]LogConfig: Setting CVar [[r.AmbientOcclusionLevels:-1]]
[2026.08.25-01.27.30:374][  0]LogConfig: Setting CVar [[r.AmbientOcclusionRadiusScale:1.0]]
[2026.08.25-01.27.30:374][  0]LogConfig: Setting CVar [[r.DepthOfFieldQuality:2]]
[2026.08.25-01.27.30:374][  0]LogConfig: Setting CVar [[r.RenderTargetPoolMin:400]]
[2026.08.25-01.27.30:374][  0]LogConfig: Setting CVar [[r.LensFlareQuality:2]]
[2026.08.25-01.27.30:374][  0]LogConfig: Setting CVar [[r.SceneColorFringeQuality:1]]
[2026.08.25-01.27.30:374][  0]LogConfig: Setting CVar [[r.EyeAdaptationQuality:2]]
[2026.08.25-01.27.30:375][  0]LogConfig: Setting CVar [[r.BloomQuality:5]]
[2026.08.25-01.27.30:375][  0]LogConfig: Setting CVar [[r.FastBlurThreshold:100]]
[2026.08.25-01.27.30:375][  0]LogConfig: Setting CVar [[r.Upscale.Quality:3]]
[2026.08.25-01.27.30:375][  0]LogConfig: Setting CVar [[r.Tonemapper.GrainQuantization:1]]
[2026.08.25-01.27.30:375][  0]LogConfig: Setting CVar [[r.LightShaftQuality:1]]
[2026.08.25-01.27.30:375][  0]LogConfig: Setting CVar [[r.Filter.SizeScale:1]]
[2026.08.25-01.27.30:375][  0]LogConfig: Setting CVar [[r.Tonemapper.Quality:5]]
[2026.08.25-01.27.30:375][  0]LogConfig: Setting CVar [[r.DOF.Gather.AccumulatorQuality:1        ; higher gathering accumulator quality]]
[2026.08.25-01.27.30:375][  0]LogConfig: Setting CVar [[r.DOF.Gather.PostfilterMethod:1          ; Median3x3 postfilering method]]
[2026.08.25-01.27.30:375][  0]LogConfig: Setting CVar [[r.DOF.Gather.EnableBokehSettings:0       ; no bokeh simulation when gathering]]
[2026.08.25-01.27.30:375][  0]LogConfig: Setting CVar [[r.DOF.Gather.RingCount:4                 ; medium number of samples when gathering]]
[2026.08.25-01.27.30:375][  0]LogConfig: Setting CVar [[r.DOF.Scatter.ForegroundCompositing:1    ; additive foreground scattering]]
[2026.08.25-01.27.30:375][  0]LogConfig: Setting CVar [[r.DOF.Scatter.BackgroundCompositing:2    ; additive background scattering]]
[2026.08.25-01.27.30:375][  0]LogConfig: Setting CVar [[r.DOF.Scatter.EnableBokehSettings:1      ; bokeh simulation when scattering]]
[2026.08.25-01.27.30:375][  0]LogConfig: Setting CVar [[r.DOF.Scatter.MaxSpriteRatio:0.1         ; only a maximum of 10% of scattered bokeh]]
[2026.08.25-01.27.30:375][  0]LogConfig: Setting CVar [[r.DOF.Recombine.Quality:1                ; cheap slight out of focus]]
[2026.08.25-01.27.30:375][  0]LogConfig: Setting CVar [[r.DOF.Recombine.EnableBokehSettings:0    ; no bokeh simulation on slight out of focus]]
[2026.08.25-01.27.30:375][  0]LogConfig: Setting CVar [[r.DOF.TemporalAAQuality:1                ; more stable temporal accumulation]]
[2026.08.25-01.27.30:375][  0]LogConfig: Setting CVar [[r.DOF.Kernel.MaxForegroundRadius:0.025]]
[2026.08.25-01.27.30:375][  0]LogConfig: Setting CVar [[r.DOF.Kernel.MaxBackgroundRadius:0.025]]
[2026.08.25-01.27.30:375][  0]LogConfig: Applying CVar settings from Section [TextureQuality@3] File [E:/_Alex's Data/Unreal Engine/Unreal Projects/Brackeys2026/Brackeys-2026/BrackeysJam2026/Saved/Config/Windows/Scalability.ini]
[2026.08.25-01.27.30:375][  0]LogConfig: Setting CVar [[r.Streaming.MipBias:0]]
[2026.08.25-01.27.30:375][  0]LogConfig: Setting CVar [[r.Streaming.AmortizeCPUToGPUCopy:0]]
[2026.08.25-01.27.30:375][  0]LogConfig: Setting CVar [[r.Streaming.MaxNumTexturesToStreamPerFrame:0]]
[2026.08.25-01.27.30:375][  0]LogConfig: Setting CVar [[r.Streaming.Boost:1]]
[2026.08.25-01.27.30:375][  0]LogConfig: Setting CVar [[r.MaxAnisotropy:8]]
[2026.08.25-01.27.30:375][  0]LogConfig: Setting CVar [[r.VT.MaxAnisotropy:8]]
[2026.08.25-01.27.30:375][  0]LogConfig: Setting CVar [[r.Streaming.LimitPoolSizeToVRAM:0]]
[2026.08.25-01.27.30:375][  0]LogConfig: Setting CVar [[r.Streaming.PoolSize:1000]]
[2026.08.25-01.27.30:375][  0]LogConfig: Setting CVar [[r.Streaming.MaxEffectiveScreenSize:0]]
[2026.08.25-01.27.30:375][  0]LogConfig: Applying CVar settings from Section [EffectsQuality@3] File [E:/_Alex's Data/Unreal Engine/Unreal Projects/Brackeys2026/Brackeys-2026/BrackeysJam2026/Saved/Config/Windows/Scalability.ini]
[2026.08.25-01.27.30:375][  0]LogConfig: Setting CVar [[r.TranslucencyLightingVolumeDim:64]]
[2026.08.25-01.27.30:375][  0]LogConfig: Setting CVar [[r.RefractionQuality:2]]
[2026.08.25-01.27.30:375][  0]LogConfig: Setting CVar [[r.SSR.Quality:3]]
[2026.08.25-01.27.30:375][  0]LogConfig: Setting CVar [[r.SSR.HalfResSceneColor:0]]
[2026.08.25-01.27.30:375][  0]LogConfig: Setting CVar [[r.SceneColorFormat:4]]
[2026.08.25-01.27.30:375][  0]LogConfig: Setting CVar [[r.DetailMode:2]]
[2026.08.25-01.27.30:375][  0]LogConfig: Setting CVar [[r.TranslucencyVolumeBlur:1]]
[2026.08.25-01.27.30:375][  0]LogConfig: Setting CVar [[r.MaterialQualityLevel:1 ; High quality]]
[2026.08.25-01.27.30:375][  0]LogConfig: Setting CVar [[r.AnisotropicMaterials:1]]
[2026.08.25-01.27.30:375][  0]LogConfig: Setting CVar [[r.SSS.Scale:1]]
[2026.08.25-01.27.30:375][  0]LogConfig: Setting CVar [[r.SSS.SampleSet:2]]
[2026.08.25-01.27.30:375][  0]LogConfig: Setting CVar [[r.SSS.Quality:1]]
[2026.08.25-01.27.30:375][  0]LogConfig: Setting CVar [[r.SSS.HalfRes:0]]
[2026.08.25-01.27.30:375][  0]LogConfig: Setting CVar [[r.SSGI.Quality:3]]
[2026.08.25-01.27.30:375][  0]LogConfig: Setting CVar [[r.EmitterSpawnRateScale:1.0]]
[2026.08.25-01.27.30:375][  0]LogConfig: Setting CVar [[r.ParticleLightQuality:2]]
[2026.08.25-01.27.30:375][  0]LogConfig: Setting CVar [[r.SkyAtmosphere.AerialPerspectiveLUT.FastApplyOnOpaque:1 ; Always have FastSkyLUT 1 in this case to avoid wrong sky]]
[2026.08.25-01.27.30:375][  0]LogConfig: Setting CVar [[r.SkyAtmosphere.AerialPerspectiveLUT.SampleCountMaxPerSlice:4]]
[2026.08.25-01.27.30:375][  0]LogConfig: Setting CVar [[r.SkyAtmosphere.AerialPerspectiveLUT.DepthResolution:16.0]]
[2026.08.25-01.27.30:375][  0]LogConfig: Setting CVar [[r.SkyAtmosphere.FastSkyLUT:1]]
[2026.08.25-01.27.30:375][  0]LogConfig: Setting CVar [[r.SkyAtmosphere.FastSkyLUT.SampleCountMin:4.0]]
[2026.08.25-01.27.30:375][  0]LogConfig: Setting CVar [[r.SkyAtmosphere.FastSkyLUT.SampleCountMax:128.0]]
[2026.08.25-01.27.30:375][  0]LogConfig: Setting CVar [[r.SkyAtmosphere.SampleCountMin:4.0]]
[2026.08.25-01.27.30:375][  0]LogConfig: Setting CVar [[r.SkyAtmosphere.SampleCountMax:128.0]]
[2026.08.25-01.27.30:375][  0]LogConfig: Setting CVar [[r.SkyAtmosphere.TransmittanceLUT.UseSmallFormat:0]]
[2026.08.25-01.27.30:375][  0]LogConfig: Setting CVar [[r.SkyAtmosphere.TransmittanceLUT.SampleCount:10.0]]
[2026.08.25-01.27.30:375][  0]LogConfig: Setting CVar [[r.SkyAtmosphere.MultiScatteringLUT.SampleCount:15.0]]
[2026.08.25-01.27.30:375][  0]LogConfig: Setting CVar [[r.SkyLight.RealTimeReflectionCapture:1]]
[2026.08.25-01.27.30:375][  0]LogConfig: Applying CVar settings from Section [FoliageQuality@3] File [E:/_Alex's Data/Unreal Engine/Unreal Projects/Brackeys2026/Brackeys-2026/BrackeysJam2026/Saved/Config/Windows/Scalability.ini]
[2026.08.25-01.27.30:375][  0]LogConfig: Setting CVar [[foliage.DensityScale:1.0]]
[2026.08.25-01.27.30:375][  0]LogConfig: Setting CVar [[grass.DensityScale:1.0]]
[2026.08.25-01.27.30:375][  0]LogConfig: Applying CVar settings from Section [ShadingQuality@3] File [E:/_Alex's Data/Unreal Engine/Unreal Projects/Brackeys2026/Brackeys-2026/BrackeysJam2026/Saved/Config/Windows/Scalability.ini]
[2026.08.25-01.27.30:375][  0]LogConfig: Setting CVar [[r.HairStrands.SkyLighting.IntegrationType:2]]
[2026.08.25-01.27.30:375][  0]LogConfig: Setting CVar [[r.HairStrands.SkyAO.SampleCount:4]]
[2026.08.25-01.27.30:375][  0]LogConfig: Setting CVar [[r.HairStrands.Visibility.MSAA.SamplePerPixel:4]]
[2026.08.25-01.27.30:375][  0]LogConfig: Applying CVar settings from Section [Startup] File [../../../Engine/Config/ConsoleVariables.ini]
[2026.08.25-01.27.30:375][  0]LogConfig: Setting CVar [[net.UseAdaptiveNetUpdateFrequency:0]]
[2026.08.25-01.27.30:375][  0]LogConfig: Setting CVar [[p.chaos.AllowCreatePhysxBodies:1]]
[2026.08.25-01.27.30:375][  0]LogConfig: Setting CVar [[fx.SkipVectorVMBackendOptimizations:1]]
[2026.08.25-01.27.30:375][  0]LogConfig: Applying CVar settings from Section [ConsoleVariables] File [E:/_Alex's Data/Unreal Engine/Unreal Projects/Brackeys2026/Brackeys-2026/BrackeysJam2026/Saved/Config/Windows/Engine.ini]
[2026.08.25-01.27.30:375][  0]LogConfig: Applying CVar settings from Section [ConsoleVariables] File [E:/_Alex's Data/Unreal Engine/Unreal Projects/Brackeys2026/Brackeys-2026/BrackeysJam2026/Saved/Config/Windows/Editor.ini]
[2026.08.25-01.27.30:375][  0]LogInit: Computer: LAPTOP-EB09ONFM
[2026.08.25-01.27.30:375][  0]LogInit: User: AlexT
[2026.08.25-01.27.30:375][  0]LogInit: CPU Page size=4096, Cores=8
[2026.08.25-01.27.30:375][  0]LogInit: High frequency timer resolution =10.000000 MHz
[2026.08.25-01.27.30:375][  0]LogMemory: Memory total: Physical=31.3GB (32GB approx)
[2026.08.25-01.27.30:375][  0]LogMemory: Platform Memory Stats for Windows
[2026.08.25-01.27.30:375][  0]LogMemory: Process Physical Memory: 160.28 MB used, 160.28 MB peak
[2026.08.25-01.27.30:375][  0]LogMemory: Process Virtual Memory: 134.08 MB used, 134.08 MB peak
[2026.08.25-01.27.30:375][  0]LogMemory: Physical Memory: 17086.93 MB used,  14993.85 MB free, 32080.77 MB total
[2026.08.25-01.27.30:375][  0]LogMemory: Virtual Memory: 134199752.00 MB used,  17974.32 MB free, 134217728.00 MB total
[2026.08.25-01.27.30:380][  0]LogWindows: WindowsPlatformFeatures enabled
[2026.08.25-01.27.30:396][  0]LogInit: Physics initialised using underlying interface: PhysX
[2026.08.25-01.27.30:397][  0]LogInit: Using OS detected language (en-US).
[2026.08.25-01.27.30:397][  0]LogInit: Using OS detected locale (en-US).
[2026.08.25-01.27.30:401][  0]LogTextLocalizationManager: No specific localization for 'en-US' exists, so the 'en' localization will be used.
[2026.08.25-01.27.30:539][  0]LogInit: Setting process to per monitor DPI aware
[2026.08.25-01.27.30:552][  0]LogWindowsTextInputMethodSystem: Display: IME system deactivated.
[2026.08.25-01.27.30:563][  0]LogSlate: New Slate User Created.  User Index 0, Is Virtual User: 0
[2026.08.25-01.27.30:563][  0]LogSlate: Slate User Registered.  User Index 0, Is Virtual User: 0
[2026.08.25-01.27.30:653][  0]LogD3D11RHI: Loaded GFSDK_Aftermath_Lib.x64.dll
[2026.08.25-01.27.30:678][  0]LogHMD: Failed to initialize OpenVR with code 110
[2026.08.25-01.27.30:678][  0]LogD3D11RHI: D3D11 min allowed feature level: 11_0
[2026.08.25-01.27.30:678][  0]LogD3D11RHI: D3D11 max allowed feature level: 11_0
[2026.08.25-01.27.30:678][  0]LogD3D11RHI: D3D11 adapters:
[2026.08.25-01.27.30:776][  0]LogD3D11RHI:    0. 'AMD Radeon 780M Graphics' (Feature Level 11_0)
[2026.08.25-01.27.30:776][  0]LogD3D11RHI:       421/0/16040 MB DedicatedVideo/DedicatedSystem/SharedSystem, Outputs:1, VendorId:0x1002
[2026.08.25-01.27.30:782][  0]LogD3D11RHI:    1. 'Microsoft Basic Render Driver' (Feature Level 11_0)
[2026.08.25-01.27.30:782][  0]LogD3D11RHI:       0/0/16040 MB DedicatedVideo/DedicatedSystem/SharedSystem, Outputs:0, VendorId:0x1414
[2026.08.25-01.27.30:782][  0]LogD3D11RHI: Chosen D3D11 Adapter:
[2026.08.25-01.27.30:782][  0]LogD3D11RHI:     Description : AMD Radeon 780M Graphics
[2026.08.25-01.27.30:782][  0]LogD3D11RHI:     VendorId    : 1002
[2026.08.25-01.27.30:782][  0]LogD3D11RHI:     DeviceId    : 1900
[2026.08.25-01.27.30:782][  0]LogD3D11RHI:     SubSysId    : 1241002
[2026.08.25-01.27.30:782][  0]LogD3D11RHI:     Revision    : 00d5
[2026.08.25-01.27.30:782][  0]LogD3D11RHI:     DedicatedVideoMemory : 441671680 bytes
[2026.08.25-01.27.30:782][  0]LogD3D11RHI:     DedicatedSystemMemory : 0 bytes
[2026.08.25-01.27.30:782][  0]LogD3D11RHI:     SharedSystemMemory : 16819564544 bytes
[2026.08.25-01.27.30:782][  0]LogD3D11RHI:     AdapterLuid : 0 66722
[2026.08.25-01.27.30:791][  0]LogD3D11RHI: Creating new Direct3DDevice
[2026.08.25-01.27.30:791][  0]LogD3D11RHI:     GPU DeviceId: 0x1900 (for the marketing name, search the web for "GPU Device Id")
[2026.08.25-01.27.30:791][  0]LogWindows: EnumDisplayDevices:
[2026.08.25-01.27.30:792][  0]LogWindows:    0. 'AMD Radeon 780M Graphics' (P:1 D:1)
[2026.08.25-01.27.30:792][  0]LogWindows:    1. 'AMD Radeon 780M Graphics' (P:0 D:0)
[2026.08.25-01.27.30:792][  0]LogWindows:    2. 'AMD Radeon 780M Graphics' (P:0 D:0)
[2026.08.25-01.27.30:793][  0]LogWindows:    3. 'AMD Radeon 780M Graphics' (P:0 D:0)
[2026.08.25-01.27.30:794][  0]LogWindows:    4. 'AMD Radeon 780M Graphics' (P:0 D:0)
[2026.08.25-01.27.30:794][  0]LogWindows: DebugString: FoundDriverCount:5 
[2026.08.25-01.27.30:794][  0]LogD3D11RHI:     Adapter Name: AMD Radeon 780M Graphics
[2026.08.25-01.27.30:794][  0]LogD3D11RHI:   Driver Version: AMD Software: Adrenalin Edition 26.7.1 (internal:32.0.31035.1003, unified:32.0.31035.1003)
[2026.08.25-01.27.30:794][  0]LogD3D11RHI:      Driver Date: 7-24-2026
[2026.08.25-01.27.30:794][  0]LogRHI: Texture pool is 10985 MB (70% of 15693 MB)
[2026.08.25-01.27.30:821][  0]LogD3D11RHI: Creating D3DDevice with AMD AGS, using adapter:
[2026.08.25-01.27.30:821][  0]LogD3D11RHI:     Description : AMD Radeon 780M Graphics
[2026.08.25-01.27.30:821][  0]LogD3D11RHI:     VendorId    : 1002
[2026.08.25-01.27.30:821][  0]LogD3D11RHI:     DeviceId    : 1900
[2026.08.25-01.27.30:821][  0]LogD3D11RHI:     SubSysId    : 1241002
[2026.08.25-01.27.30:821][  0]LogD3D11RHI:     Revision    : 00d5
[2026.08.25-01.27.30:821][  0]LogD3D11RHI:     DedicatedVideoMemory : 441671680 bytes
[2026.08.25-01.27.30:821][  0]LogD3D11RHI:     DedicatedSystemMemory : 0 bytes
[2026.08.25-01.27.30:821][  0]LogD3D11RHI:     SharedSystemMemory : 16819564544 bytes
[2026.08.25-01.27.30:821][  0]LogD3D11RHI:     AdapterLuid : 0 66722
[2026.08.25-01.27.30:911][  0]LogD3D11RHI: Created device via AGS, feature level 11_0, supported extensions 1fffffbf.
[2026.08.25-01.27.30:911][  0]LogD3D11RHI: RHI has support for 64 bit atomics
[2026.08.25-01.27.30:911][  0]LogD3D11RHI: Async texture creation enabled
[2026.08.25-01.27.30:911][  0]LogD3D11RHI: Array index from any shader is supported
[2026.08.25-01.27.30:922][  0]LogD3D11RHI: GPU Timing Frequency: 100.000000 (Debug: 2 1)
[2026.08.25-01.27.31:227][  0]LogTargetPlatformManager: Display: Loaded TargetPlatform 'AllDesktop'
[2026.08.25-01.27.31:243][  0]LogTargetPlatformManager: Display: Loaded TargetPlatform 'Android'
[2026.08.25-01.27.31:243][  0]LogTargetPlatformManager: Display: Loaded TargetPlatform 'Android_ASTC'
[2026.08.25-01.27.31:243][  0]LogTargetPlatformManager: Display: Loaded TargetPlatform 'Android_DXT'
[2026.08.25-01.27.31:243][  0]LogTargetPlatformManager: Display: Loaded TargetPlatform 'Android_ETC2'
[2026.08.25-01.27.31:243][  0]LogTargetPlatformManager: Display: Loaded TargetPlatform 'AndroidClient'
[2026.08.25-01.27.31:243][  0]LogTargetPlatformManager: Display: Loaded TargetPlatform 'Android_ASTCClient'
[2026.08.25-01.27.31:243][  0]LogTargetPlatformManager: Display: Loaded TargetPlatform 'Android_DXTClient'
[2026.08.25-01.27.31:243][  0]LogTargetPlatformManager: Display: Loaded TargetPlatform 'Android_ETC2Client'
[2026.08.25-01.27.31:243][  0]LogTargetPlatformManager: Display: Loaded TargetPlatform 'Android_Multi'
[2026.08.25-01.27.31:243][  0]LogTargetPlatformManager: Display: Loaded TargetPlatform 'Android_MultiClient'
[2026.08.25-01.27.31:256][  0]LogTargetPlatformManager: Display: Loaded TargetPlatform 'IOSClient'
[2026.08.25-01.27.31:256][  0]LogTargetPlatformManager: Display: Loaded TargetPlatform 'IOS'
[2026.08.25-01.27.31:263][  0]LogTargetPlatformManager: Display: Loaded TargetPlatform 'Linux'
[2026.08.25-01.27.31:266][  0]LogTargetPlatformManager: Display: Loaded TargetPlatform 'LinuxNoEditor'
[2026.08.25-01.27.31:269][  0]LogTargetPlatformManager: Display: Loaded TargetPlatform 'LinuxClient'
[2026.08.25-01.27.31:272][  0]LogTargetPlatformManager: Display: Loaded TargetPlatform 'LinuxServer'
[2026.08.25-01.27.31:277][  0]LogTargetPlatformManager: Display: Loaded TargetPlatform 'LinuxAArch64NoEditor'
[2026.08.25-01.27.31:282][  0]LogTargetPlatformManager: Display: Loaded TargetPlatform 'LinuxAArch64Client'
[2026.08.25-01.27.31:285][  0]LogTargetPlatformManager: Display: Loaded TargetPlatform 'LinuxAArch64Server'
[2026.08.25-01.27.31:298][  0]LogTargetPlatformManager: Display: Loaded TargetPlatform 'Lumin'
[2026.08.25-01.27.31:298][  0]LogTargetPlatformManager: Display: Loaded TargetPlatform 'LuminClient'
[2026.08.25-01.27.31:304][  0]LogTargetPlatformManager: Display: Loaded TargetPlatform 'MacNoEditor'
[2026.08.25-01.27.31:307][  0]LogTargetPlatformManager: Display: Loaded TargetPlatform 'Mac'
[2026.08.25-01.27.31:310][  0]LogTargetPlatformManager: Display: Loaded TargetPlatform 'MacClient'
[2026.08.25-01.27.31:313][  0]LogTargetPlatformManager: Display: Loaded TargetPlatform 'MacServer'
[2026.08.25-01.27.31:320][  0]LogTargetPlatformManager: Display: Loaded TargetPlatform 'TVOSClient'
[2026.08.25-01.27.31:320][  0]LogTargetPlatformManager: Display: Loaded TargetPlatform 'TVOS'
[2026.08.25-01.27.31:325][  0]LogTargetPlatformManager: Display: Loaded TargetPlatform 'WindowsNoEditor'
[2026.08.25-01.27.31:329][  0]LogTargetPlatformManager: Display: Loaded TargetPlatform 'Windows'
[2026.08.25-01.27.31:332][  0]LogTargetPlatformManager: Display: Loaded TargetPlatform 'WindowsClient'
[2026.08.25-01.27.31:335][  0]LogTargetPlatformManager: Display: Loaded TargetPlatform 'WindowsServer'
[2026.08.25-01.27.31:335][  0]LogTargetPlatformManager: Display: Building Assets For Windows
[2026.08.25-01.27.31:340][  0]LogAudioDebug: Display: Lib vorbis DLL was dynamically loaded.
[2026.08.25-01.27.31:361][  0]LogTextureFormatOodle: Display: Oodle Texture 2.9.0 init RDO Off
[2026.08.25-01.27.31:382][  0]LogRendererCore: Ray tracing is disabled. Reason: r.RayTracing=0.
[2026.08.25-01.27.31:382][  0]LogShaderCompilers: Guid format shader working directory is -42 characters bigger than the processId version (E:/_Alex's Data/Unreal Engine/Unreal Projects/Brackeys2026/Brackeys-2026/BrackeysJam2026/Intermediate/Shaders/WorkingDirectory/26480/).
[2026.08.25-01.27.31:382][  0]LogShaderCompilers: Cleaned the shader compiler working directory 'C:/Users/Alex T/AppData/Local/Temp/UnrealShaderWorkingDir/0A79E5BF463568DAD17CB1B921601E6A/'.
[2026.08.25-01.27.31:382][  0]LogXGEController: Cannot use XGE Controller as Incredibuild is not installed on this machine.
[2026.08.25-01.27.31:382][  0]LogShaderCompilers: Cannot use XGE Shader Compiler as Incredibuild is not installed on this machine.
[2026.08.25-01.27.31:382][  0]LogShaderCompilers: Display: Using Local Shader Compiler.
[2026.08.25-01.27.31:843][  0]LogDerivedDataCache: Display: Max Cache Size: 512 MB
[2026.08.25-01.27.31:877][  0]LogDerivedDataCache: Loaded boot cache 0.03s 94MB C:/Users/Alex T/AppData/Local/UnrealEngine/4.27/DerivedDataCache/Boot.ddc.
[2026.08.25-01.27.31:877][  0]LogDerivedDataCache: Display: Loaded Boot cache: C:/Users/Alex T/AppData/Local/UnrealEngine/4.27/DerivedDataCache/Boot.ddc
[2026.08.25-01.27.31:877][  0]LogDerivedDataCache: FDerivedDataBackendGraph:  Pak pak cache file E:/_Alex's Data/Unreal Engine/Unreal Projects/Brackeys2026/Brackeys-2026/BrackeysJam2026/DerivedDataCache/DDC.ddp not found, will not use a pak cache.
[2026.08.25-01.27.31:877][  0]LogDerivedDataCache: Unable to find inner node Pak for hierarchical cache Hierarchy.
[2026.08.25-01.27.31:877][  0]LogDerivedDataCache: FDerivedDataBackendGraph:  CompressedPak pak cache file E:/_Alex's Data/Unreal Engine/Unreal Projects/Brackeys2026/Brackeys-2026/BrackeysJam2026/DerivedDataCache/Compressed.ddp not found, will not use a pak cache.
[2026.08.25-01.27.31:877][  0]LogDerivedDataCache: Unable to find inner node CompressedPak for hierarchical cache Hierarchy.
[2026.08.25-01.27.31:890][  0]LogDerivedDataCache: Display: Pak cache opened for reading ../../../Engine/DerivedDataCache/Compressed.ddp.
[2026.08.25-01.27.31:890][  0]LogDerivedDataCache: FDerivedDataBackendGraph:  EnterprisePak pak cache file ../../../Enterprise/DerivedDataCache/Compressed.ddp not found, will not use a pak cache.
[2026.08.25-01.27.31:890][  0]LogDerivedDataCache: Unable to find inner node EnterprisePak for hierarchical cache Hierarchy.
[2026.08.25-01.27.31:898][  0]LogDerivedDataCache: Speed tests for C:/Users/Alex T/AppData/Local/UnrealEngine/Common/DerivedDataCache took 0.01 seconds
[2026.08.25-01.27.31:898][  0]LogDerivedDataCache: Display: Performance to C:/Users/Alex T/AppData/Local/UnrealEngine/Common/DerivedDataCache: Latency=0.02ms. RandomReadSpeed=1713.71MBs, RandomWriteSpeed=133.80MBs. Assigned SpeedClass 'Local'
[2026.08.25-01.27.31:899][  0]LogDerivedDataCache: Using Local data cache path C:/Users/Alex T/AppData/Local/UnrealEngine/Common/DerivedDataCache: Writable
[2026.08.25-01.27.31:899][  0]LogDerivedDataCache: Shared data cache path not found in *engine.ini, will not use an Shared cache.
[2026.08.25-01.27.31:899][  0]LogDerivedDataCache: Unable to find inner node Shared for hierarchical cache Hierarchy.
[2026.08.25-01.27.31:926][  0]LogSlate: Using FreeType 2.10.0
[2026.08.25-01.27.31:927][  0]LogSlate: SlateFontServices - WITH_FREETYPE: 1, WITH_HARFBUZZ: 1
[2026.08.25-01.27.31:947][  0]LogAssetRegistry: FAssetRegistry took 0.0023 seconds to start up
[2026.08.25-01.27.32:096][  0]LogInit: Selected Device Profile: [Windows]
[2026.08.25-01.27.32:096][  0]LogInit: Active device profile: [000001C463513C00][000001C4612D3680 49] Windows
[2026.08.25-01.27.32:096][  0]LogInit: Profiles: [000001C463513C00][000001C4612D3680 49] Windows, [000001C4634D0500][000001C4612DB940 49] WindowsNoEditor, [000001C463510500][000001C4612DFC00 49] WindowsServer, [000001C4634D3600][000001C4612E2340 49] WindowsClient, [000001C463513500][000001C4612E6600 49] IOS, [000001C4634D0E00][000001C4612EA8C0 49] iPadAir, [000001C463510D00][000001C4612D6B40 49] iPadAir2, [000001C46348C600][000001C461303040 49] IPadPro, [000001C46348C700][000001C4612EF080 49] iPadAir3, [000001C463512F00][000001C4612FB340 49] iPadAir4, [000001C46348FA00][000001C4612F7600 49] iPadMini2, [000001C463511100][000001C4612FF8C0 49] iPadMini3, [000001C46348D600][000001C461307B80 49] iPadMini4, [000001C463512800][000001C46130A2C0 49] iPadMini5, [000001C463487E00][000001C46131E800 49] iPhone6, [000001C463487F00][000001C46130E840 49] iPodTouch6, [000001C4634D3400][000001C461322D40 49] iPhone7, [000001C4634D2E00][000001C461316D80 49] iPodTouch7, [000001C463484A00][000001C4612F3000 49] iPhone5S, [000001C4634D2400][000001C4613132C0 49] iPhone6Plus, [000001C463487000][000001C461327580 49] iPhone6S, [000001C4634D0F00][000001C46132B840 49] iPhone6SPlus, [000001C463485100][000001C46132FB00 49] iPhone7Plus, [000001C4634D3800][000001C461332240 49] iPhoneSE, [000001C463486900][000001C461336500 49] iPhone8, [000001C4634D1300][000001C46133A7C0 49] iPhone8Plus, [000001C463485800][000001C460C32A80 49] iPhoneX, [000001C4634D3000][000001C460C36D40 49] iPhoneXS, [000001C463487D00][000001C46131AFC0 49] iPhoneXSMax, [000001C4634D1C00][000001C460C3B240 49] iPhoneXR, [000001C463484700][000001C460C43500 49] iPhone11, [000001C4634D2B00][000001C460C477C0 49] iPhone11Pro, [000001C463487400][000001C460C4BA80 49] iPhone11ProMax, [000001C4634D0700][000001C460C4E1C0 49] iPhoneSE2, [000001C463486D00][000001C460C52480 49] iPhone12Mini, [000001C4634D2A00][000001C460C56740 49] iPhone12, [000001C463485300][000001C460C5AA00 49] iPhone12Pro, [000001C4634D1F00][000001C460C5ECC0 49] iPhone12ProMax, [000001C463484900][000001C460C62F80 49] iPadPro105, [000001C4634D0400][000001C460C3F200 49] iPadPro129, [000001C463487300][000001C460C67480 49] iPadPro97, [000001C4634D1100][000001C460C6F740 49] iPadPro2_129, [000001C463485200][000001C460C73A00 49] iPad5, [000001C4634D1A00][000001C460C76140 49] iPad6, [000001C463484D00][000001C460C7A400 49] iPad7, [000001C4634D0B00][000001C460C7E6C0 49] iPad8, [000001C463484300][000001C460CF2980 49] iPadPro11, [000001C4634D0100][000001C460D02C40 49] iPadPro2_11, [000001C463484E00][000001C45B550F00 49] iPadPro3_129, [000001C4634D3500][000001C45B55D1C0 49] iPadPro4_129, [000001C463485D00][000001C460C6B440 49] AppleTV, [000001C4634D0900][000001C45BAD16C0 49] AppleTV4K, [000001C463484600][000001C45BAD9980 49] TVOS, [000001C4634D3E00][000001C460ED20C0 49] Mac, [000001C463484B00][000001C460ED6380 49] MacClient, [000001C4634D1D00][000001C460EDA640 49] MacNoEditor, [000001C463484200][000001C460EE2900 49] MacServer, [000001C4634D2500][000001C460EEABC0 49] Linux, [000001C463486100][000001C460EFAE80 49] LinuxAArch64, [000001C4634D2F00][000001C460B0D140 49] LinuxNoEditor, [000001C463487700][000001C460B11400 49] LinuxAArch64NoEditor, [000001C4634D3300][000001C45BAD5680 49] LinuxClient, [000001C463484F00][000001C460B1D900 49] LinuxAArch64Client, [000001C4634D1400][000001C460CB3BC0 49] LinuxServer, [000001C463487100][000001C460CC2300 49] LinuxAArch64Server, [000001C4634D1500][000001C460CC65C0 49] Android, [000001C463487500][000001C460CCA880 49] Android_Low, [000001C4634D3F00][000001C460CEEB40 49] Android_Mid, [000001C463486B00][000001C45B3A4E00 49] Android_High, [000001C463511400][000001C45B3A90C0 49] Android_Default, [000001C463546700][000001C45B3AD380 49] Android_Adreno4xx, [000001C463513A00][000001C460B19640 49] Android_Adreno5xx_Low, [000001C463544300][000001C460CAF8C0 49] Android_Adreno5xx, [000001C463513000][000001C45B547B40 49] Android_Adreno6xx, [000001C463545200][000001C45B3B4280 49] Android_Adreno6xx_Vulkan, [000001C463511B00][000001C45B3BC540 49] Android_Mali_T6xx, [000001C463545700][000001C45BB5A800 49] Android_Mali_T7xx, [000001C463510A00][000001C460E64AC0 49] Android_Mali_T8xx, [000001C463545100][000001C460EB6D80 49] Android_Mali_G71, [000001C463512B00][000001C460EBB040 49] Android_Mali_G72, [000001C463545E00][000001C460EC3300 49] Android_Mali_G72_Vulkan, [000001C463513700][000001C4604D95C0 49] Android_Mali_G76, [000001C463544500][000001C4604E9880 49] Android_Mali_G76_Vulkan, [000001C463512C00][000001C45B3B1B00 49] Android_Mali_G77, [000001C463546600][000001C460844200 49] Android_Mali_G77_Vulkan, [000001C463513F00][000001C4608644C0 49] Android_Mali_G78, [000001C463546D00][000001C460868780 49] Android_Mali_G78_Vulkan, [000001C463510100][000001C46086CA40 49] Android_Mali_G710, [000001C463544400][000001C460870D00 49] Android_Mali_G710_Vulkan, [000001C463487800][000001C460874FC0 49] Android_Vulkan_SM5, [000001C463546200][000001C460879280 49] Android_PowerVR_G6xxx, [000001C463487600][000001C46087D540 49] Android_PowerVR_GT7xxx, [000001C463545B00][000001C46055D800 49] Android_PowerVR_GE8xxx, [000001C463487A00][000001C460561AC0 49] Android_PowerVR_GM9xxx, [000001C463545000][000001C4608601C0 49] Android_PowerVR_GM9xxx_Vulkan, [000001C463484100][000001C460D42440 49] Android_TegraK1, [000001C463544D00][000001C460D4A700 49] Android_Unknown_Vulkan, [000001C463484C00][000001C460D4E9C0 49] Lumin, [000001C463544C00][000001C460D52C80 49] Lumin_Desktop, [000001C463485C00][000001C460898F40 49] HoloLens, 
[2026.08.25-01.27.32:185][  0]LogMeshReduction: Using QuadricMeshReduction for automatic static mesh reduction
[2026.08.25-01.27.32:185][  0]LogMeshReduction: Using SimplygonMeshReduction for automatic skeletal mesh reduction
[2026.08.25-01.27.32:185][  0]LogMeshReduction: Using ProxyLODMeshReduction for automatic mesh merging
[2026.08.25-01.27.32:185][  0]LogMeshReduction: No distributed automatic mesh merging module available
[2026.08.25-01.27.32:185][  0]LogMeshMerging: No distributed automatic mesh merging module available
[2026.08.25-01.27.32:197][  0]LogNetVersion: BrackeysJam2026 1.0.0, NetCL: 17155196, EngineNetVer: 17, GameNetVer: 0 (Checksum: 1239153582)
[2026.08.25-01.27.32:465][  0]LogTexture: Default maximum texture size for cubemaps generated from long-lat sources has been changed from 512 to unlimited. In order to preserve old behaiour for '/Engine/MapTemplates/Sky/DaylightAmbientCubemap.DaylightAmbientCubemap', its maximum texture size has been explicitly set to 512.
[2026.08.25-01.27.32:498][  0]LogHMD: PokeAHoleMaterial loaded successfully
[2026.08.25-01.27.32:503][  0]LogUObjectArray: 17179 objects as part of root set at end of initial load.
[2026.08.25-01.27.32:503][  0]LogUObjectAllocator: 4302256 out of 0 bytes used by permanent object pool.
[2026.08.25-01.27.32:503][  0]LogUObjectArray: CloseDisregardForGC: 0/0 objects in disregard for GC pool
[2026.08.25-01.27.32:713][  0]LogNiagaraDebuggerClient: Niagara Debugger Client Initialized | Session: F298DE724B03DE8816D5868DB2B85F40 | Instance: 73913293499106D32CC95F94785CB608 (LAPTOP-EB09ONFM-26480).
[2026.08.25-01.27.32:804][  0]LogPython: Using Python 3.7.7
[2026.08.25-01.27.33:131][  0]LogUdpMessaging: Initializing bridge on interface 0.0.0.0:0 to multicast group 230.0.0.1:6666.
[2026.08.25-01.27.33:138][  0]LogTcpMessaging: Initializing TcpMessaging bridge
[2026.08.25-01.27.33:260][  0]SourceControl: Source control is disabled
[2026.08.25-01.27.33:260][  0]SourceControl: Source control is disabled
[2026.08.25-01.27.33:262][  0]SourceControl: Source control is disabled
[2026.08.25-01.27.33:266][  0]SourceControl: Source control is disabled
[2026.08.25-01.27.33:268][  0]SourceControl: Source control is disabled
[2026.08.25-01.27.33:273][  0]LogUProjectInfo: Found projects:
[2026.08.25-01.27.33:449][  0]LogOpenImageDenoise: OIDN starting up
[2026.08.25-01.27.33:465][  0]LogAndroidPermission: UAndroidPermissionCallbackProxy::GetInstance
[2026.08.25-01.27.33:478][  0]LogAudioCaptureCore: Display: No Audio Capture implementations found. Audio input will be silent.
[2026.08.25-01.27.33:478][  0]LogAudioCaptureCore: Display: No Audio Capture implementations found. Audio input will be silent.
[2026.08.25-01.27.33:565][  0]LogCollectionManager: Loaded 0 collections in 0.001155 seconds
[2026.08.25-01.27.33:585][  0]LogFileCache: Scanning file cache for directory 'E:/_Alex's Data/Unreal Engine/Unreal Projects/Brackeys2026/Brackeys-2026/BrackeysJam2026/Saved/Collections/' took 0.00s
[2026.08.25-01.27.33:585][  0]LogFileCache: Scanning file cache for directory 'E:/_Alex's Data/Unreal Engine/Unreal Projects/Brackeys2026/Brackeys-2026/BrackeysJam2026/Content/Developers/AlexT/Collections/' took 0.00s
[2026.08.25-01.27.33:585][  0]LogFileCache: Scanning file cache for directory 'E:/_Alex's Data/Unreal Engine/Unreal Projects/Brackeys2026/Brackeys-2026/BrackeysJam2026/Content/Collections/' took 0.00s
[2026.08.25-01.27.33:585][  0]LogOcInput: OculusInput pre-init called
[2026.08.25-01.27.33:759][  0]LogEngine: Initializing Engine...
[2026.08.25-01.27.33:761][  0]LogHMD: Failed to enumerate extensions. Please check that you have a valid OpenXR runtime installed.
[2026.08.25-01.27.33:761][  0]LogHMD: Failed to initialize OpenVR with code 110
[2026.08.25-01.27.33:761][  0]LogMagicLeap: Warning: VR disabled because ZI is not enabled.  To enable, in the editor, Edit -> Project Settings -> Plugins -> Magic Leap Plugin -> Enable Zero Iteration
[2026.08.25-01.27.33:762][  0]LogStats: UGameplayTagsManager::InitializeManager -  0.000 s
[2026.08.25-01.27.33:835][  0]LogInit: Initializing FReadOnlyCVARCache
[2026.08.25-01.27.33:845][  0]LogAIModule: Creating AISystem for world Untitled
[2026.08.25-01.27.33:845][  0]LogAudio: Display: Initializing Audio Device Manager...
[2026.08.25-01.27.33:848][  0]LogAudio: Display: Loading Default Audio Settings Objects...
[2026.08.25-01.27.33:848][  0]LogAudio: Display: No default SoundConcurrencyObject specified (or failed to load).
[2026.08.25-01.27.33:848][  0]LogAudio: Display: Audio Device Manager Initialized
[2026.08.25-01.27.33:848][  0]LogAudio: Display: Creating Audio Device:                 Id: 1, Scope: Shared, Realtime: True
[2026.08.25-01.27.33:848][  0]LogAudioMixer: Display: Audio Mixer Platform Settings:
[2026.08.25-01.27.33:848][  0]LogAudioMixer: Display: 	Sample Rate:						  48000
[2026.08.25-01.27.33:848][  0]LogAudioMixer: Display: 	Callback Buffer Frame Size Requested: 1024
[2026.08.25-01.27.33:848][  0]LogAudioMixer: Display: 	Callback Buffer Frame Size To Use:	  1024
[2026.08.25-01.27.33:848][  0]LogAudioMixer: Display: 	Number of buffers to queue:			  2
[2026.08.25-01.27.33:848][  0]LogAudioMixer: Display: 	Max Channels (voices):				  32
[2026.08.25-01.27.33:848][  0]LogAudioMixer: Display: 	Number of Async Source Workers:		  0
[2026.08.25-01.27.33:848][  0]LogAudio: Display: AudioDevice MaxSources: 32
[2026.08.25-01.27.33:849][  0]LogAudio: Display: Audio Spatialization Plugin: None (built-in).
[2026.08.25-01.27.33:849][  0]LogAudio: Display: Audio Reverb Plugin: None (built-in).
[2026.08.25-01.27.33:849][  0]LogAudio: Display: Audio Occlusion Plugin: None (built-in).
[2026.08.25-01.27.33:849][  0]LogAudioMixer: Display: Initializing audio mixer.
[2026.08.25-01.27.33:858][  0]LogAudioMixer: Display: 0: FrontLeft
[2026.08.25-01.27.33:858][  0]LogAudioMixer: Display: 1: FrontRight
[2026.08.25-01.27.33:892][  0]LogAudioMixer: Display: Using Audio Device Realtek HD Audio 2nd output (Realtek(R) Audio)
[2026.08.25-01.27.33:892][  0]LogAudioMixer: Display: Initializing Sound Submixes...
[2026.08.25-01.27.33:894][  0]LogAudioMixer: Display: Creating Master Submix 'MasterSubmixDefault'
[2026.08.25-01.27.33:894][  0]LogAudioMixer: Display: Creating Master Submix 'MasterReverbSubmixDefault'
[2026.08.25-01.27.33:895][  0]LogAudioMixer: Display: Creating Master Submix 'MasterEQSubmixDefault'
[2026.08.25-01.27.33:895][  0]LogAudioMixer: FMixerPlatformXAudio2::StartAudioStream() called
[2026.08.25-01.27.33:895][  0]LogAudioMixer: Display: Output buffers initialized: Frames=1024, Channels=2, Samples=2048
[2026.08.25-01.27.33:896][  0]LogAudioMixer: Display: Starting AudioMixerPlatformInterface::RunInternal()
[2026.08.25-01.27.33:896][  0]LogAudioMixer: Display: FMixerPlatformXAudio2::SubmitBuffer() called for the first time
[2026.08.25-01.27.33:896][  0]LogInit: FAudioDevice initialized.
[2026.08.25-01.27.33:896][  0]LogAudio: Display: Audio Device (ID: 1) registered with world 'Untitled'.
[2026.08.25-01.27.33:896][  0]LogNetVersion: Set ProjectVersion to 1.0.0.0. Version Checksum will be recalculated on next use.
[2026.08.25-01.27.33:934][  0]LogDerivedDataCache: Saved boot cache 0.04s 94MB C:/Users/Alex T/AppData/Local/UnrealEngine/4.27/DerivedDataCache/Boot.ddc.
[2026.08.25-01.27.33:934][  0]LogInit: Texture streaming: Enabled
[2026.08.25-01.27.33:945][  0]LogAnalytics: Display: [UEEditor.Rocket.Release] APIServer = https://datarouter.ol.epicgames.com/. AppVersion = 4.27.2-18319896+++UE4+Release-4.27
[2026.08.25-01.27.33:948][  0]LogEngineSessionManager: EngineSessionManager initialized
[2026.08.25-01.27.33:948][  0]LogEditorSessionSummary: Verbose: Initializing EditorSessionSummaryWriter for editor session tracking
[2026.08.25-01.27.33:952][  0]LogEditorSessionSummary: EditorSessionSummaryWriter initialized
[2026.08.25-01.27.34:284][  0]LogInit: Transaction tracking system initialized
[2026.08.25-01.27.34:304][  0]BlueprintLog: New page: Editor Load
[2026.08.25-01.27.34:353][  0]LocalizationService: Localization service is disabled
[2026.08.25-01.27.34:376][  0]TimingProfiler: Initialize
[2026.08.25-01.27.34:377][  0]TimingProfiler: OnSessionChanged
[2026.08.25-01.27.34:377][  0]LoadingProfiler: Initialize
[2026.08.25-01.27.34:377][  0]LoadingProfiler: OnSessionChanged
[2026.08.25-01.27.34:377][  0]NetworkingProfiler: Initialize
[2026.08.25-01.27.34:377][  0]NetworkingProfiler: OnSessionChanged
[2026.08.25-01.27.34:377][  0]MemoryProfiler: Initialize
[2026.08.25-01.27.34:377][  0]MemoryProfiler: OnSessionChanged
[2026.08.25-01.27.34:491][  0]LogCook: Display: CookSettings for Memory: MemoryMaxUsedVirtual 0MiB, MemoryMaxUsedPhysical 16384MiB, MemoryMinFreeVirtual 0MiB, MemoryMinFreePhysical 1024MiB
[2026.08.25-01.27.34:491][  0]LogCook: Display: Mobile HDR setting 1
[2026.08.25-01.27.34:646][  0]LogFileCache: Scanning file cache for directory 'E:/_Alex's Data/Unreal Engine/Unreal Projects/Brackeys2026/Brackeys-2026/BrackeysJam2026/Content/' took 0.00s
[2026.08.25-01.27.34:778][  0]LogInit: Display: Engine is initialized. Leaving FEngineLoop::Init()
[2026.08.25-01.27.34:783][  0]SourceControl: Source control is disabled
[2026.08.25-01.27.34:783][  0]LogUnrealEdMisc: Loading editor; pre map load, took 5.206
[2026.08.25-01.27.34:783][  0]Cmd: MAP LOAD FILE="E:/_Alex's Data/Unreal Engine/Unreal Projects/Brackeys2026/Brackeys-2026/BrackeysJam2026/Content/Brackeys2026/Levels/Brackeys2026Map.umap" TEMPLATE=0 SHOWPROGRESS=1 FEATURELEVEL=3
[2026.08.25-01.27.34:784][  0]LightingResults: New page: Lighting Build
[2026.08.25-01.27.34:786][  0]LogWorld: UWorld::CleanupWorld for Untitled, bSessionEnded=true, bCleanupResources=true
[2026.08.25-01.27.34:786][  0]LogSlate: InvalidateAllWidgets triggered.  All widgets were invalidated
[2026.08.25-01.27.34:786][  0]MapCheck: New page: Map Check
[2026.08.25-01.27.34:787][  0]LightingResults: New page: Lighting Build
[2026.08.25-01.27.34:799][  0]LogAudio: Display: Audio Device unregistered from world 'None'.
[2026.08.25-01.27.34:801][  0]LogUObjectHash: Compacting FUObjectHashTables data took   0.62ms
[2026.08.25-01.27.34:881][  0]LogAudio: Display: Audio Device (ID: 1) registered with world 'Brackeys2026Map'.
[2026.08.25-01.27.34:881][  0]LogAIModule: Creating AISystem for world Brackeys2026Map
[2026.08.25-01.27.34:885][  0]LogEditorServer: Finished looking for orphan Actors (0.000 secs)
[2026.08.25-01.27.34:903][  0]LogUObjectHash: Compacting FUObjectHashTables data took   0.64ms
[2026.08.25-01.27.34:903][  0]Cmd: MAP CHECKDEP NOCLEARLOG
[2026.08.25-01.27.34:904][  0]MapCheck: Map check complete: 0 Error(s), 0 Warning(s), took 0.155ms to complete.
[2026.08.25-01.27.34:904][  0]LogFileHelpers: Loading map 'Brackeys2026Map' took 0.121
[2026.08.25-01.27.34:905][  0]LogUnrealEdMisc: Total Editor Startup Time, took 5.328
[2026.08.25-01.27.35:028][  0]LogSlate: The tab "Cesium" attempted to spawn in layout 'LevelEditor_Layout_v1.2' but failed for some reason. It will not be displayed.
[2026.08.25-01.27.35:051][  0]LogSlate: Updating window title bar state: overlay mode, drag disabled, window buttons hidden, title bar hidden
[2026.08.25-01.27.35:055][  0]LogSlate: Updating window title bar state: overlay mode, drag disabled, window buttons hidden, title bar hidden
[2026.08.25-01.27.35:058][  0]LogSlate: Updating window title bar state: overlay mode, drag disabled, window buttons hidden, title bar hidden
[2026.08.25-01.27.35:062][  0]LogSlate: Updating window title bar state: overlay mode, drag disabled, window buttons hidden, title bar hidden
[2026.08.25-01.27.35:336][  0]LogSlate: Only BGRA pngs, bmps or icos are supported in by External Image Picker
[2026.08.25-01.27.35:381][  0]LogNativeClassHierarchy: Verbose: Native class hierarchy populated in 0.0073 seconds. Added 3824 classes and 931 folders.
[2026.08.25-01.27.35:383][  0]LogNativeClassHierarchy: Verbose: Native class hierarchy updated for 'WidgetCarousel' in 0.0002 seconds. Added 0 classes and 0 folders.
[2026.08.25-01.27.35:384][  0]LogPakFile: PakFile PrimaryIndexSize=187
[2026.08.25-01.27.35:384][  0]LogPakFile: PakFile PathHashIndexSize=101
[2026.08.25-01.27.35:384][  0]LogPakFile: PakFile FullDirectoryIndexSize=148
[2026.08.25-01.27.35:384][  0]LogShaderLibrary: Display: ShaderCodeLibraryPakFileMountedCallback: PakFile 'C:/Program Files/Epic Games/UE_4.27/FeaturePacks/FP_FirstPerson.upack' (chunk index -1, root 'root:/') mounted
[2026.08.25-01.27.35:385][  0]LogShaderLibrary: Display: ShaderCodeLibraryPakFileMountedCallback: pending pak file info (ChunkID:-1 Root:root:/ File:C:/Program Files/Epic Games/UE_4.27/FeaturePacks/FP_FirstPerson.upack)
[2026.08.25-01.27.35:385][  0]LogPakFile: OnPakFileMounted2Time == 0.000060
[2026.08.25-01.27.35:385][  0]LogPakFile: PakFile PrimaryIndexSize=189
[2026.08.25-01.27.35:385][  0]LogPakFile: PakFile PathHashIndexSize=101
[2026.08.25-01.27.35:385][  0]LogPakFile: PakFile FullDirectoryIndexSize=152
[2026.08.25-01.27.35:385][  0]LogShaderLibrary: Display: ShaderCodeLibraryPakFileMountedCallback: PakFile 'C:/Program Files/Epic Games/UE_4.27/FeaturePacks/FP_FirstPersonBP.upack' (chunk index -1, root 'root:/') mounted
[2026.08.25-01.27.35:385][  0]LogShaderLibrary: Display: ShaderCodeLibraryPakFileMountedCallback: pending pak file info (ChunkID:-1 Root:root:/ File:C:/Program Files/Epic Games/UE_4.27/FeaturePacks/FP_FirstPersonBP.upack)
[2026.08.25-01.27.35:385][  0]LogPakFile: OnPakFileMounted2Time == 0.000028
[2026.08.25-01.27.35:385][  0]LogPakFile: PakFile PrimaryIndexSize=191
[2026.08.25-01.27.35:385][  0]LogPakFile: PakFile PathHashIndexSize=101
[2026.08.25-01.27.35:385][  0]LogPakFile: PakFile FullDirectoryIndexSize=160
[2026.08.25-01.27.35:385][  0]LogShaderLibrary: Display: ShaderCodeLibraryPakFileMountedCallback: PakFile 'C:/Program Files/Epic Games/UE_4.27/FeaturePacks/MobileStarterContent.upack' (chunk index -1, root 'root:/') mounted
[2026.08.25-01.27.35:385][  0]LogShaderLibrary: Display: ShaderCodeLibraryPakFileMountedCallback: pending pak file info (ChunkID:-1 Root:root:/ File:C:/Program Files/Epic Games/UE_4.27/FeaturePacks/MobileStarterContent.upack)
[2026.08.25-01.27.35:385][  0]LogPakFile: OnPakFileMounted2Time == 0.000025
[2026.08.25-01.27.35:386][  0]LogPakFile: PakFile PrimaryIndexSize=185
[2026.08.25-01.27.35:386][  0]LogPakFile: PakFile PathHashIndexSize=101
[2026.08.25-01.27.35:386][  0]LogPakFile: PakFile FullDirectoryIndexSize=148
[2026.08.25-01.27.35:386][  0]LogShaderLibrary: Display: ShaderCodeLibraryPakFileMountedCallback: PakFile 'C:/Program Files/Epic Games/UE_4.27/FeaturePacks/StarterContent.upack' (chunk index -1, root 'root:/') mounted
[2026.08.25-01.27.35:386][  0]LogShaderLibrary: Display: ShaderCodeLibraryPakFileMountedCallback: pending pak file info (ChunkID:-1 Root:root:/ File:C:/Program Files/Epic Games/UE_4.27/FeaturePacks/StarterContent.upack)
[2026.08.25-01.27.35:386][  0]LogPakFile: OnPakFileMounted2Time == 0.000026
[2026.08.25-01.27.35:386][  0]LogPakFile: PakFile PrimaryIndexSize=190
[2026.08.25-01.27.35:386][  0]LogPakFile: PakFile PathHashIndexSize=101
[2026.08.25-01.27.35:386][  0]LogPakFile: PakFile FullDirectoryIndexSize=154
[2026.08.25-01.27.35:386][  0]LogShaderLibrary: Display: ShaderCodeLibraryPakFileMountedCallback: PakFile 'C:/Program Files/Epic Games/UE_4.27/FeaturePacks/TP_2DSideScroller.upack' (chunk index -1, root 'root:/') mounted
[2026.08.25-01.27.35:386][  0]LogShaderLibrary: Display: ShaderCodeLibraryPakFileMountedCallback: pending pak file info (ChunkID:-1 Root:root:/ File:C:/Program Files/Epic Games/UE_4.27/FeaturePacks/TP_2DSideScroller.upack)
[2026.08.25-01.27.35:386][  0]LogPakFile: OnPakFileMounted2Time == 0.000028
[2026.08.25-01.27.35:386][  0]LogPakFile: PakFile PrimaryIndexSize=192
[2026.08.25-01.27.35:386][  0]LogPakFile: PakFile PathHashIndexSize=101
[2026.08.25-01.27.35:386][  0]LogPakFile: PakFile FullDirectoryIndexSize=158
[2026.08.25-01.27.35:386][  0]LogShaderLibrary: Display: ShaderCodeLibraryPakFileMountedCallback: PakFile 'C:/Program Files/Epic Games/UE_4.27/FeaturePacks/TP_2DSideScrollerBP.upack' (chunk index -1, root 'root:/') mounted
[2026.08.25-01.27.35:386][  0]LogShaderLibrary: Display: ShaderCodeLibraryPakFileMountedCallback: pending pak file info (ChunkID:-1 Root:root:/ File:C:/Program Files/Epic Games/UE_4.27/FeaturePacks/TP_2DSideScrollerBP.upack)
[2026.08.25-01.27.35:386][  0]LogPakFile: OnPakFileMounted2Time == 0.000027
[2026.08.25-01.27.35:386][  0]LogPakFile: PakFile PrimaryIndexSize=182
[2026.08.25-01.27.35:386][  0]LogPakFile: PakFile PathHashIndexSize=101
[2026.08.25-01.27.35:386][  0]LogPakFile: PakFile FullDirectoryIndexSize=138
[2026.08.25-01.27.35:386][  0]LogShaderLibrary: Display: ShaderCodeLibraryPakFileMountedCallback: PakFile 'C:/Program Files/Epic Games/UE_4.27/FeaturePacks/TP_Flying.upack' (chunk index -1, root 'root:/') mounted
[2026.08.25-01.27.35:386][  0]LogShaderLibrary: Display: ShaderCodeLibraryPakFileMountedCallback: pending pak file info (ChunkID:-1 Root:root:/ File:C:/Program Files/Epic Games/UE_4.27/FeaturePacks/TP_Flying.upack)
[2026.08.25-01.27.35:388][  0]LogPakFile: OnPakFileMounted2Time == 0.000025
[2026.08.25-01.27.35:388][  0]LogPakFile: PakFile PrimaryIndexSize=184
[2026.08.25-01.27.35:388][  0]LogPakFile: PakFile PathHashIndexSize=101
[2026.08.25-01.27.35:388][  0]LogPakFile: PakFile FullDirectoryIndexSize=142
[2026.08.25-01.27.35:388][  0]LogShaderLibrary: Display: ShaderCodeLibraryPakFileMountedCallback: PakFile 'C:/Program Files/Epic Games/UE_4.27/FeaturePacks/TP_FlyingBP.upack' (chunk index -1, root 'root:/') mounted
[2026.08.25-01.27.35:388][  0]LogShaderLibrary: Display: ShaderCodeLibraryPakFileMountedCallback: pending pak file info (ChunkID:-1 Root:root:/ File:C:/Program Files/Epic Games/UE_4.27/FeaturePacks/TP_FlyingBP.upack)
[2026.08.25-01.27.35:388][  0]LogPakFile: OnPakFileMounted2Time == 0.000025
[2026.08.25-01.27.35:388][  0]LogPakFile: PakFile PrimaryIndexSize=188
[2026.08.25-01.27.35:388][  0]LogPakFile: PakFile PathHashIndexSize=101
[2026.08.25-01.27.35:388][  0]LogPakFile: PakFile FullDirectoryIndexSize=150
[2026.08.25-01.27.35:388][  0]LogShaderLibrary: Display: ShaderCodeLibraryPakFileMountedCallback: PakFile 'C:/Program Files/Epic Games/UE_4.27/FeaturePacks/TP_HandheldARBP.upack' (chunk index -1, root 'root:/') mounted
[2026.08.25-01.27.35:388][  0]LogShaderLibrary: Display: ShaderCodeLibraryPakFileMountedCallback: pending pak file info (ChunkID:-1 Root:root:/ File:C:/Program Files/Epic Games/UE_4.27/FeaturePacks/TP_HandheldARBP.upack)
[2026.08.25-01.27.35:388][  0]LogPakFile: OnPakFileMounted2Time == 0.000027
[2026.08.25-01.27.35:389][  0]LogPakFile: PakFile PrimaryIndexSize=182
[2026.08.25-01.27.35:389][  0]LogPakFile: PakFile PathHashIndexSize=101
[2026.08.25-01.27.35:389][  0]LogPakFile: PakFile FullDirectoryIndexSize=138
[2026.08.25-01.27.35:389][  0]LogShaderLibrary: Display: ShaderCodeLibraryPakFileMountedCallback: PakFile 'C:/Program Files/Epic Games/UE_4.27/FeaturePacks/TP_Puzzle.upack' (chunk index -1, root 'root:/') mounted
[2026.08.25-01.27.35:389][  0]LogShaderLibrary: Display: ShaderCodeLibraryPakFileMountedCallback: pending pak file info (ChunkID:-1 Root:root:/ File:C:/Program Files/Epic Games/UE_4.27/FeaturePacks/TP_Puzzle.upack)
[2026.08.25-01.27.35:389][  0]LogPakFile: OnPakFileMounted2Time == 0.000024
[2026.08.25-01.27.35:389][  0]LogPakFile: PakFile PrimaryIndexSize=184
[2026.08.25-01.27.35:389][  0]LogPakFile: PakFile PathHashIndexSize=101
[2026.08.25-01.27.35:389][  0]LogPakFile: PakFile FullDirectoryIndexSize=142
[2026.08.25-01.27.35:389][  0]LogShaderLibrary: Display: ShaderCodeLibraryPakFileMountedCallback: PakFile 'C:/Program Files/Epic Games/UE_4.27/FeaturePacks/TP_PuzzleBP.upack' (chunk index -1, root 'root:/') mounted
[2026.08.25-01.27.35:389][  0]LogShaderLibrary: Display: ShaderCodeLibraryPakFileMountedCallback: pending pak file info (ChunkID:-1 Root:root:/ File:C:/Program Files/Epic Games/UE_4.27/FeaturePacks/TP_PuzzleBP.upack)
[2026.08.25-01.27.35:389][  0]LogPakFile: OnPakFileMounted2Time == 0.000024
[2026.08.25-01.27.35:389][  0]LogPakFile: PakFile PrimaryIndexSize=183
[2026.08.25-01.27.35:389][  0]LogPakFile: PakFile PathHashIndexSize=101
[2026.08.25-01.27.35:389][  0]LogPakFile: PakFile FullDirectoryIndexSize=140
[2026.08.25-01.27.35:389][  0]LogShaderLibrary: Display: ShaderCodeLibraryPakFileMountedCallback: PakFile 'C:/Program Files/Epic Games/UE_4.27/FeaturePacks/TP_Rolling.upack' (chunk index -1, root 'root:/') mounted
[2026.08.25-01.27.35:389][  0]LogShaderLibrary: Display: ShaderCodeLibraryPakFileMountedCallback: pending pak file info (ChunkID:-1 Root:root:/ File:C:/Program Files/Epic Games/UE_4.27/FeaturePacks/TP_Rolling.upack)
[2026.08.25-01.27.35:389][  0]LogPakFile: OnPakFileMounted2Time == 0.000039
[2026.08.25-01.27.35:389][  0]LogPakFile: PakFile PrimaryIndexSize=185
[2026.08.25-01.27.35:389][  0]LogPakFile: PakFile PathHashIndexSize=101
[2026.08.25-01.27.35:389][  0]LogPakFile: PakFile FullDirectoryIndexSize=144
[2026.08.25-01.27.35:389][  0]LogShaderLibrary: Display: ShaderCodeLibraryPakFileMountedCallback: PakFile 'C:/Program Files/Epic Games/UE_4.27/FeaturePacks/TP_RollingBP.upack' (chunk index -1, root 'root:/') mounted
[2026.08.25-01.27.35:389][  0]LogShaderLibrary: Display: ShaderCodeLibraryPakFileMountedCallback: pending pak file info (ChunkID:-1 Root:root:/ File:C:/Program Files/Epic Games/UE_4.27/FeaturePacks/TP_RollingBP.upack)
[2026.08.25-01.27.35:389][  0]LogPakFile: OnPakFileMounted2Time == 0.000024
[2026.08.25-01.27.35:391][  0]LogPakFile: PakFile PrimaryIndexSize=188
[2026.08.25-01.27.35:391][  0]LogPakFile: PakFile PathHashIndexSize=101
[2026.08.25-01.27.35:391][  0]LogPakFile: PakFile FullDirectoryIndexSize=150
[2026.08.25-01.27.35:391][  0]LogShaderLibrary: Display: ShaderCodeLibraryPakFileMountedCallback: PakFile 'C:/Program Files/Epic Games/UE_4.27/FeaturePacks/TP_SideScroller.upack' (chunk index -1, root 'root:/') mounted
[2026.08.25-01.27.35:391][  0]LogShaderLibrary: Display: ShaderCodeLibraryPakFileMountedCallback: pending pak file info (ChunkID:-1 Root:root:/ File:C:/Program Files/Epic Games/UE_4.27/FeaturePacks/TP_SideScroller.upack)
[2026.08.25-01.27.35:391][  0]LogPakFile: OnPakFileMounted2Time == 0.000025
[2026.08.25-01.27.35:391][  0]LogPakFile: PakFile PrimaryIndexSize=190
[2026.08.25-01.27.35:391][  0]LogPakFile: PakFile PathHashIndexSize=101
[2026.08.25-01.27.35:391][  0]LogPakFile: PakFile FullDirectoryIndexSize=154
[2026.08.25-01.27.35:391][  0]LogShaderLibrary: Display: ShaderCodeLibraryPakFileMountedCallback: PakFile 'C:/Program Files/Epic Games/UE_4.27/FeaturePacks/TP_SideScrollerBP.upack' (chunk index -1, root 'root:/') mounted
[2026.08.25-01.27.35:391][  0]LogShaderLibrary: Display: ShaderCodeLibraryPakFileMountedCallback: pending pak file info (ChunkID:-1 Root:root:/ File:C:/Program Files/Epic Games/UE_4.27/FeaturePacks/TP_SideScrollerBP.upack)
[2026.08.25-01.27.35:391][  0]LogPakFile: OnPakFileMounted2Time == 0.000032
[2026.08.25-01.27.35:391][  0]LogPakFile: PakFile PrimaryIndexSize=187
[2026.08.25-01.27.35:392][  0]LogPakFile: PakFile PathHashIndexSize=101
[2026.08.25-01.27.35:392][  0]LogPakFile: PakFile FullDirectoryIndexSize=148
[2026.08.25-01.27.35:392][  0]LogShaderLibrary: Display: ShaderCodeLibraryPakFileMountedCallback: PakFile 'C:/Program Files/Epic Games/UE_4.27/FeaturePacks/TP_ThirdPerson.upack' (chunk index -1, root 'root:/') mounted
[2026.08.25-01.27.35:392][  0]LogShaderLibrary: Display: ShaderCodeLibraryPakFileMountedCallback: pending pak file info (ChunkID:-1 Root:root:/ File:C:/Program Files/Epic Games/UE_4.27/FeaturePacks/TP_ThirdPerson.upack)
[2026.08.25-01.27.35:392][  0]LogPakFile: OnPakFileMounted2Time == 0.000030
[2026.08.25-01.27.35:392][  0]LogPakFile: PakFile PrimaryIndexSize=189
[2026.08.25-01.27.35:392][  0]LogPakFile: PakFile PathHashIndexSize=101
[2026.08.25-01.27.35:392][  0]LogPakFile: PakFile FullDirectoryIndexSize=152
[2026.08.25-01.27.35:392][  0]LogShaderLibrary: Display: ShaderCodeLibraryPakFileMountedCallback: PakFile 'C:/Program Files/Epic Games/UE_4.27/FeaturePacks/TP_ThirdPersonBP.upack' (chunk index -1, root 'root:/') mounted
[2026.08.25-01.27.35:392][  0]LogShaderLibrary: Display: ShaderCodeLibraryPakFileMountedCallback: pending pak file info (ChunkID:-1 Root:root:/ File:C:/Program Files/Epic Games/UE_4.27/FeaturePacks/TP_ThirdPersonBP.upack)
[2026.08.25-01.27.35:392][  0]LogPakFile: OnPakFileMounted2Time == 0.000025
[2026.08.25-01.27.35:392][  0]LogPakFile: PakFile PrimaryIndexSize=183
[2026.08.25-01.27.35:392][  0]LogPakFile: PakFile PathHashIndexSize=101
[2026.08.25-01.27.35:392][  0]LogPakFile: PakFile FullDirectoryIndexSize=140
[2026.08.25-01.27.35:392][  0]LogShaderLibrary: Display: ShaderCodeLibraryPakFileMountedCallback: PakFile 'C:/Program Files/Epic Games/UE_4.27/FeaturePacks/TP_TopDown.upack' (chunk index -1, root 'root:/') mounted
[2026.08.25-01.27.35:392][  0]LogShaderLibrary: Display: ShaderCodeLibraryPakFileMountedCallback: pending pak file info (ChunkID:-1 Root:root:/ File:C:/Program Files/Epic Games/UE_4.27/FeaturePacks/TP_TopDown.upack)
[2026.08.25-01.27.35:392][  0]LogPakFile: OnPakFileMounted2Time == 0.000029
[2026.08.25-01.27.35:393][  0]LogPakFile: PakFile PrimaryIndexSize=185
[2026.08.25-01.27.35:393][  0]LogPakFile: PakFile PathHashIndexSize=101
[2026.08.25-01.27.35:393][  0]LogPakFile: PakFile FullDirectoryIndexSize=144
[2026.08.25-01.27.35:393][  0]LogShaderLibrary: Display: ShaderCodeLibraryPakFileMountedCallback: PakFile 'C:/Program Files/Epic Games/UE_4.27/FeaturePacks/TP_TopDownBP.upack' (chunk index -1, root 'root:/') mounted
[2026.08.25-01.27.35:393][  0]LogShaderLibrary: Display: ShaderCodeLibraryPakFileMountedCallback: pending pak file info (ChunkID:-1 Root:root:/ File:C:/Program Files/Epic Games/UE_4.27/FeaturePacks/TP_TopDownBP.upack)
[2026.08.25-01.27.35:393][  0]LogPakFile: OnPakFileMounted2Time == 0.000032
[2026.08.25-01.27.35:393][  0]LogPakFile: PakFile PrimaryIndexSize=185
[2026.08.25-01.27.35:393][  0]LogPakFile: PakFile PathHashIndexSize=101
[2026.08.25-01.27.35:393][  0]LogPakFile: PakFile FullDirectoryIndexSize=144
[2026.08.25-01.27.35:393][  0]LogShaderLibrary: Display: ShaderCodeLibraryPakFileMountedCallback: PakFile 'C:/Program Files/Epic Games/UE_4.27/FeaturePacks/TP_TwinStick.upack' (chunk index -1, root 'root:/') mounted
[2026.08.25-01.27.35:393][  0]LogShaderLibrary: Display: ShaderCodeLibraryPakFileMountedCallback: pending pak file info (ChunkID:-1 Root:root:/ File:C:/Program Files/Epic Games/UE_4.27/FeaturePacks/TP_TwinStick.upack)
[2026.08.25-01.27.35:393][  0]LogPakFile: OnPakFileMounted2Time == 0.000023
[2026.08.25-01.27.35:393][  0]LogPakFile: PakFile PrimaryIndexSize=187
[2026.08.25-01.27.35:393][  0]LogPakFile: PakFile PathHashIndexSize=101
[2026.08.25-01.27.35:393][  0]LogPakFile: PakFile FullDirectoryIndexSize=148
[2026.08.25-01.27.35:393][  0]LogShaderLibrary: Display: ShaderCodeLibraryPakFileMountedCallback: PakFile 'C:/Program Files/Epic Games/UE_4.27/FeaturePacks/TP_TwinStickBP.upack' (chunk index -1, root 'root:/') mounted
[2026.08.25-01.27.35:393][  0]LogShaderLibrary: Display: ShaderCodeLibraryPakFileMountedCallback: pending pak file info (ChunkID:-1 Root:root:/ File:C:/Program Files/Epic Games/UE_4.27/FeaturePacks/TP_TwinStickBP.upack)
[2026.08.25-01.27.35:393][  0]LogPakFile: OnPakFileMounted2Time == 0.000025
[2026.08.25-01.27.35:393][  0]LogPakFile: PakFile PrimaryIndexSize=183
[2026.08.25-01.27.35:393][  0]LogPakFile: PakFile PathHashIndexSize=101
[2026.08.25-01.27.35:393][  0]LogPakFile: PakFile FullDirectoryIndexSize=140
[2026.08.25-01.27.35:394][  0]LogShaderLibrary: Display: ShaderCodeLibraryPakFileMountedCallback: PakFile 'C:/Program Files/Epic Games/UE_4.27/FeaturePacks/TP_Vehicle.upack' (chunk index -1, root 'root:/') mounted
[2026.08.25-01.27.35:394][  0]LogShaderLibrary: Display: ShaderCodeLibraryPakFileMountedCallback: pending pak file info (ChunkID:-1 Root:root:/ File:C:/Program Files/Epic Games/UE_4.27/FeaturePacks/TP_Vehicle.upack)
[2026.08.25-01.27.35:394][  0]LogPakFile: OnPakFileMounted2Time == 0.000023
[2026.08.25-01.27.35:394][  0]LogPakFile: PakFile PrimaryIndexSize=186
[2026.08.25-01.27.35:394][  0]LogPakFile: PakFile PathHashIndexSize=101
[2026.08.25-01.27.35:394][  0]LogPakFile: PakFile FullDirectoryIndexSize=146
[2026.08.25-01.27.35:394][  0]LogShaderLibrary: Display: ShaderCodeLibraryPakFileMountedCallback: PakFile 'C:/Program Files/Epic Games/UE_4.27/FeaturePacks/TP_VehicleAdv.upack' (chunk index -1, root 'root:/') mounted
[2026.08.25-01.27.35:394][  0]LogShaderLibrary: Display: ShaderCodeLibraryPakFileMountedCallback: pending pak file info (ChunkID:-1 Root:root:/ File:C:/Program Files/Epic Games/UE_4.27/FeaturePacks/TP_VehicleAdv.upack)
[2026.08.25-01.27.35:394][  0]LogPakFile: OnPakFileMounted2Time == 0.000026
[2026.08.25-01.27.35:394][  0]LogPakFile: PakFile PrimaryIndexSize=188
[2026.08.25-01.27.35:394][  0]LogPakFile: PakFile PathHashIndexSize=101
[2026.08.25-01.27.35:394][  0]LogPakFile: PakFile FullDirectoryIndexSize=150
[2026.08.25-01.27.35:394][  0]LogShaderLibrary: Display: ShaderCodeLibraryPakFileMountedCallback: PakFile 'C:/Program Files/Epic Games/UE_4.27/FeaturePacks/TP_VehicleAdvBP.upack' (chunk index -1, root 'root:/') mounted
[2026.08.25-01.27.35:394][  0]LogShaderLibrary: Display: ShaderCodeLibraryPakFileMountedCallback: pending pak file info (ChunkID:-1 Root:root:/ File:C:/Program Files/Epic Games/UE_4.27/FeaturePacks/TP_VehicleAdvBP.upack)
[2026.08.25-01.27.35:394][  0]LogPakFile: OnPakFileMounted2Time == 0.000023
[2026.08.25-01.27.35:395][  0]LogPakFile: PakFile PrimaryIndexSize=185
[2026.08.25-01.27.35:395][  0]LogPakFile: PakFile PathHashIndexSize=101
[2026.08.25-01.27.35:395][  0]LogPakFile: PakFile FullDirectoryIndexSize=144
[2026.08.25-01.27.35:395][  0]LogShaderLibrary: Display: ShaderCodeLibraryPakFileMountedCallback: PakFile 'C:/Program Files/Epic Games/UE_4.27/FeaturePacks/TP_VehicleBP.upack' (chunk index -1, root 'root:/') mounted
[2026.08.25-01.27.35:395][  0]LogShaderLibrary: Display: ShaderCodeLibraryPakFileMountedCallback: pending pak file info (ChunkID:-1 Root:root:/ File:C:/Program Files/Epic Games/UE_4.27/FeaturePacks/TP_VehicleBP.upack)
[2026.08.25-01.27.35:395][  0]LogPakFile: OnPakFileMounted2Time == 0.000024
[2026.08.25-01.27.35:395][  0]LogPakFile: PakFile PrimaryIndexSize=192
[2026.08.25-01.27.35:395][  0]LogPakFile: PakFile PathHashIndexSize=101
[2026.08.25-01.27.35:395][  0]LogPakFile: PakFile FullDirectoryIndexSize=158
[2026.08.25-01.27.35:395][  0]LogShaderLibrary: Display: ShaderCodeLibraryPakFileMountedCallback: PakFile 'C:/Program Files/Epic Games/UE_4.27/FeaturePacks/TP_VirtualRealityBP.upack' (chunk index -1, root 'root:/') mounted
[2026.08.25-01.27.35:395][  0]LogShaderLibrary: Display: ShaderCodeLibraryPakFileMountedCallback: pending pak file info (ChunkID:-1 Root:root:/ File:C:/Program Files/Epic Games/UE_4.27/FeaturePacks/TP_VirtualRealityBP.upack)
[2026.08.25-01.27.35:395][  0]LogPakFile: OnPakFileMounted2Time == 0.000026
[2026.08.25-01.27.35:430][  0]LogNativeClassHierarchy: Verbose: Native class hierarchy updated for 'AddContentDialog' in 0.0003 seconds. Added 0 classes and 0 folders.
[2026.08.25-01.27.35:465][  0]LogSlate: Took 0.000205 seconds to synchronously load lazily loaded font '../../../Engine/Content/Slate/Fonts/Roboto-Regular.ttf' (155K)
[2026.08.25-01.27.35:466][  0]LogSlate: Took 0.000147 seconds to synchronously load lazily loaded font '../../../Engine/Content/Editor/Slate/Fonts/FontAwesome.ttf' (139K)
[2026.08.25-01.27.35:467][  0]LogSlate: Took 0.000200 seconds to synchronously load lazily loaded font '../../../Engine/Content/Slate/Fonts/Roboto-Bold.ttf' (160K)
[2026.08.25-01.27.35:516][  0]LogRenderer: Reallocating scene render targets to support 1180x840 Format 10 NumSamples 1 (Frame:1).
[2026.08.25-01.27.35:613][  0]LogNativeClassHierarchy: Verbose: Native class hierarchy updated for 'HierarchicalLODOutliner' in 0.0002 seconds. Added 0 classes and 0 folders.
[2026.08.25-01.27.35:613][  0]LogLoad: (Engine Initialization) Total time: 6.04 seconds
[2026.08.25-01.27.35:613][  0]LogLoad: (Engine Initialization) Total Blueprint compile time: 0.00 seconds
[2026.08.25-01.27.35:663][  0]LogAssetRegistry: Asset discovery search completed in 3.7178 seconds
[2026.08.25-01.27.35:668][  0]LogCollectionManager: Fixed up redirectors for 0 collections in 0.000004 seconds (updated 0 objects)
[2026.08.25-01.27.35:670][  0]LogContentStreaming: Texture pool size now 1000 MB
[2026.08.25-01.27.36:629][102]LogSlate: Took 0.000149 seconds to synchronously load lazily loaded font '../../../Engine/Content/Slate/Fonts/Roboto-Light.ttf' (167K)
[2026.08.25-01.27.38:540][278]LogAssetEditorSubsystem: Opening Asset editor for Blueprint /Game/Brackeys2026/Levels/BrackeysGameMode.BrackeysGameMode
[2026.08.25-01.27.38:694][278]LogNativeClassHierarchy: Verbose: Native class hierarchy updated for 'BlueprintGraph' in 0.0006 seconds. Added 126 classes and 0 folders.
[2026.08.25-01.27.39:236][278]LogAssetEditorSubsystem: Opening Asset editor for Blueprint /Game/Brackeys2026/Characters/Player/BP_Player.BP_Player
[2026.08.25-01.27.39:488][278]LogAssetEditorSubsystem: Opening Asset editor for Blueprint /Game/Brackeys2026/Characters/Player/BP_PlayerController.BP_PlayerController
[2026.08.25-01.27.39:722][278]LogAssetEditorSubsystem: Opening Asset editor for Blueprint /Game/Brackeys2026/Characters/Opponent/BP_Opponent.BP_Opponent
[2026.08.25-01.27.39:972][278]LogAssetEditorSubsystem: Opening Asset editor for Blueprint /Game/Brackeys2026/Objects/Revolver/BP_Revolver.BP_Revolver
[2026.08.25-01.27.40:255][278]LogAssetEditorSubsystem: Opening Asset editor for WidgetBlueprint /Game/Brackeys2026/UI/BP_UI.BP_UI
[2026.08.25-01.27.40:711][278]LogSlate: Took 0.000210 seconds to synchronously load lazily loaded font '../../../Engine/Content/Slate/Fonts/Roboto-BoldCondensed.ttf' (158K)
[2026.08.25-01.27.42:680][487]LogSlate: Took 0.000189 seconds to synchronously load lazily loaded font '../../../Engine/Content/Slate/Fonts/Roboto-Light.ttf' (167K)
[2026.08.25-01.27.44:672][696]LogAssetEditorSubsystem: Opening Asset editor for Blueprint /Game/Brackeys2026/Objects/Phone/BP_Phone.BP_Phone
[2026.08.25-01.27.46:211][790]LogSlate: Took 0.000173 seconds to synchronously load lazily loaded font '../../../Engine/Content/Slate/Fonts/Roboto-Italic.ttf' (157K)
[2026.08.25-01.27.50:980][179]LogSlate: Window 'BP_UI' being destroyed
[2026.08.25-01.27.54:109][522]LogEditorViewport: Clicking on Actor (LMB): BP_Phone_C (BP_Phone)
[2026.08.25-01.27.55:288][661]Cmd: DELETE
[2026.08.25-01.27.55:288][661]Cmd: ACTOR DELETE
[2026.08.25-01.27.55:290][661]LogEditorActor: Deleted Actor: BP_Phone_C
[2026.08.25-01.27.55:350][661]LogUObjectHash: Compacting FUObjectHashTables data took   2.73ms
[2026.08.25-01.27.55:351][661]LogEditorActor: Deleted 1 Actors (0.063 secs)
[2026.08.25-01.27.57:770][934]LogAssetEditorSubsystem: Opening Asset editor for Blueprint /Game/Brackeys2026/Objects/Phone/BP_Phone1.BP_Phone1
[2026.08.25-01.28.04:137][652]BlueprintLog: New page: Compile BP_Phone1
[2026.08.25-01.28.04:196][652]LogUObjectHash: Compacting FUObjectHashTables data took   2.03ms
[2026.08.25-01.28.04:239][652]LogSlate: Took 0.000319 seconds to synchronously load lazily loaded font '../../../Engine/Content/Slate/Fonts/DroidSansMono.ttf' (77K)
[2026.08.25-01.28.04:632][696]LogSavePackage: Moving 'E:/_Alex's Data/Unreal Engine/Unreal Projects/Brackeys2026/Brackeys-2026/BrackeysJam2026/Saved/BP_Phone16DE13591429DDC5DD796C8BDB8C1EFF5.tmp' to 'E:/_Alex's Data/Unreal Engine/Unreal Projects/Brackeys2026/Brackeys-2026/BrackeysJam2026/Content/Brackeys2026/Objects/Phone/BP_Phone1.uasset'
[2026.08.25-01.28.04:647][696]AssetCheck: New page: Asset Save: BP_Phone1
[2026.08.25-01.28.04:647][696]LogContentValidation: Display: Validating Blueprint /Game/Brackeys2026/Objects/Phone/BP_Phone1.BP_Phone1
[2026.08.25-01.28.36:628][453]LogTemp: Repeating last play command: Selected Viewport
[2026.08.25-01.28.36:641][453]LogPlayLevel: PlayLevel: No blueprints needed recompiling
[2026.08.25-01.28.36:643][453]PIE: New page: PIE session: Brackeys2026Map (Aug 24, 2026, 11:28:36 AM)
[2026.08.25-01.28.36:644][453]LogOnline: OSS: Creating online subsystem instance for: NULL
[2026.08.25-01.28.36:646][453]LogOnline: OSS: TryLoadSubsystemAndSetDefault: Loaded subsystem for module [NULL]
[2026.08.25-01.28.36:646][453]LogPlayLevel: Creating play world package: /Game/Brackeys2026/Levels/UEDPIE_0_Brackeys2026Map
[2026.08.25-01.28.36:648][453]LogPlayLevel: PIE: StaticDuplicateObject took: (0.002489s)
[2026.08.25-01.28.36:649][453]LogAIModule: Creating AISystem for world Brackeys2026Map
[2026.08.25-01.28.36:649][453]LogPlayLevel: PIE: World Init took: (0.001050s)
[2026.08.25-01.28.36:649][453]LogPlayLevel: PIE: Created PIE world by copying editor world from /Game/Brackeys2026/Levels/Brackeys2026Map.Brackeys2026Map to /Game/Brackeys2026/Levels/UEDPIE_0_Brackeys2026Map.Brackeys2026Map (0.003666s)
[2026.08.25-01.28.36:689][453]LogUObjectHash: Compacting FUObjectHashTables data took   2.40ms
[2026.08.25-01.28.36:691][453]LogAudio: Display: Creating Audio Device:                 Id: 2, Scope: Unique, Realtime: True
[2026.08.25-01.28.36:691][453]LogAudioMixer: Display: Audio Mixer Platform Settings:
[2026.08.25-01.28.36:691][453]LogAudioMixer: Display: 	Sample Rate:						  48000
[2026.08.25-01.28.36:691][453]LogAudioMixer: Display: 	Callback Buffer Frame Size Requested: 1024
[2026.08.25-01.28.36:691][453]LogAudioMixer: Display: 	Callback Buffer Frame Size To Use:	  1024
[2026.08.25-01.28.36:691][453]LogAudioMixer: Display: 	Number of buffers to queue:			  2
[2026.08.25-01.28.36:691][453]LogAudioMixer: Display: 	Max Channels (voices):				  32
[2026.08.25-01.28.36:691][453]LogAudioMixer: Display: 	Number of Async Source Workers:		  0
[2026.08.25-01.28.36:691][453]LogAudio: Display: AudioDevice MaxSources: 32
[2026.08.25-01.28.36:691][453]LogAudio: Display: Audio Spatialization Plugin: None (built-in).
[2026.08.25-01.28.36:691][453]LogAudio: Display: Audio Reverb Plugin: None (built-in).
[2026.08.25-01.28.36:691][453]LogAudio: Display: Audio Occlusion Plugin: None (built-in).
[2026.08.25-01.28.36:691][453]LogAudioMixer: Display: Initializing audio mixer.
[2026.08.25-01.28.36:697][453]LogAudioMixer: Display: 0: FrontLeft
[2026.08.25-01.28.36:697][453]LogAudioMixer: Display: 1: FrontRight
[2026.08.25-01.28.36:710][453]LogAudioMixer: Display: Using Audio Device Realtek HD Audio 2nd output (Realtek(R) Audio)
[2026.08.25-01.28.36:710][453]LogAudioMixer: Display: Initializing Sound Submixes...
[2026.08.25-01.28.36:710][453]LogAudioMixer: Display: Creating Master Submix 'MasterSubmixDefault'
[2026.08.25-01.28.36:710][453]LogAudioMixer: Display: Creating Master Submix 'MasterReverbSubmixDefault'
[2026.08.25-01.28.36:710][453]LogAudioMixer: Display: Creating Master Submix 'MasterEQSubmixDefault'
[2026.08.25-01.28.36:710][453]LogAudioMixer: FMixerPlatformXAudio2::StartAudioStream() called
[2026.08.25-01.28.36:710][453]LogAudioMixer: Display: Output buffers initialized: Frames=1024, Channels=2, Samples=2048
[2026.08.25-01.28.36:712][453]LogAudioMixer: Display: Starting AudioMixerPlatformInterface::RunInternal()
[2026.08.25-01.28.36:712][453]LogAudioMixer: Display: FMixerPlatformXAudio2::SubmitBuffer() called for the first time
[2026.08.25-01.28.36:712][453]LogInit: FAudioDevice initialized.
[2026.08.25-01.28.36:712][453]LogAudio: Display: Audio Device (ID: 2) registered with world 'Brackeys2026Map'.
[2026.08.25-01.28.36:727][453]LogLoad: Game class is 'BrackeysGameMode_C'
[2026.08.25-01.28.36:729][453]LogWorld: Bringing World /Game/Brackeys2026/Levels/UEDPIE_0_Brackeys2026Map.Brackeys2026Map up for play (max tick rate 0) at 2026.08.24-18.28.36
[2026.08.25-01.28.36:729][453]LogWorld: Bringing up level for play took: 0.000980
[2026.08.25-01.28.36:729][453]LogOnline: OSS: Creating online subsystem instance for: :Context_14
[2026.08.25-01.28.36:734][453]LogNativeClassHierarchy: Verbose: Native class hierarchy updated for 'MovieSceneCapture' in 0.0006 seconds. Added 20 classes and 0 folders.
[2026.08.25-01.28.36:735][453]LogBlueprintUserMessages: [BP_CoinGun_2] false
[2026.08.25-01.28.36:736][453]LogBlueprintUserMessages: [BP_CoinGun_2] false
[2026.08.25-01.28.36:736][453]LogBlueprintUserMessages: [BP_CoinGun_2] false
[2026.08.25-01.28.36:736][453]LogBlueprintUserMessages: [BP_CoinGun_2] false
[2026.08.25-01.28.36:736][453]LogBlueprintUserMessages: [BP_CoinGun_2] true
[2026.08.25-01.28.36:736][453]LogBlueprintUserMessages: [BP_CoinGun_2] false
[2026.08.25-01.28.36:737][453]PIE: Server logged in
[2026.08.25-01.28.36:739][453]PIE: Play in editor total start time 0.104 seconds.
[2026.08.25-01.28.38:119][596]LogBlueprintUserMessages: [BP_Phone_3] Smell Hint
[2026.08.25-01.28.38:510][643]LogBlueprintUserMessages: [BP_Phone_3] Smell Hint
[2026.08.25-01.28.38:669][662]LogBlueprintUserMessages: [BP_Phone_3] Smell Hint
[2026.08.25-01.28.38:994][701]LogBlueprintUserMessages: [BP_Phone_3] Smell Hint
[2026.08.25-01.28.39:402][750]LogBlueprintUserMessages: [BP_Phone_3] Smell Hint
[2026.08.25-01.28.39:544][767]LogBlueprintUserMessages: [BP_Phone_3] Smell Hint
[2026.08.25-01.28.39:702][786]LogBlueprintUserMessages: [BP_Phone_3] Smell Hint
[2026.08.25-01.28.39:860][805]LogBlueprintUserMessages: [BP_Phone_3] Smell Hint
[2026.08.25-01.28.43:268][210]LogBlueprintUserMessages: [BP_Phone_3] Smell Hint
[2026.08.25-01.28.43:392][225]LogBlueprintUserMessages: [BP_Phone_3] Smell Hint
[2026.08.25-01.28.43:542][243]LogBlueprintUserMessages: [BP_Phone_3] Smell Hint
[2026.08.25-01.28.43:693][261]LogBlueprintUserMessages: [BP_Phone_3] Smell Hint
[2026.08.25-01.28.43:842][279]LogBlueprintUserMessages: [BP_Phone_3] Smell Hint
[2026.08.25-01.28.43:992][297]LogBlueprintUserMessages: [BP_Phone_3] Smell Hint
[2026.08.25-01.28.44:143][315]LogBlueprintUserMessages: [BP_Phone_3] Smell Hint
[2026.08.25-01.28.44:309][335]LogBlueprintUserMessages: [BP_Phone_3] Smell Hint
[2026.08.25-01.28.45:793][513]LogBlueprintUserMessages: [BP_Phone_3] Smell Hint
[2026.08.25-01.28.46:218][564]LogBlueprintUserMessages: [BP_Phone_3] Smell Hint
[2026.08.25-01.28.46:559][605]LogBlueprintUserMessages: [BP_Phone_3] Smell Hint
[2026.08.25-01.28.46:726][625]LogBlueprintUserMessages: [BP_Phone_3] Smell Hint
[2026.08.25-01.28.47:043][663]LogBlueprintUserMessages: [BP_Phone_3] Smell Hint
[2026.08.25-01.28.49:301][934]LogBlueprintUserMessages: [BP_Phone_3] Smell Hint
[2026.08.25-01.28.49:451][952]LogBlueprintUserMessages: [BP_Phone_3] Smell Hint
[2026.08.25-01.28.49:576][967]LogBlueprintUserMessages: [BP_Phone_3] Smell Hint
[2026.08.25-01.28.49:726][985]LogBlueprintUserMessages: [BP_Phone_3] Smell Hint
[2026.08.25-01.28.49:893][  5]LogBlueprintUserMessages: [BP_Phone_3] Smell Hint
[2026.08.25-01.28.50:043][ 23]LogBlueprintUserMessages: [BP_Phone_3] Smell Hint
[2026.08.25-01.28.50:201][ 42]LogBlueprintUserMessages: [BP_Phone_3] Smell Hint
[2026.08.25-01.28.50:359][ 61]LogBlueprintUserMessages: [BP_Phone_3] Smell Hint
[2026.08.25-01.28.50:510][ 79]LogBlueprintUserMessages: [BP_Phone_3] Smell Hint
[2026.08.25-01.28.50:667][ 98]LogBlueprintUserMessages: [BP_Phone_3] Smell Hint
[2026.08.25-01.28.50:818][116]LogBlueprintUserMessages: [BP_Phone_3] Smell Hint
[2026.08.25-01.28.50:985][136]LogBlueprintUserMessages: [BP_Phone_3] Smell Hint
[2026.08.25-01.28.51:135][154]LogBlueprintUserMessages: [BP_Phone_3] Smell Hint
[2026.08.25-01.28.51:293][173]LogBlueprintUserMessages: [BP_Phone_3] Smell Hint
[2026.08.25-01.29.07:415][925]LogSlate: Updating window title bar state: overlay mode, drag disabled, window buttons hidden, title bar hidden
[2026.08.25-01.29.07:415][925]LogWorld: BeginTearingDown for /Game/Brackeys2026/Levels/UEDPIE_0_Brackeys2026Map
[2026.08.25-01.29.07:415][925]LogWorld: UWorld::CleanupWorld for Brackeys2026Map, bSessionEnded=true, bCleanupResources=true
[2026.08.25-01.29.07:415][925]LogSlate: InvalidateAllWidgets triggered.  All widgets were invalidated
[2026.08.25-01.29.07:425][925]LogPlayLevel: Display: Shutting down PIE online subsystems
[2026.08.25-01.29.07:433][925]LogSlate: InvalidateAllWidgets triggered.  All widgets were invalidated
[2026.08.25-01.29.07:466][925]LogAudio: Display: Audio Device unregistered from world 'None'.
[2026.08.25-01.29.07:470][925]LogAudioMixer: FMixerPlatformXAudio2::StopAudioStream() called
[2026.08.25-01.29.07:471][925]LogAudioMixer: FMixerPlatformXAudio2::StopAudioStream() called
[2026.08.25-01.29.07:472][925]LogSlate: Updating window title bar state: overlay mode, drag disabled, window buttons hidden, title bar hidden
[2026.08.25-01.29.07:491][925]LogUObjectHash: Compacting FUObjectHashTables data took   3.15ms
[2026.08.25-01.29.07:522][926]LogPlayLevel: Display: Destroying online subsystem :Context_14
[2026.08.25-01.29.09:203][115]LogWorld: UWorld::CleanupWorld for World_10, bSessionEnded=true, bCleanupResources=true
[2026.08.25-01.29.09:203][115]LogSlate: InvalidateAllWidgets triggered.  All widgets were invalidated
[2026.08.25-01.29.12:543][504]LogEditorViewport: Clicking on Actor (LMB): BP_Phone_C (BP_Phone)
[2026.08.25-01.29.13:195][581]Cmd: DELETE
[2026.08.25-01.29.13:195][581]Cmd: ACTOR DELETE
[2026.08.25-01.29.13:196][581]LogEditorActor: Deleted Actor: BP_Phone_C
[2026.08.25-01.29.13:236][581]LogUObjectHash: Compacting FUObjectHashTables data took   2.53ms
[2026.08.25-01.29.13:238][581]LogEditorActor: Deleted 1 Actors (0.043 secs)
[2026.08.25-01.29.14:374][706]LogUObjectHash: Compacting FUObjectHashTables data took   2.13ms
[2026.08.25-01.29.14:389][706]LogSavePackage: Moving 'E:/_Alex's Data/Unreal Engine/Unreal Projects/Brackeys2026/Brackeys-2026/BrackeysJam2026/Saved/Brackeys2026MapAE3E315D4B8D9AE3D4F00CBAE18CCC4D.tmp' to 'E:/_Alex's Data/Unreal Engine/Unreal Projects/Brackeys2026/Brackeys-2026/BrackeysJam2026/Content/Brackeys2026/Levels/Brackeys2026Map.umap'
[2026.08.25-01.29.14:485][706]LogSavePackage: Moving 'E:/_Alex's Data/Unreal Engine/Unreal Projects/Brackeys2026/Brackeys-2026/BrackeysJam2026/Saved/Brackeys2026Map_BuiltData6BBE8FC0433A5063C22D3F84E332CDAA.tmp' to 'E:/_Alex's Data/Unreal Engine/Unreal Projects/Brackeys2026/Brackeys-2026/BrackeysJam2026/Content/Brackeys2026/Levels/Brackeys2026Map_BuiltData.uasset'
[2026.08.25-01.29.14:507][706]AssetCheck: New page: Asset Save: multiple assets
[2026.08.25-01.29.14:507][706]LogContentValidation: Display: Validating MapBuildDataRegistry /Game/Brackeys2026/Levels/Brackeys2026Map_BuiltData.Brackeys2026Map_BuiltData
[2026.08.25-01.29.14:507][706]LogContentValidation: Display: Validating World /Game/Brackeys2026/Levels/Brackeys2026Map.Brackeys2026Map
[2026.08.25-01.29.16:359][919]LogUObjectHash: Compacting FUObjectHashTables data took   2.75ms
[2026.08.25-01.29.17:357][919]LogSlate: Window 'Delete Assets' being destroyed
[2026.08.25-01.29.17:428][919]LogUObjectGlobals: Force Deleting 1 Package(s):
	Asset Name: /Game/Brackeys2026/Objects/Phone/BP_Phone.BP_Phone
[2026.08.25-01.29.17:964][919]LogUObjectHash: Compacting FUObjectHashTables data took   1.74ms
[2026.08.25-01.29.18:032][919]LogUObjectHash: Compacting FUObjectHashTables data took   1.83ms
[2026.08.25-01.29.18:065][919]LogUObjectHash: Compacting FUObjectHashTables data took   1.68ms
[2026.08.25-01.29.18:097][919]LogUObjectHash: Compacting FUObjectHashTables data took   0.51ms
[2026.08.25-01.29.19:015][ 23]LogUObjectHash: Compacting FUObjectHashTables data took   0.68ms
[2026.08.25-01.29.19:034][ 23]LogActorComponent: UnregisterComponent: (/Engine/Transient.EditorFloorComp) Not registered. Aborting.
[2026.08.25-01.29.19:034][ 23]LogWorld: UWorld::CleanupWorld for World_1, bSessionEnded=true, bCleanupResources=true
[2026.08.25-01.29.19:034][ 23]LogSlate: InvalidateAllWidgets triggered.  All widgets were invalidated
[2026.08.25-01.29.19:084][ 23]LogActorComponent: UnregisterComponent: (/Engine/Transient.EditorFloorComp) Not registered. Aborting.
[2026.08.25-01.29.19:084][ 23]LogWorld: UWorld::CleanupWorld for World_2, bSessionEnded=true, bCleanupResources=true
[2026.08.25-01.29.19:084][ 23]LogSlate: InvalidateAllWidgets triggered.  All widgets were invalidated
[2026.08.25-01.29.19:130][ 23]LogActorComponent: UnregisterComponent: (/Engine/Transient.EditorFloorComp) Not registered. Aborting.
[2026.08.25-01.29.19:131][ 23]LogWorld: UWorld::CleanupWorld for World_3, bSessionEnded=true, bCleanupResources=true
[2026.08.25-01.29.19:131][ 23]LogSlate: InvalidateAllWidgets triggered.  All widgets were invalidated
[2026.08.25-01.29.19:179][ 23]LogActorComponent: UnregisterComponent: (/Engine/Transient.EditorFloorComp) Not registered. Aborting.
[2026.08.25-01.29.19:179][ 23]LogWorld: UWorld::CleanupWorld for World_4, bSessionEnded=true, bCleanupResources=true
[2026.08.25-01.29.19:179][ 23]LogSlate: InvalidateAllWidgets triggered.  All widgets were invalidated
[2026.08.25-01.29.19:229][ 23]LogActorComponent: UnregisterComponent: (/Engine/Transient.EditorFloorComp) Not registered. Aborting.
[2026.08.25-01.29.19:229][ 23]LogWorld: UWorld::CleanupWorld for World_5, bSessionEnded=true, bCleanupResources=true
[2026.08.25-01.29.19:229][ 23]LogSlate: InvalidateAllWidgets triggered.  All widgets were invalidated
[2026.08.25-01.29.19:276][ 23]LogWorld: UWorld::CleanupWorld for World_7, bSessionEnded=true, bCleanupResources=true
[2026.08.25-01.29.19:276][ 23]LogSlate: InvalidateAllWidgets triggered.  All widgets were invalidated
[2026.08.25-01.29.19:283][ 23]LogWorld: UWorld::CleanupWorld for World_6, bSessionEnded=true, bCleanupResources=true
[2026.08.25-01.29.19:283][ 23]LogSlate: InvalidateAllWidgets triggered.  All widgets were invalidated
[2026.08.25-01.29.19:323][ 23]LogActorComponent: UnregisterComponent: (/Engine/Transient.EditorFloorComp) Not registered. Aborting.
[2026.08.25-01.29.19:323][ 23]LogWorld: UWorld::CleanupWorld for World_11, bSessionEnded=true, bCleanupResources=true
[2026.08.25-01.29.19:323][ 23]LogSlate: InvalidateAllWidgets triggered.  All widgets were invalidated
[2026.08.25-01.29.19:377][ 23]LogSlate: Window 'BrackeysJam2026 - Unreal Editor' being destroyed
[2026.08.25-01.29.19:522][ 24]Cmd: QUIT_EDITOR
[2026.08.25-01.29.19:522][ 24]LogCore: Engine exit requested (reason: UUnrealEdEngine::CloseEditor())
[2026.08.25-01.29.19:529][ 24]LogCore: Engine exit requested (reason: EngineExit() was called; note: exit was already requested)
[2026.08.25-01.29.19:886][ 24]LogAudio: Display: Beginning Audio Device Manager Shutdown (Module: AudioMixerXAudio2)...
[2026.08.25-01.29.19:886][ 24]LogAudio: Display: Destroying 1 Remaining Audio Device(s)...
[2026.08.25-01.29.19:886][ 24]LogAudio: Display: Audio Device unregistered from world 'Brackeys2026Map'.
[2026.08.25-01.29.19:886][ 24]LogAudioMixer: FMixerPlatformXAudio2::StopAudioStream() called
[2026.08.25-01.29.19:887][ 24]LogAudioMixer: FMixerPlatformXAudio2::StopAudioStream() called
[2026.08.25-01.29.19:896][ 24]LogAudio: Display: Audio Device Manager Shutdown
[2026.08.25-01.29.19:896][ 24]LogWindowsTextInputMethodSystem: Display: IME system deactivated.
[2026.08.25-01.29.19:904][ 24]LogExit: Preparing to exit.
[2026.08.25-01.29.20:267][ 24]LogUObjectHash: Compacting FUObjectHashTables data took   3.69ms
[2026.08.25-01.29.20:345][ 24]LogWorld: UWorld::CleanupWorld for World_8, bSessionEnded=true, bCleanupResources=true
[2026.08.25-01.29.20:348][ 24]LogWorld: UWorld::CleanupWorld for World_9, bSessionEnded=true, bCleanupResources=true
[2026.08.25-01.29.20:351][ 24]LogWorld: UWorld::CleanupWorld for World_0, bSessionEnded=true, bCleanupResources=true
[2026.08.25-01.29.20:355][ 24]LogWorld: UWorld::CleanupWorld for World_12, bSessionEnded=true, bCleanupResources=true
[2026.08.25-01.29.20:397][ 24]LogDemo: Cleaned up 0 splitscreen connections with owner deletion
[2026.08.25-01.29.20:405][ 24]LogWorld: UWorld::CleanupWorld for None, bSessionEnded=true, bCleanupResources=true
[2026.08.25-01.29.20:405][ 24]LogExit: Editor shut down
[2026.08.25-01.29.20:406][ 24]LogExit: Transaction tracking system shut down
[2026.08.25-01.29.20:783][ 24]LogExit: Object subsystem successfully closed.
[2026.08.25-01.29.20:806][ 24]LogShaderCompilers: Display: === FShaderJobCache stats ===
[2026.08.25-01.29.20:806][ 24]LogShaderCompilers: Display: Total job queries 0, among them cache hits 0 (0.00%)
[2026.08.25-01.29.20:806][ 24]LogShaderCompilers: Display: Tracking 0 distinct input hashes that result in 0 distinct outputs (0.00%)
[2026.08.25-01.29.20:806][ 24]LogShaderCompilers: Display: RAM used: 0.00 MB (0.00 GB) of 1638.40 MB (1.60 GB) budget. Usage: 0.00%
[2026.08.25-01.29.20:806][ 24]LogShaderCompilers: Display: ================================================
[2026.08.25-01.29.20:823][ 24]LogShaderCompilers: Display: Shaders left to compile 0
[2026.08.25-01.29.20:845][ 24]LogModuleManager: Shutting down and abandoning module MovieSceneCapture (882)
[2026.08.25-01.29.20:845][ 24]LogModuleManager: Shutting down and abandoning module Voice (880)
[2026.08.25-01.29.20:845][ 24]LogModuleManager: Shutting down and abandoning module SequencerWidgets (878)
[2026.08.25-01.29.20:845][ 24]LogModuleManager: Shutting down and abandoning module BlueprintGraph (876)
[2026.08.25-01.29.20:845][ 24]LogModuleManager: Shutting down and abandoning module HierarchicalLODOutliner (874)
[2026.08.25-01.29.20:845][ 24]LogModuleManager: Shutting down and abandoning module AddContentDialog (872)
[2026.08.25-01.29.20:846][ 24]LogModuleManager: Shutting down and abandoning module WidgetCarousel (871)
[2026.08.25-01.29.20:846][ 24]LogModuleManager: Shutting down and abandoning module EditorWidgets (868)
[2026.08.25-01.29.20:846][ 24]LogModuleManager: Shutting down and abandoning module ExternalImagePicker (866)
[2026.08.25-01.29.20:846][ 24]LogModuleManager: Shutting down and abandoning module SceneOutliner (864)
[2026.08.25-01.29.20:846][ 24]LogModuleManager: Shutting down and abandoning module StatsViewer (860)
[2026.08.25-01.29.20:846][ 24]LogModuleManager: Shutting down and abandoning module PIEPreviewDeviceProfileSelector (858)
[2026.08.25-01.29.20:846][ 24]LogModuleManager: Shutting down and abandoning module SequenceRecorderSections (856)
[2026.08.25-01.29.20:846][ 24]LogModuleManager: Shutting down and abandoning module AutomationWorker (854)
[2026.08.25-01.29.20:846][ 24]LogModuleManager: Shutting down and abandoning module SteamVREditor (852)
[2026.08.25-01.29.20:846][ 24]LogModuleManager: Shutting down and abandoning module OculusMR (850)
[2026.08.25-01.29.20:846][ 24]LogModuleManager: Shutting down and abandoning module TakeRecorderSources (848)
[2026.08.25-01.29.20:846][ 24]LogModuleManager: Shutting down and abandoning module TakeRecorder (847)
[2026.08.25-01.29.20:846][ 24]LogModuleManager: Shutting down and abandoning module TakeTrackRecorders (844)
[2026.08.25-01.29.20:846][ 24]LogModuleManager: Shutting down and abandoning module TakesCore (842)
[2026.08.25-01.29.20:846][ 24]LogModuleManager: Shutting down and abandoning module OpenXRInput (840)
[2026.08.25-01.29.20:846][ 24]LogModuleManager: Shutting down and abandoning module GooglePADEditor (838)
[2026.08.25-01.29.20:846][ 24]LogModuleManager: Shutting down and abandoning module AudioCaptureEditor (836)
[2026.08.25-01.29.20:846][ 24]LogModuleManager: Shutting down and abandoning module MatineeToLevelSequence (834)
[2026.08.25-01.29.20:846][ 24]LogModuleManager: Shutting down and abandoning module TemplateSequenceEditor (832)
[2026.08.25-01.29.20:846][ 24]LogModuleManager: Shutting down and abandoning module LevelSequenceEditor (830)
[2026.08.25-01.29.20:847][ 24]LogModuleManager: Shutting down and abandoning module ActorSequenceEditor (828)
[2026.08.25-01.29.20:847][ 24]LogModuleManager: Shutting down and abandoning module PlanarCut (826)
[2026.08.25-01.29.20:847][ 24]LogModuleManager: Shutting down and abandoning module MagicLeapMediaCodecFactory (824)
[2026.08.25-01.29.20:847][ 24]LogModuleManager: Shutting down and abandoning module MagicLeapMediaFactory (822)
[2026.08.25-01.29.20:847][ 24]LogModuleManager: Shutting down and abandoning module MagicLeapMediaEditor (820)
[2026.08.25-01.29.20:847][ 24]LogModuleManager: Shutting down and abandoning module WmfMediaFactory (818)
[2026.08.25-01.29.20:847][ 24]LogModuleManager: Shutting down and abandoning module WmfMediaEditor (816)
[2026.08.25-01.29.20:847][ 24]LogModuleManager: Shutting down and abandoning module WebMMediaFactory (814)
[2026.08.25-01.29.20:847][ 24]LogModuleManager: Shutting down and abandoning module WebMMediaEditor (812)
[2026.08.25-01.29.20:847][ 24]LogModuleManager: Shutting down and abandoning module WebMMedia (810)
[2026.08.25-01.29.20:847][ 24]LogModuleManager: Shutting down and abandoning module MediaPlayerEditor (808)
[2026.08.25-01.29.20:847][ 24]LogModuleManager: Shutting down and abandoning module MediaCompositingEditor (806)
[2026.08.25-01.29.20:847][ 24]LogModuleManager: Shutting down and abandoning module SequenceRecorder (805)
[2026.08.25-01.29.20:847][ 24]LogModuleManager: Shutting down and abandoning module OpenExrWrapper (802)
[2026.08.25-01.29.20:847][ 24]LogModuleManager: Shutting down and abandoning module ImgMediaFactory (800)
[2026.08.25-01.29.20:847][ 24]LogModuleManager: Shutting down and abandoning module ImgMediaEditor (798)
[2026.08.25-01.29.20:847][ 24]LogModuleManager: Shutting down and abandoning module AvfMediaFactory (796)
[2026.08.25-01.29.20:847][ 24]LogModuleManager: Shutting down and abandoning module AvfMediaEditor (794)
[2026.08.25-01.29.20:847][ 24]LogModuleManager: Shutting down and abandoning module AndroidMediaFactory (792)
[2026.08.25-01.29.20:847][ 24]LogModuleManager: Shutting down and abandoning module AndroidMediaEditor (790)
[2026.08.25-01.29.20:847][ 24]LogModuleManager: Shutting down and abandoning module CharacterAI (788)
[2026.08.25-01.29.20:847][ 24]LogModuleManager: Shutting down and abandoning module TextureAlignMode (786)
[2026.08.25-01.29.20:847][ 24]LogModuleManager: Shutting down and abandoning module BspMode (784)
[2026.08.25-01.29.20:847][ 24]LogModuleManager: Shutting down and abandoning module GeometryMode (782)
[2026.08.25-01.29.20:847][ 24]LogModuleManager: Shutting down and abandoning module CameraShakePreviewer (780)
[2026.08.25-01.29.20:847][ 24]LogModuleManager: Shutting down and abandoning module SmartSnapping (778)
[2026.08.25-01.29.20:847][ 24]LogModuleManager: Shutting down and abandoning module SessionServices (776)
[2026.08.25-01.29.20:847][ 24]LogModuleManager: Shutting down and abandoning module MeshPaint (774)
[2026.08.25-01.29.20:847][ 24]LogModuleManager: Shutting down and abandoning module VirtualTexturingEditor (772)
[2026.08.25-01.29.20:847][ 24]LogModuleManager: Shutting down and abandoning module FoliageEdit (770)
[2026.08.25-01.29.20:847][ 24]LogModuleManager: Shutting down and abandoning module LandscapeEditor (768)
[2026.08.25-01.29.20:847][ 24]LogModuleManager: Shutting down and abandoning module MeshPaintMode (766)
[2026.08.25-01.29.20:847][ 24]LogModuleManager: Shutting down and abandoning module SceneDepthPickerMode (764)
[2026.08.25-01.29.20:847][ 24]LogModuleManager: Shutting down and abandoning module ActorPickerMode (762)
[2026.08.25-01.29.20:847][ 24]LogModuleManager: Shutting down and abandoning module PlacementMode (760)
[2026.08.25-01.29.20:847][ 24]LogModuleManager: Shutting down and abandoning module ViewportSnapping (758)
[2026.08.25-01.29.20:847][ 24]LogModuleManager: Shutting down and abandoning module ViewportInteraction (756)
[2026.08.25-01.29.20:847][ 24]LogModuleManager: Shutting down and abandoning module ClothPainter (754)
[2026.08.25-01.29.20:847][ 24]LogModuleManager: Shutting down and abandoning module SkeletalMeshEditor (753)
[2026.08.25-01.29.20:847][ 24]LogModuleManager: Shutting down and abandoning module LogVisualizer (750)
[2026.08.25-01.29.20:847][ 24]LogModuleManager: Shutting down and abandoning module IntroTutorials (748)
[2026.08.25-01.29.20:847][ 24]LogModuleManager: Shutting down and abandoning module GameProjectGeneration (747)
[2026.08.25-01.29.20:847][ 24]LogModuleManager: Shutting down and abandoning module LuminPlatformEditor (744)
[2026.08.25-01.29.20:847][ 24]LogModuleManager: Shutting down and abandoning module IOSPlatformEditor (742)
[2026.08.25-01.29.20:847][ 24]LogModuleManager: Shutting down and abandoning module AndroidPlatformEditor (740)
[2026.08.25-01.29.20:847][ 24]LogModuleManager: Shutting down and abandoning module AndroidDeviceDetection (739)
[2026.08.25-01.29.21:464][ 24]LogModuleManager: Shutting down and abandoning module WindowsPlatformEditor (736)
[2026.08.25-01.29.21:464][ 24]LogModuleManager: Shutting down and abandoning module LuminRuntimeSettings (734)
[2026.08.25-01.29.21:464][ 24]LogModuleManager: Shutting down and abandoning module IOSRuntimeSettings (732)
[2026.08.25-01.29.21:464][ 24]LogModuleManager: Shutting down and abandoning module AndroidRuntimeSettings (730)
[2026.08.25-01.29.21:465][ 24]LogModuleManager: Shutting down and abandoning module TraceInsights (728)
[2026.08.25-01.29.21:465][ 24]MemoryProfiler: Shutdown
[2026.08.25-01.29.21:465][ 24]NetworkingProfiler: Shutdown
[2026.08.25-01.29.21:465][ 24]LoadingProfiler: Shutdown
[2026.08.25-01.29.21:465][ 24]TimingProfiler: Shutdown
[2026.08.25-01.29.21:465][ 24]LogModuleManager: Shutting down and abandoning module TraceServices (727)
[2026.08.25-01.29.21:465][ 24]LogModuleManager: Shutting down and abandoning module EditorInteractiveToolsFramework (724)
[2026.08.25-01.29.21:465][ 24]LogModuleManager: Shutting down and abandoning module TimeManagementEditor (722)
[2026.08.25-01.29.21:465][ 24]LogModuleManager: Shutting down and abandoning module InputBindingEditor (720)
[2026.08.25-01.29.21:465][ 24]LogModuleManager: Shutting down and abandoning module MergeActors (718)
[2026.08.25-01.29.21:465][ 24]LogModuleManager: Shutting down and abandoning module LocalizationDashboard (716)
[2026.08.25-01.29.21:465][ 24]LogModuleManager: Shutting down and abandoning module LocalizationService (715)
[2026.08.25-01.29.21:465][ 24]LogModuleManager: Shutting down and abandoning module HardwareTargeting (712)
[2026.08.25-01.29.21:465][ 24]LogModuleManager: Shutting down and abandoning module DeviceProfileEditor (710)
[2026.08.25-01.29.21:465][ 24]LogModuleManager: Shutting down and abandoning module UndoHistory (708)
[2026.08.25-01.29.21:465][ 24]LogModuleManager: Shutting down and abandoning module XmlParser (706)
[2026.08.25-01.29.21:465][ 24]LogModuleManager: Shutting down and abandoning module Blutility (704)
[2026.08.25-01.29.21:465][ 24]LogModuleManager: Shutting down and abandoning module ProjectSettingsViewer (702)
[2026.08.25-01.29.21:465][ 24]LogModuleManager: Shutting down and abandoning module ProjectTargetPlatformEditor (701)
[2026.08.25-01.29.21:465][ 24]LogModuleManager: Shutting down and abandoning module EditorSettingsViewer (698)
[2026.08.25-01.29.21:465][ 24]LogModuleManager: Shutting down and abandoning module InternationalizationSettings (697)
[2026.08.25-01.29.21:465][ 24]LogModuleManager: Shutting down and abandoning module SettingsEditor (694)
[2026.08.25-01.29.21:465][ 24]LogModuleManager: Shutting down and abandoning module ProjectLauncher (692)
[2026.08.25-01.29.21:465][ 24]LogModuleManager: Shutting down and abandoning module SessionFrontend (690)
[2026.08.25-01.29.21:465][ 24]LogModuleManager: Shutting down and abandoning module ProfilerClient (688)
[2026.08.25-01.29.21:465][ 24]LogModuleManager: Shutting down and abandoning module DeviceManager (686)
[2026.08.25-01.29.21:465][ 24]LogModuleManager: Shutting down and abandoning module TargetDeviceServices (685)
[2026.08.25-01.29.21:498][ 24]LogModuleManager: Shutting down and abandoning module AutomationController (682)
[2026.08.25-01.29.21:498][ 24]LogModuleManager: Shutting down and abandoning module AutomationWindow (680)
[2026.08.25-01.29.21:498][ 24]LogModuleManager: Shutting down and abandoning module Layers (678)
[2026.08.25-01.29.21:498][ 24]LogModuleManager: Shutting down and abandoning module ComponentVisualizers (676)
[2026.08.25-01.29.21:498][ 24]LogModuleManager: Shutting down and abandoning module DetailCustomizations (674)
[2026.08.25-01.29.21:498][ 24]LogModuleManager: Shutting down and abandoning module PackagesDialog (672)
[2026.08.25-01.29.21:498][ 24]LogModuleManager: Shutting down and abandoning module AnimationBlueprintEditor (670)
[2026.08.25-01.29.21:498][ 24]LogModuleManager: Shutting down and abandoning module Persona (668)
[2026.08.25-01.29.21:498][ 24]LogModuleManager: Shutting down and abandoning module AdvancedPreviewScene (667)
[2026.08.25-01.29.21:498][ 24]LogModuleManager: Shutting down and abandoning module AnimGraph (665)
[2026.08.25-01.29.21:498][ 24]LogModuleManager: Shutting down and abandoning module Kismet (662)
[2026.08.25-01.29.21:507][ 24]LogModuleManager: Shutting down and abandoning module KismetWidgets (661)
[2026.08.25-01.29.21:507][ 24]LogModuleManager: Shutting down and abandoning module GraphEditor (658)
[2026.08.25-01.29.21:507][ 24]LogModuleManager: Shutting down and abandoning module StructViewer (656)
[2026.08.25-01.29.21:507][ 24]LogModuleManager: Shutting down and abandoning module ClassViewer (654)
[2026.08.25-01.29.21:507][ 24]LogModuleManager: Shutting down and abandoning module Toolbox (652)
[2026.08.25-01.29.21:507][ 24]LogModuleManager: Shutting down and abandoning module ModuleUI (650)
[2026.08.25-01.29.21:507][ 24]LogModuleManager: Shutting down and abandoning module OutputLog (648)
[2026.08.25-01.29.21:508][ 24]LogModuleManager: Shutting down and abandoning module GammaUI (646)
[2026.08.25-01.29.21:508][ 24]LogModuleManager: Shutting down and abandoning module Documentation (644)
[2026.08.25-01.29.21:509][ 24]LogModuleManager: Shutting down and abandoning module LiveCoding (642)
[2026.08.25-01.29.21:509][ 24]LogModuleManager: Shutting down and abandoning module LevelSequence (640)
[2026.08.25-01.29.21:509][ 24]LogModuleManager: Shutting down and abandoning module MovieSceneTracks (638)
[2026.08.25-01.29.21:509][ 24]LogModuleManager: Shutting down and abandoning module MovieScene (636)
[2026.08.25-01.29.21:509][ 24]LogModuleManager: Shutting down and abandoning module StreamingPauseRendering (634)
[2026.08.25-01.29.21:509][ 24]LogModuleManager: Shutting down and abandoning module LauncherPlatform (632)
[2026.08.25-01.29.21:509][ 24]LogModuleManager: Shutting down and abandoning module AnalyticsET (630)
[2026.08.25-01.29.21:509][ 24]LogModuleManager: Shutting down and abandoning module PortalServices (628)
[2026.08.25-01.29.21:509][ 24]LogModuleManager: Shutting down and abandoning module PortalRpc (626)
[2026.08.25-01.29.21:509][ 24]LogModuleManager: Shutting down and abandoning module MessagingRpc (624)
[2026.08.25-01.29.21:509][ 24]LogModuleManager: Shutting down and abandoning module AudioMixerXAudio2 (622)
[2026.08.25-01.29.21:509][ 24]LogModuleManager: Shutting down and abandoning module AudioMixerCore (621)
[2026.08.25-01.29.21:509][ 24]LogModuleManager: Shutting down and abandoning module AIModule (618)
[2026.08.25-01.29.21:509][ 24]LogModuleManager: Shutting down and abandoning module GameplayDebugger (617)
[2026.08.25-01.29.21:509][ 24]LogModuleManager: Shutting down and abandoning module AITestSuite (615)
[2026.08.25-01.29.21:509][ 24]LogModuleManager: Shutting down and abandoning module NavigationSystem (613)
[2026.08.25-01.29.21:509][ 24]LogModuleManager: Shutting down and abandoning module ImageWriteQueue (610)
[2026.08.25-01.29.21:514][ 24]LogModuleManager: Shutting down and abandoning module ProfilerService (608)
[2026.08.25-01.29.21:723][ 24]LogModuleManager: Shutting down and abandoning module TaskGraph (606)
[2026.08.25-01.29.21:723][ 24]LogModuleManager: Shutting down and abandoning module AudioSynesthesiaEditor (604)
[2026.08.25-01.29.21:723][ 24]LogModuleManager: Shutting down and abandoning module OculusEditor (602)
[2026.08.25-01.29.21:723][ 24]LogModuleManager: Shutting down and abandoning module OculusInput (600)
[2026.08.25-01.29.21:723][ 24]LogModuleManager: Shutting down and abandoning module ContentBrowserFileDataSource (598)
[2026.08.25-01.29.21:723][ 24]LogModuleManager: Shutting down and abandoning module ContentBrowserClassDataSource (596)
[2026.08.25-01.29.21:723][ 24]LogModuleManager: Shutting down and abandoning module ContentBrowserAssetDataSource (594)
[2026.08.25-01.29.21:723][ 24]LogModuleManager: Shutting down and abandoning module CollectionManager (593)
[2026.08.25-01.29.21:723][ 24]LogModuleManager: Shutting down and abandoning module TakeSequencer (590)
[2026.08.25-01.29.21:723][ 24]LogModuleManager: Shutting down and abandoning module TakeMovieScene (588)
[2026.08.25-01.29.21:723][ 24]LogModuleManager: Shutting down and abandoning module SynthesisEditor (586)
[2026.08.25-01.29.21:723][ 24]LogModuleManager: Shutting down and abandoning module Synthesis (584)
[2026.08.25-01.29.21:723][ 24]LogModuleManager: Shutting down and abandoning module ProceduralMeshComponentEditor (582)
[2026.08.25-01.29.21:723][ 24]LogModuleManager: Shutting down and abandoning module ProceduralMeshComponent (580)
[2026.08.25-01.29.21:723][ 24]LogModuleManager: Shutting down and abandoning module ScreenshotTools (578)
[2026.08.25-01.29.21:723][ 24]LogModuleManager: Shutting down and abandoning module OpenXREditor (576)
[2026.08.25-01.29.21:723][ 24]LogModuleManager: Shutting down and abandoning module MobilePatchingUtils (574)
[2026.08.25-01.29.21:723][ 24]LogModuleManager: Shutting down and abandoning module GooglePAD (572)
[2026.08.25-01.29.21:723][ 24]LogModuleManager: Shutting down and abandoning module EditableMesh (570)
[2026.08.25-01.29.21:723][ 24]LogModuleManager: Shutting down and abandoning module CustomMeshComponent (568)
[2026.08.25-01.29.21:723][ 24]LogModuleManager: Shutting down and abandoning module CableComponent (566)
[2026.08.25-01.29.21:724][ 24]LogModuleManager: Shutting down and abandoning module AssetTags (564)
[2026.08.25-01.29.21:724][ 24]LogModuleManager: Shutting down and abandoning module AudioCapture (562)
[2026.08.25-01.29.21:724][ 24]LogModuleManager: Shutting down and abandoning module AudioCaptureRtAudio (561)
[2026.08.25-01.29.21:724][ 24]LogModuleManager: Shutting down and abandoning module ArchVisCharacter (558)
[2026.08.25-01.29.21:724][ 24]LogModuleManager: Shutting down and abandoning module AppleImageUtilsBlueprintSupport (556)
[2026.08.25-01.29.21:724][ 24]LogModuleManager: Shutting down and abandoning module AppleImageUtils (554)
[2026.08.25-01.29.21:724][ 24]LogModuleManager: Shutting down and abandoning module AndroidPermission (552)
[2026.08.25-01.29.21:724][ 24]LogModuleManager: Shutting down and abandoning module ActorLayerUtilitiesEditor (550)
[2026.08.25-01.29.21:724][ 24]LogModuleManager: Shutting down and abandoning module ActorLayerUtilities (548)
[2026.08.25-01.29.21:724][ 24]LogModuleManager: Shutting down and abandoning module TemplateSequence (546)
[2026.08.25-01.29.21:724][ 24]LogModuleManager: Shutting down and abandoning module MotoSynthEditor (544)
[2026.08.25-01.29.21:724][ 24]LogModuleManager: Shutting down and abandoning module MotoSynth (542)
[2026.08.25-01.29.21:724][ 24]LogModuleManager: Shutting down and abandoning module OpenImageDenoise (540)
[2026.08.25-01.29.21:724][ 24]LogOpenImageDenoise: OIDN shutting down
[2026.08.25-01.29.21:724][ 24]LogModuleManager: Shutting down and abandoning module GeometryCollectionTracks (538)
[2026.08.25-01.29.21:724][ 24]LogModuleManager: Shutting down and abandoning module GeometryCollectionSequencer (537)
[2026.08.25-01.29.21:724][ 24]LogModuleManager: Shutting down and abandoning module GeometryCollectionEditor (534)
[2026.08.25-01.29.21:724][ 24]LogModuleManager: Shutting down and abandoning module MeshConversion (532)
[2026.08.25-01.29.21:724][ 24]LogModuleManager: Shutting down and abandoning module DynamicMesh (530)
[2026.08.25-01.29.21:724][ 24]LogModuleManager: Shutting down and abandoning module GeometryAlgorithms (528)
[2026.08.25-01.29.21:724][ 24]LogModuleManager: Shutting down and abandoning module GeometricObjects (526)
[2026.08.25-01.29.21:724][ 24]LogModuleManager: Shutting down and abandoning module GeometryCacheTracks (524)
[2026.08.25-01.29.21:724][ 24]LogModuleManager: Shutting down and abandoning module GeometryCacheStreamer (522)
[2026.08.25-01.29.21:724][ 24]LogModuleManager: Shutting down and abandoning module GeometryCacheSequencer (520)
[2026.08.25-01.29.21:724][ 24]LogModuleManager: Shutting down and abandoning module MagicLeapSharedWorld (518)
[2026.08.25-01.29.21:724][ 24]LogModuleManager: Shutting down and abandoning module MagicLeapLightEstimation (516)
[2026.08.25-01.29.21:724][ 24]LogModuleManager: Shutting down and abandoning module MagicLeapHelperVulkan (514)
[2026.08.25-01.29.21:724][ 24]LogModuleManager: Shutting down and abandoning module MagicLeapHelperOpenGL (512)
[2026.08.25-01.29.21:724][ 24]LogModuleManager: Shutting down and abandoning module MagicLeapAudio (510)
[2026.08.25-01.29.21:724][ 24]LogModuleManager: Shutting down and abandoning module MediaCompositing (508)
[2026.08.25-01.29.21:724][ 24]LogModuleManager: Shutting down and abandoning module ImgMedia (506)
[2026.08.25-01.29.21:724][ 24]LogModuleManager: Shutting down and abandoning module ChaosNiagara (504)
[2026.08.25-01.29.21:724][ 24]LogModuleManager: Shutting down and abandoning module FractureEditor (502)
[2026.08.25-01.29.21:724][ 24]LogModuleManager: Shutting down and abandoning module ChaosClothEditor (500)
[2026.08.25-01.29.21:724][ 24]LogModuleManager: Shutting down and abandoning module ChaosSolverEditor (498)
[2026.08.25-01.29.21:724][ 24]LogModuleManager: Shutting down and abandoning module FieldSystemEngine (497)
[2026.08.25-01.29.21:724][ 24]LogModuleManager: Shutting down and abandoning module BackChannel (494)
[2026.08.25-01.29.21:724][ 24]LogModuleManager: Shutting down and abandoning module AutomationUtilsEditor (492)
[2026.08.25-01.29.21:724][ 24]LogModuleManager: Shutting down and abandoning module AutomationUtils (490)
[2026.08.25-01.29.21:724][ 24]LogModuleManager: Shutting down and abandoning module AlembicImporter (488)
[2026.08.25-01.29.21:724][ 24]LogModuleManager: Shutting down and abandoning module AlembicLibrary (487)
[2026.08.25-01.29.21:724][ 24]LogModuleManager: Shutting down and abandoning module GeometryCache (486)
[2026.08.25-01.29.21:724][ 24]LogModuleManager: Shutting down and abandoning module GeometryCacheEd (485)
[2026.08.25-01.29.21:724][ 24]LogModuleManager: Shutting down and abandoning module NiagaraEditorWidgets (480)
[2026.08.25-01.29.21:724][ 24]LogModuleManager: Shutting down and abandoning module SpeedTreeImporter (478)
[2026.08.25-01.29.21:724][ 24]LogModuleManager: Shutting down and abandoning module PluginBrowser (476)
[2026.08.25-01.29.21:724][ 24]LogModuleManager: Shutting down and abandoning module MobileLauncherProfileWizard (474)
[2026.08.25-01.29.21:724][ 24]LogModuleManager: Shutting down and abandoning module MaterialAnalyzer (472)
[2026.08.25-01.29.21:725][ 24]LogModuleManager: Shutting down and abandoning module VariantManagerContentEditor (470)
[2026.08.25-01.29.21:725][ 24]LogModuleManager: Shutting down and abandoning module CurveEditorTools (468)
[2026.08.25-01.29.21:725][ 24]LogModuleManager: Shutting down and abandoning module CryptoKeysOpenSSL (466)
[2026.08.25-01.29.21:725][ 24]LogModuleManager: Shutting down and abandoning module CryptoKeys (464)
[2026.08.25-01.29.21:725][ 24]LogModuleManager: Shutting down and abandoning module DatasmithContentEditor (462)
[2026.08.25-01.29.21:725][ 24]LogModuleManager: Shutting down and abandoning module VisualStudioSourceCodeAccess (460)
[2026.08.25-01.29.21:725][ 24]LogModuleManager: Shutting down and abandoning module UObjectPlugin (458)
[2026.08.25-01.29.21:725][ 24]LogModuleManager: Shutting down and abandoning module OodleNetworkHandlerComponent (456)
[2026.08.25-01.29.21:725][ 24]LogModuleManager: Shutting down and abandoning module VisualStudioCodeSourceCodeAccess (454)
[2026.08.25-01.29.21:725][ 24]LogModuleManager: Shutting down and abandoning module RiderSourceCodeAccess (452)
[2026.08.25-01.29.21:725][ 24]LogModuleManager: Shutting down and abandoning module SubversionSourceControl (450)
[2026.08.25-01.29.21:725][ 24]LogModuleManager: Shutting down and abandoning module PlasticSourceControl (448)
[2026.08.25-01.29.21:725][ 24]LogModuleManager: Shutting down and abandoning module PluginUtils (446)
[2026.08.25-01.29.21:725][ 24]LogModuleManager: Shutting down and abandoning module PerforceSourceControl (444)
[2026.08.25-01.29.21:725][ 24]LogModuleManager: Shutting down and abandoning module GitSourceControl (442)
[2026.08.25-01.29.21:725][ 24]LogModuleManager: Shutting down and abandoning module SourceControl (441)
[2026.08.25-01.29.21:725][ 24]LogModuleManager: Shutting down and abandoning module AnimationSharingEd (438)
[2026.08.25-01.29.21:725][ 24]LogModuleManager: Shutting down and abandoning module CLionSourceCodeAccess (436)
[2026.08.25-01.29.21:725][ 24]LogModuleManager: Shutting down and abandoning module LightPropagationVolumeEditor (434)
[2026.08.25-01.29.21:725][ 24]LogModuleManager: Shutting down and abandoning module LiveLinkSequencer (432)
[2026.08.25-01.29.21:725][ 24]LogModuleManager: Shutting down and abandoning module LiveLinkMovieScene (430)
[2026.08.25-01.29.21:725][ 24]LogModuleManager: Shutting down and abandoning module LiveLinkGraphNode (428)
[2026.08.25-01.29.21:725][ 24]LogModuleManager: Shutting down and abandoning module LiveLinkEditor (426)
[2026.08.25-01.29.21:725][ 24]LogModuleManager: Shutting down and abandoning module LiveLinkComponents (424)
[2026.08.25-01.29.21:725][ 24]LogModuleManager: Shutting down and abandoning module LiveLink (422)
[2026.08.25-01.29.22:268][ 24]LogModuleManager: Shutting down and abandoning module PaperTiledImporter (420)
[2026.08.25-01.29.22:268][ 24]LogModuleManager: Shutting down and abandoning module PaperSpriteSheetImporter (418)
[2026.08.25-01.29.22:268][ 24]LogModuleManager: Shutting down and abandoning module Paper2DEditor (416)
[2026.08.25-01.29.22:268][ 24]LogModuleManager: Shutting down and abandoning module MeshPaintingToolset (414)
[2026.08.25-01.29.22:268][ 24]LogModuleManager: Shutting down and abandoning module MeshPaintEditorMode (412)
[2026.08.25-01.29.22:268][ 24]LogModuleManager: Shutting down and abandoning module SoundFields (410)
[2026.08.25-01.29.22:268][ 24]LogModuleManager: Shutting down and abandoning module SignificanceManager (408)
[2026.08.25-01.29.22:268][ 24]LogModuleManager: Shutting down and abandoning module PropertyAccessEditor (406)
[2026.08.25-01.29.22:268][ 24]LogModuleManager: Shutting down and abandoning module RuntimePhysXCooking (404)
[2026.08.25-01.29.22:268][ 24]LogModuleManager: Shutting down and abandoning module PhysXVehiclesEditor (402)
[2026.08.25-01.29.22:268][ 24]LogModuleManager: Shutting down and abandoning module LocationServicesBPLibrary (398)
[2026.08.25-01.29.22:268][ 24]LogModuleManager: Shutting down and abandoning module AudioSynesthesia (396)
[2026.08.25-01.29.22:268][ 24]LogModuleManager: Shutting down and abandoning module AudioSynesthesiaCore (394)
[2026.08.25-01.29.22:268][ 24]LogModuleManager: Shutting down and abandoning module TcpMessaging (392)
[2026.08.25-01.29.22:369][ 24]LogModuleManager: Shutting down and abandoning module UdpMessaging (390)
[2026.08.25-01.29.22:470][ 24]LogModuleManager: Shutting down and abandoning module ActorSequence (388)
[2026.08.25-01.29.22:470][ 24]LogModuleManager: Shutting down and abandoning module PythonScriptPlugin (386)
[2026.08.25-01.29.22:470][ 24]LogModuleManager: Shutting down and abandoning module MagicLeapARPin (384)
[2026.08.25-01.29.22:470][ 24]LogModuleManager: Shutting down and abandoning module MagicLeapHandMeshing (382)
[2026.08.25-01.29.22:470][ 24]LogModuleManager: Shutting down and abandoning module MagicLeapSecureStorage (380)
[2026.08.25-01.29.22:470][ 24]LogModuleManager: Shutting down and abandoning module MagicLeapPrivileges (378)
[2026.08.25-01.29.22:470][ 24]LogModuleManager: Shutting down and abandoning module MagicLeapPlanes (376)
[2026.08.25-01.29.22:470][ 24]LogMagicLeapPlanes: Planes tracker already destroyed.
[2026.08.25-01.29.22:470][ 24]LogModuleManager: Shutting down and abandoning module MagicLeapImageTracker (374)
[2026.08.25-01.29.22:470][ 24]LogModuleManager: Shutting down and abandoning module MagicLeapIdentity (372)
[2026.08.25-01.29.22:470][ 24]LogModuleManager: Shutting down and abandoning module MagicLeapHandTracking (370)
[2026.08.25-01.29.22:470][ 24]LogModuleManager: Shutting down and abandoning module MagicLeapEyeTracker (368)
[2026.08.25-01.29.22:470][ 24]LogModuleManager: Shutting down and abandoning module MagicLeapController (366)
[2026.08.25-01.29.22:470][ 24]LogModuleManager: Shutting down and abandoning module MagicLeapARPinImpl (364)
[2026.08.25-01.29.22:470][ 24]LogModuleManager: Shutting down and abandoning module MagicLeapAR (362)
[2026.08.25-01.29.22:470][ 24]LogModuleManager: Shutting down and abandoning module ImgMediaEngine (360)
[2026.08.25-01.29.22:470][ 24]LogModuleManager: Shutting down and abandoning module NiagaraAnimNotifies (358)
[2026.08.25-01.29.22:470][ 24]LogModuleManager: Shutting down and abandoning module Niagara (356)
[2026.08.25-01.29.22:470][ 24]LogModuleManager: Shutting down and abandoning module SignalProcessing (355)
[2026.08.25-01.29.22:470][ 24]LogModuleManager: Shutting down and abandoning module NiagaraEditor (353)
[2026.08.25-01.29.22:470][ 24]LogModuleManager: Shutting down and abandoning module NiagaraCore (350)
[2026.08.25-01.29.22:470][ 24]LogModuleManager: Shutting down and abandoning module GameplayTagsEditor (348)
[2026.08.25-01.29.22:470][ 24]LogModuleManager: Shutting down and abandoning module FacialAnimationEditor (346)
[2026.08.25-01.29.22:470][ 24]LogModuleManager: Shutting down and abandoning module FacialAnimation (344)
[2026.08.25-01.29.22:470][ 24]LogModuleManager: Shutting down and abandoning module DataValidation (342)
[2026.08.25-01.29.22:470][ 24]LogModuleManager: Shutting down and abandoning module AssetManagerEditor (340)
[2026.08.25-01.29.22:470][ 24]LogModuleManager: Shutting down and abandoning module LevelEditor (339)
[2026.08.25-01.29.22:471][ 24]LogModuleManager: Shutting down and abandoning module PixelInspectorModule (338)
[2026.08.25-01.29.22:471][ 24]LogModuleManager: Shutting down and abandoning module CommonMenuExtensions (336)
[2026.08.25-01.29.22:472][ 24]LogModuleManager: Shutting down and abandoning module MainFrame (334)
[2026.08.25-01.29.22:472][ 24]LogModuleManager: Shutting down and abandoning module HotReload (333)
[2026.08.25-01.29.22:472][ 24]LogModuleManager: Shutting down and abandoning module ToolMenus (329)
[2026.08.25-01.29.22:472][ 24]LogModuleManager: Shutting down and abandoning module ContentBrowser (327)
[2026.08.25-01.29.22:472][ 24]LogModuleManager: Shutting down and abandoning module ContentBrowserData (326)
[2026.08.25-01.29.22:472][ 24]LogModuleManager: Shutting down and abandoning module TreeMap (323)
[2026.08.25-01.29.22:472][ 24]LogModuleManager: Shutting down and abandoning module PropertyAccessNode (320)
[2026.08.25-01.29.22:472][ 24]LogModuleManager: Shutting down and abandoning module AnimationSharing (318)
[2026.08.25-01.29.22:472][ 24]LogModuleManager: Shutting down and abandoning module GameplayCameras (316)
[2026.08.25-01.29.22:472][ 24]LogModuleManager: Shutting down and abandoning module LightPropagationVolumeRuntime (314)
[2026.08.25-01.29.22:472][ 24]LogModuleManager: Shutting down and abandoning module EnvironmentQueryEditor (312)
[2026.08.25-01.29.22:472][ 24]LogModuleManager: Shutting down and abandoning module Paper2D (310)
[2026.08.25-01.29.22:472][ 24]LogModuleManager: Shutting down and abandoning module WindowsMoviePlayer (308)
[2026.08.25-01.29.22:473][ 24]LogModuleManager: Shutting down and abandoning module WebMMoviePlayer (306)
[2026.08.25-01.29.22:473][ 24]LogModuleManager: Shutting down and abandoning module NetworkReplayStreaming (304)
[2026.08.25-01.29.22:473][ 24]LogModuleManager: Shutting down and abandoning module PacketHandler (302)
[2026.08.25-01.29.22:473][ 24]LogModuleManager: Shutting down and abandoning module ClothingSystemEditor (300)
[2026.08.25-01.29.22:473][ 24]LogModuleManager: Shutting down and abandoning module ClothingSystemRuntimeNv (298)
[2026.08.25-01.29.22:473][ 24]LogModuleManager: Shutting down and abandoning module MediaAssets (296)
[2026.08.25-01.29.22:473][ 24]LogModuleManager: Shutting down and abandoning module Overlay (294)
[2026.08.25-01.29.22:473][ 24]LogModuleManager: Shutting down and abandoning module OverlayEditor (293)
[2026.08.25-01.29.22:473][ 24]LogModuleManager: Shutting down and abandoning module VREditor (290)
[2026.08.25-01.29.22:473][ 24]LogModuleManager: Shutting down and abandoning module StringTableEditor (288)
[2026.08.25-01.29.22:473][ 24]LogModuleManager: Shutting down and abandoning module GameplayTasksEditor (286)
[2026.08.25-01.29.22:473][ 24]LogModuleManager: Shutting down and abandoning module BehaviorTreeEditor (284)
[2026.08.25-01.29.22:473][ 24]LogModuleManager: Shutting down and abandoning module FunctionalTesting (282)
[2026.08.25-01.29.22:473][ 24]LogModuleManager: Shutting down and abandoning module CollisionAnalyzer (280)
[2026.08.25-01.29.22:473][ 24]LogModuleManager: Shutting down and abandoning module WorkspaceMenuStructure (279)
[2026.08.25-01.29.22:473][ 24]LogModuleManager: Shutting down and abandoning module UMG (276)
[2026.08.25-01.29.22:473][ 24]LogModuleManager: Shutting down and abandoning module UMGEditor (275)
[2026.08.25-01.29.22:473][ 24]LogModuleManager: Shutting down and abandoning module MessageLog (273)
[2026.08.25-01.29.22:473][ 24]LogModuleManager: Shutting down and abandoning module SlateReflector (268)
[2026.08.25-01.29.22:473][ 24]LogModuleManager: Shutting down and abandoning module Slate (266)
[2026.08.25-01.29.22:473][ 24]LogModuleManager: Shutting down and abandoning module SlateCore (264)
[2026.08.25-01.29.22:474][ 24]LogModuleManager: Shutting down and abandoning module LandscapeEditorUtilities (262)
[2026.08.25-01.29.22:474][ 24]LogModuleManager: Shutting down and abandoning module UnrealEd (260)
[2026.08.25-01.29.22:474][ 24]LogModuleManager: Shutting down and abandoning module MRMesh (258)
[2026.08.25-01.29.22:474][ 24]LogModuleManager: Shutting down and abandoning module SourceCodeAccess (256)
[2026.08.25-01.29.22:474][ 24]LogModuleManager: Shutting down and abandoning module HeadMountedDisplay (254)
[2026.08.25-01.29.22:474][ 24]LogModuleManager: Shutting down and abandoning module XAudio2 (252)
[2026.08.25-01.29.22:474][ 24]LogModuleManager: Shutting down and abandoning module Networking (250)
[2026.08.25-01.29.22:474][ 24]LogModuleManager: Shutting down and abandoning module Core (248)
[2026.08.25-01.29.22:474][ 24]LogModuleManager: Shutting down and abandoning module MaterialEditor (246)
[2026.08.25-01.29.22:474][ 24]LogModuleManager: Shutting down and abandoning module MovieSceneTools (244)
[2026.08.25-01.29.22:474][ 24]LogModuleManager: Shutting down and abandoning module CurveEditor (243)
[2026.08.25-01.29.22:474][ 24]LogModuleManager: Shutting down and abandoning module Sequencer (241)
[2026.08.25-01.29.22:474][ 24]LogModuleManager: Shutting down and abandoning module EditorStyle (240)
[2026.08.25-01.29.22:475][ 24]LogModuleManager: Shutting down and abandoning module KismetCompiler (236)
[2026.08.25-01.29.22:475][ 24]LogModuleManager: Shutting down and abandoning module MeshBuilder (234)
[2026.08.25-01.29.22:475][ 24]LogModuleManager: Shutting down and abandoning module MeshUtilities (232)
[2026.08.25-01.29.22:475][ 24]LogModuleManager: Shutting down and abandoning module MeshMergeUtilities (231)
[2026.08.25-01.29.22:475][ 24]LogModuleManager: Shutting down and abandoning module MeshReductionInterface (230)
[2026.08.25-01.29.22:475][ 24]LogModuleManager: Shutting down and abandoning module MeshBoneReduction (229)
[2026.08.25-01.29.22:475][ 24]LogModuleManager: Shutting down and abandoning module SkeletalMeshReduction (227)
[2026.08.25-01.29.22:475][ 24]LogModuleManager: Shutting down and abandoning module ProxyLODMeshReduction (225)
[2026.08.25-01.29.22:475][ 24]LogModuleManager: Shutting down and abandoning module QuadricMeshReduction (223)
[2026.08.25-01.29.22:475][ 24]LogModuleManager: Shutting down and abandoning module MaterialBaking (219)
[2026.08.25-01.29.22:475][ 24]LogModuleManager: Shutting down and abandoning module NullInstallBundleManager (214)
[2026.08.25-01.29.22:475][ 24]LogModuleManager: Shutting down and abandoning module DerivedDataCache (212)
[2026.08.25-01.29.22:475][ 24]LogModuleManager: Shutting down and abandoning module TargetPlatform (210)
[2026.08.25-01.29.22:475][ 24]LogModuleManager: Shutting down and abandoning module VulkanShaderFormat (209)
[2026.08.25-01.29.22:475][ 24]LogModuleManager: Shutting down and abandoning module ShaderFormatVectorVM (207)
[2026.08.25-01.29.22:475][ 24]LogModuleManager: Shutting down and abandoning module ShaderFormatOpenGL (205)
[2026.08.25-01.29.22:475][ 24]LogModuleManager: Shutting down and abandoning module ShaderFormatD3D (203)
[2026.08.25-01.29.22:475][ 24]LogModuleManager: Shutting down and abandoning module MetalShaderFormat (201)
[2026.08.25-01.29.22:475][ 24]LogModuleManager: Shutting down and abandoning module TextureFormatOodle (199)
[2026.08.25-01.29.22:475][ 24]LogModuleManager: Shutting down and abandoning module TextureFormatUncompressed (197)
[2026.08.25-01.29.22:475][ 24]LogModuleManager: Shutting down and abandoning module TextureFormatPVR (195)
[2026.08.25-01.29.22:475][ 24]LogModuleManager: Shutting down and abandoning module TextureFormatETC2 (193)
[2026.08.25-01.29.22:475][ 24]LogModuleManager: Shutting down and abandoning module TextureFormatDXT (191)
[2026.08.25-01.29.22:475][ 24]LogModuleManager: Shutting down and abandoning module TextureFormatIntelISPCTexComp (189)
[2026.08.25-01.29.22:475][ 24]LogModuleManager: Shutting down and abandoning module TextureFormatASTC (187)
[2026.08.25-01.29.22:475][ 24]LogModuleManager: Shutting down and abandoning module ImageWrapper (186)
[2026.08.25-01.29.22:475][ 24]LogModuleManager: Shutting down and abandoning module AudioFormatOpus (183)
[2026.08.25-01.29.22:475][ 24]LogModuleManager: Shutting down and abandoning module AudioFormatOgg (181)
[2026.08.25-01.29.22:475][ 24]LogModuleManager: Shutting down and abandoning module AudioFormatADPCM (179)
[2026.08.25-01.29.22:475][ 24]LogModuleManager: Shutting down and abandoning module WindowsServerTargetPlatform (177)
[2026.08.25-01.29.22:475][ 24]LogModuleManager: Shutting down and abandoning module WindowsClientTargetPlatform (175)
[2026.08.25-01.29.22:475][ 24]LogModuleManager: Shutting down and abandoning module WindowsTargetPlatform (173)
[2026.08.25-01.29.22:475][ 24]LogModuleManager: Shutting down and abandoning module WindowsNoEditorTargetPlatform (171)
[2026.08.25-01.29.22:475][ 24]LogModuleManager: Shutting down and abandoning module TVOSTargetPlatform (169)
[2026.08.25-01.29.22:476][ 24]LogModuleManager: Shutting down and abandoning module MacServerTargetPlatform (167)
[2026.08.25-01.29.22:476][ 24]LogModuleManager: Shutting down and abandoning module MacClientTargetPlatform (165)
[2026.08.25-01.29.22:476][ 24]LogModuleManager: Shutting down and abandoning module MacTargetPlatform (163)
[2026.08.25-01.29.22:476][ 24]LogModuleManager: Shutting down and abandoning module MacNoEditorTargetPlatform (161)
[2026.08.25-01.29.22:476][ 24]LogModuleManager: Shutting down and abandoning module LuminTargetPlatform (159)
[2026.08.25-01.29.22:476][ 24]LogModuleManager: Shutting down and abandoning module LinuxAArch64ServerTargetPlatform (157)
[2026.08.25-01.29.22:476][ 24]LogModuleManager: Shutting down and abandoning module LinuxAArch64ClientTargetPlatform (155)
[2026.08.25-01.29.22:476][ 24]LogModuleManager: Shutting down and abandoning module LinuxAArch64NoEditorTargetPlatform (153)
[2026.08.25-01.29.22:476][ 24]LogModuleManager: Shutting down and abandoning module LinuxServerTargetPlatform (151)
[2026.08.25-01.29.22:476][ 24]LogModuleManager: Shutting down and abandoning module LinuxClientTargetPlatform (149)
[2026.08.25-01.29.22:476][ 24]LogModuleManager: Shutting down and abandoning module LinuxNoEditorTargetPlatform (147)
[2026.08.25-01.29.22:476][ 24]LogModuleManager: Shutting down and abandoning module LinuxTargetPlatform (145)
[2026.08.25-01.29.22:476][ 24]LogModuleManager: Shutting down and abandoning module Messaging (143)
[2026.08.25-01.29.22:476][ 24]LogModuleManager: Shutting down and abandoning module IOSTargetPlatform (141)
[2026.08.25-01.29.22:477][ 24]LogModuleManager: Shutting down and abandoning module AndroidTargetPlatform (139)
[2026.08.25-01.29.22:479][ 24]LogModuleManager: Shutting down and abandoning module AllDesktopTargetPlatform (137)
[2026.08.25-01.29.22:479][ 24]LogModuleManager: Shutting down and abandoning module D3D11RHI (134)
[2026.08.25-01.29.22:479][ 24]LogModuleManager: Shutting down and abandoning module InputCore (132)
[2026.08.25-01.29.22:479][ 24]LogModuleManager: Shutting down and abandoning module Settings (130)
[2026.08.25-01.29.22:479][ 24]LogModuleManager: Shutting down and abandoning module DirectoryWatcher (128)
[2026.08.25-01.29.22:480][ 24]LogModuleManager: Shutting down and abandoning module PhysXCooking (126)
[2026.08.25-01.29.22:480][ 24]LogModuleManager: Shutting down and abandoning module Chaos (124)
[2026.08.25-01.29.22:480][ 24]LogModuleManager: Shutting down and abandoning module WindowsPlatformFeatures (122)
[2026.08.25-01.29.22:480][ 24]LogModuleManager: Shutting down and abandoning module GameplayMediaEncoder (121)
[2026.08.25-01.29.22:480][ 24]LogModuleManager: Shutting down and abandoning module AVEncoder (120)
[2026.08.25-01.29.22:480][ 24]LogModuleManager: Shutting down and abandoning module SteamVRInputDevice (116)
[2026.08.25-01.29.22:480][ 24]LogModuleManager: Shutting down and abandoning module SteamVRInput (114)
[2026.08.25-01.29.22:480][ 24]LogModuleManager: Shutting down and abandoning module SteamVR (112)
[2026.08.25-01.29.22:480][ 24]LogHMD: Freeing OpenVRDLLHandle.
[2026.08.25-01.29.22:480][ 24]LogModuleManager: Shutting down and abandoning module OculusHMD (110)
[2026.08.25-01.29.22:480][ 24]LogModuleManager: Shutting down and abandoning module OpenXRHandTracking (108)
[2026.08.25-01.29.22:480][ 24]LogSlate: Slate User Destroyed.  User Index 0, Is Virtual User: 0
[2026.08.25-01.29.22:480][ 24]LogModuleManager: Shutting down and abandoning module OpenXREyeTracker (106)
[2026.08.25-01.29.22:480][ 24]LogModuleManager: Shutting down and abandoning module OpenXRAR (104)
[2026.08.25-01.29.22:480][ 24]LogModuleManager: Shutting down and abandoning module AugmentedReality (103)
[2026.08.25-01.29.22:480][ 24]LogModuleManager: Shutting down and abandoning module OpenXRHMD (100)
[2026.08.25-01.29.22:480][ 24]LogModuleManager: Shutting down and abandoning module OnlineBlueprintSupport (98)
[2026.08.25-01.29.22:480][ 24]LogModuleManager: Shutting down and abandoning module OnlineSubsystem (94)
[2026.08.25-01.29.22:481][ 24]LogModuleManager: Shutting down and abandoning module XMPP (89)
[2026.08.25-01.29.22:482][ 24]LogModuleManager: Shutting down and abandoning module WebSockets (88)
[2026.08.25-01.29.22:494][ 24]LogModuleManager: Shutting down and abandoning module HTTP (85)
[2026.08.25-01.29.22:494][ 24]LogHttp: Display: Http module shutting down, but needs to wait on 1 outstanding Http requests:
[2026.08.25-01.29.22:494][ 24]LogHttp: Display: 	verb=[POST] url=[https://datarouter.ol.epicgames.com/datarouter/api/v1/public/data?SessionID=%7B915441B8-4290-2761-07C3-33B028A2BB0A%7D&AppID=UEEditor.Rocket.Release&AppVersion=4.27.2-18319896%2B%2B%2BUE4%2BRelease-4.27&UserID=aad14cfa4a1ed281c560f785102d869b%7C24de892310f14890888f3bfa72d3ca7c%7C72aeb03c-3a2b-4ff1-80d4-ff410d42d422&AppEnvironment=datacollector-binary&UploadType=eteventstream] refs=[1] status=Processing
[2026.08.25-01.29.22:494][ 24]LogHttp: Display: cleaning up 1 outstanding Http requests.
[2026.08.25-01.29.22:506][ 24]LogModuleManager: Shutting down and abandoning module SSL (84)
[2026.08.25-01.29.22:507][ 24]LogModuleManager: Shutting down and abandoning module ExampleDeviceProfileSelector (80)
[2026.08.25-01.29.22:507][ 24]LogModuleManager: Shutting down and abandoning module ChunkDownloader (78)
[2026.08.25-01.29.22:507][ 24]LogModuleManager: Shutting down and abandoning module LauncherChunkInstaller (76)
[2026.08.25-01.29.22:507][ 24]LogModuleManager: Shutting down and abandoning module MLSDK (74)
[2026.08.25-01.29.22:507][ 24]LogModuleManager: Shutting down and abandoning module MagicLeap (72)
[2026.08.25-01.29.22:507][ 24]LogModuleManager: Shutting down and abandoning module WmfMedia (70)
[2026.08.25-01.29.22:508][ 24]LogModuleManager: Shutting down and abandoning module Media (69)
[2026.08.25-01.29.22:509][ 24]LogModuleManager: Shutting down and abandoning module MediaInfo (68)
[2026.08.25-01.29.22:509][ 24]LogModuleManager: Shutting down and abandoning module ExrReaderGpu (64)
[2026.08.25-01.29.22:509][ 24]LogModuleManager: Shutting down and abandoning module ChaosCloth (62)
[2026.08.25-01.29.22:509][ 24]LogModuleManager: Shutting down and abandoning module NiagaraVertexFactories (60)
[2026.08.25-01.29.22:509][ 24]LogModuleManager: Shutting down and abandoning module NiagaraShader (58)
[2026.08.25-01.29.22:509][ 24]LogModuleManager: Shutting down and abandoning module VariantManagerContent (56)
[2026.08.25-01.29.22:509][ 24]LogModuleManager: Shutting down and abandoning module DatasmithContent (54)
[2026.08.25-01.29.22:510][ 24]LogModuleManager: Shutting down and abandoning module PixWinPlugin (52)
[2026.08.25-01.29.22:510][ 24]LogModuleManager: Shutting down and abandoning module AISupportModule (50)
[2026.08.25-01.29.22:510][ 24]LogModuleManager: Shutting down and abandoning module DesktopPlatform (48)
[2026.08.25-01.29.22:510][ 24]LogModuleManager: Shutting down and abandoning module PythonScriptPluginPreload (46)
[2026.08.25-01.29.22:510][ 24]LogModuleManager: Shutting down and abandoning module PlatformCryptoOpenSSL (44)
[2026.08.25-01.29.22:510][ 24]LogModuleManager: Shutting down and abandoning module PlatformCryptoTypes (42)
[2026.08.25-01.29.22:510][ 24]LogModuleManager: Shutting down and abandoning module PlatformCrypto (40)
[2026.08.25-01.29.22:510][ 24]LogModuleManager: Shutting down and abandoning module OodleDataCompressionFormat (38)
[2026.08.25-01.29.22:510][ 24]LogModuleManager: Shutting down and abandoning module XGEController (36)
[2026.08.25-01.29.22:510][ 24]LogModuleManager: Shutting down and abandoning module AnimationModifiers (34)
[2026.08.25-01.29.22:510][ 24]LogModuleManager: Shutting down and abandoning module AudioEditor (32)
[2026.08.25-01.29.22:511][ 24]LogModuleManager: Shutting down and abandoning module PropertyEditor (31)
[2026.08.25-01.29.22:511][ 24]LogModuleManager: Shutting down and abandoning module TextureCompressor (28)
[2026.08.25-01.29.22:511][ 24]LogModuleManager: Shutting down and abandoning module RenderCore (26)
[2026.08.25-01.29.22:511][ 24]LogModuleManager: Shutting down and abandoning module Landscape (24)
[2026.08.25-01.29.22:511][ 24]LogModuleManager: Shutting down and abandoning module SlateRHIRenderer (22)
[2026.08.25-01.29.22:513][ 24]LogModuleManager: Shutting down and abandoning module AnimGraphRuntime (20)
[2026.08.25-01.29.22:513][ 24]LogModuleManager: Shutting down and abandoning module Renderer (18)
[2026.08.25-01.29.22:513][ 24]LogModuleManager: Shutting down and abandoning module Engine (16)
[2026.08.25-01.29.22:513][ 24]LogModuleManager: Shutting down and abandoning module CoreUObject (14)
[2026.08.25-01.29.22:513][ 24]LogModuleManager: Shutting down and abandoning module NetworkFile (12)
[2026.08.25-01.29.22:513][ 24]LogModuleManager: Shutting down and abandoning module CookedIterativeFile (10)
[2026.08.25-01.29.22:513][ 24]LogModuleManager: Shutting down and abandoning module StreamingFile (8)
[2026.08.25-01.29.22:513][ 24]LogModuleManager: Shutting down and abandoning module SandboxFile (6)
[2026.08.25-01.29.22:513][ 24]LogModuleManager: Shutting down and abandoning module PakFile (4)
[2026.08.25-01.29.22:513][ 24]LogModuleManager: Shutting down and abandoning module RSA (3)
[2026.08.25-01.29.22:735][ 24]LogContentStreaming: Display: There are 1 unreleased StreamingManagers
[2026.08.25-01.29.22:758][ 24]LogD3D11RHI: Shutdown
[2026.08.25-01.29.22:758][ 24]LogD3D11RHI: CleanupD3DDevice
[2026.08.25-01.29.22:761][ 24]LogExit: Exiting.
[2026.08.25-01.29.22:773][ 24]Log file closed, 08/24/26 18:29:22
