Log file open, 08/24/26 18:32:28
LogWindows: Failed to load 'aqProf.dll' (GetLastError=126)
LogWindows: File 'aqProf.dll' does not exist
LogWindows: Failed to load 'VtuneApi.dll' (GetLastError=126)
LogWindows: File 'VtuneApi.dll' does not exist
LogWindows: Failed to load 'VtuneApi32e.dll' (GetLastError=126)
LogWindows: File 'VtuneApi32e.dll' does not exist
LogConsoleResponse: Display: Failed to find resolution value strings in scalability ini. Falling back to default.
LogConsoleResponse: Display: Failed to find resolution value strings in scalability ini. Falling back to default.
LogInit: Display: Running engine for game: BrackeysJam2026
LogPlatformFile: Not using cached read wrapper
LogTaskGraph: Started task graph with 5 named threads and 47 total threads with 3 sets of task threads.
LogStats: Stats thread started at 0.204859
LogICUInternationalization: ICU TimeZone Detection - Raw Offset: -8:00, Platform Override: ''
LogInit: Display: Loading text-based GConfig....
LogPluginManager: Mounting plugin MeshPainting
LogPluginManager: Mounting plugin XGEController
LogPluginManager: Mounting plugin Paper2D
LogPluginManager: Mounting plugin AISupport
LogPluginManager: Mounting plugin LiveLink
LogPluginManager: Mounting plugin EnvironmentQueryEditor
LogPluginManager: Mounting plugin LightPropagationVolume
LogPluginManager: Mounting plugin AnimationSharing
LogPluginManager: Mounting plugin CameraShakePreviewer
LogPluginManager: Mounting plugin GameplayCameras
LogPluginManager: Mounting plugin CLionSourceCodeAccess
LogPluginManager: Mounting plugin GitSourceControl
LogPluginManager: Mounting plugin CodeLiteSourceCodeAccess
LogPluginManager: Mounting plugin NullSourceCodeAccess
LogPluginManager: Mounting plugin PixWinPlugin
LogPluginManager: Mounting plugin PerforceSourceControl
LogPluginManager: Mounting plugin KDevelopSourceCodeAccess
LogPluginManager: Mounting plugin PlasticSourceControl
LogPluginManager: Mounting plugin RiderSourceCodeAccess
LogPluginManager: Mounting plugin PluginUtils
LogPluginManager: Mounting plugin PropertyAccessNode
LogPluginManager: Mounting plugin UObjectPlugin
LogPluginManager: Mounting plugin TextureFormatOodle
LogPluginManager: Mounting plugin SubversionSourceControl
LogPluginManager: Mounting plugin VisualStudioCodeSourceCodeAccess
LogPluginManager: Mounting plugin VisualStudioSourceCodeAccess
LogPluginManager: Mounting plugin Niagara
LogPluginManager: Mounting plugin OodleData
LogPluginManager: Mounting plugin AlembicImporter
LogPluginManager: Mounting plugin XCodeSourceCodeAccess
LogPluginManager: Mounting plugin OodleNetwork
LogPluginManager: Mounting plugin BackChannel
LogPluginManager: Mounting plugin AutomationUtils
LogPluginManager: Mounting plugin ChaosCloth
LogPluginManager: Mounting plugin ChaosNiagara
LogPluginManager: Mounting plugin ChaosEditor
LogPluginManager: Mounting plugin ChaosClothEditor
LogPluginManager: Mounting plugin ChaosSolverPlugin
LogPluginManager: Mounting plugin CharacterAI
LogPluginManager: Mounting plugin CryptoKeys
LogPluginManager: Mounting plugin DataValidation
LogPluginManager: Mounting plugin CurveEditorTools
LogPluginManager: Mounting plugin AssetManagerEditor
LogPluginManager: Mounting plugin GeometryMode
LogPluginManager: Mounting plugin GameplayTagsEditor
LogPluginManager: Mounting plugin MacGraphicsSwitching
LogPluginManager: Mounting plugin MaterialAnalyzer
LogPluginManager: Mounting plugin FacialAnimation
LogPluginManager: Mounting plugin SpeedTreeImporter
LogPluginManager: Mounting plugin LuminPlatformFeatures
LogPluginManager: Mounting plugin MagicLeap
LogPluginManager: Mounting plugin MobileLauncherProfileWizard
LogPluginManager: Mounting plugin PluginBrowser
LogPluginManager: Mounting plugin MagicLeapMedia
LogPluginManager: Mounting plugin MagicLeapPassableWorld
LogPluginManager: Mounting plugin MLSDK
LogPluginManager: Mounting plugin MagicLeapLightEstimation
LogPluginManager: Mounting plugin GeometryCache
LogPluginManager: Mounting plugin GeometryCollectionPlugin
LogPluginManager: Mounting plugin GeometryProcessing
LogPluginManager: Mounting plugin PlanarCut
LogPluginManager: Mounting plugin OpenImageDenoise
LogPluginManager: Mounting plugin MotoSynth
LogPluginManager: Mounting plugin PythonScriptPlugin
LogPluginManager: Mounting plugin ProxyLODPlugin
LogPluginManager: Mounting plugin PlatformCrypto
LogPluginManager: Mounting plugin SkeletalReduction
LogPluginManager: Mounting plugin AndroidMedia
LogPluginManager: Mounting plugin AvfMedia
LogPluginManager: Mounting plugin ImgMedia
LogPluginManager: Mounting plugin MediaPlayerEditor
LogPluginManager: Mounting plugin WebMMedia
LogPluginManager: Mounting plugin MediaCompositing
LogPluginManager: Mounting plugin WmfMedia
LogPluginManager: Mounting plugin DatasmithContent
LogPluginManager: Mounting plugin TcpMessaging
LogPluginManager: Mounting plugin UdpMessaging
LogPluginManager: Mounting plugin VariantManagerContent
LogPluginManager: Mounting plugin LevelSequenceEditor
LogPluginManager: Mounting plugin ActorSequence
LogPluginManager: Mounting plugin MatineeToLevelSequence
LogPluginManager: Mounting plugin TemplateSequence
LogPluginManager: Mounting plugin OnlineSubsystem
LogPluginManager: Mounting plugin OnlineSubsystemUtils
LogPluginManager: Mounting plugin OnlineSubsystemNull
LogPluginManager: Mounting plugin ActorLayerUtilities
LogPluginManager: Mounting plugin LauncherChunkInstaller
LogPluginManager: Mounting plugin AndroidMoviePlayer
LogPluginManager: Mounting plugin AndroidDeviceProfileSelector
LogPluginManager: Mounting plugin AndroidPermission
LogPluginManager: Mounting plugin AppleImageUtils
LogPluginManager: Mounting plugin AudioCapture
LogPluginManager: Mounting plugin AppleMoviePlayer
LogPluginManager: Mounting plugin ArchVisCharacter
LogPluginManager: Mounting plugin AudioSynesthesia
LogPluginManager: Mounting plugin AssetTags
LogPluginManager: Mounting plugin CableComponent
LogPluginManager: Mounting plugin ChunkDownloader
LogPluginManager: Mounting plugin CustomMeshComponent
LogPluginManager: Mounting plugin EditableMesh
LogPluginManager: Mounting plugin ExampleDeviceProfileSelector
LogPluginManager: Mounting plugin GoogleCloudMessaging
LogPluginManager: Mounting plugin GooglePAD
LogPluginManager: Mounting plugin Takes
LogPluginManager: Mounting plugin LinuxDeviceProfileSelector
LogPluginManager: Mounting plugin LocationServicesBPLibrary
LogPluginManager: Mounting plugin IOSDeviceProfileSelector
LogPluginManager: Mounting plugin MobilePatchingUtils
LogPluginManager: Mounting plugin OpenXR
LogPluginManager: Mounting plugin OpenXREyeTracker
LogPluginManager: Mounting plugin OpenXRHandTracking
LogPluginManager: Mounting plugin PhysXVehicles
LogPluginManager: Mounting plugin ScreenshotTools
LogPluginManager: Mounting plugin ProceduralMeshComponent
LogPluginManager: Mounting plugin PostSplashScreen
LogPluginManager: Mounting plugin PropertyAccessEditor
LogPluginManager: Mounting plugin RuntimePhysXCooking
LogPluginManager: Mounting plugin SignificanceManager
LogPluginManager: Mounting plugin SoundFields
LogPluginManager: Mounting plugin Synthesis
LogPluginManager: Mounting plugin WebMMoviePlayer
LogPluginManager: Mounting plugin WindowsMoviePlayer
LogPluginManager: Mounting plugin ContentBrowserAssetDataSource
LogPluginManager: Mounting plugin ContentBrowserClassDataSource
LogPluginManager: Mounting plugin ContentBrowserFileDataSource
LogPluginManager: Mounting plugin OnlineSubsystemGooglePlay
LogPluginManager: Mounting plugin OnlineSubsystemIOS
LogPluginManager: Mounting plugin OculusVR
LogPluginManager: Mounting plugin SteamVR
PixWinPlugin: PIX capture plugin failed to initialize! Check that the process is launched from PIX.
LogInit: Using libcurl 7.55.1-DEV
LogInit:  - built for x86_64-pc-win32
LogInit:  - supports SSL with OpenSSL/1.1.1
LogInit:  - supports HTTP deflate (compression) using libz 1.2.8
LogInit:  - other features:
LogInit:      CURL_VERSION_SSL
LogInit:      CURL_VERSION_LIBZ
LogInit:      CURL_VERSION_IPV6
LogInit:      CURL_VERSION_ASYNCHDNS
LogInit:      CURL_VERSION_LARGEFILE
LogInit:      CURL_VERSION_IDN
LogInit:  CurlRequestOptions (configurable via config and command line):
LogInit:  - bVerifyPeer = true  - Libcurl will verify peer certificate
LogInit:  - bUseHttpProxy = false  - Libcurl will NOT use HTTP proxy
LogInit:  - bDontReuseConnections = false  - Libcurl will reuse connections
LogInit:  - MaxHostConnections = 16  - Libcurl will limit the number of connections to a host
LogInit:  - LocalHostAddr = Default
LogInit:  - BufferSize = 65536
LogOnline: OSS: Creating online subsystem instance for: NULL
LogInit: WinSock: version 1.1 (2.2), MaxSocks=32767, MaxUdp=65467
LogOnline: OSS: TryLoadSubsystemAndSetDefault: Loaded subsystem for module [NULL]
LogOculusPluginWrapper: OculusPlugin initialized successfully
LogHMD: Failed initializing OVRPlugin 1.59.0
LogInit: Build: ++UE4+Release-4.27-CL-18319896
LogInit: Engine Version: 4.27.2-18319896+++UE4+Release-4.27
LogInit: Compatible Engine Version: 4.27.0-17155196+++UE4+Release-4.27
LogInit: Net CL: 17155196
LogInit: OS: Windows 10 (Release 2009) (), CPU: AMD Ryzen 7 PRO 8845HS w/ Radeon 780M Graphics, GPU: AMD Radeon 780M Graphics
LogInit: Compiled (64-bit): Nov 30 2021 07:12:08
LogInit: Compiled with Visual C++: 19.24.28315.00
LogInit: Build Configuration: Development
LogInit: Branch Name: ++UE4+Release-4.27
LogInit: Command Line: 
LogInit: Base Directory: C:/Program Files/Epic Games/UE_4.27/Engine/Binaries/Win64/
LogInit: Allocator: TBB
LogInit: Installed Engine Build: 1
LogDevObjectVersion: Number of dev versions registered: 29
LogDevObjectVersion:   Dev-Blueprints (B0D832E4-1F89-4F0D-ACCF-7EB736FD4AA2): 10
LogDevObjectVersion:   Dev-Build (E1C64328-A22C-4D53-A36C-8E866417BD8C): 0
LogDevObjectVersion:   Dev-Core (375EC13C-06E4-48FB-B500-84F0262A717E): 4
LogDevObjectVersion:   Dev-Editor (E4B068ED-F494-42E9-A231-DA0B2E46BB41): 40
LogDevObjectVersion:   Dev-Framework (CFFC743F-43B0-4480-9391-14DF171D2073): 37
LogDevObjectVersion:   Dev-Mobile (B02B49B5-BB20-44E9-A304-32B752E40360): 3
LogDevObjectVersion:   Dev-Networking (A4E4105C-59A1-49B5-A7C5-40C4547EDFEE): 0
LogDevObjectVersion:   Dev-Online (39C831C9-5AE6-47DC-9A44-9C173E1C8E7C): 0
LogDevObjectVersion:   Dev-Physics (78F01B33-EBEA-4F98-B9B4-84EACCB95AA2): 14
LogDevObjectVersion:   Dev-Platform (6631380F-2D4D-43E0-8009-CF276956A95A): 0
LogDevObjectVersion:   Dev-Rendering (12F88B9F-8875-4AFC-A67C-D90C383ABD29): 45
LogDevObjectVersion:   Dev-Sequencer (7B5AE74C-D270-4C10-A958-57980B212A5A): 13
LogDevObjectVersion:   Dev-VR (D7296918-1DD6-4BDD-9DE2-64A83CC13884): 3
LogDevObjectVersion:   Dev-LoadTimes (C2A15278-BFE7-4AFE-6C17-90FF531DF755): 1
LogDevObjectVersion:   Private-Geometry (6EACA3D4-40EC-4CC1-B786-8BED09428FC5): 3
LogDevObjectVersion:   Dev-AnimPhys (29E575DD-E0A3-4627-9D10-D276232CDCEA): 17
LogDevObjectVersion:   Dev-Anim (AF43A65D-7FD3-4947-9873-3E8ED9C1BB05): 15
LogDevObjectVersion:   Dev-ReflectionCapture (6B266CEC-1EC7-4B8F-A30B-E4D90942FC07): 1
LogDevObjectVersion:   Dev-Automation (0DF73D61-A23F-47EA-B727-89E90C41499A): 1
LogDevObjectVersion:   FortniteMain (601D1886-AC64-4F84-AA16-D3DE0DEAC7D6): 47
LogDevObjectVersion:   FortniteRelease (E7086368-6B23-4C58-8439-1B7016265E91): 1
LogDevObjectVersion:   Dev-Enterprise (9DFFBCD6-494F-0158-E221-12823C92A888): 10
LogDevObjectVersion:   Dev-Niagara (F2AED0AC-9AFE-416F-8664-AA7FFA26D6FC): 1
LogDevObjectVersion:   Dev-Destruction (174F1F0B-B4C6-45A5-B13F-2EE8D0FB917D): 10
LogDevObjectVersion:   Dev-Physics-Ext (35F94A83-E258-406C-A318-09F59610247C): 41
LogDevObjectVersion:   Dev-PhysicsMaterial-Chaos (B68FC16E-8B1B-42E2-B453-215C058844FE): 1
LogDevObjectVersion:   Dev-CineCamera (B2E18506-4273-CFC2-A54E-F4BB758BBA07): 1
LogDevObjectVersion:   Dev-VirtualProduction (64F58936-FD1B-42BA-BA96-7289D5D0FA4E): 1
LogDevObjectVersion:   Dev-MediaFramework (6F0ED827-A609-4895-9C91-998D90180EA4): 2
LogInit: Presizing for max 25165824 objects, including 0 objects not considered by GC, pre-allocating 0 bytes for permanent pool.
LogConfig: Applying CVar settings from Section [/Script/Engine.StreamingSettings] File [E:/_Alex's Data/Unreal Engine/Unreal Projects/Brackeys2026/Brackeys-2026/BrackeysJam2026/Saved/Config/Windows/Engine.ini]
LogConfig: Setting CVar [[s.MinBulkDataSizeForAsyncLoading:131072]]
LogConfig: Setting CVar [[s.AsyncLoadingThreadEnabled:0]]
LogConfig: Setting CVar [[s.EventDrivenLoaderEnabled:1]]
LogConfig: Setting CVar [[s.WarnIfTimeLimitExceeded:0]]
LogConfig: Setting CVar [[s.TimeLimitExceededMultiplier:1.5]]
LogConfig: Setting CVar [[s.TimeLimitExceededMinTime:0.005]]
LogConfig: Setting CVar [[s.UseBackgroundLevelStreaming:1]]
LogConfig: Setting CVar [[s.PriorityAsyncLoadingExtraTime:15.0]]
LogConfig: Setting CVar [[s.LevelStreamingActorsUpdateTimeLimit:5.0]]
LogConfig: Setting CVar [[s.PriorityLevelStreamingActorsUpdateExtraTime:5.0]]
LogConfig: Setting CVar [[s.LevelStreamingComponentsRegistrationGranularity:10]]
LogConfig: Setting CVar [[s.UnregisterComponentsTimeLimit:1.0]]
LogConfig: Setting CVar [[s.LevelStreamingComponentsUnregistrationGranularity:5]]
LogConfig: Setting CVar [[s.FlushStreamingOnExit:1]]
LogInit: Object subsystem initialized
LogConfig: Setting CVar [[con.DebugEarlyDefault:1]]
LogConfig: Setting CVar [[r.setres:1280x720]]
[2026.08.25-01.32.29:300][  0]LogConfig: Setting CVar [[r.VSync:0]]
[2026.08.25-01.32.29:300][  0]LogConfig: Setting CVar [[r.RHICmdBypass:0]]
[2026.08.25-01.32.29:302][  0]LogConfig: Applying CVar settings from Section [/Script/Engine.RendererSettings] File [E:/_Alex's Data/Unreal Engine/Unreal Projects/Brackeys2026/Brackeys-2026/BrackeysJam2026/Saved/Config/Windows/Engine.ini]
[2026.08.25-01.32.29:302][  0]LogConfig: Setting CVar [[r.GPUCrashDebugging:0]]
[2026.08.25-01.32.29:302][  0]LogConfig: Setting CVar [[r.DefaultFeature.MotionBlur:0]]
[2026.08.25-01.32.29:302][  0]LogConfig: Applying CVar settings from Section [/Script/Engine.RendererOverrideSettings] File [E:/_Alex's Data/Unreal Engine/Unreal Projects/Brackeys2026/Brackeys-2026/BrackeysJam2026/Saved/Config/Windows/Engine.ini]
[2026.08.25-01.32.29:302][  0]LogConfig: Applying CVar settings from Section [/Script/Engine.StreamingSettings] File [E:/_Alex's Data/Unreal Engine/Unreal Projects/Brackeys2026/Brackeys-2026/BrackeysJam2026/Saved/Config/Windows/Engine.ini]
[2026.08.25-01.32.29:302][  0]LogConfig: Setting CVar [[s.MinBulkDataSizeForAsyncLoading:131072]]
[2026.08.25-01.32.29:302][  0]LogConfig: Setting CVar [[s.AsyncLoadingThreadEnabled:0]]
[2026.08.25-01.32.29:302][  0]LogConfig: Setting CVar [[s.EventDrivenLoaderEnabled:1]]
[2026.08.25-01.32.29:302][  0]LogConfig: Setting CVar [[s.WarnIfTimeLimitExceeded:0]]
[2026.08.25-01.32.29:302][  0]LogConfig: Setting CVar [[s.TimeLimitExceededMultiplier:1.5]]
[2026.08.25-01.32.29:302][  0]LogConfig: Setting CVar [[s.TimeLimitExceededMinTime:0.005]]
[2026.08.25-01.32.29:302][  0]LogConfig: Setting CVar [[s.UseBackgroundLevelStreaming:1]]
[2026.08.25-01.32.29:302][  0]LogConfig: Setting CVar [[s.PriorityAsyncLoadingExtraTime:15.0]]
[2026.08.25-01.32.29:302][  0]LogConfig: Setting CVar [[s.LevelStreamingActorsUpdateTimeLimit:5.0]]
[2026.08.25-01.32.29:302][  0]LogConfig: Setting CVar [[s.PriorityLevelStreamingActorsUpdateExtraTime:5.0]]
[2026.08.25-01.32.29:302][  0]LogConfig: Setting CVar [[s.LevelStreamingComponentsRegistrationGranularity:10]]
[2026.08.25-01.32.29:302][  0]LogConfig: Setting CVar [[s.UnregisterComponentsTimeLimit:1.0]]
[2026.08.25-01.32.29:302][  0]LogConfig: Setting CVar [[s.LevelStreamingComponentsUnregistrationGranularity:5]]
[2026.08.25-01.32.29:302][  0]LogConfig: Setting CVar [[s.FlushStreamingOnExit:1]]
[2026.08.25-01.32.29:302][  0]LogConfig: Applying CVar settings from Section [/Script/Engine.GarbageCollectionSettings] File [E:/_Alex's Data/Unreal Engine/Unreal Projects/Brackeys2026/Brackeys-2026/BrackeysJam2026/Saved/Config/Windows/Engine.ini]
[2026.08.25-01.32.29:302][  0]LogConfig: Setting CVar [[gc.MaxObjectsNotConsideredByGC:1]]
[2026.08.25-01.32.29:302][  0]LogConfig: Setting CVar [[gc.SizeOfPermanentObjectPool:0]]
[2026.08.25-01.32.29:302][  0]LogConfig: Setting CVar [[gc.FlushStreamingOnGC:0]]
[2026.08.25-01.32.29:302][  0]LogConfig: Setting CVar [[gc.NumRetriesBeforeForcingGC:10]]
[2026.08.25-01.32.29:302][  0]LogConfig: Setting CVar [[gc.AllowParallelGC:1]]
[2026.08.25-01.32.29:302][  0]LogConfig: Setting CVar [[gc.TimeBetweenPurgingPendingKillObjects:61.1]]
[2026.08.25-01.32.29:302][  0]LogConfig: Setting CVar [[gc.MaxObjectsInEditor:25165824]]
[2026.08.25-01.32.29:302][  0]LogConfig: Setting CVar [[gc.IncrementalBeginDestroyEnabled:1]]
[2026.08.25-01.32.29:302][  0]LogConfig: Setting CVar [[gc.CreateGCClusters:1]]
[2026.08.25-01.32.29:302][  0]LogConfig: Setting CVar [[gc.MinGCClusterSize:5]]
[2026.08.25-01.32.29:302][  0]LogConfig: Setting CVar [[gc.ActorClusteringEnabled:0]]
[2026.08.25-01.32.29:302][  0]LogConfig: Setting CVar [[gc.BlueprintClusteringEnabled:0]]
[2026.08.25-01.32.29:302][  0]LogConfig: Setting CVar [[gc.UseDisregardForGCOnDedicatedServers:0]]
[2026.08.25-01.32.29:302][  0]LogConfig: Setting CVar [[gc.MultithreadedDestructionEnabled:1]]
[2026.08.25-01.32.29:302][  0]LogConfig: Applying CVar settings from Section [/Script/Engine.NetworkSettings] File [E:/_Alex's Data/Unreal Engine/Unreal Projects/Brackeys2026/Brackeys-2026/BrackeysJam2026/Saved/Config/Windows/Engine.ini]
[2026.08.25-01.32.29:302][  0]LogConfig: Applying CVar settings from Section [/Script/UnrealEd.CookerSettings] File [E:/_Alex's Data/Unreal Engine/Unreal Projects/Brackeys2026/Brackeys-2026/BrackeysJam2026/Saved/Config/Windows/Engine.ini]
[2026.08.25-01.32.29:306][  0]LogConfig: Applying CVar settings from Section [ViewDistanceQuality@3] File [E:/_Alex's Data/Unreal Engine/Unreal Projects/Brackeys2026/Brackeys-2026/BrackeysJam2026/Saved/Config/Windows/Scalability.ini]
[2026.08.25-01.32.29:306][  0]LogConfig: Setting CVar [[r.SkeletalMeshLODBias:0]]
[2026.08.25-01.32.29:306][  0]LogConfig: Setting CVar [[r.ViewDistanceScale:1.0]]
[2026.08.25-01.32.29:306][  0]LogConfig: Applying CVar settings from Section [AntiAliasingQuality@3] File [E:/_Alex's Data/Unreal Engine/Unreal Projects/Brackeys2026/Brackeys-2026/BrackeysJam2026/Saved/Config/Windows/Scalability.ini]
[2026.08.25-01.32.29:306][  0]LogConfig: Setting CVar [[r.PostProcessAAQuality:4]]
[2026.08.25-01.32.29:306][  0]LogConfig: Applying CVar settings from Section [ShadowQuality@3] File [E:/_Alex's Data/Unreal Engine/Unreal Projects/Brackeys2026/Brackeys-2026/BrackeysJam2026/Saved/Config/Windows/Scalability.ini]
[2026.08.25-01.32.29:306][  0]LogConfig: Setting CVar [[r.LightFunctionQuality:1]]
[2026.08.25-01.32.29:306][  0]LogConfig: Setting CVar [[r.ShadowQuality:5]]
[2026.08.25-01.32.29:306][  0]LogConfig: Setting CVar [[r.Shadow.CSM.MaxCascades:10]]
[2026.08.25-01.32.29:306][  0]LogConfig: Setting CVar [[r.Shadow.MaxResolution:2048]]
[2026.08.25-01.32.29:306][  0]LogConfig: Setting CVar [[r.Shadow.MaxCSMResolution:2048]]
[2026.08.25-01.32.29:306][  0]LogConfig: Setting CVar [[r.Shadow.RadiusThreshold:0.01]]
[2026.08.25-01.32.29:306][  0]LogConfig: Setting CVar [[r.Shadow.DistanceScale:1.0]]
[2026.08.25-01.32.29:306][  0]LogConfig: Setting CVar [[r.Shadow.CSM.TransitionScale:1.0]]
[2026.08.25-01.32.29:306][  0]LogConfig: Setting CVar [[r.Shadow.PreShadowResolutionFactor:1.0]]
[2026.08.25-01.32.29:306][  0]LogConfig: Setting CVar [[r.DistanceFieldShadowing:1]]
[2026.08.25-01.32.29:306][  0]LogConfig: Setting CVar [[r.DistanceFieldAO:1]]
[2026.08.25-01.32.29:306][  0]LogConfig: Setting CVar [[r.AOQuality:2]]
[2026.08.25-01.32.29:307][  0]LogConfig: Setting CVar [[r.VolumetricFog:1]]
[2026.08.25-01.32.29:307][  0]LogConfig: Setting CVar [[r.VolumetricFog.GridPixelSize:8]]
[2026.08.25-01.32.29:307][  0]LogConfig: Setting CVar [[r.VolumetricFog.GridSizeZ:128]]
[2026.08.25-01.32.29:307][  0]LogConfig: Setting CVar [[r.VolumetricFog.HistoryMissSupersampleCount:4]]
[2026.08.25-01.32.29:307][  0]LogConfig: Setting CVar [[r.LightMaxDrawDistanceScale:1]]
[2026.08.25-01.32.29:307][  0]LogConfig: Setting CVar [[r.CapsuleShadows:1]]
[2026.08.25-01.32.29:307][  0]LogConfig: Applying CVar settings from Section [PostProcessQuality@3] File [E:/_Alex's Data/Unreal Engine/Unreal Projects/Brackeys2026/Brackeys-2026/BrackeysJam2026/Saved/Config/Windows/Scalability.ini]
[2026.08.25-01.32.29:307][  0]LogConfig: Setting CVar [[r.MotionBlurQuality:4]]
[2026.08.25-01.32.29:307][  0]LogConfig: Setting CVar [[r.AmbientOcclusionMipLevelFactor:0.4]]
[2026.08.25-01.32.29:307][  0]LogConfig: Setting CVar [[r.AmbientOcclusionMaxQuality:100]]
[2026.08.25-01.32.29:307][  0]LogConfig: Setting CVar [[r.AmbientOcclusionLevels:-1]]
[2026.08.25-01.32.29:307][  0]LogConfig: Setting CVar [[r.AmbientOcclusionRadiusScale:1.0]]
[2026.08.25-01.32.29:307][  0]LogConfig: Setting CVar [[r.DepthOfFieldQuality:2]]
[2026.08.25-01.32.29:307][  0]LogConfig: Setting CVar [[r.RenderTargetPoolMin:400]]
[2026.08.25-01.32.29:307][  0]LogConfig: Setting CVar [[r.LensFlareQuality:2]]
[2026.08.25-01.32.29:307][  0]LogConfig: Setting CVar [[r.SceneColorFringeQuality:1]]
[2026.08.25-01.32.29:307][  0]LogConfig: Setting CVar [[r.EyeAdaptationQuality:2]]
[2026.08.25-01.32.29:307][  0]LogConfig: Setting CVar [[r.BloomQuality:5]]
[2026.08.25-01.32.29:307][  0]LogConfig: Setting CVar [[r.FastBlurThreshold:100]]
[2026.08.25-01.32.29:307][  0]LogConfig: Setting CVar [[r.Upscale.Quality:3]]
[2026.08.25-01.32.29:307][  0]LogConfig: Setting CVar [[r.Tonemapper.GrainQuantization:1]]
[2026.08.25-01.32.29:307][  0]LogConfig: Setting CVar [[r.LightShaftQuality:1]]
[2026.08.25-01.32.29:307][  0]LogConfig: Setting CVar [[r.Filter.SizeScale:1]]
[2026.08.25-01.32.29:307][  0]LogConfig: Setting CVar [[r.Tonemapper.Quality:5]]
[2026.08.25-01.32.29:307][  0]LogConfig: Setting CVar [[r.DOF.Gather.AccumulatorQuality:1        ; higher gathering accumulator quality]]
[2026.08.25-01.32.29:307][  0]LogConfig: Setting CVar [[r.DOF.Gather.PostfilterMethod:1          ; Median3x3 postfilering method]]
[2026.08.25-01.32.29:307][  0]LogConfig: Setting CVar [[r.DOF.Gather.EnableBokehSettings:0       ; no bokeh simulation when gathering]]
[2026.08.25-01.32.29:307][  0]LogConfig: Setting CVar [[r.DOF.Gather.RingCount:4                 ; medium number of samples when gathering]]
[2026.08.25-01.32.29:307][  0]LogConfig: Setting CVar [[r.DOF.Scatter.ForegroundCompositing:1    ; additive foreground scattering]]
[2026.08.25-01.32.29:307][  0]LogConfig: Setting CVar [[r.DOF.Scatter.BackgroundCompositing:2    ; additive background scattering]]
[2026.08.25-01.32.29:307][  0]LogConfig: Setting CVar [[r.DOF.Scatter.EnableBokehSettings:1      ; bokeh simulation when scattering]]
[2026.08.25-01.32.29:307][  0]LogConfig: Setting CVar [[r.DOF.Scatter.MaxSpriteRatio:0.1         ; only a maximum of 10% of scattered bokeh]]
[2026.08.25-01.32.29:307][  0]LogConfig: Setting CVar [[r.DOF.Recombine.Quality:1                ; cheap slight out of focus]]
[2026.08.25-01.32.29:307][  0]LogConfig: Setting CVar [[r.DOF.Recombine.EnableBokehSettings:0    ; no bokeh simulation on slight out of focus]]
[2026.08.25-01.32.29:307][  0]LogConfig: Setting CVar [[r.DOF.TemporalAAQuality:1                ; more stable temporal accumulation]]
[2026.08.25-01.32.29:307][  0]LogConfig: Setting CVar [[r.DOF.Kernel.MaxForegroundRadius:0.025]]
[2026.08.25-01.32.29:307][  0]LogConfig: Setting CVar [[r.DOF.Kernel.MaxBackgroundRadius:0.025]]
[2026.08.25-01.32.29:307][  0]LogConfig: Applying CVar settings from Section [TextureQuality@3] File [E:/_Alex's Data/Unreal Engine/Unreal Projects/Brackeys2026/Brackeys-2026/BrackeysJam2026/Saved/Config/Windows/Scalability.ini]
[2026.08.25-01.32.29:307][  0]LogConfig: Setting CVar [[r.Streaming.MipBias:0]]
[2026.08.25-01.32.29:307][  0]LogConfig: Setting CVar [[r.Streaming.AmortizeCPUToGPUCopy:0]]
[2026.08.25-01.32.29:307][  0]LogConfig: Setting CVar [[r.Streaming.MaxNumTexturesToStreamPerFrame:0]]
[2026.08.25-01.32.29:307][  0]LogConfig: Setting CVar [[r.Streaming.Boost:1]]
[2026.08.25-01.32.29:307][  0]LogConfig: Setting CVar [[r.MaxAnisotropy:8]]
[2026.08.25-01.32.29:307][  0]LogConfig: Setting CVar [[r.VT.MaxAnisotropy:8]]
[2026.08.25-01.32.29:307][  0]LogConfig: Setting CVar [[r.Streaming.LimitPoolSizeToVRAM:0]]
[2026.08.25-01.32.29:307][  0]LogConfig: Setting CVar [[r.Streaming.PoolSize:1000]]
[2026.08.25-01.32.29:307][  0]LogConfig: Setting CVar [[r.Streaming.MaxEffectiveScreenSize:0]]
[2026.08.25-01.32.29:307][  0]LogConfig: Applying CVar settings from Section [EffectsQuality@3] File [E:/_Alex's Data/Unreal Engine/Unreal Projects/Brackeys2026/Brackeys-2026/BrackeysJam2026/Saved/Config/Windows/Scalability.ini]
[2026.08.25-01.32.29:307][  0]LogConfig: Setting CVar [[r.TranslucencyLightingVolumeDim:64]]
[2026.08.25-01.32.29:307][  0]LogConfig: Setting CVar [[r.RefractionQuality:2]]
[2026.08.25-01.32.29:307][  0]LogConfig: Setting CVar [[r.SSR.Quality:3]]
[2026.08.25-01.32.29:307][  0]LogConfig: Setting CVar [[r.SSR.HalfResSceneColor:0]]
[2026.08.25-01.32.29:307][  0]LogConfig: Setting CVar [[r.SceneColorFormat:4]]
[2026.08.25-01.32.29:307][  0]LogConfig: Setting CVar [[r.DetailMode:2]]
[2026.08.25-01.32.29:307][  0]LogConfig: Setting CVar [[r.TranslucencyVolumeBlur:1]]
[2026.08.25-01.32.29:307][  0]LogConfig: Setting CVar [[r.MaterialQualityLevel:1 ; High quality]]
[2026.08.25-01.32.29:307][  0]LogConfig: Setting CVar [[r.AnisotropicMaterials:1]]
[2026.08.25-01.32.29:307][  0]LogConfig: Setting CVar [[r.SSS.Scale:1]]
[2026.08.25-01.32.29:307][  0]LogConfig: Setting CVar [[r.SSS.SampleSet:2]]
[2026.08.25-01.32.29:307][  0]LogConfig: Setting CVar [[r.SSS.Quality:1]]
[2026.08.25-01.32.29:307][  0]LogConfig: Setting CVar [[r.SSS.HalfRes:0]]
[2026.08.25-01.32.29:307][  0]LogConfig: Setting CVar [[r.SSGI.Quality:3]]
[2026.08.25-01.32.29:307][  0]LogConfig: Setting CVar [[r.EmitterSpawnRateScale:1.0]]
[2026.08.25-01.32.29:307][  0]LogConfig: Setting CVar [[r.ParticleLightQuality:2]]
[2026.08.25-01.32.29:307][  0]LogConfig: Setting CVar [[r.SkyAtmosphere.AerialPerspectiveLUT.FastApplyOnOpaque:1 ; Always have FastSkyLUT 1 in this case to avoid wrong sky]]
[2026.08.25-01.32.29:307][  0]LogConfig: Setting CVar [[r.SkyAtmosphere.AerialPerspectiveLUT.SampleCountMaxPerSlice:4]]
[2026.08.25-01.32.29:307][  0]LogConfig: Setting CVar [[r.SkyAtmosphere.AerialPerspectiveLUT.DepthResolution:16.0]]
[2026.08.25-01.32.29:307][  0]LogConfig: Setting CVar [[r.SkyAtmosphere.FastSkyLUT:1]]
[2026.08.25-01.32.29:307][  0]LogConfig: Setting CVar [[r.SkyAtmosphere.FastSkyLUT.SampleCountMin:4.0]]
[2026.08.25-01.32.29:307][  0]LogConfig: Setting CVar [[r.SkyAtmosphere.FastSkyLUT.SampleCountMax:128.0]]
[2026.08.25-01.32.29:307][  0]LogConfig: Setting CVar [[r.SkyAtmosphere.SampleCountMin:4.0]]
[2026.08.25-01.32.29:307][  0]LogConfig: Setting CVar [[r.SkyAtmosphere.SampleCountMax:128.0]]
[2026.08.25-01.32.29:307][  0]LogConfig: Setting CVar [[r.SkyAtmosphere.TransmittanceLUT.UseSmallFormat:0]]
[2026.08.25-01.32.29:307][  0]LogConfig: Setting CVar [[r.SkyAtmosphere.TransmittanceLUT.SampleCount:10.0]]
[2026.08.25-01.32.29:307][  0]LogConfig: Setting CVar [[r.SkyAtmosphere.MultiScatteringLUT.SampleCount:15.0]]
[2026.08.25-01.32.29:307][  0]LogConfig: Setting CVar [[r.SkyLight.RealTimeReflectionCapture:1]]
[2026.08.25-01.32.29:307][  0]LogConfig: Applying CVar settings from Section [FoliageQuality@3] File [E:/_Alex's Data/Unreal Engine/Unreal Projects/Brackeys2026/Brackeys-2026/BrackeysJam2026/Saved/Config/Windows/Scalability.ini]
[2026.08.25-01.32.29:307][  0]LogConfig: Setting CVar [[foliage.DensityScale:1.0]]
[2026.08.25-01.32.29:307][  0]LogConfig: Setting CVar [[grass.DensityScale:1.0]]
[2026.08.25-01.32.29:307][  0]LogConfig: Applying CVar settings from Section [ShadingQuality@3] File [E:/_Alex's Data/Unreal Engine/Unreal Projects/Brackeys2026/Brackeys-2026/BrackeysJam2026/Saved/Config/Windows/Scalability.ini]
[2026.08.25-01.32.29:307][  0]LogConfig: Setting CVar [[r.HairStrands.SkyLighting.IntegrationType:2]]
[2026.08.25-01.32.29:307][  0]LogConfig: Setting CVar [[r.HairStrands.SkyAO.SampleCount:4]]
[2026.08.25-01.32.29:307][  0]LogConfig: Setting CVar [[r.HairStrands.Visibility.MSAA.SamplePerPixel:4]]
[2026.08.25-01.32.29:307][  0]LogInit: Selected Device Profile: [Windows]
[2026.08.25-01.32.29:307][  0]LogInit: Applying CVar settings loaded from the selected device profile: [Windows]
[2026.08.25-01.32.29:307][  0]LogHAL: Display: Platform has ~ 32 GB [33639129088 / 34359738368 / 32], which maps to Largest [LargestMinGB=32, LargerMinGB=12, DefaultMinGB=8, SmallerMinGB=6, SmallestMinGB=0)
[2026.08.25-01.32.29:307][  0]LogInit: Going up to parent DeviceProfile []
[2026.08.25-01.32.29:308][  0]LogConfig: Applying CVar settings from Section [ViewDistanceQuality@3] File [E:/_Alex's Data/Unreal Engine/Unreal Projects/Brackeys2026/Brackeys-2026/BrackeysJam2026/Saved/Config/Windows/Scalability.ini]
[2026.08.25-01.32.29:308][  0]LogConfig: Setting CVar [[r.SkeletalMeshLODBias:0]]
[2026.08.25-01.32.29:308][  0]LogConfig: Setting CVar [[r.ViewDistanceScale:1.0]]
[2026.08.25-01.32.29:308][  0]LogConfig: Applying CVar settings from Section [AntiAliasingQuality@3] File [E:/_Alex's Data/Unreal Engine/Unreal Projects/Brackeys2026/Brackeys-2026/BrackeysJam2026/Saved/Config/Windows/Scalability.ini]
[2026.08.25-01.32.29:308][  0]LogConfig: Setting CVar [[r.PostProcessAAQuality:4]]
[2026.08.25-01.32.29:308][  0]LogConfig: Applying CVar settings from Section [ShadowQuality@3] File [E:/_Alex's Data/Unreal Engine/Unreal Projects/Brackeys2026/Brackeys-2026/BrackeysJam2026/Saved/Config/Windows/Scalability.ini]
[2026.08.25-01.32.29:308][  0]LogConfig: Setting CVar [[r.LightFunctionQuality:1]]
[2026.08.25-01.32.29:308][  0]LogConfig: Setting CVar [[r.ShadowQuality:5]]
[2026.08.25-01.32.29:308][  0]LogConfig: Setting CVar [[r.Shadow.CSM.MaxCascades:10]]
[2026.08.25-01.32.29:308][  0]LogConfig: Setting CVar [[r.Shadow.MaxResolution:2048]]
[2026.08.25-01.32.29:308][  0]LogConfig: Setting CVar [[r.Shadow.MaxCSMResolution:2048]]
[2026.08.25-01.32.29:308][  0]LogConfig: Setting CVar [[r.Shadow.RadiusThreshold:0.01]]
[2026.08.25-01.32.29:308][  0]LogConfig: Setting CVar [[r.Shadow.DistanceScale:1.0]]
[2026.08.25-01.32.29:308][  0]LogConfig: Setting CVar [[r.Shadow.CSM.TransitionScale:1.0]]
[2026.08.25-01.32.29:308][  0]LogConfig: Setting CVar [[r.Shadow.PreShadowResolutionFactor:1.0]]
[2026.08.25-01.32.29:308][  0]LogConfig: Setting CVar [[r.DistanceFieldShadowing:1]]
[2026.08.25-01.32.29:308][  0]LogConfig: Setting CVar [[r.DistanceFieldAO:1]]
[2026.08.25-01.32.29:308][  0]LogConfig: Setting CVar [[r.AOQuality:2]]
[2026.08.25-01.32.29:308][  0]LogConfig: Setting CVar [[r.VolumetricFog:1]]
[2026.08.25-01.32.29:308][  0]LogConfig: Setting CVar [[r.VolumetricFog.GridPixelSize:8]]
[2026.08.25-01.32.29:308][  0]LogConfig: Setting CVar [[r.VolumetricFog.GridSizeZ:128]]
[2026.08.25-01.32.29:308][  0]LogConfig: Setting CVar [[r.VolumetricFog.HistoryMissSupersampleCount:4]]
[2026.08.25-01.32.29:308][  0]LogConfig: Setting CVar [[r.LightMaxDrawDistanceScale:1]]
[2026.08.25-01.32.29:308][  0]LogConfig: Setting CVar [[r.CapsuleShadows:1]]
[2026.08.25-01.32.29:308][  0]LogConfig: Applying CVar settings from Section [PostProcessQuality@3] File [E:/_Alex's Data/Unreal Engine/Unreal Projects/Brackeys2026/Brackeys-2026/BrackeysJam2026/Saved/Config/Windows/Scalability.ini]
[2026.08.25-01.32.29:308][  0]LogConfig: Setting CVar [[r.MotionBlurQuality:4]]
[2026.08.25-01.32.29:308][  0]LogConfig: Setting CVar [[r.AmbientOcclusionMipLevelFactor:0.4]]
[2026.08.25-01.32.29:308][  0]LogConfig: Setting CVar [[r.AmbientOcclusionMaxQuality:100]]
[2026.08.25-01.32.29:308][  0]LogConfig: Setting CVar [[r.AmbientOcclusionLevels:-1]]
[2026.08.25-01.32.29:308][  0]LogConfig: Setting CVar [[r.AmbientOcclusionRadiusScale:1.0]]
[2026.08.25-01.32.29:308][  0]LogConfig: Setting CVar [[r.DepthOfFieldQuality:2]]
[2026.08.25-01.32.29:308][  0]LogConfig: Setting CVar [[r.RenderTargetPoolMin:400]]
[2026.08.25-01.32.29:308][  0]LogConfig: Setting CVar [[r.LensFlareQuality:2]]
[2026.08.25-01.32.29:308][  0]LogConfig: Setting CVar [[r.SceneColorFringeQuality:1]]
[2026.08.25-01.32.29:308][  0]LogConfig: Setting CVar [[r.EyeAdaptationQuality:2]]
[2026.08.25-01.32.29:308][  0]LogConfig: Setting CVar [[r.BloomQuality:5]]
[2026.08.25-01.32.29:308][  0]LogConfig: Setting CVar [[r.FastBlurThreshold:100]]
[2026.08.25-01.32.29:308][  0]LogConfig: Setting CVar [[r.Upscale.Quality:3]]
[2026.08.25-01.32.29:308][  0]LogConfig: Setting CVar [[r.Tonemapper.GrainQuantization:1]]
[2026.08.25-01.32.29:308][  0]LogConfig: Setting CVar [[r.LightShaftQuality:1]]
[2026.08.25-01.32.29:308][  0]LogConfig: Setting CVar [[r.Filter.SizeScale:1]]
[2026.08.25-01.32.29:308][  0]LogConfig: Setting CVar [[r.Tonemapper.Quality:5]]
[2026.08.25-01.32.29:308][  0]LogConfig: Setting CVar [[r.DOF.Gather.AccumulatorQuality:1        ; higher gathering accumulator quality]]
[2026.08.25-01.32.29:308][  0]LogConfig: Setting CVar [[r.DOF.Gather.PostfilterMethod:1          ; Median3x3 postfilering method]]
[2026.08.25-01.32.29:308][  0]LogConfig: Setting CVar [[r.DOF.Gather.EnableBokehSettings:0       ; no bokeh simulation when gathering]]
[2026.08.25-01.32.29:308][  0]LogConfig: Setting CVar [[r.DOF.Gather.RingCount:4                 ; medium number of samples when gathering]]
[2026.08.25-01.32.29:308][  0]LogConfig: Setting CVar [[r.DOF.Scatter.ForegroundCompositing:1    ; additive foreground scattering]]
[2026.08.25-01.32.29:308][  0]LogConfig: Setting CVar [[r.DOF.Scatter.BackgroundCompositing:2    ; additive background scattering]]
[2026.08.25-01.32.29:308][  0]LogConfig: Setting CVar [[r.DOF.Scatter.EnableBokehSettings:1      ; bokeh simulation when scattering]]
[2026.08.25-01.32.29:308][  0]LogConfig: Setting CVar [[r.DOF.Scatter.MaxSpriteRatio:0.1         ; only a maximum of 10% of scattered bokeh]]
[2026.08.25-01.32.29:308][  0]LogConfig: Setting CVar [[r.DOF.Recombine.Quality:1                ; cheap slight out of focus]]
[2026.08.25-01.32.29:308][  0]LogConfig: Setting CVar [[r.DOF.Recombine.EnableBokehSettings:0    ; no bokeh simulation on slight out of focus]]
[2026.08.25-01.32.29:308][  0]LogConfig: Setting CVar [[r.DOF.TemporalAAQuality:1                ; more stable temporal accumulation]]
[2026.08.25-01.32.29:308][  0]LogConfig: Setting CVar [[r.DOF.Kernel.MaxForegroundRadius:0.025]]
[2026.08.25-01.32.29:308][  0]LogConfig: Setting CVar [[r.DOF.Kernel.MaxBackgroundRadius:0.025]]
[2026.08.25-01.32.29:308][  0]LogConfig: Applying CVar settings from Section [TextureQuality@3] File [E:/_Alex's Data/Unreal Engine/Unreal Projects/Brackeys2026/Brackeys-2026/BrackeysJam2026/Saved/Config/Windows/Scalability.ini]
[2026.08.25-01.32.29:308][  0]LogConfig: Setting CVar [[r.Streaming.MipBias:0]]
[2026.08.25-01.32.29:308][  0]LogConfig: Setting CVar [[r.Streaming.AmortizeCPUToGPUCopy:0]]
[2026.08.25-01.32.29:308][  0]LogConfig: Setting CVar [[r.Streaming.MaxNumTexturesToStreamPerFrame:0]]
[2026.08.25-01.32.29:308][  0]LogConfig: Setting CVar [[r.Streaming.Boost:1]]
[2026.08.25-01.32.29:308][  0]LogConfig: Setting CVar [[r.MaxAnisotropy:8]]
[2026.08.25-01.32.29:308][  0]LogConfig: Setting CVar [[r.VT.MaxAnisotropy:8]]
[2026.08.25-01.32.29:308][  0]LogConfig: Setting CVar [[r.Streaming.LimitPoolSizeToVRAM:0]]
[2026.08.25-01.32.29:308][  0]LogConfig: Setting CVar [[r.Streaming.PoolSize:1000]]
[2026.08.25-01.32.29:308][  0]LogConfig: Setting CVar [[r.Streaming.MaxEffectiveScreenSize:0]]
[2026.08.25-01.32.29:308][  0]LogConfig: Applying CVar settings from Section [EffectsQuality@3] File [E:/_Alex's Data/Unreal Engine/Unreal Projects/Brackeys2026/Brackeys-2026/BrackeysJam2026/Saved/Config/Windows/Scalability.ini]
[2026.08.25-01.32.29:308][  0]LogConfig: Setting CVar [[r.TranslucencyLightingVolumeDim:64]]
[2026.08.25-01.32.29:308][  0]LogConfig: Setting CVar [[r.RefractionQuality:2]]
[2026.08.25-01.32.29:308][  0]LogConfig: Setting CVar [[r.SSR.Quality:3]]
[2026.08.25-01.32.29:308][  0]LogConfig: Setting CVar [[r.SSR.HalfResSceneColor:0]]
[2026.08.25-01.32.29:308][  0]LogConfig: Setting CVar [[r.SceneColorFormat:4]]
[2026.08.25-01.32.29:308][  0]LogConfig: Setting CVar [[r.DetailMode:2]]
[2026.08.25-01.32.29:308][  0]LogConfig: Setting CVar [[r.TranslucencyVolumeBlur:1]]
[2026.08.25-01.32.29:308][  0]LogConfig: Setting CVar [[r.MaterialQualityLevel:1 ; High quality]]
[2026.08.25-01.32.29:308][  0]LogConfig: Setting CVar [[r.AnisotropicMaterials:1]]
[2026.08.25-01.32.29:308][  0]LogConfig: Setting CVar [[r.SSS.Scale:1]]
[2026.08.25-01.32.29:308][  0]LogConfig: Setting CVar [[r.SSS.SampleSet:2]]
[2026.08.25-01.32.29:308][  0]LogConfig: Setting CVar [[r.SSS.Quality:1]]
[2026.08.25-01.32.29:308][  0]LogConfig: Setting CVar [[r.SSS.HalfRes:0]]
[2026.08.25-01.32.29:308][  0]LogConfig: Setting CVar [[r.SSGI.Quality:3]]
[2026.08.25-01.32.29:308][  0]LogConfig: Setting CVar [[r.EmitterSpawnRateScale:1.0]]
[2026.08.25-01.32.29:308][  0]LogConfig: Setting CVar [[r.ParticleLightQuality:2]]
[2026.08.25-01.32.29:308][  0]LogConfig: Setting CVar [[r.SkyAtmosphere.AerialPerspectiveLUT.FastApplyOnOpaque:1 ; Always have FastSkyLUT 1 in this case to avoid wrong sky]]
[2026.08.25-01.32.29:308][  0]LogConfig: Setting CVar [[r.SkyAtmosphere.AerialPerspectiveLUT.SampleCountMaxPerSlice:4]]
[2026.08.25-01.32.29:308][  0]LogConfig: Setting CVar [[r.SkyAtmosphere.AerialPerspectiveLUT.DepthResolution:16.0]]
[2026.08.25-01.32.29:308][  0]LogConfig: Setting CVar [[r.SkyAtmosphere.FastSkyLUT:1]]
[2026.08.25-01.32.29:308][  0]LogConfig: Setting CVar [[r.SkyAtmosphere.FastSkyLUT.SampleCountMin:4.0]]
[2026.08.25-01.32.29:308][  0]LogConfig: Setting CVar [[r.SkyAtmosphere.FastSkyLUT.SampleCountMax:128.0]]
[2026.08.25-01.32.29:308][  0]LogConfig: Setting CVar [[r.SkyAtmosphere.SampleCountMin:4.0]]
[2026.08.25-01.32.29:308][  0]LogConfig: Setting CVar [[r.SkyAtmosphere.SampleCountMax:128.0]]
[2026.08.25-01.32.29:308][  0]LogConfig: Setting CVar [[r.SkyAtmosphere.TransmittanceLUT.UseSmallFormat:0]]
[2026.08.25-01.32.29:308][  0]LogConfig: Setting CVar [[r.SkyAtmosphere.TransmittanceLUT.SampleCount:10.0]]
[2026.08.25-01.32.29:308][  0]LogConfig: Setting CVar [[r.SkyAtmosphere.MultiScatteringLUT.SampleCount:15.0]]
[2026.08.25-01.32.29:308][  0]LogConfig: Setting CVar [[r.SkyLight.RealTimeReflectionCapture:1]]
[2026.08.25-01.32.29:308][  0]LogConfig: Applying CVar settings from Section [FoliageQuality@3] File [E:/_Alex's Data/Unreal Engine/Unreal Projects/Brackeys2026/Brackeys-2026/BrackeysJam2026/Saved/Config/Windows/Scalability.ini]
[2026.08.25-01.32.29:308][  0]LogConfig: Setting CVar [[foliage.DensityScale:1.0]]
[2026.08.25-01.32.29:308][  0]LogConfig: Setting CVar [[grass.DensityScale:1.0]]
[2026.08.25-01.32.29:308][  0]LogConfig: Applying CVar settings from Section [ShadingQuality@3] File [E:/_Alex's Data/Unreal Engine/Unreal Projects/Brackeys2026/Brackeys-2026/BrackeysJam2026/Saved/Config/Windows/Scalability.ini]
[2026.08.25-01.32.29:308][  0]LogConfig: Setting CVar [[r.HairStrands.SkyLighting.IntegrationType:2]]
[2026.08.25-01.32.29:308][  0]LogConfig: Setting CVar [[r.HairStrands.SkyAO.SampleCount:4]]
[2026.08.25-01.32.29:308][  0]LogConfig: Setting CVar [[r.HairStrands.Visibility.MSAA.SamplePerPixel:4]]
[2026.08.25-01.32.29:308][  0]LogConfig: Applying CVar settings from Section [Startup] File [../../../Engine/Config/ConsoleVariables.ini]
[2026.08.25-01.32.29:309][  0]LogConfig: Setting CVar [[net.UseAdaptiveNetUpdateFrequency:0]]
[2026.08.25-01.32.29:309][  0]LogConfig: Setting CVar [[p.chaos.AllowCreatePhysxBodies:1]]
[2026.08.25-01.32.29:309][  0]LogConfig: Setting CVar [[fx.SkipVectorVMBackendOptimizations:1]]
[2026.08.25-01.32.29:309][  0]LogConfig: Applying CVar settings from Section [ConsoleVariables] File [E:/_Alex's Data/Unreal Engine/Unreal Projects/Brackeys2026/Brackeys-2026/BrackeysJam2026/Saved/Config/Windows/Engine.ini]
[2026.08.25-01.32.29:309][  0]LogConfig: Applying CVar settings from Section [ConsoleVariables] File [E:/_Alex's Data/Unreal Engine/Unreal Projects/Brackeys2026/Brackeys-2026/BrackeysJam2026/Saved/Config/Windows/Editor.ini]
[2026.08.25-01.32.29:309][  0]LogInit: Computer: LAPTOP-EB09ONFM
[2026.08.25-01.32.29:309][  0]LogInit: User: AlexT
[2026.08.25-01.32.29:309][  0]LogInit: CPU Page size=4096, Cores=8
[2026.08.25-01.32.29:309][  0]LogInit: High frequency timer resolution =10.000000 MHz
[2026.08.25-01.32.29:309][  0]LogMemory: Memory total: Physical=31.3GB (32GB approx)
[2026.08.25-01.32.29:309][  0]LogMemory: Platform Memory Stats for Windows
[2026.08.25-01.32.29:309][  0]LogMemory: Process Physical Memory: 160.28 MB used, 160.28 MB peak
[2026.08.25-01.32.29:309][  0]LogMemory: Process Virtual Memory: 134.18 MB used, 134.18 MB peak
[2026.08.25-01.32.29:309][  0]LogMemory: Physical Memory: 15628.81 MB used,  16451.96 MB free, 32080.77 MB total
[2026.08.25-01.32.29:309][  0]LogMemory: Virtual Memory: 134198392.00 MB used,  19335.86 MB free, 134217728.00 MB total
[2026.08.25-01.32.29:315][  0]LogWindows: WindowsPlatformFeatures enabled
[2026.08.25-01.32.29:331][  0]LogInit: Physics initialised using underlying interface: PhysX
[2026.08.25-01.32.29:332][  0]LogInit: Using OS detected language (en-US).
[2026.08.25-01.32.29:332][  0]LogInit: Using OS detected locale (en-US).
[2026.08.25-01.32.29:336][  0]LogTextLocalizationManager: No specific localization for 'en-US' exists, so the 'en' localization will be used.
[2026.08.25-01.32.29:463][  0]LogInit: Setting process to per monitor DPI aware
[2026.08.25-01.32.29:474][  0]LogWindowsTextInputMethodSystem: Display: IME system deactivated.
[2026.08.25-01.32.29:485][  0]LogSlate: New Slate User Created.  User Index 0, Is Virtual User: 0
[2026.08.25-01.32.29:485][  0]LogSlate: Slate User Registered.  User Index 0, Is Virtual User: 0
[2026.08.25-01.32.29:580][  0]LogD3D11RHI: Loaded GFSDK_Aftermath_Lib.x64.dll
[2026.08.25-01.32.29:603][  0]LogHMD: Failed to initialize OpenVR with code 110
[2026.08.25-01.32.29:603][  0]LogD3D11RHI: D3D11 min allowed feature level: 11_0
[2026.08.25-01.32.29:603][  0]LogD3D11RHI: D3D11 max allowed feature level: 11_0
[2026.08.25-01.32.29:603][  0]LogD3D11RHI: D3D11 adapters:
[2026.08.25-01.32.29:696][  0]LogD3D11RHI:    0. 'AMD Radeon 780M Graphics' (Feature Level 11_0)
[2026.08.25-01.32.29:696][  0]LogD3D11RHI:       421/0/16040 MB DedicatedVideo/DedicatedSystem/SharedSystem, Outputs:1, VendorId:0x1002
[2026.08.25-01.32.29:703][  0]LogD3D11RHI:    1. 'Microsoft Basic Render Driver' (Feature Level 11_0)
[2026.08.25-01.32.29:703][  0]LogD3D11RHI:       0/0/16040 MB DedicatedVideo/DedicatedSystem/SharedSystem, Outputs:0, VendorId:0x1414
[2026.08.25-01.32.29:703][  0]LogD3D11RHI: Chosen D3D11 Adapter:
[2026.08.25-01.32.29:703][  0]LogD3D11RHI:     Description : AMD Radeon 780M Graphics
[2026.08.25-01.32.29:703][  0]LogD3D11RHI:     VendorId    : 1002
[2026.08.25-01.32.29:703][  0]LogD3D11RHI:     DeviceId    : 1900
[2026.08.25-01.32.29:703][  0]LogD3D11RHI:     SubSysId    : 1241002
[2026.08.25-01.32.29:703][  0]LogD3D11RHI:     Revision    : 00d5
[2026.08.25-01.32.29:703][  0]LogD3D11RHI:     DedicatedVideoMemory : 441671680 bytes
[2026.08.25-01.32.29:703][  0]LogD3D11RHI:     DedicatedSystemMemory : 0 bytes
[2026.08.25-01.32.29:703][  0]LogD3D11RHI:     SharedSystemMemory : 16819564544 bytes
[2026.08.25-01.32.29:703][  0]LogD3D11RHI:     AdapterLuid : 0 66722
[2026.08.25-01.32.29:712][  0]LogD3D11RHI: Creating new Direct3DDevice
[2026.08.25-01.32.29:712][  0]LogD3D11RHI:     GPU DeviceId: 0x1900 (for the marketing name, search the web for "GPU Device Id")
[2026.08.25-01.32.29:712][  0]LogWindows: EnumDisplayDevices:
[2026.08.25-01.32.29:713][  0]LogWindows:    0. 'AMD Radeon 780M Graphics' (P:1 D:1)
[2026.08.25-01.32.29:713][  0]LogWindows:    1. 'AMD Radeon 780M Graphics' (P:0 D:0)
[2026.08.25-01.32.29:714][  0]LogWindows:    2. 'AMD Radeon 780M Graphics' (P:0 D:0)
[2026.08.25-01.32.29:714][  0]LogWindows:    3. 'AMD Radeon 780M Graphics' (P:0 D:0)
[2026.08.25-01.32.29:715][  0]LogWindows:    4. 'AMD Radeon 780M Graphics' (P:0 D:0)
[2026.08.25-01.32.29:715][  0]LogWindows: DebugString: FoundDriverCount:5 
[2026.08.25-01.32.29:715][  0]LogD3D11RHI:     Adapter Name: AMD Radeon 780M Graphics
[2026.08.25-01.32.29:715][  0]LogD3D11RHI:   Driver Version: AMD Software: Adrenalin Edition 26.7.1 (internal:32.0.31035.1003, unified:32.0.31035.1003)
[2026.08.25-01.32.29:715][  0]LogD3D11RHI:      Driver Date: 7-24-2026
[2026.08.25-01.32.29:715][  0]LogRHI: Texture pool is 10985 MB (70% of 15693 MB)
[2026.08.25-01.32.29:746][  0]LogD3D11RHI: Creating D3DDevice with AMD AGS, using adapter:
[2026.08.25-01.32.29:746][  0]LogD3D11RHI:     Description : AMD Radeon 780M Graphics
[2026.08.25-01.32.29:746][  0]LogD3D11RHI:     VendorId    : 1002
[2026.08.25-01.32.29:746][  0]LogD3D11RHI:     DeviceId    : 1900
[2026.08.25-01.32.29:746][  0]LogD3D11RHI:     SubSysId    : 1241002
[2026.08.25-01.32.29:746][  0]LogD3D11RHI:     Revision    : 00d5
[2026.08.25-01.32.29:746][  0]LogD3D11RHI:     DedicatedVideoMemory : 441671680 bytes
[2026.08.25-01.32.29:746][  0]LogD3D11RHI:     DedicatedSystemMemory : 0 bytes
[2026.08.25-01.32.29:746][  0]LogD3D11RHI:     SharedSystemMemory : 16819564544 bytes
[2026.08.25-01.32.29:746][  0]LogD3D11RHI:     AdapterLuid : 0 66722
[2026.08.25-01.32.29:840][  0]LogD3D11RHI: Created device via AGS, feature level 11_0, supported extensions 1fffffbf.
[2026.08.25-01.32.29:841][  0]LogD3D11RHI: RHI has support for 64 bit atomics
[2026.08.25-01.32.29:841][  0]LogD3D11RHI: Async texture creation enabled
[2026.08.25-01.32.29:841][  0]LogD3D11RHI: Array index from any shader is supported
[2026.08.25-01.32.29:852][  0]LogD3D11RHI: GPU Timing Frequency: 100.000000 (Debug: 2 1)
[2026.08.25-01.32.30:092][  0]LogTargetPlatformManager: Display: Loaded TargetPlatform 'AllDesktop'
[2026.08.25-01.32.30:107][  0]LogTargetPlatformManager: Display: Loaded TargetPlatform 'Android'
[2026.08.25-01.32.30:107][  0]LogTargetPlatformManager: Display: Loaded TargetPlatform 'Android_ASTC'
[2026.08.25-01.32.30:107][  0]LogTargetPlatformManager: Display: Loaded TargetPlatform 'Android_DXT'
[2026.08.25-01.32.30:107][  0]LogTargetPlatformManager: Display: Loaded TargetPlatform 'Android_ETC2'
[2026.08.25-01.32.30:107][  0]LogTargetPlatformManager: Display: Loaded TargetPlatform 'AndroidClient'
[2026.08.25-01.32.30:107][  0]LogTargetPlatformManager: Display: Loaded TargetPlatform 'Android_ASTCClient'
[2026.08.25-01.32.30:107][  0]LogTargetPlatformManager: Display: Loaded TargetPlatform 'Android_DXTClient'
[2026.08.25-01.32.30:107][  0]LogTargetPlatformManager: Display: Loaded TargetPlatform 'Android_ETC2Client'
[2026.08.25-01.32.30:107][  0]LogTargetPlatformManager: Display: Loaded TargetPlatform 'Android_Multi'
[2026.08.25-01.32.30:107][  0]LogTargetPlatformManager: Display: Loaded TargetPlatform 'Android_MultiClient'
[2026.08.25-01.32.30:119][  0]LogTargetPlatformManager: Display: Loaded TargetPlatform 'IOSClient'
[2026.08.25-01.32.30:119][  0]LogTargetPlatformManager: Display: Loaded TargetPlatform 'IOS'
[2026.08.25-01.32.30:127][  0]LogTargetPlatformManager: Display: Loaded TargetPlatform 'Linux'
[2026.08.25-01.32.30:130][  0]LogTargetPlatformManager: Display: Loaded TargetPlatform 'LinuxNoEditor'
[2026.08.25-01.32.30:133][  0]LogTargetPlatformManager: Display: Loaded TargetPlatform 'LinuxClient'
[2026.08.25-01.32.30:135][  0]LogTargetPlatformManager: Display: Loaded TargetPlatform 'LinuxServer'
[2026.08.25-01.32.30:142][  0]LogTargetPlatformManager: Display: Loaded TargetPlatform 'LinuxAArch64NoEditor'
[2026.08.25-01.32.30:146][  0]LogTargetPlatformManager: Display: Loaded TargetPlatform 'LinuxAArch64Client'
[2026.08.25-01.32.30:149][  0]LogTargetPlatformManager: Display: Loaded TargetPlatform 'LinuxAArch64Server'
[2026.08.25-01.32.30:165][  0]LogTargetPlatformManager: Display: Loaded TargetPlatform 'Lumin'
[2026.08.25-01.32.30:165][  0]LogTargetPlatformManager: Display: Loaded TargetPlatform 'LuminClient'
[2026.08.25-01.32.30:171][  0]LogTargetPlatformManager: Display: Loaded TargetPlatform 'MacNoEditor'
[2026.08.25-01.32.30:174][  0]LogTargetPlatformManager: Display: Loaded TargetPlatform 'Mac'
[2026.08.25-01.32.30:177][  0]LogTargetPlatformManager: Display: Loaded TargetPlatform 'MacClient'
[2026.08.25-01.32.30:180][  0]LogTargetPlatformManager: Display: Loaded TargetPlatform 'MacServer'
[2026.08.25-01.32.30:186][  0]LogTargetPlatformManager: Display: Loaded TargetPlatform 'TVOSClient'
[2026.08.25-01.32.30:186][  0]LogTargetPlatformManager: Display: Loaded TargetPlatform 'TVOS'
[2026.08.25-01.32.30:191][  0]LogTargetPlatformManager: Display: Loaded TargetPlatform 'WindowsNoEditor'
[2026.08.25-01.32.30:196][  0]LogTargetPlatformManager: Display: Loaded TargetPlatform 'Windows'
[2026.08.25-01.32.30:199][  0]LogTargetPlatformManager: Display: Loaded TargetPlatform 'WindowsClient'
[2026.08.25-01.32.30:202][  0]LogTargetPlatformManager: Display: Loaded TargetPlatform 'WindowsServer'
[2026.08.25-01.32.30:202][  0]LogTargetPlatformManager: Display: Building Assets For Windows
[2026.08.25-01.32.30:207][  0]LogAudioDebug: Display: Lib vorbis DLL was dynamically loaded.
[2026.08.25-01.32.30:230][  0]LogTextureFormatOodle: Display: Oodle Texture 2.9.0 init RDO Off
[2026.08.25-01.32.30:253][  0]LogRendererCore: Ray tracing is disabled. Reason: r.RayTracing=0.
[2026.08.25-01.32.30:253][  0]LogShaderCompilers: Guid format shader working directory is -42 characters bigger than the processId version (E:/_Alex's Data/Unreal Engine/Unreal Projects/Brackeys2026/Brackeys-2026/BrackeysJam2026/Intermediate/Shaders/WorkingDirectory/25496/).
[2026.08.25-01.32.30:254][  0]LogShaderCompilers: Cleaned the shader compiler working directory 'C:/Users/Alex T/AppData/Local/Temp/UnrealShaderWorkingDir/C1AE54984C2B145883D2B78D5BFEBC77/'.
[2026.08.25-01.32.30:254][  0]LogXGEController: Cannot use XGE Controller as Incredibuild is not installed on this machine.
[2026.08.25-01.32.30:254][  0]LogShaderCompilers: Cannot use XGE Shader Compiler as Incredibuild is not installed on this machine.
[2026.08.25-01.32.30:254][  0]LogShaderCompilers: Display: Using Local Shader Compiler.
[2026.08.25-01.32.30:724][  0]LogDerivedDataCache: Display: Max Cache Size: 512 MB
[2026.08.25-01.32.30:757][  0]LogDerivedDataCache: Loaded boot cache 0.03s 94MB C:/Users/Alex T/AppData/Local/UnrealEngine/4.27/DerivedDataCache/Boot.ddc.
[2026.08.25-01.32.30:758][  0]LogDerivedDataCache: Display: Loaded Boot cache: C:/Users/Alex T/AppData/Local/UnrealEngine/4.27/DerivedDataCache/Boot.ddc
[2026.08.25-01.32.30:758][  0]LogDerivedDataCache: FDerivedDataBackendGraph:  Pak pak cache file E:/_Alex's Data/Unreal Engine/Unreal Projects/Brackeys2026/Brackeys-2026/BrackeysJam2026/DerivedDataCache/DDC.ddp not found, will not use a pak cache.
[2026.08.25-01.32.30:758][  0]LogDerivedDataCache: Unable to find inner node Pak for hierarchical cache Hierarchy.
[2026.08.25-01.32.30:758][  0]LogDerivedDataCache: FDerivedDataBackendGraph:  CompressedPak pak cache file E:/_Alex's Data/Unreal Engine/Unreal Projects/Brackeys2026/Brackeys-2026/BrackeysJam2026/DerivedDataCache/Compressed.ddp not found, will not use a pak cache.
[2026.08.25-01.32.30:758][  0]LogDerivedDataCache: Unable to find inner node CompressedPak for hierarchical cache Hierarchy.
[2026.08.25-01.32.30:771][  0]LogDerivedDataCache: Display: Pak cache opened for reading ../../../Engine/DerivedDataCache/Compressed.ddp.
[2026.08.25-01.32.30:771][  0]LogDerivedDataCache: FDerivedDataBackendGraph:  EnterprisePak pak cache file ../../../Enterprise/DerivedDataCache/Compressed.ddp not found, will not use a pak cache.
[2026.08.25-01.32.30:771][  0]LogDerivedDataCache: Unable to find inner node EnterprisePak for hierarchical cache Hierarchy.
[2026.08.25-01.32.30:777][  0]LogDerivedDataCache: Speed tests for C:/Users/Alex T/AppData/Local/UnrealEngine/Common/DerivedDataCache took 0.01 seconds
[2026.08.25-01.32.30:777][  0]LogDerivedDataCache: Display: Performance to C:/Users/Alex T/AppData/Local/UnrealEngine/Common/DerivedDataCache: Latency=0.02ms. RandomReadSpeed=1568.83MBs, RandomWriteSpeed=203.89MBs. Assigned SpeedClass 'Local'
[2026.08.25-01.32.30:778][  0]LogDerivedDataCache: Using Local data cache path C:/Users/Alex T/AppData/Local/UnrealEngine/Common/DerivedDataCache: Writable
[2026.08.25-01.32.30:778][  0]LogDerivedDataCache: Shared data cache path not found in *engine.ini, will not use an Shared cache.
[2026.08.25-01.32.30:778][  0]LogDerivedDataCache: Unable to find inner node Shared for hierarchical cache Hierarchy.
[2026.08.25-01.32.30:811][  0]LogSlate: Using FreeType 2.10.0
[2026.08.25-01.32.30:812][  0]LogSlate: SlateFontServices - WITH_FREETYPE: 1, WITH_HARFBUZZ: 1
[2026.08.25-01.32.30:830][  0]LogAssetRegistry: FAssetRegistry took 0.0022 seconds to start up
[2026.08.25-01.32.31:002][  0]LogInit: Selected Device Profile: [Windows]
[2026.08.25-01.32.31:002][  0]LogInit: Active device profile: [00000198D58FBC00][00000198D6710200 49] Windows
[2026.08.25-01.32.31:002][  0]LogInit: Profiles: [00000198D58FBC00][00000198D6710200 49] Windows, [00000198D58B0500][00000198D67184C0 49] WindowsNoEditor, [00000198D58F8500][00000198D671C780 49] WindowsServer, [00000198D58B3600][00000198D6720A40 49] WindowsClient, [00000198D58FB500][00000198D6714CC0 49] IOS, [00000198D58B0E00][00000198D6724F40 49] iPadAir, [00000198D58F8D00][00000198D672D200 49] iPadAir2, [00000198D5870600][00000198D6741740 49] IPadPro, [00000198D5870700][00000198D6731780 49] iPadAir3, [00000198D58FAF00][00000198D6739A40 49] iPadAir4, [00000198D5873A00][00000198D6734180 49] iPadMini2, [00000198D58F9100][00000198D673C440 49] iPadMini3, [00000198D5871600][00000198D6744700 49] iPadMini4, [00000198D58FA800][00000198D67489C0 49] iPadMini5, [00000198D586BE00][00000198CE4F4EC0 49] iPhone6, [00000198D586BF00][00000198D674CF00 49] iPodTouch6, [00000198D58B3400][00000198CE569400 49] iPhone7, [00000198D58B2E00][00000198D6729440 49] iPodTouch7, [00000198D5868A00][00000198CE525700 49] iPhone5S, [00000198D58B2400][00000198D68679C0 49] iPhone6Plus, [00000198D586B000][00000198CE564100 49] iPhone6S, [00000198D58B0F00][00000198CE2F43C0 49] iPhone6SPlus, [00000198D5869100][00000198D4000680 49] iPhone7Plus, [00000198D58B3800][00000198D6B4C940 49] iPhoneSE, [00000198D586A900][00000198D6B5CC00 49] iPhone8, [00000198D58B1300][00000198D6764EC0 49] iPhone8Plus, [00000198D5869800][00000198D686B140 49] iPhoneX, [00000198D58B3000][00000198D678F3C0 49] iPhoneXS, [00000198D586BD00][00000198D67C7680 49] iPhoneXSMax, [00000198D58B1C00][00000198D67CB940 49] iPhoneXR, [00000198D5868700][00000198D6825C00 49] iPhone11, [00000198D58B2B00][00000198D6828340 49] iPhone11Pro, [00000198D586B400][00000198D682C600 49] iPhone11ProMax, [00000198D58B0700][00000198D68508C0 49] iPhoneSE2, [00000198D586AD00][00000198D6854B80 49] iPhone12Mini, [00000198D58B2A00][00000198D6858E40 49] iPhone12, [00000198D5869300][00000198D685D100 49] iPhone12Pro, [00000198D58B1F00][00000198D67C3380 49] iPhone12ProMax, [00000198D5868900][00000198D40A7640 49] iPadPro105, [00000198D58B0400][00000198D40AB900 49] iPadPro129, [00000198D586B300][00000198CE379BC0 49] iPadPro97, [00000198D58B1100][00000198CE37C300 49] iPadPro2_129, [00000198D5869200][00000198CE3845C0 49] iPad5, [00000198D58B1A00][00000198CE0B2880 49] iPad6, [00000198D5868D00][00000198D777AB40 49] iPad7, [00000198D58B0B00][00000198D7782E00 49] iPad8, [00000198D5868300][00000198D778B0C0 49] iPadPro11, [00000198D58B0100][00000198D6861340 49] iPadPro2_11, [00000198D5868E00][00000198D6A935C0 49] iPadPro3_129, [00000198D58B3500][00000198D6A9B880 49] iPadPro4_129, [00000198D5869D00][00000198D6AB7B40 49] AppleTV, [00000198D58B0900][00000198D6ABA280 49] AppleTV4K, [00000198D5868600][00000198D6ABE540 49] TVOS, [00000198D58B3E00][00000198D6AC2800 49] Mac, [00000198D5868B00][00000198D6AC6AC0 49] MacClient, [00000198D58B1D00][00000198CE2F8D80 49] MacNoEditor, [00000198D5868200][00000198CE2FD040 49] MacServer, [00000198D58B2500][00000198CE301300 49] Linux, [00000198D586A100][00000198D6A97580 49] LinuxAArch64, [00000198D58B2F00][00000198D6B47800 49] LinuxNoEditor, [00000198D586B700][00000198D7151AC0 49] LinuxAArch64NoEditor, [00000198D58B3300][00000198D7154200 49] LinuxClient, [00000198D5868F00][00000198D71944C0 49] LinuxAArch64Client, [00000198D58B1400][00000198CDD6C780 49] LinuxServer, [00000198D586B100][00000198CDD70A40 49] LinuxAArch64Server, [00000198D58B1500][00000198CDDB4D00 49] Android, [00000198D586B500][00000198CDDB8FC0 49] Android_Low, [00000198D58B3F00][00000198CDDEF280 49] Android_Mid, [00000198D586AB00][00000198CDDF3540 49] Android_High, [00000198D58F9400][00000198D714D7C0 49] Android_Default, [00000198D5932700][00000198CDDF7A40 49] Android_Adreno4xx, [00000198D58FBA00][00000198CDDFE180 49] Android_Adreno5xx_Low, [00000198D5930300][00000198CDD74440 49] Android_Adreno5xx, [00000198D58FB000][00000198CDDEA700 49] Android_Adreno6xx, [00000198D5931200][00000198CDE029C0 49] Android_Adreno6xx_Vulkan, [00000198D58F9B00][00000198D683CC80 49] Android_Mali_T6xx, [00000198D5931700][00000198D6840F40 49] Android_Mali_T7xx, [00000198D58F8A00][00000198D6845200 49] Android_Mali_T8xx, [00000198D5931100][00000198D68494C0 49] Android_Mali_G71, [00000198D58FAB00][00000198D684D780 49] Android_Mali_G72, [00000198D5931E00][00000198CDDFBA00 49] Android_Mali_G72_Vulkan, [00000198D58FB700][00000198D4080100 49] Android_Mali_G76, [00000198D5930500][00000198D40883C0 49] Android_Mali_G76_Vulkan, [00000198D58FAC00][00000198D408C680 49] Android_Mali_G77, [00000198D5932600][00000198D4090940 49] Android_Mali_G77_Vulkan, [00000198D58FBF00][00000198D4094C00 49] Android_Mali_G78, [00000198D5932D00][00000198D4098EC0 49] Android_Mali_G78_Vulkan, [00000198D58F8100][00000198D409D180 49] Android_Mali_G710, [00000198D5930400][00000198D40A1440 49] Android_Mali_G710_Vulkan, [00000198D586B800][00000198D6909700 49] Android_Vulkan_SM5, [00000198D5932200][00000198D690D9C0 49] Android_PowerVR_G6xxx, [00000198D586B600][00000198D40840C0 49] Android_PowerVR_GT7xxx, [00000198D5931B00][00000198D6910340 49] Android_PowerVR_GE8xxx, [00000198D586BA00][00000198D6918600 49] Android_PowerVR_GM9xxx, [00000198D5931000][00000198D691C8C0 49] Android_PowerVR_GM9xxx_Vulkan, [00000198D5868100][00000198D6920B80 49] Android_TegraK1, [00000198D5930D00][00000198D6924E40 49] Android_Unknown_Vulkan, [00000198D5868C00][00000198D6929100 49] Lumin, [00000198D5930C00][00000198D692D3C0 49] Lumin_Desktop, [00000198D5869C00][00000198D6931680 49] HoloLens, 
[2026.08.25-01.32.31:284][  0]LogMeshReduction: Using QuadricMeshReduction for automatic static mesh reduction
[2026.08.25-01.32.31:285][  0]LogMeshReduction: Using SimplygonMeshReduction for automatic skeletal mesh reduction
[2026.08.25-01.32.31:285][  0]LogMeshReduction: Using ProxyLODMeshReduction for automatic mesh merging
[2026.08.25-01.32.31:285][  0]LogMeshReduction: No distributed automatic mesh merging module available
[2026.08.25-01.32.31:285][  0]LogMeshMerging: No distributed automatic mesh merging module available
[2026.08.25-01.32.31:295][  0]LogNetVersion: BrackeysJam2026 1.0.0, NetCL: 17155196, EngineNetVer: 17, GameNetVer: 0 (Checksum: 1239153582)
[2026.08.25-01.32.31:553][  0]LogTexture: Default maximum texture size for cubemaps generated from long-lat sources has been changed from 512 to unlimited. In order to preserve old behaiour for '/Engine/MapTemplates/Sky/DaylightAmbientCubemap.DaylightAmbientCubemap', its maximum texture size has been explicitly set to 512.
[2026.08.25-01.32.31:585][  0]LogHMD: PokeAHoleMaterial loaded successfully
[2026.08.25-01.32.31:590][  0]LogUObjectArray: 17179 objects as part of root set at end of initial load.
[2026.08.25-01.32.31:590][  0]LogUObjectAllocator: 4302256 out of 0 bytes used by permanent object pool.
[2026.08.25-01.32.31:590][  0]LogUObjectArray: CloseDisregardForGC: 0/0 objects in disregard for GC pool
[2026.08.25-01.32.31:714][  0]LogNiagaraDebuggerClient: Niagara Debugger Client Initialized | Session: F5DAEC1B4EA3D3D82A3841B6A982D376 | Instance: 19055D9F43C1C0B57C2662AD6FF57458 (LAPTOP-EB09ONFM-25496).
[2026.08.25-01.32.31:869][  0]LogPython: Using Python 3.7.7
[2026.08.25-01.32.32:188][  0]LogTcpMessaging: Initializing TcpMessaging bridge
[2026.08.25-01.32.32:192][  0]LogUdpMessaging: Initializing bridge on interface 0.0.0.0:0 to multicast group 230.0.0.1:6666.
[2026.08.25-01.32.32:359][  0]SourceControl: Source control is disabled
[2026.08.25-01.32.32:359][  0]SourceControl: Source control is disabled
[2026.08.25-01.32.32:363][  0]SourceControl: Source control is disabled
[2026.08.25-01.32.32:365][  0]SourceControl: Source control is disabled
[2026.08.25-01.32.32:374][  0]SourceControl: Source control is disabled
[2026.08.25-01.32.32:376][  0]LogUProjectInfo: Found projects:
[2026.08.25-01.32.32:524][  0]LogOpenImageDenoise: OIDN starting up
[2026.08.25-01.32.32:565][  0]LogAndroidPermission: UAndroidPermissionCallbackProxy::GetInstance
[2026.08.25-01.32.32:574][  0]LogAudioCaptureCore: Display: No Audio Capture implementations found. Audio input will be silent.
[2026.08.25-01.32.32:574][  0]LogAudioCaptureCore: Display: No Audio Capture implementations found. Audio input will be silent.
[2026.08.25-01.32.32:666][  0]LogCollectionManager: Loaded 0 collections in 0.001158 seconds
[2026.08.25-01.32.32:685][  0]LogFileCache: Scanning file cache for directory 'E:/_Alex's Data/Unreal Engine/Unreal Projects/Brackeys2026/Brackeys-2026/BrackeysJam2026/Saved/Collections/' took 0.00s
[2026.08.25-01.32.32:685][  0]LogFileCache: Scanning file cache for directory 'E:/_Alex's Data/Unreal Engine/Unreal Projects/Brackeys2026/Brackeys-2026/BrackeysJam2026/Content/Developers/AlexT/Collections/' took 0.00s
[2026.08.25-01.32.32:685][  0]LogFileCache: Scanning file cache for directory 'E:/_Alex's Data/Unreal Engine/Unreal Projects/Brackeys2026/Brackeys-2026/BrackeysJam2026/Content/Collections/' took 0.00s
[2026.08.25-01.32.32:685][  0]LogOcInput: OculusInput pre-init called
[2026.08.25-01.32.32:855][  0]LogEngine: Initializing Engine...
[2026.08.25-01.32.32:857][  0]LogHMD: Failed to enumerate extensions. Please check that you have a valid OpenXR runtime installed.
[2026.08.25-01.32.32:858][  0]LogHMD: Failed to initialize OpenVR with code 110
[2026.08.25-01.32.32:858][  0]LogMagicLeap: Warning: VR disabled because ZI is not enabled.  To enable, in the editor, Edit -> Project Settings -> Plugins -> Magic Leap Plugin -> Enable Zero Iteration
[2026.08.25-01.32.32:858][  0]LogStats: UGameplayTagsManager::InitializeManager -  0.000 s
[2026.08.25-01.32.32:931][  0]LogInit: Initializing FReadOnlyCVARCache
[2026.08.25-01.32.32:939][  0]LogAIModule: Creating AISystem for world Untitled
[2026.08.25-01.32.32:940][  0]LogAudio: Display: Initializing Audio Device Manager...
[2026.08.25-01.32.32:942][  0]LogAudio: Display: Loading Default Audio Settings Objects...
[2026.08.25-01.32.32:942][  0]LogAudio: Display: No default SoundConcurrencyObject specified (or failed to load).
[2026.08.25-01.32.32:943][  0]LogAudio: Display: Audio Device Manager Initialized
[2026.08.25-01.32.32:943][  0]LogAudio: Display: Creating Audio Device:                 Id: 1, Scope: Shared, Realtime: True
[2026.08.25-01.32.32:943][  0]LogAudioMixer: Display: Audio Mixer Platform Settings:
[2026.08.25-01.32.32:943][  0]LogAudioMixer: Display: 	Sample Rate:						  48000
[2026.08.25-01.32.32:943][  0]LogAudioMixer: Display: 	Callback Buffer Frame Size Requested: 1024
[2026.08.25-01.32.32:943][  0]LogAudioMixer: Display: 	Callback Buffer Frame Size To Use:	  1024
[2026.08.25-01.32.32:943][  0]LogAudioMixer: Display: 	Number of buffers to queue:			  2
[2026.08.25-01.32.32:943][  0]LogAudioMixer: Display: 	Max Channels (voices):				  32
[2026.08.25-01.32.32:943][  0]LogAudioMixer: Display: 	Number of Async Source Workers:		  0
[2026.08.25-01.32.32:943][  0]LogAudio: Display: AudioDevice MaxSources: 32
[2026.08.25-01.32.32:943][  0]LogAudio: Display: Audio Spatialization Plugin: None (built-in).
[2026.08.25-01.32.32:943][  0]LogAudio: Display: Audio Reverb Plugin: None (built-in).
[2026.08.25-01.32.32:943][  0]LogAudio: Display: Audio Occlusion Plugin: None (built-in).
[2026.08.25-01.32.32:943][  0]LogAudioMixer: Display: Initializing audio mixer.
[2026.08.25-01.32.32:954][  0]LogAudioMixer: Display: 0: FrontLeft
[2026.08.25-01.32.32:954][  0]LogAudioMixer: Display: 1: FrontRight
[2026.08.25-01.32.32:987][  0]LogAudioMixer: Display: Using Audio Device Realtek HD Audio 2nd output (Realtek(R) Audio)
[2026.08.25-01.32.32:988][  0]LogAudioMixer: Display: Initializing Sound Submixes...
[2026.08.25-01.32.32:990][  0]LogAudioMixer: Display: Creating Master Submix 'MasterSubmixDefault'
[2026.08.25-01.32.32:990][  0]LogAudioMixer: Display: Creating Master Submix 'MasterReverbSubmixDefault'
[2026.08.25-01.32.32:990][  0]LogAudioMixer: Display: Creating Master Submix 'MasterEQSubmixDefault'
[2026.08.25-01.32.32:991][  0]LogAudioMixer: FMixerPlatformXAudio2::StartAudioStream() called
[2026.08.25-01.32.32:991][  0]LogAudioMixer: Display: Output buffers initialized: Frames=1024, Channels=2, Samples=2048
[2026.08.25-01.32.32:991][  0]LogAudioMixer: Display: Starting AudioMixerPlatformInterface::RunInternal()
[2026.08.25-01.32.32:991][  0]LogAudioMixer: Display: FMixerPlatformXAudio2::SubmitBuffer() called for the first time
[2026.08.25-01.32.32:991][  0]LogInit: FAudioDevice initialized.
[2026.08.25-01.32.32:991][  0]LogAudio: Display: Audio Device (ID: 1) registered with world 'Untitled'.
[2026.08.25-01.32.32:992][  0]LogNetVersion: Set ProjectVersion to 1.0.0.0. Version Checksum will be recalculated on next use.
[2026.08.25-01.32.33:030][  0]LogDerivedDataCache: Saved boot cache 0.04s 94MB C:/Users/Alex T/AppData/Local/UnrealEngine/4.27/DerivedDataCache/Boot.ddc.
[2026.08.25-01.32.33:030][  0]LogInit: Texture streaming: Enabled
[2026.08.25-01.32.33:040][  0]LogAnalytics: Display: [UEEditor.Rocket.Release] APIServer = https://datarouter.ol.epicgames.com/. AppVersion = 4.27.2-18319896+++UE4+Release-4.27
[2026.08.25-01.32.33:044][  0]LogEngineSessionManager: EngineSessionManager initialized
[2026.08.25-01.32.33:044][  0]LogEditorSessionSummary: Verbose: Initializing EditorSessionSummaryWriter for editor session tracking
[2026.08.25-01.32.33:048][  0]LogEditorSessionSummary: EditorSessionSummaryWriter initialized
[2026.08.25-01.32.33:370][  0]LogInit: Transaction tracking system initialized
[2026.08.25-01.32.33:384][  0]BlueprintLog: New page: Editor Load
[2026.08.25-01.32.33:436][  0]LocalizationService: Localization service is disabled
[2026.08.25-01.32.33:459][  0]TimingProfiler: Initialize
[2026.08.25-01.32.33:459][  0]TimingProfiler: OnSessionChanged
[2026.08.25-01.32.33:459][  0]LoadingProfiler: Initialize
[2026.08.25-01.32.33:459][  0]LoadingProfiler: OnSessionChanged
[2026.08.25-01.32.33:459][  0]NetworkingProfiler: Initialize
[2026.08.25-01.32.33:459][  0]NetworkingProfiler: OnSessionChanged
[2026.08.25-01.32.33:459][  0]MemoryProfiler: Initialize
[2026.08.25-01.32.33:459][  0]MemoryProfiler: OnSessionChanged
[2026.08.25-01.32.33:575][  0]LogCook: Display: CookSettings for Memory: MemoryMaxUsedVirtual 0MiB, MemoryMaxUsedPhysical 16384MiB, MemoryMinFreeVirtual 0MiB, MemoryMinFreePhysical 1024MiB
[2026.08.25-01.32.33:576][  0]LogCook: Display: Mobile HDR setting 1
[2026.08.25-01.32.33:729][  0]LogFileCache: Scanning file cache for directory 'E:/_Alex's Data/Unreal Engine/Unreal Projects/Brackeys2026/Brackeys-2026/BrackeysJam2026/Content/' took 0.00s
[2026.08.25-01.32.33:871][  0]LogInit: Display: Engine is initialized. Leaving FEngineLoop::Init()
[2026.08.25-01.32.33:875][  0]SourceControl: Source control is disabled
[2026.08.25-01.32.33:875][  0]LogUnrealEdMisc: Loading editor; pre map load, took 5.694
[2026.08.25-01.32.33:875][  0]Cmd: MAP LOAD FILE="E:/_Alex's Data/Unreal Engine/Unreal Projects/Brackeys2026/Brackeys-2026/BrackeysJam2026/Content/Brackeys2026/Levels/Brackeys2026Map.umap" TEMPLATE=0 SHOWPROGRESS=1 FEATURELEVEL=3
[2026.08.25-01.32.33:875][  0]LightingResults: New page: Lighting Build
[2026.08.25-01.32.33:876][  0]LogWorld: UWorld::CleanupWorld for Untitled, bSessionEnded=true, bCleanupResources=true
[2026.08.25-01.32.33:876][  0]LogSlate: InvalidateAllWidgets triggered.  All widgets were invalidated
[2026.08.25-01.32.33:876][  0]MapCheck: New page: Map Check
[2026.08.25-01.32.33:876][  0]LightingResults: New page: Lighting Build
[2026.08.25-01.32.33:882][  0]LogAudio: Display: Audio Device unregistered from world 'None'.
[2026.08.25-01.32.33:886][  0]LogUObjectHash: Compacting FUObjectHashTables data took   0.70ms
[2026.08.25-01.32.33:960][  0]LogAudio: Display: Audio Device (ID: 1) registered with world 'Brackeys2026Map'.
[2026.08.25-01.32.33:961][  0]LogAIModule: Creating AISystem for world Brackeys2026Map
[2026.08.25-01.32.33:964][  0]LogEditorServer: Finished looking for orphan Actors (0.000 secs)
[2026.08.25-01.32.33:987][  0]LogUObjectHash: Compacting FUObjectHashTables data took   0.61ms
[2026.08.25-01.32.33:987][  0]Cmd: MAP CHECKDEP NOCLEARLOG
[2026.08.25-01.32.33:987][  0]MapCheck: Map check complete: 0 Error(s), 0 Warning(s), took 0.171ms to complete.
[2026.08.25-01.32.33:987][  0]LogFileHelpers: Loading map 'Brackeys2026Map' took 0.112
[2026.08.25-01.32.33:989][  0]LogUnrealEdMisc: Total Editor Startup Time, took 5.808
[2026.08.25-01.32.34:113][  0]LogSlate: The tab "Cesium" attempted to spawn in layout 'LevelEditor_Layout_v1.2' but failed for some reason. It will not be displayed.
[2026.08.25-01.32.34:139][  0]LogSlate: Updating window title bar state: overlay mode, drag disabled, window buttons hidden, title bar hidden
[2026.08.25-01.32.34:144][  0]LogSlate: Updating window title bar state: overlay mode, drag disabled, window buttons hidden, title bar hidden
[2026.08.25-01.32.34:148][  0]LogSlate: Updating window title bar state: overlay mode, drag disabled, window buttons hidden, title bar hidden
[2026.08.25-01.32.34:152][  0]LogSlate: Updating window title bar state: overlay mode, drag disabled, window buttons hidden, title bar hidden
[2026.08.25-01.32.34:439][  0]LogSlate: Only BGRA pngs, bmps or icos are supported in by External Image Picker
[2026.08.25-01.32.34:494][  0]LogNativeClassHierarchy: Verbose: Native class hierarchy populated in 0.0078 seconds. Added 3824 classes and 931 folders.
[2026.08.25-01.32.34:497][  0]LogNativeClassHierarchy: Verbose: Native class hierarchy updated for 'WidgetCarousel' in 0.0003 seconds. Added 0 classes and 0 folders.
[2026.08.25-01.32.34:499][  0]LogPakFile: PakFile PrimaryIndexSize=187
[2026.08.25-01.32.34:499][  0]LogPakFile: PakFile PathHashIndexSize=101
[2026.08.25-01.32.34:499][  0]LogPakFile: PakFile FullDirectoryIndexSize=148
[2026.08.25-01.32.34:499][  0]LogShaderLibrary: Display: ShaderCodeLibraryPakFileMountedCallback: PakFile 'C:/Program Files/Epic Games/UE_4.27/FeaturePacks/FP_FirstPerson.upack' (chunk index -1, root 'root:/') mounted
[2026.08.25-01.32.34:499][  0]LogShaderLibrary: Display: ShaderCodeLibraryPakFileMountedCallback: pending pak file info (ChunkID:-1 Root:root:/ File:C:/Program Files/Epic Games/UE_4.27/FeaturePacks/FP_FirstPerson.upack)
[2026.08.25-01.32.34:499][  0]LogPakFile: OnPakFileMounted2Time == 0.000052
[2026.08.25-01.32.34:499][  0]LogPakFile: PakFile PrimaryIndexSize=189
[2026.08.25-01.32.34:499][  0]LogPakFile: PakFile PathHashIndexSize=101
[2026.08.25-01.32.34:499][  0]LogPakFile: PakFile FullDirectoryIndexSize=152
[2026.08.25-01.32.34:499][  0]LogShaderLibrary: Display: ShaderCodeLibraryPakFileMountedCallback: PakFile 'C:/Program Files/Epic Games/UE_4.27/FeaturePacks/FP_FirstPersonBP.upack' (chunk index -1, root 'root:/') mounted
[2026.08.25-01.32.34:500][  0]LogShaderLibrary: Display: ShaderCodeLibraryPakFileMountedCallback: pending pak file info (ChunkID:-1 Root:root:/ File:C:/Program Files/Epic Games/UE_4.27/FeaturePacks/FP_FirstPersonBP.upack)
[2026.08.25-01.32.34:500][  0]LogPakFile: OnPakFileMounted2Time == 0.000042
[2026.08.25-01.32.34:500][  0]LogPakFile: PakFile PrimaryIndexSize=191
[2026.08.25-01.32.34:500][  0]LogPakFile: PakFile PathHashIndexSize=101
[2026.08.25-01.32.34:500][  0]LogPakFile: PakFile FullDirectoryIndexSize=160
[2026.08.25-01.32.34:500][  0]LogShaderLibrary: Display: ShaderCodeLibraryPakFileMountedCallback: PakFile 'C:/Program Files/Epic Games/UE_4.27/FeaturePacks/MobileStarterContent.upack' (chunk index -1, root 'root:/') mounted
[2026.08.25-01.32.34:500][  0]LogShaderLibrary: Display: ShaderCodeLibraryPakFileMountedCallback: pending pak file info (ChunkID:-1 Root:root:/ File:C:/Program Files/Epic Games/UE_4.27/FeaturePacks/MobileStarterContent.upack)
[2026.08.25-01.32.34:500][  0]LogPakFile: OnPakFileMounted2Time == 0.000039
[2026.08.25-01.32.34:500][  0]LogPakFile: PakFile PrimaryIndexSize=185
[2026.08.25-01.32.34:500][  0]LogPakFile: PakFile PathHashIndexSize=101
[2026.08.25-01.32.34:500][  0]LogPakFile: PakFile FullDirectoryIndexSize=148
[2026.08.25-01.32.34:500][  0]LogShaderLibrary: Display: ShaderCodeLibraryPakFileMountedCallback: PakFile 'C:/Program Files/Epic Games/UE_4.27/FeaturePacks/StarterContent.upack' (chunk index -1, root 'root:/') mounted
[2026.08.25-01.32.34:500][  0]LogShaderLibrary: Display: ShaderCodeLibraryPakFileMountedCallback: pending pak file info (ChunkID:-1 Root:root:/ File:C:/Program Files/Epic Games/UE_4.27/FeaturePacks/StarterContent.upack)
[2026.08.25-01.32.34:500][  0]LogPakFile: OnPakFileMounted2Time == 0.000043
[2026.08.25-01.32.34:501][  0]LogPakFile: PakFile PrimaryIndexSize=190
[2026.08.25-01.32.34:501][  0]LogPakFile: PakFile PathHashIndexSize=101
[2026.08.25-01.32.34:501][  0]LogPakFile: PakFile FullDirectoryIndexSize=154
[2026.08.25-01.32.34:501][  0]LogShaderLibrary: Display: ShaderCodeLibraryPakFileMountedCallback: PakFile 'C:/Program Files/Epic Games/UE_4.27/FeaturePacks/TP_2DSideScroller.upack' (chunk index -1, root 'root:/') mounted
[2026.08.25-01.32.34:501][  0]LogShaderLibrary: Display: ShaderCodeLibraryPakFileMountedCallback: pending pak file info (ChunkID:-1 Root:root:/ File:C:/Program Files/Epic Games/UE_4.27/FeaturePacks/TP_2DSideScroller.upack)
[2026.08.25-01.32.34:501][  0]LogPakFile: OnPakFileMounted2Time == 0.000039
[2026.08.25-01.32.34:502][  0]LogPakFile: PakFile PrimaryIndexSize=192
[2026.08.25-01.32.34:502][  0]LogPakFile: PakFile PathHashIndexSize=101
[2026.08.25-01.32.34:502][  0]LogPakFile: PakFile FullDirectoryIndexSize=158
[2026.08.25-01.32.34:502][  0]LogShaderLibrary: Display: ShaderCodeLibraryPakFileMountedCallback: PakFile 'C:/Program Files/Epic Games/UE_4.27/FeaturePacks/TP_2DSideScrollerBP.upack' (chunk index -1, root 'root:/') mounted
[2026.08.25-01.32.34:502][  0]LogShaderLibrary: Display: ShaderCodeLibraryPakFileMountedCallback: pending pak file info (ChunkID:-1 Root:root:/ File:C:/Program Files/Epic Games/UE_4.27/FeaturePacks/TP_2DSideScrollerBP.upack)
[2026.08.25-01.32.34:502][  0]LogPakFile: OnPakFileMounted2Time == 0.000041
[2026.08.25-01.32.34:504][  0]LogPakFile: PakFile PrimaryIndexSize=182
[2026.08.25-01.32.34:504][  0]LogPakFile: PakFile PathHashIndexSize=101
[2026.08.25-01.32.34:504][  0]LogPakFile: PakFile FullDirectoryIndexSize=138
[2026.08.25-01.32.34:504][  0]LogShaderLibrary: Display: ShaderCodeLibraryPakFileMountedCallback: PakFile 'C:/Program Files/Epic Games/UE_4.27/FeaturePacks/TP_Flying.upack' (chunk index -1, root 'root:/') mounted
[2026.08.25-01.32.34:504][  0]LogShaderLibrary: Display: ShaderCodeLibraryPakFileMountedCallback: pending pak file info (ChunkID:-1 Root:root:/ File:C:/Program Files/Epic Games/UE_4.27/FeaturePacks/TP_Flying.upack)
[2026.08.25-01.32.34:504][  0]LogPakFile: OnPakFileMounted2Time == 0.000037
[2026.08.25-01.32.34:504][  0]LogPakFile: PakFile PrimaryIndexSize=184
[2026.08.25-01.32.34:504][  0]LogPakFile: PakFile PathHashIndexSize=101
[2026.08.25-01.32.34:504][  0]LogPakFile: PakFile FullDirectoryIndexSize=142
[2026.08.25-01.32.34:504][  0]LogShaderLibrary: Display: ShaderCodeLibraryPakFileMountedCallback: PakFile 'C:/Program Files/Epic Games/UE_4.27/FeaturePacks/TP_FlyingBP.upack' (chunk index -1, root 'root:/') mounted
[2026.08.25-01.32.34:504][  0]LogShaderLibrary: Display: ShaderCodeLibraryPakFileMountedCallback: pending pak file info (ChunkID:-1 Root:root:/ File:C:/Program Files/Epic Games/UE_4.27/FeaturePacks/TP_FlyingBP.upack)
[2026.08.25-01.32.34:504][  0]LogPakFile: OnPakFileMounted2Time == 0.000037
[2026.08.25-01.32.34:505][  0]LogPakFile: PakFile PrimaryIndexSize=188
[2026.08.25-01.32.34:505][  0]LogPakFile: PakFile PathHashIndexSize=101
[2026.08.25-01.32.34:505][  0]LogPakFile: PakFile FullDirectoryIndexSize=150
[2026.08.25-01.32.34:505][  0]LogShaderLibrary: Display: ShaderCodeLibraryPakFileMountedCallback: PakFile 'C:/Program Files/Epic Games/UE_4.27/FeaturePacks/TP_HandheldARBP.upack' (chunk index -1, root 'root:/') mounted
[2026.08.25-01.32.34:505][  0]LogShaderLibrary: Display: ShaderCodeLibraryPakFileMountedCallback: pending pak file info (ChunkID:-1 Root:root:/ File:C:/Program Files/Epic Games/UE_4.27/FeaturePacks/TP_HandheldARBP.upack)
[2026.08.25-01.32.34:505][  0]LogPakFile: OnPakFileMounted2Time == 0.000037
[2026.08.25-01.32.34:505][  0]LogPakFile: PakFile PrimaryIndexSize=182
[2026.08.25-01.32.34:505][  0]LogPakFile: PakFile PathHashIndexSize=101
[2026.08.25-01.32.34:505][  0]LogPakFile: PakFile FullDirectoryIndexSize=138
[2026.08.25-01.32.34:505][  0]LogShaderLibrary: Display: ShaderCodeLibraryPakFileMountedCallback: PakFile 'C:/Program Files/Epic Games/UE_4.27/FeaturePacks/TP_Puzzle.upack' (chunk index -1, root 'root:/') mounted
[2026.08.25-01.32.34:505][  0]LogShaderLibrary: Display: ShaderCodeLibraryPakFileMountedCallback: pending pak file info (ChunkID:-1 Root:root:/ File:C:/Program Files/Epic Games/UE_4.27/FeaturePacks/TP_Puzzle.upack)
[2026.08.25-01.32.34:505][  0]LogPakFile: OnPakFileMounted2Time == 0.000034
[2026.08.25-01.32.34:505][  0]LogPakFile: PakFile PrimaryIndexSize=184
[2026.08.25-01.32.34:505][  0]LogPakFile: PakFile PathHashIndexSize=101
[2026.08.25-01.32.34:505][  0]LogPakFile: PakFile FullDirectoryIndexSize=142
[2026.08.25-01.32.34:505][  0]LogShaderLibrary: Display: ShaderCodeLibraryPakFileMountedCallback: PakFile 'C:/Program Files/Epic Games/UE_4.27/FeaturePacks/TP_PuzzleBP.upack' (chunk index -1, root 'root:/') mounted
[2026.08.25-01.32.34:505][  0]LogShaderLibrary: Display: ShaderCodeLibraryPakFileMountedCallback: pending pak file info (ChunkID:-1 Root:root:/ File:C:/Program Files/Epic Games/UE_4.27/FeaturePacks/TP_PuzzleBP.upack)
[2026.08.25-01.32.34:505][  0]LogPakFile: OnPakFileMounted2Time == 0.000036
[2026.08.25-01.32.34:507][  0]LogPakFile: PakFile PrimaryIndexSize=183
[2026.08.25-01.32.34:507][  0]LogPakFile: PakFile PathHashIndexSize=101
[2026.08.25-01.32.34:507][  0]LogPakFile: PakFile FullDirectoryIndexSize=140
[2026.08.25-01.32.34:507][  0]LogShaderLibrary: Display: ShaderCodeLibraryPakFileMountedCallback: PakFile 'C:/Program Files/Epic Games/UE_4.27/FeaturePacks/TP_Rolling.upack' (chunk index -1, root 'root:/') mounted
[2026.08.25-01.32.34:507][  0]LogShaderLibrary: Display: ShaderCodeLibraryPakFileMountedCallback: pending pak file info (ChunkID:-1 Root:root:/ File:C:/Program Files/Epic Games/UE_4.27/FeaturePacks/TP_Rolling.upack)
[2026.08.25-01.32.34:507][  0]LogPakFile: OnPakFileMounted2Time == 0.000038
[2026.08.25-01.32.34:507][  0]LogPakFile: PakFile PrimaryIndexSize=185
[2026.08.25-01.32.34:507][  0]LogPakFile: PakFile PathHashIndexSize=101
[2026.08.25-01.32.34:508][  0]LogPakFile: PakFile FullDirectoryIndexSize=144
[2026.08.25-01.32.34:508][  0]LogShaderLibrary: Display: ShaderCodeLibraryPakFileMountedCallback: PakFile 'C:/Program Files/Epic Games/UE_4.27/FeaturePacks/TP_RollingBP.upack' (chunk index -1, root 'root:/') mounted
[2026.08.25-01.32.34:508][  0]LogShaderLibrary: Display: ShaderCodeLibraryPakFileMountedCallback: pending pak file info (ChunkID:-1 Root:root:/ File:C:/Program Files/Epic Games/UE_4.27/FeaturePacks/TP_RollingBP.upack)
[2026.08.25-01.32.34:508][  0]LogPakFile: OnPakFileMounted2Time == 0.000036
[2026.08.25-01.32.34:508][  0]LogPakFile: PakFile PrimaryIndexSize=188
[2026.08.25-01.32.34:508][  0]LogPakFile: PakFile PathHashIndexSize=101
[2026.08.25-01.32.34:508][  0]LogPakFile: PakFile FullDirectoryIndexSize=150
[2026.08.25-01.32.34:508][  0]LogShaderLibrary: Display: ShaderCodeLibraryPakFileMountedCallback: PakFile 'C:/Program Files/Epic Games/UE_4.27/FeaturePacks/TP_SideScroller.upack' (chunk index -1, root 'root:/') mounted
[2026.08.25-01.32.34:508][  0]LogShaderLibrary: Display: ShaderCodeLibraryPakFileMountedCallback: pending pak file info (ChunkID:-1 Root:root:/ File:C:/Program Files/Epic Games/UE_4.27/FeaturePacks/TP_SideScroller.upack)
[2026.08.25-01.32.34:508][  0]LogPakFile: OnPakFileMounted2Time == 0.000037
[2026.08.25-01.32.34:509][  0]LogPakFile: PakFile PrimaryIndexSize=190
[2026.08.25-01.32.34:509][  0]LogPakFile: PakFile PathHashIndexSize=101
[2026.08.25-01.32.34:509][  0]LogPakFile: PakFile FullDirectoryIndexSize=154
[2026.08.25-01.32.34:509][  0]LogShaderLibrary: Display: ShaderCodeLibraryPakFileMountedCallback: PakFile 'C:/Program Files/Epic Games/UE_4.27/FeaturePacks/TP_SideScrollerBP.upack' (chunk index -1, root 'root:/') mounted
[2026.08.25-01.32.34:509][  0]LogShaderLibrary: Display: ShaderCodeLibraryPakFileMountedCallback: pending pak file info (ChunkID:-1 Root:root:/ File:C:/Program Files/Epic Games/UE_4.27/FeaturePacks/TP_SideScrollerBP.upack)
[2026.08.25-01.32.34:509][  0]LogPakFile: OnPakFileMounted2Time == 0.000046
[2026.08.25-01.32.34:509][  0]LogPakFile: PakFile PrimaryIndexSize=187
[2026.08.25-01.32.34:509][  0]LogPakFile: PakFile PathHashIndexSize=101
[2026.08.25-01.32.34:509][  0]LogPakFile: PakFile FullDirectoryIndexSize=148
[2026.08.25-01.32.34:509][  0]LogShaderLibrary: Display: ShaderCodeLibraryPakFileMountedCallback: PakFile 'C:/Program Files/Epic Games/UE_4.27/FeaturePacks/TP_ThirdPerson.upack' (chunk index -1, root 'root:/') mounted
[2026.08.25-01.32.34:509][  0]LogShaderLibrary: Display: ShaderCodeLibraryPakFileMountedCallback: pending pak file info (ChunkID:-1 Root:root:/ File:C:/Program Files/Epic Games/UE_4.27/FeaturePacks/TP_ThirdPerson.upack)
[2026.08.25-01.32.34:509][  0]LogPakFile: OnPakFileMounted2Time == 0.000039
[2026.08.25-01.32.34:509][  0]LogPakFile: PakFile PrimaryIndexSize=189
[2026.08.25-01.32.34:509][  0]LogPakFile: PakFile PathHashIndexSize=101
[2026.08.25-01.32.34:509][  0]LogPakFile: PakFile FullDirectoryIndexSize=152
[2026.08.25-01.32.34:510][  0]LogShaderLibrary: Display: ShaderCodeLibraryPakFileMountedCallback: PakFile 'C:/Program Files/Epic Games/UE_4.27/FeaturePacks/TP_ThirdPersonBP.upack' (chunk index -1, root 'root:/') mounted
[2026.08.25-01.32.34:510][  0]LogShaderLibrary: Display: ShaderCodeLibraryPakFileMountedCallback: pending pak file info (ChunkID:-1 Root:root:/ File:C:/Program Files/Epic Games/UE_4.27/FeaturePacks/TP_ThirdPersonBP.upack)
[2026.08.25-01.32.34:510][  0]LogPakFile: OnPakFileMounted2Time == 0.000036
[2026.08.25-01.32.34:510][  0]LogPakFile: PakFile PrimaryIndexSize=183
[2026.08.25-01.32.34:510][  0]LogPakFile: PakFile PathHashIndexSize=101
[2026.08.25-01.32.34:510][  0]LogPakFile: PakFile FullDirectoryIndexSize=140
[2026.08.25-01.32.34:510][  0]LogShaderLibrary: Display: ShaderCodeLibraryPakFileMountedCallback: PakFile 'C:/Program Files/Epic Games/UE_4.27/FeaturePacks/TP_TopDown.upack' (chunk index -1, root 'root:/') mounted
[2026.08.25-01.32.34:510][  0]LogShaderLibrary: Display: ShaderCodeLibraryPakFileMountedCallback: pending pak file info (ChunkID:-1 Root:root:/ File:C:/Program Files/Epic Games/UE_4.27/FeaturePacks/TP_TopDown.upack)
[2026.08.25-01.32.34:510][  0]LogPakFile: OnPakFileMounted2Time == 0.000046
[2026.08.25-01.32.34:511][  0]LogPakFile: PakFile PrimaryIndexSize=185
[2026.08.25-01.32.34:511][  0]LogPakFile: PakFile PathHashIndexSize=101
[2026.08.25-01.32.34:511][  0]LogPakFile: PakFile FullDirectoryIndexSize=144
[2026.08.25-01.32.34:511][  0]LogShaderLibrary: Display: ShaderCodeLibraryPakFileMountedCallback: PakFile 'C:/Program Files/Epic Games/UE_4.27/FeaturePacks/TP_TopDownBP.upack' (chunk index -1, root 'root:/') mounted
[2026.08.25-01.32.34:511][  0]LogShaderLibrary: Display: ShaderCodeLibraryPakFileMountedCallback: pending pak file info (ChunkID:-1 Root:root:/ File:C:/Program Files/Epic Games/UE_4.27/FeaturePacks/TP_TopDownBP.upack)
[2026.08.25-01.32.34:511][  0]LogPakFile: OnPakFileMounted2Time == 0.000041
[2026.08.25-01.32.34:511][  0]LogPakFile: PakFile PrimaryIndexSize=185
[2026.08.25-01.32.34:511][  0]LogPakFile: PakFile PathHashIndexSize=101
[2026.08.25-01.32.34:511][  0]LogPakFile: PakFile FullDirectoryIndexSize=144
[2026.08.25-01.32.34:511][  0]LogShaderLibrary: Display: ShaderCodeLibraryPakFileMountedCallback: PakFile 'C:/Program Files/Epic Games/UE_4.27/FeaturePacks/TP_TwinStick.upack' (chunk index -1, root 'root:/') mounted
[2026.08.25-01.32.34:511][  0]LogShaderLibrary: Display: ShaderCodeLibraryPakFileMountedCallback: pending pak file info (ChunkID:-1 Root:root:/ File:C:/Program Files/Epic Games/UE_4.27/FeaturePacks/TP_TwinStick.upack)
[2026.08.25-01.32.34:511][  0]LogPakFile: OnPakFileMounted2Time == 0.000040
[2026.08.25-01.32.34:512][  0]LogPakFile: PakFile PrimaryIndexSize=187
[2026.08.25-01.32.34:512][  0]LogPakFile: PakFile PathHashIndexSize=101
[2026.08.25-01.32.34:512][  0]LogPakFile: PakFile FullDirectoryIndexSize=148
[2026.08.25-01.32.34:512][  0]LogShaderLibrary: Display: ShaderCodeLibraryPakFileMountedCallback: PakFile 'C:/Program Files/Epic Games/UE_4.27/FeaturePacks/TP_TwinStickBP.upack' (chunk index -1, root 'root:/') mounted
[2026.08.25-01.32.34:512][  0]LogShaderLibrary: Display: ShaderCodeLibraryPakFileMountedCallback: pending pak file info (ChunkID:-1 Root:root:/ File:C:/Program Files/Epic Games/UE_4.27/FeaturePacks/TP_TwinStickBP.upack)
[2026.08.25-01.32.34:512][  0]LogPakFile: OnPakFileMounted2Time == 0.000039
[2026.08.25-01.32.34:512][  0]LogPakFile: PakFile PrimaryIndexSize=183
[2026.08.25-01.32.34:512][  0]LogPakFile: PakFile PathHashIndexSize=101
[2026.08.25-01.32.34:512][  0]LogPakFile: PakFile FullDirectoryIndexSize=140
[2026.08.25-01.32.34:512][  0]LogShaderLibrary: Display: ShaderCodeLibraryPakFileMountedCallback: PakFile 'C:/Program Files/Epic Games/UE_4.27/FeaturePacks/TP_Vehicle.upack' (chunk index -1, root 'root:/') mounted
[2026.08.25-01.32.34:512][  0]LogShaderLibrary: Display: ShaderCodeLibraryPakFileMountedCallback: pending pak file info (ChunkID:-1 Root:root:/ File:C:/Program Files/Epic Games/UE_4.27/FeaturePacks/TP_Vehicle.upack)
[2026.08.25-01.32.34:512][  0]LogPakFile: OnPakFileMounted2Time == 0.000033
[2026.08.25-01.32.34:514][  0]LogPakFile: PakFile PrimaryIndexSize=186
[2026.08.25-01.32.34:514][  0]LogPakFile: PakFile PathHashIndexSize=101
[2026.08.25-01.32.34:514][  0]LogPakFile: PakFile FullDirectoryIndexSize=146
[2026.08.25-01.32.34:514][  0]LogShaderLibrary: Display: ShaderCodeLibraryPakFileMountedCallback: PakFile 'C:/Program Files/Epic Games/UE_4.27/FeaturePacks/TP_VehicleAdv.upack' (chunk index -1, root 'root:/') mounted
[2026.08.25-01.32.34:514][  0]LogShaderLibrary: Display: ShaderCodeLibraryPakFileMountedCallback: pending pak file info (ChunkID:-1 Root:root:/ File:C:/Program Files/Epic Games/UE_4.27/FeaturePacks/TP_VehicleAdv.upack)
[2026.08.25-01.32.34:514][  0]LogPakFile: OnPakFileMounted2Time == 0.000030
[2026.08.25-01.32.34:514][  0]LogPakFile: PakFile PrimaryIndexSize=188
[2026.08.25-01.32.34:514][  0]LogPakFile: PakFile PathHashIndexSize=101
[2026.08.25-01.32.34:514][  0]LogPakFile: PakFile FullDirectoryIndexSize=150
[2026.08.25-01.32.34:514][  0]LogShaderLibrary: Display: ShaderCodeLibraryPakFileMountedCallback: PakFile 'C:/Program Files/Epic Games/UE_4.27/FeaturePacks/TP_VehicleAdvBP.upack' (chunk index -1, root 'root:/') mounted
[2026.08.25-01.32.34:514][  0]LogShaderLibrary: Display: ShaderCodeLibraryPakFileMountedCallback: pending pak file info (ChunkID:-1 Root:root:/ File:C:/Program Files/Epic Games/UE_4.27/FeaturePacks/TP_VehicleAdvBP.upack)
[2026.08.25-01.32.34:514][  0]LogPakFile: OnPakFileMounted2Time == 0.000026
[2026.08.25-01.32.34:514][  0]LogPakFile: PakFile PrimaryIndexSize=185
[2026.08.25-01.32.34:514][  0]LogPakFile: PakFile PathHashIndexSize=101
[2026.08.25-01.32.34:514][  0]LogPakFile: PakFile FullDirectoryIndexSize=144
[2026.08.25-01.32.34:514][  0]LogShaderLibrary: Display: ShaderCodeLibraryPakFileMountedCallback: PakFile 'C:/Program Files/Epic Games/UE_4.27/FeaturePacks/TP_VehicleBP.upack' (chunk index -1, root 'root:/') mounted
[2026.08.25-01.32.34:515][  0]LogShaderLibrary: Display: ShaderCodeLibraryPakFileMountedCallback: pending pak file info (ChunkID:-1 Root:root:/ File:C:/Program Files/Epic Games/UE_4.27/FeaturePacks/TP_VehicleBP.upack)
[2026.08.25-01.32.34:515][  0]LogPakFile: OnPakFileMounted2Time == 0.000032
[2026.08.25-01.32.34:515][  0]LogPakFile: PakFile PrimaryIndexSize=192
[2026.08.25-01.32.34:515][  0]LogPakFile: PakFile PathHashIndexSize=101
[2026.08.25-01.32.34:515][  0]LogPakFile: PakFile FullDirectoryIndexSize=158
[2026.08.25-01.32.34:515][  0]LogShaderLibrary: Display: ShaderCodeLibraryPakFileMountedCallback: PakFile 'C:/Program Files/Epic Games/UE_4.27/FeaturePacks/TP_VirtualRealityBP.upack' (chunk index -1, root 'root:/') mounted
[2026.08.25-01.32.34:515][  0]LogShaderLibrary: Display: ShaderCodeLibraryPakFileMountedCallback: pending pak file info (ChunkID:-1 Root:root:/ File:C:/Program Files/Epic Games/UE_4.27/FeaturePacks/TP_VirtualRealityBP.upack)
[2026.08.25-01.32.34:515][  0]LogPakFile: OnPakFileMounted2Time == 0.000028
[2026.08.25-01.32.34:557][  0]LogNativeClassHierarchy: Verbose: Native class hierarchy updated for 'AddContentDialog' in 0.0003 seconds. Added 0 classes and 0 folders.
[2026.08.25-01.32.34:583][  0]LogSlate: Took 0.000150 seconds to synchronously load lazily loaded font '../../../Engine/Content/Slate/Fonts/Roboto-Regular.ttf' (155K)
[2026.08.25-01.32.34:585][  0]LogSlate: Took 0.000112 seconds to synchronously load lazily loaded font '../../../Engine/Content/Editor/Slate/Fonts/FontAwesome.ttf' (139K)
[2026.08.25-01.32.34:585][  0]LogSlate: Took 0.000131 seconds to synchronously load lazily loaded font '../../../Engine/Content/Slate/Fonts/Roboto-Bold.ttf' (160K)
[2026.08.25-01.32.34:634][  0]LogRenderer: Reallocating scene render targets to support 1180x840 Format 10 NumSamples 1 (Frame:1).
[2026.08.25-01.32.34:722][  0]LogNativeClassHierarchy: Verbose: Native class hierarchy updated for 'HierarchicalLODOutliner' in 0.0003 seconds. Added 0 classes and 0 folders.
[2026.08.25-01.32.34:722][  0]LogLoad: (Engine Initialization) Total time: 6.54 seconds
[2026.08.25-01.32.34:723][  0]LogLoad: (Engine Initialization) Total Blueprint compile time: 0.00 seconds
[2026.08.25-01.32.34:773][  0]LogAssetRegistry: Asset discovery search completed in 3.9442 seconds
[2026.08.25-01.32.34:777][  0]LogCollectionManager: Fixed up redirectors for 0 collections in 0.000003 seconds (updated 0 objects)
[2026.08.25-01.32.34:778][  0]LogContentStreaming: Texture pool size now 1000 MB
[2026.08.25-01.32.35:737][ 99]LogSlate: Took 0.000154 seconds to synchronously load lazily loaded font '../../../Engine/Content/Slate/Fonts/Roboto-Light.ttf' (167K)
[2026.08.25-01.32.37:138][214]LogAssetEditorSubsystem: Opening Asset editor for Blueprint /Game/Brackeys2026/Levels/BrackeysGameMode.BrackeysGameMode
[2026.08.25-01.32.37:298][214]LogNativeClassHierarchy: Verbose: Native class hierarchy updated for 'BlueprintGraph' in 0.0005 seconds. Added 126 classes and 0 folders.
[2026.08.25-01.32.37:873][214]LogAssetEditorSubsystem: Opening Asset editor for Blueprint /Game/Brackeys2026/Characters/Player/BP_Player.BP_Player
[2026.08.25-01.32.38:155][214]LogAssetEditorSubsystem: Opening Asset editor for Blueprint /Game/Brackeys2026/Characters/Player/BP_PlayerController.BP_PlayerController
[2026.08.25-01.32.38:389][214]LogAssetEditorSubsystem: Opening Asset editor for Blueprint /Game/Brackeys2026/Characters/Opponent/BP_Opponent.BP_Opponent
[2026.08.25-01.32.38:654][214]LogAssetEditorSubsystem: Opening Asset editor for Blueprint /Game/Brackeys2026/Objects/Revolver/BP_Revolver.BP_Revolver
[2026.08.25-01.32.38:921][214]LogAssetEditorSubsystem: Opening Asset editor for WidgetBlueprint /Game/Brackeys2026/UI/BP_UI.BP_UI
[2026.08.25-01.32.39:190][214]LogAssetEditorSubsystem: Opening Asset editor for Blueprint /Game/Brackeys2026/Objects/Phone/BP_Phone1.BP_Phone1
[2026.08.25-01.32.39:633][214]LogSlate: Took 0.000212 seconds to synchronously load lazily loaded font '../../../Engine/Content/Slate/Fonts/Roboto-BoldCondensed.ttf' (158K)
[2026.08.25-01.32.40:539][288]LogSlate: Took 0.000192 seconds to synchronously load lazily loaded font '../../../Engine/Content/Slate/Fonts/Roboto-Italic.ttf' (157K)
[2026.08.25-01.32.43:045][507]LogSlate: Window 'BP_PlayerController' being destroyed
[2026.08.25-01.32.45:927][781]LogSlate: Window 'BP_Phone1' being destroyed
[2026.08.25-01.32.47:289][938]LogWorld: UWorld::CleanupWorld for World_8, bSessionEnded=true, bCleanupResources=true
[2026.08.25-01.32.47:290][938]LogSlate: InvalidateAllWidgets triggered.  All widgets were invalidated
[2026.08.25-01.32.48:007][  8]LogSlate: Took 0.000121 seconds to synchronously load lazily loaded font '../../../Engine/Content/Slate/Fonts/Roboto-Light.ttf' (167K)
[2026.08.25-01.32.50:891][347]LogAssetEditorSubsystem: Opening Asset editor for Blueprint /Game/Brackeys2026/Objects/Phone/BP_Phone.BP_Phone
[2026.08.25-01.32.56:510][949]LogTemp: Repeating last play command: Selected Viewport
[2026.08.25-01.32.56:523][949]LogPlayLevel: PlayLevel: No blueprints needed recompiling
[2026.08.25-01.32.56:524][949]PIE: New page: PIE session: Brackeys2026Map (Aug 24, 2026, 11:32:56 AM)
[2026.08.25-01.32.56:526][949]LogOnline: OSS: Creating online subsystem instance for: NULL
[2026.08.25-01.32.56:527][949]LogOnline: OSS: TryLoadSubsystemAndSetDefault: Loaded subsystem for module [NULL]
[2026.08.25-01.32.56:528][949]LogPlayLevel: Creating play world package: /Game/Brackeys2026/Levels/UEDPIE_0_Brackeys2026Map
[2026.08.25-01.32.56:530][949]LogPlayLevel: PIE: StaticDuplicateObject took: (0.002276s)
[2026.08.25-01.32.56:530][949]LogAIModule: Creating AISystem for world Brackeys2026Map
[2026.08.25-01.32.56:530][949]LogPlayLevel: PIE: World Init took: (0.000783s)
[2026.08.25-01.32.56:530][949]LogPlayLevel: PIE: Created PIE world by copying editor world from /Game/Brackeys2026/Levels/Brackeys2026Map.Brackeys2026Map to /Game/Brackeys2026/Levels/UEDPIE_0_Brackeys2026Map.Brackeys2026Map (0.003179s)
[2026.08.25-01.32.56:583][949]LogUObjectHash: Compacting FUObjectHashTables data took   2.73ms
[2026.08.25-01.32.56:584][949]LogAudio: Display: Creating Audio Device:                 Id: 2, Scope: Unique, Realtime: True
[2026.08.25-01.32.56:584][949]LogAudioMixer: Display: Audio Mixer Platform Settings:
[2026.08.25-01.32.56:584][949]LogAudioMixer: Display: 	Sample Rate:						  48000
[2026.08.25-01.32.56:584][949]LogAudioMixer: Display: 	Callback Buffer Frame Size Requested: 1024
[2026.08.25-01.32.56:584][949]LogAudioMixer: Display: 	Callback Buffer Frame Size To Use:	  1024
[2026.08.25-01.32.56:584][949]LogAudioMixer: Display: 	Number of buffers to queue:			  2
[2026.08.25-01.32.56:584][949]LogAudioMixer: Display: 	Max Channels (voices):				  32
[2026.08.25-01.32.56:584][949]LogAudioMixer: Display: 	Number of Async Source Workers:		  0
[2026.08.25-01.32.56:584][949]LogAudio: Display: AudioDevice MaxSources: 32
[2026.08.25-01.32.56:586][949]LogAudio: Display: Audio Spatialization Plugin: None (built-in).
[2026.08.25-01.32.56:586][949]LogAudio: Display: Audio Reverb Plugin: None (built-in).
[2026.08.25-01.32.56:586][949]LogAudio: Display: Audio Occlusion Plugin: None (built-in).
[2026.08.25-01.32.56:586][949]LogAudioMixer: Display: Initializing audio mixer.
[2026.08.25-01.32.56:590][949]LogAudioMixer: Display: 0: FrontLeft
[2026.08.25-01.32.56:590][949]LogAudioMixer: Display: 1: FrontRight
[2026.08.25-01.32.56:604][949]LogAudioMixer: Display: Using Audio Device Realtek HD Audio 2nd output (Realtek(R) Audio)
[2026.08.25-01.32.56:605][949]LogAudioMixer: Display: Initializing Sound Submixes...
[2026.08.25-01.32.56:605][949]LogAudioMixer: Display: Creating Master Submix 'MasterSubmixDefault'
[2026.08.25-01.32.56:605][949]LogAudioMixer: Display: Creating Master Submix 'MasterReverbSubmixDefault'
[2026.08.25-01.32.56:605][949]LogAudioMixer: Display: Creating Master Submix 'MasterEQSubmixDefault'
[2026.08.25-01.32.56:605][949]LogAudioMixer: FMixerPlatformXAudio2::StartAudioStream() called
[2026.08.25-01.32.56:605][949]LogAudioMixer: Display: Output buffers initialized: Frames=1024, Channels=2, Samples=2048
[2026.08.25-01.32.56:606][949]LogAudioMixer: Display: Starting AudioMixerPlatformInterface::RunInternal()
[2026.08.25-01.32.56:606][949]LogAudioMixer: Display: FMixerPlatformXAudio2::SubmitBuffer() called for the first time
[2026.08.25-01.32.56:606][949]LogInit: FAudioDevice initialized.
[2026.08.25-01.32.56:606][949]LogAudio: Display: Audio Device (ID: 2) registered with world 'Brackeys2026Map'.
[2026.08.25-01.32.56:618][949]LogLoad: Game class is 'BrackeysGameMode_C'
[2026.08.25-01.32.56:619][949]LogWorld: Bringing World /Game/Brackeys2026/Levels/UEDPIE_0_Brackeys2026Map.Brackeys2026Map up for play (max tick rate 0) at 2026.08.24-18.32.56
[2026.08.25-01.32.56:619][949]LogWorld: Bringing up level for play took: 0.000609
[2026.08.25-01.32.56:619][949]LogOnline: OSS: Creating online subsystem instance for: :Context_12
[2026.08.25-01.32.56:623][949]LogNativeClassHierarchy: Verbose: Native class hierarchy updated for 'MovieSceneCapture' in 0.0003 seconds. Added 20 classes and 0 folders.
[2026.08.25-01.32.56:624][949]LogBlueprintUserMessages: [BP_CoinGun_2] false
[2026.08.25-01.32.56:624][949]LogBlueprintUserMessages: [BP_CoinGun_2] false
[2026.08.25-01.32.56:624][949]LogBlueprintUserMessages: [BP_CoinGun_2] true
[2026.08.25-01.32.56:624][949]LogBlueprintUserMessages: [BP_CoinGun_2] false
[2026.08.25-01.32.56:624][949]LogBlueprintUserMessages: [BP_CoinGun_2] false
[2026.08.25-01.32.56:624][949]LogBlueprintUserMessages: [BP_CoinGun_2] false
[2026.08.25-01.32.56:624][949]PIE: Server logged in
[2026.08.25-01.32.56:626][949]PIE: Play in editor total start time 0.11 seconds.
[2026.08.25-01.32.57:576][ 41]LogBlueprintUserMessages: [BP_Phone_2] Smell Hint
[2026.08.25-01.32.57:875][ 77]LogBlueprintUserMessages: [BP_Phone_2] Smell Hint
[2026.08.25-01.32.58:200][116]LogBlueprintUserMessages: [BP_Phone_2] Smell Hint
[2026.08.25-01.32.59:150][230]LogBlueprintUserMessages: [BP_Phone_2] Smell Hint
[2026.08.25-01.32.59:317][250]LogBlueprintUserMessages: [BP_Phone_2] Smell Hint
[2026.08.25-01.32.59:492][271]LogBlueprintUserMessages: [BP_Phone_2] Smell Hint
[2026.08.25-01.32.59:650][290]LogBlueprintUserMessages: [BP_Phone_2] Smell Hint
[2026.08.25-01.32.59:800][308]LogBlueprintUserMessages: [BP_Phone_2] Smell Hint
[2026.08.25-01.32.59:958][327]LogBlueprintUserMessages: [BP_Phone_2] Smell Hint
[2026.08.25-01.33.00:117][346]LogBlueprintUserMessages: [BP_Phone_2] Smell Hint
[2026.08.25-01.33.00:274][365]LogBlueprintUserMessages: [BP_Phone_2] Smell Hint
[2026.08.25-01.33.00:425][383]LogBlueprintUserMessages: [BP_Phone_2] Smell Hint
[2026.08.25-01.33.00:584][402]LogBlueprintUserMessages: [BP_Phone_2] Smell Hint
[2026.08.25-01.33.00:717][418]LogBlueprintUserMessages: [BP_Phone_2] Smell Hint
[2026.08.25-01.33.02:826][671]LogBlueprintUserMessages: [BP_Phone_2] Smell Hint
[2026.08.25-01.33.02:950][686]LogBlueprintUserMessages: [BP_Phone_2] Smell Hint
[2026.08.25-01.33.03:134][708]LogBlueprintUserMessages: [BP_Phone_2] Smell Hint
[2026.08.25-01.33.03:701][776]LogBlueprintUserMessages: [BP_Phone_2] Smell Hint
[2026.08.25-01.33.03:892][799]LogBlueprintUserMessages: [BP_Phone_2] Smell Hint
[2026.08.25-01.33.04:067][820]LogBlueprintUserMessages: [BP_Phone_2] Smell Hint
[2026.08.25-01.33.07:252][201]LogBlueprintUserMessages: [BP_Phone_2] Smell Hint
[2026.08.25-01.33.07:402][219]LogBlueprintUserMessages: [BP_Phone_2] Smell Hint
[2026.08.25-01.33.07:793][266]LogBlueprintUserMessages: [BP_Phone_2] Smell Hint
[2026.08.25-01.33.07:984][289]LogBlueprintUserMessages: [BP_Phone_2] Smell Hint
[2026.08.25-01.33.12:280][790]LogSlate: Updating window title bar state: overlay mode, drag disabled, window buttons hidden, title bar hidden
[2026.08.25-01.33.12:280][790]LogWorld: BeginTearingDown for /Game/Brackeys2026/Levels/UEDPIE_0_Brackeys2026Map
[2026.08.25-01.33.12:280][790]LogWorld: UWorld::CleanupWorld for Brackeys2026Map, bSessionEnded=true, bCleanupResources=true
[2026.08.25-01.33.12:280][790]LogSlate: InvalidateAllWidgets triggered.  All widgets were invalidated
[2026.08.25-01.33.12:289][790]LogPlayLevel: Display: Shutting down PIE online subsystems
[2026.08.25-01.33.12:297][790]LogSlate: InvalidateAllWidgets triggered.  All widgets were invalidated
[2026.08.25-01.33.12:328][790]LogAudio: Display: Audio Device unregistered from world 'None'.
[2026.08.25-01.33.12:328][790]LogAudioMixer: FMixerPlatformXAudio2::StopAudioStream() called
[2026.08.25-01.33.12:329][790]LogAudioMixer: FMixerPlatformXAudio2::StopAudioStream() called
[2026.08.25-01.33.12:331][790]LogSlate: Updating window title bar state: overlay mode, drag disabled, window buttons hidden, title bar hidden
[2026.08.25-01.33.12:354][790]LogUObjectHash: Compacting FUObjectHashTables data took   3.23ms
[2026.08.25-01.33.12:369][791]LogPlayLevel: Display: Destroying online subsystem :Context_12
[2026.08.25-01.33.21:690][ 29]LogEditorViewport: Clicking on Actor (LMB): BP_Sky_Sphere_C (Sky Sphere)
[2026.08.25-01.33.22:264][ 95]LogEditorViewport: Clicking on Actor (LMB): BP_Sky_Sphere_C (Sky Sphere)
[2026.08.25-01.33.24:380][298]LogTemp: Repeating last play command: Selected Viewport
[2026.08.25-01.33.24:390][298]LogPlayLevel: PlayLevel: No blueprints needed recompiling
[2026.08.25-01.33.24:390][298]PIE: New page: PIE session: Brackeys2026Map (Aug 24, 2026, 11:33:24 AM)
[2026.08.25-01.33.24:390][298]LogPlayLevel: Creating play world package: /Game/Brackeys2026/Levels/UEDPIE_0_Brackeys2026Map
[2026.08.25-01.33.24:392][298]LogPlayLevel: PIE: StaticDuplicateObject took: (0.001798s)
[2026.08.25-01.33.24:393][298]LogAIModule: Creating AISystem for world Brackeys2026Map
[2026.08.25-01.33.24:393][298]LogPlayLevel: PIE: World Init took: (0.000777s)
[2026.08.25-01.33.24:393][298]LogPlayLevel: PIE: Created PIE world by copying editor world from /Game/Brackeys2026/Levels/Brackeys2026Map.Brackeys2026Map to /Game/Brackeys2026/Levels/UEDPIE_0_Brackeys2026Map.Brackeys2026Map (0.002674s)
[2026.08.25-01.33.24:430][298]LogUObjectHash: Compacting FUObjectHashTables data took   2.44ms
[2026.08.25-01.33.24:432][298]LogAudio: Display: Creating Audio Device:                 Id: 3, Scope: Unique, Realtime: True
[2026.08.25-01.33.24:432][298]LogAudioMixer: Display: Audio Mixer Platform Settings:
[2026.08.25-01.33.24:432][298]LogAudioMixer: Display: 	Sample Rate:						  48000
[2026.08.25-01.33.24:432][298]LogAudioMixer: Display: 	Callback Buffer Frame Size Requested: 1024
[2026.08.25-01.33.24:432][298]LogAudioMixer: Display: 	Callback Buffer Frame Size To Use:	  1024
[2026.08.25-01.33.24:432][298]LogAudioMixer: Display: 	Number of buffers to queue:			  2
[2026.08.25-01.33.24:432][298]LogAudioMixer: Display: 	Max Channels (voices):				  32
[2026.08.25-01.33.24:432][298]LogAudioMixer: Display: 	Number of Async Source Workers:		  0
[2026.08.25-01.33.24:432][298]LogAudio: Display: AudioDevice MaxSources: 32
[2026.08.25-01.33.24:432][298]LogAudio: Display: Audio Spatialization Plugin: None (built-in).
[2026.08.25-01.33.24:432][298]LogAudio: Display: Audio Reverb Plugin: None (built-in).
[2026.08.25-01.33.24:432][298]LogAudio: Display: Audio Occlusion Plugin: None (built-in).
[2026.08.25-01.33.24:432][298]LogAudioMixer: Display: Initializing audio mixer.
[2026.08.25-01.33.24:437][298]LogAudioMixer: Display: 0: FrontLeft
[2026.08.25-01.33.24:437][298]LogAudioMixer: Display: 1: FrontRight
[2026.08.25-01.33.24:449][298]LogAudioMixer: Display: Using Audio Device Realtek HD Audio 2nd output (Realtek(R) Audio)
[2026.08.25-01.33.24:449][298]LogAudioMixer: Display: Initializing Sound Submixes...
[2026.08.25-01.33.24:449][298]LogAudioMixer: Display: Creating Master Submix 'MasterSubmixDefault'
[2026.08.25-01.33.24:449][298]LogAudioMixer: Display: Creating Master Submix 'MasterReverbSubmixDefault'
[2026.08.25-01.33.24:450][298]LogAudioMixer: Display: Creating Master Submix 'MasterEQSubmixDefault'
[2026.08.25-01.33.24:450][298]LogAudioMixer: FMixerPlatformXAudio2::StartAudioStream() called
[2026.08.25-01.33.24:450][298]LogAudioMixer: Display: Output buffers initialized: Frames=1024, Channels=2, Samples=2048
[2026.08.25-01.33.24:451][298]LogAudioMixer: Display: Starting AudioMixerPlatformInterface::RunInternal()
[2026.08.25-01.33.24:451][298]LogAudioMixer: Display: FMixerPlatformXAudio2::SubmitBuffer() called for the first time
[2026.08.25-01.33.24:451][298]LogInit: FAudioDevice initialized.
[2026.08.25-01.33.24:451][298]LogAudio: Display: Audio Device (ID: 3) registered with world 'Brackeys2026Map'.
[2026.08.25-01.33.24:460][298]LogLoad: Game class is 'BrackeysGameMode_C'
[2026.08.25-01.33.24:461][298]LogWorld: Bringing World /Game/Brackeys2026/Levels/UEDPIE_0_Brackeys2026Map.Brackeys2026Map up for play (max tick rate 0) at 2026.08.24-18.33.24
[2026.08.25-01.33.24:461][298]LogWorld: Bringing up level for play took: 0.000732
[2026.08.25-01.33.24:461][298]LogOnline: OSS: Creating online subsystem instance for: :Context_13
[2026.08.25-01.33.24:463][298]LogBlueprintUserMessages: [BP_CoinGun_2] false
[2026.08.25-01.33.24:463][298]LogBlueprintUserMessages: [BP_CoinGun_2] false
[2026.08.25-01.33.24:463][298]LogBlueprintUserMessages: [BP_CoinGun_2] true
[2026.08.25-01.33.24:463][298]LogBlueprintUserMessages: [BP_CoinGun_2] false
[2026.08.25-01.33.24:463][298]LogBlueprintUserMessages: [BP_CoinGun_2] true
[2026.08.25-01.33.24:463][298]LogBlueprintUserMessages: [BP_CoinGun_2] false
[2026.08.25-01.33.24:464][298]PIE: Server logged in
[2026.08.25-01.33.24:464][298]PIE: Play in editor total start time 0.077 seconds.
[2026.08.25-01.33.26:205][506]LogBlueprintUserMessages: [BP_Phone_2] Killer Hint
[2026.08.25-01.33.26:613][555]LogBlueprintUserMessages: [BP_Phone_2] Smell Hint
[2026.08.25-01.33.26:981][599]LogBlueprintUserMessages: [BP_Phone_2] Smell Hint
[2026.08.25-01.33.27:180][623]LogBlueprintUserMessages: [BP_Phone_2] Smell Hint
[2026.08.25-01.33.27:497][661]LogBlueprintUserMessages: [BP_Phone_2] Smell Hint
[2026.08.25-01.33.27:639][678]LogBlueprintUserMessages: [BP_Phone_2] Smell Hint
[2026.08.25-01.33.27:888][708]LogBlueprintUserMessages: [BP_Phone_2] Killer Hint
[2026.08.25-01.33.28:031][725]LogBlueprintUserMessages: [BP_Phone_2] Killer Hint
[2026.08.25-01.33.28:289][756]LogBlueprintUserMessages: [BP_Phone_2] Smell Hint
[2026.08.25-01.33.28:472][778]LogBlueprintUserMessages: [BP_Phone_2] Killer Hint
[2026.08.25-01.33.28:731][809]LogBlueprintUserMessages: [BP_Phone_2] Killer Hint
[2026.08.25-01.33.29:022][844]LogBlueprintUserMessages: [BP_Phone_2] Smell Hint
[2026.08.25-01.33.29:306][878]LogBlueprintUserMessages: [BP_Phone_2] Smell Hint
[2026.08.25-01.33.29:598][913]LogBlueprintUserMessages: [BP_Phone_2] Killer Hint
[2026.08.25-01.33.29:756][932]LogBlueprintUserMessages: [BP_Phone_2] Killer Hint
[2026.08.25-01.33.30:081][971]LogBlueprintUserMessages: [BP_Phone_2] Killer Hint
[2026.08.25-01.33.30:215][987]LogBlueprintUserMessages: [BP_Phone_2] Killer Hint
[2026.08.25-01.33.30:523][ 24]LogBlueprintUserMessages: [BP_Phone_2] Smell Hint
[2026.08.25-01.33.30:673][ 42]LogBlueprintUserMessages: [BP_Phone_2] Smell Hint
[2026.08.25-01.33.30:981][ 79]LogBlueprintUserMessages: [BP_Phone_2] Killer Hint
[2026.08.25-01.33.31:181][103]LogBlueprintUserMessages: [BP_Phone_2] Killer Hint
[2026.08.25-01.33.31:506][142]LogBlueprintUserMessages: [BP_Phone_2] Smell Hint
[2026.08.25-01.33.31:648][159]LogBlueprintUserMessages: [BP_Phone_2] Smell Hint
[2026.08.25-01.33.31:781][175]LogBlueprintUserMessages: [BP_Phone_2] Smell Hint
[2026.08.25-01.33.32:440][254]LogBlueprintUserMessages: [BP_Phone_2] Smell Hint
[2026.08.25-01.33.32:590][272]LogBlueprintUserMessages: [BP_Phone_2] Killer Hint
[2026.08.25-01.33.32:923][312]LogBlueprintUserMessages: [BP_Phone_2] Smell Hint
[2026.08.25-01.33.33:073][330]LogBlueprintUserMessages: [BP_Phone_2] Killer Hint
[2026.08.25-01.33.33:273][354]LogBlueprintUserMessages: [BP_Phone_2] Killer Hint
[2026.08.25-01.33.33:548][387]LogBlueprintUserMessages: [BP_Phone_2] Killer Hint
[2026.08.25-01.33.33:723][408]LogBlueprintUserMessages: [BP_Phone_2] Killer Hint
[2026.08.25-01.33.33:914][431]LogBlueprintUserMessages: [BP_Phone_2] Smell Hint
[2026.08.25-01.33.34:248][471]LogBlueprintUserMessages: [BP_Phone_2] Killer Hint
[2026.08.25-01.33.34:407][490]LogBlueprintUserMessages: [BP_Phone_2] Killer Hint
[2026.08.25-01.33.34:598][513]LogBlueprintUserMessages: [BP_Phone_2] Smell Hint
[2026.08.25-01.33.34:823][540]LogBlueprintUserMessages: [BP_Phone_2] Killer Hint
[2026.08.25-01.33.34:990][560]LogBlueprintUserMessages: [BP_Phone_2] Killer Hint
[2026.08.25-01.33.35:173][582]LogBlueprintUserMessages: [BP_Phone_2] Smell Hint
[2026.08.25-01.33.35:507][622]LogBlueprintUserMessages: [BP_Phone_2] Killer Hint
[2026.08.25-01.33.35:657][640]LogBlueprintUserMessages: [BP_Phone_2] Smell Hint
[2026.08.25-01.33.35:799][657]LogBlueprintUserMessages: [BP_Phone_2] Killer Hint
[2026.08.25-01.33.36:024][684]LogBlueprintUserMessages: [BP_Phone_2] Killer Hint
[2026.08.25-01.33.36:357][724]LogBlueprintUserMessages: [BP_Phone_2] Killer Hint
[2026.08.25-01.33.36:532][745]LogBlueprintUserMessages: [BP_Phone_2] Killer Hint
[2026.08.25-01.34.07:060][285]LogSlate: Updating window title bar state: overlay mode, drag disabled, window buttons hidden, title bar hidden
[2026.08.25-01.34.07:060][285]LogWorld: BeginTearingDown for /Game/Brackeys2026/Levels/UEDPIE_0_Brackeys2026Map
[2026.08.25-01.34.07:060][285]LogWorld: UWorld::CleanupWorld for Brackeys2026Map, bSessionEnded=true, bCleanupResources=true
[2026.08.25-01.34.07:060][285]LogSlate: InvalidateAllWidgets triggered.  All widgets were invalidated
[2026.08.25-01.34.07:067][285]LogPlayLevel: Display: Shutting down PIE online subsystems
[2026.08.25-01.34.07:074][285]LogSlate: InvalidateAllWidgets triggered.  All widgets were invalidated
[2026.08.25-01.34.07:109][285]LogAudio: Display: Audio Device unregistered from world 'None'.
[2026.08.25-01.34.07:109][285]LogAudioMixer: FMixerPlatformXAudio2::StopAudioStream() called
[2026.08.25-01.34.07:110][285]LogAudioMixer: FMixerPlatformXAudio2::StopAudioStream() called
[2026.08.25-01.34.07:113][285]LogSlate: Updating window title bar state: overlay mode, drag disabled, window buttons hidden, title bar hidden
[2026.08.25-01.34.07:116][285]LogUObjectHash: Compacting FUObjectHashTables data took   1.98ms
[2026.08.25-01.34.07:135][286]LogPlayLevel: Display: Destroying online subsystem :Context_13
[2026.08.25-01.34.11:015][711]LogTemp: Repeating last play command: Selected Viewport
[2026.08.25-01.34.11:024][711]LogPlayLevel: PlayLevel: No blueprints needed recompiling
[2026.08.25-01.34.11:024][711]PIE: New page: PIE session: Brackeys2026Map (Aug 24, 2026, 11:34:11 AM)
[2026.08.25-01.34.11:026][711]LogPlayLevel: Creating play world package: /Game/Brackeys2026/Levels/UEDPIE_0_Brackeys2026Map
[2026.08.25-01.34.11:028][711]LogPlayLevel: PIE: StaticDuplicateObject took: (0.002902s)
[2026.08.25-01.34.11:029][711]LogAIModule: Creating AISystem for world Brackeys2026Map
[2026.08.25-01.34.11:030][711]LogPlayLevel: PIE: World Init took: (0.001468s)
[2026.08.25-01.34.11:030][711]LogPlayLevel: PIE: Created PIE world by copying editor world from /Game/Brackeys2026/Levels/Brackeys2026Map.Brackeys2026Map to /Game/Brackeys2026/Levels/UEDPIE_0_Brackeys2026Map.Brackeys2026Map (0.004536s)
[2026.08.25-01.34.11:066][711]LogUObjectHash: Compacting FUObjectHashTables data took   2.09ms
[2026.08.25-01.34.11:066][711]LogAudio: Display: Creating Audio Device:                 Id: 4, Scope: Unique, Realtime: True
[2026.08.25-01.34.11:066][711]LogAudioMixer: Display: Audio Mixer Platform Settings:
[2026.08.25-01.34.11:066][711]LogAudioMixer: Display: 	Sample Rate:						  48000
[2026.08.25-01.34.11:066][711]LogAudioMixer: Display: 	Callback Buffer Frame Size Requested: 1024
[2026.08.25-01.34.11:066][711]LogAudioMixer: Display: 	Callback Buffer Frame Size To Use:	  1024
[2026.08.25-01.34.11:066][711]LogAudioMixer: Display: 	Number of buffers to queue:			  2
[2026.08.25-01.34.11:066][711]LogAudioMixer: Display: 	Max Channels (voices):				  32
[2026.08.25-01.34.11:066][711]LogAudioMixer: Display: 	Number of Async Source Workers:		  0
[2026.08.25-01.34.11:066][711]LogAudio: Display: AudioDevice MaxSources: 32
[2026.08.25-01.34.11:066][711]LogAudio: Display: Audio Spatialization Plugin: None (built-in).
[2026.08.25-01.34.11:066][711]LogAudio: Display: Audio Reverb Plugin: None (built-in).
[2026.08.25-01.34.11:066][711]LogAudio: Display: Audio Occlusion Plugin: None (built-in).
[2026.08.25-01.34.11:066][711]LogAudioMixer: Display: Initializing audio mixer.
[2026.08.25-01.34.11:071][711]LogAudioMixer: Display: 0: FrontLeft
[2026.08.25-01.34.11:071][711]LogAudioMixer: Display: 1: FrontRight
[2026.08.25-01.34.11:083][711]LogAudioMixer: Display: Using Audio Device Realtek HD Audio 2nd output (Realtek(R) Audio)
[2026.08.25-01.34.11:084][711]LogAudioMixer: Display: Initializing Sound Submixes...
[2026.08.25-01.34.11:084][711]LogAudioMixer: Display: Creating Master Submix 'MasterSubmixDefault'
[2026.08.25-01.34.11:084][711]LogAudioMixer: Display: Creating Master Submix 'MasterReverbSubmixDefault'
[2026.08.25-01.34.11:084][711]LogAudioMixer: Display: Creating Master Submix 'MasterEQSubmixDefault'
[2026.08.25-01.34.11:084][711]LogAudioMixer: FMixerPlatformXAudio2::StartAudioStream() called
[2026.08.25-01.34.11:084][711]LogAudioMixer: Display: Output buffers initialized: Frames=1024, Channels=2, Samples=2048
[2026.08.25-01.34.11:084][711]LogAudioMixer: Display: Starting AudioMixerPlatformInterface::RunInternal()
[2026.08.25-01.34.11:084][711]LogAudioMixer: Display: FMixerPlatformXAudio2::SubmitBuffer() called for the first time
[2026.08.25-01.34.11:086][711]LogInit: FAudioDevice initialized.
[2026.08.25-01.34.11:086][711]LogAudio: Display: Audio Device (ID: 4) registered with world 'Brackeys2026Map'.
[2026.08.25-01.34.11:139][711]LogSlate: Updating window title bar state: overlay mode, drag disabled, window buttons hidden, title bar hidden
[2026.08.25-01.34.11:139][711]LogLoad: Game class is 'BrackeysGameMode_C'
[2026.08.25-01.34.11:140][711]LogWorld: Bringing World /Game/Brackeys2026/Levels/UEDPIE_0_Brackeys2026Map.Brackeys2026Map up for play (max tick rate 0) at 2026.08.24-18.34.11
[2026.08.25-01.34.11:140][711]LogWorld: Bringing up level for play took: 0.000716
[2026.08.25-01.34.11:140][711]LogOnline: OSS: Creating online subsystem instance for: :Context_14
[2026.08.25-01.34.11:143][711]LogBlueprintUserMessages: [BP_CoinGun_2] false
[2026.08.25-01.34.11:143][711]LogBlueprintUserMessages: [BP_CoinGun_2] false
[2026.08.25-01.34.11:143][711]LogBlueprintUserMessages: [BP_CoinGun_2] true
[2026.08.25-01.34.11:143][711]LogBlueprintUserMessages: [BP_CoinGun_2] false
[2026.08.25-01.34.11:143][711]LogBlueprintUserMessages: [BP_CoinGun_2] false
[2026.08.25-01.34.11:143][711]LogBlueprintUserMessages: [BP_CoinGun_2] true
[2026.08.25-01.34.11:147][711]PIE: Server logged in
[2026.08.25-01.34.11:149][711]PIE: Play in editor total start time 0.127 seconds.
[2026.08.25-01.34.11:174][712]LogRenderer: Reallocating scene render targets to support 1280x840 Format 10 NumSamples 1 (Frame:1).
[2026.08.25-01.34.26:960][463]LogSlate: Updating window title bar state: overlay mode, drag disabled, window buttons hidden, title bar hidden
[2026.08.25-01.34.26:960][463]LogWorld: BeginTearingDown for /Game/Brackeys2026/Levels/UEDPIE_0_Brackeys2026Map
[2026.08.25-01.34.26:960][463]LogSlate: Window 'BrackeysJam2026 Preview [NetMode: Standalone]  (64-bit/Windows) ' being destroyed
[2026.08.25-01.34.26:964][463]LogWorld: UWorld::CleanupWorld for Brackeys2026Map, bSessionEnded=true, bCleanupResources=true
[2026.08.25-01.34.26:964][463]LogSlate: InvalidateAllWidgets triggered.  All widgets were invalidated
[2026.08.25-01.34.26:973][463]LogPlayLevel: Display: Shutting down PIE online subsystems
[2026.08.25-01.34.26:982][463]LogSlate: InvalidateAllWidgets triggered.  All widgets were invalidated
[2026.08.25-01.34.27:016][463]LogAudioMixer: FMixerPlatformXAudio2::StopAudioStream() called
[2026.08.25-01.34.27:017][463]LogAudioMixer: FMixerPlatformXAudio2::StopAudioStream() called
[2026.08.25-01.34.27:023][463]LogUObjectHash: Compacting FUObjectHashTables data took   2.13ms
[2026.08.25-01.34.27:039][464]LogPlayLevel: Display: Destroying online subsystem :Context_14
[2026.08.25-01.34.45:319][543]LogTemp: Repeating last play command: Selected Viewport
[2026.08.25-01.34.45:327][543]BlueprintLog: New page: Pre-Play auto-recompile
[2026.08.25-01.34.45:331][543]LogPlayLevel: [PlayLevel] Compiling BP_UI before play...
[2026.08.25-01.34.45:396][543]LogUObjectHash: Compacting FUObjectHashTables data took   2.87ms
[2026.08.25-01.34.45:396][543]LogPlayLevel: PlayLevel: Blueprint regeneration took 68 ms (1 blueprints)
[2026.08.25-01.34.45:396][543]PIE: New page: PIE session: Brackeys2026Map (Aug 24, 2026, 11:34:45 AM)
[2026.08.25-01.34.45:397][543]LogPlayLevel: Creating play world package: /Game/Brackeys2026/Levels/UEDPIE_0_Brackeys2026Map
[2026.08.25-01.34.45:399][543]LogPlayLevel: PIE: StaticDuplicateObject took: (0.001809s)
[2026.08.25-01.34.45:403][543]LogAIModule: Creating AISystem for world Brackeys2026Map
[2026.08.25-01.34.45:403][543]LogPlayLevel: PIE: World Init took: (0.004337s)
[2026.08.25-01.34.45:403][543]LogPlayLevel: PIE: Created PIE world by copying editor world from /Game/Brackeys2026/Levels/Brackeys2026Map.Brackeys2026Map to /Game/Brackeys2026/Levels/UEDPIE_0_Brackeys2026Map.Brackeys2026Map (0.006274s)
[2026.08.25-01.34.45:437][543]LogUObjectHash: Compacting FUObjectHashTables data took   1.98ms
[2026.08.25-01.34.45:438][543]LogAudio: Display: Creating Audio Device:                 Id: 5, Scope: Unique, Realtime: True
[2026.08.25-01.34.45:438][543]LogAudioMixer: Display: Audio Mixer Platform Settings:
[2026.08.25-01.34.45:438][543]LogAudioMixer: Display: 	Sample Rate:						  48000
[2026.08.25-01.34.45:438][543]LogAudioMixer: Display: 	Callback Buffer Frame Size Requested: 1024
[2026.08.25-01.34.45:438][543]LogAudioMixer: Display: 	Callback Buffer Frame Size To Use:	  1024
[2026.08.25-01.34.45:438][543]LogAudioMixer: Display: 	Number of buffers to queue:			  2
[2026.08.25-01.34.45:438][543]LogAudioMixer: Display: 	Max Channels (voices):				  32
[2026.08.25-01.34.45:438][543]LogAudioMixer: Display: 	Number of Async Source Workers:		  0
[2026.08.25-01.34.45:438][543]LogAudio: Display: AudioDevice MaxSources: 32
[2026.08.25-01.34.45:438][543]LogAudio: Display: Audio Spatialization Plugin: None (built-in).
[2026.08.25-01.34.45:438][543]LogAudio: Display: Audio Reverb Plugin: None (built-in).
[2026.08.25-01.34.45:438][543]LogAudio: Display: Audio Occlusion Plugin: None (built-in).
[2026.08.25-01.34.45:438][543]LogAudioMixer: Display: Initializing audio mixer.
[2026.08.25-01.34.45:443][543]LogAudioMixer: Display: 0: FrontLeft
[2026.08.25-01.34.45:443][543]LogAudioMixer: Display: 1: FrontRight
[2026.08.25-01.34.45:455][543]LogAudioMixer: Display: Using Audio Device Realtek HD Audio 2nd output (Realtek(R) Audio)
[2026.08.25-01.34.45:455][543]LogAudioMixer: Display: Initializing Sound Submixes...
[2026.08.25-01.34.45:455][543]LogAudioMixer: Display: Creating Master Submix 'MasterSubmixDefault'
[2026.08.25-01.34.45:455][543]LogAudioMixer: Display: Creating Master Submix 'MasterReverbSubmixDefault'
[2026.08.25-01.34.45:456][543]LogAudioMixer: Display: Creating Master Submix 'MasterEQSubmixDefault'
[2026.08.25-01.34.45:456][543]LogAudioMixer: FMixerPlatformXAudio2::StartAudioStream() called
[2026.08.25-01.34.45:456][543]LogAudioMixer: Display: Output buffers initialized: Frames=1024, Channels=2, Samples=2048
[2026.08.25-01.34.45:456][543]LogAudioMixer: Display: Starting AudioMixerPlatformInterface::RunInternal()
[2026.08.25-01.34.45:456][543]LogAudioMixer: Display: FMixerPlatformXAudio2::SubmitBuffer() called for the first time
[2026.08.25-01.34.45:456][543]LogInit: FAudioDevice initialized.
[2026.08.25-01.34.45:456][543]LogAudio: Display: Audio Device (ID: 5) registered with world 'Brackeys2026Map'.
[2026.08.25-01.34.45:504][543]LogSlate: Updating window title bar state: overlay mode, drag disabled, window buttons hidden, title bar hidden
[2026.08.25-01.34.45:505][543]LogLoad: Game class is 'BrackeysGameMode_C'
[2026.08.25-01.34.45:506][543]LogWorld: Bringing World /Game/Brackeys2026/Levels/UEDPIE_0_Brackeys2026Map.Brackeys2026Map up for play (max tick rate 0) at 2026.08.24-18.34.45
[2026.08.25-01.34.45:506][543]LogWorld: Bringing up level for play took: 0.000587
[2026.08.25-01.34.45:506][543]LogOnline: OSS: Creating online subsystem instance for: :Context_15
[2026.08.25-01.34.45:509][543]LogBlueprintUserMessages: [BP_CoinGun_2] false
[2026.08.25-01.34.45:509][543]LogBlueprintUserMessages: [BP_CoinGun_2] true
[2026.08.25-01.34.45:509][543]LogBlueprintUserMessages: [BP_CoinGun_2] false
[2026.08.25-01.34.45:509][543]LogBlueprintUserMessages: [BP_CoinGun_2] false
[2026.08.25-01.34.45:509][543]LogBlueprintUserMessages: [BP_CoinGun_2] false
[2026.08.25-01.34.45:509][543]LogBlueprintUserMessages: [BP_CoinGun_2] false
[2026.08.25-01.34.45:510][543]PIE: Server logged in
[2026.08.25-01.34.45:510][543]PIE: Play in editor total start time 0.186 seconds.
[2026.08.25-01.34.48:258][868]LogBlueprintUserMessages: [BP_Phone_2] Smell Hint
[2026.08.25-01.34.48:416][887]LogBlueprintUserMessages: [BP_Phone_2] Smell Hint
[2026.08.25-01.34.48:567][905]LogBlueprintUserMessages: [BP_Phone_2] Smell Hint
[2026.08.25-01.34.48:791][932]LogBlueprintUserMessages: [BP_Phone_2] Smell Hint
[2026.08.25-01.34.48:934][949]LogBlueprintUserMessages: [BP_Phone_2] Smell Hint
[2026.08.25-01.34.49:109][970]LogBlueprintUserMessages: [BP_Phone_2] Smell Hint
[2026.08.25-01.34.49:250][987]LogBlueprintUserMessages: [BP_Phone_2] Smell Hint
[2026.08.25-01.34.49:392][  4]LogBlueprintUserMessages: [BP_Phone_2] Smell Hint
[2026.08.25-01.34.49:550][ 23]LogBlueprintUserMessages: [BP_Phone_2] Smell Hint
[2026.08.25-01.34.49:692][ 40]LogBlueprintUserMessages: [BP_Phone_2] Smell Hint
[2026.08.25-01.34.49:867][ 61]LogBlueprintUserMessages: [BP_Phone_2] Smell Hint
[2026.08.25-01.34.50:041][ 82]LogBlueprintUserMessages: [BP_Phone_2] Smell Hint
[2026.08.25-01.34.50:200][101]LogBlueprintUserMessages: [BP_Phone_2] Smell Hint
[2026.08.25-01.34.50:359][120]LogBlueprintUserMessages: [BP_Phone_2] Smell Hint
[2026.08.25-01.34.57:897][ 20]LogBlueprintUserMessages: [BP_Phone_2] Smell Hint
[2026.08.25-01.34.58:500][ 89]LogSlate: Updating window title bar state: overlay mode, drag disabled, window buttons hidden, title bar hidden
[2026.08.25-01.34.58:501][ 89]LogWorld: BeginTearingDown for /Game/Brackeys2026/Levels/UEDPIE_0_Brackeys2026Map
[2026.08.25-01.34.58:501][ 89]LogSlate: Window 'BrackeysJam2026 Preview [NetMode: Standalone]  (64-bit/Windows) ' being destroyed
[2026.08.25-01.34.58:511][ 89]LogWorld: UWorld::CleanupWorld for Brackeys2026Map, bSessionEnded=true, bCleanupResources=true
[2026.08.25-01.34.58:511][ 89]LogSlate: InvalidateAllWidgets triggered.  All widgets were invalidated
[2026.08.25-01.34.58:520][ 89]LogPlayLevel: Display: Shutting down PIE online subsystems
[2026.08.25-01.34.58:529][ 89]LogSlate: InvalidateAllWidgets triggered.  All widgets were invalidated
[2026.08.25-01.34.58:560][ 89]LogAudio: Display: Audio Device unregistered from world 'None'.
[2026.08.25-01.34.58:560][ 89]LogAudioMixer: FMixerPlatformXAudio2::StopAudioStream() called
[2026.08.25-01.34.58:561][ 89]LogAudioMixer: FMixerPlatformXAudio2::StopAudioStream() called
[2026.08.25-01.34.58:567][ 89]LogUObjectHash: Compacting FUObjectHashTables data took   2.02ms
[2026.08.25-01.34.58:595][ 90]LogPlayLevel: Display: Destroying online subsystem :Context_15
[2026.08.25-01.35.00:989][356]BlueprintLog: New page: Compile BP_UI
[2026.08.25-01.35.01:030][356]LogUObjectHash: Compacting FUObjectHashTables data took   2.20ms
[2026.08.25-01.35.01:074][356]LogSlate: Took 0.000197 seconds to synchronously load lazily loaded font '../../../Engine/Content/Slate/Fonts/DroidSansMono.ttf' (77K)
[2026.08.25-01.35.01:477][399]Cmd: OBJ SAVEPACKAGE PACKAGE="/Game/Brackeys2026/UI/BP_UI" FILE="E:/_Alex's Data/Unreal Engine/Unreal Projects/Brackeys2026/Brackeys-2026/BrackeysJam2026/Content/Brackeys2026/UI/BP_UI.uasset" SILENT=true
[2026.08.25-01.35.01:497][399]LogSavePackage: Moving 'E:/_Alex's Data/Unreal Engine/Unreal Projects/Brackeys2026/Brackeys-2026/BrackeysJam2026/Saved/BP_UI4A1B6FB14DE2134C6E75A9B3F00DB57E.tmp' to 'E:/_Alex's Data/Unreal Engine/Unreal Projects/Brackeys2026/Brackeys-2026/BrackeysJam2026/Content/Brackeys2026/UI/BP_UI.uasset'
[2026.08.25-01.35.01:528][399]AssetCheck: New page: Asset Save: BP_UI
[2026.08.25-01.35.01:528][399]LogContentValidation: Display: Validating WidgetBlueprint /Game/Brackeys2026/UI/BP_UI.BP_UI
[2026.08.25-01.35.57:422][520]LogUObjectHash: Compacting FUObjectHashTables data took   2.96ms
[2026.08.25-01.35.59:186][520]LogSlate: Window 'Save Content' being destroyed
[2026.08.25-01.35.59:241][520]LogUObjectHash: Compacting FUObjectHashTables data took   0.57ms
[2026.08.25-01.36.00:080][520]LogSavePackage: Moving 'E:/_Alex's Data/Unreal Engine/Unreal Projects/Brackeys2026/Brackeys-2026/BrackeysJam2026/Saved/Brackeys2026MapF20CF6AA40404E8094E102BE7E8D6BD1.tmp' to 'E:/_Alex's Data/Unreal Engine/Unreal Projects/Brackeys2026/Brackeys-2026/BrackeysJam2026/Content/Brackeys2026/Levels/Brackeys2026Map.umap'
[2026.08.25-01.36.00:113][520]LogFileHelpers: Saving map 'Brackeys2026Map' took 0.905
[2026.08.25-01.36.00:148][520]AssetCheck: New page: Asset Save: Brackeys2026Map
[2026.08.25-01.36.00:148][520]LogContentValidation: Display: Validating World /Game/Brackeys2026/Levels/Brackeys2026Map.Brackeys2026Map
[2026.08.25-01.36.04:203][997]LogUObjectHash: Compacting FUObjectHashTables data took   2.84ms
[2026.08.25-01.36.09:221][997]LogSlate: Window 'Delete Assets' being destroyed
[2026.08.25-01.36.24:610][692]LogEditorClassViewer: Warning: Class /Engine/Tutorial/InWorldBlueprintEditing/TutorialAssets/IWBE_Blutility.IWBE_Blutility_C has parent /Script/Blutility.PlacedEditorUtilityBase, but this parent is not found. The Class will not be shown in ClassViewer.
[2026.08.25-01.36.28:127][894]BlueprintLog: New page: Compile BP_Revolver
[2026.08.25-01.36.28:144][894]LogBlueprint: Error: [AssetLog] E:\_Alex's Data\Unreal Engine\Unreal Projects\Brackeys2026\Brackeys-2026\BrackeysJam2026\Content\Brackeys2026\Objects\Revolver\BP_Revolver.uasset: [Compiler] Can't connect pins  Phone Reference  and  Return Value : BP Phone 1 Object Reference is not compatible with BP Phone Object Reference.
[2026.08.25-01.36.28:146][894]LogBlueprint: Error: [AssetLog] E:\_Alex's Data\Unreal Engine\Unreal Projects\Brackeys2026\Brackeys-2026\BrackeysJam2026\Content\Brackeys2026\Objects\Revolver\BP_Revolver.uasset: [Compiler] Can't connect pins  Return Value  and  Phone Reference : BP Phone Object Reference is not compatible with BP Phone 1 Object Reference.
[2026.08.25-01.36.28:146][894]LogBlueprint: Error: [AssetLog] E:\_Alex's Data\Unreal Engine\Unreal Projects\Brackeys2026\Brackeys-2026\BrackeysJam2026\Content\Brackeys2026\Objects\Revolver\BP_Revolver.uasset: [Compiler] Invalid pin connection from ' Return Value ' to ' Phone Reference '. You may have changed the type after the connections were made.
[2026.08.25-01.36.28:197][894]LogUObjectHash: Compacting FUObjectHashTables data took   2.20ms
[2026.08.25-01.36.28:666][927]LogSavePackage: Moving 'E:/_Alex's Data/Unreal Engine/Unreal Projects/Brackeys2026/Brackeys-2026/BrackeysJam2026/Saved/BP_Revolver213F89F44955D5DC20854AA5B05689AB.tmp' to 'E:/_Alex's Data/Unreal Engine/Unreal Projects/Brackeys2026/Brackeys-2026/BrackeysJam2026/Content/Brackeys2026/Objects/Revolver/BP_Revolver.uasset'
[2026.08.25-01.36.28:695][927]AssetCheck: New page: Asset Save: BP_Revolver
[2026.08.25-01.36.28:695][927]LogContentValidation: Display: Validating Blueprint /Game/Brackeys2026/Objects/Revolver/BP_Revolver.BP_Revolver
[2026.08.25-01.36.35:664][692]LogSlate: Took 0.000230 seconds to synchronously load lazily loaded font '../../../Engine/Content/Slate/Fonts/Roboto-BoldCondensedItalic.ttf' (160K)
[2026.08.25-01.36.40:088][984]LogSlate: Window 'Change Variable Type' being destroyed
[2026.08.25-01.36.41:928][160]LogSlate: Window 'Find in Blueprints' being destroyed
[2026.08.25-01.36.41:933][160]LogSlate: Window 'Find in Blueprints' being destroyed
[2026.08.25-01.36.42:587][234]BlueprintLog: New page: Compile BP_Revolver
[2026.08.25-01.36.42:595][234]LogBlueprint: Error: [AssetLog] E:\_Alex's Data\Unreal Engine\Unreal Projects\Brackeys2026\Brackeys-2026\BrackeysJam2026\Content\Brackeys2026\Objects\Revolver\BP_Revolver.uasset: [Compiler] In use pin  Phone Reference  no longer exists on node  Set . Please refresh node or break links to remove pin.
[2026.08.25-01.36.42:596][234]LogBlueprint: Error: [AssetLog] E:\_Alex's Data\Unreal Engine\Unreal Projects\Brackeys2026\Brackeys-2026\BrackeysJam2026\Content\Brackeys2026\Objects\Revolver\BP_Revolver.uasset: [Compiler] Invalid pin connection from ' Return Value ' to ' Phone Reference '. You may have changed the type after the connections were made.
[2026.08.25-01.36.42:655][234]LogUObjectHash: Compacting FUObjectHashTables data took   2.85ms
[2026.08.25-01.36.49:008][897]BlueprintLog: New page: Compile BP_Revolver
[2026.08.25-01.36.49:074][897]LogUObjectHash: Compacting FUObjectHashTables data took   2.83ms
[2026.08.25-01.36.49:600][938]LogSavePackage: Moving 'E:/_Alex's Data/Unreal Engine/Unreal Projects/Brackeys2026/Brackeys-2026/BrackeysJam2026/Saved/BP_RevolverF0126F3444175BC4FEB8CE9BBF93565E.tmp' to 'E:/_Alex's Data/Unreal Engine/Unreal Projects/Brackeys2026/Brackeys-2026/BrackeysJam2026/Content/Brackeys2026/Objects/Revolver/BP_Revolver.uasset'
[2026.08.25-01.36.49:672][938]AssetCheck: New page: Asset Save: BP_Revolver
[2026.08.25-01.36.49:672][938]LogContentValidation: Display: Validating Blueprint /Game/Brackeys2026/Objects/Revolver/BP_Revolver.BP_Revolver
[2026.08.25-01.37.08:396][100]LogSlate: Prevented a slow task dialog from being summoned while a context menu was open
[2026.08.25-01.37.08:413][100]LogEditorClassViewer: Warning: Class /Engine/Tutorial/InWorldBlueprintEditing/TutorialAssets/IWBE_Blutility.IWBE_Blutility_C has parent /Script/Blutility.PlacedEditorUtilityBase, but this parent is not found. The Class will not be shown in ClassViewer.
[2026.08.25-01.37.17:424][686]LogSlate: Window 'Change Variable Type' being destroyed
[2026.08.25-01.37.18:528][803]LogSlate: Window 'Find in Blueprints' being destroyed
[2026.08.25-01.37.18:533][803]LogSlate: Window 'Find in Blueprints' being destroyed
[2026.08.25-01.37.20:731][ 49]BlueprintLog: New page: Compile BrackeysGameMode
[2026.08.25-01.37.20:781][ 49]LogUObjectHash: Compacting FUObjectHashTables data took   2.89ms
[2026.08.25-01.37.21:135][ 82]LogSavePackage: Moving 'E:/_Alex's Data/Unreal Engine/Unreal Projects/Brackeys2026/Brackeys-2026/BrackeysJam2026/Saved/BrackeysGameModeD404F5CE48168725FB4AF7A4C291C78C.tmp' to 'E:/_Alex's Data/Unreal Engine/Unreal Projects/Brackeys2026/Brackeys-2026/BrackeysJam2026/Content/Brackeys2026/Levels/BrackeysGameMode.uasset'
[2026.08.25-01.37.21:161][ 82]AssetCheck: New page: Asset Save: BrackeysGameMode
[2026.08.25-01.37.21:161][ 82]LogContentValidation: Display: Validating Blueprint /Game/Brackeys2026/Levels/BrackeysGameMode.BrackeysGameMode
[2026.08.25-01.37.23:538][350]LogUObjectHash: Compacting FUObjectHashTables data took   2.89ms
[2026.08.25-01.37.24:723][350]LogSlate: Window 'Save Content' being destroyed
[2026.08.25-01.37.24:789][350]LogUObjectHash: Compacting FUObjectHashTables data took   0.63ms
[2026.08.25-01.37.25:082][350]LogSavePackage: Moving 'E:/_Alex's Data/Unreal Engine/Unreal Projects/Brackeys2026/Brackeys-2026/BrackeysJam2026/Saved/Brackeys2026Map744CD14340F86797AAEA00942165D322.tmp' to 'E:/_Alex's Data/Unreal Engine/Unreal Projects/Brackeys2026/Brackeys-2026/BrackeysJam2026/Content/Brackeys2026/Levels/Brackeys2026Map.umap'
[2026.08.25-01.37.25:326][350]LogFileHelpers: Saving map 'Brackeys2026Map' took 0.567
[2026.08.25-01.37.25:368][350]AssetCheck: New page: Asset Save: Brackeys2026Map
[2026.08.25-01.37.25:368][350]LogContentValidation: Display: Validating World /Game/Brackeys2026/Levels/Brackeys2026Map.Brackeys2026Map
[2026.08.25-01.37.29:843][597]LogUObjectHash: Compacting FUObjectHashTables data took   2.16ms
[2026.08.25-01.37.29:862][597]LogWorld: UWorld::CleanupWorld for World_1, bSessionEnded=true, bCleanupResources=true
[2026.08.25-01.37.29:862][597]LogSlate: InvalidateAllWidgets triggered.  All widgets were invalidated
[2026.08.25-01.37.29:914][597]LogActorComponent: UnregisterComponent: (/Engine/Transient.EditorFloorComp) Not registered. Aborting.
[2026.08.25-01.37.29:914][597]LogWorld: UWorld::CleanupWorld for World_2, bSessionEnded=true, bCleanupResources=true
[2026.08.25-01.37.29:914][597]LogSlate: InvalidateAllWidgets triggered.  All widgets were invalidated
[2026.08.25-01.37.29:960][597]LogActorComponent: UnregisterComponent: (/Engine/Transient.EditorFloorComp) Not registered. Aborting.
[2026.08.25-01.37.29:960][597]LogWorld: UWorld::CleanupWorld for World_3, bSessionEnded=true, bCleanupResources=true
[2026.08.25-01.37.29:960][597]LogSlate: InvalidateAllWidgets triggered.  All widgets were invalidated
[2026.08.25-01.37.30:017][597]LogActorComponent: UnregisterComponent: (/Engine/Transient.EditorFloorComp) Not registered. Aborting.
[2026.08.25-01.37.30:017][597]LogWorld: UWorld::CleanupWorld for World_4, bSessionEnded=true, bCleanupResources=true
[2026.08.25-01.37.30:017][597]LogSlate: InvalidateAllWidgets triggered.  All widgets were invalidated
[2026.08.25-01.37.30:073][597]LogActorComponent: UnregisterComponent: (/Engine/Transient.EditorFloorComp) Not registered. Aborting.
[2026.08.25-01.37.30:073][597]LogWorld: UWorld::CleanupWorld for World_5, bSessionEnded=true, bCleanupResources=true
[2026.08.25-01.37.30:073][597]LogSlate: InvalidateAllWidgets triggered.  All widgets were invalidated
[2026.08.25-01.37.30:131][597]LogWorld: UWorld::CleanupWorld for World_7, bSessionEnded=true, bCleanupResources=true
[2026.08.25-01.37.30:131][597]LogSlate: InvalidateAllWidgets triggered.  All widgets were invalidated
[2026.08.25-01.37.30:139][597]LogWorld: UWorld::CleanupWorld for World_6, bSessionEnded=true, bCleanupResources=true
[2026.08.25-01.37.30:139][597]LogSlate: InvalidateAllWidgets triggered.  All widgets were invalidated
[2026.08.25-01.37.30:188][597]LogActorComponent: UnregisterComponent: (/Engine/Transient.EditorFloorComp) Not registered. Aborting.
[2026.08.25-01.37.30:188][597]LogWorld: UWorld::CleanupWorld for World_9, bSessionEnded=true, bCleanupResources=true
[2026.08.25-01.37.30:188][597]LogSlate: InvalidateAllWidgets triggered.  All widgets were invalidated
[2026.08.25-01.37.30:237][597]LogSlate: Window 'BrackeysJam2026 - Unreal Editor' being destroyed
[2026.08.25-01.37.30:379][598]Cmd: QUIT_EDITOR
[2026.08.25-01.37.30:379][598]LogCore: Engine exit requested (reason: UUnrealEdEngine::CloseEditor())
[2026.08.25-01.37.30:387][598]LogCore: Engine exit requested (reason: EngineExit() was called; note: exit was already requested)
[2026.08.25-01.37.30:407][598]LogAudio: Display: Beginning Audio Device Manager Shutdown (Module: AudioMixerXAudio2)...
[2026.08.25-01.37.30:407][598]LogAudio: Display: Destroying 1 Remaining Audio Device(s)...
[2026.08.25-01.37.30:407][598]LogAudio: Display: Audio Device unregistered from world 'Brackeys2026Map'.
[2026.08.25-01.37.30:407][598]LogAudioMixer: FMixerPlatformXAudio2::StopAudioStream() called
[2026.08.25-01.37.30:408][598]LogAudioMixer: FMixerPlatformXAudio2::StopAudioStream() called
[2026.08.25-01.37.30:411][598]LogAudio: Display: Audio Device Manager Shutdown
[2026.08.25-01.37.30:415][598]LogExit: Preparing to exit.
[2026.08.25-01.37.31:445][598]LogUObjectHash: Compacting FUObjectHashTables data took   3.08ms
[2026.08.25-01.37.31:671][598]LogWorld: UWorld::CleanupWorld for World_10, bSessionEnded=true, bCleanupResources=true
[2026.08.25-01.37.31:675][598]LogWorld: UWorld::CleanupWorld for World_12, bSessionEnded=true, bCleanupResources=true
[2026.08.25-01.37.31:678][598]LogWorld: UWorld::CleanupWorld for World_0, bSessionEnded=true, bCleanupResources=true
[2026.08.25-01.37.31:730][598]LogDemo: Cleaned up 0 splitscreen connections with owner deletion
[2026.08.25-01.37.31:738][598]LogWorld: UWorld::CleanupWorld for None, bSessionEnded=true, bCleanupResources=true
[2026.08.25-01.37.31:739][598]LogExit: Editor shut down
[2026.08.25-01.37.31:739][598]LogExit: Transaction tracking system shut down
[2026.08.25-01.37.31:986][598]LogExit: Object subsystem successfully closed.
[2026.08.25-01.37.32:009][598]LogShaderCompilers: Display: === FShaderJobCache stats ===
[2026.08.25-01.37.32:009][598]LogShaderCompilers: Display: Total job queries 0, among them cache hits 0 (0.00%)
[2026.08.25-01.37.32:009][598]LogShaderCompilers: Display: Tracking 0 distinct input hashes that result in 0 distinct outputs (0.00%)
[2026.08.25-01.37.32:009][598]LogShaderCompilers: Display: RAM used: 0.00 MB (0.00 GB) of 1638.40 MB (1.60 GB) budget. Usage: 0.00%
[2026.08.25-01.37.32:009][598]LogShaderCompilers: Display: ================================================
[2026.08.25-01.37.32:015][598]LogShaderCompilers: Display: Shaders left to compile 0
[2026.08.25-01.37.32:038][598]LogModuleManager: Shutting down and abandoning module MovieSceneCapture (882)
[2026.08.25-01.37.32:038][598]LogModuleManager: Shutting down and abandoning module Voice (880)
[2026.08.25-01.37.32:038][598]LogModuleManager: Shutting down and abandoning module SequencerWidgets (878)
[2026.08.25-01.37.32:038][598]LogModuleManager: Shutting down and abandoning module BlueprintGraph (876)
[2026.08.25-01.37.32:038][598]LogModuleManager: Shutting down and abandoning module HierarchicalLODOutliner (874)
[2026.08.25-01.37.32:038][598]LogModuleManager: Shutting down and abandoning module AddContentDialog (872)
[2026.08.25-01.37.32:038][598]LogModuleManager: Shutting down and abandoning module WidgetCarousel (871)
[2026.08.25-01.37.32:038][598]LogModuleManager: Shutting down and abandoning module EditorWidgets (868)
[2026.08.25-01.37.32:038][598]LogModuleManager: Shutting down and abandoning module ExternalImagePicker (866)
[2026.08.25-01.37.32:038][598]LogModuleManager: Shutting down and abandoning module SceneOutliner (864)
[2026.08.25-01.37.32:038][598]LogModuleManager: Shutting down and abandoning module StatsViewer (860)
[2026.08.25-01.37.32:038][598]LogModuleManager: Shutting down and abandoning module PIEPreviewDeviceProfileSelector (858)
[2026.08.25-01.37.32:038][598]LogModuleManager: Shutting down and abandoning module SequenceRecorderSections (856)
[2026.08.25-01.37.32:038][598]LogModuleManager: Shutting down and abandoning module AutomationWorker (854)
[2026.08.25-01.37.32:038][598]LogModuleManager: Shutting down and abandoning module SteamVREditor (852)
[2026.08.25-01.37.32:038][598]LogModuleManager: Shutting down and abandoning module OculusMR (850)
[2026.08.25-01.37.32:038][598]LogModuleManager: Shutting down and abandoning module OpenXRInput (848)
[2026.08.25-01.37.32:038][598]LogModuleManager: Shutting down and abandoning module TakeRecorderSources (846)
[2026.08.25-01.37.32:038][598]LogModuleManager: Shutting down and abandoning module TakeRecorder (845)
[2026.08.25-01.37.32:038][598]LogModuleManager: Shutting down and abandoning module TakeTrackRecorders (842)
[2026.08.25-01.37.32:038][598]LogModuleManager: Shutting down and abandoning module TakesCore (840)
[2026.08.25-01.37.32:038][598]LogModuleManager: Shutting down and abandoning module GooglePADEditor (838)
[2026.08.25-01.37.32:038][598]LogModuleManager: Shutting down and abandoning module AudioCaptureEditor (836)
[2026.08.25-01.37.32:038][598]LogModuleManager: Shutting down and abandoning module TemplateSequenceEditor (834)
[2026.08.25-01.37.32:038][598]LogModuleManager: Shutting down and abandoning module MatineeToLevelSequence (832)
[2026.08.25-01.37.32:038][598]LogModuleManager: Shutting down and abandoning module ActorSequenceEditor (830)
[2026.08.25-01.37.32:038][598]LogModuleManager: Shutting down and abandoning module LevelSequenceEditor (828)
[2026.08.25-01.37.32:038][598]LogModuleManager: Shutting down and abandoning module WmfMediaFactory (826)
[2026.08.25-01.37.32:038][598]LogModuleManager: Shutting down and abandoning module WmfMediaEditor (824)
[2026.08.25-01.37.32:038][598]LogModuleManager: Shutting down and abandoning module MediaCompositingEditor (822)
[2026.08.25-01.37.32:038][598]LogModuleManager: Shutting down and abandoning module SequenceRecorder (821)
[2026.08.25-01.37.32:039][598]LogModuleManager: Shutting down and abandoning module WebMMediaFactory (818)
[2026.08.25-01.37.32:039][598]LogModuleManager: Shutting down and abandoning module WebMMediaEditor (816)
[2026.08.25-01.37.32:039][598]LogModuleManager: Shutting down and abandoning module WebMMedia (814)
[2026.08.25-01.37.32:039][598]LogModuleManager: Shutting down and abandoning module MediaPlayerEditor (812)
[2026.08.25-01.37.32:039][598]LogModuleManager: Shutting down and abandoning module OpenExrWrapper (810)
[2026.08.25-01.37.32:039][598]LogModuleManager: Shutting down and abandoning module ImgMediaFactory (808)
[2026.08.25-01.37.32:039][598]LogModuleManager: Shutting down and abandoning module ImgMediaEditor (806)
[2026.08.25-01.37.32:039][598]LogModuleManager: Shutting down and abandoning module AvfMediaFactory (804)
[2026.08.25-01.37.32:039][598]LogModuleManager: Shutting down and abandoning module AvfMediaEditor (802)
[2026.08.25-01.37.32:039][598]LogModuleManager: Shutting down and abandoning module AndroidMediaFactory (800)
[2026.08.25-01.37.32:039][598]LogModuleManager: Shutting down and abandoning module AndroidMediaEditor (798)
[2026.08.25-01.37.32:039][598]LogModuleManager: Shutting down and abandoning module PlanarCut (796)
[2026.08.25-01.37.32:039][598]LogModuleManager: Shutting down and abandoning module MagicLeapMediaCodecFactory (794)
[2026.08.25-01.37.32:039][598]LogModuleManager: Shutting down and abandoning module MagicLeapMediaFactory (792)
[2026.08.25-01.37.32:039][598]LogModuleManager: Shutting down and abandoning module MagicLeapMediaEditor (790)
[2026.08.25-01.37.32:039][598]LogModuleManager: Shutting down and abandoning module TextureAlignMode (788)
[2026.08.25-01.37.32:039][598]LogModuleManager: Shutting down and abandoning module BspMode (786)
[2026.08.25-01.37.32:039][598]LogModuleManager: Shutting down and abandoning module GeometryMode (784)
[2026.08.25-01.37.32:039][598]LogModuleManager: Shutting down and abandoning module CharacterAI (782)
[2026.08.25-01.37.32:039][598]LogModuleManager: Shutting down and abandoning module CameraShakePreviewer (780)
[2026.08.25-01.37.32:039][598]LogModuleManager: Shutting down and abandoning module SmartSnapping (778)
[2026.08.25-01.37.32:039][598]LogModuleManager: Shutting down and abandoning module SessionServices (776)
[2026.08.25-01.37.32:039][598]LogModuleManager: Shutting down and abandoning module MeshPaint (774)
[2026.08.25-01.37.32:039][598]LogModuleManager: Shutting down and abandoning module VirtualTexturingEditor (772)
[2026.08.25-01.37.32:039][598]LogModuleManager: Shutting down and abandoning module FoliageEdit (770)
[2026.08.25-01.37.32:039][598]LogModuleManager: Shutting down and abandoning module LandscapeEditor (768)
[2026.08.25-01.37.32:039][598]LogModuleManager: Shutting down and abandoning module MeshPaintMode (766)
[2026.08.25-01.37.32:039][598]LogModuleManager: Shutting down and abandoning module SceneDepthPickerMode (764)
[2026.08.25-01.37.32:039][598]LogModuleManager: Shutting down and abandoning module ActorPickerMode (762)
[2026.08.25-01.37.32:039][598]LogModuleManager: Shutting down and abandoning module PlacementMode (760)
[2026.08.25-01.37.32:039][598]LogModuleManager: Shutting down and abandoning module ViewportSnapping (758)
[2026.08.25-01.37.32:039][598]LogModuleManager: Shutting down and abandoning module ViewportInteraction (756)
[2026.08.25-01.37.32:039][598]LogModuleManager: Shutting down and abandoning module ClothPainter (754)
[2026.08.25-01.37.32:039][598]LogModuleManager: Shutting down and abandoning module SkeletalMeshEditor (753)
[2026.08.25-01.37.32:039][598]LogModuleManager: Shutting down and abandoning module LogVisualizer (750)
[2026.08.25-01.37.32:039][598]LogModuleManager: Shutting down and abandoning module IntroTutorials (748)
[2026.08.25-01.37.32:039][598]LogModuleManager: Shutting down and abandoning module GameProjectGeneration (747)
[2026.08.25-01.37.32:039][598]LogModuleManager: Shutting down and abandoning module LuminPlatformEditor (744)
[2026.08.25-01.37.32:039][598]LogModuleManager: Shutting down and abandoning module IOSPlatformEditor (742)
[2026.08.25-01.37.32:039][598]LogModuleManager: Shutting down and abandoning module AndroidPlatformEditor (740)
[2026.08.25-01.37.32:039][598]LogModuleManager: Shutting down and abandoning module AndroidDeviceDetection (739)
[2026.08.25-01.37.33:651][598]LogModuleManager: Shutting down and abandoning module WindowsPlatformEditor (736)
[2026.08.25-01.37.33:651][598]LogModuleManager: Shutting down and abandoning module LuminRuntimeSettings (734)
[2026.08.25-01.37.33:651][598]LogModuleManager: Shutting down and abandoning module IOSRuntimeSettings (732)
[2026.08.25-01.37.33:651][598]LogModuleManager: Shutting down and abandoning module AndroidRuntimeSettings (730)
[2026.08.25-01.37.33:651][598]LogModuleManager: Shutting down and abandoning module TraceInsights (728)
[2026.08.25-01.37.33:651][598]MemoryProfiler: Shutdown
[2026.08.25-01.37.33:651][598]NetworkingProfiler: Shutdown
[2026.08.25-01.37.33:651][598]LoadingProfiler: Shutdown
[2026.08.25-01.37.33:651][598]TimingProfiler: Shutdown
[2026.08.25-01.37.33:651][598]LogModuleManager: Shutting down and abandoning module TraceServices (727)
[2026.08.25-01.37.33:651][598]LogModuleManager: Shutting down and abandoning module EditorInteractiveToolsFramework (724)
[2026.08.25-01.37.33:651][598]LogModuleManager: Shutting down and abandoning module TimeManagementEditor (722)
[2026.08.25-01.37.33:651][598]LogModuleManager: Shutting down and abandoning module InputBindingEditor (720)
[2026.08.25-01.37.33:651][598]LogModuleManager: Shutting down and abandoning module MergeActors (718)
[2026.08.25-01.37.33:651][598]LogModuleManager: Shutting down and abandoning module LocalizationDashboard (716)
[2026.08.25-01.37.33:651][598]LogModuleManager: Shutting down and abandoning module LocalizationService (715)
[2026.08.25-01.37.33:651][598]LogModuleManager: Shutting down and abandoning module HardwareTargeting (712)
[2026.08.25-01.37.33:651][598]LogModuleManager: Shutting down and abandoning module DeviceProfileEditor (710)
[2026.08.25-01.37.33:651][598]LogModuleManager: Shutting down and abandoning module UndoHistory (708)
[2026.08.25-01.37.33:651][598]LogModuleManager: Shutting down and abandoning module XmlParser (706)
[2026.08.25-01.37.33:651][598]LogModuleManager: Shutting down and abandoning module Blutility (704)
[2026.08.25-01.37.33:651][598]LogModuleManager: Shutting down and abandoning module ProjectSettingsViewer (702)
[2026.08.25-01.37.33:652][598]LogModuleManager: Shutting down and abandoning module ProjectTargetPlatformEditor (701)
[2026.08.25-01.37.33:652][598]LogModuleManager: Shutting down and abandoning module EditorSettingsViewer (698)
[2026.08.25-01.37.33:652][598]LogModuleManager: Shutting down and abandoning module InternationalizationSettings (697)
[2026.08.25-01.37.33:652][598]LogModuleManager: Shutting down and abandoning module SettingsEditor (694)
[2026.08.25-01.37.33:652][598]LogModuleManager: Shutting down and abandoning module ProjectLauncher (692)
[2026.08.25-01.37.33:652][598]LogModuleManager: Shutting down and abandoning module SessionFrontend (690)
[2026.08.25-01.37.33:652][598]LogModuleManager: Shutting down and abandoning module ProfilerClient (688)
[2026.08.25-01.37.33:652][598]LogModuleManager: Shutting down and abandoning module DeviceManager (686)
[2026.08.25-01.37.33:652][598]LogModuleManager: Shutting down and abandoning module TargetDeviceServices (685)
[2026.08.25-01.37.33:685][598]LogModuleManager: Shutting down and abandoning module AutomationController (682)
[2026.08.25-01.37.33:685][598]LogModuleManager: Shutting down and abandoning module AutomationWindow (680)
[2026.08.25-01.37.33:685][598]LogModuleManager: Shutting down and abandoning module Layers (678)
[2026.08.25-01.37.33:685][598]LogModuleManager: Shutting down and abandoning module ComponentVisualizers (676)
[2026.08.25-01.37.33:685][598]LogModuleManager: Shutting down and abandoning module DetailCustomizations (674)
[2026.08.25-01.37.33:685][598]LogModuleManager: Shutting down and abandoning module PackagesDialog (672)
[2026.08.25-01.37.33:685][598]LogModuleManager: Shutting down and abandoning module AnimationBlueprintEditor (670)
[2026.08.25-01.37.33:685][598]LogModuleManager: Shutting down and abandoning module Persona (668)
[2026.08.25-01.37.33:685][598]LogModuleManager: Shutting down and abandoning module AdvancedPreviewScene (667)
[2026.08.25-01.37.33:685][598]LogModuleManager: Shutting down and abandoning module AnimGraph (665)
[2026.08.25-01.37.33:685][598]LogModuleManager: Shutting down and abandoning module Kismet (662)
[2026.08.25-01.37.33:698][598]LogModuleManager: Shutting down and abandoning module KismetWidgets (661)
[2026.08.25-01.37.33:698][598]LogModuleManager: Shutting down and abandoning module GraphEditor (658)
[2026.08.25-01.37.33:698][598]LogModuleManager: Shutting down and abandoning module StructViewer (656)
[2026.08.25-01.37.33:698][598]LogModuleManager: Shutting down and abandoning module ClassViewer (654)
[2026.08.25-01.37.33:699][598]LogModuleManager: Shutting down and abandoning module Toolbox (652)
[2026.08.25-01.37.33:699][598]LogModuleManager: Shutting down and abandoning module ModuleUI (650)
[2026.08.25-01.37.33:699][598]LogModuleManager: Shutting down and abandoning module OutputLog (648)
[2026.08.25-01.37.33:700][598]LogModuleManager: Shutting down and abandoning module GammaUI (646)
[2026.08.25-01.37.33:700][598]LogModuleManager: Shutting down and abandoning module Documentation (644)
[2026.08.25-01.37.33:700][598]LogModuleManager: Shutting down and abandoning module LiveCoding (642)
[2026.08.25-01.37.33:700][598]LogModuleManager: Shutting down and abandoning module LevelSequence (640)
[2026.08.25-01.37.33:700][598]LogModuleManager: Shutting down and abandoning module MovieSceneTracks (638)
[2026.08.25-01.37.33:700][598]LogModuleManager: Shutting down and abandoning module MovieScene (636)
[2026.08.25-01.37.33:700][598]LogModuleManager: Shutting down and abandoning module StreamingPauseRendering (634)
[2026.08.25-01.37.33:700][598]LogModuleManager: Shutting down and abandoning module LauncherPlatform (632)
[2026.08.25-01.37.33:700][598]LogModuleManager: Shutting down and abandoning module AnalyticsET (630)
[2026.08.25-01.37.33:701][598]LogModuleManager: Shutting down and abandoning module PortalServices (628)
[2026.08.25-01.37.33:701][598]LogModuleManager: Shutting down and abandoning module PortalRpc (626)
[2026.08.25-01.37.33:701][598]LogModuleManager: Shutting down and abandoning module MessagingRpc (624)
[2026.08.25-01.37.33:701][598]LogModuleManager: Shutting down and abandoning module AudioMixerXAudio2 (622)
[2026.08.25-01.37.33:701][598]LogModuleManager: Shutting down and abandoning module AudioMixerCore (621)
[2026.08.25-01.37.33:701][598]LogModuleManager: Shutting down and abandoning module AIModule (618)
[2026.08.25-01.37.33:701][598]LogModuleManager: Shutting down and abandoning module GameplayDebugger (617)
[2026.08.25-01.37.33:701][598]LogModuleManager: Shutting down and abandoning module AITestSuite (615)
[2026.08.25-01.37.33:701][598]LogModuleManager: Shutting down and abandoning module NavigationSystem (613)
[2026.08.25-01.37.33:701][598]LogModuleManager: Shutting down and abandoning module ImageWriteQueue (610)
[2026.08.25-01.37.33:705][598]LogModuleManager: Shutting down and abandoning module ProfilerService (608)
[2026.08.25-01.37.33:783][598]LogModuleManager: Shutting down and abandoning module TaskGraph (606)
[2026.08.25-01.37.33:783][598]LogModuleManager: Shutting down and abandoning module AudioSynesthesiaEditor (604)
[2026.08.25-01.37.33:783][598]LogModuleManager: Shutting down and abandoning module OculusEditor (602)
[2026.08.25-01.37.33:783][598]LogModuleManager: Shutting down and abandoning module OculusInput (600)
[2026.08.25-01.37.33:783][598]LogModuleManager: Shutting down and abandoning module ContentBrowserFileDataSource (598)
[2026.08.25-01.37.33:783][598]LogModuleManager: Shutting down and abandoning module ContentBrowserClassDataSource (596)
[2026.08.25-01.37.33:783][598]LogModuleManager: Shutting down and abandoning module ContentBrowserAssetDataSource (594)
[2026.08.25-01.37.33:783][598]LogModuleManager: Shutting down and abandoning module CollectionManager (593)
[2026.08.25-01.37.33:783][598]LogModuleManager: Shutting down and abandoning module SynthesisEditor (590)
[2026.08.25-01.37.33:783][598]LogModuleManager: Shutting down and abandoning module Synthesis (588)
[2026.08.25-01.37.33:784][598]LogModuleManager: Shutting down and abandoning module ProceduralMeshComponentEditor (586)
[2026.08.25-01.37.33:784][598]LogModuleManager: Shutting down and abandoning module ProceduralMeshComponent (584)
[2026.08.25-01.37.33:784][598]LogModuleManager: Shutting down and abandoning module ScreenshotTools (582)
[2026.08.25-01.37.33:784][598]LogModuleManager: Shutting down and abandoning module OpenXREditor (580)
[2026.08.25-01.37.33:784][598]LogModuleManager: Shutting down and abandoning module MobilePatchingUtils (578)
[2026.08.25-01.37.33:784][598]LogModuleManager: Shutting down and abandoning module TakeSequencer (576)
[2026.08.25-01.37.33:784][598]LogModuleManager: Shutting down and abandoning module TakeMovieScene (574)
[2026.08.25-01.37.33:784][598]LogModuleManager: Shutting down and abandoning module GooglePAD (572)
[2026.08.25-01.37.33:784][598]LogModuleManager: Shutting down and abandoning module EditableMesh (570)
[2026.08.25-01.37.33:784][598]LogModuleManager: Shutting down and abandoning module CustomMeshComponent (568)
[2026.08.25-01.37.33:784][598]LogModuleManager: Shutting down and abandoning module CableComponent (566)
[2026.08.25-01.37.33:784][598]LogModuleManager: Shutting down and abandoning module AssetTags (564)
[2026.08.25-01.37.33:784][598]LogModuleManager: Shutting down and abandoning module ArchVisCharacter (562)
[2026.08.25-01.37.33:784][598]LogModuleManager: Shutting down and abandoning module AudioCapture (560)
[2026.08.25-01.37.33:784][598]LogModuleManager: Shutting down and abandoning module AudioCaptureRtAudio (559)
[2026.08.25-01.37.33:784][598]LogModuleManager: Shutting down and abandoning module AppleImageUtilsBlueprintSupport (556)
[2026.08.25-01.37.33:784][598]LogModuleManager: Shutting down and abandoning module AppleImageUtils (554)
[2026.08.25-01.37.33:784][598]LogModuleManager: Shutting down and abandoning module AndroidPermission (552)
[2026.08.25-01.37.33:784][598]LogModuleManager: Shutting down and abandoning module ActorLayerUtilitiesEditor (550)
[2026.08.25-01.37.33:784][598]LogModuleManager: Shutting down and abandoning module ActorLayerUtilities (548)
[2026.08.25-01.37.33:784][598]LogModuleManager: Shutting down and abandoning module TemplateSequence (546)
[2026.08.25-01.37.33:784][598]LogModuleManager: Shutting down and abandoning module VariantManagerContentEditor (544)
[2026.08.25-01.37.33:784][598]LogModuleManager: Shutting down and abandoning module DatasmithContentEditor (542)
[2026.08.25-01.37.33:784][598]LogModuleManager: Shutting down and abandoning module MediaCompositing (540)
[2026.08.25-01.37.33:784][598]LogModuleManager: Shutting down and abandoning module ImgMedia (538)
[2026.08.25-01.37.33:784][598]LogModuleManager: Shutting down and abandoning module MotoSynthEditor (536)
[2026.08.25-01.37.33:784][598]LogModuleManager: Shutting down and abandoning module MotoSynth (534)
[2026.08.25-01.37.33:784][598]LogModuleManager: Shutting down and abandoning module OpenImageDenoise (532)
[2026.08.25-01.37.33:784][598]LogOpenImageDenoise: OIDN shutting down
[2026.08.25-01.37.33:784][598]LogModuleManager: Shutting down and abandoning module MeshConversion (530)
[2026.08.25-01.37.33:784][598]LogModuleManager: Shutting down and abandoning module DynamicMesh (528)
[2026.08.25-01.37.33:784][598]LogModuleManager: Shutting down and abandoning module GeometryAlgorithms (526)
[2026.08.25-01.37.33:784][598]LogModuleManager: Shutting down and abandoning module GeometricObjects (524)
[2026.08.25-01.37.33:784][598]LogModuleManager: Shutting down and abandoning module GeometryCollectionTracks (522)
[2026.08.25-01.37.33:784][598]LogModuleManager: Shutting down and abandoning module GeometryCollectionSequencer (521)
[2026.08.25-01.37.33:784][598]LogModuleManager: Shutting down and abandoning module GeometryCollectionEditor (518)
[2026.08.25-01.37.33:784][598]LogModuleManager: Shutting down and abandoning module GeometryCacheTracks (516)
[2026.08.25-01.37.33:784][598]LogModuleManager: Shutting down and abandoning module GeometryCacheStreamer (514)
[2026.08.25-01.37.33:784][598]LogModuleManager: Shutting down and abandoning module GeometryCacheSequencer (512)
[2026.08.25-01.37.33:784][598]LogModuleManager: Shutting down and abandoning module MagicLeapLightEstimation (510)
[2026.08.25-01.37.33:784][598]LogModuleManager: Shutting down and abandoning module MagicLeapSharedWorld (508)
[2026.08.25-01.37.33:784][598]LogModuleManager: Shutting down and abandoning module PluginBrowser (506)
[2026.08.25-01.37.33:784][598]LogModuleManager: Shutting down and abandoning module MobileLauncherProfileWizard (504)
[2026.08.25-01.37.33:784][598]LogModuleManager: Shutting down and abandoning module MagicLeapHelperVulkan (502)
[2026.08.25-01.37.33:784][598]LogModuleManager: Shutting down and abandoning module MagicLeapHelperOpenGL (500)
[2026.08.25-01.37.33:784][598]LogModuleManager: Shutting down and abandoning module MagicLeapAudio (498)
[2026.08.25-01.37.33:784][598]LogModuleManager: Shutting down and abandoning module SpeedTreeImporter (496)
[2026.08.25-01.37.33:784][598]LogModuleManager: Shutting down and abandoning module MaterialAnalyzer (494)
[2026.08.25-01.37.33:784][598]LogModuleManager: Shutting down and abandoning module CurveEditorTools (492)
[2026.08.25-01.37.33:784][598]LogModuleManager: Shutting down and abandoning module CryptoKeysOpenSSL (490)
[2026.08.25-01.37.33:784][598]LogModuleManager: Shutting down and abandoning module CryptoKeys (488)
[2026.08.25-01.37.33:784][598]LogModuleManager: Shutting down and abandoning module ChaosSolverEditor (486)
[2026.08.25-01.37.33:784][598]LogModuleManager: Shutting down and abandoning module ChaosClothEditor (484)
[2026.08.25-01.37.33:784][598]LogModuleManager: Shutting down and abandoning module FractureEditor (482)
[2026.08.25-01.37.33:784][598]LogModuleManager: Shutting down and abandoning module ChaosNiagara (480)
[2026.08.25-01.37.33:784][598]LogModuleManager: Shutting down and abandoning module FieldSystemEngine (479)
[2026.08.25-01.37.33:784][598]LogModuleManager: Shutting down and abandoning module AutomationUtilsEditor (476)
[2026.08.25-01.37.33:784][598]LogModuleManager: Shutting down and abandoning module AutomationUtils (474)
[2026.08.25-01.37.33:784][598]LogModuleManager: Shutting down and abandoning module BackChannel (472)
[2026.08.25-01.37.33:784][598]LogModuleManager: Shutting down and abandoning module OodleNetworkHandlerComponent (470)
[2026.08.25-01.37.33:784][598]LogModuleManager: Shutting down and abandoning module AlembicImporter (468)
[2026.08.25-01.37.33:784][598]LogModuleManager: Shutting down and abandoning module AlembicLibrary (467)
[2026.08.25-01.37.33:784][598]LogModuleManager: Shutting down and abandoning module GeometryCache (466)
[2026.08.25-01.37.33:785][598]LogModuleManager: Shutting down and abandoning module GeometryCacheEd (465)
[2026.08.25-01.37.33:785][598]LogModuleManager: Shutting down and abandoning module NiagaraEditorWidgets (460)
[2026.08.25-01.37.33:785][598]LogModuleManager: Shutting down and abandoning module VisualStudioSourceCodeAccess (458)
[2026.08.25-01.37.33:785][598]LogModuleManager: Shutting down and abandoning module VisualStudioCodeSourceCodeAccess (456)
[2026.08.25-01.37.33:785][598]LogModuleManager: Shutting down and abandoning module SubversionSourceControl (454)
[2026.08.25-01.37.33:785][598]LogModuleManager: Shutting down and abandoning module UObjectPlugin (452)
[2026.08.25-01.37.33:785][598]LogModuleManager: Shutting down and abandoning module PluginUtils (450)
[2026.08.25-01.37.33:785][598]LogModuleManager: Shutting down and abandoning module RiderSourceCodeAccess (448)
[2026.08.25-01.37.33:785][598]LogModuleManager: Shutting down and abandoning module PlasticSourceControl (446)
[2026.08.25-01.37.33:785][598]LogModuleManager: Shutting down and abandoning module PerforceSourceControl (444)
[2026.08.25-01.37.33:785][598]LogModuleManager: Shutting down and abandoning module GitSourceControl (442)
[2026.08.25-01.37.33:785][598]LogModuleManager: Shutting down and abandoning module SourceControl (441)
[2026.08.25-01.37.33:785][598]LogModuleManager: Shutting down and abandoning module CLionSourceCodeAccess (438)
[2026.08.25-01.37.33:785][598]LogModuleManager: Shutting down and abandoning module AnimationSharingEd (436)
[2026.08.25-01.37.33:785][598]LogModuleManager: Shutting down and abandoning module LightPropagationVolumeEditor (434)
[2026.08.25-01.37.33:785][598]LogModuleManager: Shutting down and abandoning module LiveLinkSequencer (432)
[2026.08.25-01.37.33:785][598]LogModuleManager: Shutting down and abandoning module LiveLinkMovieScene (430)
[2026.08.25-01.37.33:785][598]LogModuleManager: Shutting down and abandoning module LiveLinkGraphNode (428)
[2026.08.25-01.37.33:785][598]LogModuleManager: Shutting down and abandoning module LiveLinkEditor (426)
[2026.08.25-01.37.33:785][598]LogModuleManager: Shutting down and abandoning module LiveLinkComponents (424)
[2026.08.25-01.37.33:785][598]LogModuleManager: Shutting down and abandoning module LiveLink (422)
[2026.08.25-01.37.34:458][598]LogModuleManager: Shutting down and abandoning module PaperTiledImporter (420)
[2026.08.25-01.37.34:458][598]LogModuleManager: Shutting down and abandoning module PaperSpriteSheetImporter (418)
[2026.08.25-01.37.34:458][598]LogModuleManager: Shutting down and abandoning module Paper2DEditor (416)
[2026.08.25-01.37.34:458][598]LogModuleManager: Shutting down and abandoning module MeshPaintingToolset (414)
[2026.08.25-01.37.34:458][598]LogModuleManager: Shutting down and abandoning module MeshPaintEditorMode (412)
[2026.08.25-01.37.34:458][598]LogModuleManager: Shutting down and abandoning module SoundFields (410)
[2026.08.25-01.37.34:458][598]LogModuleManager: Shutting down and abandoning module SignificanceManager (408)
[2026.08.25-01.37.34:458][598]LogModuleManager: Shutting down and abandoning module RuntimePhysXCooking (406)
[2026.08.25-01.37.34:458][598]LogModuleManager: Shutting down and abandoning module PropertyAccessEditor (404)
[2026.08.25-01.37.34:458][598]LogModuleManager: Shutting down and abandoning module PhysXVehiclesEditor (402)
[2026.08.25-01.37.34:458][598]LogModuleManager: Shutting down and abandoning module LocationServicesBPLibrary (398)
[2026.08.25-01.37.34:458][598]LogModuleManager: Shutting down and abandoning module AudioSynesthesia (396)
[2026.08.25-01.37.34:458][598]LogModuleManager: Shutting down and abandoning module AudioSynesthesiaCore (394)
[2026.08.25-01.37.34:458][598]LogModuleManager: Shutting down and abandoning module ActorSequence (392)
[2026.08.25-01.37.34:458][598]LogModuleManager: Shutting down and abandoning module UdpMessaging (390)
[2026.08.25-01.37.34:559][598]LogModuleManager: Shutting down and abandoning module TcpMessaging (388)
[2026.08.25-01.37.34:659][598]LogModuleManager: Shutting down and abandoning module ImgMediaEngine (386)
[2026.08.25-01.37.34:659][598]LogModuleManager: Shutting down and abandoning module PythonScriptPlugin (384)
[2026.08.25-01.37.34:659][598]LogModuleManager: Shutting down and abandoning module MagicLeapARPin (382)
[2026.08.25-01.37.34:659][598]LogModuleManager: Shutting down and abandoning module MagicLeapHandMeshing (380)
[2026.08.25-01.37.34:659][598]LogModuleManager: Shutting down and abandoning module MagicLeapSecureStorage (378)
[2026.08.25-01.37.34:659][598]LogModuleManager: Shutting down and abandoning module MagicLeapPrivileges (376)
[2026.08.25-01.37.34:659][598]LogModuleManager: Shutting down and abandoning module MagicLeapPlanes (374)
[2026.08.25-01.37.34:659][598]LogMagicLeapPlanes: Planes tracker already destroyed.
[2026.08.25-01.37.34:659][598]LogModuleManager: Shutting down and abandoning module MagicLeapImageTracker (372)
[2026.08.25-01.37.34:659][598]LogModuleManager: Shutting down and abandoning module MagicLeapIdentity (370)
[2026.08.25-01.37.34:659][598]LogModuleManager: Shutting down and abandoning module MagicLeapHandTracking (368)
[2026.08.25-01.37.34:659][598]LogModuleManager: Shutting down and abandoning module MagicLeapEyeTracker (366)
[2026.08.25-01.37.34:659][598]LogModuleManager: Shutting down and abandoning module MagicLeapController (364)
[2026.08.25-01.37.34:659][598]LogModuleManager: Shutting down and abandoning module MagicLeapARPinImpl (362)
[2026.08.25-01.37.34:659][598]LogModuleManager: Shutting down and abandoning module MagicLeapAR (360)
[2026.08.25-01.37.34:659][598]LogModuleManager: Shutting down and abandoning module FacialAnimationEditor (358)
[2026.08.25-01.37.34:659][598]LogModuleManager: Shutting down and abandoning module FacialAnimation (356)
[2026.08.25-01.37.34:659][598]LogModuleManager: Shutting down and abandoning module GameplayTagsEditor (354)
[2026.08.25-01.37.34:659][598]LogModuleManager: Shutting down and abandoning module AssetManagerEditor (352)
[2026.08.25-01.37.34:659][598]LogModuleManager: Shutting down and abandoning module LevelEditor (351)
[2026.08.25-01.37.34:660][598]LogModuleManager: Shutting down and abandoning module PixelInspectorModule (350)
[2026.08.25-01.37.34:660][598]LogModuleManager: Shutting down and abandoning module CommonMenuExtensions (348)
[2026.08.25-01.37.34:660][598]LogModuleManager: Shutting down and abandoning module MainFrame (346)
[2026.08.25-01.37.34:660][598]LogModuleManager: Shutting down and abandoning module HotReload (345)
[2026.08.25-01.37.34:662][598]LogModuleManager: Shutting down and abandoning module ToolMenus (341)
[2026.08.25-01.37.34:662][598]LogModuleManager: Shutting down and abandoning module TreeMap (339)
[2026.08.25-01.37.34:662][598]LogModuleManager: Shutting down and abandoning module DataValidation (336)
[2026.08.25-01.37.34:662][598]LogModuleManager: Shutting down and abandoning module NiagaraAnimNotifies (334)
[2026.08.25-01.37.34:662][598]LogModuleManager: Shutting down and abandoning module Niagara (332)
[2026.08.25-01.37.34:662][598]LogModuleManager: Shutting down and abandoning module SignalProcessing (331)
[2026.08.25-01.37.34:662][598]LogModuleManager: Shutting down and abandoning module NiagaraEditor (329)
[2026.08.25-01.37.34:662][598]LogModuleManager: Shutting down and abandoning module ContentBrowser (328)
[2026.08.25-01.37.34:662][598]LogModuleManager: Shutting down and abandoning module ContentBrowserData (327)
[2026.08.25-01.37.34:662][598]LogModuleManager: Shutting down and abandoning module NiagaraCore (322)
[2026.08.25-01.37.34:662][598]LogModuleManager: Shutting down and abandoning module PropertyAccessNode (320)
[2026.08.25-01.37.34:662][598]LogModuleManager: Shutting down and abandoning module GameplayCameras (318)
[2026.08.25-01.37.34:662][598]LogModuleManager: Shutting down and abandoning module AnimationSharing (316)
[2026.08.25-01.37.34:662][598]LogModuleManager: Shutting down and abandoning module LightPropagationVolumeRuntime (314)
[2026.08.25-01.37.34:662][598]LogModuleManager: Shutting down and abandoning module EnvironmentQueryEditor (312)
[2026.08.25-01.37.34:662][598]LogModuleManager: Shutting down and abandoning module Paper2D (310)
[2026.08.25-01.37.34:662][598]LogModuleManager: Shutting down and abandoning module WindowsMoviePlayer (308)
[2026.08.25-01.37.34:663][598]LogModuleManager: Shutting down and abandoning module WebMMoviePlayer (306)
[2026.08.25-01.37.34:663][598]LogModuleManager: Shutting down and abandoning module NetworkReplayStreaming (304)
[2026.08.25-01.37.34:663][598]LogModuleManager: Shutting down and abandoning module PacketHandler (302)
[2026.08.25-01.37.34:663][598]LogModuleManager: Shutting down and abandoning module ClothingSystemEditor (300)
[2026.08.25-01.37.34:663][598]LogModuleManager: Shutting down and abandoning module ClothingSystemRuntimeNv (298)
[2026.08.25-01.37.34:663][598]LogModuleManager: Shutting down and abandoning module MediaAssets (296)
[2026.08.25-01.37.34:663][598]LogModuleManager: Shutting down and abandoning module Overlay (294)
[2026.08.25-01.37.34:663][598]LogModuleManager: Shutting down and abandoning module OverlayEditor (293)
[2026.08.25-01.37.34:663][598]LogModuleManager: Shutting down and abandoning module VREditor (290)
[2026.08.25-01.37.34:663][598]LogModuleManager: Shutting down and abandoning module StringTableEditor (288)
[2026.08.25-01.37.34:663][598]LogModuleManager: Shutting down and abandoning module GameplayTasksEditor (286)
[2026.08.25-01.37.34:663][598]LogModuleManager: Shutting down and abandoning module BehaviorTreeEditor (284)
[2026.08.25-01.37.34:663][598]LogModuleManager: Shutting down and abandoning module FunctionalTesting (282)
[2026.08.25-01.37.34:663][598]LogModuleManager: Shutting down and abandoning module CollisionAnalyzer (280)
[2026.08.25-01.37.34:663][598]LogModuleManager: Shutting down and abandoning module WorkspaceMenuStructure (279)
[2026.08.25-01.37.34:663][598]LogModuleManager: Shutting down and abandoning module UMG (276)
[2026.08.25-01.37.34:663][598]LogModuleManager: Shutting down and abandoning module UMGEditor (275)
[2026.08.25-01.37.34:663][598]LogModuleManager: Shutting down and abandoning module MessageLog (273)
[2026.08.25-01.37.34:663][598]LogModuleManager: Shutting down and abandoning module SlateReflector (268)
[2026.08.25-01.37.34:663][598]LogModuleManager: Shutting down and abandoning module Slate (266)
[2026.08.25-01.37.34:663][598]LogModuleManager: Shutting down and abandoning module SlateCore (264)
[2026.08.25-01.37.34:664][598]LogModuleManager: Shutting down and abandoning module LandscapeEditorUtilities (262)
[2026.08.25-01.37.34:664][598]LogModuleManager: Shutting down and abandoning module UnrealEd (260)
[2026.08.25-01.37.34:664][598]LogModuleManager: Shutting down and abandoning module MRMesh (258)
[2026.08.25-01.37.34:664][598]LogModuleManager: Shutting down and abandoning module SourceCodeAccess (256)
[2026.08.25-01.37.34:664][598]LogModuleManager: Shutting down and abandoning module HeadMountedDisplay (254)
[2026.08.25-01.37.34:664][598]LogModuleManager: Shutting down and abandoning module XAudio2 (252)
[2026.08.25-01.37.34:664][598]LogModuleManager: Shutting down and abandoning module Networking (250)
[2026.08.25-01.37.34:664][598]LogModuleManager: Shutting down and abandoning module Core (248)
[2026.08.25-01.37.34:664][598]LogModuleManager: Shutting down and abandoning module MaterialEditor (246)
[2026.08.25-01.37.34:664][598]LogModuleManager: Shutting down and abandoning module MovieSceneTools (244)
[2026.08.25-01.37.34:664][598]LogModuleManager: Shutting down and abandoning module CurveEditor (243)
[2026.08.25-01.37.34:664][598]LogModuleManager: Shutting down and abandoning module Sequencer (241)
[2026.08.25-01.37.34:664][598]LogModuleManager: Shutting down and abandoning module EditorStyle (240)
[2026.08.25-01.37.34:666][598]LogModuleManager: Shutting down and abandoning module KismetCompiler (236)
[2026.08.25-01.37.34:666][598]LogModuleManager: Shutting down and abandoning module MeshBuilder (234)
[2026.08.25-01.37.34:666][598]LogModuleManager: Shutting down and abandoning module MeshUtilities (232)
[2026.08.25-01.37.34:666][598]LogModuleManager: Shutting down and abandoning module MeshMergeUtilities (231)
[2026.08.25-01.37.34:666][598]LogModuleManager: Shutting down and abandoning module MeshReductionInterface (230)
[2026.08.25-01.37.34:666][598]LogModuleManager: Shutting down and abandoning module MeshBoneReduction (229)
[2026.08.25-01.37.34:666][598]LogModuleManager: Shutting down and abandoning module SkeletalMeshReduction (227)
[2026.08.25-01.37.34:666][598]LogModuleManager: Shutting down and abandoning module ProxyLODMeshReduction (225)
[2026.08.25-01.37.34:666][598]LogModuleManager: Shutting down and abandoning module QuadricMeshReduction (223)
[2026.08.25-01.37.34:666][598]LogModuleManager: Shutting down and abandoning module MaterialBaking (219)
[2026.08.25-01.37.34:666][598]LogModuleManager: Shutting down and abandoning module NullInstallBundleManager (214)
[2026.08.25-01.37.34:666][598]LogModuleManager: Shutting down and abandoning module DerivedDataCache (212)
[2026.08.25-01.37.34:666][598]LogModuleManager: Shutting down and abandoning module TargetPlatform (210)
[2026.08.25-01.37.34:666][598]LogModuleManager: Shutting down and abandoning module VulkanShaderFormat (209)
[2026.08.25-01.37.34:667][598]LogModuleManager: Shutting down and abandoning module ShaderFormatVectorVM (207)
[2026.08.25-01.37.34:667][598]LogModuleManager: Shutting down and abandoning module ShaderFormatOpenGL (205)
[2026.08.25-01.37.34:667][598]LogModuleManager: Shutting down and abandoning module ShaderFormatD3D (203)
[2026.08.25-01.37.34:667][598]LogModuleManager: Shutting down and abandoning module MetalShaderFormat (201)
[2026.08.25-01.37.34:667][598]LogModuleManager: Shutting down and abandoning module TextureFormatOodle (199)
[2026.08.25-01.37.34:667][598]LogModuleManager: Shutting down and abandoning module TextureFormatUncompressed (197)
[2026.08.25-01.37.34:667][598]LogModuleManager: Shutting down and abandoning module TextureFormatPVR (195)
[2026.08.25-01.37.34:667][598]LogModuleManager: Shutting down and abandoning module TextureFormatETC2 (193)
[2026.08.25-01.37.34:667][598]LogModuleManager: Shutting down and abandoning module TextureFormatDXT (191)
[2026.08.25-01.37.34:667][598]LogModuleManager: Shutting down and abandoning module TextureFormatIntelISPCTexComp (189)
[2026.08.25-01.37.34:667][598]LogModuleManager: Shutting down and abandoning module TextureFormatASTC (187)
[2026.08.25-01.37.34:667][598]LogModuleManager: Shutting down and abandoning module ImageWrapper (186)
[2026.08.25-01.37.34:667][598]LogModuleManager: Shutting down and abandoning module AudioFormatOpus (183)
[2026.08.25-01.37.34:667][598]LogModuleManager: Shutting down and abandoning module AudioFormatOgg (181)
[2026.08.25-01.37.34:667][598]LogModuleManager: Shutting down and abandoning module AudioFormatADPCM (179)
[2026.08.25-01.37.34:667][598]LogModuleManager: Shutting down and abandoning module WindowsServerTargetPlatform (177)
[2026.08.25-01.37.34:667][598]LogModuleManager: Shutting down and abandoning module WindowsClientTargetPlatform (175)
[2026.08.25-01.37.34:667][598]LogModuleManager: Shutting down and abandoning module WindowsTargetPlatform (173)
[2026.08.25-01.37.34:667][598]LogModuleManager: Shutting down and abandoning module WindowsNoEditorTargetPlatform (171)
[2026.08.25-01.37.34:667][598]LogModuleManager: Shutting down and abandoning module TVOSTargetPlatform (169)
[2026.08.25-01.37.34:668][598]LogModuleManager: Shutting down and abandoning module MacServerTargetPlatform (167)
[2026.08.25-01.37.34:668][598]LogModuleManager: Shutting down and abandoning module MacClientTargetPlatform (165)
[2026.08.25-01.37.34:668][598]LogModuleManager: Shutting down and abandoning module MacTargetPlatform (163)
[2026.08.25-01.37.34:668][598]LogModuleManager: Shutting down and abandoning module MacNoEditorTargetPlatform (161)
[2026.08.25-01.37.34:668][598]LogModuleManager: Shutting down and abandoning module LuminTargetPlatform (159)
[2026.08.25-01.37.34:668][598]LogModuleManager: Shutting down and abandoning module LinuxAArch64ServerTargetPlatform (157)
[2026.08.25-01.37.34:668][598]LogModuleManager: Shutting down and abandoning module LinuxAArch64ClientTargetPlatform (155)
[2026.08.25-01.37.34:668][598]LogModuleManager: Shutting down and abandoning module LinuxAArch64NoEditorTargetPlatform (153)
[2026.08.25-01.37.34:668][598]LogModuleManager: Shutting down and abandoning module LinuxServerTargetPlatform (151)
[2026.08.25-01.37.34:669][598]LogModuleManager: Shutting down and abandoning module LinuxClientTargetPlatform (149)
[2026.08.25-01.37.34:669][598]LogModuleManager: Shutting down and abandoning module LinuxNoEditorTargetPlatform (147)
[2026.08.25-01.37.34:669][598]LogModuleManager: Shutting down and abandoning module LinuxTargetPlatform (145)
[2026.08.25-01.37.34:669][598]LogModuleManager: Shutting down and abandoning module Messaging (143)
[2026.08.25-01.37.34:669][598]LogModuleManager: Shutting down and abandoning module IOSTargetPlatform (141)
[2026.08.25-01.37.34:669][598]LogModuleManager: Shutting down and abandoning module AndroidTargetPlatform (139)
[2026.08.25-01.37.34:672][598]LogModuleManager: Shutting down and abandoning module AllDesktopTargetPlatform (137)
[2026.08.25-01.37.34:672][598]LogModuleManager: Shutting down and abandoning module D3D11RHI (134)
[2026.08.25-01.37.34:672][598]LogModuleManager: Shutting down and abandoning module InputCore (132)
[2026.08.25-01.37.34:672][598]LogModuleManager: Shutting down and abandoning module Settings (130)
[2026.08.25-01.37.34:672][598]LogModuleManager: Shutting down and abandoning module DirectoryWatcher (128)
[2026.08.25-01.37.34:672][598]LogModuleManager: Shutting down and abandoning module PhysXCooking (126)
[2026.08.25-01.37.34:672][598]LogModuleManager: Shutting down and abandoning module Chaos (124)
[2026.08.25-01.37.34:672][598]LogModuleManager: Shutting down and abandoning module WindowsPlatformFeatures (122)
[2026.08.25-01.37.34:672][598]LogModuleManager: Shutting down and abandoning module GameplayMediaEncoder (121)
[2026.08.25-01.37.34:672][598]LogModuleManager: Shutting down and abandoning module AVEncoder (120)
[2026.08.25-01.37.34:672][598]LogModuleManager: Shutting down and abandoning module SteamVRInputDevice (116)
[2026.08.25-01.37.34:672][598]LogModuleManager: Shutting down and abandoning module SteamVRInput (114)
[2026.08.25-01.37.34:672][598]LogModuleManager: Shutting down and abandoning module SteamVR (112)
[2026.08.25-01.37.34:672][598]LogHMD: Freeing OpenVRDLLHandle.
[2026.08.25-01.37.34:672][598]LogModuleManager: Shutting down and abandoning module OculusHMD (110)
[2026.08.25-01.37.34:672][598]LogModuleManager: Shutting down and abandoning module OpenXRHandTracking (108)
[2026.08.25-01.37.34:672][598]LogSlate: Slate User Destroyed.  User Index 0, Is Virtual User: 0
[2026.08.25-01.37.34:672][598]LogModuleManager: Shutting down and abandoning module OpenXREyeTracker (106)
[2026.08.25-01.37.34:672][598]LogModuleManager: Shutting down and abandoning module OpenXRAR (104)
[2026.08.25-01.37.34:672][598]LogModuleManager: Shutting down and abandoning module AugmentedReality (103)
[2026.08.25-01.37.34:672][598]LogModuleManager: Shutting down and abandoning module OpenXRHMD (100)
[2026.08.25-01.37.34:674][598]LogModuleManager: Shutting down and abandoning module ExampleDeviceProfileSelector (98)
[2026.08.25-01.37.34:674][598]LogModuleManager: Shutting down and abandoning module ChunkDownloader (96)
[2026.08.25-01.37.34:674][598]LogModuleManager: Shutting down and abandoning module LauncherChunkInstaller (94)
[2026.08.25-01.37.34:674][598]LogModuleManager: Shutting down and abandoning module OnlineBlueprintSupport (92)
[2026.08.25-01.37.34:674][598]LogModuleManager: Shutting down and abandoning module OnlineSubsystem (88)
[2026.08.25-01.37.34:675][598]LogModuleManager: Shutting down and abandoning module XMPP (83)
[2026.08.25-01.37.34:675][598]LogModuleManager: Shutting down and abandoning module WebSockets (82)
[2026.08.25-01.37.34:708][598]LogModuleManager: Shutting down and abandoning module HTTP (79)
[2026.08.25-01.37.34:708][598]LogHttp: Display: Http module shutting down, but needs to wait on 1 outstanding Http requests:
[2026.08.25-01.37.34:708][598]LogHttp: Display: 	verb=[POST] url=[https://datarouter.ol.epicgames.com/datarouter/api/v1/public/data?SessionID=%7BBBC61B37-41BF-7A95-997D-D0925FC4DB99%7D&AppID=UEEditor.Rocket.Release&AppVersion=4.27.2-18319896%2B%2B%2BUE4%2BRelease-4.27&UserID=aad14cfa4a1ed281c560f785102d869b%7C24de892310f14890888f3bfa72d3ca7c%7C72aeb03c-3a2b-4ff1-80d4-ff410d42d422&AppEnvironment=datacollector-binary&UploadType=eteventstream] refs=[1] status=Processing
[2026.08.25-01.37.34:708][598]LogHttp: Display: cleaning up 1 outstanding Http requests.
[2026.08.25-01.37.34:723][598]LogModuleManager: Shutting down and abandoning module SSL (78)
[2026.08.25-01.37.34:724][598]LogModuleManager: Shutting down and abandoning module VariantManagerContent (74)
[2026.08.25-01.37.34:724][598]LogModuleManager: Shutting down and abandoning module DatasmithContent (72)
[2026.08.25-01.37.34:725][598]LogModuleManager: Shutting down and abandoning module WmfMedia (70)
[2026.08.25-01.37.34:727][598]LogModuleManager: Shutting down and abandoning module Media (69)
[2026.08.25-01.37.34:728][598]LogModuleManager: Shutting down and abandoning module MediaInfo (68)
[2026.08.25-01.37.34:728][598]LogModuleManager: Shutting down and abandoning module ExrReaderGpu (64)
[2026.08.25-01.37.34:728][598]LogModuleManager: Shutting down and abandoning module MLSDK (62)
[2026.08.25-01.37.34:728][598]LogModuleManager: Shutting down and abandoning module MagicLeap (60)
[2026.08.25-01.37.34:728][598]LogModuleManager: Shutting down and abandoning module ChaosCloth (58)
[2026.08.25-01.37.34:728][598]LogModuleManager: Shutting down and abandoning module NiagaraVertexFactories (56)
[2026.08.25-01.37.34:728][598]LogModuleManager: Shutting down and abandoning module NiagaraShader (54)
[2026.08.25-01.37.34:728][598]LogModuleManager: Shutting down and abandoning module PixWinPlugin (52)
[2026.08.25-01.37.34:728][598]LogModuleManager: Shutting down and abandoning module AISupportModule (50)
[2026.08.25-01.37.34:728][598]LogModuleManager: Shutting down and abandoning module DesktopPlatform (48)
[2026.08.25-01.37.34:728][598]LogModuleManager: Shutting down and abandoning module PlatformCryptoOpenSSL (46)
[2026.08.25-01.37.34:728][598]LogModuleManager: Shutting down and abandoning module PlatformCryptoTypes (44)
[2026.08.25-01.37.34:728][598]LogModuleManager: Shutting down and abandoning module PlatformCrypto (42)
[2026.08.25-01.37.34:728][598]LogModuleManager: Shutting down and abandoning module PythonScriptPluginPreload (40)
[2026.08.25-01.37.34:728][598]LogModuleManager: Shutting down and abandoning module OodleDataCompressionFormat (38)
[2026.08.25-01.37.34:728][598]LogModuleManager: Shutting down and abandoning module XGEController (36)
[2026.08.25-01.37.34:728][598]LogModuleManager: Shutting down and abandoning module AnimationModifiers (34)
[2026.08.25-01.37.34:728][598]LogModuleManager: Shutting down and abandoning module AudioEditor (32)
[2026.08.25-01.37.34:728][598]LogModuleManager: Shutting down and abandoning module PropertyEditor (31)
[2026.08.25-01.37.34:728][598]LogModuleManager: Shutting down and abandoning module TextureCompressor (28)
[2026.08.25-01.37.34:728][598]LogModuleManager: Shutting down and abandoning module RenderCore (26)
[2026.08.25-01.37.34:728][598]LogModuleManager: Shutting down and abandoning module Landscape (24)
[2026.08.25-01.37.34:728][598]LogModuleManager: Shutting down and abandoning module SlateRHIRenderer (22)
[2026.08.25-01.37.34:729][598]LogModuleManager: Shutting down and abandoning module AnimGraphRuntime (20)
[2026.08.25-01.37.34:729][598]LogModuleManager: Shutting down and abandoning module Renderer (18)
[2026.08.25-01.37.34:729][598]LogModuleManager: Shutting down and abandoning module Engine (16)
[2026.08.25-01.37.34:729][598]LogModuleManager: Shutting down and abandoning module CoreUObject (14)
[2026.08.25-01.37.34:729][598]LogModuleManager: Shutting down and abandoning module NetworkFile (12)
[2026.08.25-01.37.34:729][598]LogModuleManager: Shutting down and abandoning module CookedIterativeFile (10)
[2026.08.25-01.37.34:729][598]LogModuleManager: Shutting down and abandoning module StreamingFile (8)
[2026.08.25-01.37.34:729][598]LogModuleManager: Shutting down and abandoning module SandboxFile (6)
[2026.08.25-01.37.34:729][598]LogModuleManager: Shutting down and abandoning module PakFile (4)
[2026.08.25-01.37.34:729][598]LogModuleManager: Shutting down and abandoning module RSA (3)
[2026.08.25-01.37.34:729][598]LogContentStreaming: Display: There are 1 unreleased StreamingManagers
[2026.08.25-01.37.34:754][598]LogD3D11RHI: Shutdown
[2026.08.25-01.37.34:754][598]LogD3D11RHI: CleanupD3DDevice
[2026.08.25-01.37.34:756][598]LogExit: Exiting.
[2026.08.25-01.37.34:762][598]Log file closed, 08/24/26 18:37:34
