Log file open, 08/25/26 16:43:19
LogWindows: Failed to load 'aqProf.dll' (GetLastError=126)
LogWindows: File 'aqProf.dll' does not exist
LogWindows: Failed to load 'VtuneApi.dll' (GetLastError=126)
LogWindows: File 'VtuneApi.dll' does not exist
LogWindows: Failed to load 'VtuneApi32e.dll' (GetLastError=126)
LogWindows: File 'VtuneApi32e.dll' does not exist
LogConsoleResponse: Display: Failed to find resolution value strings in scalability ini. Falling back to default.
LogConsoleResponse: Display: Failed to find resolution value strings in scalability ini. Falling back to default.
LogInit: Display: Running engine for game: BrackeysJam2026
LogPlatformFile: Not using cached read wrapper
LogTaskGraph: Started task graph with 5 named threads and 47 total threads with 3 sets of task threads.
LogStats: Stats thread started at 0.199492
LogICUInternationalization: ICU TimeZone Detection - Raw Offset: -8:00, Platform Override: ''
LogInit: Display: Loading text-based GConfig....
LogPluginManager: Mounting plugin MeshPainting
LogPluginManager: Mounting plugin XGEController
LogPluginManager: Mounting plugin Paper2D
LogPluginManager: Mounting plugin AISupport
LogPluginManager: Mounting plugin LiveLink
LogPluginManager: Mounting plugin EnvironmentQueryEditor
LogPluginManager: Mounting plugin LightPropagationVolume
LogPluginManager: Mounting plugin GameplayCameras
LogPluginManager: Mounting plugin CameraShakePreviewer
LogPluginManager: Mounting plugin OodleData
LogPluginManager: Mounting plugin OodleNetwork
LogPluginManager: Mounting plugin DatasmithContent
LogPluginManager: Mounting plugin AssetManagerEditor
LogPluginManager: Mounting plugin VariantManagerContent
LogPluginManager: Mounting plugin AlembicImporter
LogPluginManager: Mounting plugin DataValidation
LogPluginManager: Mounting plugin CryptoKeys
LogPluginManager: Mounting plugin CurveEditorTools
LogPluginManager: Mounting plugin FacialAnimation
LogPluginManager: Mounting plugin AutomationUtils
LogPluginManager: Mounting plugin AnimationSharing
LogPluginManager: Mounting plugin ChaosCloth
LogPluginManager: Mounting plugin ChaosClothEditor
LogPluginManager: Mounting plugin ChaosSolverPlugin
LogPluginManager: Mounting plugin ChaosNiagara
LogPluginManager: Mounting plugin BackChannel
LogPluginManager: Mounting plugin ChaosEditor
LogPluginManager: Mounting plugin GameplayTagsEditor
LogPluginManager: Mounting plugin GeometryMode
LogPluginManager: Mounting plugin MaterialAnalyzer
LogPluginManager: Mounting plugin CharacterAI
LogPluginManager: Mounting plugin CLionSourceCodeAccess
LogPluginManager: Mounting plugin MacGraphicsSwitching
LogPluginManager: Mounting plugin LuminPlatformFeatures
LogPluginManager: Mounting plugin CodeLiteSourceCodeAccess
LogPluginManager: Mounting plugin MobileLauncherProfileWizard
LogPluginManager: Mounting plugin PluginBrowser
LogPluginManager: Mounting plugin SpeedTreeImporter
LogPluginManager: Mounting plugin MagicLeap
LogPluginManager: Mounting plugin MagicLeapLightEstimation
LogPluginManager: Mounting plugin MagicLeapMedia
LogPluginManager: Mounting plugin MagicLeapPassableWorld
LogPluginManager: Mounting plugin MLSDK
LogPluginManager: Mounting plugin GitSourceControl
LogPluginManager: Mounting plugin PerforceSourceControl
LogPluginManager: Mounting plugin KDevelopSourceCodeAccess
LogPluginManager: Mounting plugin NullSourceCodeAccess
LogPluginManager: Mounting plugin PixWinPlugin
LogPluginManager: Mounting plugin PlasticSourceControl
LogPluginManager: Mounting plugin PluginUtils
LogPluginManager: Mounting plugin PropertyAccessNode
LogPluginManager: Mounting plugin SubversionSourceControl
LogPluginManager: Mounting plugin TextureFormatOodle
LogPluginManager: Mounting plugin UObjectPlugin
LogPluginManager: Mounting plugin RiderSourceCodeAccess
LogPluginManager: Mounting plugin XCodeSourceCodeAccess
LogPluginManager: Mounting plugin VisualStudioSourceCodeAccess
LogPluginManager: Mounting plugin VisualStudioCodeSourceCodeAccess
LogPluginManager: Mounting plugin GeometryCollectionPlugin
LogPluginManager: Mounting plugin GeometryCache
LogPluginManager: Mounting plugin Niagara
LogPluginManager: Mounting plugin GeometryProcessing
LogPluginManager: Mounting plugin PlatformCrypto
LogPluginManager: Mounting plugin MotoSynth
LogPluginManager: Mounting plugin ProxyLODPlugin
LogPluginManager: Mounting plugin OpenImageDenoise
LogPluginManager: Mounting plugin PythonScriptPlugin
LogPluginManager: Mounting plugin PlanarCut
LogPluginManager: Mounting plugin SkeletalReduction
LogPluginManager: Mounting plugin LevelSequenceEditor
LogPluginManager: Mounting plugin ActorSequence
LogPluginManager: Mounting plugin TemplateSequence
LogPluginManager: Mounting plugin MatineeToLevelSequence
LogPluginManager: Mounting plugin AndroidMedia
LogPluginManager: Mounting plugin AvfMedia
LogPluginManager: Mounting plugin ImgMedia
LogPluginManager: Mounting plugin MediaCompositing
LogPluginManager: Mounting plugin OnlineSubsystem
LogPluginManager: Mounting plugin OnlineSubsystemNull
LogPluginManager: Mounting plugin MediaPlayerEditor
LogPluginManager: Mounting plugin OnlineSubsystemUtils
LogPluginManager: Mounting plugin WebMMedia
LogPluginManager: Mounting plugin WmfMedia
LogPluginManager: Mounting plugin TcpMessaging
LogPluginManager: Mounting plugin UdpMessaging
LogPluginManager: Mounting plugin AndroidMoviePlayer
LogPluginManager: Mounting plugin LauncherChunkInstaller
LogPluginManager: Mounting plugin ActorLayerUtilities
LogPluginManager: Mounting plugin AndroidDeviceProfileSelector
LogPluginManager: Mounting plugin AndroidPermission
LogPluginManager: Mounting plugin AssetTags
LogPluginManager: Mounting plugin ArchVisCharacter
LogPluginManager: Mounting plugin AudioCapture
LogPluginManager: Mounting plugin AppleMoviePlayer
LogPluginManager: Mounting plugin AppleImageUtils
LogPluginManager: Mounting plugin ChunkDownloader
LogPluginManager: Mounting plugin CustomMeshComponent
LogPluginManager: Mounting plugin AudioSynesthesia
LogPluginManager: Mounting plugin CableComponent
LogPluginManager: Mounting plugin ExampleDeviceProfileSelector
LogPluginManager: Mounting plugin GoogleCloudMessaging
LogPluginManager: Mounting plugin EditableMesh
LogPluginManager: Mounting plugin ScreenshotTools
LogPluginManager: Mounting plugin GooglePAD
LogPluginManager: Mounting plugin IOSDeviceProfileSelector
LogPluginManager: Mounting plugin LinuxDeviceProfileSelector
LogPluginManager: Mounting plugin LocationServicesBPLibrary
LogPluginManager: Mounting plugin MobilePatchingUtils
LogPluginManager: Mounting plugin OpenXR
LogPluginManager: Mounting plugin OpenXRHandTracking
LogPluginManager: Mounting plugin OpenXREyeTracker
LogPluginManager: Mounting plugin PhysXVehicles
LogPluginManager: Mounting plugin PostSplashScreen
LogPluginManager: Mounting plugin ProceduralMeshComponent
LogPluginManager: Mounting plugin SignificanceManager
LogPluginManager: Mounting plugin SoundFields
LogPluginManager: Mounting plugin PropertyAccessEditor
LogPluginManager: Mounting plugin RuntimePhysXCooking
LogPluginManager: Mounting plugin Synthesis
LogPluginManager: Mounting plugin WebMMoviePlayer
LogPluginManager: Mounting plugin WindowsMoviePlayer
LogPluginManager: Mounting plugin Takes
LogPluginManager: Mounting plugin ContentBrowserAssetDataSource
LogPluginManager: Mounting plugin ContentBrowserClassDataSource
LogPluginManager: Mounting plugin ContentBrowserFileDataSource
LogPluginManager: Mounting plugin OnlineSubsystemGooglePlay
LogPluginManager: Mounting plugin OnlineSubsystemIOS
LogPluginManager: Mounting plugin OculusVR
LogPluginManager: Mounting plugin SteamVR
PixWinPlugin: PIX capture plugin failed to initialize! Check that the process is launched from PIX.
LogInit: Using libcurl 7.55.1-DEV
LogInit:  - built for x86_64-pc-win32
LogInit:  - supports SSL with OpenSSL/1.1.1
LogInit:  - supports HTTP deflate (compression) using libz 1.2.8
LogInit:  - other features:
LogInit:      CURL_VERSION_SSL
LogInit:      CURL_VERSION_LIBZ
LogInit:      CURL_VERSION_IPV6
LogInit:      CURL_VERSION_ASYNCHDNS
LogInit:      CURL_VERSION_LARGEFILE
LogInit:      CURL_VERSION_IDN
LogInit:  CurlRequestOptions (configurable via config and command line):
LogInit:  - bVerifyPeer = true  - Libcurl will verify peer certificate
LogInit:  - bUseHttpProxy = false  - Libcurl will NOT use HTTP proxy
LogInit:  - bDontReuseConnections = false  - Libcurl will reuse connections
LogInit:  - MaxHostConnections = 16  - Libcurl will limit the number of connections to a host
LogInit:  - LocalHostAddr = Default
LogInit:  - BufferSize = 65536
LogOnline: OSS: Creating online subsystem instance for: NULL
LogInit: WinSock: version 1.1 (2.2), MaxSocks=32767, MaxUdp=65467
LogOnline: OSS: TryLoadSubsystemAndSetDefault: Loaded subsystem for module [NULL]
LogOculusPluginWrapper: OculusPlugin initialized successfully
LogHMD: Failed initializing OVRPlugin 1.59.0
LogInit: Build: ++UE4+Release-4.27-CL-18319896
LogInit: Engine Version: 4.27.2-18319896+++UE4+Release-4.27
LogInit: Compatible Engine Version: 4.27.0-17155196+++UE4+Release-4.27
LogInit: Net CL: 17155196
LogInit: OS: Windows 10 (Release 2009) (), CPU: AMD Ryzen 7 PRO 8845HS w/ Radeon 780M Graphics, GPU: AMD Radeon 780M Graphics
LogInit: Compiled (64-bit): Nov 30 2021 07:12:08
LogInit: Compiled with Visual C++: 19.24.28315.00
LogInit: Build Configuration: Development
LogInit: Branch Name: ++UE4+Release-4.27
LogInit: Command Line: 
LogInit: Base Directory: C:/Program Files/Epic Games/UE_4.27/Engine/Binaries/Win64/
LogInit: Allocator: TBB
LogInit: Installed Engine Build: 1
LogDevObjectVersion: Number of dev versions registered: 29
LogDevObjectVersion:   Dev-Blueprints (B0D832E4-1F89-4F0D-ACCF-7EB736FD4AA2): 10
LogDevObjectVersion:   Dev-Build (E1C64328-A22C-4D53-A36C-8E866417BD8C): 0
LogDevObjectVersion:   Dev-Core (375EC13C-06E4-48FB-B500-84F0262A717E): 4
LogDevObjectVersion:   Dev-Editor (E4B068ED-F494-42E9-A231-DA0B2E46BB41): 40
LogDevObjectVersion:   Dev-Framework (CFFC743F-43B0-4480-9391-14DF171D2073): 37
LogDevObjectVersion:   Dev-Mobile (B02B49B5-BB20-44E9-A304-32B752E40360): 3
LogDevObjectVersion:   Dev-Networking (A4E4105C-59A1-49B5-A7C5-40C4547EDFEE): 0
LogDevObjectVersion:   Dev-Online (39C831C9-5AE6-47DC-9A44-9C173E1C8E7C): 0
LogDevObjectVersion:   Dev-Physics (78F01B33-EBEA-4F98-B9B4-84EACCB95AA2): 14
LogDevObjectVersion:   Dev-Platform (6631380F-2D4D-43E0-8009-CF276956A95A): 0
LogDevObjectVersion:   Dev-Rendering (12F88B9F-8875-4AFC-A67C-D90C383ABD29): 45
LogDevObjectVersion:   Dev-Sequencer (7B5AE74C-D270-4C10-A958-57980B212A5A): 13
LogDevObjectVersion:   Dev-VR (D7296918-1DD6-4BDD-9DE2-64A83CC13884): 3
LogDevObjectVersion:   Dev-LoadTimes (C2A15278-BFE7-4AFE-6C17-90FF531DF755): 1
LogDevObjectVersion:   Private-Geometry (6EACA3D4-40EC-4CC1-B786-8BED09428FC5): 3
LogDevObjectVersion:   Dev-AnimPhys (29E575DD-E0A3-4627-9D10-D276232CDCEA): 17
LogDevObjectVersion:   Dev-Anim (AF43A65D-7FD3-4947-9873-3E8ED9C1BB05): 15
LogDevObjectVersion:   Dev-ReflectionCapture (6B266CEC-1EC7-4B8F-A30B-E4D90942FC07): 1
LogDevObjectVersion:   Dev-Automation (0DF73D61-A23F-47EA-B727-89E90C41499A): 1
LogDevObjectVersion:   FortniteMain (601D1886-AC64-4F84-AA16-D3DE0DEAC7D6): 47
LogDevObjectVersion:   FortniteRelease (E7086368-6B23-4C58-8439-1B7016265E91): 1
LogDevObjectVersion:   Dev-Enterprise (9DFFBCD6-494F-0158-E221-12823C92A888): 10
LogDevObjectVersion:   Dev-Niagara (F2AED0AC-9AFE-416F-8664-AA7FFA26D6FC): 1
LogDevObjectVersion:   Dev-Destruction (174F1F0B-B4C6-45A5-B13F-2EE8D0FB917D): 10
LogDevObjectVersion:   Dev-Physics-Ext (35F94A83-E258-406C-A318-09F59610247C): 41
LogDevObjectVersion:   Dev-PhysicsMaterial-Chaos (B68FC16E-8B1B-42E2-B453-215C058844FE): 1
LogDevObjectVersion:   Dev-CineCamera (B2E18506-4273-CFC2-A54E-F4BB758BBA07): 1
LogDevObjectVersion:   Dev-VirtualProduction (64F58936-FD1B-42BA-BA96-7289D5D0FA4E): 1
LogDevObjectVersion:   Dev-MediaFramework (6F0ED827-A609-4895-9C91-998D90180EA4): 2
LogInit: Presizing for max 25165824 objects, including 0 objects not considered by GC, pre-allocating 0 bytes for permanent pool.
LogConfig: Applying CVar settings from Section [/Script/Engine.StreamingSettings] File [E:/_Alex's Data/Unreal Engine/Unreal Projects/Brackeys2026/Brackeys-2026/BrackeysJam2026/Saved/Config/Windows/Engine.ini]
LogConfig: Setting CVar [[s.MinBulkDataSizeForAsyncLoading:131072]]
LogConfig: Setting CVar [[s.AsyncLoadingThreadEnabled:0]]
LogConfig: Setting CVar [[s.EventDrivenLoaderEnabled:1]]
LogConfig: Setting CVar [[s.WarnIfTimeLimitExceeded:0]]
LogConfig: Setting CVar [[s.TimeLimitExceededMultiplier:1.5]]
LogConfig: Setting CVar [[s.TimeLimitExceededMinTime:0.005]]
LogConfig: Setting CVar [[s.UseBackgroundLevelStreaming:1]]
LogConfig: Setting CVar [[s.PriorityAsyncLoadingExtraTime:15.0]]
LogConfig: Setting CVar [[s.LevelStreamingActorsUpdateTimeLimit:5.0]]
LogConfig: Setting CVar [[s.PriorityLevelStreamingActorsUpdateExtraTime:5.0]]
LogConfig: Setting CVar [[s.LevelStreamingComponentsRegistrationGranularity:10]]
LogConfig: Setting CVar [[s.UnregisterComponentsTimeLimit:1.0]]
LogConfig: Setting CVar [[s.LevelStreamingComponentsUnregistrationGranularity:5]]
LogConfig: Setting CVar [[s.FlushStreamingOnExit:1]]
LogInit: Object subsystem initialized
LogConfig: Setting CVar [[con.DebugEarlyDefault:1]]
LogConfig: Setting CVar [[r.setres:1280x720]]
[2026.08.25-23.43.20:100][  0]LogConfig: Setting CVar [[r.VSync:0]]
[2026.08.25-23.43.20:100][  0]LogConfig: Setting CVar [[r.RHICmdBypass:0]]
[2026.08.25-23.43.20:100][  0]LogConfig: Applying CVar settings from Section [/Script/Engine.RendererSettings] File [E:/_Alex's Data/Unreal Engine/Unreal Projects/Brackeys2026/Brackeys-2026/BrackeysJam2026/Saved/Config/Windows/Engine.ini]
[2026.08.25-23.43.20:100][  0]LogConfig: Setting CVar [[r.GPUCrashDebugging:0]]
[2026.08.25-23.43.20:100][  0]LogConfig: Setting CVar [[r.DefaultFeature.MotionBlur:0]]
[2026.08.25-23.43.20:100][  0]LogConfig: Applying CVar settings from Section [/Script/Engine.RendererOverrideSettings] File [E:/_Alex's Data/Unreal Engine/Unreal Projects/Brackeys2026/Brackeys-2026/BrackeysJam2026/Saved/Config/Windows/Engine.ini]
[2026.08.25-23.43.20:100][  0]LogConfig: Applying CVar settings from Section [/Script/Engine.StreamingSettings] File [E:/_Alex's Data/Unreal Engine/Unreal Projects/Brackeys2026/Brackeys-2026/BrackeysJam2026/Saved/Config/Windows/Engine.ini]
[2026.08.25-23.43.20:100][  0]LogConfig: Setting CVar [[s.MinBulkDataSizeForAsyncLoading:131072]]
[2026.08.25-23.43.20:100][  0]LogConfig: Setting CVar [[s.AsyncLoadingThreadEnabled:0]]
[2026.08.25-23.43.20:100][  0]LogConfig: Setting CVar [[s.EventDrivenLoaderEnabled:1]]
[2026.08.25-23.43.20:100][  0]LogConfig: Setting CVar [[s.WarnIfTimeLimitExceeded:0]]
[2026.08.25-23.43.20:100][  0]LogConfig: Setting CVar [[s.TimeLimitExceededMultiplier:1.5]]
[2026.08.25-23.43.20:100][  0]LogConfig: Setting CVar [[s.TimeLimitExceededMinTime:0.005]]
[2026.08.25-23.43.20:100][  0]LogConfig: Setting CVar [[s.UseBackgroundLevelStreaming:1]]
[2026.08.25-23.43.20:100][  0]LogConfig: Setting CVar [[s.PriorityAsyncLoadingExtraTime:15.0]]
[2026.08.25-23.43.20:100][  0]LogConfig: Setting CVar [[s.LevelStreamingActorsUpdateTimeLimit:5.0]]
[2026.08.25-23.43.20:100][  0]LogConfig: Setting CVar [[s.PriorityLevelStreamingActorsUpdateExtraTime:5.0]]
[2026.08.25-23.43.20:100][  0]LogConfig: Setting CVar [[s.LevelStreamingComponentsRegistrationGranularity:10]]
[2026.08.25-23.43.20:100][  0]LogConfig: Setting CVar [[s.UnregisterComponentsTimeLimit:1.0]]
[2026.08.25-23.43.20:100][  0]LogConfig: Setting CVar [[s.LevelStreamingComponentsUnregistrationGranularity:5]]
[2026.08.25-23.43.20:100][  0]LogConfig: Setting CVar [[s.FlushStreamingOnExit:1]]
[2026.08.25-23.43.20:100][  0]LogConfig: Applying CVar settings from Section [/Script/Engine.GarbageCollectionSettings] File [E:/_Alex's Data/Unreal Engine/Unreal Projects/Brackeys2026/Brackeys-2026/BrackeysJam2026/Saved/Config/Windows/Engine.ini]
[2026.08.25-23.43.20:100][  0]LogConfig: Setting CVar [[gc.MaxObjectsNotConsideredByGC:1]]
[2026.08.25-23.43.20:100][  0]LogConfig: Setting CVar [[gc.SizeOfPermanentObjectPool:0]]
[2026.08.25-23.43.20:100][  0]LogConfig: Setting CVar [[gc.FlushStreamingOnGC:0]]
[2026.08.25-23.43.20:100][  0]LogConfig: Setting CVar [[gc.NumRetriesBeforeForcingGC:10]]
[2026.08.25-23.43.20:100][  0]LogConfig: Setting CVar [[gc.AllowParallelGC:1]]
[2026.08.25-23.43.20:100][  0]LogConfig: Setting CVar [[gc.TimeBetweenPurgingPendingKillObjects:61.1]]
[2026.08.25-23.43.20:100][  0]LogConfig: Setting CVar [[gc.MaxObjectsInEditor:25165824]]
[2026.08.25-23.43.20:100][  0]LogConfig: Setting CVar [[gc.IncrementalBeginDestroyEnabled:1]]
[2026.08.25-23.43.20:100][  0]LogConfig: Setting CVar [[gc.CreateGCClusters:1]]
[2026.08.25-23.43.20:100][  0]LogConfig: Setting CVar [[gc.MinGCClusterSize:5]]
[2026.08.25-23.43.20:100][  0]LogConfig: Setting CVar [[gc.ActorClusteringEnabled:0]]
[2026.08.25-23.43.20:100][  0]LogConfig: Setting CVar [[gc.BlueprintClusteringEnabled:0]]
[2026.08.25-23.43.20:100][  0]LogConfig: Setting CVar [[gc.UseDisregardForGCOnDedicatedServers:0]]
[2026.08.25-23.43.20:101][  0]LogConfig: Setting CVar [[gc.MultithreadedDestructionEnabled:1]]
[2026.08.25-23.43.20:101][  0]LogConfig: Applying CVar settings from Section [/Script/Engine.NetworkSettings] File [E:/_Alex's Data/Unreal Engine/Unreal Projects/Brackeys2026/Brackeys-2026/BrackeysJam2026/Saved/Config/Windows/Engine.ini]
[2026.08.25-23.43.20:101][  0]LogConfig: Applying CVar settings from Section [/Script/UnrealEd.CookerSettings] File [E:/_Alex's Data/Unreal Engine/Unreal Projects/Brackeys2026/Brackeys-2026/BrackeysJam2026/Saved/Config/Windows/Engine.ini]
[2026.08.25-23.43.20:105][  0]LogConfig: Applying CVar settings from Section [ViewDistanceQuality@3] File [E:/_Alex's Data/Unreal Engine/Unreal Projects/Brackeys2026/Brackeys-2026/BrackeysJam2026/Saved/Config/Windows/Scalability.ini]
[2026.08.25-23.43.20:105][  0]LogConfig: Setting CVar [[r.SkeletalMeshLODBias:0]]
[2026.08.25-23.43.20:105][  0]LogConfig: Setting CVar [[r.ViewDistanceScale:1.0]]
[2026.08.25-23.43.20:105][  0]LogConfig: Applying CVar settings from Section [AntiAliasingQuality@3] File [E:/_Alex's Data/Unreal Engine/Unreal Projects/Brackeys2026/Brackeys-2026/BrackeysJam2026/Saved/Config/Windows/Scalability.ini]
[2026.08.25-23.43.20:105][  0]LogConfig: Setting CVar [[r.PostProcessAAQuality:4]]
[2026.08.25-23.43.20:105][  0]LogConfig: Applying CVar settings from Section [ShadowQuality@3] File [E:/_Alex's Data/Unreal Engine/Unreal Projects/Brackeys2026/Brackeys-2026/BrackeysJam2026/Saved/Config/Windows/Scalability.ini]
[2026.08.25-23.43.20:105][  0]LogConfig: Setting CVar [[r.LightFunctionQuality:1]]
[2026.08.25-23.43.20:105][  0]LogConfig: Setting CVar [[r.ShadowQuality:5]]
[2026.08.25-23.43.20:105][  0]LogConfig: Setting CVar [[r.Shadow.CSM.MaxCascades:10]]
[2026.08.25-23.43.20:105][  0]LogConfig: Setting CVar [[r.Shadow.MaxResolution:2048]]
[2026.08.25-23.43.20:105][  0]LogConfig: Setting CVar [[r.Shadow.MaxCSMResolution:2048]]
[2026.08.25-23.43.20:105][  0]LogConfig: Setting CVar [[r.Shadow.RadiusThreshold:0.01]]
[2026.08.25-23.43.20:105][  0]LogConfig: Setting CVar [[r.Shadow.DistanceScale:1.0]]
[2026.08.25-23.43.20:105][  0]LogConfig: Setting CVar [[r.Shadow.CSM.TransitionScale:1.0]]
[2026.08.25-23.43.20:105][  0]LogConfig: Setting CVar [[r.Shadow.PreShadowResolutionFactor:1.0]]
[2026.08.25-23.43.20:105][  0]LogConfig: Setting CVar [[r.DistanceFieldShadowing:1]]
[2026.08.25-23.43.20:105][  0]LogConfig: Setting CVar [[r.DistanceFieldAO:1]]
[2026.08.25-23.43.20:105][  0]LogConfig: Setting CVar [[r.AOQuality:2]]
[2026.08.25-23.43.20:105][  0]LogConfig: Setting CVar [[r.VolumetricFog:1]]
[2026.08.25-23.43.20:105][  0]LogConfig: Setting CVar [[r.VolumetricFog.GridPixelSize:8]]
[2026.08.25-23.43.20:105][  0]LogConfig: Setting CVar [[r.VolumetricFog.GridSizeZ:128]]
[2026.08.25-23.43.20:105][  0]LogConfig: Setting CVar [[r.VolumetricFog.HistoryMissSupersampleCount:4]]
[2026.08.25-23.43.20:105][  0]LogConfig: Setting CVar [[r.LightMaxDrawDistanceScale:1]]
[2026.08.25-23.43.20:105][  0]LogConfig: Setting CVar [[r.CapsuleShadows:1]]
[2026.08.25-23.43.20:105][  0]LogConfig: Applying CVar settings from Section [PostProcessQuality@3] File [E:/_Alex's Data/Unreal Engine/Unreal Projects/Brackeys2026/Brackeys-2026/BrackeysJam2026/Saved/Config/Windows/Scalability.ini]
[2026.08.25-23.43.20:105][  0]LogConfig: Setting CVar [[r.MotionBlurQuality:4]]
[2026.08.25-23.43.20:105][  0]LogConfig: Setting CVar [[r.AmbientOcclusionMipLevelFactor:0.4]]
[2026.08.25-23.43.20:105][  0]LogConfig: Setting CVar [[r.AmbientOcclusionMaxQuality:100]]
[2026.08.25-23.43.20:105][  0]LogConfig: Setting CVar [[r.AmbientOcclusionLevels:-1]]
[2026.08.25-23.43.20:105][  0]LogConfig: Setting CVar [[r.AmbientOcclusionRadiusScale:1.0]]
[2026.08.25-23.43.20:105][  0]LogConfig: Setting CVar [[r.DepthOfFieldQuality:2]]
[2026.08.25-23.43.20:105][  0]LogConfig: Setting CVar [[r.RenderTargetPoolMin:400]]
[2026.08.25-23.43.20:105][  0]LogConfig: Setting CVar [[r.LensFlareQuality:2]]
[2026.08.25-23.43.20:105][  0]LogConfig: Setting CVar [[r.SceneColorFringeQuality:1]]
[2026.08.25-23.43.20:105][  0]LogConfig: Setting CVar [[r.EyeAdaptationQuality:2]]
[2026.08.25-23.43.20:105][  0]LogConfig: Setting CVar [[r.BloomQuality:5]]
[2026.08.25-23.43.20:105][  0]LogConfig: Setting CVar [[r.FastBlurThreshold:100]]
[2026.08.25-23.43.20:105][  0]LogConfig: Setting CVar [[r.Upscale.Quality:3]]
[2026.08.25-23.43.20:105][  0]LogConfig: Setting CVar [[r.Tonemapper.GrainQuantization:1]]
[2026.08.25-23.43.20:105][  0]LogConfig: Setting CVar [[r.LightShaftQuality:1]]
[2026.08.25-23.43.20:105][  0]LogConfig: Setting CVar [[r.Filter.SizeScale:1]]
[2026.08.25-23.43.20:105][  0]LogConfig: Setting CVar [[r.Tonemapper.Quality:5]]
[2026.08.25-23.43.20:106][  0]LogConfig: Setting CVar [[r.DOF.Gather.AccumulatorQuality:1        ; higher gathering accumulator quality]]
[2026.08.25-23.43.20:106][  0]LogConfig: Setting CVar [[r.DOF.Gather.PostfilterMethod:1          ; Median3x3 postfilering method]]
[2026.08.25-23.43.20:106][  0]LogConfig: Setting CVar [[r.DOF.Gather.EnableBokehSettings:0       ; no bokeh simulation when gathering]]
[2026.08.25-23.43.20:106][  0]LogConfig: Setting CVar [[r.DOF.Gather.RingCount:4                 ; medium number of samples when gathering]]
[2026.08.25-23.43.20:106][  0]LogConfig: Setting CVar [[r.DOF.Scatter.ForegroundCompositing:1    ; additive foreground scattering]]
[2026.08.25-23.43.20:106][  0]LogConfig: Setting CVar [[r.DOF.Scatter.BackgroundCompositing:2    ; additive background scattering]]
[2026.08.25-23.43.20:106][  0]LogConfig: Setting CVar [[r.DOF.Scatter.EnableBokehSettings:1      ; bokeh simulation when scattering]]
[2026.08.25-23.43.20:106][  0]LogConfig: Setting CVar [[r.DOF.Scatter.MaxSpriteRatio:0.1         ; only a maximum of 10% of scattered bokeh]]
[2026.08.25-23.43.20:106][  0]LogConfig: Setting CVar [[r.DOF.Recombine.Quality:1                ; cheap slight out of focus]]
[2026.08.25-23.43.20:106][  0]LogConfig: Setting CVar [[r.DOF.Recombine.EnableBokehSettings:0    ; no bokeh simulation on slight out of focus]]
[2026.08.25-23.43.20:106][  0]LogConfig: Setting CVar [[r.DOF.TemporalAAQuality:1                ; more stable temporal accumulation]]
[2026.08.25-23.43.20:106][  0]LogConfig: Setting CVar [[r.DOF.Kernel.MaxForegroundRadius:0.025]]
[2026.08.25-23.43.20:106][  0]LogConfig: Setting CVar [[r.DOF.Kernel.MaxBackgroundRadius:0.025]]
[2026.08.25-23.43.20:106][  0]LogConfig: Applying CVar settings from Section [TextureQuality@3] File [E:/_Alex's Data/Unreal Engine/Unreal Projects/Brackeys2026/Brackeys-2026/BrackeysJam2026/Saved/Config/Windows/Scalability.ini]
[2026.08.25-23.43.20:106][  0]LogConfig: Setting CVar [[r.Streaming.MipBias:0]]
[2026.08.25-23.43.20:106][  0]LogConfig: Setting CVar [[r.Streaming.AmortizeCPUToGPUCopy:0]]
[2026.08.25-23.43.20:106][  0]LogConfig: Setting CVar [[r.Streaming.MaxNumTexturesToStreamPerFrame:0]]
[2026.08.25-23.43.20:106][  0]LogConfig: Setting CVar [[r.Streaming.Boost:1]]
[2026.08.25-23.43.20:106][  0]LogConfig: Setting CVar [[r.MaxAnisotropy:8]]
[2026.08.25-23.43.20:106][  0]LogConfig: Setting CVar [[r.VT.MaxAnisotropy:8]]
[2026.08.25-23.43.20:106][  0]LogConfig: Setting CVar [[r.Streaming.LimitPoolSizeToVRAM:0]]
[2026.08.25-23.43.20:106][  0]LogConfig: Setting CVar [[r.Streaming.PoolSize:1000]]
[2026.08.25-23.43.20:106][  0]LogConfig: Setting CVar [[r.Streaming.MaxEffectiveScreenSize:0]]
[2026.08.25-23.43.20:106][  0]LogConfig: Applying CVar settings from Section [EffectsQuality@3] File [E:/_Alex's Data/Unreal Engine/Unreal Projects/Brackeys2026/Brackeys-2026/BrackeysJam2026/Saved/Config/Windows/Scalability.ini]
[2026.08.25-23.43.20:106][  0]LogConfig: Setting CVar [[r.TranslucencyLightingVolumeDim:64]]
[2026.08.25-23.43.20:106][  0]LogConfig: Setting CVar [[r.RefractionQuality:2]]
[2026.08.25-23.43.20:106][  0]LogConfig: Setting CVar [[r.SSR.Quality:3]]
[2026.08.25-23.43.20:106][  0]LogConfig: Setting CVar [[r.SSR.HalfResSceneColor:0]]
[2026.08.25-23.43.20:106][  0]LogConfig: Setting CVar [[r.SceneColorFormat:4]]
[2026.08.25-23.43.20:106][  0]LogConfig: Setting CVar [[r.DetailMode:2]]
[2026.08.25-23.43.20:106][  0]LogConfig: Setting CVar [[r.TranslucencyVolumeBlur:1]]
[2026.08.25-23.43.20:106][  0]LogConfig: Setting CVar [[r.MaterialQualityLevel:1 ; High quality]]
[2026.08.25-23.43.20:106][  0]LogConfig: Setting CVar [[r.AnisotropicMaterials:1]]
[2026.08.25-23.43.20:106][  0]LogConfig: Setting CVar [[r.SSS.Scale:1]]
[2026.08.25-23.43.20:106][  0]LogConfig: Setting CVar [[r.SSS.SampleSet:2]]
[2026.08.25-23.43.20:106][  0]LogConfig: Setting CVar [[r.SSS.Quality:1]]
[2026.08.25-23.43.20:106][  0]LogConfig: Setting CVar [[r.SSS.HalfRes:0]]
[2026.08.25-23.43.20:106][  0]LogConfig: Setting CVar [[r.SSGI.Quality:3]]
[2026.08.25-23.43.20:106][  0]LogConfig: Setting CVar [[r.EmitterSpawnRateScale:1.0]]
[2026.08.25-23.43.20:106][  0]LogConfig: Setting CVar [[r.ParticleLightQuality:2]]
[2026.08.25-23.43.20:106][  0]LogConfig: Setting CVar [[r.SkyAtmosphere.AerialPerspectiveLUT.FastApplyOnOpaque:1 ; Always have FastSkyLUT 1 in this case to avoid wrong sky]]
[2026.08.25-23.43.20:106][  0]LogConfig: Setting CVar [[r.SkyAtmosphere.AerialPerspectiveLUT.SampleCountMaxPerSlice:4]]
[2026.08.25-23.43.20:106][  0]LogConfig: Setting CVar [[r.SkyAtmosphere.AerialPerspectiveLUT.DepthResolution:16.0]]
[2026.08.25-23.43.20:106][  0]LogConfig: Setting CVar [[r.SkyAtmosphere.FastSkyLUT:1]]
[2026.08.25-23.43.20:106][  0]LogConfig: Setting CVar [[r.SkyAtmosphere.FastSkyLUT.SampleCountMin:4.0]]
[2026.08.25-23.43.20:106][  0]LogConfig: Setting CVar [[r.SkyAtmosphere.FastSkyLUT.SampleCountMax:128.0]]
[2026.08.25-23.43.20:106][  0]LogConfig: Setting CVar [[r.SkyAtmosphere.SampleCountMin:4.0]]
[2026.08.25-23.43.20:106][  0]LogConfig: Setting CVar [[r.SkyAtmosphere.SampleCountMax:128.0]]
[2026.08.25-23.43.20:106][  0]LogConfig: Setting CVar [[r.SkyAtmosphere.TransmittanceLUT.UseSmallFormat:0]]
[2026.08.25-23.43.20:106][  0]LogConfig: Setting CVar [[r.SkyAtmosphere.TransmittanceLUT.SampleCount:10.0]]
[2026.08.25-23.43.20:106][  0]LogConfig: Setting CVar [[r.SkyAtmosphere.MultiScatteringLUT.SampleCount:15.0]]
[2026.08.25-23.43.20:106][  0]LogConfig: Setting CVar [[r.SkyLight.RealTimeReflectionCapture:1]]
[2026.08.25-23.43.20:106][  0]LogConfig: Applying CVar settings from Section [FoliageQuality@3] File [E:/_Alex's Data/Unreal Engine/Unreal Projects/Brackeys2026/Brackeys-2026/BrackeysJam2026/Saved/Config/Windows/Scalability.ini]
[2026.08.25-23.43.20:106][  0]LogConfig: Setting CVar [[foliage.DensityScale:1.0]]
[2026.08.25-23.43.20:106][  0]LogConfig: Setting CVar [[grass.DensityScale:1.0]]
[2026.08.25-23.43.20:106][  0]LogConfig: Applying CVar settings from Section [ShadingQuality@3] File [E:/_Alex's Data/Unreal Engine/Unreal Projects/Brackeys2026/Brackeys-2026/BrackeysJam2026/Saved/Config/Windows/Scalability.ini]
[2026.08.25-23.43.20:106][  0]LogConfig: Setting CVar [[r.HairStrands.SkyLighting.IntegrationType:2]]
[2026.08.25-23.43.20:106][  0]LogConfig: Setting CVar [[r.HairStrands.SkyAO.SampleCount:4]]
[2026.08.25-23.43.20:106][  0]LogConfig: Setting CVar [[r.HairStrands.Visibility.MSAA.SamplePerPixel:4]]
[2026.08.25-23.43.20:106][  0]LogInit: Selected Device Profile: [Windows]
[2026.08.25-23.43.20:106][  0]LogInit: Applying CVar settings loaded from the selected device profile: [Windows]
[2026.08.25-23.43.20:106][  0]LogHAL: Display: Platform has ~ 32 GB [33639129088 / 34359738368 / 32], which maps to Largest [LargestMinGB=32, LargerMinGB=12, DefaultMinGB=8, SmallerMinGB=6, SmallestMinGB=0)
[2026.08.25-23.43.20:106][  0]LogInit: Going up to parent DeviceProfile []
[2026.08.25-23.43.20:106][  0]LogConfig: Applying CVar settings from Section [ViewDistanceQuality@3] File [E:/_Alex's Data/Unreal Engine/Unreal Projects/Brackeys2026/Brackeys-2026/BrackeysJam2026/Saved/Config/Windows/Scalability.ini]
[2026.08.25-23.43.20:106][  0]LogConfig: Setting CVar [[r.SkeletalMeshLODBias:0]]
[2026.08.25-23.43.20:106][  0]LogConfig: Setting CVar [[r.ViewDistanceScale:1.0]]
[2026.08.25-23.43.20:106][  0]LogConfig: Applying CVar settings from Section [AntiAliasingQuality@3] File [E:/_Alex's Data/Unreal Engine/Unreal Projects/Brackeys2026/Brackeys-2026/BrackeysJam2026/Saved/Config/Windows/Scalability.ini]
[2026.08.25-23.43.20:106][  0]LogConfig: Setting CVar [[r.PostProcessAAQuality:4]]
[2026.08.25-23.43.20:106][  0]LogConfig: Applying CVar settings from Section [ShadowQuality@3] File [E:/_Alex's Data/Unreal Engine/Unreal Projects/Brackeys2026/Brackeys-2026/BrackeysJam2026/Saved/Config/Windows/Scalability.ini]
[2026.08.25-23.43.20:106][  0]LogConfig: Setting CVar [[r.LightFunctionQuality:1]]
[2026.08.25-23.43.20:106][  0]LogConfig: Setting CVar [[r.ShadowQuality:5]]
[2026.08.25-23.43.20:106][  0]LogConfig: Setting CVar [[r.Shadow.CSM.MaxCascades:10]]
[2026.08.25-23.43.20:106][  0]LogConfig: Setting CVar [[r.Shadow.MaxResolution:2048]]
[2026.08.25-23.43.20:106][  0]LogConfig: Setting CVar [[r.Shadow.MaxCSMResolution:2048]]
[2026.08.25-23.43.20:106][  0]LogConfig: Setting CVar [[r.Shadow.RadiusThreshold:0.01]]
[2026.08.25-23.43.20:106][  0]LogConfig: Setting CVar [[r.Shadow.DistanceScale:1.0]]
[2026.08.25-23.43.20:106][  0]LogConfig: Setting CVar [[r.Shadow.CSM.TransitionScale:1.0]]
[2026.08.25-23.43.20:106][  0]LogConfig: Setting CVar [[r.Shadow.PreShadowResolutionFactor:1.0]]
[2026.08.25-23.43.20:106][  0]LogConfig: Setting CVar [[r.DistanceFieldShadowing:1]]
[2026.08.25-23.43.20:106][  0]LogConfig: Setting CVar [[r.DistanceFieldAO:1]]
[2026.08.25-23.43.20:106][  0]LogConfig: Setting CVar [[r.AOQuality:2]]
[2026.08.25-23.43.20:106][  0]LogConfig: Setting CVar [[r.VolumetricFog:1]]
[2026.08.25-23.43.20:106][  0]LogConfig: Setting CVar [[r.VolumetricFog.GridPixelSize:8]]
[2026.08.25-23.43.20:106][  0]LogConfig: Setting CVar [[r.VolumetricFog.GridSizeZ:128]]
[2026.08.25-23.43.20:106][  0]LogConfig: Setting CVar [[r.VolumetricFog.HistoryMissSupersampleCount:4]]
[2026.08.25-23.43.20:106][  0]LogConfig: Setting CVar [[r.LightMaxDrawDistanceScale:1]]
[2026.08.25-23.43.20:106][  0]LogConfig: Setting CVar [[r.CapsuleShadows:1]]
[2026.08.25-23.43.20:106][  0]LogConfig: Applying CVar settings from Section [PostProcessQuality@3] File [E:/_Alex's Data/Unreal Engine/Unreal Projects/Brackeys2026/Brackeys-2026/BrackeysJam2026/Saved/Config/Windows/Scalability.ini]
[2026.08.25-23.43.20:106][  0]LogConfig: Setting CVar [[r.MotionBlurQuality:4]]
[2026.08.25-23.43.20:106][  0]LogConfig: Setting CVar [[r.AmbientOcclusionMipLevelFactor:0.4]]
[2026.08.25-23.43.20:106][  0]LogConfig: Setting CVar [[r.AmbientOcclusionMaxQuality:100]]
[2026.08.25-23.43.20:106][  0]LogConfig: Setting CVar [[r.AmbientOcclusionLevels:-1]]
[2026.08.25-23.43.20:106][  0]LogConfig: Setting CVar [[r.AmbientOcclusionRadiusScale:1.0]]
[2026.08.25-23.43.20:106][  0]LogConfig: Setting CVar [[r.DepthOfFieldQuality:2]]
[2026.08.25-23.43.20:106][  0]LogConfig: Setting CVar [[r.RenderTargetPoolMin:400]]
[2026.08.25-23.43.20:106][  0]LogConfig: Setting CVar [[r.LensFlareQuality:2]]
[2026.08.25-23.43.20:106][  0]LogConfig: Setting CVar [[r.SceneColorFringeQuality:1]]
[2026.08.25-23.43.20:106][  0]LogConfig: Setting CVar [[r.EyeAdaptationQuality:2]]
[2026.08.25-23.43.20:106][  0]LogConfig: Setting CVar [[r.BloomQuality:5]]
[2026.08.25-23.43.20:106][  0]LogConfig: Setting CVar [[r.FastBlurThreshold:100]]
[2026.08.25-23.43.20:106][  0]LogConfig: Setting CVar [[r.Upscale.Quality:3]]
[2026.08.25-23.43.20:106][  0]LogConfig: Setting CVar [[r.Tonemapper.GrainQuantization:1]]
[2026.08.25-23.43.20:106][  0]LogConfig: Setting CVar [[r.LightShaftQuality:1]]
[2026.08.25-23.43.20:106][  0]LogConfig: Setting CVar [[r.Filter.SizeScale:1]]
[2026.08.25-23.43.20:106][  0]LogConfig: Setting CVar [[r.Tonemapper.Quality:5]]
[2026.08.25-23.43.20:107][  0]LogConfig: Setting CVar [[r.DOF.Gather.AccumulatorQuality:1        ; higher gathering accumulator quality]]
[2026.08.25-23.43.20:107][  0]LogConfig: Setting CVar [[r.DOF.Gather.PostfilterMethod:1          ; Median3x3 postfilering method]]
[2026.08.25-23.43.20:107][  0]LogConfig: Setting CVar [[r.DOF.Gather.EnableBokehSettings:0       ; no bokeh simulation when gathering]]
[2026.08.25-23.43.20:107][  0]LogConfig: Setting CVar [[r.DOF.Gather.RingCount:4                 ; medium number of samples when gathering]]
[2026.08.25-23.43.20:107][  0]LogConfig: Setting CVar [[r.DOF.Scatter.ForegroundCompositing:1    ; additive foreground scattering]]
[2026.08.25-23.43.20:107][  0]LogConfig: Setting CVar [[r.DOF.Scatter.BackgroundCompositing:2    ; additive background scattering]]
[2026.08.25-23.43.20:107][  0]LogConfig: Setting CVar [[r.DOF.Scatter.EnableBokehSettings:1      ; bokeh simulation when scattering]]
[2026.08.25-23.43.20:107][  0]LogConfig: Setting CVar [[r.DOF.Scatter.MaxSpriteRatio:0.1         ; only a maximum of 10% of scattered bokeh]]
[2026.08.25-23.43.20:107][  0]LogConfig: Setting CVar [[r.DOF.Recombine.Quality:1                ; cheap slight out of focus]]
[2026.08.25-23.43.20:107][  0]LogConfig: Setting CVar [[r.DOF.Recombine.EnableBokehSettings:0    ; no bokeh simulation on slight out of focus]]
[2026.08.25-23.43.20:107][  0]LogConfig: Setting CVar [[r.DOF.TemporalAAQuality:1                ; more stable temporal accumulation]]
[2026.08.25-23.43.20:107][  0]LogConfig: Setting CVar [[r.DOF.Kernel.MaxForegroundRadius:0.025]]
[2026.08.25-23.43.20:107][  0]LogConfig: Setting CVar [[r.DOF.Kernel.MaxBackgroundRadius:0.025]]
[2026.08.25-23.43.20:107][  0]LogConfig: Applying CVar settings from Section [TextureQuality@3] File [E:/_Alex's Data/Unreal Engine/Unreal Projects/Brackeys2026/Brackeys-2026/BrackeysJam2026/Saved/Config/Windows/Scalability.ini]
[2026.08.25-23.43.20:107][  0]LogConfig: Setting CVar [[r.Streaming.MipBias:0]]
[2026.08.25-23.43.20:107][  0]LogConfig: Setting CVar [[r.Streaming.AmortizeCPUToGPUCopy:0]]
[2026.08.25-23.43.20:107][  0]LogConfig: Setting CVar [[r.Streaming.MaxNumTexturesToStreamPerFrame:0]]
[2026.08.25-23.43.20:107][  0]LogConfig: Setting CVar [[r.Streaming.Boost:1]]
[2026.08.25-23.43.20:107][  0]LogConfig: Setting CVar [[r.MaxAnisotropy:8]]
[2026.08.25-23.43.20:107][  0]LogConfig: Setting CVar [[r.VT.MaxAnisotropy:8]]
[2026.08.25-23.43.20:107][  0]LogConfig: Setting CVar [[r.Streaming.LimitPoolSizeToVRAM:0]]
[2026.08.25-23.43.20:107][  0]LogConfig: Setting CVar [[r.Streaming.PoolSize:1000]]
[2026.08.25-23.43.20:107][  0]LogConfig: Setting CVar [[r.Streaming.MaxEffectiveScreenSize:0]]
[2026.08.25-23.43.20:107][  0]LogConfig: Applying CVar settings from Section [EffectsQuality@3] File [E:/_Alex's Data/Unreal Engine/Unreal Projects/Brackeys2026/Brackeys-2026/BrackeysJam2026/Saved/Config/Windows/Scalability.ini]
[2026.08.25-23.43.20:107][  0]LogConfig: Setting CVar [[r.TranslucencyLightingVolumeDim:64]]
[2026.08.25-23.43.20:107][  0]LogConfig: Setting CVar [[r.RefractionQuality:2]]
[2026.08.25-23.43.20:107][  0]LogConfig: Setting CVar [[r.SSR.Quality:3]]
[2026.08.25-23.43.20:107][  0]LogConfig: Setting CVar [[r.SSR.HalfResSceneColor:0]]
[2026.08.25-23.43.20:107][  0]LogConfig: Setting CVar [[r.SceneColorFormat:4]]
[2026.08.25-23.43.20:107][  0]LogConfig: Setting CVar [[r.DetailMode:2]]
[2026.08.25-23.43.20:107][  0]LogConfig: Setting CVar [[r.TranslucencyVolumeBlur:1]]
[2026.08.25-23.43.20:107][  0]LogConfig: Setting CVar [[r.MaterialQualityLevel:1 ; High quality]]
[2026.08.25-23.43.20:107][  0]LogConfig: Setting CVar [[r.AnisotropicMaterials:1]]
[2026.08.25-23.43.20:107][  0]LogConfig: Setting CVar [[r.SSS.Scale:1]]
[2026.08.25-23.43.20:107][  0]LogConfig: Setting CVar [[r.SSS.SampleSet:2]]
[2026.08.25-23.43.20:107][  0]LogConfig: Setting CVar [[r.SSS.Quality:1]]
[2026.08.25-23.43.20:107][  0]LogConfig: Setting CVar [[r.SSS.HalfRes:0]]
[2026.08.25-23.43.20:107][  0]LogConfig: Setting CVar [[r.SSGI.Quality:3]]
[2026.08.25-23.43.20:107][  0]LogConfig: Setting CVar [[r.EmitterSpawnRateScale:1.0]]
[2026.08.25-23.43.20:107][  0]LogConfig: Setting CVar [[r.ParticleLightQuality:2]]
[2026.08.25-23.43.20:107][  0]LogConfig: Setting CVar [[r.SkyAtmosphere.AerialPerspectiveLUT.FastApplyOnOpaque:1 ; Always have FastSkyLUT 1 in this case to avoid wrong sky]]
[2026.08.25-23.43.20:107][  0]LogConfig: Setting CVar [[r.SkyAtmosphere.AerialPerspectiveLUT.SampleCountMaxPerSlice:4]]
[2026.08.25-23.43.20:107][  0]LogConfig: Setting CVar [[r.SkyAtmosphere.AerialPerspectiveLUT.DepthResolution:16.0]]
[2026.08.25-23.43.20:107][  0]LogConfig: Setting CVar [[r.SkyAtmosphere.FastSkyLUT:1]]
[2026.08.25-23.43.20:107][  0]LogConfig: Setting CVar [[r.SkyAtmosphere.FastSkyLUT.SampleCountMin:4.0]]
[2026.08.25-23.43.20:107][  0]LogConfig: Setting CVar [[r.SkyAtmosphere.FastSkyLUT.SampleCountMax:128.0]]
[2026.08.25-23.43.20:107][  0]LogConfig: Setting CVar [[r.SkyAtmosphere.SampleCountMin:4.0]]
[2026.08.25-23.43.20:107][  0]LogConfig: Setting CVar [[r.SkyAtmosphere.SampleCountMax:128.0]]
[2026.08.25-23.43.20:107][  0]LogConfig: Setting CVar [[r.SkyAtmosphere.TransmittanceLUT.UseSmallFormat:0]]
[2026.08.25-23.43.20:107][  0]LogConfig: Setting CVar [[r.SkyAtmosphere.TransmittanceLUT.SampleCount:10.0]]
[2026.08.25-23.43.20:107][  0]LogConfig: Setting CVar [[r.SkyAtmosphere.MultiScatteringLUT.SampleCount:15.0]]
[2026.08.25-23.43.20:107][  0]LogConfig: Setting CVar [[r.SkyLight.RealTimeReflectionCapture:1]]
[2026.08.25-23.43.20:107][  0]LogConfig: Applying CVar settings from Section [FoliageQuality@3] File [E:/_Alex's Data/Unreal Engine/Unreal Projects/Brackeys2026/Brackeys-2026/BrackeysJam2026/Saved/Config/Windows/Scalability.ini]
[2026.08.25-23.43.20:107][  0]LogConfig: Setting CVar [[foliage.DensityScale:1.0]]
[2026.08.25-23.43.20:107][  0]LogConfig: Setting CVar [[grass.DensityScale:1.0]]
[2026.08.25-23.43.20:107][  0]LogConfig: Applying CVar settings from Section [ShadingQuality@3] File [E:/_Alex's Data/Unreal Engine/Unreal Projects/Brackeys2026/Brackeys-2026/BrackeysJam2026/Saved/Config/Windows/Scalability.ini]
[2026.08.25-23.43.20:107][  0]LogConfig: Setting CVar [[r.HairStrands.SkyLighting.IntegrationType:2]]
[2026.08.25-23.43.20:107][  0]LogConfig: Setting CVar [[r.HairStrands.SkyAO.SampleCount:4]]
[2026.08.25-23.43.20:107][  0]LogConfig: Setting CVar [[r.HairStrands.Visibility.MSAA.SamplePerPixel:4]]
[2026.08.25-23.43.20:107][  0]LogConfig: Applying CVar settings from Section [Startup] File [../../../Engine/Config/ConsoleVariables.ini]
[2026.08.25-23.43.20:107][  0]LogConfig: Setting CVar [[net.UseAdaptiveNetUpdateFrequency:0]]
[2026.08.25-23.43.20:107][  0]LogConfig: Setting CVar [[p.chaos.AllowCreatePhysxBodies:1]]
[2026.08.25-23.43.20:107][  0]LogConfig: Setting CVar [[fx.SkipVectorVMBackendOptimizations:1]]
[2026.08.25-23.43.20:107][  0]LogConfig: Applying CVar settings from Section [ConsoleVariables] File [E:/_Alex's Data/Unreal Engine/Unreal Projects/Brackeys2026/Brackeys-2026/BrackeysJam2026/Saved/Config/Windows/Engine.ini]
[2026.08.25-23.43.20:107][  0]LogConfig: Applying CVar settings from Section [ConsoleVariables] File [E:/_Alex's Data/Unreal Engine/Unreal Projects/Brackeys2026/Brackeys-2026/BrackeysJam2026/Saved/Config/Windows/Editor.ini]
[2026.08.25-23.43.20:107][  0]LogInit: Computer: LAPTOP-EB09ONFM
[2026.08.25-23.43.20:107][  0]LogInit: User: AlexT
[2026.08.25-23.43.20:107][  0]LogInit: CPU Page size=4096, Cores=8
[2026.08.25-23.43.20:107][  0]LogInit: High frequency timer resolution =10.000000 MHz
[2026.08.25-23.43.20:107][  0]LogMemory: Memory total: Physical=31.3GB (32GB approx)
[2026.08.25-23.43.20:107][  0]LogMemory: Platform Memory Stats for Windows
[2026.08.25-23.43.20:107][  0]LogMemory: Process Physical Memory: 158.66 MB used, 158.66 MB peak
[2026.08.25-23.43.20:107][  0]LogMemory: Process Virtual Memory: 132.34 MB used, 132.34 MB peak
[2026.08.25-23.43.20:107][  0]LogMemory: Physical Memory: 11518.46 MB used,  20562.31 MB free, 32080.77 MB total
[2026.08.25-23.43.20:107][  0]LogMemory: Virtual Memory: 134194272.00 MB used,  23454.91 MB free, 134217728.00 MB total
[2026.08.25-23.43.20:112][  0]LogWindows: WindowsPlatformFeatures enabled
[2026.08.25-23.43.20:128][  0]LogInit: Physics initialised using underlying interface: PhysX
[2026.08.25-23.43.20:129][  0]LogInit: Using OS detected language (en-US).
[2026.08.25-23.43.20:129][  0]LogInit: Using OS detected locale (en-US).
[2026.08.25-23.43.20:133][  0]LogTextLocalizationManager: No specific localization for 'en-US' exists, so the 'en' localization will be used.
[2026.08.25-23.43.20:251][  0]LogInit: Setting process to per monitor DPI aware
[2026.08.25-23.43.20:264][  0]LogWindowsTextInputMethodSystem: Display: IME system deactivated.
[2026.08.25-23.43.20:275][  0]LogSlate: New Slate User Created.  User Index 0, Is Virtual User: 0
[2026.08.25-23.43.20:275][  0]LogSlate: Slate User Registered.  User Index 0, Is Virtual User: 0
[2026.08.25-23.43.20:366][  0]LogD3D11RHI: Loaded GFSDK_Aftermath_Lib.x64.dll
[2026.08.25-23.43.20:386][  0]LogHMD: Failed to initialize OpenVR with code 110
[2026.08.25-23.43.20:386][  0]LogD3D11RHI: D3D11 min allowed feature level: 11_0
[2026.08.25-23.43.20:386][  0]LogD3D11RHI: D3D11 max allowed feature level: 11_0
[2026.08.25-23.43.20:386][  0]LogD3D11RHI: D3D11 adapters:
[2026.08.25-23.43.20:475][  0]LogD3D11RHI:    0. 'AMD Radeon 780M Graphics' (Feature Level 11_0)
[2026.08.25-23.43.20:475][  0]LogD3D11RHI:       421/0/16040 MB DedicatedVideo/DedicatedSystem/SharedSystem, Outputs:1, VendorId:0x1002
[2026.08.25-23.43.20:481][  0]LogD3D11RHI:    1. 'Microsoft Basic Render Driver' (Feature Level 11_0)
[2026.08.25-23.43.20:481][  0]LogD3D11RHI:       0/0/16040 MB DedicatedVideo/DedicatedSystem/SharedSystem, Outputs:0, VendorId:0x1414
[2026.08.25-23.43.20:481][  0]LogD3D11RHI: Chosen D3D11 Adapter:
[2026.08.25-23.43.20:481][  0]LogD3D11RHI:     Description : AMD Radeon 780M Graphics
[2026.08.25-23.43.20:481][  0]LogD3D11RHI:     VendorId    : 1002
[2026.08.25-23.43.20:481][  0]LogD3D11RHI:     DeviceId    : 1900
[2026.08.25-23.43.20:481][  0]LogD3D11RHI:     SubSysId    : 1241002
[2026.08.25-23.43.20:481][  0]LogD3D11RHI:     Revision    : 00d5
[2026.08.25-23.43.20:481][  0]LogD3D11RHI:     DedicatedVideoMemory : 441671680 bytes
[2026.08.25-23.43.20:481][  0]LogD3D11RHI:     DedicatedSystemMemory : 0 bytes
[2026.08.25-23.43.20:481][  0]LogD3D11RHI:     SharedSystemMemory : 16819564544 bytes
[2026.08.25-23.43.20:481][  0]LogD3D11RHI:     AdapterLuid : 0 66722
[2026.08.25-23.43.20:487][  0]LogD3D11RHI: Creating new Direct3DDevice
[2026.08.25-23.43.20:488][  0]LogD3D11RHI:     GPU DeviceId: 0x1900 (for the marketing name, search the web for "GPU Device Id")
[2026.08.25-23.43.20:488][  0]LogWindows: EnumDisplayDevices:
[2026.08.25-23.43.20:488][  0]LogWindows:    0. 'AMD Radeon 780M Graphics' (P:1 D:1)
[2026.08.25-23.43.20:488][  0]LogWindows:    1. 'AMD Radeon 780M Graphics' (P:0 D:0)
[2026.08.25-23.43.20:489][  0]LogWindows:    2. 'AMD Radeon 780M Graphics' (P:0 D:0)
[2026.08.25-23.43.20:489][  0]LogWindows:    3. 'AMD Radeon 780M Graphics' (P:0 D:0)
[2026.08.25-23.43.20:489][  0]LogWindows:    4. 'AMD Radeon 780M Graphics' (P:0 D:0)
[2026.08.25-23.43.20:490][  0]LogWindows: DebugString: FoundDriverCount:5 
[2026.08.25-23.43.20:490][  0]LogD3D11RHI:     Adapter Name: AMD Radeon 780M Graphics
[2026.08.25-23.43.20:490][  0]LogD3D11RHI:   Driver Version: AMD Software: Adrenalin Edition 26.7.1 (internal:32.0.31035.1003, unified:32.0.31035.1003)
[2026.08.25-23.43.20:490][  0]LogD3D11RHI:      Driver Date: 7-24-2026
[2026.08.25-23.43.20:490][  0]LogRHI: Texture pool is 10985 MB (70% of 15693 MB)
[2026.08.25-23.43.20:518][  0]LogD3D11RHI: Creating D3DDevice with AMD AGS, using adapter:
[2026.08.25-23.43.20:518][  0]LogD3D11RHI:     Description : AMD Radeon 780M Graphics
[2026.08.25-23.43.20:518][  0]LogD3D11RHI:     VendorId    : 1002
[2026.08.25-23.43.20:518][  0]LogD3D11RHI:     DeviceId    : 1900
[2026.08.25-23.43.20:518][  0]LogD3D11RHI:     SubSysId    : 1241002
[2026.08.25-23.43.20:518][  0]LogD3D11RHI:     Revision    : 00d5
[2026.08.25-23.43.20:518][  0]LogD3D11RHI:     DedicatedVideoMemory : 441671680 bytes
[2026.08.25-23.43.20:518][  0]LogD3D11RHI:     DedicatedSystemMemory : 0 bytes
[2026.08.25-23.43.20:518][  0]LogD3D11RHI:     SharedSystemMemory : 16819564544 bytes
[2026.08.25-23.43.20:518][  0]LogD3D11RHI:     AdapterLuid : 0 66722
[2026.08.25-23.43.20:608][  0]LogD3D11RHI: Created device via AGS, feature level 11_0, supported extensions 1fffffbf.
[2026.08.25-23.43.20:608][  0]LogD3D11RHI: RHI has support for 64 bit atomics
[2026.08.25-23.43.20:608][  0]LogD3D11RHI: Async texture creation enabled
[2026.08.25-23.43.20:608][  0]LogD3D11RHI: Array index from any shader is supported
[2026.08.25-23.43.20:620][  0]LogD3D11RHI: GPU Timing Frequency: 100.000000 (Debug: 2 1)
[2026.08.25-23.43.20:853][  0]LogTargetPlatformManager: Display: Loaded TargetPlatform 'AllDesktop'
[2026.08.25-23.43.20:867][  0]LogTargetPlatformManager: Display: Loaded TargetPlatform 'Android'
[2026.08.25-23.43.20:867][  0]LogTargetPlatformManager: Display: Loaded TargetPlatform 'Android_ASTC'
[2026.08.25-23.43.20:867][  0]LogTargetPlatformManager: Display: Loaded TargetPlatform 'Android_DXT'
[2026.08.25-23.43.20:867][  0]LogTargetPlatformManager: Display: Loaded TargetPlatform 'Android_ETC2'
[2026.08.25-23.43.20:867][  0]LogTargetPlatformManager: Display: Loaded TargetPlatform 'AndroidClient'
[2026.08.25-23.43.20:867][  0]LogTargetPlatformManager: Display: Loaded TargetPlatform 'Android_ASTCClient'
[2026.08.25-23.43.20:867][  0]LogTargetPlatformManager: Display: Loaded TargetPlatform 'Android_DXTClient'
[2026.08.25-23.43.20:867][  0]LogTargetPlatformManager: Display: Loaded TargetPlatform 'Android_ETC2Client'
[2026.08.25-23.43.20:867][  0]LogTargetPlatformManager: Display: Loaded TargetPlatform 'Android_Multi'
[2026.08.25-23.43.20:867][  0]LogTargetPlatformManager: Display: Loaded TargetPlatform 'Android_MultiClient'
[2026.08.25-23.43.20:879][  0]LogTargetPlatformManager: Display: Loaded TargetPlatform 'IOSClient'
[2026.08.25-23.43.20:879][  0]LogTargetPlatformManager: Display: Loaded TargetPlatform 'IOS'
[2026.08.25-23.43.20:886][  0]LogTargetPlatformManager: Display: Loaded TargetPlatform 'Linux'
[2026.08.25-23.43.20:889][  0]LogTargetPlatformManager: Display: Loaded TargetPlatform 'LinuxNoEditor'
[2026.08.25-23.43.20:893][  0]LogTargetPlatformManager: Display: Loaded TargetPlatform 'LinuxClient'
[2026.08.25-23.43.20:895][  0]LogTargetPlatformManager: Display: Loaded TargetPlatform 'LinuxServer'
[2026.08.25-23.43.20:901][  0]LogTargetPlatformManager: Display: Loaded TargetPlatform 'LinuxAArch64NoEditor'
[2026.08.25-23.43.20:904][  0]LogTargetPlatformManager: Display: Loaded TargetPlatform 'LinuxAArch64Client'
[2026.08.25-23.43.20:907][  0]LogTargetPlatformManager: Display: Loaded TargetPlatform 'LinuxAArch64Server'
[2026.08.25-23.43.20:921][  0]LogTargetPlatformManager: Display: Loaded TargetPlatform 'Lumin'
[2026.08.25-23.43.20:921][  0]LogTargetPlatformManager: Display: Loaded TargetPlatform 'LuminClient'
[2026.08.25-23.43.20:927][  0]LogTargetPlatformManager: Display: Loaded TargetPlatform 'MacNoEditor'
[2026.08.25-23.43.20:930][  0]LogTargetPlatformManager: Display: Loaded TargetPlatform 'Mac'
[2026.08.25-23.43.20:932][  0]LogTargetPlatformManager: Display: Loaded TargetPlatform 'MacClient'
[2026.08.25-23.43.20:935][  0]LogTargetPlatformManager: Display: Loaded TargetPlatform 'MacServer'
[2026.08.25-23.43.20:941][  0]LogTargetPlatformManager: Display: Loaded TargetPlatform 'TVOSClient'
[2026.08.25-23.43.20:941][  0]LogTargetPlatformManager: Display: Loaded TargetPlatform 'TVOS'
[2026.08.25-23.43.20:947][  0]LogTargetPlatformManager: Display: Loaded TargetPlatform 'WindowsNoEditor'
[2026.08.25-23.43.20:950][  0]LogTargetPlatformManager: Display: Loaded TargetPlatform 'Windows'
[2026.08.25-23.43.20:953][  0]LogTargetPlatformManager: Display: Loaded TargetPlatform 'WindowsClient'
[2026.08.25-23.43.20:956][  0]LogTargetPlatformManager: Display: Loaded TargetPlatform 'WindowsServer'
[2026.08.25-23.43.20:956][  0]LogTargetPlatformManager: Display: Building Assets For Windows
[2026.08.25-23.43.20:961][  0]LogAudioDebug: Display: Lib vorbis DLL was dynamically loaded.
[2026.08.25-23.43.20:981][  0]LogTextureFormatOodle: Display: Oodle Texture 2.9.0 init RDO Off
[2026.08.25-23.43.21:003][  0]LogRendererCore: Ray tracing is disabled. Reason: r.RayTracing=0.
[2026.08.25-23.43.21:003][  0]LogShaderCompilers: Guid format shader working directory is -42 characters bigger than the processId version (E:/_Alex's Data/Unreal Engine/Unreal Projects/Brackeys2026/Brackeys-2026/BrackeysJam2026/Intermediate/Shaders/WorkingDirectory/15480/).
[2026.08.25-23.43.21:003][  0]LogShaderCompilers: Cleaned the shader compiler working directory 'C:/Users/Alex T/AppData/Local/Temp/UnrealShaderWorkingDir/A03EA0A241BC29E73D3455AE779C2A92/'.
[2026.08.25-23.43.21:003][  0]LogXGEController: Cannot use XGE Controller as Incredibuild is not installed on this machine.
[2026.08.25-23.43.21:003][  0]LogShaderCompilers: Cannot use XGE Shader Compiler as Incredibuild is not installed on this machine.
[2026.08.25-23.43.21:003][  0]LogShaderCompilers: Display: Using Local Shader Compiler.
[2026.08.25-23.43.21:450][  0]LogDerivedDataCache: Display: Max Cache Size: 512 MB
[2026.08.25-23.43.21:483][  0]LogDerivedDataCache: Loaded boot cache 0.03s 99MB C:/Users/Alex T/AppData/Local/UnrealEngine/4.27/DerivedDataCache/Boot.ddc.
[2026.08.25-23.43.21:483][  0]LogDerivedDataCache: Display: Loaded Boot cache: C:/Users/Alex T/AppData/Local/UnrealEngine/4.27/DerivedDataCache/Boot.ddc
[2026.08.25-23.43.21:484][  0]LogDerivedDataCache: FDerivedDataBackendGraph:  Pak pak cache file E:/_Alex's Data/Unreal Engine/Unreal Projects/Brackeys2026/Brackeys-2026/BrackeysJam2026/DerivedDataCache/DDC.ddp not found, will not use a pak cache.
[2026.08.25-23.43.21:484][  0]LogDerivedDataCache: Unable to find inner node Pak for hierarchical cache Hierarchy.
[2026.08.25-23.43.21:484][  0]LogDerivedDataCache: FDerivedDataBackendGraph:  CompressedPak pak cache file E:/_Alex's Data/Unreal Engine/Unreal Projects/Brackeys2026/Brackeys-2026/BrackeysJam2026/DerivedDataCache/Compressed.ddp not found, will not use a pak cache.
[2026.08.25-23.43.21:484][  0]LogDerivedDataCache: Unable to find inner node CompressedPak for hierarchical cache Hierarchy.
[2026.08.25-23.43.21:496][  0]LogDerivedDataCache: Display: Pak cache opened for reading ../../../Engine/DerivedDataCache/Compressed.ddp.
[2026.08.25-23.43.21:496][  0]LogDerivedDataCache: FDerivedDataBackendGraph:  EnterprisePak pak cache file ../../../Enterprise/DerivedDataCache/Compressed.ddp not found, will not use a pak cache.
[2026.08.25-23.43.21:496][  0]LogDerivedDataCache: Unable to find inner node EnterprisePak for hierarchical cache Hierarchy.
[2026.08.25-23.43.21:501][  0]LogDerivedDataCache: Speed tests for C:/Users/Alex T/AppData/Local/UnrealEngine/Common/DerivedDataCache took 0.01 seconds
[2026.08.25-23.43.21:501][  0]LogDerivedDataCache: Display: Performance to C:/Users/Alex T/AppData/Local/UnrealEngine/Common/DerivedDataCache: Latency=0.02ms. RandomReadSpeed=1683.61MBs, RandomWriteSpeed=215.73MBs. Assigned SpeedClass 'Local'
[2026.08.25-23.43.21:502][  0]LogDerivedDataCache: Using Local data cache path C:/Users/Alex T/AppData/Local/UnrealEngine/Common/DerivedDataCache: Writable
[2026.08.25-23.43.21:502][  0]LogDerivedDataCache: Shared data cache path not found in *engine.ini, will not use an Shared cache.
[2026.08.25-23.43.21:502][  0]LogDerivedDataCache: Unable to find inner node Shared for hierarchical cache Hierarchy.
[2026.08.25-23.43.21:533][  0]LogSlate: Using FreeType 2.10.0
[2026.08.25-23.43.21:533][  0]LogSlate: SlateFontServices - WITH_FREETYPE: 1, WITH_HARFBUZZ: 1
[2026.08.25-23.43.21:552][  0]LogAssetRegistry: FAssetRegistry took 0.0021 seconds to start up
[2026.08.25-23.43.21:704][  0]LogInit: Selected Device Profile: [Windows]
[2026.08.25-23.43.21:705][  0]LogInit: Active device profile: [000001D5B7E0E800][000001D5B59D52C0 49] Windows
[2026.08.25-23.43.21:705][  0]LogInit: Profiles: [000001D5B7E0E800][000001D5B59D52C0 49] Windows, [000001D5B7DC5A00][000001D5B59DD580 49] WindowsNoEditor, [000001D5B7E0DA00][000001D5B59E1840 49] WindowsServer, [000001D5B7DC6900][000001D5B59E5B00 49] WindowsClient, [000001D5B7E0EB00][000001D5B59E8240 49] IOS, [000001D5B7DC5400][000001D5B59EC500 49] iPadAir, [000001D5B7E0F300][000001D5B59F07C0 49] iPadAir2, [000001D5B7D77100][000001D5B5A00CC0 49] IPadPro, [000001D5B7D77200][000001D5B59F4D00 49] iPadAir3, [000001D5B7E0E900][000001D5B59D8F80 49] iPadAir4, [000001D5B7D75F00][000001D5B59F9240 49] iPadMini2, [000001D5B7E0E200][000001D5B5A05500 49] iPadMini3, [000001D5B7D75A00][000001D5B5A097C0 49] iPadMini4, [000001D5B7E0EC00][000001D5B5A0DA80 49] iPadMini5, [000001D5B7DC2700][000001D5B5A20440 49] iPhone6, [000001D5B7DC2800][000001D5B5A10480 49] iPodTouch6, [000001D5B7D74F00][000001D5B5A289C0 49] iPhone7, [000001D5B7D74E00][000001D5B5A18A00 49] iPodTouch7, [000001D5B7DC1E00][000001D5B5A1CCC0 49] iPhone5S, [000001D5B7D77800][000001D5B59FCF40 49] iPhone6Plus, [000001D5B7DC1A00][000001D5B5A151C0 49] iPhone6S, [000001D5B7D76300][000001D5B5A2D480 49] iPhone6SPlus, [000001D5B7DC2900][000001D5B5A31740 49] iPhone7Plus, [000001D5B7D74B00][000001D5B5A35A00 49] iPhoneSE, [000001D5B7DC1800][000001D5B5A38140 49] iPhone8, [000001D5B7D75800][000001D5B5A3C400 49] iPhone8Plus, [000001D5B7DC2500][000001D5B5A406C0 49] iPhoneX, [000001D5B7D76100][000001D5B5A44980 49] iPhoneXS, [000001D5B7DC0500][000001D5B5A48C40 49] iPhoneXSMax, [000001D5B7D77A00][000001D5B5A4CF00 49] iPhoneXR, [000001D5B7DC3400][000001D5B5A25180 49] iPhone11, [000001D5B7D74400][000001D5B5A55440 49] iPhone11Pro, [000001D5B7DC0F00][000001D5B5A59700 49] iPhone11ProMax, [000001D5B7D76A00][000001D5B5A5D9C0 49] iPhoneSE2, [000001D5B7DC3800][000001D5B5A60100 49] iPhone12Mini, [000001D5B7D75900][000001D5B5A643C0 49] iPhone12, [000001D5B7DC2D00][000001D5B5A68680 49] iPhone12Pro, [000001D5B7D76B00][000001D5B5A6C940 49] iPhone12ProMax, [000001D5B7DC0200][000001D5B5A70C00 49] iPadPro105, [000001D5B7D75100][000001D5B5A74EC0 49] iPadPro129, [000001D5B7DC2100][000001D5B5A51140 49] iPadPro97, [000001D5B7D76C00][000001D5B5A793C0 49] iPadPro2_129, [000001D5B7DC3000][000001D5B5A81680 49] iPad5, [000001D5B7D75700][000001D5B5A85940 49] iPad6, [000001D5B7DC1F00][000001D5B5A8DC00 49] iPad7, [000001D5B7D74800][000001D5B5300340 49] iPad8, [000001D5B7DC1C00][000001D5B5318600 49] iPadPro11, [000001D5B7DC7E00][000001D5AE45A8C0 49] iPadPro2_11, [000001D5B7E50300][000001D5AE462B80 49] iPadPro3_129, [000001D5B7DC6F00][000001D5AEC9EE40 49] iPadPro4_129, [000001D5B7E50900][000001D5AE47F100 49] AppleTV, [000001D5B7DC7800][000001D5B5A7D380 49] AppleTV4K, [000001D5B7E51500][000001D5B3B9D600 49] TVOS, [000001D5B7DC6800][000001D5B3BA58C0 49] Mac, [000001D5B7E51300][000001D5B3BA9B80 49] MacClient, [000001D5B7DC4300][000001D5B3BB02C0 49] MacNoEditor, [000001D5B7E51200][000001D5B5680580 49] MacServer, [000001D5B7DC5300][000001D5B568C840 49] Linux, [000001D5B7E50700][000001D5B5290B00 49] LinuxAArch64, [000001D5B7DC0700][000001D5B52BADC0 49] LinuxNoEditor, [000001D5B7D77700][000001D5B52BF080 49] LinuxAArch64NoEditor, [000001D5B7DC0900][000001D5B52CB340 49] LinuxClient, [000001D5B7D77F00][000001D5B3BA15C0 49] LinuxAArch64Client, [000001D5B7DC3D00][000001D5B52F7840 49] LinuxServer, [000001D5B7D76D00][000001D5B536FB00 49] LinuxAArch64Server, [000001D5B7DC1000][000001D5B5372240 49] Android, [000001D5B7D77900][000001D5B3BEE500 49] Android_Low, [000001D5B7DC3600][000001D5B3C127C0 49] Android_Mid, [000001D5B7D75C00][000001D5B3C16A80 49] Android_High, [000001D5B7DC0800][000001D5B3C1AD40 49] Android_Default, [000001D5B7D76800][000001D5B3C1F000 49] Android_Adreno4xx, [000001D5B7DC3700][000001D5B3C232C0 49] Android_Adreno5xx_Low, [000001D5B7D75300][000001D5B3C27580 49] Android_Adreno5xx, [000001D5B7DC0100][000001D5B536B800 49] Android_Adreno6xx, [000001D5B7D76700][000001D5B4B75A80 49] Android_Adreno6xx_Vulkan, [000001D5B7DC2200][000001D5B3C2A1C0 49] Android_Mali_T6xx, [000001D5B7D74A00][000001D5B527A480 49] Android_Mali_T7xx, [000001D5B7DC3B00][000001D5AEC86740 49] Android_Mali_T8xx, [000001D5B7D74600][000001D5B54CEA00 49] Android_Mali_G71, [000001D5B7DC3500][000001D5B54D6CC0 49] Android_Mali_G72, [000001D5B7D77B00][000001D5B54DAF80 49] Android_Mali_G72_Vulkan, [000001D5B7DC2B00][000001D5B5517240 49] Android_Mali_G76, [000001D5B7D77400][000001D5B5527500 49] Android_Mali_G76_Vulkan, [000001D5B7DC2600][000001D5B56637C0 49] Android_Mali_G77, [000001D5B7D75200][000001D5B4B79A40 49] Android_Mali_G77_Vulkan, [000001D5B7DC2000][000001D5AE3BA140 49] Android_Mali_G78, [000001D5B7D74C00][000001D5AE3C2400 49] Android_Mali_G78_Vulkan, [000001D5B7DC1300][000001D5AE3C66C0 49] Android_Mali_G710, [000001D5B7D76600][000001D5AE3CA980 49] Android_Mali_G710_Vulkan, [000001D5B7E51100][000001D5AE3CEC40 49] Android_Vulkan_SM5, [000001D5B7D77000][000001D5B51D6F00 49] Android_PowerVR_G6xxx, [000001D5B7E0E000][000001D5B51DB1C0 49] Android_PowerVR_GT7xxx, [000001D5B7DC7200][000001D5AE443480 49] Android_PowerVR_GE8xxx, [000001D5B7E0D800][000001D5AE447740 49] Android_PowerVR_GM9xxx, [000001D5B7DC4500][000001D5AE44BA00 49] Android_PowerVR_GM9xxx_Vulkan, [000001D5B7E0D100][000001D5AE3BE100 49] Android_TegraK1, [000001D5B7DC7D00][000001D5B5200380 49] Android_Unknown_Vulkan, [000001D5B7E0C200][000001D5B5208640 49] Lumin, [000001D5B7DC4600][000001D5B520C900 49] Lumin_Desktop, [000001D5B7E0FD00][000001D5B5214BC0 49] HoloLens, 
[2026.08.25-23.43.21:799][  0]LogMeshReduction: Using QuadricMeshReduction for automatic static mesh reduction
[2026.08.25-23.43.21:799][  0]LogMeshReduction: Using SimplygonMeshReduction for automatic skeletal mesh reduction
[2026.08.25-23.43.21:800][  0]LogMeshReduction: Using ProxyLODMeshReduction for automatic mesh merging
[2026.08.25-23.43.21:800][  0]LogMeshReduction: No distributed automatic mesh merging module available
[2026.08.25-23.43.21:800][  0]LogMeshMerging: No distributed automatic mesh merging module available
[2026.08.25-23.43.21:814][  0]LogNetVersion: BrackeysJam2026 1.0.0, NetCL: 17155196, EngineNetVer: 17, GameNetVer: 0 (Checksum: 1239153582)
[2026.08.25-23.43.22:087][  0]LogTexture: Default maximum texture size for cubemaps generated from long-lat sources has been changed from 512 to unlimited. In order to preserve old behaiour for '/Engine/MapTemplates/Sky/DaylightAmbientCubemap.DaylightAmbientCubemap', its maximum texture size has been explicitly set to 512.
[2026.08.25-23.43.22:122][  0]LogHMD: PokeAHoleMaterial loaded successfully
[2026.08.25-23.43.22:126][  0]LogUObjectArray: 17179 objects as part of root set at end of initial load.
[2026.08.25-23.43.22:126][  0]LogUObjectAllocator: 4302256 out of 0 bytes used by permanent object pool.
[2026.08.25-23.43.22:126][  0]LogUObjectArray: CloseDisregardForGC: 0/0 objects in disregard for GC pool
[2026.08.25-23.43.22:382][  0]LogNiagaraDebuggerClient: Niagara Debugger Client Initialized | Session: 2BC1D2B94565911F6A4B768993D5EB1C | Instance: CDBF8EE44D95BCDF8FB9CEA7674C952D (LAPTOP-EB09ONFM-15480).
[2026.08.25-23.43.22:409][  0]LogPython: Using Python 3.7.7
[2026.08.25-23.43.22:730][  0]LogTcpMessaging: Initializing TcpMessaging bridge
[2026.08.25-23.43.22:733][  0]LogUdpMessaging: Initializing bridge on interface 0.0.0.0:0 to multicast group 230.0.0.1:6666.
[2026.08.25-23.43.23:084][  0]SourceControl: Source control is disabled
[2026.08.25-23.43.23:084][  0]SourceControl: Source control is disabled
[2026.08.25-23.43.23:087][  0]SourceControl: Source control is disabled
[2026.08.25-23.43.23:089][  0]SourceControl: Source control is disabled
[2026.08.25-23.43.23:091][  0]SourceControl: Source control is disabled
[2026.08.25-23.43.23:100][  0]LogUProjectInfo: Found projects:
[2026.08.25-23.43.23:133][  0]LogOpenImageDenoise: OIDN starting up
[2026.08.25-23.43.23:159][  0]LogAndroidPermission: UAndroidPermissionCallbackProxy::GetInstance
[2026.08.25-23.43.23:169][  0]LogAudioCaptureCore: Display: No Audio Capture implementations found. Audio input will be silent.
[2026.08.25-23.43.23:169][  0]LogAudioCaptureCore: Display: No Audio Capture implementations found. Audio input will be silent.
[2026.08.25-23.43.23:260][  0]LogCollectionManager: Loaded 0 collections in 0.001152 seconds
[2026.08.25-23.43.23:279][  0]LogFileCache: Scanning file cache for directory 'E:/_Alex's Data/Unreal Engine/Unreal Projects/Brackeys2026/Brackeys-2026/BrackeysJam2026/Saved/Collections/' took 0.00s
[2026.08.25-23.43.23:279][  0]LogFileCache: Scanning file cache for directory 'E:/_Alex's Data/Unreal Engine/Unreal Projects/Brackeys2026/Brackeys-2026/BrackeysJam2026/Content/Developers/AlexT/Collections/' took 0.00s
[2026.08.25-23.43.23:279][  0]LogFileCache: Scanning file cache for directory 'E:/_Alex's Data/Unreal Engine/Unreal Projects/Brackeys2026/Brackeys-2026/BrackeysJam2026/Content/Collections/' took 0.00s
[2026.08.25-23.43.23:279][  0]LogOcInput: OculusInput pre-init called
[2026.08.25-23.43.23:453][  0]LogEngine: Initializing Engine...
[2026.08.25-23.43.23:455][  0]LogHMD: Failed to enumerate extensions. Please check that you have a valid OpenXR runtime installed.
[2026.08.25-23.43.23:456][  0]LogHMD: Failed to initialize OpenVR with code 110
[2026.08.25-23.43.23:456][  0]LogMagicLeap: Warning: VR disabled because ZI is not enabled.  To enable, in the editor, Edit -> Project Settings -> Plugins -> Magic Leap Plugin -> Enable Zero Iteration
[2026.08.25-23.43.23:456][  0]LogStats: UGameplayTagsManager::InitializeManager -  0.000 s
[2026.08.25-23.43.23:528][  0]LogInit: Initializing FReadOnlyCVARCache
[2026.08.25-23.43.23:535][  0]LogAIModule: Creating AISystem for world Untitled
[2026.08.25-23.43.23:540][  0]LogAudio: Display: Initializing Audio Device Manager...
[2026.08.25-23.43.23:543][  0]LogAudio: Display: Loading Default Audio Settings Objects...
[2026.08.25-23.43.23:543][  0]LogAudio: Display: No default SoundConcurrencyObject specified (or failed to load).
[2026.08.25-23.43.23:543][  0]LogAudio: Display: Audio Device Manager Initialized
[2026.08.25-23.43.23:543][  0]LogAudio: Display: Creating Audio Device:                 Id: 1, Scope: Shared, Realtime: True
[2026.08.25-23.43.23:543][  0]LogAudioMixer: Display: Audio Mixer Platform Settings:
[2026.08.25-23.43.23:543][  0]LogAudioMixer: Display: 	Sample Rate:						  48000
[2026.08.25-23.43.23:543][  0]LogAudioMixer: Display: 	Callback Buffer Frame Size Requested: 1024
[2026.08.25-23.43.23:543][  0]LogAudioMixer: Display: 	Callback Buffer Frame Size To Use:	  1024
[2026.08.25-23.43.23:543][  0]LogAudioMixer: Display: 	Number of buffers to queue:			  2
[2026.08.25-23.43.23:543][  0]LogAudioMixer: Display: 	Max Channels (voices):				  32
[2026.08.25-23.43.23:543][  0]LogAudioMixer: Display: 	Number of Async Source Workers:		  0
[2026.08.25-23.43.23:544][  0]LogAudio: Display: AudioDevice MaxSources: 32
[2026.08.25-23.43.23:544][  0]LogAudio: Display: Audio Spatialization Plugin: None (built-in).
[2026.08.25-23.43.23:544][  0]LogAudio: Display: Audio Reverb Plugin: None (built-in).
[2026.08.25-23.43.23:544][  0]LogAudio: Display: Audio Occlusion Plugin: None (built-in).
[2026.08.25-23.43.23:544][  0]LogAudioMixer: Display: Initializing audio mixer.
[2026.08.25-23.43.23:554][  0]LogAudioMixer: Display: 0: FrontLeft
[2026.08.25-23.43.23:554][  0]LogAudioMixer: Display: 1: FrontRight
[2026.08.25-23.43.23:586][  0]LogAudioMixer: Display: Using Audio Device Realtek HD Audio 2nd output (Realtek(R) Audio)
[2026.08.25-23.43.23:588][  0]LogAudioMixer: Display: Initializing Sound Submixes...
[2026.08.25-23.43.23:589][  0]LogAudioMixer: Display: Creating Master Submix 'MasterSubmixDefault'
[2026.08.25-23.43.23:589][  0]LogAudioMixer: Display: Creating Master Submix 'MasterReverbSubmixDefault'
[2026.08.25-23.43.23:590][  0]LogAudioMixer: Display: Creating Master Submix 'MasterEQSubmixDefault'
[2026.08.25-23.43.23:590][  0]LogAudioMixer: FMixerPlatformXAudio2::StartAudioStream() called
[2026.08.25-23.43.23:590][  0]LogAudioMixer: Display: Output buffers initialized: Frames=1024, Channels=2, Samples=2048
[2026.08.25-23.43.23:591][  0]LogAudioMixer: Display: Starting AudioMixerPlatformInterface::RunInternal()
[2026.08.25-23.43.23:591][  0]LogAudioMixer: Display: FMixerPlatformXAudio2::SubmitBuffer() called for the first time
[2026.08.25-23.43.23:591][  0]LogInit: FAudioDevice initialized.
[2026.08.25-23.43.23:591][  0]LogAudio: Display: Audio Device (ID: 1) registered with world 'Untitled'.
[2026.08.25-23.43.23:591][  0]LogNetVersion: Set ProjectVersion to 1.0.0.0. Version Checksum will be recalculated on next use.
[2026.08.25-23.43.23:631][  0]LogDerivedDataCache: Saved boot cache 0.04s 99MB C:/Users/Alex T/AppData/Local/UnrealEngine/4.27/DerivedDataCache/Boot.ddc.
[2026.08.25-23.43.23:632][  0]LogInit: Texture streaming: Enabled
[2026.08.25-23.43.23:641][  0]LogAnalytics: Display: [UEEditor.Rocket.Release] APIServer = https://datarouter.ol.epicgames.com/. AppVersion = 4.27.2-18319896+++UE4+Release-4.27
[2026.08.25-23.43.23:644][  0]LogEngineSessionManager: EngineSessionManager initialized
[2026.08.25-23.43.23:644][  0]LogEditorSessionSummary: Verbose: Initializing EditorSessionSummaryWriter for editor session tracking
[2026.08.25-23.43.23:650][  0]LogEditorSessionSummary: EditorSessionSummaryWriter initialized
[2026.08.25-23.43.23:966][  0]LogInit: Transaction tracking system initialized
[2026.08.25-23.43.23:984][  0]BlueprintLog: New page: Editor Load
[2026.08.25-23.43.24:034][  0]LocalizationService: Localization service is disabled
[2026.08.25-23.43.24:059][  0]TimingProfiler: Initialize
[2026.08.25-23.43.24:059][  0]TimingProfiler: OnSessionChanged
[2026.08.25-23.43.24:059][  0]LoadingProfiler: Initialize
[2026.08.25-23.43.24:059][  0]LoadingProfiler: OnSessionChanged
[2026.08.25-23.43.24:059][  0]NetworkingProfiler: Initialize
[2026.08.25-23.43.24:059][  0]NetworkingProfiler: OnSessionChanged
[2026.08.25-23.43.24:059][  0]MemoryProfiler: Initialize
[2026.08.25-23.43.24:059][  0]MemoryProfiler: OnSessionChanged
[2026.08.25-23.43.24:177][  0]LogCook: Display: CookSettings for Memory: MemoryMaxUsedVirtual 0MiB, MemoryMaxUsedPhysical 16384MiB, MemoryMinFreeVirtual 0MiB, MemoryMinFreePhysical 1024MiB
[2026.08.25-23.43.24:177][  0]LogCook: Display: Mobile HDR setting 1
[2026.08.25-23.43.24:328][  0]LogFileCache: Scanning file cache for directory 'E:/_Alex's Data/Unreal Engine/Unreal Projects/Brackeys2026/Brackeys-2026/BrackeysJam2026/Content/' took 0.00s
[2026.08.25-23.43.24:461][  0]LogInit: Display: Engine is initialized. Leaving FEngineLoop::Init()
[2026.08.25-23.43.24:465][  0]SourceControl: Source control is disabled
[2026.08.25-23.43.24:465][  0]LogUnrealEdMisc: Loading editor; pre map load, took 5.086
[2026.08.25-23.43.24:465][  0]Cmd: MAP LOAD FILE="E:/_Alex's Data/Unreal Engine/Unreal Projects/Brackeys2026/Brackeys-2026/BrackeysJam2026/Content/Brackeys2026/Levels/Brackeys2026Map.umap" TEMPLATE=0 SHOWPROGRESS=1 FEATURELEVEL=3
[2026.08.25-23.43.24:465][  0]LightingResults: New page: Lighting Build
[2026.08.25-23.43.24:467][  0]LogWorld: UWorld::CleanupWorld for Untitled, bSessionEnded=true, bCleanupResources=true
[2026.08.25-23.43.24:467][  0]LogSlate: InvalidateAllWidgets triggered.  All widgets were invalidated
[2026.08.25-23.43.24:467][  0]MapCheck: New page: Map Check
[2026.08.25-23.43.24:467][  0]LightingResults: New page: Lighting Build
[2026.08.25-23.43.24:477][  0]LogAudio: Display: Audio Device unregistered from world 'None'.
[2026.08.25-23.43.24:480][  0]LogUObjectHash: Compacting FUObjectHashTables data took   0.72ms
[2026.08.25-23.43.24:559][  0]LogAudio: Display: Audio Device (ID: 1) registered with world 'Brackeys2026Map'.
[2026.08.25-23.43.24:560][  0]LogAIModule: Creating AISystem for world Brackeys2026Map
[2026.08.25-23.43.24:563][  0]LogEditorServer: Finished looking for orphan Actors (0.000 secs)
[2026.08.25-23.43.24:580][  0]LogUObjectHash: Compacting FUObjectHashTables data took   0.61ms
[2026.08.25-23.43.24:580][  0]Cmd: MAP CHECKDEP NOCLEARLOG
[2026.08.25-23.43.24:580][  0]MapCheck: Map check complete: 0 Error(s), 0 Warning(s), took 0.171ms to complete.
[2026.08.25-23.43.24:580][  0]LogFileHelpers: Loading map 'Brackeys2026Map' took 0.115
[2026.08.25-23.43.24:582][  0]LogUnrealEdMisc: Total Editor Startup Time, took 5.203
[2026.08.25-23.43.24:692][  0]LogSlate: The tab "Cesium" attempted to spawn in layout 'LevelEditor_Layout_v1.2' but failed for some reason. It will not be displayed.
[2026.08.25-23.43.24:721][  0]LogSlate: Updating window title bar state: overlay mode, drag disabled, window buttons hidden, title bar hidden
[2026.08.25-23.43.24:724][  0]LogSlate: Updating window title bar state: overlay mode, drag disabled, window buttons hidden, title bar hidden
[2026.08.25-23.43.24:727][  0]LogSlate: Updating window title bar state: overlay mode, drag disabled, window buttons hidden, title bar hidden
[2026.08.25-23.43.24:731][  0]LogSlate: Updating window title bar state: overlay mode, drag disabled, window buttons hidden, title bar hidden
[2026.08.25-23.43.24:995][  0]LogSlate: Only BGRA pngs, bmps or icos are supported in by External Image Picker
[2026.08.25-23.43.25:040][  0]LogNativeClassHierarchy: Verbose: Native class hierarchy populated in 0.0070 seconds. Added 3827 classes and 934 folders.
[2026.08.25-23.43.25:042][  0]LogNativeClassHierarchy: Verbose: Native class hierarchy updated for 'WidgetCarousel' in 0.0002 seconds. Added 0 classes and 0 folders.
[2026.08.25-23.43.25:043][  0]LogPakFile: PakFile PrimaryIndexSize=187
[2026.08.25-23.43.25:043][  0]LogPakFile: PakFile PathHashIndexSize=101
[2026.08.25-23.43.25:043][  0]LogPakFile: PakFile FullDirectoryIndexSize=148
[2026.08.25-23.43.25:043][  0]LogShaderLibrary: Display: ShaderCodeLibraryPakFileMountedCallback: PakFile 'C:/Program Files/Epic Games/UE_4.27/FeaturePacks/FP_FirstPerson.upack' (chunk index -1, root 'root:/') mounted
[2026.08.25-23.43.25:043][  0]LogShaderLibrary: Display: ShaderCodeLibraryPakFileMountedCallback: pending pak file info (ChunkID:-1 Root:root:/ File:C:/Program Files/Epic Games/UE_4.27/FeaturePacks/FP_FirstPerson.upack)
[2026.08.25-23.43.25:043][  0]LogPakFile: OnPakFileMounted2Time == 0.000045
[2026.08.25-23.43.25:043][  0]LogPakFile: PakFile PrimaryIndexSize=189
[2026.08.25-23.43.25:043][  0]LogPakFile: PakFile PathHashIndexSize=101
[2026.08.25-23.43.25:045][  0]LogPakFile: PakFile FullDirectoryIndexSize=152
[2026.08.25-23.43.25:045][  0]LogShaderLibrary: Display: ShaderCodeLibraryPakFileMountedCallback: PakFile 'C:/Program Files/Epic Games/UE_4.27/FeaturePacks/FP_FirstPersonBP.upack' (chunk index -1, root 'root:/') mounted
[2026.08.25-23.43.25:045][  0]LogShaderLibrary: Display: ShaderCodeLibraryPakFileMountedCallback: pending pak file info (ChunkID:-1 Root:root:/ File:C:/Program Files/Epic Games/UE_4.27/FeaturePacks/FP_FirstPersonBP.upack)
[2026.08.25-23.43.25:045][  0]LogPakFile: OnPakFileMounted2Time == 0.000033
[2026.08.25-23.43.25:045][  0]LogPakFile: PakFile PrimaryIndexSize=191
[2026.08.25-23.43.25:045][  0]LogPakFile: PakFile PathHashIndexSize=101
[2026.08.25-23.43.25:045][  0]LogPakFile: PakFile FullDirectoryIndexSize=160
[2026.08.25-23.43.25:045][  0]LogShaderLibrary: Display: ShaderCodeLibraryPakFileMountedCallback: PakFile 'C:/Program Files/Epic Games/UE_4.27/FeaturePacks/MobileStarterContent.upack' (chunk index -1, root 'root:/') mounted
[2026.08.25-23.43.25:045][  0]LogShaderLibrary: Display: ShaderCodeLibraryPakFileMountedCallback: pending pak file info (ChunkID:-1 Root:root:/ File:C:/Program Files/Epic Games/UE_4.27/FeaturePacks/MobileStarterContent.upack)
[2026.08.25-23.43.25:045][  0]LogPakFile: OnPakFileMounted2Time == 0.000026
[2026.08.25-23.43.25:045][  0]LogPakFile: PakFile PrimaryIndexSize=185
[2026.08.25-23.43.25:045][  0]LogPakFile: PakFile PathHashIndexSize=101
[2026.08.25-23.43.25:045][  0]LogPakFile: PakFile FullDirectoryIndexSize=148
[2026.08.25-23.43.25:045][  0]LogShaderLibrary: Display: ShaderCodeLibraryPakFileMountedCallback: PakFile 'C:/Program Files/Epic Games/UE_4.27/FeaturePacks/StarterContent.upack' (chunk index -1, root 'root:/') mounted
[2026.08.25-23.43.25:045][  0]LogShaderLibrary: Display: ShaderCodeLibraryPakFileMountedCallback: pending pak file info (ChunkID:-1 Root:root:/ File:C:/Program Files/Epic Games/UE_4.27/FeaturePacks/StarterContent.upack)
[2026.08.25-23.43.25:045][  0]LogPakFile: OnPakFileMounted2Time == 0.000028
[2026.08.25-23.43.25:045][  0]LogPakFile: PakFile PrimaryIndexSize=190
[2026.08.25-23.43.25:045][  0]LogPakFile: PakFile PathHashIndexSize=101
[2026.08.25-23.43.25:045][  0]LogPakFile: PakFile FullDirectoryIndexSize=154
[2026.08.25-23.43.25:045][  0]LogShaderLibrary: Display: ShaderCodeLibraryPakFileMountedCallback: PakFile 'C:/Program Files/Epic Games/UE_4.27/FeaturePacks/TP_2DSideScroller.upack' (chunk index -1, root 'root:/') mounted
[2026.08.25-23.43.25:045][  0]LogShaderLibrary: Display: ShaderCodeLibraryPakFileMountedCallback: pending pak file info (ChunkID:-1 Root:root:/ File:C:/Program Files/Epic Games/UE_4.27/FeaturePacks/TP_2DSideScroller.upack)
[2026.08.25-23.43.25:045][  0]LogPakFile: OnPakFileMounted2Time == 0.000025
[2026.08.25-23.43.25:045][  0]LogPakFile: PakFile PrimaryIndexSize=192
[2026.08.25-23.43.25:045][  0]LogPakFile: PakFile PathHashIndexSize=101
[2026.08.25-23.43.25:045][  0]LogPakFile: PakFile FullDirectoryIndexSize=158
[2026.08.25-23.43.25:045][  0]LogShaderLibrary: Display: ShaderCodeLibraryPakFileMountedCallback: PakFile 'C:/Program Files/Epic Games/UE_4.27/FeaturePacks/TP_2DSideScrollerBP.upack' (chunk index -1, root 'root:/') mounted
[2026.08.25-23.43.25:045][  0]LogShaderLibrary: Display: ShaderCodeLibraryPakFileMountedCallback: pending pak file info (ChunkID:-1 Root:root:/ File:C:/Program Files/Epic Games/UE_4.27/FeaturePacks/TP_2DSideScrollerBP.upack)
[2026.08.25-23.43.25:045][  0]LogPakFile: OnPakFileMounted2Time == 0.000027
[2026.08.25-23.43.25:047][  0]LogPakFile: PakFile PrimaryIndexSize=182
[2026.08.25-23.43.25:047][  0]LogPakFile: PakFile PathHashIndexSize=101
[2026.08.25-23.43.25:047][  0]LogPakFile: PakFile FullDirectoryIndexSize=138
[2026.08.25-23.43.25:047][  0]LogShaderLibrary: Display: ShaderCodeLibraryPakFileMountedCallback: PakFile 'C:/Program Files/Epic Games/UE_4.27/FeaturePacks/TP_Flying.upack' (chunk index -1, root 'root:/') mounted
[2026.08.25-23.43.25:047][  0]LogShaderLibrary: Display: ShaderCodeLibraryPakFileMountedCallback: pending pak file info (ChunkID:-1 Root:root:/ File:C:/Program Files/Epic Games/UE_4.27/FeaturePacks/TP_Flying.upack)
[2026.08.25-23.43.25:047][  0]LogPakFile: OnPakFileMounted2Time == 0.000024
[2026.08.25-23.43.25:047][  0]LogPakFile: PakFile PrimaryIndexSize=184
[2026.08.25-23.43.25:047][  0]LogPakFile: PakFile PathHashIndexSize=101
[2026.08.25-23.43.25:047][  0]LogPakFile: PakFile FullDirectoryIndexSize=142
[2026.08.25-23.43.25:047][  0]LogShaderLibrary: Display: ShaderCodeLibraryPakFileMountedCallback: PakFile 'C:/Program Files/Epic Games/UE_4.27/FeaturePacks/TP_FlyingBP.upack' (chunk index -1, root 'root:/') mounted
[2026.08.25-23.43.25:047][  0]LogShaderLibrary: Display: ShaderCodeLibraryPakFileMountedCallback: pending pak file info (ChunkID:-1 Root:root:/ File:C:/Program Files/Epic Games/UE_4.27/FeaturePacks/TP_FlyingBP.upack)
[2026.08.25-23.43.25:047][  0]LogPakFile: OnPakFileMounted2Time == 0.000026
[2026.08.25-23.43.25:047][  0]LogPakFile: PakFile PrimaryIndexSize=188
[2026.08.25-23.43.25:047][  0]LogPakFile: PakFile PathHashIndexSize=101
[2026.08.25-23.43.25:047][  0]LogPakFile: PakFile FullDirectoryIndexSize=150
[2026.08.25-23.43.25:047][  0]LogShaderLibrary: Display: ShaderCodeLibraryPakFileMountedCallback: PakFile 'C:/Program Files/Epic Games/UE_4.27/FeaturePacks/TP_HandheldARBP.upack' (chunk index -1, root 'root:/') mounted
[2026.08.25-23.43.25:047][  0]LogShaderLibrary: Display: ShaderCodeLibraryPakFileMountedCallback: pending pak file info (ChunkID:-1 Root:root:/ File:C:/Program Files/Epic Games/UE_4.27/FeaturePacks/TP_HandheldARBP.upack)
[2026.08.25-23.43.25:047][  0]LogPakFile: OnPakFileMounted2Time == 0.000024
[2026.08.25-23.43.25:047][  0]LogPakFile: PakFile PrimaryIndexSize=182
[2026.08.25-23.43.25:047][  0]LogPakFile: PakFile PathHashIndexSize=101
[2026.08.25-23.43.25:047][  0]LogPakFile: PakFile FullDirectoryIndexSize=138
[2026.08.25-23.43.25:047][  0]LogShaderLibrary: Display: ShaderCodeLibraryPakFileMountedCallback: PakFile 'C:/Program Files/Epic Games/UE_4.27/FeaturePacks/TP_Puzzle.upack' (chunk index -1, root 'root:/') mounted
[2026.08.25-23.43.25:048][  0]LogShaderLibrary: Display: ShaderCodeLibraryPakFileMountedCallback: pending pak file info (ChunkID:-1 Root:root:/ File:C:/Program Files/Epic Games/UE_4.27/FeaturePacks/TP_Puzzle.upack)
[2026.08.25-23.43.25:048][  0]LogPakFile: OnPakFileMounted2Time == 0.000024
[2026.08.25-23.43.25:048][  0]LogPakFile: PakFile PrimaryIndexSize=184
[2026.08.25-23.43.25:048][  0]LogPakFile: PakFile PathHashIndexSize=101
[2026.08.25-23.43.25:048][  0]LogPakFile: PakFile FullDirectoryIndexSize=142
[2026.08.25-23.43.25:048][  0]LogShaderLibrary: Display: ShaderCodeLibraryPakFileMountedCallback: PakFile 'C:/Program Files/Epic Games/UE_4.27/FeaturePacks/TP_PuzzleBP.upack' (chunk index -1, root 'root:/') mounted
[2026.08.25-23.43.25:048][  0]LogShaderLibrary: Display: ShaderCodeLibraryPakFileMountedCallback: pending pak file info (ChunkID:-1 Root:root:/ File:C:/Program Files/Epic Games/UE_4.27/FeaturePacks/TP_PuzzleBP.upack)
[2026.08.25-23.43.25:048][  0]LogPakFile: OnPakFileMounted2Time == 0.000024
[2026.08.25-23.43.25:048][  0]LogPakFile: PakFile PrimaryIndexSize=183
[2026.08.25-23.43.25:048][  0]LogPakFile: PakFile PathHashIndexSize=101
[2026.08.25-23.43.25:048][  0]LogPakFile: PakFile FullDirectoryIndexSize=140
[2026.08.25-23.43.25:048][  0]LogShaderLibrary: Display: ShaderCodeLibraryPakFileMountedCallback: PakFile 'C:/Program Files/Epic Games/UE_4.27/FeaturePacks/TP_Rolling.upack' (chunk index -1, root 'root:/') mounted
[2026.08.25-23.43.25:048][  0]LogShaderLibrary: Display: ShaderCodeLibraryPakFileMountedCallback: pending pak file info (ChunkID:-1 Root:root:/ File:C:/Program Files/Epic Games/UE_4.27/FeaturePacks/TP_Rolling.upack)
[2026.08.25-23.43.25:048][  0]LogPakFile: OnPakFileMounted2Time == 0.000024
[2026.08.25-23.43.25:048][  0]LogPakFile: PakFile PrimaryIndexSize=185
[2026.08.25-23.43.25:048][  0]LogPakFile: PakFile PathHashIndexSize=101
[2026.08.25-23.43.25:048][  0]LogPakFile: PakFile FullDirectoryIndexSize=144
[2026.08.25-23.43.25:048][  0]LogShaderLibrary: Display: ShaderCodeLibraryPakFileMountedCallback: PakFile 'C:/Program Files/Epic Games/UE_4.27/FeaturePacks/TP_RollingBP.upack' (chunk index -1, root 'root:/') mounted
[2026.08.25-23.43.25:048][  0]LogShaderLibrary: Display: ShaderCodeLibraryPakFileMountedCallback: pending pak file info (ChunkID:-1 Root:root:/ File:C:/Program Files/Epic Games/UE_4.27/FeaturePacks/TP_RollingBP.upack)
[2026.08.25-23.43.25:048][  0]LogPakFile: OnPakFileMounted2Time == 0.000024
[2026.08.25-23.43.25:049][  0]LogPakFile: PakFile PrimaryIndexSize=188
[2026.08.25-23.43.25:049][  0]LogPakFile: PakFile PathHashIndexSize=101
[2026.08.25-23.43.25:049][  0]LogPakFile: PakFile FullDirectoryIndexSize=150
[2026.08.25-23.43.25:049][  0]LogShaderLibrary: Display: ShaderCodeLibraryPakFileMountedCallback: PakFile 'C:/Program Files/Epic Games/UE_4.27/FeaturePacks/TP_SideScroller.upack' (chunk index -1, root 'root:/') mounted
[2026.08.25-23.43.25:049][  0]LogShaderLibrary: Display: ShaderCodeLibraryPakFileMountedCallback: pending pak file info (ChunkID:-1 Root:root:/ File:C:/Program Files/Epic Games/UE_4.27/FeaturePacks/TP_SideScroller.upack)
[2026.08.25-23.43.25:049][  0]LogPakFile: OnPakFileMounted2Time == 0.000024
[2026.08.25-23.43.25:049][  0]LogPakFile: PakFile PrimaryIndexSize=190
[2026.08.25-23.43.25:049][  0]LogPakFile: PakFile PathHashIndexSize=101
[2026.08.25-23.43.25:049][  0]LogPakFile: PakFile FullDirectoryIndexSize=154
[2026.08.25-23.43.25:049][  0]LogShaderLibrary: Display: ShaderCodeLibraryPakFileMountedCallback: PakFile 'C:/Program Files/Epic Games/UE_4.27/FeaturePacks/TP_SideScrollerBP.upack' (chunk index -1, root 'root:/') mounted
[2026.08.25-23.43.25:049][  0]LogShaderLibrary: Display: ShaderCodeLibraryPakFileMountedCallback: pending pak file info (ChunkID:-1 Root:root:/ File:C:/Program Files/Epic Games/UE_4.27/FeaturePacks/TP_SideScrollerBP.upack)
[2026.08.25-23.43.25:049][  0]LogPakFile: OnPakFileMounted2Time == 0.000026
[2026.08.25-23.43.25:049][  0]LogPakFile: PakFile PrimaryIndexSize=187
[2026.08.25-23.43.25:049][  0]LogPakFile: PakFile PathHashIndexSize=101
[2026.08.25-23.43.25:049][  0]LogPakFile: PakFile FullDirectoryIndexSize=148
[2026.08.25-23.43.25:049][  0]LogShaderLibrary: Display: ShaderCodeLibraryPakFileMountedCallback: PakFile 'C:/Program Files/Epic Games/UE_4.27/FeaturePacks/TP_ThirdPerson.upack' (chunk index -1, root 'root:/') mounted
[2026.08.25-23.43.25:049][  0]LogShaderLibrary: Display: ShaderCodeLibraryPakFileMountedCallback: pending pak file info (ChunkID:-1 Root:root:/ File:C:/Program Files/Epic Games/UE_4.27/FeaturePacks/TP_ThirdPerson.upack)
[2026.08.25-23.43.25:049][  0]LogPakFile: OnPakFileMounted2Time == 0.000024
[2026.08.25-23.43.25:049][  0]LogPakFile: PakFile PrimaryIndexSize=189
[2026.08.25-23.43.25:049][  0]LogPakFile: PakFile PathHashIndexSize=101
[2026.08.25-23.43.25:049][  0]LogPakFile: PakFile FullDirectoryIndexSize=152
[2026.08.25-23.43.25:049][  0]LogShaderLibrary: Display: ShaderCodeLibraryPakFileMountedCallback: PakFile 'C:/Program Files/Epic Games/UE_4.27/FeaturePacks/TP_ThirdPersonBP.upack' (chunk index -1, root 'root:/') mounted
[2026.08.25-23.43.25:049][  0]LogShaderLibrary: Display: ShaderCodeLibraryPakFileMountedCallback: pending pak file info (ChunkID:-1 Root:root:/ File:C:/Program Files/Epic Games/UE_4.27/FeaturePacks/TP_ThirdPersonBP.upack)
[2026.08.25-23.43.25:049][  0]LogPakFile: OnPakFileMounted2Time == 0.000024
[2026.08.25-23.43.25:051][  0]LogPakFile: PakFile PrimaryIndexSize=183
[2026.08.25-23.43.25:051][  0]LogPakFile: PakFile PathHashIndexSize=101
[2026.08.25-23.43.25:051][  0]LogPakFile: PakFile FullDirectoryIndexSize=140
[2026.08.25-23.43.25:051][  0]LogShaderLibrary: Display: ShaderCodeLibraryPakFileMountedCallback: PakFile 'C:/Program Files/Epic Games/UE_4.27/FeaturePacks/TP_TopDown.upack' (chunk index -1, root 'root:/') mounted
[2026.08.25-23.43.25:051][  0]LogShaderLibrary: Display: ShaderCodeLibraryPakFileMountedCallback: pending pak file info (ChunkID:-1 Root:root:/ File:C:/Program Files/Epic Games/UE_4.27/FeaturePacks/TP_TopDown.upack)
[2026.08.25-23.43.25:051][  0]LogPakFile: OnPakFileMounted2Time == 0.000028
[2026.08.25-23.43.25:051][  0]LogPakFile: PakFile PrimaryIndexSize=185
[2026.08.25-23.43.25:051][  0]LogPakFile: PakFile PathHashIndexSize=101
[2026.08.25-23.43.25:051][  0]LogPakFile: PakFile FullDirectoryIndexSize=144
[2026.08.25-23.43.25:051][  0]LogShaderLibrary: Display: ShaderCodeLibraryPakFileMountedCallback: PakFile 'C:/Program Files/Epic Games/UE_4.27/FeaturePacks/TP_TopDownBP.upack' (chunk index -1, root 'root:/') mounted
[2026.08.25-23.43.25:051][  0]LogShaderLibrary: Display: ShaderCodeLibraryPakFileMountedCallback: pending pak file info (ChunkID:-1 Root:root:/ File:C:/Program Files/Epic Games/UE_4.27/FeaturePacks/TP_TopDownBP.upack)
[2026.08.25-23.43.25:051][  0]LogPakFile: OnPakFileMounted2Time == 0.000027
[2026.08.25-23.43.25:051][  0]LogPakFile: PakFile PrimaryIndexSize=185
[2026.08.25-23.43.25:051][  0]LogPakFile: PakFile PathHashIndexSize=101
[2026.08.25-23.43.25:051][  0]LogPakFile: PakFile FullDirectoryIndexSize=144
[2026.08.25-23.43.25:051][  0]LogShaderLibrary: Display: ShaderCodeLibraryPakFileMountedCallback: PakFile 'C:/Program Files/Epic Games/UE_4.27/FeaturePacks/TP_TwinStick.upack' (chunk index -1, root 'root:/') mounted
[2026.08.25-23.43.25:051][  0]LogShaderLibrary: Display: ShaderCodeLibraryPakFileMountedCallback: pending pak file info (ChunkID:-1 Root:root:/ File:C:/Program Files/Epic Games/UE_4.27/FeaturePacks/TP_TwinStick.upack)
[2026.08.25-23.43.25:051][  0]LogPakFile: OnPakFileMounted2Time == 0.000029
[2026.08.25-23.43.25:051][  0]LogPakFile: PakFile PrimaryIndexSize=187
[2026.08.25-23.43.25:051][  0]LogPakFile: PakFile PathHashIndexSize=101
[2026.08.25-23.43.25:051][  0]LogPakFile: PakFile FullDirectoryIndexSize=148
[2026.08.25-23.43.25:051][  0]LogShaderLibrary: Display: ShaderCodeLibraryPakFileMountedCallback: PakFile 'C:/Program Files/Epic Games/UE_4.27/FeaturePacks/TP_TwinStickBP.upack' (chunk index -1, root 'root:/') mounted
[2026.08.25-23.43.25:051][  0]LogShaderLibrary: Display: ShaderCodeLibraryPakFileMountedCallback: pending pak file info (ChunkID:-1 Root:root:/ File:C:/Program Files/Epic Games/UE_4.27/FeaturePacks/TP_TwinStickBP.upack)
[2026.08.25-23.43.25:051][  0]LogPakFile: OnPakFileMounted2Time == 0.000024
[2026.08.25-23.43.25:052][  0]LogPakFile: PakFile PrimaryIndexSize=183
[2026.08.25-23.43.25:052][  0]LogPakFile: PakFile PathHashIndexSize=101
[2026.08.25-23.43.25:052][  0]LogPakFile: PakFile FullDirectoryIndexSize=140
[2026.08.25-23.43.25:052][  0]LogShaderLibrary: Display: ShaderCodeLibraryPakFileMountedCallback: PakFile 'C:/Program Files/Epic Games/UE_4.27/FeaturePacks/TP_Vehicle.upack' (chunk index -1, root 'root:/') mounted
[2026.08.25-23.43.25:052][  0]LogShaderLibrary: Display: ShaderCodeLibraryPakFileMountedCallback: pending pak file info (ChunkID:-1 Root:root:/ File:C:/Program Files/Epic Games/UE_4.27/FeaturePacks/TP_Vehicle.upack)
[2026.08.25-23.43.25:052][  0]LogPakFile: OnPakFileMounted2Time == 0.000024
[2026.08.25-23.43.25:052][  0]LogPakFile: PakFile PrimaryIndexSize=186
[2026.08.25-23.43.25:052][  0]LogPakFile: PakFile PathHashIndexSize=101
[2026.08.25-23.43.25:052][  0]LogPakFile: PakFile FullDirectoryIndexSize=146
[2026.08.25-23.43.25:052][  0]LogShaderLibrary: Display: ShaderCodeLibraryPakFileMountedCallback: PakFile 'C:/Program Files/Epic Games/UE_4.27/FeaturePacks/TP_VehicleAdv.upack' (chunk index -1, root 'root:/') mounted
[2026.08.25-23.43.25:052][  0]LogShaderLibrary: Display: ShaderCodeLibraryPakFileMountedCallback: pending pak file info (ChunkID:-1 Root:root:/ File:C:/Program Files/Epic Games/UE_4.27/FeaturePacks/TP_VehicleAdv.upack)
[2026.08.25-23.43.25:052][  0]LogPakFile: OnPakFileMounted2Time == 0.000025
[2026.08.25-23.43.25:052][  0]LogPakFile: PakFile PrimaryIndexSize=188
[2026.08.25-23.43.25:052][  0]LogPakFile: PakFile PathHashIndexSize=101
[2026.08.25-23.43.25:052][  0]LogPakFile: PakFile FullDirectoryIndexSize=150
[2026.08.25-23.43.25:052][  0]LogShaderLibrary: Display: ShaderCodeLibraryPakFileMountedCallback: PakFile 'C:/Program Files/Epic Games/UE_4.27/FeaturePacks/TP_VehicleAdvBP.upack' (chunk index -1, root 'root:/') mounted
[2026.08.25-23.43.25:052][  0]LogShaderLibrary: Display: ShaderCodeLibraryPakFileMountedCallback: pending pak file info (ChunkID:-1 Root:root:/ File:C:/Program Files/Epic Games/UE_4.27/FeaturePacks/TP_VehicleAdvBP.upack)
[2026.08.25-23.43.25:052][  0]LogPakFile: OnPakFileMounted2Time == 0.000034
[2026.08.25-23.43.25:052][  0]LogPakFile: PakFile PrimaryIndexSize=185
[2026.08.25-23.43.25:052][  0]LogPakFile: PakFile PathHashIndexSize=101
[2026.08.25-23.43.25:052][  0]LogPakFile: PakFile FullDirectoryIndexSize=144
[2026.08.25-23.43.25:052][  0]LogShaderLibrary: Display: ShaderCodeLibraryPakFileMountedCallback: PakFile 'C:/Program Files/Epic Games/UE_4.27/FeaturePacks/TP_VehicleBP.upack' (chunk index -1, root 'root:/') mounted
[2026.08.25-23.43.25:052][  0]LogShaderLibrary: Display: ShaderCodeLibraryPakFileMountedCallback: pending pak file info (ChunkID:-1 Root:root:/ File:C:/Program Files/Epic Games/UE_4.27/FeaturePacks/TP_VehicleBP.upack)
[2026.08.25-23.43.25:052][  0]LogPakFile: OnPakFileMounted2Time == 0.000024
[2026.08.25-23.43.25:054][  0]LogPakFile: PakFile PrimaryIndexSize=192
[2026.08.25-23.43.25:054][  0]LogPakFile: PakFile PathHashIndexSize=101
[2026.08.25-23.43.25:054][  0]LogPakFile: PakFile FullDirectoryIndexSize=158
[2026.08.25-23.43.25:054][  0]LogShaderLibrary: Display: ShaderCodeLibraryPakFileMountedCallback: PakFile 'C:/Program Files/Epic Games/UE_4.27/FeaturePacks/TP_VirtualRealityBP.upack' (chunk index -1, root 'root:/') mounted
[2026.08.25-23.43.25:054][  0]LogShaderLibrary: Display: ShaderCodeLibraryPakFileMountedCallback: pending pak file info (ChunkID:-1 Root:root:/ File:C:/Program Files/Epic Games/UE_4.27/FeaturePacks/TP_VirtualRealityBP.upack)
[2026.08.25-23.43.25:054][  0]LogPakFile: OnPakFileMounted2Time == 0.000044
[2026.08.25-23.43.25:088][  0]LogNativeClassHierarchy: Verbose: Native class hierarchy updated for 'AddContentDialog' in 0.0003 seconds. Added 0 classes and 0 folders.
[2026.08.25-23.43.25:128][  0]LogSlate: Took 0.000198 seconds to synchronously load lazily loaded font '../../../Engine/Content/Slate/Fonts/Roboto-Regular.ttf' (155K)
[2026.08.25-23.43.25:129][  0]LogSlate: Took 0.000123 seconds to synchronously load lazily loaded font '../../../Engine/Content/Editor/Slate/Fonts/FontAwesome.ttf' (139K)
[2026.08.25-23.43.25:130][  0]LogSlate: Took 0.000120 seconds to synchronously load lazily loaded font '../../../Engine/Content/Slate/Fonts/Roboto-Bold.ttf' (160K)
[2026.08.25-23.43.25:177][  0]LogRenderer: Reallocating scene render targets to support 1180x840 Format 10 NumSamples 1 (Frame:1).
[2026.08.25-23.43.25:258][  0]LogNativeClassHierarchy: Verbose: Native class hierarchy updated for 'HierarchicalLODOutliner' in 0.0002 seconds. Added 0 classes and 0 folders.
[2026.08.25-23.43.25:258][  0]LogLoad: (Engine Initialization) Total time: 5.88 seconds
[2026.08.25-23.43.25:258][  0]LogLoad: (Engine Initialization) Total Blueprint compile time: 0.00 seconds
[2026.08.25-23.43.25:308][  0]LogAssetRegistry: Asset discovery search completed in 3.7565 seconds
[2026.08.25-23.43.25:311][  0]LogCollectionManager: Fixed up redirectors for 0 collections in 0.000003 seconds (updated 0 objects)
[2026.08.25-23.43.25:314][  0]LogContentStreaming: Texture pool size now 1000 MB
[2026.08.25-23.43.26:278][103]LogSlate: Took 0.000128 seconds to synchronously load lazily loaded font '../../../Engine/Content/Slate/Fonts/Roboto-Light.ttf' (167K)
[2026.08.25-23.43.27:803][229]LogAssetEditorSubsystem: Opening Asset editor for Blueprint /Game/Brackeys2026/Levels/BrackeysGameMode.BrackeysGameMode
[2026.08.25-23.43.27:973][229]LogNativeClassHierarchy: Verbose: Native class hierarchy updated for 'BlueprintGraph' in 0.0007 seconds. Added 126 classes and 0 folders.
[2026.08.25-23.43.28:568][229]LogAssetEditorSubsystem: Opening Asset editor for Blueprint /Game/Brackeys2026/Characters/Player/BP_Player.BP_Player
[2026.08.25-23.43.28:834][229]LogAssetEditorSubsystem: Opening Asset editor for Blueprint /Game/Brackeys2026/Characters/Player/BP_PlayerController.BP_PlayerController
[2026.08.25-23.43.29:068][229]LogAssetEditorSubsystem: Opening Asset editor for Blueprint /Game/Brackeys2026/Characters/Opponent/BP_Opponent.BP_Opponent
[2026.08.25-23.43.29:318][229]LogAssetEditorSubsystem: Opening Asset editor for Blueprint /Game/Brackeys2026/Objects/Revolver/BP_Revolver.BP_Revolver
[2026.08.25-23.43.29:600][229]LogAssetEditorSubsystem: Opening Asset editor for WidgetBlueprint /Game/Brackeys2026/UI/BP_UI.BP_UI
[2026.08.25-23.43.29:852][229]LogAssetEditorSubsystem: Opening Asset editor for Blueprint /Game/Brackeys2026/Objects/Phone/BP_Phone.BP_Phone
[2026.08.25-23.43.30:116][229]LogAssetEditorSubsystem: Opening Asset editor for Material /Game/Brackeys2026/Objects/Phone/Material_002.Material_002
[2026.08.25-23.43.30:117][229]LogMaterial: Display: Missing cached shadermap for Material_002 in PCD3D_SM5, Default, SM5 (DDC key hash: 27ED99114D897EB48F264D407F3E173C43472EF4), compiling. 
[2026.08.25-23.43.30:133][229]LogShaderCompilers: Display: Submitted 10 shader compile jobs with 'Normal' priority
[2026.08.25-23.43.30:138][229]LogTexture: Default maximum texture size for cubemaps generated from long-lat sources has been changed from 512 to unlimited. In order to preserve old behaiour for '/Engine/EditorMaterials/AssetViewer/EpicQuadPanorama_CC+EV1.EpicQuadPanorama_CC+EV1', its maximum texture size has been explicitly set to 512.
[2026.08.25-23.43.30:189][229]LogTexture: Default maximum texture size for cubemaps generated from long-lat sources has been changed from 512 to unlimited. In order to preserve old behaiour for '/Engine/MapTemplates/Sky/SunsetAmbientCubemap.SunsetAmbientCubemap', its maximum texture size has been explicitly set to 512.
[2026.08.25-23.43.30:287][229]LogMaterial: Display: Missing cached shadermap for Material_002 in PCD3D_SM5, Default, SM5 (DDC key hash: 8A0C3A676ED3247DEEC4AEA9F5C1E2EDEB6B4CE1), compiling. 
[2026.08.25-23.43.30:291][229]LogMaterial: Display: Missing cached shadermap for Material_002 in PCD3D_SM5, Default, SM5 (DDC key hash: A3EA665CA7A59B6B663C89C23250380827295D12), compiling. 
[2026.08.25-23.43.30:292][229]LogMaterial: Display: Missing cached shadermap for FMatExpressionPreview MaterialExpressionTextureSample_0 in PCD3D_SM5, Default, SM5 (DDC key hash: 9629820E32343E972FB1BB6CEF4928D682AA3164), compiling. 
[2026.08.25-23.43.30:293][229]LogMaterial: Display: Missing cached shadermap for FMatExpressionPreview MaterialExpressionTextureSample_2 in PCD3D_SM5, Default, SM5 (DDC key hash: A9AED3E84137344DD783DD9C37CBC7D9931C65CE), compiling. 
[2026.08.25-23.43.30:293][229]LogMaterial: Display: Missing cached shadermap for FMatExpressionPreview MaterialExpressionTextureSample_1 in PCD3D_SM5, Default, SM5 (DDC key hash: 862B14C28ACCBF89E6908318E8CB7C7589BB6C0E), compiling. 
[2026.08.25-23.43.30:294][229]LogMaterial: Display: Missing cached shadermap for FMatExpressionPreview MaterialExpressionVectorParameter_0 in PCD3D_SM5, Default, SM5 (DDC key hash: 6FDD5AE013688FB112B99C339FC6E63ACDE9EAD3), compiling. 
[2026.08.25-23.43.30:541][229]MaterialEditorStats: Texture samplers: 0/16
[2026.08.25-23.43.30:541][229]MaterialEditorStats: Texture Lookups (Est.): VS(0), PS(3)
[2026.08.25-23.43.30:541][229]MaterialEditorStats: User interpolators: 2/4 Scalars (1/4 Vectors) (TexCoords: 2, Custom: 0)
[2026.08.25-23.43.30:543][229]LogSlate: Took 0.000194 seconds to synchronously load lazily loaded font '../../../Engine/Content/Slate/Fonts/Roboto-BoldCondensed.ttf' (158K)
[2026.08.25-23.43.30:599][229]LogShaderCompilers: Display: Submitted 2 shader compile jobs with 'ForceLocal' priority
[2026.08.25-23.43.30:599][229]LogShaderCompilers: Display: Submitted 8 shader compile jobs with 'Normal' priority
[2026.08.25-23.43.30:599][229]LogShaderCompilers: Display: Worker (1/13): shaders left to compile 2
[2026.08.25-23.43.30:599][229]LogShaderCompilers: Display: Worker (2/13): shaders left to compile 1
[2026.08.25-23.43.30:599][229]LogShaderCompilers: Display: Worker (3/13): shaders left to compile 8
[2026.08.25-23.43.30:599][229]LogShaderCompilers: Display: Worker (4/13): shaders left to compile 7
[2026.08.25-23.43.30:599][229]LogShaderCompilers: Display: Worker (5/13): shaders left to compile 6
[2026.08.25-23.43.30:599][229]LogShaderCompilers: Display: Worker (6/13): shaders left to compile 5
[2026.08.25-23.43.30:599][229]LogShaderCompilers: Display: Worker (7/13): shaders left to compile 4
[2026.08.25-23.43.30:599][229]LogShaderCompilers: Display: Worker (8/13): shaders left to compile 3
[2026.08.25-23.43.30:599][229]LogShaderCompilers: Display: Worker (9/13): shaders left to compile 2
[2026.08.25-23.43.30:599][229]LogShaderCompilers: Display: Worker (10/13): shaders left to compile 1
[2026.08.25-23.43.30:599][229]LogShaderCompilers: Display: Started 8 'Local' shader compile jobs with 'Normal' priority
[2026.08.25-23.43.30:599][229]LogShaderCompilers: Display: Started 2 'Local' shader compile jobs with 'ForceLocal' priority
[2026.08.25-23.43.30:599][229]LogSlate: Took 0.000104 seconds to synchronously load lazily loaded font '../../../Engine/Content/Slate/Fonts/DroidSansMono.ttf' (77K)
[2026.08.25-23.43.30:620][230]LogSlate: Took 0.000179 seconds to synchronously load lazily loaded font '../../../Engine/Content/Slate/Fonts/Roboto-Italic.ttf' (157K)
[2026.08.25-23.43.30:658][232]LogShaderCompilers: Display: Submitted 2 shader compile jobs with 'ForceLocal' priority
[2026.08.25-23.43.30:670][233]LogShaderCompilers: Display: Submitted 2 shader compile jobs with 'ForceLocal' priority
[2026.08.25-23.43.30:743][239]LogShaderCompilers: Display: Worker (11/13): shaders left to compile 4
[2026.08.25-23.43.30:743][239]LogShaderCompilers: Display: Worker (12/13): shaders left to compile 3
[2026.08.25-23.43.30:743][239]LogShaderCompilers: Display: Started 2 'Local' shader compile jobs with 'ForceLocal' priority
[2026.08.25-23.43.30:834][246]LogShaderCompilers: Display: Submitted 2 shader compile jobs with 'ForceLocal' priority
[2026.08.25-23.43.31:073][256]LogShaderCompilers: Display: Worker (3/13): shaders left to compile 4
[2026.08.25-23.43.31:073][256]LogShaderCompilers: Display: Started 1 'Local' shader compile jobs with 'ForceLocal' priority
[2026.08.25-23.43.31:109][258]LogShaderCompilers: Display: Worker (2/13): shaders left to compile 3
[2026.08.25-23.43.31:110][258]LogShaderCompilers: Display: Started 1 'Local' shader compile jobs with 'ForceLocal' priority
[2026.08.25-23.43.31:158][261]LogShaderCompilers: Display: Worker (6/13): shaders left to compile 2
[2026.08.25-23.43.31:159][261]LogShaderCompilers: Display: Started 1 'Local' shader compile jobs with 'ForceLocal' priority
[2026.08.25-23.43.31:197][263]LogShaderCompilers: Display: Worker (9/13): shaders left to compile 1
[2026.08.25-23.43.31:197][263]LogShaderCompilers: Display: Started 1 'Local' shader compile jobs with 'ForceLocal' priority
[2026.08.25-23.43.31:281][266]MaterialEditorStats: Texture samplers: 5/16
[2026.08.25-23.43.31:281][266]MaterialEditorStats: Texture Lookups (Est.): VS(0), PS(3)
[2026.08.25-23.43.31:281][266]MaterialEditorStats: User interpolators: 2/4 Scalars (1/4 Vectors) (TexCoords: 2, Custom: 0)
[2026.08.25-23.43.31:382][273]MaterialEditorStats: Base pass shader: 129 instructions
[2026.08.25-23.43.31:382][273]MaterialEditorStats: Base pass shader with Volumetric Lightmap: 203 instructions
[2026.08.25-23.43.31:382][273]MaterialEditorStats: Base pass vertex shader: 46 instructions
[2026.08.25-23.43.31:382][273]MaterialEditorStats: Texture samplers: 5/16
[2026.08.25-23.43.31:382][273]MaterialEditorStats: Texture Lookups (Est.): VS(0), PS(3)
[2026.08.25-23.43.31:382][273]MaterialEditorStats: User interpolators: 2/4 Scalars (1/4 Vectors) (TexCoords: 2, Custom: 0)
[2026.08.25-23.43.37:542][850]LogSlate: Window 'BP_UI' being destroyed
[2026.08.25-23.45.38:641][657]BlueprintLog: New page: Compile BP_UI
[2026.08.25-23.45.38:729][657]LogUObjectHash: Compacting FUObjectHashTables data took   2.73ms
[2026.08.25-23.45.39:274][703]Cmd: OBJ SAVEPACKAGE PACKAGE="/Game/Brackeys2026/UI/BP_UI" FILE="E:/_Alex's Data/Unreal Engine/Unreal Projects/Brackeys2026/Brackeys-2026/BrackeysJam2026/Content/Brackeys2026/UI/BP_UI.uasset" SILENT=true
[2026.08.25-23.45.39:322][703]LogSavePackage: Moving 'E:/_Alex's Data/Unreal Engine/Unreal Projects/Brackeys2026/Brackeys-2026/BrackeysJam2026/Saved/BP_UI8285ABC84878E34E237832982705013F.tmp' to 'E:/_Alex's Data/Unreal Engine/Unreal Projects/Brackeys2026/Brackeys-2026/BrackeysJam2026/Content/Brackeys2026/UI/BP_UI.uasset'
[2026.08.25-23.45.39:349][703]AssetCheck: New page: Asset Save: BP_UI
[2026.08.25-23.45.39:349][703]LogContentValidation: Display: Validating WidgetBlueprint /Game/Brackeys2026/UI/BP_UI.BP_UI
[2026.08.25-23.46.27:143][855]BlueprintLog: New page: Collapse to Function
[2026.08.25-23.47.09:991][877]BlueprintLog: New page: Compile BP_UI
[2026.08.25-23.47.10:055][877]LogUObjectHash: Compacting FUObjectHashTables data took   2.26ms
[2026.08.25-23.47.10:403][912]Cmd: OBJ SAVEPACKAGE PACKAGE="/Game/Brackeys2026/UI/BP_UI" FILE="E:/_Alex's Data/Unreal Engine/Unreal Projects/Brackeys2026/Brackeys-2026/BrackeysJam2026/Content/Brackeys2026/UI/BP_UI.uasset" SILENT=true
[2026.08.25-23.47.10:452][912]LogSavePackage: Moving 'E:/_Alex's Data/Unreal Engine/Unreal Projects/Brackeys2026/Brackeys-2026/BrackeysJam2026/Saved/BP_UI1B51C6D84E0ADA78DAA451A124E01040.tmp' to 'E:/_Alex's Data/Unreal Engine/Unreal Projects/Brackeys2026/Brackeys-2026/BrackeysJam2026/Content/Brackeys2026/UI/BP_UI.uasset'
[2026.08.25-23.47.10:478][912]AssetCheck: New page: Asset Save: BP_UI
[2026.08.25-23.47.10:478][912]LogContentValidation: Display: Validating WidgetBlueprint /Game/Brackeys2026/UI/BP_UI.BP_UI
[2026.08.25-23.48.13:802][911]LogPackageName: Error: DoesPackageExist: DoesPackageExist FAILED: '' is not a standard unreal filename or a long path name. Reason: Path should be no less than 4 characters long.
[2026.08.25-23.48.13:802][911]LogBlueprint: Error: [AssetLog]  (no disk path found): [Compiler] Delay  cannot be placed in function graph
[2026.08.25-23.48.13:802][911]BlueprintLog: New page: Collapse to Function
[2026.08.25-23.48.13:802][911]BlueprintLog: Error: Delay  cannot be placed in function graph
[2026.08.25-23.48.18:582][420]LogSlate: Window 'Message Log' being destroyed
[2026.08.25-23.48.18:586][420]LogSlate: Window 'Message Log' being destroyed
[2026.08.25-23.48.20:016][578]LogEditorTransaction: Undo Move Node
[2026.08.25-23.48.20:036][578]LogMaterial: Display: Missing cached shadermap for Material_002 in PCD3D_SM5, Default, SM5 (DDC key hash: A117CA5F164EEA43A0FC7B0E61E97AB837C7A796), compiling. 
[2026.08.25-23.48.20:044][578]MaterialEditorStats: Texture samplers: 0/16
[2026.08.25-23.48.20:044][578]MaterialEditorStats: Texture Lookups (Est.): VS(0), PS(3)
[2026.08.25-23.48.20:044][578]MaterialEditorStats: User interpolators: 2/4 Scalars (1/4 Vectors) (TexCoords: 2, Custom: 0)
[2026.08.25-23.48.20:156][580]LogShaderCompilers: Display: === FShaderJobCache stats ===
[2026.08.25-23.48.20:156][580]LogShaderCompilers: Display: Total job queries 37, among them cache hits 11 (29.73%)
[2026.08.25-23.48.20:156][580]LogShaderCompilers: Display: Tracking 16 distinct input hashes that result in 13 distinct outputs (81.25%)
[2026.08.25-23.48.20:156][580]LogShaderCompilers: Display: RAM used: 0.06 MB (0.00 GB) of 1638.40 MB (1.60 GB) budget. Usage: 0.00%
[2026.08.25-23.48.20:156][580]LogShaderCompilers: Display: ================================================
[2026.08.25-23.48.20:183][581]MaterialEditorStats: Base pass shader: 129 instructions
[2026.08.25-23.48.20:183][581]MaterialEditorStats: Base pass shader with Volumetric Lightmap: 203 instructions
[2026.08.25-23.48.20:183][581]MaterialEditorStats: Base pass vertex shader: 46 instructions
[2026.08.25-23.48.20:183][581]MaterialEditorStats: Texture samplers: 5/16
[2026.08.25-23.48.20:183][581]MaterialEditorStats: Texture Lookups (Est.): VS(0), PS(3)
[2026.08.25-23.48.20:183][581]MaterialEditorStats: User interpolators: 2/4 Scalars (1/4 Vectors) (TexCoords: 2, Custom: 0)
[2026.08.25-23.48.20:438][589]LogEditorTransaction: Undo Move Node
[2026.08.25-23.48.20:453][589]LogMaterial: Display: Missing cached shadermap for Material_002 in PCD3D_SM5, Default, SM5 (DDC key hash: AC6D3E5AF723393B0C6BC1A40AF451F3DDD6C924), compiling. 
[2026.08.25-23.48.20:456][589]MaterialEditorStats: Texture samplers: 0/16
[2026.08.25-23.48.20:456][589]MaterialEditorStats: Texture Lookups (Est.): VS(0), PS(3)
[2026.08.25-23.48.20:456][589]MaterialEditorStats: User interpolators: 2/4 Scalars (1/4 Vectors) (TexCoords: 2, Custom: 0)
[2026.08.25-23.48.20:586][592]MaterialEditorStats: Base pass shader: 129 instructions
[2026.08.25-23.48.20:586][592]MaterialEditorStats: Base pass shader with Volumetric Lightmap: 203 instructions
[2026.08.25-23.48.20:586][592]MaterialEditorStats: Base pass vertex shader: 46 instructions
[2026.08.25-23.48.20:586][592]MaterialEditorStats: Texture samplers: 5/16
[2026.08.25-23.48.20:586][592]MaterialEditorStats: Texture Lookups (Est.): VS(0), PS(3)
[2026.08.25-23.48.20:586][592]MaterialEditorStats: User interpolators: 2/4 Scalars (1/4 Vectors) (TexCoords: 2, Custom: 0)
[2026.08.25-23.48.20:949][634]LogEditorTransaction: Undo Move Node
[2026.08.25-23.48.20:968][634]LogMaterial: Display: Missing cached shadermap for Material_002 in PCD3D_SM5, Default, SM5 (DDC key hash: F8DA7A9FFF7AB7E353F36E8771E26268C92B13EA), compiling. 
[2026.08.25-23.48.20:971][634]MaterialEditorStats: Texture samplers: 0/16
[2026.08.25-23.48.20:971][634]MaterialEditorStats: Texture Lookups (Est.): VS(0), PS(3)
[2026.08.25-23.48.20:971][634]MaterialEditorStats: User interpolators: 2/4 Scalars (1/4 Vectors) (TexCoords: 2, Custom: 0)
[2026.08.25-23.48.21:038][637]MaterialEditorStats: Base pass shader: 129 instructions
[2026.08.25-23.48.21:038][637]MaterialEditorStats: Base pass shader with Volumetric Lightmap: 203 instructions
[2026.08.25-23.48.21:038][637]MaterialEditorStats: Base pass vertex shader: 46 instructions
[2026.08.25-23.48.21:038][637]MaterialEditorStats: Texture samplers: 5/16
[2026.08.25-23.48.21:038][637]MaterialEditorStats: Texture Lookups (Est.): VS(0), PS(3)
[2026.08.25-23.48.21:038][637]MaterialEditorStats: User interpolators: 2/4 Scalars (1/4 Vectors) (TexCoords: 2, Custom: 0)
[2026.08.25-23.48.21:399][679]LogEditorTransaction: Undo Delete current selection
[2026.08.25-23.48.21:416][679]LogMaterial: Display: Missing cached shadermap for Material_002 in PCD3D_SM5, Default, SM5 (DDC key hash: EF129AB012FCFEE60C41E6AE3F122AF64AAD4150), compiling. 
[2026.08.25-23.48.21:419][679]MaterialEditorStats: Texture samplers: 0/16
[2026.08.25-23.48.21:419][679]MaterialEditorStats: Texture Lookups (Est.): VS(0), PS(3)
[2026.08.25-23.48.21:419][679]MaterialEditorStats: User interpolators: 2/4 Scalars (1/4 Vectors) (TexCoords: 2, Custom: 0)
[2026.08.25-23.48.21:522][682]MaterialEditorStats: Base pass shader: 129 instructions
[2026.08.25-23.48.21:522][682]MaterialEditorStats: Base pass shader with Volumetric Lightmap: 203 instructions
[2026.08.25-23.48.21:522][682]MaterialEditorStats: Base pass vertex shader: 46 instructions
[2026.08.25-23.48.21:522][682]MaterialEditorStats: Texture samplers: 5/16
[2026.08.25-23.48.21:522][682]MaterialEditorStats: Texture Lookups (Est.): VS(0), PS(3)
[2026.08.25-23.48.21:522][682]MaterialEditorStats: User interpolators: 2/4 Scalars (1/4 Vectors) (TexCoords: 2, Custom: 0)
[2026.08.25-23.48.21:884][725]LogEditorTransaction: Undo Delete current selection
[2026.08.25-23.48.21:904][725]LogMaterial: Display: Missing cached shadermap for Material_002 in PCD3D_SM5, Default, SM5 (DDC key hash: FCDDB51CD1750C85D49889D9301AA11E2CE7BE8A), compiling. 
[2026.08.25-23.48.21:908][725]MaterialEditorStats: Texture samplers: 0/16
[2026.08.25-23.48.21:908][725]MaterialEditorStats: Texture Lookups (Est.): VS(0), PS(3)
[2026.08.25-23.48.21:908][725]MaterialEditorStats: User interpolators: 2/4 Scalars (1/4 Vectors) (TexCoords: 2, Custom: 0)
[2026.08.25-23.48.21:981][728]MaterialEditorStats: Base pass shader: 129 instructions
[2026.08.25-23.48.21:981][728]MaterialEditorStats: Base pass shader with Volumetric Lightmap: 203 instructions
[2026.08.25-23.48.21:981][728]MaterialEditorStats: Base pass vertex shader: 46 instructions
[2026.08.25-23.48.21:981][728]MaterialEditorStats: Texture samplers: 5/16
[2026.08.25-23.48.21:981][728]MaterialEditorStats: Texture Lookups (Est.): VS(0), PS(3)
[2026.08.25-23.48.21:981][728]MaterialEditorStats: User interpolators: 2/4 Scalars (1/4 Vectors) (TexCoords: 2, Custom: 0)
[2026.08.25-23.48.22:377][774]LogEditorTransaction: Undo Create Pin Link
[2026.08.25-23.48.22:398][774]LogMaterial: Display: Missing cached shadermap for Material_002 in PCD3D_SM5, Default, SM5 (DDC key hash: F9D8EB107CFFE9A0F26AB3FDF0A7C89A98F6A367), compiling. 
[2026.08.25-23.48.22:402][774]MaterialEditorStats: Texture samplers: 0/16
[2026.08.25-23.48.22:402][774]MaterialEditorStats: Texture Lookups (Est.): VS(0), PS(3)
[2026.08.25-23.48.22:402][774]MaterialEditorStats: User interpolators: 2/4 Scalars (1/4 Vectors) (TexCoords: 2, Custom: 0)
[2026.08.25-23.48.22:489][777]MaterialEditorStats: Base pass shader: 129 instructions
[2026.08.25-23.48.22:489][777]MaterialEditorStats: Base pass shader with Volumetric Lightmap: 203 instructions
[2026.08.25-23.48.22:489][777]MaterialEditorStats: Base pass vertex shader: 46 instructions
[2026.08.25-23.48.22:489][777]MaterialEditorStats: Texture samplers: 5/16
[2026.08.25-23.48.22:489][777]MaterialEditorStats: Texture Lookups (Est.): VS(0), PS(3)
[2026.08.25-23.48.22:489][777]MaterialEditorStats: User interpolators: 2/4 Scalars (1/4 Vectors) (TexCoords: 2, Custom: 0)
[2026.08.25-23.48.22:944][831]LogEditorTransaction: Undo Create Pin Link
[2026.08.25-23.48.22:960][831]LogMaterial: Display: Missing cached shadermap for Material_002 in PCD3D_SM5, Default, SM5 (DDC key hash: BCCFA96C7A562F59560E507C73C64458CC0486B7), compiling. 
[2026.08.25-23.48.22:962][831]MaterialEditorStats: Texture samplers: 0/16
[2026.08.25-23.48.22:962][831]MaterialEditorStats: Texture Lookups (Est.): VS(0), PS(3)
[2026.08.25-23.48.22:962][831]MaterialEditorStats: User interpolators: 2/4 Scalars (1/4 Vectors) (TexCoords: 2, Custom: 0)
[2026.08.25-23.48.23:028][834]MaterialEditorStats: Base pass shader: 129 instructions
[2026.08.25-23.48.23:028][834]MaterialEditorStats: Base pass shader with Volumetric Lightmap: 203 instructions
[2026.08.25-23.48.23:028][834]MaterialEditorStats: Base pass vertex shader: 46 instructions
[2026.08.25-23.48.23:028][834]MaterialEditorStats: Texture samplers: 5/16
[2026.08.25-23.48.23:028][834]MaterialEditorStats: Texture Lookups (Est.): VS(0), PS(3)
[2026.08.25-23.48.23:028][834]MaterialEditorStats: User interpolators: 2/4 Scalars (1/4 Vectors) (TexCoords: 2, Custom: 0)
[2026.08.25-23.48.24:252][977]LogEditorTransaction: Undo Create Pin Link
[2026.08.25-23.48.24:278][977]LogMaterial: Display: Missing cached shadermap for Material_002 in PCD3D_SM5, Default, SM5 (DDC key hash: 4728F6FC66A0C9194F488C8177FB19719DE481E2), compiling. 
[2026.08.25-23.48.24:282][977]MaterialEditorStats: Texture samplers: 0/16
[2026.08.25-23.48.24:282][977]MaterialEditorStats: Texture Lookups (Est.): VS(0), PS(3)
[2026.08.25-23.48.24:282][977]MaterialEditorStats: User interpolators: 2/4 Scalars (1/4 Vectors) (TexCoords: 2, Custom: 0)
[2026.08.25-23.48.24:360][980]MaterialEditorStats: Base pass shader: 129 instructions
[2026.08.25-23.48.24:360][980]MaterialEditorStats: Base pass shader with Volumetric Lightmap: 203 instructions
[2026.08.25-23.48.24:360][980]MaterialEditorStats: Base pass vertex shader: 46 instructions
[2026.08.25-23.48.24:360][980]MaterialEditorStats: Texture samplers: 5/16
[2026.08.25-23.48.24:360][980]MaterialEditorStats: Texture Lookups (Est.): VS(0), PS(3)
[2026.08.25-23.48.24:360][980]MaterialEditorStats: User interpolators: 2/4 Scalars (1/4 Vectors) (TexCoords: 2, Custom: 0)
[2026.08.25-23.48.25:133][ 70]LogEditorTransaction: Undo Move Node
[2026.08.25-23.48.25:155][ 70]LogMaterial: Display: Missing cached shadermap for Material_002 in PCD3D_SM5, Default, SM5 (DDC key hash: 24E148FA90CEE8D1E5F49C9EDD0B608CE99E4010), compiling. 
[2026.08.25-23.48.25:158][ 70]MaterialEditorStats: Texture samplers: 0/16
[2026.08.25-23.48.25:158][ 70]MaterialEditorStats: Texture Lookups (Est.): VS(0), PS(3)
[2026.08.25-23.48.25:158][ 70]MaterialEditorStats: User interpolators: 2/4 Scalars (1/4 Vectors) (TexCoords: 2, Custom: 0)
[2026.08.25-23.48.25:235][ 73]MaterialEditorStats: Base pass shader: 129 instructions
[2026.08.25-23.48.25:236][ 73]MaterialEditorStats: Base pass shader with Volumetric Lightmap: 203 instructions
[2026.08.25-23.48.25:236][ 73]MaterialEditorStats: Base pass vertex shader: 46 instructions
[2026.08.25-23.48.25:236][ 73]MaterialEditorStats: Texture samplers: 5/16
[2026.08.25-23.48.25:236][ 73]MaterialEditorStats: Texture Lookups (Est.): VS(0), PS(3)
[2026.08.25-23.48.25:236][ 73]MaterialEditorStats: User interpolators: 2/4 Scalars (1/4 Vectors) (TexCoords: 2, Custom: 0)
[2026.08.25-23.48.27:070][285]LogEditorTransaction: Undo Move Node
[2026.08.25-23.48.27:089][285]LogMaterial: Display: Missing cached shadermap for Material_002 in PCD3D_SM5, Default, SM5 (DDC key hash: 125C2D3126FEC9020BD6B310069DDDEBDB966CA8), compiling. 
[2026.08.25-23.48.27:091][285]MaterialEditorStats: Texture samplers: 0/16
[2026.08.25-23.48.27:091][285]MaterialEditorStats: Texture Lookups (Est.): VS(0), PS(3)
[2026.08.25-23.48.27:091][285]MaterialEditorStats: User interpolators: 2/4 Scalars (1/4 Vectors) (TexCoords: 2, Custom: 0)
[2026.08.25-23.48.27:160][288]MaterialEditorStats: Base pass shader: 129 instructions
[2026.08.25-23.48.27:160][288]MaterialEditorStats: Base pass shader with Volumetric Lightmap: 203 instructions
[2026.08.25-23.48.27:160][288]MaterialEditorStats: Base pass vertex shader: 46 instructions
[2026.08.25-23.48.27:160][288]MaterialEditorStats: Texture samplers: 5/16
[2026.08.25-23.48.27:160][288]MaterialEditorStats: Texture Lookups (Est.): VS(0), PS(3)
[2026.08.25-23.48.27:160][288]MaterialEditorStats: User interpolators: 2/4 Scalars (1/4 Vectors) (TexCoords: 2, Custom: 0)
[2026.08.25-23.48.29:700][576]BlueprintLog: New page: Compile BP_UI
[2026.08.25-23.48.29:761][576]LogUObjectHash: Compacting FUObjectHashTables data took   2.34ms
[2026.08.25-23.48.30:239][615]Cmd: OBJ SAVEPACKAGE PACKAGE="/Game/Brackeys2026/UI/BP_UI" FILE="E:/_Alex's Data/Unreal Engine/Unreal Projects/Brackeys2026/Brackeys-2026/BrackeysJam2026/Content/Brackeys2026/UI/BP_UI.uasset" SILENT=true
[2026.08.25-23.48.30:289][615]LogSavePackage: Moving 'E:/_Alex's Data/Unreal Engine/Unreal Projects/Brackeys2026/Brackeys-2026/BrackeysJam2026/Saved/BP_UI42EB216F4E6813722CAB2F8D897576B5.tmp' to 'E:/_Alex's Data/Unreal Engine/Unreal Projects/Brackeys2026/Brackeys-2026/BrackeysJam2026/Content/Brackeys2026/UI/BP_UI.uasset'
[2026.08.25-23.48.30:316][615]AssetCheck: New page: Asset Save: BP_UI
[2026.08.25-23.48.30:316][615]LogContentValidation: Display: Validating WidgetBlueprint /Game/Brackeys2026/UI/BP_UI.BP_UI
[2026.08.25-23.49.16:982][941]BlueprintLog: New page: Compile BP_UI
[2026.08.25-23.49.17:040][941]LogUObjectHash: Compacting FUObjectHashTables data took   2.16ms
[2026.08.25-23.49.17:487][981]Cmd: OBJ SAVEPACKAGE PACKAGE="/Game/Brackeys2026/UI/BP_UI" FILE="E:/_Alex's Data/Unreal Engine/Unreal Projects/Brackeys2026/Brackeys-2026/BrackeysJam2026/Content/Brackeys2026/UI/BP_UI.uasset" SILENT=true
[2026.08.25-23.49.19:451][981]LogSavePackage: Moving 'E:/_Alex's Data/Unreal Engine/Unreal Projects/Brackeys2026/Brackeys-2026/BrackeysJam2026/Saved/BP_UI20859EFE455254687886AF944AD29CF3.tmp' to 'E:/_Alex's Data/Unreal Engine/Unreal Projects/Brackeys2026/Brackeys-2026/BrackeysJam2026/Content/Brackeys2026/UI/BP_UI.uasset'
[2026.08.25-23.49.19:497][981]AssetCheck: New page: Asset Save: BP_UI
[2026.08.25-23.49.19:497][981]LogContentValidation: Display: Validating WidgetBlueprint /Game/Brackeys2026/UI/BP_UI.BP_UI
[2026.08.25-23.50.17:348][271]BlueprintLog: New page: Compile BrackeysGameMode
[2026.08.25-23.50.17:395][271]LogUObjectHash: Compacting FUObjectHashTables data took   2.35ms
[2026.08.25-23.50.17:799][313]LogSavePackage: Moving 'E:/_Alex's Data/Unreal Engine/Unreal Projects/Brackeys2026/Brackeys-2026/BrackeysJam2026/Saved/BrackeysGameModeBE1A77EF495BEF1DBA8FC2B05AFBD276.tmp' to 'E:/_Alex's Data/Unreal Engine/Unreal Projects/Brackeys2026/Brackeys-2026/BrackeysJam2026/Content/Brackeys2026/Levels/BrackeysGameMode.uasset'
[2026.08.25-23.50.17:818][313]AssetCheck: New page: Asset Save: BrackeysGameMode
[2026.08.25-23.50.17:818][313]LogContentValidation: Display: Validating Blueprint /Game/Brackeys2026/Levels/BrackeysGameMode.BrackeysGameMode
[2026.08.25-23.50.57:184][974]BlueprintLog: New page: Compile BP_UI
[2026.08.25-23.50.57:232][974]LogUObjectHash: Compacting FUObjectHashTables data took   2.25ms
[2026.08.25-23.50.57:621][  9]Cmd: OBJ SAVEPACKAGE PACKAGE="/Game/Brackeys2026/UI/BP_UI" FILE="E:/_Alex's Data/Unreal Engine/Unreal Projects/Brackeys2026/Brackeys-2026/BrackeysJam2026/Content/Brackeys2026/UI/BP_UI.uasset" SILENT=true
[2026.08.25-23.50.57:669][  9]LogSavePackage: Moving 'E:/_Alex's Data/Unreal Engine/Unreal Projects/Brackeys2026/Brackeys-2026/BrackeysJam2026/Saved/BP_UI348D97BD4AE7E385125B0AADB7B73DC4.tmp' to 'E:/_Alex's Data/Unreal Engine/Unreal Projects/Brackeys2026/Brackeys-2026/BrackeysJam2026/Content/Brackeys2026/UI/BP_UI.uasset'
[2026.08.25-23.50.57:698][  9]AssetCheck: New page: Asset Save: BP_UI
[2026.08.25-23.50.57:698][  9]LogContentValidation: Display: Validating WidgetBlueprint /Game/Brackeys2026/UI/BP_UI.BP_UI
[2026.08.25-23.52.43:763][437]LogSlate: Took 0.000187 seconds to synchronously load lazily loaded font '../../../Engine/Content/Slate/Fonts/Roboto-Light.ttf' (167K)
[2026.08.25-23.53.00:589][389]LogAssetEditorSubsystem: Opening Asset editor for Blueprint /Game/Brackeys2026/Interfaces/BPI_Action.BPI_Action
[2026.08.25-23.53.19:189][566]BlueprintLog: New page: Compile BPI_Action
[2026.08.25-23.53.19:249][566]LogUObjectHash: Compacting FUObjectHashTables data took   2.56ms
[2026.08.25-23.53.19:743][616]LogSavePackage: Moving 'E:/_Alex's Data/Unreal Engine/Unreal Projects/Brackeys2026/Brackeys-2026/BrackeysJam2026/Saved/BPI_ActionB3CFFAEC46F8DE22624917BAC77C9F96.tmp' to 'E:/_Alex's Data/Unreal Engine/Unreal Projects/Brackeys2026/Brackeys-2026/BrackeysJam2026/Content/Brackeys2026/Interfaces/BPI_Action.uasset'
[2026.08.25-23.53.19:761][616]AssetCheck: New page: Asset Save: BPI_Action
[2026.08.25-23.53.19:761][616]LogContentValidation: Display: Validating Blueprint /Game/Brackeys2026/Interfaces/BPI_Action.BPI_Action
[2026.08.25-23.53.28:667][658]LogShaderCompilers: Display: Submitted 2 shader compile jobs with 'ForceLocal' priority
[2026.08.25-23.53.28:677][659]LogShaderCompilers: Display: Worker (1/13): shaders left to compile 2
[2026.08.25-23.53.28:677][659]LogShaderCompilers: Display: Worker (2/13): shaders left to compile 1
[2026.08.25-23.53.28:677][659]LogShaderCompilers: Display: Started 2 'Local' shader compile jobs with 'ForceLocal' priority
[2026.08.25-23.53.28:932][689]LogShaderCompilers: Display: === FShaderJobCache stats ===
[2026.08.25-23.53.28:932][689]LogShaderCompilers: Display: Total job queries 129, among them cache hits 101 (78.29%)
[2026.08.25-23.53.28:932][689]LogShaderCompilers: Display: Tracking 17 distinct input hashes that result in 13 distinct outputs (76.47%)
[2026.08.25-23.53.28:932][689]LogShaderCompilers: Display: RAM used: 0.06 MB (0.00 GB) of 1638.40 MB (1.60 GB) budget. Usage: 0.00%
[2026.08.25-23.53.28:932][689]LogShaderCompilers: Display: ================================================
[2026.08.25-23.54.03:147][602]LogPackageName: Error: DoesPackageExist: DoesPackageExist FAILED: '' is not a standard unreal filename or a long path name. Reason: Path should be no less than 4 characters long.
[2026.08.25-23.54.03:147][602]LogBlueprint: Error: [AssetLog]  (no disk path found): [Compiler] PickUpTimeline  cannot be placed in function graph
[2026.08.25-23.54.03:147][602]BlueprintLog: New page: Collapse to Function
[2026.08.25-23.54.03:147][602]BlueprintLog: Error: PickUpTimeline  cannot be placed in function graph
[2026.08.25-23.54.44:505][286]BlueprintLog: New page: Compile BP_Revolver
[2026.08.25-23.54.44:584][286]LogUObjectHash: Compacting FUObjectHashTables data took   2.49ms
[2026.08.25-23.54.45:342][322]LogSavePackage: Moving 'E:/_Alex's Data/Unreal Engine/Unreal Projects/Brackeys2026/Brackeys-2026/BrackeysJam2026/Saved/BP_RevolverF4A7384E44DFC2145BDFCAB4BF9A31FF.tmp' to 'E:/_Alex's Data/Unreal Engine/Unreal Projects/Brackeys2026/Brackeys-2026/BrackeysJam2026/Content/Brackeys2026/Objects/Revolver/BP_Revolver.uasset'
[2026.08.25-23.54.45:447][322]AssetCheck: New page: Asset Save: BP_Revolver
[2026.08.25-23.54.45:447][322]LogContentValidation: Display: Validating Blueprint /Game/Brackeys2026/Objects/Revolver/BP_Revolver.BP_Revolver
[2026.08.25-23.54.47:703][575]LogTemp: Repeating last play command: Selected Viewport
[2026.08.25-23.54.47:712][575]LogPlayLevel: PlayLevel: No blueprints needed recompiling
[2026.08.25-23.54.47:713][575]PIE: New page: PIE session: Brackeys2026Map (Aug 25, 2026, 9:54:47 AM)
[2026.08.25-23.54.47:715][575]LogOnline: OSS: Creating online subsystem instance for: NULL
[2026.08.25-23.54.47:717][575]LogOnline: OSS: TryLoadSubsystemAndSetDefault: Loaded subsystem for module [NULL]
[2026.08.25-23.54.47:717][575]LogPlayLevel: Creating play world package: /Game/Brackeys2026/Levels/UEDPIE_0_Brackeys2026Map
[2026.08.25-23.54.47:720][575]LogPlayLevel: PIE: StaticDuplicateObject took: (0.003585s)
[2026.08.25-23.54.47:721][575]LogAIModule: Creating AISystem for world Brackeys2026Map
[2026.08.25-23.54.47:721][575]LogPlayLevel: PIE: World Init took: (0.000944s)
[2026.08.25-23.54.47:721][575]LogPlayLevel: PIE: Created PIE world by copying editor world from /Game/Brackeys2026/Levels/Brackeys2026Map.Brackeys2026Map to /Game/Brackeys2026/Levels/UEDPIE_0_Brackeys2026Map.Brackeys2026Map (0.004680s)
[2026.08.25-23.54.47:753][575]LogUObjectHash: Compacting FUObjectHashTables data took   2.24ms
[2026.08.25-23.54.47:753][575]LogAudio: Display: Creating Audio Device:                 Id: 2, Scope: Unique, Realtime: True
[2026.08.25-23.54.47:753][575]LogAudioMixer: Display: Audio Mixer Platform Settings:
[2026.08.25-23.54.47:753][575]LogAudioMixer: Display: 	Sample Rate:						  48000
[2026.08.25-23.54.47:753][575]LogAudioMixer: Display: 	Callback Buffer Frame Size Requested: 1024
[2026.08.25-23.54.47:753][575]LogAudioMixer: Display: 	Callback Buffer Frame Size To Use:	  1024
[2026.08.25-23.54.47:753][575]LogAudioMixer: Display: 	Number of buffers to queue:			  2
[2026.08.25-23.54.47:753][575]LogAudioMixer: Display: 	Max Channels (voices):				  32
[2026.08.25-23.54.47:753][575]LogAudioMixer: Display: 	Number of Async Source Workers:		  0
[2026.08.25-23.54.47:753][575]LogAudio: Display: AudioDevice MaxSources: 32
[2026.08.25-23.54.47:754][575]LogAudio: Display: Audio Spatialization Plugin: None (built-in).
[2026.08.25-23.54.47:754][575]LogAudio: Display: Audio Reverb Plugin: None (built-in).
[2026.08.25-23.54.47:754][575]LogAudio: Display: Audio Occlusion Plugin: None (built-in).
[2026.08.25-23.54.47:754][575]LogAudioMixer: Display: Initializing audio mixer.
[2026.08.25-23.54.47:759][575]LogAudioMixer: Display: 0: FrontLeft
[2026.08.25-23.54.47:759][575]LogAudioMixer: Display: 1: FrontRight
[2026.08.25-23.54.47:775][575]LogAudioMixer: Display: Using Audio Device Realtek HD Audio 2nd output (Realtek(R) Audio)
[2026.08.25-23.54.47:775][575]LogAudioMixer: Display: Initializing Sound Submixes...
[2026.08.25-23.54.47:775][575]LogAudioMixer: Display: Creating Master Submix 'MasterSubmixDefault'
[2026.08.25-23.54.47:775][575]LogAudioMixer: Display: Creating Master Submix 'MasterReverbSubmixDefault'
[2026.08.25-23.54.47:775][575]LogAudioMixer: Display: Creating Master Submix 'MasterEQSubmixDefault'
[2026.08.25-23.54.47:775][575]LogAudioMixer: FMixerPlatformXAudio2::StartAudioStream() called
[2026.08.25-23.54.47:775][575]LogAudioMixer: Display: Output buffers initialized: Frames=1024, Channels=2, Samples=2048
[2026.08.25-23.54.47:777][575]LogAudioMixer: Display: Starting AudioMixerPlatformInterface::RunInternal()
[2026.08.25-23.54.47:777][575]LogAudioMixer: Display: FMixerPlatformXAudio2::SubmitBuffer() called for the first time
[2026.08.25-23.54.47:777][575]LogInit: FAudioDevice initialized.
[2026.08.25-23.54.47:777][575]LogAudio: Display: Audio Device (ID: 2) registered with world 'Brackeys2026Map'.
[2026.08.25-23.54.47:817][575]LogSlate: Updating window title bar state: overlay mode, drag disabled, window buttons hidden, title bar hidden
[2026.08.25-23.54.47:817][575]LogLoad: Game class is 'BrackeysGameMode_C'
[2026.08.25-23.54.47:818][575]LogWorld: Bringing World /Game/Brackeys2026/Levels/UEDPIE_0_Brackeys2026Map.Brackeys2026Map up for play (max tick rate 0) at 2026.08.25-16.54.47
[2026.08.25-23.54.47:819][575]LogWorld: Bringing up level for play took: 0.000666
[2026.08.25-23.54.47:819][575]LogOnline: OSS: Creating online subsystem instance for: :Context_15
[2026.08.25-23.54.47:824][575]LogNativeClassHierarchy: Verbose: Native class hierarchy updated for 'MovieSceneCapture' in 0.0003 seconds. Added 20 classes and 0 folders.
[2026.08.25-23.54.47:826][575]LogBlueprintUserMessages: [BP_CoinGun_2] false
[2026.08.25-23.54.47:826][575]LogBlueprintUserMessages: [BP_CoinGun_2] false
[2026.08.25-23.54.47:826][575]LogBlueprintUserMessages: [BP_CoinGun_2] false
[2026.08.25-23.54.47:826][575]LogBlueprintUserMessages: [BP_CoinGun_2] false
[2026.08.25-23.54.47:826][575]LogBlueprintUserMessages: [BP_CoinGun_2] false
[2026.08.25-23.54.47:826][575]LogBlueprintUserMessages: [BP_CoinGun_2] true
[2026.08.25-23.54.47:829][575]PIE: Server logged in
[2026.08.25-23.54.47:831][575]PIE: Play in editor total start time 0.121 seconds.
[2026.08.25-23.54.47:853][576]LogRenderer: Reallocating scene render targets to support 1280x840 Format 10 NumSamples 1 (Frame:1).
[2026.08.25-23.55.10:371][126]LogSlate: Updating window title bar state: overlay mode, drag disabled, window buttons hidden, title bar hidden
[2026.08.25-23.55.10:371][126]LogWorld: BeginTearingDown for /Game/Brackeys2026/Levels/UEDPIE_0_Brackeys2026Map
[2026.08.25-23.55.10:371][126]LogSlate: Window 'BrackeysJam2026 Preview [NetMode: Standalone]  (64-bit/Windows) ' being destroyed
[2026.08.25-23.55.10:380][126]LogWorld: UWorld::CleanupWorld for Brackeys2026Map, bSessionEnded=true, bCleanupResources=true
[2026.08.25-23.55.10:380][126]LogSlate: InvalidateAllWidgets triggered.  All widgets were invalidated
[2026.08.25-23.55.10:385][126]LogPlayLevel: Display: Shutting down PIE online subsystems
[2026.08.25-23.55.10:392][126]LogSlate: InvalidateAllWidgets triggered.  All widgets were invalidated
[2026.08.25-23.55.10:428][126]LogAudio: Display: Audio Device unregistered from world 'None'.
[2026.08.25-23.55.10:433][126]LogAudioMixer: FMixerPlatformXAudio2::StopAudioStream() called
[2026.08.25-23.55.10:434][126]LogAudioMixer: FMixerPlatformXAudio2::StopAudioStream() called
[2026.08.25-23.55.10:455][126]LogUObjectHash: Compacting FUObjectHashTables data took   3.27ms
[2026.08.25-23.55.10:478][127]LogPlayLevel: Display: Destroying online subsystem :Context_15
[2026.08.25-23.55.25:411][308]LogUObjectHash: Compacting FUObjectHashTables data took   2.60ms
[2026.08.25-23.55.26:372][308]LogSlate: Window 'Save Content' being destroyed
[2026.08.25-23.55.26:443][308]LogSavePackage: Moving 'E:/_Alex's Data/Unreal Engine/Unreal Projects/Brackeys2026/Brackeys-2026/BrackeysJam2026/Saved/BP_Phone46B6043C47A35DB3326AEF96D99EAA49.tmp' to 'E:/_Alex's Data/Unreal Engine/Unreal Projects/Brackeys2026/Brackeys-2026/BrackeysJam2026/Content/Brackeys2026/Objects/Phone/BP_Phone.uasset'
[2026.08.25-23.55.26:485][308]LogUObjectHash: Compacting FUObjectHashTables data took   0.51ms
[2026.08.25-23.55.26:898][308]LogSavePackage: Moving 'E:/_Alex's Data/Unreal Engine/Unreal Projects/Brackeys2026/Brackeys-2026/BrackeysJam2026/Saved/Brackeys2026Map1F3F0BB544CC98CACE457FAA222C0BA5.tmp' to 'E:/_Alex's Data/Unreal Engine/Unreal Projects/Brackeys2026/Brackeys-2026/BrackeysJam2026/Content/Brackeys2026/Levels/Brackeys2026Map.umap'
[2026.08.25-23.55.26:914][308]LogFileHelpers: Saving map 'Brackeys2026Map' took 0.465
[2026.08.25-23.55.26:924][308]LogSavePackage: Moving 'E:/_Alex's Data/Unreal Engine/Unreal Projects/Brackeys2026/Brackeys-2026/BrackeysJam2026/Saved/BrackeysGameModeC6A703084C511F36B32E3382DF383055.tmp' to 'E:/_Alex's Data/Unreal Engine/Unreal Projects/Brackeys2026/Brackeys-2026/BrackeysJam2026/Content/Brackeys2026/Levels/BrackeysGameMode.uasset'
[2026.08.25-23.55.26:980][308]AssetCheck: New page: Asset Save: multiple assets
[2026.08.25-23.55.26:980][308]LogContentValidation: Display: Validating Blueprint /Game/Brackeys2026/Objects/Phone/BP_Phone.BP_Phone
[2026.08.25-23.55.26:980][308]LogContentValidation: Display: Validating World /Game/Brackeys2026/Levels/Brackeys2026Map.Brackeys2026Map
[2026.08.25-23.55.26:980][308]LogContentValidation: Display: Validating Blueprint /Game/Brackeys2026/Levels/BrackeysGameMode.BrackeysGameMode
[2026.08.25-23.55.31:095][474]LogSlate: Window 'Message' being destroyed
[2026.08.25-23.55.31:099][474]Message dialog closed, result: Yes, title: Message, text: Would you like to apply the changes of the modified material to the original material?
/Game/Brackeys2026/Objects/Phone/Material_002.Material_002
(Selecting 'No' will cause all changes to be lost!)
[2026.08.25-23.55.31:288][474]LogMaterial: Display: Missing cached shadermap for Material_002 in PCD3D_SM5, Default, SM5 (DDC key hash: 3D27AD6103DE16176142C9A456AE4ECFE88AB035), compiling. 
[2026.08.25-23.55.31:307][474]LogMaterial: Display: Missing cached shadermap for Material_002 in PCD3D_SM5, Default, SM5 (DDC key hash: 4910F57EF836629188C7D4CA0F70E31805945B9B), compiling. 
[2026.08.25-23.55.31:348][474]LogShaderCompilers: Display: Submitted 6 shader compile jobs with 'Normal' priority
[2026.08.25-23.55.31:348][474]LogShaderCompilers: Display: Worker (1/13): shaders left to compile 6
[2026.08.25-23.55.31:348][474]LogShaderCompilers: Display: Worker (2/13): shaders left to compile 5
[2026.08.25-23.55.31:348][474]LogShaderCompilers: Display: Worker (3/13): shaders left to compile 4
[2026.08.25-23.55.31:348][474]LogShaderCompilers: Display: Worker (4/13): shaders left to compile 3
[2026.08.25-23.55.31:348][474]LogShaderCompilers: Display: Worker (5/13): shaders left to compile 2
[2026.08.25-23.55.31:348][474]LogShaderCompilers: Display: Worker (6/13): shaders left to compile 1
[2026.08.25-23.55.31:348][474]LogShaderCompilers: Display: Started 6 'Local' shader compile jobs with 'Normal' priority
[2026.08.25-23.55.31:351][474]LogUObjectHash: Compacting FUObjectHashTables data took   2.29ms
[2026.08.25-23.55.31:711][474]LogUObjectHash: Compacting FUObjectHashTables data took   0.58ms
[2026.08.25-23.55.31:755][474]LogUObjectHash: Compacting FUObjectHashTables data took   0.64ms
[2026.08.25-23.55.32:918][474]LogSlate: Window 'Save Content' being destroyed
[2026.08.25-23.55.32:958][474]LogSavePackage: Moving 'E:/_Alex's Data/Unreal Engine/Unreal Projects/Brackeys2026/Brackeys-2026/BrackeysJam2026/Saved/Material_002B8E234D1419A75C9862571B9D700BA13.tmp' to 'E:/_Alex's Data/Unreal Engine/Unreal Projects/Brackeys2026/Brackeys-2026/BrackeysJam2026/Content/Brackeys2026/Objects/Phone/Material_002.uasset'
[2026.08.25-23.55.32:990][474]LogWorld: UWorld::CleanupWorld for World_1, bSessionEnded=true, bCleanupResources=true
[2026.08.25-23.55.32:990][474]LogSlate: InvalidateAllWidgets triggered.  All widgets were invalidated
[2026.08.25-23.55.33:047][474]LogActorComponent: UnregisterComponent: (/Engine/Transient.EditorFloorComp) Not registered. Aborting.
[2026.08.25-23.55.33:047][474]LogWorld: UWorld::CleanupWorld for World_2, bSessionEnded=true, bCleanupResources=true
[2026.08.25-23.55.33:047][474]LogSlate: InvalidateAllWidgets triggered.  All widgets were invalidated
[2026.08.25-23.55.33:108][474]LogActorComponent: UnregisterComponent: (/Engine/Transient.EditorFloorComp) Not registered. Aborting.
[2026.08.25-23.55.33:108][474]LogWorld: UWorld::CleanupWorld for World_3, bSessionEnded=true, bCleanupResources=true
[2026.08.25-23.55.33:108][474]LogSlate: InvalidateAllWidgets triggered.  All widgets were invalidated
[2026.08.25-23.55.33:169][474]LogActorComponent: UnregisterComponent: (/Engine/Transient.EditorFloorComp) Not registered. Aborting.
[2026.08.25-23.55.33:169][474]LogWorld: UWorld::CleanupWorld for World_4, bSessionEnded=true, bCleanupResources=true
[2026.08.25-23.55.33:169][474]LogSlate: InvalidateAllWidgets triggered.  All widgets were invalidated
[2026.08.25-23.55.33:231][474]LogActorComponent: UnregisterComponent: (/Engine/Transient.EditorFloorComp) Not registered. Aborting.
[2026.08.25-23.55.33:231][474]LogWorld: UWorld::CleanupWorld for World_5, bSessionEnded=true, bCleanupResources=true
[2026.08.25-23.55.33:231][474]LogSlate: InvalidateAllWidgets triggered.  All widgets were invalidated
[2026.08.25-23.55.33:288][474]LogWorld: UWorld::CleanupWorld for World_7, bSessionEnded=true, bCleanupResources=true
[2026.08.25-23.55.33:288][474]LogSlate: InvalidateAllWidgets triggered.  All widgets were invalidated
[2026.08.25-23.55.33:295][474]LogWorld: UWorld::CleanupWorld for World_6, bSessionEnded=true, bCleanupResources=true
[2026.08.25-23.55.33:295][474]LogSlate: InvalidateAllWidgets triggered.  All widgets were invalidated
[2026.08.25-23.55.33:338][474]LogActorComponent: UnregisterComponent: (/Engine/Transient.EditorFloorComp) Not registered. Aborting.
[2026.08.25-23.55.33:338][474]LogWorld: UWorld::CleanupWorld for World_8, bSessionEnded=true, bCleanupResources=true
[2026.08.25-23.55.33:338][474]LogSlate: InvalidateAllWidgets triggered.  All widgets were invalidated
[2026.08.25-23.55.33:397][474]LogWorld: UWorld::CleanupWorld for World_9, bSessionEnded=true, bCleanupResources=true
[2026.08.25-23.55.33:397][474]LogSlate: InvalidateAllWidgets triggered.  All widgets were invalidated
[2026.08.25-23.55.33:423][474]LogWorld: UWorld::CleanupWorld for World_17, bSessionEnded=true, bCleanupResources=true
[2026.08.25-23.55.33:423][474]LogSlate: InvalidateAllWidgets triggered.  All widgets were invalidated
[2026.08.25-23.55.33:470][474]LogSlate: Window 'BrackeysJam2026 - Unreal Editor' being destroyed
[2026.08.25-23.55.33:604][474]AssetCheck: New page: Asset Save: Material_002
[2026.08.25-23.55.33:604][474]LogContentValidation: Display: Validating Material /Game/Brackeys2026/Objects/Phone/Material_002.Material_002
[2026.08.25-23.55.33:605][475]Cmd: QUIT_EDITOR
[2026.08.25-23.55.33:606][475]LogCore: Engine exit requested (reason: UUnrealEdEngine::CloseEditor())
[2026.08.25-23.55.33:617][475]LogCore: Engine exit requested (reason: EngineExit() was called; note: exit was already requested)
[2026.08.25-23.55.34:100][475]LogAudio: Display: Beginning Audio Device Manager Shutdown (Module: AudioMixerXAudio2)...
[2026.08.25-23.55.34:100][475]LogAudio: Display: Destroying 1 Remaining Audio Device(s)...
[2026.08.25-23.55.34:100][475]LogAudio: Display: Audio Device unregistered from world 'Brackeys2026Map'.
[2026.08.25-23.55.34:100][475]LogAudioMixer: FMixerPlatformXAudio2::StopAudioStream() called
[2026.08.25-23.55.34:101][475]LogAudioMixer: FMixerPlatformXAudio2::StopAudioStream() called
[2026.08.25-23.55.34:110][475]LogAudio: Display: Audio Device Manager Shutdown
[2026.08.25-23.55.34:111][475]LogWindowsTextInputMethodSystem: Display: IME system deactivated.
[2026.08.25-23.55.34:120][475]LogExit: Preparing to exit.
[2026.08.25-23.55.34:205][475]LogUObjectHash: Compacting FUObjectHashTables data took   3.31ms
[2026.08.25-23.55.34:442][475]LogWorld: UWorld::CleanupWorld for World_16, bSessionEnded=true, bCleanupResources=true
[2026.08.25-23.55.34:444][475]LogWorld: UWorld::CleanupWorld for World_18, bSessionEnded=true, bCleanupResources=true
[2026.08.25-23.55.34:447][475]LogWorld: UWorld::CleanupWorld for World_0, bSessionEnded=true, bCleanupResources=true
[2026.08.25-23.55.34:449][475]LogWorld: UWorld::CleanupWorld for World_15, bSessionEnded=true, bCleanupResources=true
[2026.08.25-23.55.34:488][475]LogDemo: Cleaned up 0 splitscreen connections with owner deletion
[2026.08.25-23.55.34:498][475]LogWorld: UWorld::CleanupWorld for None, bSessionEnded=true, bCleanupResources=true
[2026.08.25-23.55.34:498][475]LogExit: Editor shut down
[2026.08.25-23.55.34:499][475]LogExit: Transaction tracking system shut down
[2026.08.25-23.55.34:843][475]LogExit: Object subsystem successfully closed.
[2026.08.25-23.55.34:864][475]LogShaderCompilers: Display: === FShaderJobCache stats ===
[2026.08.25-23.55.34:864][475]LogShaderCompilers: Display: Total job queries 155, among them cache hits 121 (78.06%)
[2026.08.25-23.55.34:864][475]LogShaderCompilers: Display: Tracking 24 distinct input hashes that result in 18 distinct outputs (75.00%)
[2026.08.25-23.55.34:864][475]LogShaderCompilers: Display: RAM used: 0.09 MB (0.00 GB) of 1638.40 MB (1.60 GB) budget. Usage: 0.01%
[2026.08.25-23.55.34:864][475]LogShaderCompilers: Display: ================================================
[2026.08.25-23.55.34:873][475]LogShaderCompilers: Display: Shaders left to compile 0
[2026.08.25-23.55.34:897][475]LogModuleManager: Shutting down and abandoning module MovieSceneCapture (884)
[2026.08.25-23.55.34:897][475]LogModuleManager: Shutting down and abandoning module Voice (882)
[2026.08.25-23.55.34:897][475]LogModuleManager: Shutting down and abandoning module SequencerWidgets (880)
[2026.08.25-23.55.34:898][475]LogModuleManager: Shutting down and abandoning module BlueprintGraph (878)
[2026.08.25-23.55.34:898][475]LogModuleManager: Shutting down and abandoning module HierarchicalLODOutliner (876)
[2026.08.25-23.55.34:898][475]LogModuleManager: Shutting down and abandoning module AddContentDialog (874)
[2026.08.25-23.55.34:898][475]LogModuleManager: Shutting down and abandoning module WidgetCarousel (873)
[2026.08.25-23.55.34:898][475]LogModuleManager: Shutting down and abandoning module EditorWidgets (870)
[2026.08.25-23.55.34:898][475]LogModuleManager: Shutting down and abandoning module ExternalImagePicker (868)
[2026.08.25-23.55.34:898][475]LogModuleManager: Shutting down and abandoning module SceneOutliner (866)
[2026.08.25-23.55.34:898][475]LogModuleManager: Shutting down and abandoning module StatsViewer (862)
[2026.08.25-23.55.34:898][475]LogModuleManager: Shutting down and abandoning module PIEPreviewDeviceProfileSelector (860)
[2026.08.25-23.55.34:898][475]LogModuleManager: Shutting down and abandoning module SequenceRecorderSections (858)
[2026.08.25-23.55.34:898][475]LogModuleManager: Shutting down and abandoning module AutomationWorker (856)
[2026.08.25-23.55.34:898][475]LogModuleManager: Shutting down and abandoning module SteamVREditor (854)
[2026.08.25-23.55.34:898][475]LogModuleManager: Shutting down and abandoning module OculusMR (852)
[2026.08.25-23.55.34:898][475]LogModuleManager: Shutting down and abandoning module TakeRecorderSources (850)
[2026.08.25-23.55.34:898][475]LogModuleManager: Shutting down and abandoning module TakeRecorder (849)
[2026.08.25-23.55.34:898][475]LogModuleManager: Shutting down and abandoning module TakeTrackRecorders (846)
[2026.08.25-23.55.34:898][475]LogModuleManager: Shutting down and abandoning module TakesCore (844)
[2026.08.25-23.55.34:898][475]LogModuleManager: Shutting down and abandoning module OpenXRInput (842)
[2026.08.25-23.55.34:898][475]LogModuleManager: Shutting down and abandoning module GooglePADEditor (840)
[2026.08.25-23.55.34:898][475]LogModuleManager: Shutting down and abandoning module AudioCaptureEditor (838)
[2026.08.25-23.55.34:898][475]LogModuleManager: Shutting down and abandoning module WmfMediaFactory (836)
[2026.08.25-23.55.34:898][475]LogModuleManager: Shutting down and abandoning module WmfMediaEditor (834)
[2026.08.25-23.55.34:898][475]LogModuleManager: Shutting down and abandoning module WebMMediaFactory (832)
[2026.08.25-23.55.34:899][475]LogModuleManager: Shutting down and abandoning module WebMMediaEditor (830)
[2026.08.25-23.55.34:899][475]LogModuleManager: Shutting down and abandoning module WebMMedia (828)
[2026.08.25-23.55.34:899][475]LogModuleManager: Shutting down and abandoning module MediaPlayerEditor (826)
[2026.08.25-23.55.34:899][475]LogModuleManager: Shutting down and abandoning module MediaCompositingEditor (824)
[2026.08.25-23.55.34:899][475]LogModuleManager: Shutting down and abandoning module SequenceRecorder (823)
[2026.08.25-23.55.34:899][475]LogModuleManager: Shutting down and abandoning module OpenExrWrapper (820)
[2026.08.25-23.55.34:899][475]LogModuleManager: Shutting down and abandoning module ImgMediaFactory (818)
[2026.08.25-23.55.34:899][475]LogModuleManager: Shutting down and abandoning module ImgMediaEditor (816)
[2026.08.25-23.55.34:899][475]LogModuleManager: Shutting down and abandoning module AvfMediaFactory (814)
[2026.08.25-23.55.34:899][475]LogModuleManager: Shutting down and abandoning module AvfMediaEditor (812)
[2026.08.25-23.55.34:899][475]LogModuleManager: Shutting down and abandoning module AndroidMediaFactory (810)
[2026.08.25-23.55.34:899][475]LogModuleManager: Shutting down and abandoning module AndroidMediaEditor (808)
[2026.08.25-23.55.34:899][475]LogModuleManager: Shutting down and abandoning module MatineeToLevelSequence (806)
[2026.08.25-23.55.34:899][475]LogModuleManager: Shutting down and abandoning module TemplateSequenceEditor (804)
[2026.08.25-23.55.34:899][475]LogModuleManager: Shutting down and abandoning module ActorSequenceEditor (802)
[2026.08.25-23.55.34:899][475]LogModuleManager: Shutting down and abandoning module LevelSequenceEditor (800)
[2026.08.25-23.55.34:899][475]LogModuleManager: Shutting down and abandoning module PlanarCut (798)
[2026.08.25-23.55.34:899][475]LogModuleManager: Shutting down and abandoning module MagicLeapMediaCodecFactory (796)
[2026.08.25-23.55.34:899][475]LogModuleManager: Shutting down and abandoning module MagicLeapMediaFactory (794)
[2026.08.25-23.55.34:899][475]LogModuleManager: Shutting down and abandoning module MagicLeapMediaEditor (792)
[2026.08.25-23.55.34:899][475]LogModuleManager: Shutting down and abandoning module CharacterAI (790)
[2026.08.25-23.55.34:899][475]LogModuleManager: Shutting down and abandoning module TextureAlignMode (788)
[2026.08.25-23.55.34:899][475]LogModuleManager: Shutting down and abandoning module BspMode (786)
[2026.08.25-23.55.34:899][475]LogModuleManager: Shutting down and abandoning module GeometryMode (784)
[2026.08.25-23.55.34:899][475]LogModuleManager: Shutting down and abandoning module CameraShakePreviewer (782)
[2026.08.25-23.55.34:899][475]LogModuleManager: Shutting down and abandoning module SmartSnapping (780)
[2026.08.25-23.55.34:899][475]LogModuleManager: Shutting down and abandoning module SessionServices (778)
[2026.08.25-23.55.34:899][475]LogModuleManager: Shutting down and abandoning module MeshPaint (776)
[2026.08.25-23.55.34:899][475]LogModuleManager: Shutting down and abandoning module VirtualTexturingEditor (774)
[2026.08.25-23.55.34:899][475]LogModuleManager: Shutting down and abandoning module FoliageEdit (772)
[2026.08.25-23.55.34:899][475]LogModuleManager: Shutting down and abandoning module LandscapeEditor (770)
[2026.08.25-23.55.34:899][475]LogModuleManager: Shutting down and abandoning module MeshPaintMode (768)
[2026.08.25-23.55.34:899][475]LogModuleManager: Shutting down and abandoning module SceneDepthPickerMode (766)
[2026.08.25-23.55.34:899][475]LogModuleManager: Shutting down and abandoning module ActorPickerMode (764)
[2026.08.25-23.55.34:899][475]LogModuleManager: Shutting down and abandoning module PlacementMode (762)
[2026.08.25-23.55.34:899][475]LogModuleManager: Shutting down and abandoning module ViewportSnapping (760)
[2026.08.25-23.55.34:899][475]LogModuleManager: Shutting down and abandoning module ViewportInteraction (758)
[2026.08.25-23.55.34:899][475]LogModuleManager: Shutting down and abandoning module ClothPainter (756)
[2026.08.25-23.55.34:899][475]LogModuleManager: Shutting down and abandoning module SkeletalMeshEditor (755)
[2026.08.25-23.55.34:899][475]LogModuleManager: Shutting down and abandoning module LogVisualizer (752)
[2026.08.25-23.55.34:899][475]LogModuleManager: Shutting down and abandoning module IntroTutorials (750)
[2026.08.25-23.55.34:899][475]LogModuleManager: Shutting down and abandoning module GameProjectGeneration (749)
[2026.08.25-23.55.34:899][475]LogModuleManager: Shutting down and abandoning module LuminPlatformEditor (746)
[2026.08.25-23.55.34:899][475]LogModuleManager: Shutting down and abandoning module IOSPlatformEditor (744)
[2026.08.25-23.55.34:899][475]LogModuleManager: Shutting down and abandoning module AndroidPlatformEditor (742)
[2026.08.25-23.55.34:899][475]LogModuleManager: Shutting down and abandoning module AndroidDeviceDetection (741)
[2026.08.25-23.55.36:497][475]LogModuleManager: Shutting down and abandoning module WindowsPlatformEditor (738)
[2026.08.25-23.55.36:497][475]LogModuleManager: Shutting down and abandoning module LuminRuntimeSettings (736)
[2026.08.25-23.55.36:498][475]LogModuleManager: Shutting down and abandoning module IOSRuntimeSettings (734)
[2026.08.25-23.55.36:498][475]LogModuleManager: Shutting down and abandoning module AndroidRuntimeSettings (732)
[2026.08.25-23.55.36:498][475]LogModuleManager: Shutting down and abandoning module TraceInsights (730)
[2026.08.25-23.55.36:498][475]MemoryProfiler: Shutdown
[2026.08.25-23.55.36:498][475]NetworkingProfiler: Shutdown
[2026.08.25-23.55.36:498][475]LoadingProfiler: Shutdown
[2026.08.25-23.55.36:498][475]TimingProfiler: Shutdown
[2026.08.25-23.55.36:498][475]LogModuleManager: Shutting down and abandoning module TraceServices (729)
[2026.08.25-23.55.36:498][475]LogModuleManager: Shutting down and abandoning module EditorInteractiveToolsFramework (726)
[2026.08.25-23.55.36:498][475]LogModuleManager: Shutting down and abandoning module TimeManagementEditor (724)
[2026.08.25-23.55.36:498][475]LogModuleManager: Shutting down and abandoning module InputBindingEditor (722)
[2026.08.25-23.55.36:498][475]LogModuleManager: Shutting down and abandoning module MergeActors (720)
[2026.08.25-23.55.36:498][475]LogModuleManager: Shutting down and abandoning module LocalizationDashboard (718)
[2026.08.25-23.55.36:498][475]LogModuleManager: Shutting down and abandoning module LocalizationService (717)
[2026.08.25-23.55.36:498][475]LogModuleManager: Shutting down and abandoning module HardwareTargeting (714)
[2026.08.25-23.55.36:498][475]LogModuleManager: Shutting down and abandoning module DeviceProfileEditor (712)
[2026.08.25-23.55.36:498][475]LogModuleManager: Shutting down and abandoning module UndoHistory (710)
[2026.08.25-23.55.36:498][475]LogModuleManager: Shutting down and abandoning module XmlParser (708)
[2026.08.25-23.55.36:498][475]LogModuleManager: Shutting down and abandoning module Blutility (706)
[2026.08.25-23.55.36:498][475]LogModuleManager: Shutting down and abandoning module ProjectSettingsViewer (704)
[2026.08.25-23.55.36:498][475]LogModuleManager: Shutting down and abandoning module ProjectTargetPlatformEditor (703)
[2026.08.25-23.55.36:498][475]LogModuleManager: Shutting down and abandoning module EditorSettingsViewer (700)
[2026.08.25-23.55.36:498][475]LogModuleManager: Shutting down and abandoning module InternationalizationSettings (699)
[2026.08.25-23.55.36:499][475]LogModuleManager: Shutting down and abandoning module SettingsEditor (696)
[2026.08.25-23.55.36:499][475]LogModuleManager: Shutting down and abandoning module ProjectLauncher (694)
[2026.08.25-23.55.36:499][475]LogModuleManager: Shutting down and abandoning module SessionFrontend (692)
[2026.08.25-23.55.36:499][475]LogModuleManager: Shutting down and abandoning module ProfilerClient (690)
[2026.08.25-23.55.36:499][475]LogModuleManager: Shutting down and abandoning module DeviceManager (688)
[2026.08.25-23.55.36:499][475]LogModuleManager: Shutting down and abandoning module TargetDeviceServices (687)
[2026.08.25-23.55.36:531][475]LogModuleManager: Shutting down and abandoning module AutomationController (684)
[2026.08.25-23.55.36:531][475]LogModuleManager: Shutting down and abandoning module AutomationWindow (682)
[2026.08.25-23.55.36:531][475]LogModuleManager: Shutting down and abandoning module Layers (680)
[2026.08.25-23.55.36:531][475]LogModuleManager: Shutting down and abandoning module ComponentVisualizers (678)
[2026.08.25-23.55.36:531][475]LogModuleManager: Shutting down and abandoning module DetailCustomizations (676)
[2026.08.25-23.55.36:531][475]LogModuleManager: Shutting down and abandoning module PackagesDialog (674)
[2026.08.25-23.55.36:531][475]LogModuleManager: Shutting down and abandoning module AnimationBlueprintEditor (672)
[2026.08.25-23.55.36:531][475]LogModuleManager: Shutting down and abandoning module Persona (670)
[2026.08.25-23.55.36:531][475]LogModuleManager: Shutting down and abandoning module AdvancedPreviewScene (669)
[2026.08.25-23.55.36:531][475]LogModuleManager: Shutting down and abandoning module Kismet (666)
[2026.08.25-23.55.36:546][475]LogModuleManager: Shutting down and abandoning module KismetWidgets (665)
[2026.08.25-23.55.36:546][475]LogModuleManager: Shutting down and abandoning module GraphEditor (662)
[2026.08.25-23.55.36:546][475]LogModuleManager: Shutting down and abandoning module StructViewer (660)
[2026.08.25-23.55.36:546][475]LogModuleManager: Shutting down and abandoning module ClassViewer (658)
[2026.08.25-23.55.36:546][475]LogModuleManager: Shutting down and abandoning module Toolbox (656)
[2026.08.25-23.55.36:546][475]LogModuleManager: Shutting down and abandoning module ModuleUI (654)
[2026.08.25-23.55.36:546][475]LogModuleManager: Shutting down and abandoning module OutputLog (652)
[2026.08.25-23.55.36:547][475]LogModuleManager: Shutting down and abandoning module GammaUI (650)
[2026.08.25-23.55.36:547][475]LogModuleManager: Shutting down and abandoning module Documentation (648)
[2026.08.25-23.55.36:547][475]LogModuleManager: Shutting down and abandoning module LiveCoding (646)
[2026.08.25-23.55.36:547][475]LogModuleManager: Shutting down and abandoning module LevelSequence (644)
[2026.08.25-23.55.36:547][475]LogModuleManager: Shutting down and abandoning module MovieSceneTracks (642)
[2026.08.25-23.55.36:547][475]LogModuleManager: Shutting down and abandoning module MovieScene (640)
[2026.08.25-23.55.36:547][475]LogModuleManager: Shutting down and abandoning module StreamingPauseRendering (638)
[2026.08.25-23.55.36:547][475]LogModuleManager: Shutting down and abandoning module LauncherPlatform (636)
[2026.08.25-23.55.36:547][475]LogModuleManager: Shutting down and abandoning module AnalyticsET (634)
[2026.08.25-23.55.36:547][475]LogModuleManager: Shutting down and abandoning module PortalServices (632)
[2026.08.25-23.55.36:547][475]LogModuleManager: Shutting down and abandoning module PortalRpc (630)
[2026.08.25-23.55.36:547][475]LogModuleManager: Shutting down and abandoning module MessagingRpc (628)
[2026.08.25-23.55.36:547][475]LogModuleManager: Shutting down and abandoning module AudioMixerXAudio2 (626)
[2026.08.25-23.55.36:547][475]LogModuleManager: Shutting down and abandoning module AudioMixerCore (625)
[2026.08.25-23.55.36:547][475]LogModuleManager: Shutting down and abandoning module AIModule (622)
[2026.08.25-23.55.36:547][475]LogModuleManager: Shutting down and abandoning module GameplayDebugger (621)
[2026.08.25-23.55.36:547][475]LogModuleManager: Shutting down and abandoning module AITestSuite (619)
[2026.08.25-23.55.36:547][475]LogModuleManager: Shutting down and abandoning module NavigationSystem (617)
[2026.08.25-23.55.36:547][475]LogModuleManager: Shutting down and abandoning module ImageWriteQueue (614)
[2026.08.25-23.55.36:552][475]LogModuleManager: Shutting down and abandoning module ProfilerService (612)
[2026.08.25-23.55.36:792][475]LogModuleManager: Shutting down and abandoning module TaskGraph (610)
[2026.08.25-23.55.36:792][475]LogModuleManager: Shutting down and abandoning module AudioSynesthesiaEditor (608)
[2026.08.25-23.55.36:792][475]LogModuleManager: Shutting down and abandoning module OculusEditor (606)
[2026.08.25-23.55.36:793][475]LogModuleManager: Shutting down and abandoning module OculusInput (604)
[2026.08.25-23.55.36:793][475]LogModuleManager: Shutting down and abandoning module ContentBrowserFileDataSource (602)
[2026.08.25-23.55.36:793][475]LogModuleManager: Shutting down and abandoning module ContentBrowserClassDataSource (600)
[2026.08.25-23.55.36:793][475]LogModuleManager: Shutting down and abandoning module ContentBrowserAssetDataSource (598)
[2026.08.25-23.55.36:793][475]LogModuleManager: Shutting down and abandoning module CollectionManager (597)
[2026.08.25-23.55.36:793][475]LogModuleManager: Shutting down and abandoning module TakeSequencer (594)
[2026.08.25-23.55.36:793][475]LogModuleManager: Shutting down and abandoning module TakeMovieScene (592)
[2026.08.25-23.55.36:793][475]LogModuleManager: Shutting down and abandoning module SynthesisEditor (590)
[2026.08.25-23.55.36:793][475]LogModuleManager: Shutting down and abandoning module Synthesis (588)
[2026.08.25-23.55.36:793][475]LogModuleManager: Shutting down and abandoning module ProceduralMeshComponentEditor (586)
[2026.08.25-23.55.36:793][475]LogModuleManager: Shutting down and abandoning module ProceduralMeshComponent (584)
[2026.08.25-23.55.36:793][475]LogModuleManager: Shutting down and abandoning module OpenXREditor (582)
[2026.08.25-23.55.36:793][475]LogModuleManager: Shutting down and abandoning module MobilePatchingUtils (580)
[2026.08.25-23.55.36:793][475]LogModuleManager: Shutting down and abandoning module GooglePAD (578)
[2026.08.25-23.55.36:793][475]LogModuleManager: Shutting down and abandoning module ScreenshotTools (576)
[2026.08.25-23.55.36:793][475]LogModuleManager: Shutting down and abandoning module EditableMesh (574)
[2026.08.25-23.55.36:793][475]LogModuleManager: Shutting down and abandoning module CableComponent (572)
[2026.08.25-23.55.36:793][475]LogModuleManager: Shutting down and abandoning module CustomMeshComponent (570)
[2026.08.25-23.55.36:793][475]LogModuleManager: Shutting down and abandoning module AppleImageUtilsBlueprintSupport (568)
[2026.08.25-23.55.36:793][475]LogModuleManager: Shutting down and abandoning module AppleImageUtils (566)
[2026.08.25-23.55.36:793][475]LogModuleManager: Shutting down and abandoning module AudioCapture (564)
[2026.08.25-23.55.36:793][475]LogModuleManager: Shutting down and abandoning module AudioCaptureRtAudio (563)
[2026.08.25-23.55.36:793][475]LogModuleManager: Shutting down and abandoning module ArchVisCharacter (560)
[2026.08.25-23.55.36:793][475]LogModuleManager: Shutting down and abandoning module AssetTags (558)
[2026.08.25-23.55.36:793][475]LogModuleManager: Shutting down and abandoning module AndroidPermission (556)
[2026.08.25-23.55.36:793][475]LogModuleManager: Shutting down and abandoning module ActorLayerUtilitiesEditor (554)
[2026.08.25-23.55.36:793][475]LogModuleManager: Shutting down and abandoning module ActorLayerUtilities (552)
[2026.08.25-23.55.36:793][475]LogModuleManager: Shutting down and abandoning module MediaCompositing (550)
[2026.08.25-23.55.36:793][475]LogModuleManager: Shutting down and abandoning module ImgMedia (548)
[2026.08.25-23.55.36:794][475]LogModuleManager: Shutting down and abandoning module TemplateSequence (546)
[2026.08.25-23.55.36:794][475]LogModuleManager: Shutting down and abandoning module OpenImageDenoise (544)
[2026.08.25-23.55.36:794][475]LogOpenImageDenoise: OIDN shutting down
[2026.08.25-23.55.36:794][475]LogModuleManager: Shutting down and abandoning module MotoSynthEditor (542)
[2026.08.25-23.55.36:794][475]LogModuleManager: Shutting down and abandoning module MotoSynth (540)
[2026.08.25-23.55.36:794][475]LogModuleManager: Shutting down and abandoning module MeshConversion (538)
[2026.08.25-23.55.36:794][475]LogModuleManager: Shutting down and abandoning module DynamicMesh (536)
[2026.08.25-23.55.36:794][475]LogModuleManager: Shutting down and abandoning module GeometryAlgorithms (534)
[2026.08.25-23.55.36:794][475]LogModuleManager: Shutting down and abandoning module GeometricObjects (532)
[2026.08.25-23.55.36:794][475]LogModuleManager: Shutting down and abandoning module NiagaraEditorWidgets (530)
[2026.08.25-23.55.36:794][475]LogModuleManager: Shutting down and abandoning module GeometryCacheTracks (528)
[2026.08.25-23.55.36:794][475]LogModuleManager: Shutting down and abandoning module GeometryCacheStreamer (526)
[2026.08.25-23.55.36:794][475]LogModuleManager: Shutting down and abandoning module GeometryCacheSequencer (524)
[2026.08.25-23.55.36:794][475]LogModuleManager: Shutting down and abandoning module GeometryCollectionTracks (522)
[2026.08.25-23.55.36:794][475]LogModuleManager: Shutting down and abandoning module GeometryCollectionSequencer (521)
[2026.08.25-23.55.36:794][475]LogModuleManager: Shutting down and abandoning module GeometryCollectionEditor (518)
[2026.08.25-23.55.36:794][475]LogModuleManager: Shutting down and abandoning module VisualStudioCodeSourceCodeAccess (516)
[2026.08.25-23.55.36:794][475]LogModuleManager: Shutting down and abandoning module VisualStudioSourceCodeAccess (514)
[2026.08.25-23.55.36:794][475]LogModuleManager: Shutting down and abandoning module RiderSourceCodeAccess (512)
[2026.08.25-23.55.36:794][475]LogModuleManager: Shutting down and abandoning module UObjectPlugin (510)
[2026.08.25-23.55.36:794][475]LogModuleManager: Shutting down and abandoning module SubversionSourceControl (508)
[2026.08.25-23.55.36:794][475]LogModuleManager: Shutting down and abandoning module PluginUtils (506)
[2026.08.25-23.55.36:794][475]LogModuleManager: Shutting down and abandoning module PlasticSourceControl (504)
[2026.08.25-23.55.36:794][475]LogModuleManager: Shutting down and abandoning module PerforceSourceControl (502)
[2026.08.25-23.55.36:794][475]LogModuleManager: Shutting down and abandoning module GitSourceControl (500)
[2026.08.25-23.55.36:794][475]LogModuleManager: Shutting down and abandoning module SourceControl (499)
[2026.08.25-23.55.36:794][475]LogModuleManager: Shutting down and abandoning module MagicLeapSharedWorld (496)
[2026.08.25-23.55.36:794][475]LogModuleManager: Shutting down and abandoning module MagicLeapLightEstimation (494)
[2026.08.25-23.55.36:794][475]LogModuleManager: Shutting down and abandoning module MagicLeapHelperVulkan (492)
[2026.08.25-23.55.36:794][475]LogModuleManager: Shutting down and abandoning module MagicLeapHelperOpenGL (490)
[2026.08.25-23.55.36:794][475]LogModuleManager: Shutting down and abandoning module MagicLeapAudio (488)
[2026.08.25-23.55.36:794][475]LogModuleManager: Shutting down and abandoning module SpeedTreeImporter (486)
[2026.08.25-23.55.36:794][475]LogModuleManager: Shutting down and abandoning module PluginBrowser (484)
[2026.08.25-23.55.36:794][475]LogModuleManager: Shutting down and abandoning module MobileLauncherProfileWizard (482)
[2026.08.25-23.55.36:794][475]LogModuleManager: Shutting down and abandoning module CLionSourceCodeAccess (480)
[2026.08.25-23.55.36:794][475]LogModuleManager: Shutting down and abandoning module MaterialAnalyzer (478)
[2026.08.25-23.55.36:794][475]LogModuleManager: Shutting down and abandoning module FractureEditor (476)
[2026.08.25-23.55.36:794][475]LogModuleManager: Shutting down and abandoning module BackChannel (474)
[2026.08.25-23.55.36:794][475]LogModuleManager: Shutting down and abandoning module ChaosNiagara (472)
[2026.08.25-23.55.36:794][475]LogModuleManager: Shutting down and abandoning module ChaosSolverEditor (470)
[2026.08.25-23.55.36:794][475]LogModuleManager: Shutting down and abandoning module FieldSystemEngine (469)
[2026.08.25-23.55.36:794][475]LogModuleManager: Shutting down and abandoning module ChaosClothEditor (466)
[2026.08.25-23.55.36:794][475]LogModuleManager: Shutting down and abandoning module AnimationSharingEd (464)
[2026.08.25-23.55.36:794][475]LogModuleManager: Shutting down and abandoning module AutomationUtilsEditor (462)
[2026.08.25-23.55.36:794][475]LogModuleManager: Shutting down and abandoning module AutomationUtils (460)
[2026.08.25-23.55.36:794][475]LogModuleManager: Shutting down and abandoning module CurveEditorTools (458)
[2026.08.25-23.55.36:795][475]LogModuleManager: Shutting down and abandoning module CryptoKeysOpenSSL (456)
[2026.08.25-23.55.36:795][475]LogModuleManager: Shutting down and abandoning module CryptoKeys (454)
[2026.08.25-23.55.36:795][475]LogModuleManager: Shutting down and abandoning module AlembicImporter (452)
[2026.08.25-23.55.36:795][475]LogModuleManager: Shutting down and abandoning module AlembicLibrary (451)
[2026.08.25-23.55.36:795][475]LogModuleManager: Shutting down and abandoning module GeometryCache (450)
[2026.08.25-23.55.36:795][475]LogModuleManager: Shutting down and abandoning module GeometryCacheEd (449)
[2026.08.25-23.55.36:795][475]LogModuleManager: Shutting down and abandoning module VariantManagerContentEditor (444)
[2026.08.25-23.55.36:795][475]LogModuleManager: Shutting down and abandoning module DatasmithContentEditor (442)
[2026.08.25-23.55.36:795][475]LogModuleManager: Shutting down and abandoning module OodleNetworkHandlerComponent (440)
[2026.08.25-23.55.36:795][475]LogModuleManager: Shutting down and abandoning module LightPropagationVolumeEditor (438)
[2026.08.25-23.55.36:795][475]LogModuleManager: Shutting down and abandoning module LiveLinkSequencer (436)
[2026.08.25-23.55.36:795][475]LogModuleManager: Shutting down and abandoning module LiveLinkMovieScene (434)
[2026.08.25-23.55.36:795][475]LogModuleManager: Shutting down and abandoning module LiveLinkGraphNode (432)
[2026.08.25-23.55.36:795][475]LogModuleManager: Shutting down and abandoning module LiveLinkEditor (430)
[2026.08.25-23.55.36:795][475]LogModuleManager: Shutting down and abandoning module LiveLinkComponents (428)
[2026.08.25-23.55.36:795][475]LogModuleManager: Shutting down and abandoning module LiveLink (426)
[2026.08.25-23.55.37:306][475]LogModuleManager: Shutting down and abandoning module PaperTiledImporter (424)
[2026.08.25-23.55.37:306][475]LogModuleManager: Shutting down and abandoning module PaperSpriteSheetImporter (422)
[2026.08.25-23.55.37:306][475]LogModuleManager: Shutting down and abandoning module Paper2DEditor (420)
[2026.08.25-23.55.37:306][475]LogModuleManager: Shutting down and abandoning module MeshPaintingToolset (418)
[2026.08.25-23.55.37:306][475]LogModuleManager: Shutting down and abandoning module MeshPaintEditorMode (416)
[2026.08.25-23.55.37:306][475]LogModuleManager: Shutting down and abandoning module BrackeysJam2026 (414)
[2026.08.25-23.55.37:306][475]LogModuleManager: Shutting down and abandoning module AnimGraph (413)
[2026.08.25-23.55.37:306][475]LogModuleManager: Shutting down and abandoning module RuntimePhysXCooking (410)
[2026.08.25-23.55.37:306][475]LogModuleManager: Shutting down and abandoning module PropertyAccessEditor (408)
[2026.08.25-23.55.37:306][475]LogModuleManager: Shutting down and abandoning module SoundFields (406)
[2026.08.25-23.55.37:306][475]LogModuleManager: Shutting down and abandoning module SignificanceManager (404)
[2026.08.25-23.55.37:306][475]LogModuleManager: Shutting down and abandoning module PhysXVehiclesEditor (402)
[2026.08.25-23.55.37:306][475]LogModuleManager: Shutting down and abandoning module LocationServicesBPLibrary (398)
[2026.08.25-23.55.37:306][475]LogModuleManager: Shutting down and abandoning module AudioSynesthesia (396)
[2026.08.25-23.55.37:306][475]LogModuleManager: Shutting down and abandoning module AudioSynesthesiaCore (394)
[2026.08.25-23.55.37:306][475]LogModuleManager: Shutting down and abandoning module UdpMessaging (392)
[2026.08.25-23.55.37:407][475]LogModuleManager: Shutting down and abandoning module TcpMessaging (390)
[2026.08.25-23.55.37:508][475]LogModuleManager: Shutting down and abandoning module ImgMediaEngine (388)
[2026.08.25-23.55.37:508][475]LogModuleManager: Shutting down and abandoning module ActorSequence (386)
[2026.08.25-23.55.37:508][475]LogModuleManager: Shutting down and abandoning module PythonScriptPlugin (384)
[2026.08.25-23.55.37:508][475]LogModuleManager: Shutting down and abandoning module NiagaraAnimNotifies (382)
[2026.08.25-23.55.37:508][475]LogModuleManager: Shutting down and abandoning module Niagara (380)
[2026.08.25-23.55.37:508][475]LogModuleManager: Shutting down and abandoning module SignalProcessing (379)
[2026.08.25-23.55.37:509][475]LogModuleManager: Shutting down and abandoning module NiagaraEditor (377)
[2026.08.25-23.55.37:509][475]LogModuleManager: Shutting down and abandoning module NiagaraCore (374)
[2026.08.25-23.55.37:510][475]LogModuleManager: Shutting down and abandoning module PropertyAccessNode (372)
[2026.08.25-23.55.37:510][475]LogModuleManager: Shutting down and abandoning module MagicLeapARPin (370)
[2026.08.25-23.55.37:510][475]LogModuleManager: Shutting down and abandoning module MagicLeapHandMeshing (368)
[2026.08.25-23.55.37:510][475]LogModuleManager: Shutting down and abandoning module MagicLeapSecureStorage (366)
[2026.08.25-23.55.37:510][475]LogModuleManager: Shutting down and abandoning module MagicLeapPrivileges (364)
[2026.08.25-23.55.37:510][475]LogModuleManager: Shutting down and abandoning module MagicLeapPlanes (362)
[2026.08.25-23.55.37:510][475]LogMagicLeapPlanes: Planes tracker already destroyed.
[2026.08.25-23.55.37:510][475]LogModuleManager: Shutting down and abandoning module MagicLeapImageTracker (360)
[2026.08.25-23.55.37:510][475]LogModuleManager: Shutting down and abandoning module MagicLeapIdentity (358)
[2026.08.25-23.55.37:510][475]LogModuleManager: Shutting down and abandoning module MagicLeapHandTracking (356)
[2026.08.25-23.55.37:510][475]LogModuleManager: Shutting down and abandoning module MagicLeapEyeTracker (354)
[2026.08.25-23.55.37:510][475]LogModuleManager: Shutting down and abandoning module MagicLeapController (352)
[2026.08.25-23.55.37:510][475]LogModuleManager: Shutting down and abandoning module MagicLeapARPinImpl (350)
[2026.08.25-23.55.37:510][475]LogModuleManager: Shutting down and abandoning module MagicLeapAR (348)
[2026.08.25-23.55.37:510][475]LogModuleManager: Shutting down and abandoning module GameplayTagsEditor (346)
[2026.08.25-23.55.37:510][475]LogModuleManager: Shutting down and abandoning module AnimationSharing (344)
[2026.08.25-23.55.37:510][475]LogModuleManager: Shutting down and abandoning module FacialAnimationEditor (342)
[2026.08.25-23.55.37:510][475]LogModuleManager: Shutting down and abandoning module FacialAnimation (340)
[2026.08.25-23.55.37:510][475]LogModuleManager: Shutting down and abandoning module DataValidation (338)
[2026.08.25-23.55.37:510][475]LogModuleManager: Shutting down and abandoning module AssetManagerEditor (336)
[2026.08.25-23.55.37:510][475]LogModuleManager: Shutting down and abandoning module LevelEditor (335)
[2026.08.25-23.55.37:511][475]LogModuleManager: Shutting down and abandoning module PixelInspectorModule (334)
[2026.08.25-23.55.37:511][475]LogModuleManager: Shutting down and abandoning module CommonMenuExtensions (332)
[2026.08.25-23.55.37:511][475]LogModuleManager: Shutting down and abandoning module MainFrame (330)
[2026.08.25-23.55.37:511][475]LogModuleManager: Shutting down and abandoning module HotReload (329)
[2026.08.25-23.55.37:512][475]LogModuleManager: Shutting down and abandoning module ToolMenus (325)
[2026.08.25-23.55.37:512][475]LogModuleManager: Shutting down and abandoning module ContentBrowser (323)
[2026.08.25-23.55.37:512][475]LogModuleManager: Shutting down and abandoning module ContentBrowserData (322)
[2026.08.25-23.55.37:512][475]LogModuleManager: Shutting down and abandoning module TreeMap (319)
[2026.08.25-23.55.37:512][475]LogModuleManager: Shutting down and abandoning module GameplayCameras (316)
[2026.08.25-23.55.37:512][475]LogModuleManager: Shutting down and abandoning module LightPropagationVolumeRuntime (314)
[2026.08.25-23.55.37:512][475]LogModuleManager: Shutting down and abandoning module EnvironmentQueryEditor (312)
[2026.08.25-23.55.37:512][475]LogModuleManager: Shutting down and abandoning module Paper2D (310)
[2026.08.25-23.55.37:512][475]LogModuleManager: Shutting down and abandoning module WindowsMoviePlayer (308)
[2026.08.25-23.55.37:512][475]LogModuleManager: Shutting down and abandoning module WebMMoviePlayer (306)
[2026.08.25-23.55.37:512][475]LogModuleManager: Shutting down and abandoning module NetworkReplayStreaming (304)
[2026.08.25-23.55.37:512][475]LogModuleManager: Shutting down and abandoning module PacketHandler (302)
[2026.08.25-23.55.37:512][475]LogModuleManager: Shutting down and abandoning module ClothingSystemEditor (300)
[2026.08.25-23.55.37:512][475]LogModuleManager: Shutting down and abandoning module ClothingSystemRuntimeNv (298)
[2026.08.25-23.55.37:512][475]LogModuleManager: Shutting down and abandoning module MediaAssets (296)
[2026.08.25-23.55.37:512][475]LogModuleManager: Shutting down and abandoning module Overlay (294)
[2026.08.25-23.55.37:512][475]LogModuleManager: Shutting down and abandoning module OverlayEditor (293)
[2026.08.25-23.55.37:513][475]LogModuleManager: Shutting down and abandoning module VREditor (290)
[2026.08.25-23.55.37:513][475]LogModuleManager: Shutting down and abandoning module StringTableEditor (288)
[2026.08.25-23.55.37:513][475]LogModuleManager: Shutting down and abandoning module GameplayTasksEditor (286)
[2026.08.25-23.55.37:513][475]LogModuleManager: Shutting down and abandoning module BehaviorTreeEditor (284)
[2026.08.25-23.55.37:513][475]LogModuleManager: Shutting down and abandoning module FunctionalTesting (282)
[2026.08.25-23.55.37:513][475]LogModuleManager: Shutting down and abandoning module CollisionAnalyzer (280)
[2026.08.25-23.55.37:513][475]LogModuleManager: Shutting down and abandoning module WorkspaceMenuStructure (279)
[2026.08.25-23.55.37:513][475]LogModuleManager: Shutting down and abandoning module UMG (276)
[2026.08.25-23.55.37:513][475]LogModuleManager: Shutting down and abandoning module UMGEditor (275)
[2026.08.25-23.55.37:513][475]LogModuleManager: Shutting down and abandoning module MessageLog (273)
[2026.08.25-23.55.37:513][475]LogModuleManager: Shutting down and abandoning module SlateReflector (268)
[2026.08.25-23.55.37:513][475]LogModuleManager: Shutting down and abandoning module Slate (266)
[2026.08.25-23.55.37:513][475]LogModuleManager: Shutting down and abandoning module SlateCore (264)
[2026.08.25-23.55.37:514][475]LogModuleManager: Shutting down and abandoning module LandscapeEditorUtilities (262)
[2026.08.25-23.55.37:514][475]LogModuleManager: Shutting down and abandoning module UnrealEd (260)
[2026.08.25-23.55.37:514][475]LogModuleManager: Shutting down and abandoning module MRMesh (258)
[2026.08.25-23.55.37:514][475]LogModuleManager: Shutting down and abandoning module SourceCodeAccess (256)
[2026.08.25-23.55.37:514][475]LogModuleManager: Shutting down and abandoning module HeadMountedDisplay (254)
[2026.08.25-23.55.37:514][475]LogModuleManager: Shutting down and abandoning module XAudio2 (252)
[2026.08.25-23.55.37:514][475]LogModuleManager: Shutting down and abandoning module Networking (250)
[2026.08.25-23.55.37:514][475]LogModuleManager: Shutting down and abandoning module Core (248)
[2026.08.25-23.55.37:514][475]LogModuleManager: Shutting down and abandoning module MaterialEditor (246)
[2026.08.25-23.55.37:514][475]LogModuleManager: Shutting down and abandoning module MovieSceneTools (244)
[2026.08.25-23.55.37:514][475]LogModuleManager: Shutting down and abandoning module CurveEditor (243)
[2026.08.25-23.55.37:514][475]LogModuleManager: Shutting down and abandoning module Sequencer (241)
[2026.08.25-23.55.37:514][475]LogModuleManager: Shutting down and abandoning module EditorStyle (240)
[2026.08.25-23.55.37:515][475]LogModuleManager: Shutting down and abandoning module KismetCompiler (236)
[2026.08.25-23.55.37:515][475]LogModuleManager: Shutting down and abandoning module MeshBuilder (234)
[2026.08.25-23.55.37:515][475]LogModuleManager: Shutting down and abandoning module MeshUtilities (232)
[2026.08.25-23.55.37:515][475]LogModuleManager: Shutting down and abandoning module MeshMergeUtilities (231)
[2026.08.25-23.55.37:515][475]LogModuleManager: Shutting down and abandoning module MeshReductionInterface (230)
[2026.08.25-23.55.37:515][475]LogModuleManager: Shutting down and abandoning module MeshBoneReduction (229)
[2026.08.25-23.55.37:515][475]LogModuleManager: Shutting down and abandoning module SkeletalMeshReduction (227)
[2026.08.25-23.55.37:515][475]LogModuleManager: Shutting down and abandoning module ProxyLODMeshReduction (225)
[2026.08.25-23.55.37:515][475]LogModuleManager: Shutting down and abandoning module QuadricMeshReduction (223)
[2026.08.25-23.55.37:515][475]LogModuleManager: Shutting down and abandoning module MaterialBaking (219)
[2026.08.25-23.55.37:515][475]LogModuleManager: Shutting down and abandoning module NullInstallBundleManager (214)
[2026.08.25-23.55.37:515][475]LogModuleManager: Shutting down and abandoning module DerivedDataCache (212)
[2026.08.25-23.55.37:515][475]LogModuleManager: Shutting down and abandoning module TargetPlatform (210)
[2026.08.25-23.55.37:515][475]LogModuleManager: Shutting down and abandoning module VulkanShaderFormat (209)
[2026.08.25-23.55.37:515][475]LogModuleManager: Shutting down and abandoning module ShaderFormatVectorVM (207)
[2026.08.25-23.55.37:515][475]LogModuleManager: Shutting down and abandoning module ShaderFormatOpenGL (205)
[2026.08.25-23.55.37:515][475]LogModuleManager: Shutting down and abandoning module ShaderFormatD3D (203)
[2026.08.25-23.55.37:515][475]LogModuleManager: Shutting down and abandoning module MetalShaderFormat (201)
[2026.08.25-23.55.37:515][475]LogModuleManager: Shutting down and abandoning module TextureFormatOodle (199)
[2026.08.25-23.55.37:515][475]LogModuleManager: Shutting down and abandoning module TextureFormatUncompressed (197)
[2026.08.25-23.55.37:515][475]LogModuleManager: Shutting down and abandoning module TextureFormatPVR (195)
[2026.08.25-23.55.37:515][475]LogModuleManager: Shutting down and abandoning module TextureFormatETC2 (193)
[2026.08.25-23.55.37:515][475]LogModuleManager: Shutting down and abandoning module TextureFormatDXT (191)
[2026.08.25-23.55.37:515][475]LogModuleManager: Shutting down and abandoning module TextureFormatIntelISPCTexComp (189)
[2026.08.25-23.55.37:515][475]LogModuleManager: Shutting down and abandoning module TextureFormatASTC (187)
[2026.08.25-23.55.37:515][475]LogModuleManager: Shutting down and abandoning module ImageWrapper (186)
[2026.08.25-23.55.37:515][475]LogModuleManager: Shutting down and abandoning module AudioFormatOpus (183)
[2026.08.25-23.55.37:515][475]LogModuleManager: Shutting down and abandoning module AudioFormatOgg (181)
[2026.08.25-23.55.37:515][475]LogModuleManager: Shutting down and abandoning module AudioFormatADPCM (179)
[2026.08.25-23.55.37:515][475]LogModuleManager: Shutting down and abandoning module WindowsServerTargetPlatform (177)
[2026.08.25-23.55.37:515][475]LogModuleManager: Shutting down and abandoning module WindowsClientTargetPlatform (175)
[2026.08.25-23.55.37:515][475]LogModuleManager: Shutting down and abandoning module WindowsTargetPlatform (173)
[2026.08.25-23.55.37:515][475]LogModuleManager: Shutting down and abandoning module WindowsNoEditorTargetPlatform (171)
[2026.08.25-23.55.37:515][475]LogModuleManager: Shutting down and abandoning module TVOSTargetPlatform (169)
[2026.08.25-23.55.37:516][475]LogModuleManager: Shutting down and abandoning module MacServerTargetPlatform (167)
[2026.08.25-23.55.37:516][475]LogModuleManager: Shutting down and abandoning module MacClientTargetPlatform (165)
[2026.08.25-23.55.37:516][475]LogModuleManager: Shutting down and abandoning module MacTargetPlatform (163)
[2026.08.25-23.55.37:516][475]LogModuleManager: Shutting down and abandoning module MacNoEditorTargetPlatform (161)
[2026.08.25-23.55.37:516][475]LogModuleManager: Shutting down and abandoning module LuminTargetPlatform (159)
[2026.08.25-23.55.37:517][475]LogModuleManager: Shutting down and abandoning module LinuxAArch64ServerTargetPlatform (157)
[2026.08.25-23.55.37:517][475]LogModuleManager: Shutting down and abandoning module LinuxAArch64ClientTargetPlatform (155)
[2026.08.25-23.55.37:517][475]LogModuleManager: Shutting down and abandoning module LinuxAArch64NoEditorTargetPlatform (153)
[2026.08.25-23.55.37:517][475]LogModuleManager: Shutting down and abandoning module LinuxServerTargetPlatform (151)
[2026.08.25-23.55.37:517][475]LogModuleManager: Shutting down and abandoning module LinuxClientTargetPlatform (149)
[2026.08.25-23.55.37:517][475]LogModuleManager: Shutting down and abandoning module LinuxNoEditorTargetPlatform (147)
[2026.08.25-23.55.37:517][475]LogModuleManager: Shutting down and abandoning module LinuxTargetPlatform (145)
[2026.08.25-23.55.37:517][475]LogModuleManager: Shutting down and abandoning module Messaging (143)
[2026.08.25-23.55.37:517][475]LogModuleManager: Shutting down and abandoning module IOSTargetPlatform (141)
[2026.08.25-23.55.37:517][475]LogModuleManager: Shutting down and abandoning module AndroidTargetPlatform (139)
[2026.08.25-23.55.37:520][475]LogModuleManager: Shutting down and abandoning module AllDesktopTargetPlatform (137)
[2026.08.25-23.55.37:521][475]LogModuleManager: Shutting down and abandoning module D3D11RHI (134)
[2026.08.25-23.55.37:521][475]LogModuleManager: Shutting down and abandoning module InputCore (132)
[2026.08.25-23.55.37:521][475]LogModuleManager: Shutting down and abandoning module Settings (130)
[2026.08.25-23.55.37:521][475]LogModuleManager: Shutting down and abandoning module DirectoryWatcher (128)
[2026.08.25-23.55.37:521][475]LogModuleManager: Shutting down and abandoning module PhysXCooking (126)
[2026.08.25-23.55.37:521][475]LogModuleManager: Shutting down and abandoning module Chaos (124)
[2026.08.25-23.55.37:521][475]LogModuleManager: Shutting down and abandoning module WindowsPlatformFeatures (122)
[2026.08.25-23.55.37:521][475]LogModuleManager: Shutting down and abandoning module GameplayMediaEncoder (121)
[2026.08.25-23.55.37:521][475]LogModuleManager: Shutting down and abandoning module AVEncoder (120)
[2026.08.25-23.55.37:521][475]LogModuleManager: Shutting down and abandoning module SteamVRInputDevice (116)
[2026.08.25-23.55.37:521][475]LogModuleManager: Shutting down and abandoning module SteamVRInput (114)
[2026.08.25-23.55.37:521][475]LogModuleManager: Shutting down and abandoning module SteamVR (112)
[2026.08.25-23.55.37:521][475]LogHMD: Freeing OpenVRDLLHandle.
[2026.08.25-23.55.37:521][475]LogModuleManager: Shutting down and abandoning module OculusHMD (110)
[2026.08.25-23.55.37:521][475]LogModuleManager: Shutting down and abandoning module OpenXREyeTracker (108)
[2026.08.25-23.55.37:521][475]LogModuleManager: Shutting down and abandoning module OpenXRHandTracking (106)
[2026.08.25-23.55.37:521][475]LogSlate: Slate User Destroyed.  User Index 0, Is Virtual User: 0
[2026.08.25-23.55.37:521][475]LogModuleManager: Shutting down and abandoning module OpenXRAR (104)
[2026.08.25-23.55.37:521][475]LogModuleManager: Shutting down and abandoning module AugmentedReality (103)
[2026.08.25-23.55.37:521][475]LogModuleManager: Shutting down and abandoning module OpenXRHMD (100)
[2026.08.25-23.55.37:521][475]LogModuleManager: Shutting down and abandoning module ExampleDeviceProfileSelector (98)
[2026.08.25-23.55.37:521][475]LogModuleManager: Shutting down and abandoning module ChunkDownloader (96)
[2026.08.25-23.55.37:521][475]LogModuleManager: Shutting down and abandoning module LauncherChunkInstaller (94)
[2026.08.25-23.55.37:521][475]LogModuleManager: Shutting down and abandoning module WmfMedia (92)
[2026.08.25-23.55.37:523][475]LogModuleManager: Shutting down and abandoning module Media (91)
[2026.08.25-23.55.37:523][475]LogModuleManager: Shutting down and abandoning module MediaInfo (90)
[2026.08.25-23.55.37:523][475]LogModuleManager: Shutting down and abandoning module OnlineBlueprintSupport (86)
[2026.08.25-23.55.37:523][475]LogModuleManager: Shutting down and abandoning module OnlineSubsystem (82)
[2026.08.25-23.55.37:525][475]LogModuleManager: Shutting down and abandoning module XMPP (77)
[2026.08.25-23.55.37:525][475]LogModuleManager: Shutting down and abandoning module WebSockets (76)
[2026.08.25-23.55.37:537][475]LogModuleManager: Shutting down and abandoning module HTTP (73)
[2026.08.25-23.55.37:537][475]LogHttp: Display: Http module shutting down, but needs to wait on 1 outstanding Http requests:
[2026.08.25-23.55.37:537][475]LogHttp: Display: 	verb=[POST] url=[https://datarouter.ol.epicgames.com/datarouter/api/v1/public/data?SessionID=%7B870EA9E7-4BA5-6073-12C1-2B956A24FD2E%7D&AppID=UEEditor.Rocket.Release&AppVersion=4.27.2-18319896%2B%2B%2BUE4%2BRelease-4.27&UserID=aad14cfa4a1ed281c560f785102d869b%7C24de892310f14890888f3bfa72d3ca7c%7C72aeb03c-3a2b-4ff1-80d4-ff410d42d422&AppEnvironment=datacollector-binary&UploadType=eteventstream] refs=[1] status=Processing
[2026.08.25-23.55.37:538][475]LogHttp: Display: cleaning up 1 outstanding Http requests.
[2026.08.25-23.55.37:569][475]LogModuleManager: Shutting down and abandoning module SSL (72)
[2026.08.25-23.55.37:570][475]LogModuleManager: Shutting down and abandoning module ExrReaderGpu (68)
[2026.08.25-23.55.37:570][475]LogModuleManager: Shutting down and abandoning module NiagaraVertexFactories (66)
[2026.08.25-23.55.37:570][475]LogModuleManager: Shutting down and abandoning module NiagaraShader (64)
[2026.08.25-23.55.37:570][475]LogModuleManager: Shutting down and abandoning module PixWinPlugin (62)
[2026.08.25-23.55.37:570][475]LogModuleManager: Shutting down and abandoning module MLSDK (60)
[2026.08.25-23.55.37:570][475]LogModuleManager: Shutting down and abandoning module MagicLeap (58)
[2026.08.25-23.55.37:570][475]LogModuleManager: Shutting down and abandoning module ChaosCloth (56)
[2026.08.25-23.55.37:570][475]LogModuleManager: Shutting down and abandoning module VariantManagerContent (54)
[2026.08.25-23.55.37:570][475]LogModuleManager: Shutting down and abandoning module DatasmithContent (52)
[2026.08.25-23.55.37:571][475]LogModuleManager: Shutting down and abandoning module AISupportModule (50)
[2026.08.25-23.55.37:571][475]LogModuleManager: Shutting down and abandoning module DesktopPlatform (48)
[2026.08.25-23.55.37:571][475]LogModuleManager: Shutting down and abandoning module PythonScriptPluginPreload (46)
[2026.08.25-23.55.37:571][475]LogModuleManager: Shutting down and abandoning module PlatformCryptoOpenSSL (44)
[2026.08.25-23.55.37:571][475]LogModuleManager: Shutting down and abandoning module PlatformCryptoTypes (42)
[2026.08.25-23.55.37:571][475]LogModuleManager: Shutting down and abandoning module PlatformCrypto (40)
[2026.08.25-23.55.37:571][475]LogModuleManager: Shutting down and abandoning module OodleDataCompressionFormat (38)
[2026.08.25-23.55.37:571][475]LogModuleManager: Shutting down and abandoning module XGEController (36)
[2026.08.25-23.55.37:571][475]LogModuleManager: Shutting down and abandoning module AnimationModifiers (34)
[2026.08.25-23.55.37:571][475]LogModuleManager: Shutting down and abandoning module AudioEditor (32)
[2026.08.25-23.55.37:572][475]LogModuleManager: Shutting down and abandoning module PropertyEditor (31)
[2026.08.25-23.55.37:572][475]LogModuleManager: Shutting down and abandoning module TextureCompressor (28)
[2026.08.25-23.55.37:572][475]LogModuleManager: Shutting down and abandoning module RenderCore (26)
[2026.08.25-23.55.37:572][475]LogModuleManager: Shutting down and abandoning module Landscape (24)
[2026.08.25-23.55.37:572][475]LogModuleManager: Shutting down and abandoning module SlateRHIRenderer (22)
[2026.08.25-23.55.37:573][475]LogModuleManager: Shutting down and abandoning module AnimGraphRuntime (20)
[2026.08.25-23.55.37:573][475]LogModuleManager: Shutting down and abandoning module Renderer (18)
[2026.08.25-23.55.37:573][475]LogModuleManager: Shutting down and abandoning module Engine (16)
[2026.08.25-23.55.37:573][475]LogModuleManager: Shutting down and abandoning module CoreUObject (14)
[2026.08.25-23.55.37:573][475]LogModuleManager: Shutting down and abandoning module NetworkFile (12)
[2026.08.25-23.55.37:573][475]LogModuleManager: Shutting down and abandoning module CookedIterativeFile (10)
[2026.08.25-23.55.37:573][475]LogModuleManager: Shutting down and abandoning module StreamingFile (8)
[2026.08.25-23.55.37:573][475]LogModuleManager: Shutting down and abandoning module SandboxFile (6)
[2026.08.25-23.55.37:573][475]LogModuleManager: Shutting down and abandoning module PakFile (4)
[2026.08.25-23.55.37:573][475]LogModuleManager: Shutting down and abandoning module RSA (3)
[2026.08.25-23.55.37:573][475]LogContentStreaming: Display: There are 1 unreleased StreamingManagers
[2026.08.25-23.55.37:602][475]LogD3D11RHI: Shutdown
[2026.08.25-23.55.37:602][475]LogD3D11RHI: CleanupD3DDevice
[2026.08.25-23.55.37:605][475]LogExit: Exiting.
[2026.08.25-23.55.37:614][475]Log file closed, 08/25/26 16:55:37
