Log file open, 08/26/26 11:27:57
LogWindows: Failed to load 'aqProf.dll' (GetLastError=126)
LogWindows: File 'aqProf.dll' does not exist
LogWindows: Failed to load 'VtuneApi.dll' (GetLastError=126)
LogWindows: File 'VtuneApi.dll' does not exist
LogWindows: Failed to load 'VtuneApi32e.dll' (GetLastError=126)
LogWindows: File 'VtuneApi32e.dll' does not exist
LogConsoleResponse: Display: Failed to find resolution value strings in scalability ini. Falling back to default.
LogConsoleResponse: Display: Failed to find resolution value strings in scalability ini. Falling back to default.
LogInit: Display: Running engine for game: BrackeysJam2026
LogPlatformFile: Not using cached read wrapper
LogTaskGraph: Started task graph with 5 named threads and 47 total threads with 3 sets of task threads.
LogStats: Stats thread started at 0.220929
LogICUInternationalization: ICU TimeZone Detection - Raw Offset: -8:00, Platform Override: ''
LogInit: Display: Loading text-based GConfig....
LogPluginManager: Mounting plugin MeshPainting
LogPluginManager: Mounting plugin XGEController
LogPluginManager: Mounting plugin Paper2D
LogPluginManager: Mounting plugin LiveLink
LogPluginManager: Mounting plugin AISupport
LogPluginManager: Mounting plugin LightPropagationVolume
LogPluginManager: Mounting plugin CameraShakePreviewer
LogPluginManager: Mounting plugin EnvironmentQueryEditor
LogPluginManager: Mounting plugin GameplayCameras
LogPluginManager: Mounting plugin AlembicImporter
LogPluginManager: Mounting plugin OodleData
LogPluginManager: Mounting plugin AnimationSharing
LogPluginManager: Mounting plugin BackChannel
LogPluginManager: Mounting plugin AutomationUtils
LogPluginManager: Mounting plugin OodleNetwork
LogPluginManager: Mounting plugin ChaosCloth
LogPluginManager: Mounting plugin ChaosClothEditor
LogPluginManager: Mounting plugin ChaosEditor
LogPluginManager: Mounting plugin ChaosNiagara
LogPluginManager: Mounting plugin ChaosSolverPlugin
LogPluginManager: Mounting plugin CharacterAI
LogPluginManager: Mounting plugin CLionSourceCodeAccess
LogPluginManager: Mounting plugin CodeLiteSourceCodeAccess
LogPluginManager: Mounting plugin GitSourceControl
LogPluginManager: Mounting plugin PerforceSourceControl
LogPluginManager: Mounting plugin PlasticSourceControl
LogPluginManager: Mounting plugin NullSourceCodeAccess
LogPluginManager: Mounting plugin PixWinPlugin
LogPluginManager: Mounting plugin PluginUtils
LogPluginManager: Mounting plugin AssetManagerEditor
LogPluginManager: Mounting plugin PropertyAccessNode
LogPluginManager: Mounting plugin RiderSourceCodeAccess
LogPluginManager: Mounting plugin KDevelopSourceCodeAccess
LogPluginManager: Mounting plugin CryptoKeys
LogPluginManager: Mounting plugin CurveEditorTools
LogPluginManager: Mounting plugin DataValidation
LogPluginManager: Mounting plugin TextureFormatOodle
LogPluginManager: Mounting plugin SubversionSourceControl
LogPluginManager: Mounting plugin GameplayTagsEditor
LogPluginManager: Mounting plugin VisualStudioCodeSourceCodeAccess
LogPluginManager: Mounting plugin MacGraphicsSwitching
LogPluginManager: Mounting plugin GeometryMode
LogPluginManager: Mounting plugin UObjectPlugin
LogPluginManager: Mounting plugin MaterialAnalyzer
LogPluginManager: Mounting plugin MobileLauncherProfileWizard
LogPluginManager: Mounting plugin PluginBrowser
LogPluginManager: Mounting plugin XCodeSourceCodeAccess
LogPluginManager: Mounting plugin VisualStudioSourceCodeAccess
LogPluginManager: Mounting plugin FacialAnimation
LogPluginManager: Mounting plugin Niagara
LogPluginManager: Mounting plugin GeometryCache
LogPluginManager: Mounting plugin SpeedTreeImporter
LogPluginManager: Mounting plugin GeometryCollectionPlugin
LogPluginManager: Mounting plugin GeometryProcessing
LogPluginManager: Mounting plugin MotoSynth
LogPluginManager: Mounting plugin OpenImageDenoise
LogPluginManager: Mounting plugin PlanarCut
LogPluginManager: Mounting plugin ProxyLODPlugin
LogPluginManager: Mounting plugin PlatformCrypto
LogPluginManager: Mounting plugin PythonScriptPlugin
LogPluginManager: Mounting plugin DatasmithContent
LogPluginManager: Mounting plugin SkeletalReduction
LogPluginManager: Mounting plugin VariantManagerContent
LogPluginManager: Mounting plugin MagicLeap
LogPluginManager: Mounting plugin LuminPlatformFeatures
LogPluginManager: Mounting plugin MagicLeapLightEstimation
LogPluginManager: Mounting plugin MagicLeapMedia
LogPluginManager: Mounting plugin AndroidMedia
LogPluginManager: Mounting plugin MagicLeapPassableWorld
LogPluginManager: Mounting plugin MLSDK
LogPluginManager: Mounting plugin AvfMedia
LogPluginManager: Mounting plugin ImgMedia
LogPluginManager: Mounting plugin MediaCompositing
LogPluginManager: Mounting plugin MediaPlayerEditor
LogPluginManager: Mounting plugin WebMMedia
LogPluginManager: Mounting plugin WmfMedia
LogPluginManager: Mounting plugin OnlineSubsystem
LogPluginManager: Mounting plugin OnlineSubsystemUtils
LogPluginManager: Mounting plugin OnlineSubsystemNull
LogPluginManager: Mounting plugin UdpMessaging
LogPluginManager: Mounting plugin TcpMessaging
LogPluginManager: Mounting plugin ActorSequence
LogPluginManager: Mounting plugin MatineeToLevelSequence
LogPluginManager: Mounting plugin LevelSequenceEditor
LogPluginManager: Mounting plugin LauncherChunkInstaller
LogPluginManager: Mounting plugin TemplateSequence
LogPluginManager: Mounting plugin ScreenshotTools
LogPluginManager: Mounting plugin ActorLayerUtilities
LogPluginManager: Mounting plugin AndroidDeviceProfileSelector
LogPluginManager: Mounting plugin AndroidPermission
LogPluginManager: Mounting plugin AppleImageUtils
LogPluginManager: Mounting plugin AppleMoviePlayer
LogPluginManager: Mounting plugin ArchVisCharacter
LogPluginManager: Mounting plugin AudioCapture
LogPluginManager: Mounting plugin AssetTags
LogPluginManager: Mounting plugin AndroidMoviePlayer
LogPluginManager: Mounting plugin AudioSynesthesia
LogPluginManager: Mounting plugin CableComponent
LogPluginManager: Mounting plugin ChunkDownloader
LogPluginManager: Mounting plugin CustomMeshComponent
LogPluginManager: Mounting plugin ExampleDeviceProfileSelector
LogPluginManager: Mounting plugin EditableMesh
LogPluginManager: Mounting plugin GoogleCloudMessaging
LogPluginManager: Mounting plugin GooglePAD
LogPluginManager: Mounting plugin IOSDeviceProfileSelector
LogPluginManager: Mounting plugin LinuxDeviceProfileSelector
LogPluginManager: Mounting plugin Takes
LogPluginManager: Mounting plugin LocationServicesBPLibrary
LogPluginManager: Mounting plugin MobilePatchingUtils
LogPluginManager: Mounting plugin OpenXREyeTracker
LogPluginManager: Mounting plugin OpenXRHandTracking
LogPluginManager: Mounting plugin PhysXVehicles
LogPluginManager: Mounting plugin OpenXR
LogPluginManager: Mounting plugin PostSplashScreen
LogPluginManager: Mounting plugin PropertyAccessEditor
LogPluginManager: Mounting plugin ProceduralMeshComponent
LogPluginManager: Mounting plugin RuntimePhysXCooking
LogPluginManager: Mounting plugin SignificanceManager
LogPluginManager: Mounting plugin SoundFields
LogPluginManager: Mounting plugin Synthesis
LogPluginManager: Mounting plugin WebMMoviePlayer
LogPluginManager: Mounting plugin WindowsMoviePlayer
LogPluginManager: Mounting plugin ContentBrowserClassDataSource
LogPluginManager: Mounting plugin ContentBrowserAssetDataSource
LogPluginManager: Mounting plugin ContentBrowserFileDataSource
LogPluginManager: Mounting plugin OnlineSubsystemGooglePlay
LogPluginManager: Mounting plugin OnlineSubsystemIOS
LogPluginManager: Mounting plugin OculusVR
LogPluginManager: Mounting plugin SteamVR
PixWinPlugin: PIX capture plugin failed to initialize! Check that the process is launched from PIX.
LogInit: Using libcurl 7.55.1-DEV
LogInit:  - built for x86_64-pc-win32
LogInit:  - supports SSL with OpenSSL/1.1.1
LogInit:  - supports HTTP deflate (compression) using libz 1.2.8
LogInit:  - other features:
LogInit:      CURL_VERSION_SSL
LogInit:      CURL_VERSION_LIBZ
LogInit:      CURL_VERSION_IPV6
LogInit:      CURL_VERSION_ASYNCHDNS
LogInit:      CURL_VERSION_LARGEFILE
LogInit:      CURL_VERSION_IDN
LogInit:  CurlRequestOptions (configurable via config and command line):
LogInit:  - bVerifyPeer = true  - Libcurl will verify peer certificate
LogInit:  - bUseHttpProxy = false  - Libcurl will NOT use HTTP proxy
LogInit:  - bDontReuseConnections = false  - Libcurl will reuse connections
LogInit:  - MaxHostConnections = 16  - Libcurl will limit the number of connections to a host
LogInit:  - LocalHostAddr = Default
LogInit:  - BufferSize = 65536
LogOnline: OSS: Creating online subsystem instance for: NULL
LogInit: WinSock: version 1.1 (2.2), MaxSocks=32767, MaxUdp=65467
LogOnline: OSS: TryLoadSubsystemAndSetDefault: Loaded subsystem for module [NULL]
LogOculusPluginWrapper: OculusPlugin initialized successfully
LogHMD: Failed initializing OVRPlugin 1.59.0
LogInit: Build: ++UE4+Release-4.27-CL-18319896
LogInit: Engine Version: 4.27.2-18319896+++UE4+Release-4.27
LogInit: Compatible Engine Version: 4.27.0-17155196+++UE4+Release-4.27
LogInit: Net CL: 17155196
LogInit: OS: Windows 10 (Release 2009) (), CPU: AMD Ryzen 7 PRO 8845HS w/ Radeon 780M Graphics, GPU: AMD Radeon 780M Graphics
LogInit: Compiled (64-bit): Nov 30 2021 07:12:08
LogInit: Compiled with Visual C++: 19.24.28315.00
LogInit: Build Configuration: Development
LogInit: Branch Name: ++UE4+Release-4.27
LogInit: Command Line: 
LogInit: Base Directory: C:/Program Files/Epic Games/UE_4.27/Engine/Binaries/Win64/
LogInit: Allocator: TBB
LogInit: Installed Engine Build: 1
LogDevObjectVersion: Number of dev versions registered: 29
LogDevObjectVersion:   Dev-Blueprints (B0D832E4-1F89-4F0D-ACCF-7EB736FD4AA2): 10
LogDevObjectVersion:   Dev-Build (E1C64328-A22C-4D53-A36C-8E866417BD8C): 0
LogDevObjectVersion:   Dev-Core (375EC13C-06E4-48FB-B500-84F0262A717E): 4
LogDevObjectVersion:   Dev-Editor (E4B068ED-F494-42E9-A231-DA0B2E46BB41): 40
LogDevObjectVersion:   Dev-Framework (CFFC743F-43B0-4480-9391-14DF171D2073): 37
LogDevObjectVersion:   Dev-Mobile (B02B49B5-BB20-44E9-A304-32B752E40360): 3
LogDevObjectVersion:   Dev-Networking (A4E4105C-59A1-49B5-A7C5-40C4547EDFEE): 0
LogDevObjectVersion:   Dev-Online (39C831C9-5AE6-47DC-9A44-9C173E1C8E7C): 0
LogDevObjectVersion:   Dev-Physics (78F01B33-EBEA-4F98-B9B4-84EACCB95AA2): 14
LogDevObjectVersion:   Dev-Platform (6631380F-2D4D-43E0-8009-CF276956A95A): 0
LogDevObjectVersion:   Dev-Rendering (12F88B9F-8875-4AFC-A67C-D90C383ABD29): 45
LogDevObjectVersion:   Dev-Sequencer (7B5AE74C-D270-4C10-A958-57980B212A5A): 13
LogDevObjectVersion:   Dev-VR (D7296918-1DD6-4BDD-9DE2-64A83CC13884): 3
LogDevObjectVersion:   Dev-LoadTimes (C2A15278-BFE7-4AFE-6C17-90FF531DF755): 1
LogDevObjectVersion:   Private-Geometry (6EACA3D4-40EC-4CC1-B786-8BED09428FC5): 3
LogDevObjectVersion:   Dev-AnimPhys (29E575DD-E0A3-4627-9D10-D276232CDCEA): 17
LogDevObjectVersion:   Dev-Anim (AF43A65D-7FD3-4947-9873-3E8ED9C1BB05): 15
LogDevObjectVersion:   Dev-ReflectionCapture (6B266CEC-1EC7-4B8F-A30B-E4D90942FC07): 1
LogDevObjectVersion:   Dev-Automation (0DF73D61-A23F-47EA-B727-89E90C41499A): 1
LogDevObjectVersion:   FortniteMain (601D1886-AC64-4F84-AA16-D3DE0DEAC7D6): 47
LogDevObjectVersion:   FortniteRelease (E7086368-6B23-4C58-8439-1B7016265E91): 1
LogDevObjectVersion:   Dev-Enterprise (9DFFBCD6-494F-0158-E221-12823C92A888): 10
LogDevObjectVersion:   Dev-Niagara (F2AED0AC-9AFE-416F-8664-AA7FFA26D6FC): 1
LogDevObjectVersion:   Dev-Destruction (174F1F0B-B4C6-45A5-B13F-2EE8D0FB917D): 10
LogDevObjectVersion:   Dev-Physics-Ext (35F94A83-E258-406C-A318-09F59610247C): 41
LogDevObjectVersion:   Dev-PhysicsMaterial-Chaos (B68FC16E-8B1B-42E2-B453-215C058844FE): 1
LogDevObjectVersion:   Dev-CineCamera (B2E18506-4273-CFC2-A54E-F4BB758BBA07): 1
LogDevObjectVersion:   Dev-VirtualProduction (64F58936-FD1B-42BA-BA96-7289D5D0FA4E): 1
LogDevObjectVersion:   Dev-MediaFramework (6F0ED827-A609-4895-9C91-998D90180EA4): 2
LogInit: Presizing for max 25165824 objects, including 0 objects not considered by GC, pre-allocating 0 bytes for permanent pool.
LogConfig: Applying CVar settings from Section [/Script/Engine.StreamingSettings] File [E:/_Alex's Data/Unreal Engine/Unreal Projects/Brackeys2026/Brackeys-2026/BrackeysJam2026/Saved/Config/Windows/Engine.ini]
LogConfig: Setting CVar [[s.MinBulkDataSizeForAsyncLoading:131072]]
LogConfig: Setting CVar [[s.AsyncLoadingThreadEnabled:0]]
LogConfig: Setting CVar [[s.EventDrivenLoaderEnabled:1]]
LogConfig: Setting CVar [[s.WarnIfTimeLimitExceeded:0]]
LogConfig: Setting CVar [[s.TimeLimitExceededMultiplier:1.5]]
LogConfig: Setting CVar [[s.TimeLimitExceededMinTime:0.005]]
LogConfig: Setting CVar [[s.UseBackgroundLevelStreaming:1]]
LogConfig: Setting CVar [[s.PriorityAsyncLoadingExtraTime:15.0]]
LogConfig: Setting CVar [[s.LevelStreamingActorsUpdateTimeLimit:5.0]]
LogConfig: Setting CVar [[s.PriorityLevelStreamingActorsUpdateExtraTime:5.0]]
LogConfig: Setting CVar [[s.LevelStreamingComponentsRegistrationGranularity:10]]
LogConfig: Setting CVar [[s.UnregisterComponentsTimeLimit:1.0]]
LogConfig: Setting CVar [[s.LevelStreamingComponentsUnregistrationGranularity:5]]
LogConfig: Setting CVar [[s.FlushStreamingOnExit:1]]
LogInit: Object subsystem initialized
LogConfig: Setting CVar [[con.DebugEarlyDefault:1]]
LogConfig: Setting CVar [[r.setres:1280x720]]
[2026.08.26-18.27.58:099][  0]LogConfig: Setting CVar [[r.VSync:0]]
[2026.08.26-18.27.58:099][  0]LogConfig: Setting CVar [[r.RHICmdBypass:0]]
[2026.08.26-18.27.58:099][  0]LogConfig: Applying CVar settings from Section [/Script/Engine.RendererSettings] File [E:/_Alex's Data/Unreal Engine/Unreal Projects/Brackeys2026/Brackeys-2026/BrackeysJam2026/Saved/Config/Windows/Engine.ini]
[2026.08.26-18.27.58:100][  0]LogConfig: Setting CVar [[r.GPUCrashDebugging:0]]
[2026.08.26-18.27.58:100][  0]LogConfig: Setting CVar [[r.DefaultFeature.MotionBlur:0]]
[2026.08.26-18.27.58:100][  0]LogConfig: Applying CVar settings from Section [/Script/Engine.RendererOverrideSettings] File [E:/_Alex's Data/Unreal Engine/Unreal Projects/Brackeys2026/Brackeys-2026/BrackeysJam2026/Saved/Config/Windows/Engine.ini]
[2026.08.26-18.27.58:100][  0]LogConfig: Applying CVar settings from Section [/Script/Engine.StreamingSettings] File [E:/_Alex's Data/Unreal Engine/Unreal Projects/Brackeys2026/Brackeys-2026/BrackeysJam2026/Saved/Config/Windows/Engine.ini]
[2026.08.26-18.27.58:100][  0]LogConfig: Setting CVar [[s.MinBulkDataSizeForAsyncLoading:131072]]
[2026.08.26-18.27.58:100][  0]LogConfig: Setting CVar [[s.AsyncLoadingThreadEnabled:0]]
[2026.08.26-18.27.58:100][  0]LogConfig: Setting CVar [[s.EventDrivenLoaderEnabled:1]]
[2026.08.26-18.27.58:100][  0]LogConfig: Setting CVar [[s.WarnIfTimeLimitExceeded:0]]
[2026.08.26-18.27.58:100][  0]LogConfig: Setting CVar [[s.TimeLimitExceededMultiplier:1.5]]
[2026.08.26-18.27.58:100][  0]LogConfig: Setting CVar [[s.TimeLimitExceededMinTime:0.005]]
[2026.08.26-18.27.58:100][  0]LogConfig: Setting CVar [[s.UseBackgroundLevelStreaming:1]]
[2026.08.26-18.27.58:100][  0]LogConfig: Setting CVar [[s.PriorityAsyncLoadingExtraTime:15.0]]
[2026.08.26-18.27.58:100][  0]LogConfig: Setting CVar [[s.LevelStreamingActorsUpdateTimeLimit:5.0]]
[2026.08.26-18.27.58:100][  0]LogConfig: Setting CVar [[s.PriorityLevelStreamingActorsUpdateExtraTime:5.0]]
[2026.08.26-18.27.58:100][  0]LogConfig: Setting CVar [[s.LevelStreamingComponentsRegistrationGranularity:10]]
[2026.08.26-18.27.58:100][  0]LogConfig: Setting CVar [[s.UnregisterComponentsTimeLimit:1.0]]
[2026.08.26-18.27.58:100][  0]LogConfig: Setting CVar [[s.LevelStreamingComponentsUnregistrationGranularity:5]]
[2026.08.26-18.27.58:100][  0]LogConfig: Setting CVar [[s.FlushStreamingOnExit:1]]
[2026.08.26-18.27.58:100][  0]LogConfig: Applying CVar settings from Section [/Script/Engine.GarbageCollectionSettings] File [E:/_Alex's Data/Unreal Engine/Unreal Projects/Brackeys2026/Brackeys-2026/BrackeysJam2026/Saved/Config/Windows/Engine.ini]
[2026.08.26-18.27.58:100][  0]LogConfig: Setting CVar [[gc.MaxObjectsNotConsideredByGC:1]]
[2026.08.26-18.27.58:100][  0]LogConfig: Setting CVar [[gc.SizeOfPermanentObjectPool:0]]
[2026.08.26-18.27.58:100][  0]LogConfig: Setting CVar [[gc.FlushStreamingOnGC:0]]
[2026.08.26-18.27.58:100][  0]LogConfig: Setting CVar [[gc.NumRetriesBeforeForcingGC:10]]
[2026.08.26-18.27.58:100][  0]LogConfig: Setting CVar [[gc.AllowParallelGC:1]]
[2026.08.26-18.27.58:100][  0]LogConfig: Setting CVar [[gc.TimeBetweenPurgingPendingKillObjects:61.1]]
[2026.08.26-18.27.58:100][  0]LogConfig: Setting CVar [[gc.MaxObjectsInEditor:25165824]]
[2026.08.26-18.27.58:100][  0]LogConfig: Setting CVar [[gc.IncrementalBeginDestroyEnabled:1]]
[2026.08.26-18.27.58:100][  0]LogConfig: Setting CVar [[gc.CreateGCClusters:1]]
[2026.08.26-18.27.58:100][  0]LogConfig: Setting CVar [[gc.MinGCClusterSize:5]]
[2026.08.26-18.27.58:100][  0]LogConfig: Setting CVar [[gc.ActorClusteringEnabled:0]]
[2026.08.26-18.27.58:100][  0]LogConfig: Setting CVar [[gc.BlueprintClusteringEnabled:0]]
[2026.08.26-18.27.58:100][  0]LogConfig: Setting CVar [[gc.UseDisregardForGCOnDedicatedServers:0]]
[2026.08.26-18.27.58:100][  0]LogConfig: Setting CVar [[gc.MultithreadedDestructionEnabled:1]]
[2026.08.26-18.27.58:100][  0]LogConfig: Applying CVar settings from Section [/Script/Engine.NetworkSettings] File [E:/_Alex's Data/Unreal Engine/Unreal Projects/Brackeys2026/Brackeys-2026/BrackeysJam2026/Saved/Config/Windows/Engine.ini]
[2026.08.26-18.27.58:100][  0]LogConfig: Applying CVar settings from Section [/Script/UnrealEd.CookerSettings] File [E:/_Alex's Data/Unreal Engine/Unreal Projects/Brackeys2026/Brackeys-2026/BrackeysJam2026/Saved/Config/Windows/Engine.ini]
[2026.08.26-18.27.58:105][  0]LogConfig: Applying CVar settings from Section [ViewDistanceQuality@3] File [E:/_Alex's Data/Unreal Engine/Unreal Projects/Brackeys2026/Brackeys-2026/BrackeysJam2026/Saved/Config/Windows/Scalability.ini]
[2026.08.26-18.27.58:105][  0]LogConfig: Setting CVar [[r.SkeletalMeshLODBias:0]]
[2026.08.26-18.27.58:105][  0]LogConfig: Setting CVar [[r.ViewDistanceScale:1.0]]
[2026.08.26-18.27.58:105][  0]LogConfig: Applying CVar settings from Section [AntiAliasingQuality@3] File [E:/_Alex's Data/Unreal Engine/Unreal Projects/Brackeys2026/Brackeys-2026/BrackeysJam2026/Saved/Config/Windows/Scalability.ini]
[2026.08.26-18.27.58:105][  0]LogConfig: Setting CVar [[r.PostProcessAAQuality:4]]
[2026.08.26-18.27.58:105][  0]LogConfig: Applying CVar settings from Section [ShadowQuality@3] File [E:/_Alex's Data/Unreal Engine/Unreal Projects/Brackeys2026/Brackeys-2026/BrackeysJam2026/Saved/Config/Windows/Scalability.ini]
[2026.08.26-18.27.58:105][  0]LogConfig: Setting CVar [[r.LightFunctionQuality:1]]
[2026.08.26-18.27.58:105][  0]LogConfig: Setting CVar [[r.ShadowQuality:5]]
[2026.08.26-18.27.58:105][  0]LogConfig: Setting CVar [[r.Shadow.CSM.MaxCascades:10]]
[2026.08.26-18.27.58:105][  0]LogConfig: Setting CVar [[r.Shadow.MaxResolution:2048]]
[2026.08.26-18.27.58:105][  0]LogConfig: Setting CVar [[r.Shadow.MaxCSMResolution:2048]]
[2026.08.26-18.27.58:105][  0]LogConfig: Setting CVar [[r.Shadow.RadiusThreshold:0.01]]
[2026.08.26-18.27.58:105][  0]LogConfig: Setting CVar [[r.Shadow.DistanceScale:1.0]]
[2026.08.26-18.27.58:105][  0]LogConfig: Setting CVar [[r.Shadow.CSM.TransitionScale:1.0]]
[2026.08.26-18.27.58:105][  0]LogConfig: Setting CVar [[r.Shadow.PreShadowResolutionFactor:1.0]]
[2026.08.26-18.27.58:105][  0]LogConfig: Setting CVar [[r.DistanceFieldShadowing:1]]
[2026.08.26-18.27.58:105][  0]LogConfig: Setting CVar [[r.DistanceFieldAO:1]]
[2026.08.26-18.27.58:105][  0]LogConfig: Setting CVar [[r.AOQuality:2]]
[2026.08.26-18.27.58:105][  0]LogConfig: Setting CVar [[r.VolumetricFog:1]]
[2026.08.26-18.27.58:105][  0]LogConfig: Setting CVar [[r.VolumetricFog.GridPixelSize:8]]
[2026.08.26-18.27.58:105][  0]LogConfig: Setting CVar [[r.VolumetricFog.GridSizeZ:128]]
[2026.08.26-18.27.58:105][  0]LogConfig: Setting CVar [[r.VolumetricFog.HistoryMissSupersampleCount:4]]
[2026.08.26-18.27.58:105][  0]LogConfig: Setting CVar [[r.LightMaxDrawDistanceScale:1]]
[2026.08.26-18.27.58:105][  0]LogConfig: Setting CVar [[r.CapsuleShadows:1]]
[2026.08.26-18.27.58:105][  0]LogConfig: Applying CVar settings from Section [PostProcessQuality@3] File [E:/_Alex's Data/Unreal Engine/Unreal Projects/Brackeys2026/Brackeys-2026/BrackeysJam2026/Saved/Config/Windows/Scalability.ini]
[2026.08.26-18.27.58:105][  0]LogConfig: Setting CVar [[r.MotionBlurQuality:4]]
[2026.08.26-18.27.58:105][  0]LogConfig: Setting CVar [[r.AmbientOcclusionMipLevelFactor:0.4]]
[2026.08.26-18.27.58:105][  0]LogConfig: Setting CVar [[r.AmbientOcclusionMaxQuality:100]]
[2026.08.26-18.27.58:105][  0]LogConfig: Setting CVar [[r.AmbientOcclusionLevels:-1]]
[2026.08.26-18.27.58:105][  0]LogConfig: Setting CVar [[r.AmbientOcclusionRadiusScale:1.0]]
[2026.08.26-18.27.58:105][  0]LogConfig: Setting CVar [[r.DepthOfFieldQuality:2]]
[2026.08.26-18.27.58:106][  0]LogConfig: Setting CVar [[r.RenderTargetPoolMin:400]]
[2026.08.26-18.27.58:106][  0]LogConfig: Setting CVar [[r.LensFlareQuality:2]]
[2026.08.26-18.27.58:106][  0]LogConfig: Setting CVar [[r.SceneColorFringeQuality:1]]
[2026.08.26-18.27.58:106][  0]LogConfig: Setting CVar [[r.EyeAdaptationQuality:2]]
[2026.08.26-18.27.58:106][  0]LogConfig: Setting CVar [[r.BloomQuality:5]]
[2026.08.26-18.27.58:106][  0]LogConfig: Setting CVar [[r.FastBlurThreshold:100]]
[2026.08.26-18.27.58:106][  0]LogConfig: Setting CVar [[r.Upscale.Quality:3]]
[2026.08.26-18.27.58:106][  0]LogConfig: Setting CVar [[r.Tonemapper.GrainQuantization:1]]
[2026.08.26-18.27.58:106][  0]LogConfig: Setting CVar [[r.LightShaftQuality:1]]
[2026.08.26-18.27.58:106][  0]LogConfig: Setting CVar [[r.Filter.SizeScale:1]]
[2026.08.26-18.27.58:106][  0]LogConfig: Setting CVar [[r.Tonemapper.Quality:5]]
[2026.08.26-18.27.58:106][  0]LogConfig: Setting CVar [[r.DOF.Gather.AccumulatorQuality:1        ; higher gathering accumulator quality]]
[2026.08.26-18.27.58:106][  0]LogConfig: Setting CVar [[r.DOF.Gather.PostfilterMethod:1          ; Median3x3 postfilering method]]
[2026.08.26-18.27.58:106][  0]LogConfig: Setting CVar [[r.DOF.Gather.EnableBokehSettings:0       ; no bokeh simulation when gathering]]
[2026.08.26-18.27.58:106][  0]LogConfig: Setting CVar [[r.DOF.Gather.RingCount:4                 ; medium number of samples when gathering]]
[2026.08.26-18.27.58:106][  0]LogConfig: Setting CVar [[r.DOF.Scatter.ForegroundCompositing:1    ; additive foreground scattering]]
[2026.08.26-18.27.58:106][  0]LogConfig: Setting CVar [[r.DOF.Scatter.BackgroundCompositing:2    ; additive background scattering]]
[2026.08.26-18.27.58:106][  0]LogConfig: Setting CVar [[r.DOF.Scatter.EnableBokehSettings:1      ; bokeh simulation when scattering]]
[2026.08.26-18.27.58:106][  0]LogConfig: Setting CVar [[r.DOF.Scatter.MaxSpriteRatio:0.1         ; only a maximum of 10% of scattered bokeh]]
[2026.08.26-18.27.58:106][  0]LogConfig: Setting CVar [[r.DOF.Recombine.Quality:1                ; cheap slight out of focus]]
[2026.08.26-18.27.58:106][  0]LogConfig: Setting CVar [[r.DOF.Recombine.EnableBokehSettings:0    ; no bokeh simulation on slight out of focus]]
[2026.08.26-18.27.58:106][  0]LogConfig: Setting CVar [[r.DOF.TemporalAAQuality:1                ; more stable temporal accumulation]]
[2026.08.26-18.27.58:106][  0]LogConfig: Setting CVar [[r.DOF.Kernel.MaxForegroundRadius:0.025]]
[2026.08.26-18.27.58:106][  0]LogConfig: Setting CVar [[r.DOF.Kernel.MaxBackgroundRadius:0.025]]
[2026.08.26-18.27.58:106][  0]LogConfig: Applying CVar settings from Section [TextureQuality@3] File [E:/_Alex's Data/Unreal Engine/Unreal Projects/Brackeys2026/Brackeys-2026/BrackeysJam2026/Saved/Config/Windows/Scalability.ini]
[2026.08.26-18.27.58:106][  0]LogConfig: Setting CVar [[r.Streaming.MipBias:0]]
[2026.08.26-18.27.58:106][  0]LogConfig: Setting CVar [[r.Streaming.AmortizeCPUToGPUCopy:0]]
[2026.08.26-18.27.58:106][  0]LogConfig: Setting CVar [[r.Streaming.MaxNumTexturesToStreamPerFrame:0]]
[2026.08.26-18.27.58:106][  0]LogConfig: Setting CVar [[r.Streaming.Boost:1]]
[2026.08.26-18.27.58:106][  0]LogConfig: Setting CVar [[r.MaxAnisotropy:8]]
[2026.08.26-18.27.58:106][  0]LogConfig: Setting CVar [[r.VT.MaxAnisotropy:8]]
[2026.08.26-18.27.58:106][  0]LogConfig: Setting CVar [[r.Streaming.LimitPoolSizeToVRAM:0]]
[2026.08.26-18.27.58:106][  0]LogConfig: Setting CVar [[r.Streaming.PoolSize:1000]]
[2026.08.26-18.27.58:106][  0]LogConfig: Setting CVar [[r.Streaming.MaxEffectiveScreenSize:0]]
[2026.08.26-18.27.58:106][  0]LogConfig: Applying CVar settings from Section [EffectsQuality@3] File [E:/_Alex's Data/Unreal Engine/Unreal Projects/Brackeys2026/Brackeys-2026/BrackeysJam2026/Saved/Config/Windows/Scalability.ini]
[2026.08.26-18.27.58:106][  0]LogConfig: Setting CVar [[r.TranslucencyLightingVolumeDim:64]]
[2026.08.26-18.27.58:106][  0]LogConfig: Setting CVar [[r.RefractionQuality:2]]
[2026.08.26-18.27.58:106][  0]LogConfig: Setting CVar [[r.SSR.Quality:3]]
[2026.08.26-18.27.58:106][  0]LogConfig: Setting CVar [[r.SSR.HalfResSceneColor:0]]
[2026.08.26-18.27.58:106][  0]LogConfig: Setting CVar [[r.SceneColorFormat:4]]
[2026.08.26-18.27.58:106][  0]LogConfig: Setting CVar [[r.DetailMode:2]]
[2026.08.26-18.27.58:106][  0]LogConfig: Setting CVar [[r.TranslucencyVolumeBlur:1]]
[2026.08.26-18.27.58:106][  0]LogConfig: Setting CVar [[r.MaterialQualityLevel:1 ; High quality]]
[2026.08.26-18.27.58:106][  0]LogConfig: Setting CVar [[r.AnisotropicMaterials:1]]
[2026.08.26-18.27.58:106][  0]LogConfig: Setting CVar [[r.SSS.Scale:1]]
[2026.08.26-18.27.58:106][  0]LogConfig: Setting CVar [[r.SSS.SampleSet:2]]
[2026.08.26-18.27.58:106][  0]LogConfig: Setting CVar [[r.SSS.Quality:1]]
[2026.08.26-18.27.58:106][  0]LogConfig: Setting CVar [[r.SSS.HalfRes:0]]
[2026.08.26-18.27.58:106][  0]LogConfig: Setting CVar [[r.SSGI.Quality:3]]
[2026.08.26-18.27.58:106][  0]LogConfig: Setting CVar [[r.EmitterSpawnRateScale:1.0]]
[2026.08.26-18.27.58:106][  0]LogConfig: Setting CVar [[r.ParticleLightQuality:2]]
[2026.08.26-18.27.58:106][  0]LogConfig: Setting CVar [[r.SkyAtmosphere.AerialPerspectiveLUT.FastApplyOnOpaque:1 ; Always have FastSkyLUT 1 in this case to avoid wrong sky]]
[2026.08.26-18.27.58:106][  0]LogConfig: Setting CVar [[r.SkyAtmosphere.AerialPerspectiveLUT.SampleCountMaxPerSlice:4]]
[2026.08.26-18.27.58:106][  0]LogConfig: Setting CVar [[r.SkyAtmosphere.AerialPerspectiveLUT.DepthResolution:16.0]]
[2026.08.26-18.27.58:106][  0]LogConfig: Setting CVar [[r.SkyAtmosphere.FastSkyLUT:1]]
[2026.08.26-18.27.58:106][  0]LogConfig: Setting CVar [[r.SkyAtmosphere.FastSkyLUT.SampleCountMin:4.0]]
[2026.08.26-18.27.58:106][  0]LogConfig: Setting CVar [[r.SkyAtmosphere.FastSkyLUT.SampleCountMax:128.0]]
[2026.08.26-18.27.58:106][  0]LogConfig: Setting CVar [[r.SkyAtmosphere.SampleCountMin:4.0]]
[2026.08.26-18.27.58:106][  0]LogConfig: Setting CVar [[r.SkyAtmosphere.SampleCountMax:128.0]]
[2026.08.26-18.27.58:106][  0]LogConfig: Setting CVar [[r.SkyAtmosphere.TransmittanceLUT.UseSmallFormat:0]]
[2026.08.26-18.27.58:106][  0]LogConfig: Setting CVar [[r.SkyAtmosphere.TransmittanceLUT.SampleCount:10.0]]
[2026.08.26-18.27.58:106][  0]LogConfig: Setting CVar [[r.SkyAtmosphere.MultiScatteringLUT.SampleCount:15.0]]
[2026.08.26-18.27.58:106][  0]LogConfig: Setting CVar [[r.SkyLight.RealTimeReflectionCapture:1]]
[2026.08.26-18.27.58:106][  0]LogConfig: Applying CVar settings from Section [FoliageQuality@3] File [E:/_Alex's Data/Unreal Engine/Unreal Projects/Brackeys2026/Brackeys-2026/BrackeysJam2026/Saved/Config/Windows/Scalability.ini]
[2026.08.26-18.27.58:106][  0]LogConfig: Setting CVar [[foliage.DensityScale:1.0]]
[2026.08.26-18.27.58:106][  0]LogConfig: Setting CVar [[grass.DensityScale:1.0]]
[2026.08.26-18.27.58:106][  0]LogConfig: Applying CVar settings from Section [ShadingQuality@3] File [E:/_Alex's Data/Unreal Engine/Unreal Projects/Brackeys2026/Brackeys-2026/BrackeysJam2026/Saved/Config/Windows/Scalability.ini]
[2026.08.26-18.27.58:106][  0]LogConfig: Setting CVar [[r.HairStrands.SkyLighting.IntegrationType:2]]
[2026.08.26-18.27.58:106][  0]LogConfig: Setting CVar [[r.HairStrands.SkyAO.SampleCount:4]]
[2026.08.26-18.27.58:106][  0]LogConfig: Setting CVar [[r.HairStrands.Visibility.MSAA.SamplePerPixel:4]]
[2026.08.26-18.27.58:106][  0]LogInit: Selected Device Profile: [Windows]
[2026.08.26-18.27.58:106][  0]LogInit: Applying CVar settings loaded from the selected device profile: [Windows]
[2026.08.26-18.27.58:106][  0]LogHAL: Display: Platform has ~ 32 GB [33639129088 / 34359738368 / 32], which maps to Largest [LargestMinGB=32, LargerMinGB=12, DefaultMinGB=8, SmallerMinGB=6, SmallestMinGB=0)
[2026.08.26-18.27.58:106][  0]LogInit: Going up to parent DeviceProfile []
[2026.08.26-18.27.58:106][  0]LogConfig: Applying CVar settings from Section [ViewDistanceQuality@3] File [E:/_Alex's Data/Unreal Engine/Unreal Projects/Brackeys2026/Brackeys-2026/BrackeysJam2026/Saved/Config/Windows/Scalability.ini]
[2026.08.26-18.27.58:106][  0]LogConfig: Setting CVar [[r.SkeletalMeshLODBias:0]]
[2026.08.26-18.27.58:106][  0]LogConfig: Setting CVar [[r.ViewDistanceScale:1.0]]
[2026.08.26-18.27.58:106][  0]LogConfig: Applying CVar settings from Section [AntiAliasingQuality@3] File [E:/_Alex's Data/Unreal Engine/Unreal Projects/Brackeys2026/Brackeys-2026/BrackeysJam2026/Saved/Config/Windows/Scalability.ini]
[2026.08.26-18.27.58:106][  0]LogConfig: Setting CVar [[r.PostProcessAAQuality:4]]
[2026.08.26-18.27.58:106][  0]LogConfig: Applying CVar settings from Section [ShadowQuality@3] File [E:/_Alex's Data/Unreal Engine/Unreal Projects/Brackeys2026/Brackeys-2026/BrackeysJam2026/Saved/Config/Windows/Scalability.ini]
[2026.08.26-18.27.58:106][  0]LogConfig: Setting CVar [[r.LightFunctionQuality:1]]
[2026.08.26-18.27.58:106][  0]LogConfig: Setting CVar [[r.ShadowQuality:5]]
[2026.08.26-18.27.58:106][  0]LogConfig: Setting CVar [[r.Shadow.CSM.MaxCascades:10]]
[2026.08.26-18.27.58:106][  0]LogConfig: Setting CVar [[r.Shadow.MaxResolution:2048]]
[2026.08.26-18.27.58:106][  0]LogConfig: Setting CVar [[r.Shadow.MaxCSMResolution:2048]]
[2026.08.26-18.27.58:106][  0]LogConfig: Setting CVar [[r.Shadow.RadiusThreshold:0.01]]
[2026.08.26-18.27.58:106][  0]LogConfig: Setting CVar [[r.Shadow.DistanceScale:1.0]]
[2026.08.26-18.27.58:106][  0]LogConfig: Setting CVar [[r.Shadow.CSM.TransitionScale:1.0]]
[2026.08.26-18.27.58:106][  0]LogConfig: Setting CVar [[r.Shadow.PreShadowResolutionFactor:1.0]]
[2026.08.26-18.27.58:106][  0]LogConfig: Setting CVar [[r.DistanceFieldShadowing:1]]
[2026.08.26-18.27.58:106][  0]LogConfig: Setting CVar [[r.DistanceFieldAO:1]]
[2026.08.26-18.27.58:106][  0]LogConfig: Setting CVar [[r.AOQuality:2]]
[2026.08.26-18.27.58:106][  0]LogConfig: Setting CVar [[r.VolumetricFog:1]]
[2026.08.26-18.27.58:106][  0]LogConfig: Setting CVar [[r.VolumetricFog.GridPixelSize:8]]
[2026.08.26-18.27.58:106][  0]LogConfig: Setting CVar [[r.VolumetricFog.GridSizeZ:128]]
[2026.08.26-18.27.58:106][  0]LogConfig: Setting CVar [[r.VolumetricFog.HistoryMissSupersampleCount:4]]
[2026.08.26-18.27.58:106][  0]LogConfig: Setting CVar [[r.LightMaxDrawDistanceScale:1]]
[2026.08.26-18.27.58:106][  0]LogConfig: Setting CVar [[r.CapsuleShadows:1]]
[2026.08.26-18.27.58:106][  0]LogConfig: Applying CVar settings from Section [PostProcessQuality@3] File [E:/_Alex's Data/Unreal Engine/Unreal Projects/Brackeys2026/Brackeys-2026/BrackeysJam2026/Saved/Config/Windows/Scalability.ini]
[2026.08.26-18.27.58:106][  0]LogConfig: Setting CVar [[r.MotionBlurQuality:4]]
[2026.08.26-18.27.58:106][  0]LogConfig: Setting CVar [[r.AmbientOcclusionMipLevelFactor:0.4]]
[2026.08.26-18.27.58:107][  0]LogConfig: Setting CVar [[r.AmbientOcclusionMaxQuality:100]]
[2026.08.26-18.27.58:107][  0]LogConfig: Setting CVar [[r.AmbientOcclusionLevels:-1]]
[2026.08.26-18.27.58:107][  0]LogConfig: Setting CVar [[r.AmbientOcclusionRadiusScale:1.0]]
[2026.08.26-18.27.58:107][  0]LogConfig: Setting CVar [[r.DepthOfFieldQuality:2]]
[2026.08.26-18.27.58:107][  0]LogConfig: Setting CVar [[r.RenderTargetPoolMin:400]]
[2026.08.26-18.27.58:107][  0]LogConfig: Setting CVar [[r.LensFlareQuality:2]]
[2026.08.26-18.27.58:107][  0]LogConfig: Setting CVar [[r.SceneColorFringeQuality:1]]
[2026.08.26-18.27.58:107][  0]LogConfig: Setting CVar [[r.EyeAdaptationQuality:2]]
[2026.08.26-18.27.58:107][  0]LogConfig: Setting CVar [[r.BloomQuality:5]]
[2026.08.26-18.27.58:107][  0]LogConfig: Setting CVar [[r.FastBlurThreshold:100]]
[2026.08.26-18.27.58:107][  0]LogConfig: Setting CVar [[r.Upscale.Quality:3]]
[2026.08.26-18.27.58:107][  0]LogConfig: Setting CVar [[r.Tonemapper.GrainQuantization:1]]
[2026.08.26-18.27.58:107][  0]LogConfig: Setting CVar [[r.LightShaftQuality:1]]
[2026.08.26-18.27.58:107][  0]LogConfig: Setting CVar [[r.Filter.SizeScale:1]]
[2026.08.26-18.27.58:107][  0]LogConfig: Setting CVar [[r.Tonemapper.Quality:5]]
[2026.08.26-18.27.58:107][  0]LogConfig: Setting CVar [[r.DOF.Gather.AccumulatorQuality:1        ; higher gathering accumulator quality]]
[2026.08.26-18.27.58:107][  0]LogConfig: Setting CVar [[r.DOF.Gather.PostfilterMethod:1          ; Median3x3 postfilering method]]
[2026.08.26-18.27.58:107][  0]LogConfig: Setting CVar [[r.DOF.Gather.EnableBokehSettings:0       ; no bokeh simulation when gathering]]
[2026.08.26-18.27.58:107][  0]LogConfig: Setting CVar [[r.DOF.Gather.RingCount:4                 ; medium number of samples when gathering]]
[2026.08.26-18.27.58:107][  0]LogConfig: Setting CVar [[r.DOF.Scatter.ForegroundCompositing:1    ; additive foreground scattering]]
[2026.08.26-18.27.58:107][  0]LogConfig: Setting CVar [[r.DOF.Scatter.BackgroundCompositing:2    ; additive background scattering]]
[2026.08.26-18.27.58:107][  0]LogConfig: Setting CVar [[r.DOF.Scatter.EnableBokehSettings:1      ; bokeh simulation when scattering]]
[2026.08.26-18.27.58:107][  0]LogConfig: Setting CVar [[r.DOF.Scatter.MaxSpriteRatio:0.1         ; only a maximum of 10% of scattered bokeh]]
[2026.08.26-18.27.58:107][  0]LogConfig: Setting CVar [[r.DOF.Recombine.Quality:1                ; cheap slight out of focus]]
[2026.08.26-18.27.58:107][  0]LogConfig: Setting CVar [[r.DOF.Recombine.EnableBokehSettings:0    ; no bokeh simulation on slight out of focus]]
[2026.08.26-18.27.58:107][  0]LogConfig: Setting CVar [[r.DOF.TemporalAAQuality:1                ; more stable temporal accumulation]]
[2026.08.26-18.27.58:107][  0]LogConfig: Setting CVar [[r.DOF.Kernel.MaxForegroundRadius:0.025]]
[2026.08.26-18.27.58:107][  0]LogConfig: Setting CVar [[r.DOF.Kernel.MaxBackgroundRadius:0.025]]
[2026.08.26-18.27.58:107][  0]LogConfig: Applying CVar settings from Section [TextureQuality@3] File [E:/_Alex's Data/Unreal Engine/Unreal Projects/Brackeys2026/Brackeys-2026/BrackeysJam2026/Saved/Config/Windows/Scalability.ini]
[2026.08.26-18.27.58:107][  0]LogConfig: Setting CVar [[r.Streaming.MipBias:0]]
[2026.08.26-18.27.58:107][  0]LogConfig: Setting CVar [[r.Streaming.AmortizeCPUToGPUCopy:0]]
[2026.08.26-18.27.58:107][  0]LogConfig: Setting CVar [[r.Streaming.MaxNumTexturesToStreamPerFrame:0]]
[2026.08.26-18.27.58:107][  0]LogConfig: Setting CVar [[r.Streaming.Boost:1]]
[2026.08.26-18.27.58:107][  0]LogConfig: Setting CVar [[r.MaxAnisotropy:8]]
[2026.08.26-18.27.58:107][  0]LogConfig: Setting CVar [[r.VT.MaxAnisotropy:8]]
[2026.08.26-18.27.58:107][  0]LogConfig: Setting CVar [[r.Streaming.LimitPoolSizeToVRAM:0]]
[2026.08.26-18.27.58:107][  0]LogConfig: Setting CVar [[r.Streaming.PoolSize:1000]]
[2026.08.26-18.27.58:107][  0]LogConfig: Setting CVar [[r.Streaming.MaxEffectiveScreenSize:0]]
[2026.08.26-18.27.58:107][  0]LogConfig: Applying CVar settings from Section [EffectsQuality@3] File [E:/_Alex's Data/Unreal Engine/Unreal Projects/Brackeys2026/Brackeys-2026/BrackeysJam2026/Saved/Config/Windows/Scalability.ini]
[2026.08.26-18.27.58:107][  0]LogConfig: Setting CVar [[r.TranslucencyLightingVolumeDim:64]]
[2026.08.26-18.27.58:107][  0]LogConfig: Setting CVar [[r.RefractionQuality:2]]
[2026.08.26-18.27.58:107][  0]LogConfig: Setting CVar [[r.SSR.Quality:3]]
[2026.08.26-18.27.58:107][  0]LogConfig: Setting CVar [[r.SSR.HalfResSceneColor:0]]
[2026.08.26-18.27.58:107][  0]LogConfig: Setting CVar [[r.SceneColorFormat:4]]
[2026.08.26-18.27.58:107][  0]LogConfig: Setting CVar [[r.DetailMode:2]]
[2026.08.26-18.27.58:107][  0]LogConfig: Setting CVar [[r.TranslucencyVolumeBlur:1]]
[2026.08.26-18.27.58:107][  0]LogConfig: Setting CVar [[r.MaterialQualityLevel:1 ; High quality]]
[2026.08.26-18.27.58:107][  0]LogConfig: Setting CVar [[r.AnisotropicMaterials:1]]
[2026.08.26-18.27.58:107][  0]LogConfig: Setting CVar [[r.SSS.Scale:1]]
[2026.08.26-18.27.58:107][  0]LogConfig: Setting CVar [[r.SSS.SampleSet:2]]
[2026.08.26-18.27.58:107][  0]LogConfig: Setting CVar [[r.SSS.Quality:1]]
[2026.08.26-18.27.58:107][  0]LogConfig: Setting CVar [[r.SSS.HalfRes:0]]
[2026.08.26-18.27.58:107][  0]LogConfig: Setting CVar [[r.SSGI.Quality:3]]
[2026.08.26-18.27.58:107][  0]LogConfig: Setting CVar [[r.EmitterSpawnRateScale:1.0]]
[2026.08.26-18.27.58:107][  0]LogConfig: Setting CVar [[r.ParticleLightQuality:2]]
[2026.08.26-18.27.58:107][  0]LogConfig: Setting CVar [[r.SkyAtmosphere.AerialPerspectiveLUT.FastApplyOnOpaque:1 ; Always have FastSkyLUT 1 in this case to avoid wrong sky]]
[2026.08.26-18.27.58:107][  0]LogConfig: Setting CVar [[r.SkyAtmosphere.AerialPerspectiveLUT.SampleCountMaxPerSlice:4]]
[2026.08.26-18.27.58:107][  0]LogConfig: Setting CVar [[r.SkyAtmosphere.AerialPerspectiveLUT.DepthResolution:16.0]]
[2026.08.26-18.27.58:107][  0]LogConfig: Setting CVar [[r.SkyAtmosphere.FastSkyLUT:1]]
[2026.08.26-18.27.58:107][  0]LogConfig: Setting CVar [[r.SkyAtmosphere.FastSkyLUT.SampleCountMin:4.0]]
[2026.08.26-18.27.58:107][  0]LogConfig: Setting CVar [[r.SkyAtmosphere.FastSkyLUT.SampleCountMax:128.0]]
[2026.08.26-18.27.58:107][  0]LogConfig: Setting CVar [[r.SkyAtmosphere.SampleCountMin:4.0]]
[2026.08.26-18.27.58:107][  0]LogConfig: Setting CVar [[r.SkyAtmosphere.SampleCountMax:128.0]]
[2026.08.26-18.27.58:107][  0]LogConfig: Setting CVar [[r.SkyAtmosphere.TransmittanceLUT.UseSmallFormat:0]]
[2026.08.26-18.27.58:107][  0]LogConfig: Setting CVar [[r.SkyAtmosphere.TransmittanceLUT.SampleCount:10.0]]
[2026.08.26-18.27.58:107][  0]LogConfig: Setting CVar [[r.SkyAtmosphere.MultiScatteringLUT.SampleCount:15.0]]
[2026.08.26-18.27.58:107][  0]LogConfig: Setting CVar [[r.SkyLight.RealTimeReflectionCapture:1]]
[2026.08.26-18.27.58:107][  0]LogConfig: Applying CVar settings from Section [FoliageQuality@3] File [E:/_Alex's Data/Unreal Engine/Unreal Projects/Brackeys2026/Brackeys-2026/BrackeysJam2026/Saved/Config/Windows/Scalability.ini]
[2026.08.26-18.27.58:107][  0]LogConfig: Setting CVar [[foliage.DensityScale:1.0]]
[2026.08.26-18.27.58:107][  0]LogConfig: Setting CVar [[grass.DensityScale:1.0]]
[2026.08.26-18.27.58:107][  0]LogConfig: Applying CVar settings from Section [ShadingQuality@3] File [E:/_Alex's Data/Unreal Engine/Unreal Projects/Brackeys2026/Brackeys-2026/BrackeysJam2026/Saved/Config/Windows/Scalability.ini]
[2026.08.26-18.27.58:107][  0]LogConfig: Setting CVar [[r.HairStrands.SkyLighting.IntegrationType:2]]
[2026.08.26-18.27.58:107][  0]LogConfig: Setting CVar [[r.HairStrands.SkyAO.SampleCount:4]]
[2026.08.26-18.27.58:107][  0]LogConfig: Setting CVar [[r.HairStrands.Visibility.MSAA.SamplePerPixel:4]]
[2026.08.26-18.27.58:107][  0]LogConfig: Applying CVar settings from Section [Startup] File [../../../Engine/Config/ConsoleVariables.ini]
[2026.08.26-18.27.58:107][  0]LogConfig: Setting CVar [[net.UseAdaptiveNetUpdateFrequency:0]]
[2026.08.26-18.27.58:107][  0]LogConfig: Setting CVar [[p.chaos.AllowCreatePhysxBodies:1]]
[2026.08.26-18.27.58:107][  0]LogConfig: Setting CVar [[fx.SkipVectorVMBackendOptimizations:1]]
[2026.08.26-18.27.58:107][  0]LogConfig: Applying CVar settings from Section [ConsoleVariables] File [E:/_Alex's Data/Unreal Engine/Unreal Projects/Brackeys2026/Brackeys-2026/BrackeysJam2026/Saved/Config/Windows/Engine.ini]
[2026.08.26-18.27.58:107][  0]LogConfig: Applying CVar settings from Section [ConsoleVariables] File [E:/_Alex's Data/Unreal Engine/Unreal Projects/Brackeys2026/Brackeys-2026/BrackeysJam2026/Saved/Config/Windows/Editor.ini]
[2026.08.26-18.27.58:107][  0]LogInit: Computer: LAPTOP-EB09ONFM
[2026.08.26-18.27.58:107][  0]LogInit: User: AlexT
[2026.08.26-18.27.58:107][  0]LogInit: CPU Page size=4096, Cores=8
[2026.08.26-18.27.58:107][  0]LogInit: High frequency timer resolution =10.000000 MHz
[2026.08.26-18.27.58:107][  0]LogMemory: Memory total: Physical=31.3GB (32GB approx)
[2026.08.26-18.27.58:107][  0]LogMemory: Platform Memory Stats for Windows
[2026.08.26-18.27.58:108][  0]LogMemory: Process Physical Memory: 155.56 MB used, 155.56 MB peak
[2026.08.26-18.27.58:108][  0]LogMemory: Process Virtual Memory: 129.19 MB used, 129.19 MB peak
[2026.08.26-18.27.58:108][  0]LogMemory: Physical Memory: 15244.66 MB used,  16836.11 MB free, 32080.77 MB total
[2026.08.26-18.27.58:108][  0]LogMemory: Virtual Memory: 134197832.00 MB used,  19899.16 MB free, 134217728.00 MB total
[2026.08.26-18.27.58:112][  0]LogWindows: WindowsPlatformFeatures enabled
[2026.08.26-18.27.58:129][  0]LogInit: Physics initialised using underlying interface: PhysX
[2026.08.26-18.27.58:130][  0]LogInit: Using OS detected language (en-US).
[2026.08.26-18.27.58:130][  0]LogInit: Using OS detected locale (en-US).
[2026.08.26-18.27.58:134][  0]LogTextLocalizationManager: No specific localization for 'en-US' exists, so the 'en' localization will be used.
[2026.08.26-18.27.58:260][  0]LogInit: Setting process to per monitor DPI aware
[2026.08.26-18.27.58:268][  0]LogWindowsTextInputMethodSystem: Display: IME system deactivated.
[2026.08.26-18.27.58:279][  0]LogSlate: New Slate User Created.  User Index 0, Is Virtual User: 0
[2026.08.26-18.27.58:279][  0]LogSlate: Slate User Registered.  User Index 0, Is Virtual User: 0
[2026.08.26-18.27.58:364][  0]LogD3D11RHI: Loaded GFSDK_Aftermath_Lib.x64.dll
[2026.08.26-18.27.58:390][  0]LogHMD: Failed to initialize OpenVR with code 110
[2026.08.26-18.27.58:390][  0]LogD3D11RHI: D3D11 min allowed feature level: 11_0
[2026.08.26-18.27.58:390][  0]LogD3D11RHI: D3D11 max allowed feature level: 11_0
[2026.08.26-18.27.58:390][  0]LogD3D11RHI: D3D11 adapters:
[2026.08.26-18.27.58:484][  0]LogD3D11RHI:    0. 'AMD Radeon 780M Graphics' (Feature Level 11_0)
[2026.08.26-18.27.58:484][  0]LogD3D11RHI:       421/0/16040 MB DedicatedVideo/DedicatedSystem/SharedSystem, Outputs:1, VendorId:0x1002
[2026.08.26-18.27.58:490][  0]LogD3D11RHI:    1. 'Microsoft Basic Render Driver' (Feature Level 11_0)
[2026.08.26-18.27.58:490][  0]LogD3D11RHI:       0/0/16040 MB DedicatedVideo/DedicatedSystem/SharedSystem, Outputs:0, VendorId:0x1414
[2026.08.26-18.27.58:490][  0]LogD3D11RHI: Chosen D3D11 Adapter:
[2026.08.26-18.27.58:490][  0]LogD3D11RHI:     Description : AMD Radeon 780M Graphics
[2026.08.26-18.27.58:490][  0]LogD3D11RHI:     VendorId    : 1002
[2026.08.26-18.27.58:490][  0]LogD3D11RHI:     DeviceId    : 1900
[2026.08.26-18.27.58:490][  0]LogD3D11RHI:     SubSysId    : 1241002
[2026.08.26-18.27.58:490][  0]LogD3D11RHI:     Revision    : 00d5
[2026.08.26-18.27.58:490][  0]LogD3D11RHI:     DedicatedVideoMemory : 441671680 bytes
[2026.08.26-18.27.58:490][  0]LogD3D11RHI:     DedicatedSystemMemory : 0 bytes
[2026.08.26-18.27.58:491][  0]LogD3D11RHI:     SharedSystemMemory : 16819564544 bytes
[2026.08.26-18.27.58:491][  0]LogD3D11RHI:     AdapterLuid : 0 66722
[2026.08.26-18.27.58:498][  0]LogD3D11RHI: Creating new Direct3DDevice
[2026.08.26-18.27.58:498][  0]LogD3D11RHI:     GPU DeviceId: 0x1900 (for the marketing name, search the web for "GPU Device Id")
[2026.08.26-18.27.58:498][  0]LogWindows: EnumDisplayDevices:
[2026.08.26-18.27.58:498][  0]LogWindows:    0. 'AMD Radeon 780M Graphics' (P:1 D:1)
[2026.08.26-18.27.58:499][  0]LogWindows:    1. 'AMD Radeon 780M Graphics' (P:0 D:0)
[2026.08.26-18.27.58:499][  0]LogWindows:    2. 'AMD Radeon 780M Graphics' (P:0 D:0)
[2026.08.26-18.27.58:499][  0]LogWindows:    3. 'AMD Radeon 780M Graphics' (P:0 D:0)
[2026.08.26-18.27.58:500][  0]LogWindows:    4. 'AMD Radeon 780M Graphics' (P:0 D:0)
[2026.08.26-18.27.58:500][  0]LogWindows: DebugString: FoundDriverCount:5 
[2026.08.26-18.27.58:500][  0]LogD3D11RHI:     Adapter Name: AMD Radeon 780M Graphics
[2026.08.26-18.27.58:500][  0]LogD3D11RHI:   Driver Version: AMD Software: Adrenalin Edition 26.7.1 (internal:32.0.31035.1003, unified:32.0.31035.1003)
[2026.08.26-18.27.58:500][  0]LogD3D11RHI:      Driver Date: 7-24-2026
[2026.08.26-18.27.58:500][  0]LogRHI: Texture pool is 10985 MB (70% of 15693 MB)
[2026.08.26-18.27.58:529][  0]LogD3D11RHI: Creating D3DDevice with AMD AGS, using adapter:
[2026.08.26-18.27.58:529][  0]LogD3D11RHI:     Description : AMD Radeon 780M Graphics
[2026.08.26-18.27.58:529][  0]LogD3D11RHI:     VendorId    : 1002
[2026.08.26-18.27.58:529][  0]LogD3D11RHI:     DeviceId    : 1900
[2026.08.26-18.27.58:529][  0]LogD3D11RHI:     SubSysId    : 1241002
[2026.08.26-18.27.58:529][  0]LogD3D11RHI:     Revision    : 00d5
[2026.08.26-18.27.58:529][  0]LogD3D11RHI:     DedicatedVideoMemory : 441671680 bytes
[2026.08.26-18.27.58:529][  0]LogD3D11RHI:     DedicatedSystemMemory : 0 bytes
[2026.08.26-18.27.58:529][  0]LogD3D11RHI:     SharedSystemMemory : 16819564544 bytes
[2026.08.26-18.27.58:529][  0]LogD3D11RHI:     AdapterLuid : 0 66722
[2026.08.26-18.27.58:626][  0]LogD3D11RHI: Created device via AGS, feature level 11_0, supported extensions 1fffffbf.
[2026.08.26-18.27.58:626][  0]LogD3D11RHI: RHI has support for 64 bit atomics
[2026.08.26-18.27.58:626][  0]LogD3D11RHI: Async texture creation enabled
[2026.08.26-18.27.58:626][  0]LogD3D11RHI: Array index from any shader is supported
[2026.08.26-18.27.58:638][  0]LogD3D11RHI: GPU Timing Frequency: 100.000000 (Debug: 2 1)
[2026.08.26-18.27.58:879][  0]LogTargetPlatformManager: Display: Loaded TargetPlatform 'AllDesktop'
[2026.08.26-18.27.58:894][  0]LogTargetPlatformManager: Display: Loaded TargetPlatform 'Android'
[2026.08.26-18.27.58:894][  0]LogTargetPlatformManager: Display: Loaded TargetPlatform 'Android_ASTC'
[2026.08.26-18.27.58:894][  0]LogTargetPlatformManager: Display: Loaded TargetPlatform 'Android_DXT'
[2026.08.26-18.27.58:894][  0]LogTargetPlatformManager: Display: Loaded TargetPlatform 'Android_ETC2'
[2026.08.26-18.27.58:894][  0]LogTargetPlatformManager: Display: Loaded TargetPlatform 'AndroidClient'
[2026.08.26-18.27.58:894][  0]LogTargetPlatformManager: Display: Loaded TargetPlatform 'Android_ASTCClient'
[2026.08.26-18.27.58:894][  0]LogTargetPlatformManager: Display: Loaded TargetPlatform 'Android_DXTClient'
[2026.08.26-18.27.58:894][  0]LogTargetPlatformManager: Display: Loaded TargetPlatform 'Android_ETC2Client'
[2026.08.26-18.27.58:894][  0]LogTargetPlatformManager: Display: Loaded TargetPlatform 'Android_Multi'
[2026.08.26-18.27.58:894][  0]LogTargetPlatformManager: Display: Loaded TargetPlatform 'Android_MultiClient'
[2026.08.26-18.27.58:907][  0]LogTargetPlatformManager: Display: Loaded TargetPlatform 'IOSClient'
[2026.08.26-18.27.58:907][  0]LogTargetPlatformManager: Display: Loaded TargetPlatform 'IOS'
[2026.08.26-18.27.58:914][  0]LogTargetPlatformManager: Display: Loaded TargetPlatform 'Linux'
[2026.08.26-18.27.58:917][  0]LogTargetPlatformManager: Display: Loaded TargetPlatform 'LinuxNoEditor'
[2026.08.26-18.27.58:921][  0]LogTargetPlatformManager: Display: Loaded TargetPlatform 'LinuxClient'
[2026.08.26-18.27.58:924][  0]LogTargetPlatformManager: Display: Loaded TargetPlatform 'LinuxServer'
[2026.08.26-18.27.58:930][  0]LogTargetPlatformManager: Display: Loaded TargetPlatform 'LinuxAArch64NoEditor'
[2026.08.26-18.27.58:933][  0]LogTargetPlatformManager: Display: Loaded TargetPlatform 'LinuxAArch64Client'
[2026.08.26-18.27.58:936][  0]LogTargetPlatformManager: Display: Loaded TargetPlatform 'LinuxAArch64Server'
[2026.08.26-18.27.58:950][  0]LogTargetPlatformManager: Display: Loaded TargetPlatform 'Lumin'
[2026.08.26-18.27.58:950][  0]LogTargetPlatformManager: Display: Loaded TargetPlatform 'LuminClient'
[2026.08.26-18.27.58:956][  0]LogTargetPlatformManager: Display: Loaded TargetPlatform 'MacNoEditor'
[2026.08.26-18.27.58:960][  0]LogTargetPlatformManager: Display: Loaded TargetPlatform 'Mac'
[2026.08.26-18.27.58:963][  0]LogTargetPlatformManager: Display: Loaded TargetPlatform 'MacClient'
[2026.08.26-18.27.58:965][  0]LogTargetPlatformManager: Display: Loaded TargetPlatform 'MacServer'
[2026.08.26-18.27.58:972][  0]LogTargetPlatformManager: Display: Loaded TargetPlatform 'TVOSClient'
[2026.08.26-18.27.58:972][  0]LogTargetPlatformManager: Display: Loaded TargetPlatform 'TVOS'
[2026.08.26-18.27.58:977][  0]LogTargetPlatformManager: Display: Loaded TargetPlatform 'WindowsNoEditor'
[2026.08.26-18.27.58:981][  0]LogTargetPlatformManager: Display: Loaded TargetPlatform 'Windows'
[2026.08.26-18.27.58:984][  0]LogTargetPlatformManager: Display: Loaded TargetPlatform 'WindowsClient'
[2026.08.26-18.27.58:987][  0]LogTargetPlatformManager: Display: Loaded TargetPlatform 'WindowsServer'
[2026.08.26-18.27.58:987][  0]LogTargetPlatformManager: Display: Building Assets For Windows
[2026.08.26-18.27.58:992][  0]LogAudioDebug: Display: Lib vorbis DLL was dynamically loaded.
[2026.08.26-18.27.59:013][  0]LogTextureFormatOodle: Display: Oodle Texture 2.9.0 init RDO Off
[2026.08.26-18.27.59:034][  0]LogRendererCore: Ray tracing is disabled. Reason: r.RayTracing=0.
[2026.08.26-18.27.59:034][  0]LogShaderCompilers: Guid format shader working directory is -42 characters bigger than the processId version (E:/_Alex's Data/Unreal Engine/Unreal Projects/Brackeys2026/Brackeys-2026/BrackeysJam2026/Intermediate/Shaders/WorkingDirectory/20908/).
[2026.08.26-18.27.59:034][  0]LogShaderCompilers: Cleaned the shader compiler working directory 'C:/Users/Alex T/AppData/Local/Temp/UnrealShaderWorkingDir/963A453244D98D05A160678701A13F71/'.
[2026.08.26-18.27.59:034][  0]LogXGEController: Cannot use XGE Controller as Incredibuild is not installed on this machine.
[2026.08.26-18.27.59:034][  0]LogShaderCompilers: Cannot use XGE Shader Compiler as Incredibuild is not installed on this machine.
[2026.08.26-18.27.59:034][  0]LogShaderCompilers: Display: Using Local Shader Compiler.
[2026.08.26-18.27.59:499][  0]LogDerivedDataCache: Display: Max Cache Size: 512 MB
[2026.08.26-18.27.59:535][  0]LogDerivedDataCache: Loaded boot cache 0.04s 99MB C:/Users/Alex T/AppData/Local/UnrealEngine/4.27/DerivedDataCache/Boot.ddc.
[2026.08.26-18.27.59:535][  0]LogDerivedDataCache: Display: Loaded Boot cache: C:/Users/Alex T/AppData/Local/UnrealEngine/4.27/DerivedDataCache/Boot.ddc
[2026.08.26-18.27.59:535][  0]LogDerivedDataCache: FDerivedDataBackendGraph:  Pak pak cache file E:/_Alex's Data/Unreal Engine/Unreal Projects/Brackeys2026/Brackeys-2026/BrackeysJam2026/DerivedDataCache/DDC.ddp not found, will not use a pak cache.
[2026.08.26-18.27.59:535][  0]LogDerivedDataCache: Unable to find inner node Pak for hierarchical cache Hierarchy.
[2026.08.26-18.27.59:535][  0]LogDerivedDataCache: FDerivedDataBackendGraph:  CompressedPak pak cache file E:/_Alex's Data/Unreal Engine/Unreal Projects/Brackeys2026/Brackeys-2026/BrackeysJam2026/DerivedDataCache/Compressed.ddp not found, will not use a pak cache.
[2026.08.26-18.27.59:535][  0]LogDerivedDataCache: Unable to find inner node CompressedPak for hierarchical cache Hierarchy.
[2026.08.26-18.27.59:549][  0]LogDerivedDataCache: Display: Pak cache opened for reading ../../../Engine/DerivedDataCache/Compressed.ddp.
[2026.08.26-18.27.59:549][  0]LogDerivedDataCache: FDerivedDataBackendGraph:  EnterprisePak pak cache file ../../../Enterprise/DerivedDataCache/Compressed.ddp not found, will not use a pak cache.
[2026.08.26-18.27.59:549][  0]LogDerivedDataCache: Unable to find inner node EnterprisePak for hierarchical cache Hierarchy.
[2026.08.26-18.27.59:555][  0]LogDerivedDataCache: Speed tests for C:/Users/Alex T/AppData/Local/UnrealEngine/Common/DerivedDataCache took 0.01 seconds
[2026.08.26-18.27.59:555][  0]LogDerivedDataCache: Display: Performance to C:/Users/Alex T/AppData/Local/UnrealEngine/Common/DerivedDataCache: Latency=0.02ms. RandomReadSpeed=1473.36MBs, RandomWriteSpeed=220.12MBs. Assigned SpeedClass 'Local'
[2026.08.26-18.27.59:555][  0]LogDerivedDataCache: Using Local data cache path C:/Users/Alex T/AppData/Local/UnrealEngine/Common/DerivedDataCache: Writable
[2026.08.26-18.27.59:555][  0]LogDerivedDataCache: Shared data cache path not found in *engine.ini, will not use an Shared cache.
[2026.08.26-18.27.59:555][  0]LogDerivedDataCache: Unable to find inner node Shared for hierarchical cache Hierarchy.
[2026.08.26-18.27.59:588][  0]LogSlate: Using FreeType 2.10.0
[2026.08.26-18.27.59:589][  0]LogSlate: SlateFontServices - WITH_FREETYPE: 1, WITH_HARFBUZZ: 1
[2026.08.26-18.27.59:605][  0]LogAssetRegistry: FAssetRegistry took 0.0022 seconds to start up
[2026.08.26-18.27.59:771][  0]LogInit: Selected Device Profile: [Windows]
[2026.08.26-18.27.59:771][  0]LogInit: Active device profile: [000001EA98AEA800][000001EA98719200 49] Windows
[2026.08.26-18.27.59:771][  0]LogInit: Profiles: [000001EA98AEA800][000001EA98719200 49] Windows, [000001EA98AA5A00][000001EA987214C0 49] WindowsNoEditor, [000001EA98AE9A00][000001EA98725780 49] WindowsServer, [000001EA98AA6900][000001EA98729A40 49] WindowsClient, [000001EA98AEAB00][000001EA9872C180 49] IOS, [000001EA98AA5400][000001EA98730440 49] iPadAir, [000001EA98AEB300][000001EA98734700 49] iPadAir2, [000001EA98A63100][000001EA98744C00 49] IPadPro, [000001EA98A63200][000001EA98738C40 49] iPadAir3, [000001EA98AEA900][000001EA9871CEC0 49] iPadAir4, [000001EA98A61F00][000001EA9873D180 49] iPadMini2, [000001EA98AEA200][000001EA98749440 49] iPadMini3, [000001EA98A61A00][000001EA9874D700 49] iPadMini4, [000001EA98AEAC00][000001EA987519C0 49] iPadMini5, [000001EA98A9A700][000001EA98764380 49] iPhone6, [000001EA98A9A800][000001EA987543C0 49] iPodTouch6, [000001EA98A60F00][000001EA9876C900 49] iPhone7, [000001EA98A60E00][000001EA9875C940 49] iPodTouch7, [000001EA98A99E00][000001EA98760C00 49] iPhone5S, [000001EA98A63800][000001EA98740E80 49] iPhone6Plus, [000001EA98A99A00][000001EA98759100 49] iPhone6S, [000001EA98A62300][000001EA9877D3C0 49] iPhone6SPlus, [000001EA98A9A900][000001EA98791680 49] iPhone7Plus, [000001EA98A60B00][000001EA98799940 49] iPhoneSE, [000001EA98A99800][000001EA93FA1C00 49] iPhone8, [000001EA98A61800][000001EA9105A340 49] iPhone8Plus, [000001EA98A9A500][000001EA94072600 49] iPhoneX, [000001EA98A62100][000001EA940768C0 49] iPhoneXS, [000001EA98A98500][000001EA9407AB80 49] iPhoneXSMax, [000001EA98A63A00][000001EA94082E40 49] iPhoneXR, [000001EA98A9B400][000001EA987690C0 49] iPhone11, [000001EA98A60400][000001EA94097340 49] iPhone11Pro, [000001EA98A98F00][000001EA9409F600 49] iPhone11ProMax, [000001EA98A62A00][000001EA940A38C0 49] iPhoneSE2, [000001EA98A9B800][000001EA940A7B80 49] iPhone12Mini, [000001EA98A61900][000001EA940AE2C0 49] iPhone12, [000001EA98A9AD00][000001EA91092580 49] iPhone12Pro, [000001EA98A62B00][000001EA910D2840 49] iPhone12ProMax, [000001EA98A98200][000001EA910D6B00 49] iPadPro105, [000001EA98A61100][000001EA99F60DC0 49] iPadPro129, [000001EA98A9A100][000001EA99FB5080 49] iPadPro97, [000001EA98A62C00][000001EA9409B300 49] iPadPro2_129, [000001EA98A9B000][000001EA99FB9580 49] iPad5, [000001EA98A61700][000001EA99FC1840 49] iPad6, [000001EA98A99F00][000001EA99FC5B00 49] iPad7, [000001EA98A60800][000001EA9406A240 49] iPad8, [000001EA98A99C00][000001EA9406E500 49] iPadPro11, [000001EA98AA7E00][000001EA99FC87C0 49] iPadPro2_11, [000001EA98B24300][000001EA99FCCA80 49] iPadPro3_129, [000001EA98AA6F00][000001EA960C2D40 49] iPadPro4_129, [000001EA98B24900][000001EA960D7000 49] AppleTV, [000001EA98AA7800][000001EA960F52C0 49] AppleTV4K, [000001EA98B25500][000001EA99FBD540 49] TVOS, [000001EA98AA6800][000001EA998CF7C0 49] Mac, [000001EA98B25300][000001EA998DBA80 49] MacClient, [000001EA98AA4300][000001EA998DE1C0 49] MacNoEditor, [000001EA98B25200][000001EA998E2480 49] MacServer, [000001EA98AA5300][000001EA99A00740 49] Linux, [000001EA98B24700][000001EA99A04A00 49] LinuxAArch64, [000001EA98A98700][000001EA99A20CC0 49] LinuxNoEditor, [000001EA98A63700][000001EA99A24F80 49] LinuxAArch64NoEditor, [000001EA98A98900][000001EA99A29240 49] LinuxClient, [000001EA98A63F00][000001EA99A2D500 49] LinuxAArch64Client, [000001EA98A9BD00][000001EA998D7780 49] LinuxServer, [000001EA98A62D00][000001EA99BB9A40 49] LinuxAArch64Server, [000001EA98A99000][000001EA99BBC180 49] Android, [000001EA98A63900][000001EA99F6E440 49] Android_Low, [000001EA98A9B600][000001EA99FAA700 49] Android_Mid, [000001EA98A61C00][000001EA99FAE9C0 49] Android_High, [000001EA98A98800][000001EA9A0CEC80 49] Android_Default, [000001EA98A62800][000001EA9A0D2F40 49] Android_Adreno4xx, [000001EA98A9B700][000001EA9A113200 49] Android_Adreno5xx_Low, [000001EA98A61300][000001EA9A1174C0 49] Android_Adreno5xx, [000001EA98A98100][000001EA99BB5740 49] Android_Adreno6xx, [000001EA98A62700][000001EA9A15B9C0 49] Android_Adreno6xx_Vulkan, [000001EA98A9A200][000001EA9A162100 49] Android_Mali_T6xx, [000001EA98A60A00][000001EA9A3BE3C0 49] Android_Mali_T7xx, [000001EA98A9BB00][000001EA9A3C2680 49] Android_Mali_T8xx, [000001EA98A60600][000001EA9A3C6940 49] Android_Mali_G71, [000001EA98A9B500][000001EA9A3CAC00 49] Android_Mali_G72, [000001EA98A63B00][000001EA9A3CEEC0 49] Android_Mali_G72_Vulkan, [000001EA98A9AB00][000001EA93E67180 49] Android_Mali_G76, [000001EA98A63400][000001EA9A11B440 49] Android_Mali_G76_Vulkan, [000001EA98A9A600][000001EA93EE1700 49] Android_Mali_G77, [000001EA98A61200][000001EA9A15F980 49] Android_Mali_G77_Vulkan, [000001EA98A9A000][000001EA93EE5C00 49] Android_Mali_G78, [000001EA98A60C00][000001EA93EEC340 49] Android_Mali_G78_Vulkan, [000001EA98A99300][000001EA93EF0600 49] Android_Mali_G710, [000001EA98A62600][000001EA9985A8C0 49] Android_Mali_G710_Vulkan, [000001EA98B25100][000001EA9985EB80 49] Android_Vulkan_SM5, [000001EA98A63000][000001EA99862E40 49] Android_PowerVR_G6xxx, [000001EA98AEA000][000001EA99867100 49] Android_PowerVR_GT7xxx, [000001EA98AA7200][000001EA9986B3C0 49] Android_PowerVR_GE8xxx, [000001EA98AE9800][000001EA9986F680 49] Android_PowerVR_GM9xxx, [000001EA98AA4500][000001EA99873940 49] Android_PowerVR_GM9xxx_Vulkan, [000001EA98AE9100][000001EA93EE9BC0 49] Android_TegraK1, [000001EA98AA7D00][000001EA998762C0 49] Android_Unknown_Vulkan, [000001EA98AE8200][000001EA9987E580 49] Lumin, [000001EA98AA4600][000001EA99882840 49] Lumin_Desktop, [000001EA98AEBD00][000001EA99886B00 49] HoloLens, 
[2026.08.26-18.28.00:046][  0]LogMeshReduction: Using QuadricMeshReduction for automatic static mesh reduction
[2026.08.26-18.28.00:046][  0]LogMeshReduction: Using SimplygonMeshReduction for automatic skeletal mesh reduction
[2026.08.26-18.28.00:046][  0]LogMeshReduction: Using ProxyLODMeshReduction for automatic mesh merging
[2026.08.26-18.28.00:046][  0]LogMeshReduction: No distributed automatic mesh merging module available
[2026.08.26-18.28.00:046][  0]LogMeshMerging: No distributed automatic mesh merging module available
[2026.08.26-18.28.00:059][  0]LogNetVersion: BrackeysJam2026 1.0.0, NetCL: 17155196, EngineNetVer: 17, GameNetVer: 0 (Checksum: 1239153582)
[2026.08.26-18.28.00:408][  0]LogTexture: Default maximum texture size for cubemaps generated from long-lat sources has been changed from 512 to unlimited. In order to preserve old behaiour for '/Engine/MapTemplates/Sky/DaylightAmbientCubemap.DaylightAmbientCubemap', its maximum texture size has been explicitly set to 512.
[2026.08.26-18.28.00:448][  0]LogHMD: PokeAHoleMaterial loaded successfully
[2026.08.26-18.28.00:453][  0]LogUObjectArray: 17179 objects as part of root set at end of initial load.
[2026.08.26-18.28.00:453][  0]LogUObjectAllocator: 4302256 out of 0 bytes used by permanent object pool.
[2026.08.26-18.28.00:453][  0]LogUObjectArray: CloseDisregardForGC: 0/0 objects in disregard for GC pool
[2026.08.26-18.28.00:706][  0]LogNiagaraDebuggerClient: Niagara Debugger Client Initialized | Session: F2AABCBF46C7DB78047075878D6D36A6 | Instance: CD0CCE614B5AC5164ECA48AF4880E7BF (LAPTOP-EB09ONFM-20908).
[2026.08.26-18.28.00:737][  0]LogPython: Using Python 3.7.7
[2026.08.26-18.28.01:224][  0]LogUdpMessaging: Initializing bridge on interface 0.0.0.0:0 to multicast group 230.0.0.1:6666.
[2026.08.26-18.28.01:230][  0]LogTcpMessaging: Initializing TcpMessaging bridge
[2026.08.26-18.28.01:562][  0]SourceControl: Source control is disabled
[2026.08.26-18.28.01:562][  0]SourceControl: Source control is disabled
[2026.08.26-18.28.01:566][  0]SourceControl: Source control is disabled
[2026.08.26-18.28.01:568][  0]SourceControl: Source control is disabled
[2026.08.26-18.28.01:590][  0]SourceControl: Source control is disabled
[2026.08.26-18.28.01:592][  0]LogUProjectInfo: Found projects:
[2026.08.26-18.28.01:684][  0]LogOpenImageDenoise: OIDN starting up
[2026.08.26-18.28.01:746][  0]LogAndroidPermission: UAndroidPermissionCallbackProxy::GetInstance
[2026.08.26-18.28.01:763][  0]LogAudioCaptureCore: Display: No Audio Capture implementations found. Audio input will be silent.
[2026.08.26-18.28.01:763][  0]LogAudioCaptureCore: Display: No Audio Capture implementations found. Audio input will be silent.
[2026.08.26-18.28.01:877][  0]LogCollectionManager: Loaded 0 collections in 0.001481 seconds
[2026.08.26-18.28.01:903][  0]LogFileCache: Scanning file cache for directory 'E:/_Alex's Data/Unreal Engine/Unreal Projects/Brackeys2026/Brackeys-2026/BrackeysJam2026/Saved/Collections/' took 0.00s
[2026.08.26-18.28.01:903][  0]LogFileCache: Scanning file cache for directory 'E:/_Alex's Data/Unreal Engine/Unreal Projects/Brackeys2026/Brackeys-2026/BrackeysJam2026/Content/Developers/AlexT/Collections/' took 0.00s
[2026.08.26-18.28.01:903][  0]LogFileCache: Scanning file cache for directory 'E:/_Alex's Data/Unreal Engine/Unreal Projects/Brackeys2026/Brackeys-2026/BrackeysJam2026/Content/Collections/' took 0.00s
[2026.08.26-18.28.01:903][  0]LogOcInput: OculusInput pre-init called
[2026.08.26-18.28.02:136][  0]LogEngine: Initializing Engine...
[2026.08.26-18.28.02:139][  0]LogHMD: Failed to enumerate extensions. Please check that you have a valid OpenXR runtime installed.
[2026.08.26-18.28.02:139][  0]LogHMD: Failed to initialize OpenVR with code 110
[2026.08.26-18.28.02:139][  0]LogMagicLeap: Warning: VR disabled because ZI is not enabled.  To enable, in the editor, Edit -> Project Settings -> Plugins -> Magic Leap Plugin -> Enable Zero Iteration
[2026.08.26-18.28.02:140][  0]LogStats: UGameplayTagsManager::InitializeManager -  0.000 s
[2026.08.26-18.28.02:272][  0]LogInit: Initializing FReadOnlyCVARCache
[2026.08.26-18.28.02:280][  0]LogAIModule: Creating AISystem for world Untitled
[2026.08.26-18.28.02:281][  0]LogAudio: Display: Initializing Audio Device Manager...
[2026.08.26-18.28.02:283][  0]LogAudio: Display: Loading Default Audio Settings Objects...
[2026.08.26-18.28.02:284][  0]LogAudio: Display: No default SoundConcurrencyObject specified (or failed to load).
[2026.08.26-18.28.02:284][  0]LogAudio: Display: Audio Device Manager Initialized
[2026.08.26-18.28.02:284][  0]LogAudio: Display: Creating Audio Device:                 Id: 1, Scope: Shared, Realtime: True
[2026.08.26-18.28.02:284][  0]LogAudioMixer: Display: Audio Mixer Platform Settings:
[2026.08.26-18.28.02:284][  0]LogAudioMixer: Display: 	Sample Rate:						  48000
[2026.08.26-18.28.02:284][  0]LogAudioMixer: Display: 	Callback Buffer Frame Size Requested: 1024
[2026.08.26-18.28.02:284][  0]LogAudioMixer: Display: 	Callback Buffer Frame Size To Use:	  1024
[2026.08.26-18.28.02:284][  0]LogAudioMixer: Display: 	Number of buffers to queue:			  2
[2026.08.26-18.28.02:284][  0]LogAudioMixer: Display: 	Max Channels (voices):				  32
[2026.08.26-18.28.02:284][  0]LogAudioMixer: Display: 	Number of Async Source Workers:		  0
[2026.08.26-18.28.02:284][  0]LogAudio: Display: AudioDevice MaxSources: 32
[2026.08.26-18.28.02:284][  0]LogAudio: Display: Audio Spatialization Plugin: None (built-in).
[2026.08.26-18.28.02:284][  0]LogAudio: Display: Audio Reverb Plugin: None (built-in).
[2026.08.26-18.28.02:284][  0]LogAudio: Display: Audio Occlusion Plugin: None (built-in).
[2026.08.26-18.28.02:284][  0]LogAudioMixer: Display: Initializing audio mixer.
[2026.08.26-18.28.02:296][  0]LogAudioMixer: Display: 0: FrontLeft
[2026.08.26-18.28.02:296][  0]LogAudioMixer: Display: 1: FrontRight
[2026.08.26-18.28.02:317][  0]LogAudioMixer: Display: Using Audio Device Realtek HD Audio 2nd output (Realtek(R) Audio)
[2026.08.26-18.28.02:318][  0]LogAudioMixer: Display: Initializing Sound Submixes...
[2026.08.26-18.28.02:320][  0]LogAudioMixer: Display: Creating Master Submix 'MasterSubmixDefault'
[2026.08.26-18.28.02:320][  0]LogAudioMixer: Display: Creating Master Submix 'MasterReverbSubmixDefault'
[2026.08.26-18.28.02:321][  0]LogAudioMixer: Display: Creating Master Submix 'MasterEQSubmixDefault'
[2026.08.26-18.28.02:321][  0]LogAudioMixer: FMixerPlatformXAudio2::StartAudioStream() called
[2026.08.26-18.28.02:321][  0]LogAudioMixer: Display: Output buffers initialized: Frames=1024, Channels=2, Samples=2048
[2026.08.26-18.28.02:321][  0]LogAudioMixer: Display: Starting AudioMixerPlatformInterface::RunInternal()
[2026.08.26-18.28.02:321][  0]LogAudioMixer: Display: FMixerPlatformXAudio2::SubmitBuffer() called for the first time
[2026.08.26-18.28.02:321][  0]LogInit: FAudioDevice initialized.
[2026.08.26-18.28.02:322][  0]LogAudio: Display: Audio Device (ID: 1) registered with world 'Untitled'.
[2026.08.26-18.28.02:322][  0]LogNetVersion: Set ProjectVersion to 1.0.0.0. Version Checksum will be recalculated on next use.
[2026.08.26-18.28.02:365][  0]LogDerivedDataCache: Saved boot cache 0.04s 99MB C:/Users/Alex T/AppData/Local/UnrealEngine/4.27/DerivedDataCache/Boot.ddc.
[2026.08.26-18.28.02:365][  0]LogInit: Texture streaming: Enabled
[2026.08.26-18.28.02:378][  0]LogAnalytics: Display: [UEEditor.Rocket.Release] APIServer = https://datarouter.ol.epicgames.com/. AppVersion = 4.27.2-18319896+++UE4+Release-4.27
[2026.08.26-18.28.02:382][  0]LogEngineSessionManager: EngineSessionManager initialized
[2026.08.26-18.28.02:382][  0]LogEditorSessionSummary: Verbose: Initializing EditorSessionSummaryWriter for editor session tracking
[2026.08.26-18.28.02:387][  0]LogEditorSessionSummary: EditorSessionSummaryWriter initialized
[2026.08.26-18.28.02:721][  0]LogInit: Transaction tracking system initialized
[2026.08.26-18.28.02:737][  0]BlueprintLog: New page: Editor Load
[2026.08.26-18.28.02:788][  0]LocalizationService: Localization service is disabled
[2026.08.26-18.28.02:816][  0]TimingProfiler: Initialize
[2026.08.26-18.28.02:816][  0]TimingProfiler: OnSessionChanged
[2026.08.26-18.28.02:816][  0]LoadingProfiler: Initialize
[2026.08.26-18.28.02:816][  0]LoadingProfiler: OnSessionChanged
[2026.08.26-18.28.02:816][  0]NetworkingProfiler: Initialize
[2026.08.26-18.28.02:817][  0]NetworkingProfiler: OnSessionChanged
[2026.08.26-18.28.02:817][  0]MemoryProfiler: Initialize
[2026.08.26-18.28.02:817][  0]MemoryProfiler: OnSessionChanged
[2026.08.26-18.28.02:940][  0]LogCook: Display: CookSettings for Memory: MemoryMaxUsedVirtual 0MiB, MemoryMaxUsedPhysical 16384MiB, MemoryMinFreeVirtual 0MiB, MemoryMinFreePhysical 1024MiB
[2026.08.26-18.28.02:940][  0]LogCook: Display: Mobile HDR setting 1
[2026.08.26-18.28.03:120][  0]LogFileCache: Scanning file cache for directory 'E:/_Alex's Data/Unreal Engine/Unreal Projects/Brackeys2026/Brackeys-2026/BrackeysJam2026/Content/' took 0.00s
[2026.08.26-18.28.03:255][  0]LogInit: Display: Engine is initialized. Leaving FEngineLoop::Init()
[2026.08.26-18.28.03:260][  0]SourceControl: Source control is disabled
[2026.08.26-18.28.03:260][  0]LogUnrealEdMisc: Loading editor; pre map load, took 6.002
[2026.08.26-18.28.03:260][  0]Cmd: MAP LOAD FILE="E:/_Alex's Data/Unreal Engine/Unreal Projects/Brackeys2026/Brackeys-2026/BrackeysJam2026/Content/Brackeys2026/Levels/Brackeys2026Map.umap" TEMPLATE=0 SHOWPROGRESS=1 FEATURELEVEL=3
[2026.08.26-18.28.03:260][  0]LightingResults: New page: Lighting Build
[2026.08.26-18.28.03:261][  0]LogWorld: UWorld::CleanupWorld for Untitled, bSessionEnded=true, bCleanupResources=true
[2026.08.26-18.28.03:262][  0]LogSlate: InvalidateAllWidgets triggered.  All widgets were invalidated
[2026.08.26-18.28.03:262][  0]MapCheck: New page: Map Check
[2026.08.26-18.28.03:262][  0]LightingResults: New page: Lighting Build
[2026.08.26-18.28.03:276][  0]LogAudio: Display: Audio Device unregistered from world 'None'.
[2026.08.26-18.28.03:279][  0]LogUObjectHash: Compacting FUObjectHashTables data took   0.61ms
[2026.08.26-18.28.03:400][  0]LogAudio: Display: Audio Device (ID: 1) registered with world 'Brackeys2026Map'.
[2026.08.26-18.28.03:402][  0]LogAIModule: Creating AISystem for world Brackeys2026Map
[2026.08.26-18.28.03:407][  0]LogEditorServer: Finished looking for orphan Actors (0.000 secs)
[2026.08.26-18.28.03:422][  0]LogUObjectHash: Compacting FUObjectHashTables data took   0.69ms
[2026.08.26-18.28.03:422][  0]Cmd: MAP CHECKDEP NOCLEARLOG
[2026.08.26-18.28.03:422][  0]MapCheck: Map check complete: 0 Error(s), 0 Warning(s), took 0.143ms to complete.
[2026.08.26-18.28.03:422][  0]LogFileHelpers: Loading map 'Brackeys2026Map' took 0.162
[2026.08.26-18.28.03:423][  0]LogUnrealEdMisc: Total Editor Startup Time, took 6.166
[2026.08.26-18.28.03:544][  0]LogSlate: The tab "Cesium" attempted to spawn in layout 'LevelEditor_Layout_v1.2' but failed for some reason. It will not be displayed.
[2026.08.26-18.28.03:572][  0]LogSlate: Updating window title bar state: overlay mode, drag disabled, window buttons hidden, title bar hidden
[2026.08.26-18.28.03:575][  0]LogSlate: Updating window title bar state: overlay mode, drag disabled, window buttons hidden, title bar hidden
[2026.08.26-18.28.03:581][  0]LogSlate: Updating window title bar state: overlay mode, drag disabled, window buttons hidden, title bar hidden
[2026.08.26-18.28.03:589][  0]LogSlate: Updating window title bar state: overlay mode, drag disabled, window buttons hidden, title bar hidden
[2026.08.26-18.28.03:974][  0]LogSlate: Only BGRA pngs, bmps or icos are supported in by External Image Picker
[2026.08.26-18.28.04:038][  0]LogNativeClassHierarchy: Verbose: Native class hierarchy populated in 0.0092 seconds. Added 3827 classes and 934 folders.
[2026.08.26-18.28.04:041][  0]LogNativeClassHierarchy: Verbose: Native class hierarchy updated for 'WidgetCarousel' in 0.0004 seconds. Added 0 classes and 0 folders.
[2026.08.26-18.28.04:043][  0]LogPakFile: PakFile PrimaryIndexSize=187
[2026.08.26-18.28.04:043][  0]LogPakFile: PakFile PathHashIndexSize=101
[2026.08.26-18.28.04:043][  0]LogPakFile: PakFile FullDirectoryIndexSize=148
[2026.08.26-18.28.04:043][  0]LogShaderLibrary: Display: ShaderCodeLibraryPakFileMountedCallback: PakFile 'C:/Program Files/Epic Games/UE_4.27/FeaturePacks/FP_FirstPerson.upack' (chunk index -1, root 'root:/') mounted
[2026.08.26-18.28.04:043][  0]LogShaderLibrary: Display: ShaderCodeLibraryPakFileMountedCallback: pending pak file info (ChunkID:-1 Root:root:/ File:C:/Program Files/Epic Games/UE_4.27/FeaturePacks/FP_FirstPerson.upack)
[2026.08.26-18.28.04:043][  0]LogPakFile: OnPakFileMounted2Time == 0.000048
[2026.08.26-18.28.04:044][  0]LogPakFile: PakFile PrimaryIndexSize=189
[2026.08.26-18.28.04:044][  0]LogPakFile: PakFile PathHashIndexSize=101
[2026.08.26-18.28.04:044][  0]LogPakFile: PakFile FullDirectoryIndexSize=152
[2026.08.26-18.28.04:044][  0]LogShaderLibrary: Display: ShaderCodeLibraryPakFileMountedCallback: PakFile 'C:/Program Files/Epic Games/UE_4.27/FeaturePacks/FP_FirstPersonBP.upack' (chunk index -1, root 'root:/') mounted
[2026.08.26-18.28.04:044][  0]LogShaderLibrary: Display: ShaderCodeLibraryPakFileMountedCallback: pending pak file info (ChunkID:-1 Root:root:/ File:C:/Program Files/Epic Games/UE_4.27/FeaturePacks/FP_FirstPersonBP.upack)
[2026.08.26-18.28.04:044][  0]LogPakFile: OnPakFileMounted2Time == 0.000033
[2026.08.26-18.28.04:044][  0]LogPakFile: PakFile PrimaryIndexSize=191
[2026.08.26-18.28.04:044][  0]LogPakFile: PakFile PathHashIndexSize=101
[2026.08.26-18.28.04:044][  0]LogPakFile: PakFile FullDirectoryIndexSize=160
[2026.08.26-18.28.04:044][  0]LogShaderLibrary: Display: ShaderCodeLibraryPakFileMountedCallback: PakFile 'C:/Program Files/Epic Games/UE_4.27/FeaturePacks/MobileStarterContent.upack' (chunk index -1, root 'root:/') mounted
[2026.08.26-18.28.04:044][  0]LogShaderLibrary: Display: ShaderCodeLibraryPakFileMountedCallback: pending pak file info (ChunkID:-1 Root:root:/ File:C:/Program Files/Epic Games/UE_4.27/FeaturePacks/MobileStarterContent.upack)
[2026.08.26-18.28.04:044][  0]LogPakFile: OnPakFileMounted2Time == 0.000044
[2026.08.26-18.28.04:045][  0]LogPakFile: PakFile PrimaryIndexSize=185
[2026.08.26-18.28.04:045][  0]LogPakFile: PakFile PathHashIndexSize=101
[2026.08.26-18.28.04:045][  0]LogPakFile: PakFile FullDirectoryIndexSize=148
[2026.08.26-18.28.04:045][  0]LogShaderLibrary: Display: ShaderCodeLibraryPakFileMountedCallback: PakFile 'C:/Program Files/Epic Games/UE_4.27/FeaturePacks/StarterContent.upack' (chunk index -1, root 'root:/') mounted
[2026.08.26-18.28.04:045][  0]LogShaderLibrary: Display: ShaderCodeLibraryPakFileMountedCallback: pending pak file info (ChunkID:-1 Root:root:/ File:C:/Program Files/Epic Games/UE_4.27/FeaturePacks/StarterContent.upack)
[2026.08.26-18.28.04:045][  0]LogPakFile: OnPakFileMounted2Time == 0.000039
[2026.08.26-18.28.04:045][  0]LogPakFile: PakFile PrimaryIndexSize=190
[2026.08.26-18.28.04:046][  0]LogPakFile: PakFile PathHashIndexSize=101
[2026.08.26-18.28.04:046][  0]LogPakFile: PakFile FullDirectoryIndexSize=154
[2026.08.26-18.28.04:046][  0]LogShaderLibrary: Display: ShaderCodeLibraryPakFileMountedCallback: PakFile 'C:/Program Files/Epic Games/UE_4.27/FeaturePacks/TP_2DSideScroller.upack' (chunk index -1, root 'root:/') mounted
[2026.08.26-18.28.04:046][  0]LogShaderLibrary: Display: ShaderCodeLibraryPakFileMountedCallback: pending pak file info (ChunkID:-1 Root:root:/ File:C:/Program Files/Epic Games/UE_4.27/FeaturePacks/TP_2DSideScroller.upack)
[2026.08.26-18.28.04:046][  0]LogPakFile: OnPakFileMounted2Time == 0.000038
[2026.08.26-18.28.04:046][  0]LogPakFile: PakFile PrimaryIndexSize=192
[2026.08.26-18.28.04:046][  0]LogPakFile: PakFile PathHashIndexSize=101
[2026.08.26-18.28.04:046][  0]LogPakFile: PakFile FullDirectoryIndexSize=158
[2026.08.26-18.28.04:046][  0]LogShaderLibrary: Display: ShaderCodeLibraryPakFileMountedCallback: PakFile 'C:/Program Files/Epic Games/UE_4.27/FeaturePacks/TP_2DSideScrollerBP.upack' (chunk index -1, root 'root:/') mounted
[2026.08.26-18.28.04:046][  0]LogShaderLibrary: Display: ShaderCodeLibraryPakFileMountedCallback: pending pak file info (ChunkID:-1 Root:root:/ File:C:/Program Files/Epic Games/UE_4.27/FeaturePacks/TP_2DSideScrollerBP.upack)
[2026.08.26-18.28.04:046][  0]LogPakFile: OnPakFileMounted2Time == 0.000042
[2026.08.26-18.28.04:047][  0]LogPakFile: PakFile PrimaryIndexSize=182
[2026.08.26-18.28.04:047][  0]LogPakFile: PakFile PathHashIndexSize=101
[2026.08.26-18.28.04:047][  0]LogPakFile: PakFile FullDirectoryIndexSize=138
[2026.08.26-18.28.04:047][  0]LogShaderLibrary: Display: ShaderCodeLibraryPakFileMountedCallback: PakFile 'C:/Program Files/Epic Games/UE_4.27/FeaturePacks/TP_Flying.upack' (chunk index -1, root 'root:/') mounted
[2026.08.26-18.28.04:047][  0]LogShaderLibrary: Display: ShaderCodeLibraryPakFileMountedCallback: pending pak file info (ChunkID:-1 Root:root:/ File:C:/Program Files/Epic Games/UE_4.27/FeaturePacks/TP_Flying.upack)
[2026.08.26-18.28.04:047][  0]LogPakFile: OnPakFileMounted2Time == 0.000041
[2026.08.26-18.28.04:047][  0]LogPakFile: PakFile PrimaryIndexSize=184
[2026.08.26-18.28.04:047][  0]LogPakFile: PakFile PathHashIndexSize=101
[2026.08.26-18.28.04:047][  0]LogPakFile: PakFile FullDirectoryIndexSize=142
[2026.08.26-18.28.04:047][  0]LogShaderLibrary: Display: ShaderCodeLibraryPakFileMountedCallback: PakFile 'C:/Program Files/Epic Games/UE_4.27/FeaturePacks/TP_FlyingBP.upack' (chunk index -1, root 'root:/') mounted
[2026.08.26-18.28.04:047][  0]LogShaderLibrary: Display: ShaderCodeLibraryPakFileMountedCallback: pending pak file info (ChunkID:-1 Root:root:/ File:C:/Program Files/Epic Games/UE_4.27/FeaturePacks/TP_FlyingBP.upack)
[2026.08.26-18.28.04:047][  0]LogPakFile: OnPakFileMounted2Time == 0.000036
[2026.08.26-18.28.04:048][  0]LogPakFile: PakFile PrimaryIndexSize=188
[2026.08.26-18.28.04:048][  0]LogPakFile: PakFile PathHashIndexSize=101
[2026.08.26-18.28.04:048][  0]LogPakFile: PakFile FullDirectoryIndexSize=150
[2026.08.26-18.28.04:048][  0]LogShaderLibrary: Display: ShaderCodeLibraryPakFileMountedCallback: PakFile 'C:/Program Files/Epic Games/UE_4.27/FeaturePacks/TP_HandheldARBP.upack' (chunk index -1, root 'root:/') mounted
[2026.08.26-18.28.04:048][  0]LogShaderLibrary: Display: ShaderCodeLibraryPakFileMountedCallback: pending pak file info (ChunkID:-1 Root:root:/ File:C:/Program Files/Epic Games/UE_4.27/FeaturePacks/TP_HandheldARBP.upack)
[2026.08.26-18.28.04:048][  0]LogPakFile: OnPakFileMounted2Time == 0.000039
[2026.08.26-18.28.04:049][  0]LogPakFile: PakFile PrimaryIndexSize=182
[2026.08.26-18.28.04:049][  0]LogPakFile: PakFile PathHashIndexSize=101
[2026.08.26-18.28.04:049][  0]LogPakFile: PakFile FullDirectoryIndexSize=138
[2026.08.26-18.28.04:049][  0]LogShaderLibrary: Display: ShaderCodeLibraryPakFileMountedCallback: PakFile 'C:/Program Files/Epic Games/UE_4.27/FeaturePacks/TP_Puzzle.upack' (chunk index -1, root 'root:/') mounted
[2026.08.26-18.28.04:049][  0]LogShaderLibrary: Display: ShaderCodeLibraryPakFileMountedCallback: pending pak file info (ChunkID:-1 Root:root:/ File:C:/Program Files/Epic Games/UE_4.27/FeaturePacks/TP_Puzzle.upack)
[2026.08.26-18.28.04:049][  0]LogPakFile: OnPakFileMounted2Time == 0.000038
[2026.08.26-18.28.04:049][  0]LogPakFile: PakFile PrimaryIndexSize=184
[2026.08.26-18.28.04:049][  0]LogPakFile: PakFile PathHashIndexSize=101
[2026.08.26-18.28.04:049][  0]LogPakFile: PakFile FullDirectoryIndexSize=142
[2026.08.26-18.28.04:049][  0]LogShaderLibrary: Display: ShaderCodeLibraryPakFileMountedCallback: PakFile 'C:/Program Files/Epic Games/UE_4.27/FeaturePacks/TP_PuzzleBP.upack' (chunk index -1, root 'root:/') mounted
[2026.08.26-18.28.04:049][  0]LogShaderLibrary: Display: ShaderCodeLibraryPakFileMountedCallback: pending pak file info (ChunkID:-1 Root:root:/ File:C:/Program Files/Epic Games/UE_4.27/FeaturePacks/TP_PuzzleBP.upack)
[2026.08.26-18.28.04:049][  0]LogPakFile: OnPakFileMounted2Time == 0.000041
[2026.08.26-18.28.04:050][  0]LogPakFile: PakFile PrimaryIndexSize=183
[2026.08.26-18.28.04:050][  0]LogPakFile: PakFile PathHashIndexSize=101
[2026.08.26-18.28.04:050][  0]LogPakFile: PakFile FullDirectoryIndexSize=140
[2026.08.26-18.28.04:050][  0]LogShaderLibrary: Display: ShaderCodeLibraryPakFileMountedCallback: PakFile 'C:/Program Files/Epic Games/UE_4.27/FeaturePacks/TP_Rolling.upack' (chunk index -1, root 'root:/') mounted
[2026.08.26-18.28.04:050][  0]LogShaderLibrary: Display: ShaderCodeLibraryPakFileMountedCallback: pending pak file info (ChunkID:-1 Root:root:/ File:C:/Program Files/Epic Games/UE_4.27/FeaturePacks/TP_Rolling.upack)
[2026.08.26-18.28.04:050][  0]LogPakFile: OnPakFileMounted2Time == 0.000036
[2026.08.26-18.28.04:050][  0]LogPakFile: PakFile PrimaryIndexSize=185
[2026.08.26-18.28.04:050][  0]LogPakFile: PakFile PathHashIndexSize=101
[2026.08.26-18.28.04:050][  0]LogPakFile: PakFile FullDirectoryIndexSize=144
[2026.08.26-18.28.04:050][  0]LogShaderLibrary: Display: ShaderCodeLibraryPakFileMountedCallback: PakFile 'C:/Program Files/Epic Games/UE_4.27/FeaturePacks/TP_RollingBP.upack' (chunk index -1, root 'root:/') mounted
[2026.08.26-18.28.04:050][  0]LogShaderLibrary: Display: ShaderCodeLibraryPakFileMountedCallback: pending pak file info (ChunkID:-1 Root:root:/ File:C:/Program Files/Epic Games/UE_4.27/FeaturePacks/TP_RollingBP.upack)
[2026.08.26-18.28.04:051][  0]LogPakFile: OnPakFileMounted2Time == 0.000037
[2026.08.26-18.28.04:051][  0]LogPakFile: PakFile PrimaryIndexSize=188
[2026.08.26-18.28.04:051][  0]LogPakFile: PakFile PathHashIndexSize=101
[2026.08.26-18.28.04:051][  0]LogPakFile: PakFile FullDirectoryIndexSize=150
[2026.08.26-18.28.04:051][  0]LogShaderLibrary: Display: ShaderCodeLibraryPakFileMountedCallback: PakFile 'C:/Program Files/Epic Games/UE_4.27/FeaturePacks/TP_SideScroller.upack' (chunk index -1, root 'root:/') mounted
[2026.08.26-18.28.04:051][  0]LogShaderLibrary: Display: ShaderCodeLibraryPakFileMountedCallback: pending pak file info (ChunkID:-1 Root:root:/ File:C:/Program Files/Epic Games/UE_4.27/FeaturePacks/TP_SideScroller.upack)
[2026.08.26-18.28.04:051][  0]LogPakFile: OnPakFileMounted2Time == 0.000043
[2026.08.26-18.28.04:052][  0]LogPakFile: PakFile PrimaryIndexSize=190
[2026.08.26-18.28.04:052][  0]LogPakFile: PakFile PathHashIndexSize=101
[2026.08.26-18.28.04:052][  0]LogPakFile: PakFile FullDirectoryIndexSize=154
[2026.08.26-18.28.04:052][  0]LogShaderLibrary: Display: ShaderCodeLibraryPakFileMountedCallback: PakFile 'C:/Program Files/Epic Games/UE_4.27/FeaturePacks/TP_SideScrollerBP.upack' (chunk index -1, root 'root:/') mounted
[2026.08.26-18.28.04:052][  0]LogShaderLibrary: Display: ShaderCodeLibraryPakFileMountedCallback: pending pak file info (ChunkID:-1 Root:root:/ File:C:/Program Files/Epic Games/UE_4.27/FeaturePacks/TP_SideScrollerBP.upack)
[2026.08.26-18.28.04:052][  0]LogPakFile: OnPakFileMounted2Time == 0.000039
[2026.08.26-18.28.04:052][  0]LogPakFile: PakFile PrimaryIndexSize=187
[2026.08.26-18.28.04:052][  0]LogPakFile: PakFile PathHashIndexSize=101
[2026.08.26-18.28.04:052][  0]LogPakFile: PakFile FullDirectoryIndexSize=148
[2026.08.26-18.28.04:052][  0]LogShaderLibrary: Display: ShaderCodeLibraryPakFileMountedCallback: PakFile 'C:/Program Files/Epic Games/UE_4.27/FeaturePacks/TP_ThirdPerson.upack' (chunk index -1, root 'root:/') mounted
[2026.08.26-18.28.04:052][  0]LogShaderLibrary: Display: ShaderCodeLibraryPakFileMountedCallback: pending pak file info (ChunkID:-1 Root:root:/ File:C:/Program Files/Epic Games/UE_4.27/FeaturePacks/TP_ThirdPerson.upack)
[2026.08.26-18.28.04:052][  0]LogPakFile: OnPakFileMounted2Time == 0.000035
[2026.08.26-18.28.04:053][  0]LogPakFile: PakFile PrimaryIndexSize=189
[2026.08.26-18.28.04:053][  0]LogPakFile: PakFile PathHashIndexSize=101
[2026.08.26-18.28.04:053][  0]LogPakFile: PakFile FullDirectoryIndexSize=152
[2026.08.26-18.28.04:053][  0]LogShaderLibrary: Display: ShaderCodeLibraryPakFileMountedCallback: PakFile 'C:/Program Files/Epic Games/UE_4.27/FeaturePacks/TP_ThirdPersonBP.upack' (chunk index -1, root 'root:/') mounted
[2026.08.26-18.28.04:053][  0]LogShaderLibrary: Display: ShaderCodeLibraryPakFileMountedCallback: pending pak file info (ChunkID:-1 Root:root:/ File:C:/Program Files/Epic Games/UE_4.27/FeaturePacks/TP_ThirdPersonBP.upack)
[2026.08.26-18.28.04:053][  0]LogPakFile: OnPakFileMounted2Time == 0.000036
[2026.08.26-18.28.04:053][  0]LogPakFile: PakFile PrimaryIndexSize=183
[2026.08.26-18.28.04:053][  0]LogPakFile: PakFile PathHashIndexSize=101
[2026.08.26-18.28.04:053][  0]LogPakFile: PakFile FullDirectoryIndexSize=140
[2026.08.26-18.28.04:053][  0]LogShaderLibrary: Display: ShaderCodeLibraryPakFileMountedCallback: PakFile 'C:/Program Files/Epic Games/UE_4.27/FeaturePacks/TP_TopDown.upack' (chunk index -1, root 'root:/') mounted
[2026.08.26-18.28.04:053][  0]LogShaderLibrary: Display: ShaderCodeLibraryPakFileMountedCallback: pending pak file info (ChunkID:-1 Root:root:/ File:C:/Program Files/Epic Games/UE_4.27/FeaturePacks/TP_TopDown.upack)
[2026.08.26-18.28.04:053][  0]LogPakFile: OnPakFileMounted2Time == 0.000056
[2026.08.26-18.28.04:054][  0]LogPakFile: PakFile PrimaryIndexSize=185
[2026.08.26-18.28.04:054][  0]LogPakFile: PakFile PathHashIndexSize=101
[2026.08.26-18.28.04:054][  0]LogPakFile: PakFile FullDirectoryIndexSize=144
[2026.08.26-18.28.04:054][  0]LogShaderLibrary: Display: ShaderCodeLibraryPakFileMountedCallback: PakFile 'C:/Program Files/Epic Games/UE_4.27/FeaturePacks/TP_TopDownBP.upack' (chunk index -1, root 'root:/') mounted
[2026.08.26-18.28.04:054][  0]LogShaderLibrary: Display: ShaderCodeLibraryPakFileMountedCallback: pending pak file info (ChunkID:-1 Root:root:/ File:C:/Program Files/Epic Games/UE_4.27/FeaturePacks/TP_TopDownBP.upack)
[2026.08.26-18.28.04:054][  0]LogPakFile: OnPakFileMounted2Time == 0.000037
[2026.08.26-18.28.04:054][  0]LogPakFile: PakFile PrimaryIndexSize=185
[2026.08.26-18.28.04:054][  0]LogPakFile: PakFile PathHashIndexSize=101
[2026.08.26-18.28.04:054][  0]LogPakFile: PakFile FullDirectoryIndexSize=144
[2026.08.26-18.28.04:054][  0]LogShaderLibrary: Display: ShaderCodeLibraryPakFileMountedCallback: PakFile 'C:/Program Files/Epic Games/UE_4.27/FeaturePacks/TP_TwinStick.upack' (chunk index -1, root 'root:/') mounted
[2026.08.26-18.28.04:054][  0]LogShaderLibrary: Display: ShaderCodeLibraryPakFileMountedCallback: pending pak file info (ChunkID:-1 Root:root:/ File:C:/Program Files/Epic Games/UE_4.27/FeaturePacks/TP_TwinStick.upack)
[2026.08.26-18.28.04:054][  0]LogPakFile: OnPakFileMounted2Time == 0.000037
[2026.08.26-18.28.04:055][  0]LogPakFile: PakFile PrimaryIndexSize=187
[2026.08.26-18.28.04:055][  0]LogPakFile: PakFile PathHashIndexSize=101
[2026.08.26-18.28.04:055][  0]LogPakFile: PakFile FullDirectoryIndexSize=148
[2026.08.26-18.28.04:055][  0]LogShaderLibrary: Display: ShaderCodeLibraryPakFileMountedCallback: PakFile 'C:/Program Files/Epic Games/UE_4.27/FeaturePacks/TP_TwinStickBP.upack' (chunk index -1, root 'root:/') mounted
[2026.08.26-18.28.04:055][  0]LogShaderLibrary: Display: ShaderCodeLibraryPakFileMountedCallback: pending pak file info (ChunkID:-1 Root:root:/ File:C:/Program Files/Epic Games/UE_4.27/FeaturePacks/TP_TwinStickBP.upack)
[2026.08.26-18.28.04:055][  0]LogPakFile: OnPakFileMounted2Time == 0.000036
[2026.08.26-18.28.04:055][  0]LogPakFile: PakFile PrimaryIndexSize=183
[2026.08.26-18.28.04:055][  0]LogPakFile: PakFile PathHashIndexSize=101
[2026.08.26-18.28.04:055][  0]LogPakFile: PakFile FullDirectoryIndexSize=140
[2026.08.26-18.28.04:055][  0]LogShaderLibrary: Display: ShaderCodeLibraryPakFileMountedCallback: PakFile 'C:/Program Files/Epic Games/UE_4.27/FeaturePacks/TP_Vehicle.upack' (chunk index -1, root 'root:/') mounted
[2026.08.26-18.28.04:055][  0]LogShaderLibrary: Display: ShaderCodeLibraryPakFileMountedCallback: pending pak file info (ChunkID:-1 Root:root:/ File:C:/Program Files/Epic Games/UE_4.27/FeaturePacks/TP_Vehicle.upack)
[2026.08.26-18.28.04:055][  0]LogPakFile: OnPakFileMounted2Time == 0.000038
[2026.08.26-18.28.04:056][  0]LogPakFile: PakFile PrimaryIndexSize=186
[2026.08.26-18.28.04:056][  0]LogPakFile: PakFile PathHashIndexSize=101
[2026.08.26-18.28.04:056][  0]LogPakFile: PakFile FullDirectoryIndexSize=146
[2026.08.26-18.28.04:056][  0]LogShaderLibrary: Display: ShaderCodeLibraryPakFileMountedCallback: PakFile 'C:/Program Files/Epic Games/UE_4.27/FeaturePacks/TP_VehicleAdv.upack' (chunk index -1, root 'root:/') mounted
[2026.08.26-18.28.04:056][  0]LogShaderLibrary: Display: ShaderCodeLibraryPakFileMountedCallback: pending pak file info (ChunkID:-1 Root:root:/ File:C:/Program Files/Epic Games/UE_4.27/FeaturePacks/TP_VehicleAdv.upack)
[2026.08.26-18.28.04:056][  0]LogPakFile: OnPakFileMounted2Time == 0.000038
[2026.08.26-18.28.04:056][  0]LogPakFile: PakFile PrimaryIndexSize=188
[2026.08.26-18.28.04:057][  0]LogPakFile: PakFile PathHashIndexSize=101
[2026.08.26-18.28.04:057][  0]LogPakFile: PakFile FullDirectoryIndexSize=150
[2026.08.26-18.28.04:057][  0]LogShaderLibrary: Display: ShaderCodeLibraryPakFileMountedCallback: PakFile 'C:/Program Files/Epic Games/UE_4.27/FeaturePacks/TP_VehicleAdvBP.upack' (chunk index -1, root 'root:/') mounted
[2026.08.26-18.28.04:057][  0]LogShaderLibrary: Display: ShaderCodeLibraryPakFileMountedCallback: pending pak file info (ChunkID:-1 Root:root:/ File:C:/Program Files/Epic Games/UE_4.27/FeaturePacks/TP_VehicleAdvBP.upack)
[2026.08.26-18.28.04:057][  0]LogPakFile: OnPakFileMounted2Time == 0.000052
[2026.08.26-18.28.04:057][  0]LogPakFile: PakFile PrimaryIndexSize=185
[2026.08.26-18.28.04:057][  0]LogPakFile: PakFile PathHashIndexSize=101
[2026.08.26-18.28.04:057][  0]LogPakFile: PakFile FullDirectoryIndexSize=144
[2026.08.26-18.28.04:057][  0]LogShaderLibrary: Display: ShaderCodeLibraryPakFileMountedCallback: PakFile 'C:/Program Files/Epic Games/UE_4.27/FeaturePacks/TP_VehicleBP.upack' (chunk index -1, root 'root:/') mounted
[2026.08.26-18.28.04:057][  0]LogShaderLibrary: Display: ShaderCodeLibraryPakFileMountedCallback: pending pak file info (ChunkID:-1 Root:root:/ File:C:/Program Files/Epic Games/UE_4.27/FeaturePacks/TP_VehicleBP.upack)
[2026.08.26-18.28.04:057][  0]LogPakFile: OnPakFileMounted2Time == 0.000051
[2026.08.26-18.28.04:058][  0]LogPakFile: PakFile PrimaryIndexSize=192
[2026.08.26-18.28.04:058][  0]LogPakFile: PakFile PathHashIndexSize=101
[2026.08.26-18.28.04:058][  0]LogPakFile: PakFile FullDirectoryIndexSize=158
[2026.08.26-18.28.04:058][  0]LogShaderLibrary: Display: ShaderCodeLibraryPakFileMountedCallback: PakFile 'C:/Program Files/Epic Games/UE_4.27/FeaturePacks/TP_VirtualRealityBP.upack' (chunk index -1, root 'root:/') mounted
[2026.08.26-18.28.04:058][  0]LogShaderLibrary: Display: ShaderCodeLibraryPakFileMountedCallback: pending pak file info (ChunkID:-1 Root:root:/ File:C:/Program Files/Epic Games/UE_4.27/FeaturePacks/TP_VirtualRealityBP.upack)
[2026.08.26-18.28.04:058][  0]LogPakFile: OnPakFileMounted2Time == 0.000051
[2026.08.26-18.28.04:116][  0]LogNativeClassHierarchy: Verbose: Native class hierarchy updated for 'AddContentDialog' in 0.0003 seconds. Added 0 classes and 0 folders.
[2026.08.26-18.28.04:148][  0]LogSlate: Took 0.000220 seconds to synchronously load lazily loaded font '../../../Engine/Content/Slate/Fonts/Roboto-Regular.ttf' (155K)
[2026.08.26-18.28.04:149][  0]LogSlate: Took 0.000133 seconds to synchronously load lazily loaded font '../../../Engine/Content/Editor/Slate/Fonts/FontAwesome.ttf' (139K)
[2026.08.26-18.28.04:150][  0]LogSlate: Took 0.000135 seconds to synchronously load lazily loaded font '../../../Engine/Content/Slate/Fonts/Roboto-Bold.ttf' (160K)
[2026.08.26-18.28.04:201][  0]LogRenderer: Reallocating scene render targets to support 1180x840 Format 10 NumSamples 1 (Frame:1).
[2026.08.26-18.28.04:280][  0]LogNativeClassHierarchy: Verbose: Native class hierarchy updated for 'HierarchicalLODOutliner' in 0.0003 seconds. Added 0 classes and 0 folders.
[2026.08.26-18.28.04:280][  0]LogLoad: (Engine Initialization) Total time: 7.02 seconds
[2026.08.26-18.28.04:280][  0]LogLoad: (Engine Initialization) Total Blueprint compile time: 0.00 seconds
[2026.08.26-18.28.04:333][  0]LogAssetRegistry: Asset discovery search completed in 4.7288 seconds
[2026.08.26-18.28.04:338][  0]LogCollectionManager: Fixed up redirectors for 0 collections in 0.000004 seconds (updated 0 objects)
[2026.08.26-18.28.04:340][  0]LogContentStreaming: Texture pool size now 1000 MB
[2026.08.26-18.28.05:637][  4]LogSlate: Took 0.000331 seconds to synchronously load lazily loaded font '../../../Engine/Content/Slate/Fonts/Roboto-Light.ttf' (167K)
[2026.08.26-18.28.12:021][100]LogAssetEditorSubsystem: Opening Asset editor for Blueprint /Game/Brackeys2026/Levels/BrackeysGameMode.BrackeysGameMode
[2026.08.26-18.28.12:158][100]LogNativeClassHierarchy: Verbose: Native class hierarchy updated for 'BlueprintGraph' in 0.0005 seconds. Added 126 classes and 0 folders.
[2026.08.26-18.28.12:687][100]LogAssetEditorSubsystem: Opening Asset editor for Blueprint /Game/Brackeys2026/Characters/Player/BP_Player.BP_Player
[2026.08.26-18.28.12:937][100]LogAssetEditorSubsystem: Opening Asset editor for WidgetBlueprint /Game/Brackeys2026/UI/BP_UIPlayer.BP_UIPlayer
[2026.08.26-18.28.13:203][100]LogAssetEditorSubsystem: Opening Asset editor for Blueprint /Game/Brackeys2026/Characters/Opponent/BP_Opponent.BP_Opponent
[2026.08.26-18.28.13:456][100]LogAssetEditorSubsystem: Opening Asset editor for Blueprint /Game/Brackeys2026/Objects/Revolver/BP_Revolver.BP_Revolver
[2026.08.26-18.28.13:737][100]LogAssetEditorSubsystem: Opening Asset editor for WidgetBlueprint /Game/Brackeys2026/UI/BP_UIHint.BP_UIHint
[2026.08.26-18.28.14:003][100]LogAssetEditorSubsystem: Opening Asset editor for Blueprint /Game/Brackeys2026/Objects/Phone/BP_Phone.BP_Phone
[2026.08.26-18.28.14:271][100]LogAssetEditorSubsystem: Opening Asset editor for WidgetBlueprint /Game/Brackeys2026/UI/BP_UIOpponent.BP_UIOpponent
[2026.08.26-18.28.14:536][100]LogAssetEditorSubsystem: Opening Asset editor for SoundCue /Game/Brackeys2026/SoundEffects/BP_CueRevolver.BP_CueRevolver
[2026.08.26-18.28.14:805][100]LogSlate: Took 0.000223 seconds to synchronously load lazily loaded font '../../../Engine/Content/Slate/Fonts/Roboto-BoldCondensed.ttf' (158K)
[2026.08.26-18.28.14:858][101]LogSlate: Took 0.000370 seconds to synchronously load lazily loaded font '../../../Engine/Content/Slate/Fonts/Roboto-Italic.ttf' (157K)
[2026.08.26-18.28.20:982][688]LogSlate: Took 0.000125 seconds to synchronously load lazily loaded font '../../../Engine/Content/Slate/Fonts/Roboto-Light.ttf' (167K)
[2026.08.26-18.28.24:638][883]LogFactory: FactoryCreateFile: SoundWave with ReimportSoundFactory (0 0 ../../../../../../Users/Alex T/Downloads/Dry fire self.wav)
[2026.08.26-18.28.25:788][ 12]LogAudioDerivedData: Display: Building compressed audio format OGG hash OGG10000-1-1-1-1-1 wave Dry_fire_self...
[2026.08.26-18.28.25:788][ 12]LogAudioDerivedData: Display: Compression Quality for SoundWave /Game/Brackeys2026/SoundEffects/Dry_fire_self.Dry_fire_self will be modified from 40 to 40.
[2026.08.26-18.28.25:793][ 12]LogAudioDerivedData: Display: Updated SoundWave->RawPCMDataSize from 0 to 33076 while cooking SoundWave /Game/Brackeys2026/SoundEffects/Dry_fire_self.Dry_fire_self.
[2026.08.26-18.30.05:777][889]LogSavePackage: Moving 'E:/_Alex's Data/Unreal Engine/Unreal Projects/Brackeys2026/Brackeys-2026/BrackeysJam2026/Saved/BP_CueRevolverA22FC36B4E5E1E051597848035855F7C.tmp' to 'E:/_Alex's Data/Unreal Engine/Unreal Projects/Brackeys2026/Brackeys-2026/BrackeysJam2026/Content/Brackeys2026/SoundEffects/BP_CueRevolver.uasset'
[2026.08.26-18.30.05:793][889]AssetCheck: New page: Asset Save: BP_CueRevolver
[2026.08.26-18.30.05:793][889]LogContentValidation: Display: Validating SoundCue /Game/Brackeys2026/SoundEffects/BP_CueRevolver.BP_CueRevolver
[2026.08.26-18.30.15:680][ 31]LogWorld: UWorld::CleanupWorld for World_4, bSessionEnded=true, bCleanupResources=true
[2026.08.26-18.30.15:680][ 31]LogSlate: InvalidateAllWidgets triggered.  All widgets were invalidated
[2026.08.26-18.30.15:688][ 31]LogWorld: UWorld::CleanupWorld for World_3, bSessionEnded=true, bCleanupResources=true
[2026.08.26-18.30.15:688][ 31]LogSlate: InvalidateAllWidgets triggered.  All widgets were invalidated
[2026.08.26-18.30.16:573][122]LogWorld: UWorld::CleanupWorld for World_8, bSessionEnded=true, bCleanupResources=true
[2026.08.26-18.30.16:573][122]LogSlate: InvalidateAllWidgets triggered.  All widgets were invalidated
[2026.08.26-18.30.16:583][122]LogWorld: UWorld::CleanupWorld for World_7, bSessionEnded=true, bCleanupResources=true
[2026.08.26-18.30.16:583][122]LogSlate: InvalidateAllWidgets triggered.  All widgets were invalidated
[2026.08.26-18.30.17:515][224]LogWorld: UWorld::CleanupWorld for World_11, bSessionEnded=true, bCleanupResources=true
[2026.08.26-18.30.17:515][224]LogSlate: InvalidateAllWidgets triggered.  All widgets were invalidated
[2026.08.26-18.30.17:526][224]LogWorld: UWorld::CleanupWorld for World_10, bSessionEnded=true, bCleanupResources=true
[2026.08.26-18.30.17:526][224]LogSlate: InvalidateAllWidgets triggered.  All widgets were invalidated
[2026.08.26-18.30.24:031][895]LogSlate: Window 'BP_CueRevolver' being destroyed
[2026.08.26-18.30.28:843][141]LogSavePackage: Moving 'E:/_Alex's Data/Unreal Engine/Unreal Projects/Brackeys2026/Brackeys-2026/BrackeysJam2026/Saved/BP_CueRevolverFDC913994A2ED6241E2329987CC261E0.tmp' to 'E:/_Alex's Data/Unreal Engine/Unreal Projects/Brackeys2026/Brackeys-2026/BrackeysJam2026/Content/Brackeys2026/SoundEffects/BP_CueRevolver.uasset'
[2026.08.26-18.30.28:857][141]AssetCheck: New page: Asset Save: BP_CueRevolver
[2026.08.26-18.30.28:857][141]LogContentValidation: Display: Validating SoundCue /Game/Brackeys2026/SoundEffects/BP_CueRevolver.BP_CueRevolver
[2026.08.26-18.30.33:019][625]LogUObjectHash: Compacting FUObjectHashTables data took   2.66ms
[2026.08.26-18.30.34:426][625]LogSlate: Window 'Save Content' being destroyed
[2026.08.26-18.30.34:462][625]LogSavePackage: Moving 'E:/_Alex's Data/Unreal Engine/Unreal Projects/Brackeys2026/Brackeys-2026/BrackeysJam2026/Saved/Dry_fire_self9955CB6242A02F09B0F7C79E97B69557.tmp' to 'E:/_Alex's Data/Unreal Engine/Unreal Projects/Brackeys2026/Brackeys-2026/BrackeysJam2026/Content/Brackeys2026/SoundEffects/Dry_fire_self.uasset'
[2026.08.26-18.30.34:488][625]LogWorld: UWorld::CleanupWorld for World_1, bSessionEnded=true, bCleanupResources=true
[2026.08.26-18.30.34:489][625]LogSlate: InvalidateAllWidgets triggered.  All widgets were invalidated
[2026.08.26-18.30.34:549][625]LogActorComponent: UnregisterComponent: (/Engine/Transient.EditorFloorComp) Not registered. Aborting.
[2026.08.26-18.30.34:550][625]LogWorld: UWorld::CleanupWorld for World_2, bSessionEnded=true, bCleanupResources=true
[2026.08.26-18.30.34:550][625]LogSlate: InvalidateAllWidgets triggered.  All widgets were invalidated
[2026.08.26-18.30.34:610][625]LogActorComponent: UnregisterComponent: (/Engine/Transient.EditorFloorComp) Not registered. Aborting.
[2026.08.26-18.30.34:610][625]LogWorld: UWorld::CleanupWorld for World_5, bSessionEnded=true, bCleanupResources=true
[2026.08.26-18.30.34:610][625]LogSlate: InvalidateAllWidgets triggered.  All widgets were invalidated
[2026.08.26-18.30.34:675][625]LogActorComponent: UnregisterComponent: (/Engine/Transient.EditorFloorComp) Not registered. Aborting.
[2026.08.26-18.30.34:675][625]LogWorld: UWorld::CleanupWorld for World_6, bSessionEnded=true, bCleanupResources=true
[2026.08.26-18.30.34:675][625]LogSlate: InvalidateAllWidgets triggered.  All widgets were invalidated
[2026.08.26-18.30.34:733][625]LogActorComponent: UnregisterComponent: (/Engine/Transient.EditorFloorComp) Not registered. Aborting.
[2026.08.26-18.30.34:733][625]LogWorld: UWorld::CleanupWorld for World_9, bSessionEnded=true, bCleanupResources=true
[2026.08.26-18.30.34:733][625]LogSlate: InvalidateAllWidgets triggered.  All widgets were invalidated
[2026.08.26-18.30.34:793][625]LogSlate: Window 'BrackeysJam2026 - Unreal Editor' being destroyed
[2026.08.26-18.30.34:930][625]AssetCheck: New page: Asset Save: Dry_fire_self
[2026.08.26-18.30.34:930][625]LogContentValidation: Display: Validating SoundWave /Game/Brackeys2026/SoundEffects/Dry_fire_self.Dry_fire_self
[2026.08.26-18.30.34:932][626]Cmd: QUIT_EDITOR
[2026.08.26-18.30.34:932][626]LogCore: Engine exit requested (reason: UUnrealEdEngine::CloseEditor())
[2026.08.26-18.30.34:939][626]LogCore: Engine exit requested (reason: EngineExit() was called; note: exit was already requested)
[2026.08.26-18.30.34:944][626]LogAudio: Display: Beginning Audio Device Manager Shutdown (Module: AudioMixerXAudio2)...
[2026.08.26-18.30.34:944][626]LogAudio: Display: Destroying 1 Remaining Audio Device(s)...
[2026.08.26-18.30.34:944][626]LogAudio: Display: Audio Device unregistered from world 'Brackeys2026Map'.
[2026.08.26-18.30.34:944][626]LogAudioMixer: FMixerPlatformXAudio2::StopAudioStream() called
[2026.08.26-18.30.34:945][626]LogAudioMixer: FMixerPlatformXAudio2::StopAudioStream() called
[2026.08.26-18.30.34:947][626]LogAudio: Display: Audio Device Manager Shutdown
[2026.08.26-18.30.34:951][626]LogExit: Preparing to exit.
[2026.08.26-18.30.35:385][626]LogUObjectHash: Compacting FUObjectHashTables data took   2.61ms
[2026.08.26-18.30.35:521][626]LogWorld: UWorld::CleanupWorld for World_0, bSessionEnded=true, bCleanupResources=true
[2026.08.26-18.30.35:559][626]LogDemo: Cleaned up 0 splitscreen connections with owner deletion
[2026.08.26-18.30.35:569][626]LogWorld: UWorld::CleanupWorld for None, bSessionEnded=true, bCleanupResources=true
[2026.08.26-18.30.35:569][626]LogExit: Editor shut down
[2026.08.26-18.30.35:569][626]LogExit: Transaction tracking system shut down
[2026.08.26-18.30.35:893][626]LogExit: Object subsystem successfully closed.
[2026.08.26-18.30.35:916][626]LogShaderCompilers: Display: === FShaderJobCache stats ===
[2026.08.26-18.30.35:916][626]LogShaderCompilers: Display: Total job queries 0, among them cache hits 0 (0.00%)
[2026.08.26-18.30.35:916][626]LogShaderCompilers: Display: Tracking 0 distinct input hashes that result in 0 distinct outputs (0.00%)
[2026.08.26-18.30.35:916][626]LogShaderCompilers: Display: RAM used: 0.00 MB (0.00 GB) of 1638.40 MB (1.60 GB) budget. Usage: 0.00%
[2026.08.26-18.30.35:916][626]LogShaderCompilers: Display: ================================================
[2026.08.26-18.30.35:928][626]LogShaderCompilers: Display: Shaders left to compile 0
[2026.08.26-18.30.35:949][626]LogModuleManager: Shutting down and abandoning module SequencerWidgets (880)
[2026.08.26-18.30.35:949][626]LogModuleManager: Shutting down and abandoning module BlueprintGraph (878)
[2026.08.26-18.30.35:949][626]LogModuleManager: Shutting down and abandoning module HierarchicalLODOutliner (876)
[2026.08.26-18.30.35:949][626]LogModuleManager: Shutting down and abandoning module AddContentDialog (874)
[2026.08.26-18.30.35:951][626]LogModuleManager: Shutting down and abandoning module WidgetCarousel (873)
[2026.08.26-18.30.35:951][626]LogModuleManager: Shutting down and abandoning module EditorWidgets (870)
[2026.08.26-18.30.35:951][626]LogModuleManager: Shutting down and abandoning module ExternalImagePicker (868)
[2026.08.26-18.30.35:951][626]LogModuleManager: Shutting down and abandoning module SceneOutliner (866)
[2026.08.26-18.30.35:951][626]LogModuleManager: Shutting down and abandoning module StatsViewer (862)
[2026.08.26-18.30.35:951][626]LogModuleManager: Shutting down and abandoning module PIEPreviewDeviceProfileSelector (860)
[2026.08.26-18.30.35:951][626]LogModuleManager: Shutting down and abandoning module SequenceRecorderSections (858)
[2026.08.26-18.30.35:951][626]LogModuleManager: Shutting down and abandoning module AutomationWorker (856)
[2026.08.26-18.30.35:951][626]LogModuleManager: Shutting down and abandoning module SteamVREditor (854)
[2026.08.26-18.30.35:951][626]LogModuleManager: Shutting down and abandoning module OculusMR (852)
[2026.08.26-18.30.35:951][626]LogModuleManager: Shutting down and abandoning module OpenXRInput (850)
[2026.08.26-18.30.35:951][626]LogModuleManager: Shutting down and abandoning module TakeRecorderSources (848)
[2026.08.26-18.30.35:951][626]LogModuleManager: Shutting down and abandoning module TakeRecorder (847)
[2026.08.26-18.30.35:951][626]LogModuleManager: Shutting down and abandoning module TakeTrackRecorders (844)
[2026.08.26-18.30.35:951][626]LogModuleManager: Shutting down and abandoning module TakesCore (842)
[2026.08.26-18.30.35:951][626]LogModuleManager: Shutting down and abandoning module GooglePADEditor (840)
[2026.08.26-18.30.35:951][626]LogModuleManager: Shutting down and abandoning module AudioCaptureEditor (838)
[2026.08.26-18.30.35:951][626]LogModuleManager: Shutting down and abandoning module TemplateSequenceEditor (836)
[2026.08.26-18.30.35:951][626]LogModuleManager: Shutting down and abandoning module LevelSequenceEditor (834)
[2026.08.26-18.30.35:951][626]LogModuleManager: Shutting down and abandoning module MatineeToLevelSequence (832)
[2026.08.26-18.30.35:951][626]LogModuleManager: Shutting down and abandoning module ActorSequenceEditor (830)
[2026.08.26-18.30.35:951][626]LogModuleManager: Shutting down and abandoning module WmfMediaFactory (828)
[2026.08.26-18.30.35:951][626]LogModuleManager: Shutting down and abandoning module WmfMediaEditor (826)
[2026.08.26-18.30.35:951][626]LogModuleManager: Shutting down and abandoning module WebMMediaFactory (824)
[2026.08.26-18.30.35:951][626]LogModuleManager: Shutting down and abandoning module WebMMediaEditor (822)
[2026.08.26-18.30.35:951][626]LogModuleManager: Shutting down and abandoning module WebMMedia (820)
[2026.08.26-18.30.35:951][626]LogModuleManager: Shutting down and abandoning module MediaPlayerEditor (818)
[2026.08.26-18.30.35:951][626]LogModuleManager: Shutting down and abandoning module MediaCompositingEditor (816)
[2026.08.26-18.30.35:951][626]LogModuleManager: Shutting down and abandoning module SequenceRecorder (815)
[2026.08.26-18.30.35:951][626]LogModuleManager: Shutting down and abandoning module OpenExrWrapper (812)
[2026.08.26-18.30.35:951][626]LogModuleManager: Shutting down and abandoning module ImgMediaFactory (810)
[2026.08.26-18.30.35:951][626]LogModuleManager: Shutting down and abandoning module ImgMediaEditor (808)
[2026.08.26-18.30.35:951][626]LogModuleManager: Shutting down and abandoning module AvfMediaFactory (806)
[2026.08.26-18.30.35:952][626]LogModuleManager: Shutting down and abandoning module AvfMediaEditor (804)
[2026.08.26-18.30.35:952][626]LogModuleManager: Shutting down and abandoning module AndroidMediaFactory (802)
[2026.08.26-18.30.35:952][626]LogModuleManager: Shutting down and abandoning module AndroidMediaEditor (800)
[2026.08.26-18.30.35:952][626]LogModuleManager: Shutting down and abandoning module MagicLeapMediaCodecFactory (798)
[2026.08.26-18.30.35:952][626]LogModuleManager: Shutting down and abandoning module MagicLeapMediaFactory (796)
[2026.08.26-18.30.35:952][626]LogModuleManager: Shutting down and abandoning module MagicLeapMediaEditor (794)
[2026.08.26-18.30.35:952][626]LogModuleManager: Shutting down and abandoning module PlanarCut (792)
[2026.08.26-18.30.35:952][626]LogModuleManager: Shutting down and abandoning module TextureAlignMode (790)
[2026.08.26-18.30.35:952][626]LogModuleManager: Shutting down and abandoning module BspMode (788)
[2026.08.26-18.30.35:952][626]LogModuleManager: Shutting down and abandoning module GeometryMode (786)
[2026.08.26-18.30.35:952][626]LogModuleManager: Shutting down and abandoning module CharacterAI (784)
[2026.08.26-18.30.35:952][626]LogModuleManager: Shutting down and abandoning module CameraShakePreviewer (782)
[2026.08.26-18.30.35:952][626]LogModuleManager: Shutting down and abandoning module SmartSnapping (780)
[2026.08.26-18.30.35:952][626]LogModuleManager: Shutting down and abandoning module SessionServices (778)
[2026.08.26-18.30.35:952][626]LogModuleManager: Shutting down and abandoning module MeshPaint (776)
[2026.08.26-18.30.35:952][626]LogModuleManager: Shutting down and abandoning module VirtualTexturingEditor (774)
[2026.08.26-18.30.35:952][626]LogModuleManager: Shutting down and abandoning module FoliageEdit (772)
[2026.08.26-18.30.35:952][626]LogModuleManager: Shutting down and abandoning module LandscapeEditor (770)
[2026.08.26-18.30.35:952][626]LogModuleManager: Shutting down and abandoning module MeshPaintMode (768)
[2026.08.26-18.30.35:952][626]LogModuleManager: Shutting down and abandoning module SceneDepthPickerMode (766)
[2026.08.26-18.30.35:952][626]LogModuleManager: Shutting down and abandoning module ActorPickerMode (764)
[2026.08.26-18.30.35:952][626]LogModuleManager: Shutting down and abandoning module PlacementMode (762)
[2026.08.26-18.30.35:952][626]LogModuleManager: Shutting down and abandoning module ViewportSnapping (760)
[2026.08.26-18.30.35:952][626]LogModuleManager: Shutting down and abandoning module ViewportInteraction (758)
[2026.08.26-18.30.35:952][626]LogModuleManager: Shutting down and abandoning module ClothPainter (756)
[2026.08.26-18.30.35:952][626]LogModuleManager: Shutting down and abandoning module SkeletalMeshEditor (755)
[2026.08.26-18.30.35:952][626]LogModuleManager: Shutting down and abandoning module LogVisualizer (752)
[2026.08.26-18.30.35:952][626]LogModuleManager: Shutting down and abandoning module IntroTutorials (750)
[2026.08.26-18.30.35:952][626]LogModuleManager: Shutting down and abandoning module GameProjectGeneration (749)
[2026.08.26-18.30.35:952][626]LogModuleManager: Shutting down and abandoning module LuminPlatformEditor (746)
[2026.08.26-18.30.35:952][626]LogModuleManager: Shutting down and abandoning module IOSPlatformEditor (744)
[2026.08.26-18.30.35:952][626]LogModuleManager: Shutting down and abandoning module AndroidPlatformEditor (742)
[2026.08.26-18.30.35:952][626]LogModuleManager: Shutting down and abandoning module AndroidDeviceDetection (741)
[2026.08.26-18.30.36:930][626]LogModuleManager: Shutting down and abandoning module WindowsPlatformEditor (738)
[2026.08.26-18.30.36:930][626]LogModuleManager: Shutting down and abandoning module LuminRuntimeSettings (736)
[2026.08.26-18.30.36:930][626]LogModuleManager: Shutting down and abandoning module IOSRuntimeSettings (734)
[2026.08.26-18.30.36:930][626]LogModuleManager: Shutting down and abandoning module AndroidRuntimeSettings (732)
[2026.08.26-18.30.36:930][626]LogModuleManager: Shutting down and abandoning module TraceInsights (730)
[2026.08.26-18.30.36:930][626]MemoryProfiler: Shutdown
[2026.08.26-18.30.36:930][626]NetworkingProfiler: Shutdown
[2026.08.26-18.30.36:930][626]LoadingProfiler: Shutdown
[2026.08.26-18.30.36:930][626]TimingProfiler: Shutdown
[2026.08.26-18.30.36:930][626]LogModuleManager: Shutting down and abandoning module TraceServices (729)
[2026.08.26-18.30.36:931][626]LogModuleManager: Shutting down and abandoning module EditorInteractiveToolsFramework (726)
[2026.08.26-18.30.36:931][626]LogModuleManager: Shutting down and abandoning module TimeManagementEditor (724)
[2026.08.26-18.30.36:931][626]LogModuleManager: Shutting down and abandoning module InputBindingEditor (722)
[2026.08.26-18.30.36:931][626]LogModuleManager: Shutting down and abandoning module MergeActors (720)
[2026.08.26-18.30.36:931][626]LogModuleManager: Shutting down and abandoning module LocalizationDashboard (718)
[2026.08.26-18.30.36:931][626]LogModuleManager: Shutting down and abandoning module LocalizationService (717)
[2026.08.26-18.30.36:931][626]LogModuleManager: Shutting down and abandoning module HardwareTargeting (714)
[2026.08.26-18.30.36:931][626]LogModuleManager: Shutting down and abandoning module DeviceProfileEditor (712)
[2026.08.26-18.30.36:931][626]LogModuleManager: Shutting down and abandoning module UndoHistory (710)
[2026.08.26-18.30.36:931][626]LogModuleManager: Shutting down and abandoning module XmlParser (708)
[2026.08.26-18.30.36:931][626]LogModuleManager: Shutting down and abandoning module Blutility (706)
[2026.08.26-18.30.36:931][626]LogModuleManager: Shutting down and abandoning module ProjectSettingsViewer (704)
[2026.08.26-18.30.36:931][626]LogModuleManager: Shutting down and abandoning module ProjectTargetPlatformEditor (703)
[2026.08.26-18.30.36:931][626]LogModuleManager: Shutting down and abandoning module EditorSettingsViewer (700)
[2026.08.26-18.30.36:931][626]LogModuleManager: Shutting down and abandoning module InternationalizationSettings (699)
[2026.08.26-18.30.36:931][626]LogModuleManager: Shutting down and abandoning module SettingsEditor (696)
[2026.08.26-18.30.36:931][626]LogModuleManager: Shutting down and abandoning module ProjectLauncher (694)
[2026.08.26-18.30.36:931][626]LogModuleManager: Shutting down and abandoning module SessionFrontend (692)
[2026.08.26-18.30.36:931][626]LogModuleManager: Shutting down and abandoning module ProfilerClient (690)
[2026.08.26-18.30.36:931][626]LogModuleManager: Shutting down and abandoning module DeviceManager (688)
[2026.08.26-18.30.36:931][626]LogModuleManager: Shutting down and abandoning module TargetDeviceServices (687)
[2026.08.26-18.30.36:965][626]LogModuleManager: Shutting down and abandoning module AutomationController (684)
[2026.08.26-18.30.36:965][626]LogModuleManager: Shutting down and abandoning module AutomationWindow (682)
[2026.08.26-18.30.36:965][626]LogModuleManager: Shutting down and abandoning module Layers (680)
[2026.08.26-18.30.36:965][626]LogModuleManager: Shutting down and abandoning module ComponentVisualizers (678)
[2026.08.26-18.30.36:965][626]LogModuleManager: Shutting down and abandoning module DetailCustomizations (676)
[2026.08.26-18.30.36:965][626]LogModuleManager: Shutting down and abandoning module PackagesDialog (674)
[2026.08.26-18.30.36:965][626]LogModuleManager: Shutting down and abandoning module AnimationBlueprintEditor (672)
[2026.08.26-18.30.36:965][626]LogModuleManager: Shutting down and abandoning module Persona (670)
[2026.08.26-18.30.36:965][626]LogModuleManager: Shutting down and abandoning module AdvancedPreviewScene (669)
[2026.08.26-18.30.36:965][626]LogModuleManager: Shutting down and abandoning module Kismet (666)
[2026.08.26-18.30.36:973][626]LogModuleManager: Shutting down and abandoning module KismetWidgets (665)
[2026.08.26-18.30.36:973][626]LogModuleManager: Shutting down and abandoning module GraphEditor (662)
[2026.08.26-18.30.36:973][626]LogModuleManager: Shutting down and abandoning module StructViewer (660)
[2026.08.26-18.30.36:973][626]LogModuleManager: Shutting down and abandoning module ClassViewer (658)
[2026.08.26-18.30.36:973][626]LogModuleManager: Shutting down and abandoning module Toolbox (656)
[2026.08.26-18.30.36:973][626]LogModuleManager: Shutting down and abandoning module ModuleUI (654)
[2026.08.26-18.30.36:973][626]LogModuleManager: Shutting down and abandoning module OutputLog (652)
[2026.08.26-18.30.36:973][626]LogModuleManager: Shutting down and abandoning module GammaUI (650)
[2026.08.26-18.30.36:973][626]LogModuleManager: Shutting down and abandoning module Documentation (648)
[2026.08.26-18.30.36:973][626]LogModuleManager: Shutting down and abandoning module LiveCoding (646)
[2026.08.26-18.30.36:973][626]LogModuleManager: Shutting down and abandoning module LevelSequence (644)
[2026.08.26-18.30.36:973][626]LogModuleManager: Shutting down and abandoning module MovieSceneTracks (642)
[2026.08.26-18.30.36:973][626]LogModuleManager: Shutting down and abandoning module MovieScene (640)
[2026.08.26-18.30.36:973][626]LogModuleManager: Shutting down and abandoning module StreamingPauseRendering (638)
[2026.08.26-18.30.36:973][626]LogModuleManager: Shutting down and abandoning module LauncherPlatform (636)
[2026.08.26-18.30.36:973][626]LogModuleManager: Shutting down and abandoning module AnalyticsET (634)
[2026.08.26-18.30.36:973][626]LogModuleManager: Shutting down and abandoning module PortalServices (632)
[2026.08.26-18.30.36:973][626]LogModuleManager: Shutting down and abandoning module PortalRpc (630)
[2026.08.26-18.30.36:973][626]LogModuleManager: Shutting down and abandoning module MessagingRpc (628)
[2026.08.26-18.30.36:973][626]LogModuleManager: Shutting down and abandoning module AudioMixerXAudio2 (626)
[2026.08.26-18.30.36:973][626]LogModuleManager: Shutting down and abandoning module AudioMixerCore (625)
[2026.08.26-18.30.36:973][626]LogModuleManager: Shutting down and abandoning module AIModule (622)
[2026.08.26-18.30.36:973][626]LogModuleManager: Shutting down and abandoning module GameplayDebugger (621)
[2026.08.26-18.30.36:973][626]LogModuleManager: Shutting down and abandoning module AITestSuite (619)
[2026.08.26-18.30.36:973][626]LogModuleManager: Shutting down and abandoning module NavigationSystem (617)
[2026.08.26-18.30.36:973][626]LogModuleManager: Shutting down and abandoning module ImageWriteQueue (614)
[2026.08.26-18.30.36:979][626]LogModuleManager: Shutting down and abandoning module ProfilerService (612)
[2026.08.26-18.30.37:212][626]LogModuleManager: Shutting down and abandoning module TaskGraph (610)
[2026.08.26-18.30.37:212][626]LogModuleManager: Shutting down and abandoning module AudioSynesthesiaEditor (608)
[2026.08.26-18.30.37:212][626]LogModuleManager: Shutting down and abandoning module OculusEditor (606)
[2026.08.26-18.30.37:213][626]LogModuleManager: Shutting down and abandoning module OculusInput (604)
[2026.08.26-18.30.37:213][626]LogModuleManager: Shutting down and abandoning module ContentBrowserFileDataSource (602)
[2026.08.26-18.30.37:213][626]LogModuleManager: Shutting down and abandoning module ContentBrowserAssetDataSource (600)
[2026.08.26-18.30.37:213][626]LogModuleManager: Shutting down and abandoning module ContentBrowserClassDataSource (598)
[2026.08.26-18.30.37:213][626]LogModuleManager: Shutting down and abandoning module CollectionManager (597)
[2026.08.26-18.30.37:213][626]LogModuleManager: Shutting down and abandoning module SynthesisEditor (594)
[2026.08.26-18.30.37:213][626]LogModuleManager: Shutting down and abandoning module Synthesis (592)
[2026.08.26-18.30.37:213][626]LogModuleManager: Shutting down and abandoning module ProceduralMeshComponentEditor (590)
[2026.08.26-18.30.37:213][626]LogModuleManager: Shutting down and abandoning module ProceduralMeshComponent (588)
[2026.08.26-18.30.37:213][626]LogModuleManager: Shutting down and abandoning module OpenXREditor (586)
[2026.08.26-18.30.37:213][626]LogModuleManager: Shutting down and abandoning module MobilePatchingUtils (584)
[2026.08.26-18.30.37:213][626]LogModuleManager: Shutting down and abandoning module TakeSequencer (582)
[2026.08.26-18.30.37:213][626]LogModuleManager: Shutting down and abandoning module TakeMovieScene (580)
[2026.08.26-18.30.37:213][626]LogModuleManager: Shutting down and abandoning module GooglePAD (578)
[2026.08.26-18.30.37:213][626]LogModuleManager: Shutting down and abandoning module EditableMesh (576)
[2026.08.26-18.30.37:213][626]LogModuleManager: Shutting down and abandoning module CustomMeshComponent (574)
[2026.08.26-18.30.37:213][626]LogModuleManager: Shutting down and abandoning module CableComponent (572)
[2026.08.26-18.30.37:213][626]LogModuleManager: Shutting down and abandoning module AssetTags (570)
[2026.08.26-18.30.37:213][626]LogModuleManager: Shutting down and abandoning module AudioCapture (568)
[2026.08.26-18.30.37:213][626]LogModuleManager: Shutting down and abandoning module AudioCaptureRtAudio (567)
[2026.08.26-18.30.37:213][626]LogModuleManager: Shutting down and abandoning module ArchVisCharacter (564)
[2026.08.26-18.30.37:213][626]LogModuleManager: Shutting down and abandoning module AppleImageUtilsBlueprintSupport (562)
[2026.08.26-18.30.37:213][626]LogModuleManager: Shutting down and abandoning module AppleImageUtils (560)
[2026.08.26-18.30.37:213][626]LogModuleManager: Shutting down and abandoning module AndroidPermission (558)
[2026.08.26-18.30.37:213][626]LogModuleManager: Shutting down and abandoning module ActorLayerUtilitiesEditor (556)
[2026.08.26-18.30.37:213][626]LogModuleManager: Shutting down and abandoning module ActorLayerUtilities (554)
[2026.08.26-18.30.37:213][626]LogModuleManager: Shutting down and abandoning module ScreenshotTools (552)
[2026.08.26-18.30.37:213][626]LogModuleManager: Shutting down and abandoning module TemplateSequence (550)
[2026.08.26-18.30.37:213][626]LogModuleManager: Shutting down and abandoning module MediaCompositing (548)
[2026.08.26-18.30.37:213][626]LogModuleManager: Shutting down and abandoning module ImgMedia (546)
[2026.08.26-18.30.37:213][626]LogModuleManager: Shutting down and abandoning module MagicLeapSharedWorld (544)
[2026.08.26-18.30.37:213][626]LogModuleManager: Shutting down and abandoning module MagicLeapLightEstimation (542)
[2026.08.26-18.30.37:213][626]LogModuleManager: Shutting down and abandoning module MagicLeapHelperVulkan (540)
[2026.08.26-18.30.37:213][626]LogModuleManager: Shutting down and abandoning module MagicLeapHelperOpenGL (538)
[2026.08.26-18.30.37:213][626]LogModuleManager: Shutting down and abandoning module MagicLeapAudio (536)
[2026.08.26-18.30.37:213][626]LogModuleManager: Shutting down and abandoning module VariantManagerContentEditor (534)
[2026.08.26-18.30.37:213][626]LogModuleManager: Shutting down and abandoning module DatasmithContentEditor (532)
[2026.08.26-18.30.37:213][626]LogModuleManager: Shutting down and abandoning module OpenImageDenoise (530)
[2026.08.26-18.30.37:213][626]LogOpenImageDenoise: OIDN shutting down
[2026.08.26-18.30.37:214][626]LogModuleManager: Shutting down and abandoning module MotoSynthEditor (528)
[2026.08.26-18.30.37:214][626]LogModuleManager: Shutting down and abandoning module MotoSynth (526)
[2026.08.26-18.30.37:214][626]LogModuleManager: Shutting down and abandoning module MeshConversion (524)
[2026.08.26-18.30.37:214][626]LogModuleManager: Shutting down and abandoning module DynamicMesh (522)
[2026.08.26-18.30.37:214][626]LogModuleManager: Shutting down and abandoning module GeometryAlgorithms (520)
[2026.08.26-18.30.37:214][626]LogModuleManager: Shutting down and abandoning module GeometricObjects (518)
[2026.08.26-18.30.37:214][626]LogModuleManager: Shutting down and abandoning module GeometryCollectionTracks (516)
[2026.08.26-18.30.37:214][626]LogModuleManager: Shutting down and abandoning module GeometryCollectionSequencer (515)
[2026.08.26-18.30.37:214][626]LogModuleManager: Shutting down and abandoning module GeometryCollectionEditor (512)
[2026.08.26-18.30.37:214][626]LogModuleManager: Shutting down and abandoning module SpeedTreeImporter (510)
[2026.08.26-18.30.37:214][626]LogModuleManager: Shutting down and abandoning module GeometryCacheTracks (508)
[2026.08.26-18.30.37:214][626]LogModuleManager: Shutting down and abandoning module GeometryCacheStreamer (506)
[2026.08.26-18.30.37:214][626]LogModuleManager: Shutting down and abandoning module GeometryCacheSequencer (504)
[2026.08.26-18.30.37:214][626]LogModuleManager: Shutting down and abandoning module NiagaraEditorWidgets (502)
[2026.08.26-18.30.37:214][626]LogModuleManager: Shutting down and abandoning module VisualStudioSourceCodeAccess (500)
[2026.08.26-18.30.37:214][626]LogModuleManager: Shutting down and abandoning module PluginBrowser (498)
[2026.08.26-18.30.37:214][626]LogModuleManager: Shutting down and abandoning module MobileLauncherProfileWizard (496)
[2026.08.26-18.30.37:214][626]LogModuleManager: Shutting down and abandoning module MaterialAnalyzer (494)
[2026.08.26-18.30.37:214][626]LogModuleManager: Shutting down and abandoning module UObjectPlugin (492)
[2026.08.26-18.30.37:214][626]LogModuleManager: Shutting down and abandoning module VisualStudioCodeSourceCodeAccess (490)
[2026.08.26-18.30.37:214][626]LogModuleManager: Shutting down and abandoning module SubversionSourceControl (488)
[2026.08.26-18.30.37:214][626]LogModuleManager: Shutting down and abandoning module CurveEditorTools (486)
[2026.08.26-18.30.37:214][626]LogModuleManager: Shutting down and abandoning module CryptoKeysOpenSSL (484)
[2026.08.26-18.30.37:214][626]LogModuleManager: Shutting down and abandoning module CryptoKeys (482)
[2026.08.26-18.30.37:214][626]LogModuleManager: Shutting down and abandoning module RiderSourceCodeAccess (480)
[2026.08.26-18.30.37:214][626]LogModuleManager: Shutting down and abandoning module PluginUtils (478)
[2026.08.26-18.30.37:214][626]LogModuleManager: Shutting down and abandoning module PlasticSourceControl (476)
[2026.08.26-18.30.37:214][626]LogModuleManager: Shutting down and abandoning module PerforceSourceControl (474)
[2026.08.26-18.30.37:214][626]LogModuleManager: Shutting down and abandoning module GitSourceControl (472)
[2026.08.26-18.30.37:214][626]LogModuleManager: Shutting down and abandoning module SourceControl (471)
[2026.08.26-18.30.37:214][626]LogModuleManager: Shutting down and abandoning module CLionSourceCodeAccess (468)
[2026.08.26-18.30.37:214][626]LogModuleManager: Shutting down and abandoning module ChaosSolverEditor (466)
[2026.08.26-18.30.37:214][626]LogModuleManager: Shutting down and abandoning module ChaosNiagara (464)
[2026.08.26-18.30.37:214][626]LogModuleManager: Shutting down and abandoning module FractureEditor (462)
[2026.08.26-18.30.37:214][626]LogModuleManager: Shutting down and abandoning module FieldSystemEngine (461)
[2026.08.26-18.30.37:214][626]LogModuleManager: Shutting down and abandoning module ChaosClothEditor (458)
[2026.08.26-18.30.37:214][626]LogModuleManager: Shutting down and abandoning module OodleNetworkHandlerComponent (456)
[2026.08.26-18.30.37:214][626]LogModuleManager: Shutting down and abandoning module AutomationUtilsEditor (454)
[2026.08.26-18.30.37:214][626]LogModuleManager: Shutting down and abandoning module AutomationUtils (452)
[2026.08.26-18.30.37:214][626]LogModuleManager: Shutting down and abandoning module BackChannel (450)
[2026.08.26-18.30.37:214][626]LogModuleManager: Shutting down and abandoning module AnimationSharingEd (448)
[2026.08.26-18.30.37:214][626]LogModuleManager: Shutting down and abandoning module AlembicImporter (446)
[2026.08.26-18.30.37:214][626]LogModuleManager: Shutting down and abandoning module AlembicLibrary (445)
[2026.08.26-18.30.37:214][626]LogModuleManager: Shutting down and abandoning module GeometryCache (444)
[2026.08.26-18.30.37:214][626]LogModuleManager: Shutting down and abandoning module GeometryCacheEd (443)
[2026.08.26-18.30.37:214][626]LogModuleManager: Shutting down and abandoning module LightPropagationVolumeEditor (438)
[2026.08.26-18.30.37:214][626]LogModuleManager: Shutting down and abandoning module LiveLinkSequencer (436)
[2026.08.26-18.30.37:214][626]LogModuleManager: Shutting down and abandoning module LiveLinkMovieScene (434)
[2026.08.26-18.30.37:214][626]LogModuleManager: Shutting down and abandoning module LiveLinkGraphNode (432)
[2026.08.26-18.30.37:214][626]LogModuleManager: Shutting down and abandoning module LiveLinkEditor (430)
[2026.08.26-18.30.37:214][626]LogModuleManager: Shutting down and abandoning module LiveLinkComponents (428)
[2026.08.26-18.30.37:214][626]LogModuleManager: Shutting down and abandoning module LiveLink (426)
[2026.08.26-18.30.37:524][626]LogModuleManager: Shutting down and abandoning module PaperTiledImporter (424)
[2026.08.26-18.30.37:524][626]LogModuleManager: Shutting down and abandoning module PaperSpriteSheetImporter (422)
[2026.08.26-18.30.37:524][626]LogModuleManager: Shutting down and abandoning module Paper2DEditor (420)
[2026.08.26-18.30.37:524][626]LogModuleManager: Shutting down and abandoning module MeshPaintingToolset (418)
[2026.08.26-18.30.37:524][626]LogModuleManager: Shutting down and abandoning module MeshPaintEditorMode (416)
[2026.08.26-18.30.37:524][626]LogModuleManager: Shutting down and abandoning module BrackeysJam2026 (414)
[2026.08.26-18.30.37:524][626]LogModuleManager: Shutting down and abandoning module AnimGraph (413)
[2026.08.26-18.30.37:524][626]LogModuleManager: Shutting down and abandoning module SoundFields (410)
[2026.08.26-18.30.37:524][626]LogModuleManager: Shutting down and abandoning module SignificanceManager (408)
[2026.08.26-18.30.37:524][626]LogModuleManager: Shutting down and abandoning module RuntimePhysXCooking (406)
[2026.08.26-18.30.37:524][626]LogModuleManager: Shutting down and abandoning module PropertyAccessEditor (404)
[2026.08.26-18.30.37:524][626]LogModuleManager: Shutting down and abandoning module PhysXVehiclesEditor (402)
[2026.08.26-18.30.37:524][626]LogModuleManager: Shutting down and abandoning module LocationServicesBPLibrary (398)
[2026.08.26-18.30.37:524][626]LogModuleManager: Shutting down and abandoning module AudioSynesthesia (396)
[2026.08.26-18.30.37:524][626]LogModuleManager: Shutting down and abandoning module AudioSynesthesiaCore (394)
[2026.08.26-18.30.37:524][626]LogModuleManager: Shutting down and abandoning module ActorSequence (392)
[2026.08.26-18.30.37:524][626]LogModuleManager: Shutting down and abandoning module TcpMessaging (390)
[2026.08.26-18.30.37:625][626]LogModuleManager: Shutting down and abandoning module UdpMessaging (388)
[2026.08.26-18.30.37:725][626]LogModuleManager: Shutting down and abandoning module ImgMediaEngine (386)
[2026.08.26-18.30.37:725][626]LogModuleManager: Shutting down and abandoning module MagicLeapARPin (384)
[2026.08.26-18.30.37:725][626]LogModuleManager: Shutting down and abandoning module MagicLeapHandMeshing (382)
[2026.08.26-18.30.37:725][626]LogModuleManager: Shutting down and abandoning module MagicLeapSecureStorage (380)
[2026.08.26-18.30.37:725][626]LogModuleManager: Shutting down and abandoning module MagicLeapPrivileges (378)
[2026.08.26-18.30.37:725][626]LogModuleManager: Shutting down and abandoning module MagicLeapPlanes (376)
[2026.08.26-18.30.37:725][626]LogMagicLeapPlanes: Planes tracker already destroyed.
[2026.08.26-18.30.37:725][626]LogModuleManager: Shutting down and abandoning module MagicLeapImageTracker (374)
[2026.08.26-18.30.37:725][626]LogModuleManager: Shutting down and abandoning module MagicLeapIdentity (372)
[2026.08.26-18.30.37:725][626]LogModuleManager: Shutting down and abandoning module MagicLeapHandTracking (370)
[2026.08.26-18.30.37:725][626]LogModuleManager: Shutting down and abandoning module MagicLeapEyeTracker (368)
[2026.08.26-18.30.37:725][626]LogModuleManager: Shutting down and abandoning module MagicLeapController (366)
[2026.08.26-18.30.37:725][626]LogModuleManager: Shutting down and abandoning module MagicLeapARPinImpl (364)
[2026.08.26-18.30.37:725][626]LogModuleManager: Shutting down and abandoning module MagicLeapAR (362)
[2026.08.26-18.30.37:725][626]LogModuleManager: Shutting down and abandoning module PythonScriptPlugin (360)
[2026.08.26-18.30.37:725][626]LogModuleManager: Shutting down and abandoning module NiagaraAnimNotifies (358)
[2026.08.26-18.30.37:725][626]LogModuleManager: Shutting down and abandoning module Niagara (356)
[2026.08.26-18.30.37:725][626]LogModuleManager: Shutting down and abandoning module SignalProcessing (355)
[2026.08.26-18.30.37:725][626]LogModuleManager: Shutting down and abandoning module NiagaraEditor (353)
[2026.08.26-18.30.37:725][626]LogModuleManager: Shutting down and abandoning module NiagaraCore (350)
[2026.08.26-18.30.37:725][626]LogModuleManager: Shutting down and abandoning module FacialAnimationEditor (348)
[2026.08.26-18.30.37:725][626]LogModuleManager: Shutting down and abandoning module FacialAnimation (346)
[2026.08.26-18.30.37:725][626]LogModuleManager: Shutting down and abandoning module GameplayTagsEditor (344)
[2026.08.26-18.30.37:725][626]LogModuleManager: Shutting down and abandoning module DataValidation (342)
[2026.08.26-18.30.37:725][626]LogModuleManager: Shutting down and abandoning module PropertyAccessNode (340)
[2026.08.26-18.30.37:725][626]LogModuleManager: Shutting down and abandoning module AssetManagerEditor (338)
[2026.08.26-18.30.37:725][626]LogModuleManager: Shutting down and abandoning module LevelEditor (337)
[2026.08.26-18.30.37:726][626]LogModuleManager: Shutting down and abandoning module PixelInspectorModule (336)
[2026.08.26-18.30.37:726][626]LogModuleManager: Shutting down and abandoning module CommonMenuExtensions (334)
[2026.08.26-18.30.37:726][626]LogModuleManager: Shutting down and abandoning module MainFrame (332)
[2026.08.26-18.30.37:727][626]LogModuleManager: Shutting down and abandoning module HotReload (331)
[2026.08.26-18.30.37:727][626]LogModuleManager: Shutting down and abandoning module ToolMenus (327)
[2026.08.26-18.30.37:727][626]LogModuleManager: Shutting down and abandoning module ContentBrowser (325)
[2026.08.26-18.30.37:727][626]LogModuleManager: Shutting down and abandoning module ContentBrowserData (324)
[2026.08.26-18.30.37:727][626]LogModuleManager: Shutting down and abandoning module TreeMap (321)
[2026.08.26-18.30.37:727][626]LogModuleManager: Shutting down and abandoning module AnimationSharing (318)
[2026.08.26-18.30.37:727][626]LogModuleManager: Shutting down and abandoning module GameplayCameras (316)
[2026.08.26-18.30.37:727][626]LogModuleManager: Shutting down and abandoning module EnvironmentQueryEditor (314)
[2026.08.26-18.30.37:727][626]LogModuleManager: Shutting down and abandoning module LightPropagationVolumeRuntime (312)
[2026.08.26-18.30.37:727][626]LogModuleManager: Shutting down and abandoning module Paper2D (310)
[2026.08.26-18.30.37:727][626]LogModuleManager: Shutting down and abandoning module WindowsMoviePlayer (308)
[2026.08.26-18.30.37:728][626]LogModuleManager: Shutting down and abandoning module WebMMoviePlayer (306)
[2026.08.26-18.30.37:728][626]LogModuleManager: Shutting down and abandoning module NetworkReplayStreaming (304)
[2026.08.26-18.30.37:728][626]LogModuleManager: Shutting down and abandoning module PacketHandler (302)
[2026.08.26-18.30.37:728][626]LogModuleManager: Shutting down and abandoning module ClothingSystemEditor (300)
[2026.08.26-18.30.37:728][626]LogModuleManager: Shutting down and abandoning module ClothingSystemRuntimeNv (298)
[2026.08.26-18.30.37:728][626]LogModuleManager: Shutting down and abandoning module MediaAssets (296)
[2026.08.26-18.30.37:728][626]LogModuleManager: Shutting down and abandoning module Overlay (294)
[2026.08.26-18.30.37:728][626]LogModuleManager: Shutting down and abandoning module OverlayEditor (293)
[2026.08.26-18.30.37:728][626]LogModuleManager: Shutting down and abandoning module VREditor (290)
[2026.08.26-18.30.37:728][626]LogModuleManager: Shutting down and abandoning module StringTableEditor (288)
[2026.08.26-18.30.37:728][626]LogModuleManager: Shutting down and abandoning module GameplayTasksEditor (286)
[2026.08.26-18.30.37:728][626]LogModuleManager: Shutting down and abandoning module BehaviorTreeEditor (284)
[2026.08.26-18.30.37:728][626]LogModuleManager: Shutting down and abandoning module FunctionalTesting (282)
[2026.08.26-18.30.37:728][626]LogModuleManager: Shutting down and abandoning module CollisionAnalyzer (280)
[2026.08.26-18.30.37:728][626]LogModuleManager: Shutting down and abandoning module WorkspaceMenuStructure (279)
[2026.08.26-18.30.37:728][626]LogModuleManager: Shutting down and abandoning module UMG (276)
[2026.08.26-18.30.37:728][626]LogModuleManager: Shutting down and abandoning module UMGEditor (275)
[2026.08.26-18.30.37:728][626]LogModuleManager: Shutting down and abandoning module MessageLog (273)
[2026.08.26-18.30.37:728][626]LogModuleManager: Shutting down and abandoning module SlateReflector (268)
[2026.08.26-18.30.37:728][626]LogModuleManager: Shutting down and abandoning module Slate (266)
[2026.08.26-18.30.37:728][626]LogModuleManager: Shutting down and abandoning module SlateCore (264)
[2026.08.26-18.30.37:729][626]LogModuleManager: Shutting down and abandoning module LandscapeEditorUtilities (262)
[2026.08.26-18.30.37:729][626]LogModuleManager: Shutting down and abandoning module UnrealEd (260)
[2026.08.26-18.30.37:729][626]LogModuleManager: Shutting down and abandoning module MRMesh (258)
[2026.08.26-18.30.37:729][626]LogModuleManager: Shutting down and abandoning module SourceCodeAccess (256)
[2026.08.26-18.30.37:729][626]LogModuleManager: Shutting down and abandoning module HeadMountedDisplay (254)
[2026.08.26-18.30.37:729][626]LogModuleManager: Shutting down and abandoning module XAudio2 (252)
[2026.08.26-18.30.37:729][626]LogModuleManager: Shutting down and abandoning module Networking (250)
[2026.08.26-18.30.37:729][626]LogModuleManager: Shutting down and abandoning module Core (248)
[2026.08.26-18.30.37:729][626]LogModuleManager: Shutting down and abandoning module MaterialEditor (246)
[2026.08.26-18.30.37:729][626]LogModuleManager: Shutting down and abandoning module MovieSceneTools (244)
[2026.08.26-18.30.37:729][626]LogModuleManager: Shutting down and abandoning module CurveEditor (243)
[2026.08.26-18.30.37:729][626]LogModuleManager: Shutting down and abandoning module Sequencer (241)
[2026.08.26-18.30.37:729][626]LogModuleManager: Shutting down and abandoning module EditorStyle (240)
[2026.08.26-18.30.37:730][626]LogModuleManager: Shutting down and abandoning module KismetCompiler (236)
[2026.08.26-18.30.37:730][626]LogModuleManager: Shutting down and abandoning module MeshBuilder (234)
[2026.08.26-18.30.37:730][626]LogModuleManager: Shutting down and abandoning module MeshUtilities (232)
[2026.08.26-18.30.37:730][626]LogModuleManager: Shutting down and abandoning module MeshMergeUtilities (231)
[2026.08.26-18.30.37:730][626]LogModuleManager: Shutting down and abandoning module MeshReductionInterface (230)
[2026.08.26-18.30.37:730][626]LogModuleManager: Shutting down and abandoning module MeshBoneReduction (229)
[2026.08.26-18.30.37:730][626]LogModuleManager: Shutting down and abandoning module SkeletalMeshReduction (227)
[2026.08.26-18.30.37:730][626]LogModuleManager: Shutting down and abandoning module ProxyLODMeshReduction (225)
[2026.08.26-18.30.37:730][626]LogModuleManager: Shutting down and abandoning module QuadricMeshReduction (223)
[2026.08.26-18.30.37:730][626]LogModuleManager: Shutting down and abandoning module MaterialBaking (219)
[2026.08.26-18.30.37:730][626]LogModuleManager: Shutting down and abandoning module NullInstallBundleManager (214)
[2026.08.26-18.30.37:731][626]LogModuleManager: Shutting down and abandoning module DerivedDataCache (212)
[2026.08.26-18.30.37:731][626]LogModuleManager: Shutting down and abandoning module TargetPlatform (210)
[2026.08.26-18.30.37:731][626]LogModuleManager: Shutting down and abandoning module VulkanShaderFormat (209)
[2026.08.26-18.30.37:731][626]LogModuleManager: Shutting down and abandoning module ShaderFormatVectorVM (207)
[2026.08.26-18.30.37:731][626]LogModuleManager: Shutting down and abandoning module ShaderFormatOpenGL (205)
[2026.08.26-18.30.37:731][626]LogModuleManager: Shutting down and abandoning module ShaderFormatD3D (203)
[2026.08.26-18.30.37:731][626]LogModuleManager: Shutting down and abandoning module MetalShaderFormat (201)
[2026.08.26-18.30.37:731][626]LogModuleManager: Shutting down and abandoning module TextureFormatOodle (199)
[2026.08.26-18.30.37:731][626]LogModuleManager: Shutting down and abandoning module TextureFormatUncompressed (197)
[2026.08.26-18.30.37:731][626]LogModuleManager: Shutting down and abandoning module TextureFormatPVR (195)
[2026.08.26-18.30.37:731][626]LogModuleManager: Shutting down and abandoning module TextureFormatETC2 (193)
[2026.08.26-18.30.37:731][626]LogModuleManager: Shutting down and abandoning module TextureFormatDXT (191)
[2026.08.26-18.30.37:731][626]LogModuleManager: Shutting down and abandoning module TextureFormatIntelISPCTexComp (189)
[2026.08.26-18.30.37:731][626]LogModuleManager: Shutting down and abandoning module TextureFormatASTC (187)
[2026.08.26-18.30.37:731][626]LogModuleManager: Shutting down and abandoning module ImageWrapper (186)
[2026.08.26-18.30.37:731][626]LogModuleManager: Shutting down and abandoning module AudioFormatOpus (183)
[2026.08.26-18.30.37:731][626]LogModuleManager: Shutting down and abandoning module AudioFormatOgg (181)
[2026.08.26-18.30.37:731][626]LogModuleManager: Shutting down and abandoning module AudioFormatADPCM (179)
[2026.08.26-18.30.37:731][626]LogModuleManager: Shutting down and abandoning module WindowsServerTargetPlatform (177)
[2026.08.26-18.30.37:731][626]LogModuleManager: Shutting down and abandoning module WindowsClientTargetPlatform (175)
[2026.08.26-18.30.37:731][626]LogModuleManager: Shutting down and abandoning module WindowsTargetPlatform (173)
[2026.08.26-18.30.37:731][626]LogModuleManager: Shutting down and abandoning module WindowsNoEditorTargetPlatform (171)
[2026.08.26-18.30.37:731][626]LogModuleManager: Shutting down and abandoning module TVOSTargetPlatform (169)
[2026.08.26-18.30.37:732][626]LogModuleManager: Shutting down and abandoning module MacServerTargetPlatform (167)
[2026.08.26-18.30.37:732][626]LogModuleManager: Shutting down and abandoning module MacClientTargetPlatform (165)
[2026.08.26-18.30.37:732][626]LogModuleManager: Shutting down and abandoning module MacTargetPlatform (163)
[2026.08.26-18.30.37:732][626]LogModuleManager: Shutting down and abandoning module MacNoEditorTargetPlatform (161)
[2026.08.26-18.30.37:732][626]LogModuleManager: Shutting down and abandoning module LuminTargetPlatform (159)
[2026.08.26-18.30.37:732][626]LogModuleManager: Shutting down and abandoning module LinuxAArch64ServerTargetPlatform (157)
[2026.08.26-18.30.37:732][626]LogModuleManager: Shutting down and abandoning module LinuxAArch64ClientTargetPlatform (155)
[2026.08.26-18.30.37:732][626]LogModuleManager: Shutting down and abandoning module LinuxAArch64NoEditorTargetPlatform (153)
[2026.08.26-18.30.37:732][626]LogModuleManager: Shutting down and abandoning module LinuxServerTargetPlatform (151)
[2026.08.26-18.30.37:732][626]LogModuleManager: Shutting down and abandoning module LinuxClientTargetPlatform (149)
[2026.08.26-18.30.37:732][626]LogModuleManager: Shutting down and abandoning module LinuxNoEditorTargetPlatform (147)
[2026.08.26-18.30.37:732][626]LogModuleManager: Shutting down and abandoning module LinuxTargetPlatform (145)
[2026.08.26-18.30.37:732][626]LogModuleManager: Shutting down and abandoning module Messaging (143)
[2026.08.26-18.30.37:732][626]LogModuleManager: Shutting down and abandoning module IOSTargetPlatform (141)
[2026.08.26-18.30.37:733][626]LogModuleManager: Shutting down and abandoning module AndroidTargetPlatform (139)
[2026.08.26-18.30.37:735][626]LogModuleManager: Shutting down and abandoning module AllDesktopTargetPlatform (137)
[2026.08.26-18.30.37:735][626]LogModuleManager: Shutting down and abandoning module D3D11RHI (134)
[2026.08.26-18.30.37:735][626]LogModuleManager: Shutting down and abandoning module InputCore (132)
[2026.08.26-18.30.37:735][626]LogModuleManager: Shutting down and abandoning module Settings (130)
[2026.08.26-18.30.37:735][626]LogModuleManager: Shutting down and abandoning module DirectoryWatcher (128)
[2026.08.26-18.30.37:735][626]LogModuleManager: Shutting down and abandoning module PhysXCooking (126)
[2026.08.26-18.30.37:735][626]LogModuleManager: Shutting down and abandoning module Chaos (124)
[2026.08.26-18.30.37:735][626]LogModuleManager: Shutting down and abandoning module WindowsPlatformFeatures (122)
[2026.08.26-18.30.37:735][626]LogModuleManager: Shutting down and abandoning module GameplayMediaEncoder (121)
[2026.08.26-18.30.37:735][626]LogModuleManager: Shutting down and abandoning module AVEncoder (120)
[2026.08.26-18.30.37:735][626]LogModuleManager: Shutting down and abandoning module SteamVRInputDevice (116)
[2026.08.26-18.30.37:735][626]LogModuleManager: Shutting down and abandoning module SteamVRInput (114)
[2026.08.26-18.30.37:735][626]LogModuleManager: Shutting down and abandoning module SteamVR (112)
[2026.08.26-18.30.37:735][626]LogHMD: Freeing OpenVRDLLHandle.
[2026.08.26-18.30.37:735][626]LogModuleManager: Shutting down and abandoning module OculusHMD (110)
[2026.08.26-18.30.37:735][626]LogModuleManager: Shutting down and abandoning module OpenXRAR (108)
[2026.08.26-18.30.37:735][626]LogModuleManager: Shutting down and abandoning module AugmentedReality (107)
[2026.08.26-18.30.37:735][626]LogModuleManager: Shutting down and abandoning module OpenXRHandTracking (104)
[2026.08.26-18.30.37:735][626]LogSlate: Slate User Destroyed.  User Index 0, Is Virtual User: 0
[2026.08.26-18.30.37:735][626]LogModuleManager: Shutting down and abandoning module OpenXRHMD (103)
[2026.08.26-18.30.37:736][626]LogModuleManager: Shutting down and abandoning module OpenXREyeTracker (100)
[2026.08.26-18.30.37:736][626]LogModuleManager: Shutting down and abandoning module ExampleDeviceProfileSelector (98)
[2026.08.26-18.30.37:736][626]LogModuleManager: Shutting down and abandoning module ChunkDownloader (96)
[2026.08.26-18.30.37:736][626]LogModuleManager: Shutting down and abandoning module LauncherChunkInstaller (94)
[2026.08.26-18.30.37:736][626]LogModuleManager: Shutting down and abandoning module OnlineBlueprintSupport (92)
[2026.08.26-18.30.37:736][626]LogModuleManager: Shutting down and abandoning module OnlineSubsystem (88)
[2026.08.26-18.30.37:738][626]LogModuleManager: Shutting down and abandoning module XMPP (83)
[2026.08.26-18.30.37:738][626]LogModuleManager: Shutting down and abandoning module WebSockets (82)
[2026.08.26-18.30.37:765][626]LogModuleManager: Shutting down and abandoning module HTTP (79)
[2026.08.26-18.30.37:765][626]LogHttp: Display: Http module shutting down, but needs to wait on 1 outstanding Http requests:
[2026.08.26-18.30.37:765][626]LogHttp: Display: 	verb=[POST] url=[https://datarouter.ol.epicgames.com/datarouter/api/v1/public/data?SessionID=%7BC3E5E61C-4326-7C75-323E-85A5DE5C77CC%7D&AppID=UEEditor.Rocket.Release&AppVersion=4.27.2-18319896%2B%2B%2BUE4%2BRelease-4.27&UserID=aad14cfa4a1ed281c560f785102d869b%7C24de892310f14890888f3bfa72d3ca7c%7C72aeb03c-3a2b-4ff1-80d4-ff410d42d422&AppEnvironment=datacollector-binary&UploadType=eteventstream] refs=[1] status=Processing
[2026.08.26-18.30.37:765][626]LogHttp: Display: cleaning up 1 outstanding Http requests.
[2026.08.26-18.30.37:768][626]LogModuleManager: Shutting down and abandoning module SSL (78)
[2026.08.26-18.30.37:769][626]LogModuleManager: Shutting down and abandoning module WmfMedia (74)
[2026.08.26-18.30.37:770][626]LogModuleManager: Shutting down and abandoning module Media (73)
[2026.08.26-18.30.37:771][626]LogModuleManager: Shutting down and abandoning module MediaInfo (72)
[2026.08.26-18.30.37:771][626]LogModuleManager: Shutting down and abandoning module ExrReaderGpu (68)
[2026.08.26-18.30.37:771][626]LogModuleManager: Shutting down and abandoning module MLSDK (66)
[2026.08.26-18.30.37:771][626]LogModuleManager: Shutting down and abandoning module MagicLeap (64)
[2026.08.26-18.30.37:771][626]LogModuleManager: Shutting down and abandoning module VariantManagerContent (62)
[2026.08.26-18.30.37:771][626]LogModuleManager: Shutting down and abandoning module DatasmithContent (60)
[2026.08.26-18.30.37:772][626]LogModuleManager: Shutting down and abandoning module NiagaraVertexFactories (58)
[2026.08.26-18.30.37:772][626]LogModuleManager: Shutting down and abandoning module NiagaraShader (56)
[2026.08.26-18.30.37:772][626]LogModuleManager: Shutting down and abandoning module PixWinPlugin (54)
[2026.08.26-18.30.37:772][626]LogModuleManager: Shutting down and abandoning module ChaosCloth (52)
[2026.08.26-18.30.37:772][626]LogModuleManager: Shutting down and abandoning module AISupportModule (50)
[2026.08.26-18.30.37:772][626]LogModuleManager: Shutting down and abandoning module DesktopPlatform (48)
[2026.08.26-18.30.37:772][626]LogModuleManager: Shutting down and abandoning module PythonScriptPluginPreload (46)
[2026.08.26-18.30.37:772][626]LogModuleManager: Shutting down and abandoning module PlatformCryptoOpenSSL (44)
[2026.08.26-18.30.37:772][626]LogModuleManager: Shutting down and abandoning module PlatformCryptoTypes (42)
[2026.08.26-18.30.37:772][626]LogModuleManager: Shutting down and abandoning module PlatformCrypto (40)
[2026.08.26-18.30.37:772][626]LogModuleManager: Shutting down and abandoning module OodleDataCompressionFormat (38)
[2026.08.26-18.30.37:772][626]LogModuleManager: Shutting down and abandoning module XGEController (36)
[2026.08.26-18.30.37:772][626]LogModuleManager: Shutting down and abandoning module AnimationModifiers (34)
[2026.08.26-18.30.37:772][626]LogModuleManager: Shutting down and abandoning module AudioEditor (32)
[2026.08.26-18.30.37:772][626]LogModuleManager: Shutting down and abandoning module PropertyEditor (31)
[2026.08.26-18.30.37:773][626]LogModuleManager: Shutting down and abandoning module TextureCompressor (28)
[2026.08.26-18.30.37:773][626]LogModuleManager: Shutting down and abandoning module RenderCore (26)
[2026.08.26-18.30.37:773][626]LogModuleManager: Shutting down and abandoning module Landscape (24)
[2026.08.26-18.30.37:773][626]LogModuleManager: Shutting down and abandoning module SlateRHIRenderer (22)
[2026.08.26-18.30.37:774][626]LogModuleManager: Shutting down and abandoning module AnimGraphRuntime (20)
[2026.08.26-18.30.37:774][626]LogModuleManager: Shutting down and abandoning module Renderer (18)
[2026.08.26-18.30.37:774][626]LogModuleManager: Shutting down and abandoning module Engine (16)
[2026.08.26-18.30.37:774][626]LogModuleManager: Shutting down and abandoning module CoreUObject (14)
[2026.08.26-18.30.37:774][626]LogModuleManager: Shutting down and abandoning module NetworkFile (12)
[2026.08.26-18.30.37:774][626]LogModuleManager: Shutting down and abandoning module CookedIterativeFile (10)
[2026.08.26-18.30.37:774][626]LogModuleManager: Shutting down and abandoning module StreamingFile (8)
[2026.08.26-18.30.37:775][626]LogModuleManager: Shutting down and abandoning module SandboxFile (6)
[2026.08.26-18.30.37:775][626]LogModuleManager: Shutting down and abandoning module PakFile (4)
[2026.08.26-18.30.37:775][626]LogModuleManager: Shutting down and abandoning module RSA (3)
[2026.08.26-18.30.37:775][626]LogContentStreaming: Display: There are 1 unreleased StreamingManagers
[2026.08.26-18.30.37:805][626]LogD3D11RHI: Shutdown
[2026.08.26-18.30.37:805][626]LogD3D11RHI: CleanupD3DDevice
[2026.08.26-18.30.37:807][626]LogExit: Exiting.
[2026.08.26-18.30.37:829][626]Log file closed, 08/26/26 11:30:37
