Log file open, 08/23/26 16:38:15
LogWindows: Failed to load 'aqProf.dll' (GetLastError=126)
LogWindows: File 'aqProf.dll' does not exist
LogWindows: Failed to load 'VtuneApi.dll' (GetLastError=126)
LogWindows: File 'VtuneApi.dll' does not exist
LogWindows: Failed to load 'VtuneApi32e.dll' (GetLastError=126)
LogWindows: File 'VtuneApi32e.dll' does not exist
LogConsoleResponse: Display: Failed to find resolution value strings in scalability ini. Falling back to default.
LogConsoleResponse: Display: Failed to find resolution value strings in scalability ini. Falling back to default.
LogInit: Display: Running engine for game: BrackeysJam2026
LogPlatformFile: Not using cached read wrapper
LogTaskGraph: Started task graph with 5 named threads and 47 total threads with 3 sets of task threads.
LogStats: Stats thread started at 0.208170
LogICUInternationalization: ICU TimeZone Detection - Raw Offset: -8:00, Platform Override: ''
LogInit: Display: Loading text-based GConfig....
LogPluginManager: Mounting plugin MeshPainting
LogPluginManager: Mounting plugin XGEController
LogPluginManager: Mounting plugin Paper2D
LogPluginManager: Mounting plugin LightPropagationVolume
LogPluginManager: Mounting plugin AISupport
LogPluginManager: Mounting plugin EnvironmentQueryEditor
LogPluginManager: Mounting plugin LiveLink
LogPluginManager: Mounting plugin CameraShakePreviewer
LogPluginManager: Mounting plugin GameplayCameras
LogPluginManager: Mounting plugin OodleData
LogPluginManager: Mounting plugin AutomationUtils
LogPluginManager: Mounting plugin AlembicImporter
LogPluginManager: Mounting plugin OodleNetwork
LogPluginManager: Mounting plugin BackChannel
LogPluginManager: Mounting plugin ChaosClothEditor
LogPluginManager: Mounting plugin ChaosCloth
LogPluginManager: Mounting plugin ChaosEditor
LogPluginManager: Mounting plugin ChaosNiagara
LogPluginManager: Mounting plugin ChaosSolverPlugin
LogPluginManager: Mounting plugin CharacterAI
LogPluginManager: Mounting plugin AssetManagerEditor
LogPluginManager: Mounting plugin CryptoKeys
LogPluginManager: Mounting plugin CurveEditorTools
LogPluginManager: Mounting plugin DataValidation
LogPluginManager: Mounting plugin FacialAnimation
LogPluginManager: Mounting plugin GameplayTagsEditor
LogPluginManager: Mounting plugin MacGraphicsSwitching
LogPluginManager: Mounting plugin GeometryMode
LogPluginManager: Mounting plugin MaterialAnalyzer
LogPluginManager: Mounting plugin MobileLauncherProfileWizard
LogPluginManager: Mounting plugin PluginBrowser
LogPluginManager: Mounting plugin SpeedTreeImporter
LogPluginManager: Mounting plugin DatasmithContent
LogPluginManager: Mounting plugin VariantManagerContent
LogPluginManager: Mounting plugin GeometryCache
LogPluginManager: Mounting plugin GeometryCollectionPlugin
LogPluginManager: Mounting plugin GeometryProcessing
LogPluginManager: Mounting plugin MotoSynth
LogPluginManager: Mounting plugin OpenImageDenoise
LogPluginManager: Mounting plugin PlatformCrypto
LogPluginManager: Mounting plugin ProxyLODPlugin
LogPluginManager: Mounting plugin PlanarCut
LogPluginManager: Mounting plugin PythonScriptPlugin
LogPluginManager: Mounting plugin SkeletalReduction
LogPluginManager: Mounting plugin AnimationSharing
LogPluginManager: Mounting plugin CLionSourceCodeAccess
LogPluginManager: Mounting plugin CodeLiteSourceCodeAccess
LogPluginManager: Mounting plugin GitSourceControl
LogPluginManager: Mounting plugin KDevelopSourceCodeAccess
LogPluginManager: Mounting plugin PluginUtils
LogPluginManager: Mounting plugin PlasticSourceControl
LogPluginManager: Mounting plugin PixWinPlugin
LogPluginManager: Mounting plugin NullSourceCodeAccess
LogPluginManager: Mounting plugin PerforceSourceControl
LogPluginManager: Mounting plugin PropertyAccessNode
LogPluginManager: Mounting plugin RiderSourceCodeAccess
LogPluginManager: Mounting plugin SubversionSourceControl
LogPluginManager: Mounting plugin TextureFormatOodle
LogPluginManager: Mounting plugin Niagara
LogPluginManager: Mounting plugin VisualStudioCodeSourceCodeAccess
LogPluginManager: Mounting plugin UObjectPlugin
LogPluginManager: Mounting plugin VisualStudioSourceCodeAccess
LogPluginManager: Mounting plugin XCodeSourceCodeAccess
LogPluginManager: Mounting plugin AndroidMedia
LogPluginManager: Mounting plugin AvfMedia
LogPluginManager: Mounting plugin MediaCompositing
LogPluginManager: Mounting plugin ImgMedia
LogPluginManager: Mounting plugin MediaPlayerEditor
LogPluginManager: Mounting plugin WebMMedia
LogPluginManager: Mounting plugin WmfMedia
LogPluginManager: Mounting plugin LuminPlatformFeatures
LogPluginManager: Mounting plugin MagicLeap
LogPluginManager: Mounting plugin MagicLeapLightEstimation
LogPluginManager: Mounting plugin MagicLeapMedia
LogPluginManager: Mounting plugin MagicLeapPassableWorld
LogPluginManager: Mounting plugin MLSDK
LogPluginManager: Mounting plugin TcpMessaging
LogPluginManager: Mounting plugin UdpMessaging
LogPluginManager: Mounting plugin OnlineSubsystem
LogPluginManager: Mounting plugin OnlineSubsystemNull
LogPluginManager: Mounting plugin OnlineSubsystemUtils
LogPluginManager: Mounting plugin LauncherChunkInstaller
LogPluginManager: Mounting plugin ActorSequence
LogPluginManager: Mounting plugin MatineeToLevelSequence
LogPluginManager: Mounting plugin LevelSequenceEditor
LogPluginManager: Mounting plugin TemplateSequence
LogPluginManager: Mounting plugin ActorLayerUtilities
LogPluginManager: Mounting plugin AppleImageUtils
LogPluginManager: Mounting plugin AndroidMoviePlayer
LogPluginManager: Mounting plugin AppleMoviePlayer
LogPluginManager: Mounting plugin AndroidDeviceProfileSelector
LogPluginManager: Mounting plugin AndroidPermission
LogPluginManager: Mounting plugin AssetTags
LogPluginManager: Mounting plugin ArchVisCharacter
LogPluginManager: Mounting plugin AudioCapture
LogPluginManager: Mounting plugin CableComponent
LogPluginManager: Mounting plugin AudioSynesthesia
LogPluginManager: Mounting plugin ChunkDownloader
LogPluginManager: Mounting plugin CustomMeshComponent
LogPluginManager: Mounting plugin EditableMesh
LogPluginManager: Mounting plugin ExampleDeviceProfileSelector
LogPluginManager: Mounting plugin GoogleCloudMessaging
LogPluginManager: Mounting plugin ScreenshotTools
LogPluginManager: Mounting plugin GooglePAD
LogPluginManager: Mounting plugin IOSDeviceProfileSelector
LogPluginManager: Mounting plugin LinuxDeviceProfileSelector
LogPluginManager: Mounting plugin LocationServicesBPLibrary
LogPluginManager: Mounting plugin MobilePatchingUtils
LogPluginManager: Mounting plugin OpenXR
LogPluginManager: Mounting plugin OpenXREyeTracker
LogPluginManager: Mounting plugin OpenXRHandTracking
LogPluginManager: Mounting plugin Takes
LogPluginManager: Mounting plugin PhysXVehicles
LogPluginManager: Mounting plugin ProceduralMeshComponent
LogPluginManager: Mounting plugin PostSplashScreen
LogPluginManager: Mounting plugin PropertyAccessEditor
LogPluginManager: Mounting plugin SignificanceManager
LogPluginManager: Mounting plugin RuntimePhysXCooking
LogPluginManager: Mounting plugin SoundFields
LogPluginManager: Mounting plugin Synthesis
LogPluginManager: Mounting plugin WebMMoviePlayer
LogPluginManager: Mounting plugin WindowsMoviePlayer
LogPluginManager: Mounting plugin ContentBrowserFileDataSource
LogPluginManager: Mounting plugin ContentBrowserClassDataSource
LogPluginManager: Mounting plugin ContentBrowserAssetDataSource
LogPluginManager: Mounting plugin OnlineSubsystemGooglePlay
LogPluginManager: Mounting plugin OnlineSubsystemIOS
LogPluginManager: Mounting plugin OculusVR
LogPluginManager: Mounting plugin SteamVR
PixWinPlugin: PIX capture plugin failed to initialize! Check that the process is launched from PIX.
LogInit: Using libcurl 7.55.1-DEV
LogInit:  - built for x86_64-pc-win32
LogInit:  - supports SSL with OpenSSL/1.1.1
LogInit:  - supports HTTP deflate (compression) using libz 1.2.8
LogInit:  - other features:
LogInit:      CURL_VERSION_SSL
LogInit:      CURL_VERSION_LIBZ
LogInit:      CURL_VERSION_IPV6
LogInit:      CURL_VERSION_ASYNCHDNS
LogInit:      CURL_VERSION_LARGEFILE
LogInit:      CURL_VERSION_IDN
LogInit:  CurlRequestOptions (configurable via config and command line):
LogInit:  - bVerifyPeer = true  - Libcurl will verify peer certificate
LogInit:  - bUseHttpProxy = false  - Libcurl will NOT use HTTP proxy
LogInit:  - bDontReuseConnections = false  - Libcurl will reuse connections
LogInit:  - MaxHostConnections = 16  - Libcurl will limit the number of connections to a host
LogInit:  - LocalHostAddr = Default
LogInit:  - BufferSize = 65536
LogOnline: OSS: Creating online subsystem instance for: NULL
LogInit: WinSock: version 1.1 (2.2), MaxSocks=32767, MaxUdp=65467
LogOnline: OSS: TryLoadSubsystemAndSetDefault: Loaded subsystem for module [NULL]
LogOculusPluginWrapper: OculusPlugin initialized successfully
LogHMD: Failed initializing OVRPlugin 1.59.0
LogInit: Build: ++UE4+Release-4.27-CL-18319896
LogInit: Engine Version: 4.27.2-18319896+++UE4+Release-4.27
LogInit: Compatible Engine Version: 4.27.0-17155196+++UE4+Release-4.27
LogInit: Net CL: 17155196
LogInit: OS: Windows 10 (Release 2009) (), CPU: AMD Ryzen 7 PRO 8845HS w/ Radeon 780M Graphics, GPU: AMD Radeon 780M Graphics
LogInit: Compiled (64-bit): Nov 30 2021 07:12:08
LogInit: Compiled with Visual C++: 19.24.28315.00
LogInit: Build Configuration: Development
LogInit: Branch Name: ++UE4+Release-4.27
LogInit: Command Line: 
LogInit: Base Directory: C:/Program Files/Epic Games/UE_4.27/Engine/Binaries/Win64/
LogInit: Allocator: TBB
LogInit: Installed Engine Build: 1
LogDevObjectVersion: Number of dev versions registered: 29
LogDevObjectVersion:   Dev-Blueprints (B0D832E4-1F89-4F0D-ACCF-7EB736FD4AA2): 10
LogDevObjectVersion:   Dev-Build (E1C64328-A22C-4D53-A36C-8E866417BD8C): 0
LogDevObjectVersion:   Dev-Core (375EC13C-06E4-48FB-B500-84F0262A717E): 4
LogDevObjectVersion:   Dev-Editor (E4B068ED-F494-42E9-A231-DA0B2E46BB41): 40
LogDevObjectVersion:   Dev-Framework (CFFC743F-43B0-4480-9391-14DF171D2073): 37
LogDevObjectVersion:   Dev-Mobile (B02B49B5-BB20-44E9-A304-32B752E40360): 3
LogDevObjectVersion:   Dev-Networking (A4E4105C-59A1-49B5-A7C5-40C4547EDFEE): 0
LogDevObjectVersion:   Dev-Online (39C831C9-5AE6-47DC-9A44-9C173E1C8E7C): 0
LogDevObjectVersion:   Dev-Physics (78F01B33-EBEA-4F98-B9B4-84EACCB95AA2): 14
LogDevObjectVersion:   Dev-Platform (6631380F-2D4D-43E0-8009-CF276956A95A): 0
LogDevObjectVersion:   Dev-Rendering (12F88B9F-8875-4AFC-A67C-D90C383ABD29): 45
LogDevObjectVersion:   Dev-Sequencer (7B5AE74C-D270-4C10-A958-57980B212A5A): 13
LogDevObjectVersion:   Dev-VR (D7296918-1DD6-4BDD-9DE2-64A83CC13884): 3
LogDevObjectVersion:   Dev-LoadTimes (C2A15278-BFE7-4AFE-6C17-90FF531DF755): 1
LogDevObjectVersion:   Private-Geometry (6EACA3D4-40EC-4CC1-B786-8BED09428FC5): 3
LogDevObjectVersion:   Dev-AnimPhys (29E575DD-E0A3-4627-9D10-D276232CDCEA): 17
LogDevObjectVersion:   Dev-Anim (AF43A65D-7FD3-4947-9873-3E8ED9C1BB05): 15
LogDevObjectVersion:   Dev-ReflectionCapture (6B266CEC-1EC7-4B8F-A30B-E4D90942FC07): 1
LogDevObjectVersion:   Dev-Automation (0DF73D61-A23F-47EA-B727-89E90C41499A): 1
LogDevObjectVersion:   FortniteMain (601D1886-AC64-4F84-AA16-D3DE0DEAC7D6): 47
LogDevObjectVersion:   FortniteRelease (E7086368-6B23-4C58-8439-1B7016265E91): 1
LogDevObjectVersion:   Dev-Enterprise (9DFFBCD6-494F-0158-E221-12823C92A888): 10
LogDevObjectVersion:   Dev-Niagara (F2AED0AC-9AFE-416F-8664-AA7FFA26D6FC): 1
LogDevObjectVersion:   Dev-Destruction (174F1F0B-B4C6-45A5-B13F-2EE8D0FB917D): 10
LogDevObjectVersion:   Dev-Physics-Ext (35F94A83-E258-406C-A318-09F59610247C): 41
LogDevObjectVersion:   Dev-PhysicsMaterial-Chaos (B68FC16E-8B1B-42E2-B453-215C058844FE): 1
LogDevObjectVersion:   Dev-CineCamera (B2E18506-4273-CFC2-A54E-F4BB758BBA07): 1
LogDevObjectVersion:   Dev-VirtualProduction (64F58936-FD1B-42BA-BA96-7289D5D0FA4E): 1
LogDevObjectVersion:   Dev-MediaFramework (6F0ED827-A609-4895-9C91-998D90180EA4): 2
LogInit: Presizing for max 25165824 objects, including 0 objects not considered by GC, pre-allocating 0 bytes for permanent pool.
LogConfig: Applying CVar settings from Section [/Script/Engine.StreamingSettings] File [E:/_Alex's Data/Unreal Engine/Unreal Projects/Brackeys2026/Brackeys-2026/BrackeysJam2026/Saved/Config/Windows/Engine.ini]
LogConfig: Setting CVar [[s.MinBulkDataSizeForAsyncLoading:131072]]
LogConfig: Setting CVar [[s.AsyncLoadingThreadEnabled:0]]
LogConfig: Setting CVar [[s.EventDrivenLoaderEnabled:1]]
LogConfig: Setting CVar [[s.WarnIfTimeLimitExceeded:0]]
LogConfig: Setting CVar [[s.TimeLimitExceededMultiplier:1.5]]
LogConfig: Setting CVar [[s.TimeLimitExceededMinTime:0.005]]
LogConfig: Setting CVar [[s.UseBackgroundLevelStreaming:1]]
LogConfig: Setting CVar [[s.PriorityAsyncLoadingExtraTime:15.0]]
LogConfig: Setting CVar [[s.LevelStreamingActorsUpdateTimeLimit:5.0]]
LogConfig: Setting CVar [[s.PriorityLevelStreamingActorsUpdateExtraTime:5.0]]
LogConfig: Setting CVar [[s.LevelStreamingComponentsRegistrationGranularity:10]]
LogConfig: Setting CVar [[s.UnregisterComponentsTimeLimit:1.0]]
LogConfig: Setting CVar [[s.LevelStreamingComponentsUnregistrationGranularity:5]]
LogConfig: Setting CVar [[s.FlushStreamingOnExit:1]]
LogInit: Object subsystem initialized
LogConfig: Setting CVar [[con.DebugEarlyDefault:1]]
LogConfig: Setting CVar [[r.setres:1280x720]]
[2026.08.23-23.38.16:099][  0]LogConfig: Setting CVar [[r.VSync:0]]
[2026.08.23-23.38.16:099][  0]LogConfig: Setting CVar [[r.RHICmdBypass:0]]
[2026.08.23-23.38.16:099][  0]LogConfig: Applying CVar settings from Section [/Script/Engine.RendererSettings] File [E:/_Alex's Data/Unreal Engine/Unreal Projects/Brackeys2026/Brackeys-2026/BrackeysJam2026/Saved/Config/Windows/Engine.ini]
[2026.08.23-23.38.16:099][  0]LogConfig: Setting CVar [[r.GPUCrashDebugging:0]]
[2026.08.23-23.38.16:099][  0]LogConfig: Setting CVar [[r.DefaultFeature.MotionBlur:0]]
[2026.08.23-23.38.16:099][  0]LogConfig: Applying CVar settings from Section [/Script/Engine.RendererOverrideSettings] File [E:/_Alex's Data/Unreal Engine/Unreal Projects/Brackeys2026/Brackeys-2026/BrackeysJam2026/Saved/Config/Windows/Engine.ini]
[2026.08.23-23.38.16:099][  0]LogConfig: Applying CVar settings from Section [/Script/Engine.StreamingSettings] File [E:/_Alex's Data/Unreal Engine/Unreal Projects/Brackeys2026/Brackeys-2026/BrackeysJam2026/Saved/Config/Windows/Engine.ini]
[2026.08.23-23.38.16:099][  0]LogConfig: Setting CVar [[s.MinBulkDataSizeForAsyncLoading:131072]]
[2026.08.23-23.38.16:099][  0]LogConfig: Setting CVar [[s.AsyncLoadingThreadEnabled:0]]
[2026.08.23-23.38.16:099][  0]LogConfig: Setting CVar [[s.EventDrivenLoaderEnabled:1]]
[2026.08.23-23.38.16:099][  0]LogConfig: Setting CVar [[s.WarnIfTimeLimitExceeded:0]]
[2026.08.23-23.38.16:099][  0]LogConfig: Setting CVar [[s.TimeLimitExceededMultiplier:1.5]]
[2026.08.23-23.38.16:099][  0]LogConfig: Setting CVar [[s.TimeLimitExceededMinTime:0.005]]
[2026.08.23-23.38.16:099][  0]LogConfig: Setting CVar [[s.UseBackgroundLevelStreaming:1]]
[2026.08.23-23.38.16:099][  0]LogConfig: Setting CVar [[s.PriorityAsyncLoadingExtraTime:15.0]]
[2026.08.23-23.38.16:099][  0]LogConfig: Setting CVar [[s.LevelStreamingActorsUpdateTimeLimit:5.0]]
[2026.08.23-23.38.16:099][  0]LogConfig: Setting CVar [[s.PriorityLevelStreamingActorsUpdateExtraTime:5.0]]
[2026.08.23-23.38.16:099][  0]LogConfig: Setting CVar [[s.LevelStreamingComponentsRegistrationGranularity:10]]
[2026.08.23-23.38.16:099][  0]LogConfig: Setting CVar [[s.UnregisterComponentsTimeLimit:1.0]]
[2026.08.23-23.38.16:099][  0]LogConfig: Setting CVar [[s.LevelStreamingComponentsUnregistrationGranularity:5]]
[2026.08.23-23.38.16:099][  0]LogConfig: Setting CVar [[s.FlushStreamingOnExit:1]]
[2026.08.23-23.38.16:099][  0]LogConfig: Applying CVar settings from Section [/Script/Engine.GarbageCollectionSettings] File [E:/_Alex's Data/Unreal Engine/Unreal Projects/Brackeys2026/Brackeys-2026/BrackeysJam2026/Saved/Config/Windows/Engine.ini]
[2026.08.23-23.38.16:099][  0]LogConfig: Setting CVar [[gc.MaxObjectsNotConsideredByGC:1]]
[2026.08.23-23.38.16:099][  0]LogConfig: Setting CVar [[gc.SizeOfPermanentObjectPool:0]]
[2026.08.23-23.38.16:099][  0]LogConfig: Setting CVar [[gc.FlushStreamingOnGC:0]]
[2026.08.23-23.38.16:099][  0]LogConfig: Setting CVar [[gc.NumRetriesBeforeForcingGC:10]]
[2026.08.23-23.38.16:099][  0]LogConfig: Setting CVar [[gc.AllowParallelGC:1]]
[2026.08.23-23.38.16:099][  0]LogConfig: Setting CVar [[gc.TimeBetweenPurgingPendingKillObjects:61.1]]
[2026.08.23-23.38.16:099][  0]LogConfig: Setting CVar [[gc.MaxObjectsInEditor:25165824]]
[2026.08.23-23.38.16:099][  0]LogConfig: Setting CVar [[gc.IncrementalBeginDestroyEnabled:1]]
[2026.08.23-23.38.16:099][  0]LogConfig: Setting CVar [[gc.CreateGCClusters:1]]
[2026.08.23-23.38.16:099][  0]LogConfig: Setting CVar [[gc.MinGCClusterSize:5]]
[2026.08.23-23.38.16:099][  0]LogConfig: Setting CVar [[gc.ActorClusteringEnabled:0]]
[2026.08.23-23.38.16:099][  0]LogConfig: Setting CVar [[gc.BlueprintClusteringEnabled:0]]
[2026.08.23-23.38.16:099][  0]LogConfig: Setting CVar [[gc.UseDisregardForGCOnDedicatedServers:0]]
[2026.08.23-23.38.16:100][  0]LogConfig: Setting CVar [[gc.MultithreadedDestructionEnabled:1]]
[2026.08.23-23.38.16:100][  0]LogConfig: Applying CVar settings from Section [/Script/Engine.NetworkSettings] File [E:/_Alex's Data/Unreal Engine/Unreal Projects/Brackeys2026/Brackeys-2026/BrackeysJam2026/Saved/Config/Windows/Engine.ini]
[2026.08.23-23.38.16:100][  0]LogConfig: Applying CVar settings from Section [/Script/UnrealEd.CookerSettings] File [E:/_Alex's Data/Unreal Engine/Unreal Projects/Brackeys2026/Brackeys-2026/BrackeysJam2026/Saved/Config/Windows/Engine.ini]
[2026.08.23-23.38.16:105][  0]LogConfig: Applying CVar settings from Section [ViewDistanceQuality@3] File [E:/_Alex's Data/Unreal Engine/Unreal Projects/Brackeys2026/Brackeys-2026/BrackeysJam2026/Saved/Config/Windows/Scalability.ini]
[2026.08.23-23.38.16:105][  0]LogConfig: Setting CVar [[r.SkeletalMeshLODBias:0]]
[2026.08.23-23.38.16:105][  0]LogConfig: Setting CVar [[r.ViewDistanceScale:1.0]]
[2026.08.23-23.38.16:105][  0]LogConfig: Applying CVar settings from Section [AntiAliasingQuality@3] File [E:/_Alex's Data/Unreal Engine/Unreal Projects/Brackeys2026/Brackeys-2026/BrackeysJam2026/Saved/Config/Windows/Scalability.ini]
[2026.08.23-23.38.16:105][  0]LogConfig: Setting CVar [[r.PostProcessAAQuality:4]]
[2026.08.23-23.38.16:106][  0]LogConfig: Applying CVar settings from Section [ShadowQuality@3] File [E:/_Alex's Data/Unreal Engine/Unreal Projects/Brackeys2026/Brackeys-2026/BrackeysJam2026/Saved/Config/Windows/Scalability.ini]
[2026.08.23-23.38.16:106][  0]LogConfig: Setting CVar [[r.LightFunctionQuality:1]]
[2026.08.23-23.38.16:106][  0]LogConfig: Setting CVar [[r.ShadowQuality:5]]
[2026.08.23-23.38.16:106][  0]LogConfig: Setting CVar [[r.Shadow.CSM.MaxCascades:10]]
[2026.08.23-23.38.16:106][  0]LogConfig: Setting CVar [[r.Shadow.MaxResolution:2048]]
[2026.08.23-23.38.16:106][  0]LogConfig: Setting CVar [[r.Shadow.MaxCSMResolution:2048]]
[2026.08.23-23.38.16:106][  0]LogConfig: Setting CVar [[r.Shadow.RadiusThreshold:0.01]]
[2026.08.23-23.38.16:106][  0]LogConfig: Setting CVar [[r.Shadow.DistanceScale:1.0]]
[2026.08.23-23.38.16:106][  0]LogConfig: Setting CVar [[r.Shadow.CSM.TransitionScale:1.0]]
[2026.08.23-23.38.16:106][  0]LogConfig: Setting CVar [[r.Shadow.PreShadowResolutionFactor:1.0]]
[2026.08.23-23.38.16:106][  0]LogConfig: Setting CVar [[r.DistanceFieldShadowing:1]]
[2026.08.23-23.38.16:106][  0]LogConfig: Setting CVar [[r.DistanceFieldAO:1]]
[2026.08.23-23.38.16:106][  0]LogConfig: Setting CVar [[r.AOQuality:2]]
[2026.08.23-23.38.16:106][  0]LogConfig: Setting CVar [[r.VolumetricFog:1]]
[2026.08.23-23.38.16:106][  0]LogConfig: Setting CVar [[r.VolumetricFog.GridPixelSize:8]]
[2026.08.23-23.38.16:106][  0]LogConfig: Setting CVar [[r.VolumetricFog.GridSizeZ:128]]
[2026.08.23-23.38.16:106][  0]LogConfig: Setting CVar [[r.VolumetricFog.HistoryMissSupersampleCount:4]]
[2026.08.23-23.38.16:106][  0]LogConfig: Setting CVar [[r.LightMaxDrawDistanceScale:1]]
[2026.08.23-23.38.16:106][  0]LogConfig: Setting CVar [[r.CapsuleShadows:1]]
[2026.08.23-23.38.16:106][  0]LogConfig: Applying CVar settings from Section [PostProcessQuality@3] File [E:/_Alex's Data/Unreal Engine/Unreal Projects/Brackeys2026/Brackeys-2026/BrackeysJam2026/Saved/Config/Windows/Scalability.ini]
[2026.08.23-23.38.16:106][  0]LogConfig: Setting CVar [[r.MotionBlurQuality:4]]
[2026.08.23-23.38.16:106][  0]LogConfig: Setting CVar [[r.AmbientOcclusionMipLevelFactor:0.4]]
[2026.08.23-23.38.16:106][  0]LogConfig: Setting CVar [[r.AmbientOcclusionMaxQuality:100]]
[2026.08.23-23.38.16:106][  0]LogConfig: Setting CVar [[r.AmbientOcclusionLevels:-1]]
[2026.08.23-23.38.16:106][  0]LogConfig: Setting CVar [[r.AmbientOcclusionRadiusScale:1.0]]
[2026.08.23-23.38.16:106][  0]LogConfig: Setting CVar [[r.DepthOfFieldQuality:2]]
[2026.08.23-23.38.16:106][  0]LogConfig: Setting CVar [[r.RenderTargetPoolMin:400]]
[2026.08.23-23.38.16:106][  0]LogConfig: Setting CVar [[r.LensFlareQuality:2]]
[2026.08.23-23.38.16:106][  0]LogConfig: Setting CVar [[r.SceneColorFringeQuality:1]]
[2026.08.23-23.38.16:106][  0]LogConfig: Setting CVar [[r.EyeAdaptationQuality:2]]
[2026.08.23-23.38.16:106][  0]LogConfig: Setting CVar [[r.BloomQuality:5]]
[2026.08.23-23.38.16:106][  0]LogConfig: Setting CVar [[r.FastBlurThreshold:100]]
[2026.08.23-23.38.16:106][  0]LogConfig: Setting CVar [[r.Upscale.Quality:3]]
[2026.08.23-23.38.16:106][  0]LogConfig: Setting CVar [[r.Tonemapper.GrainQuantization:1]]
[2026.08.23-23.38.16:106][  0]LogConfig: Setting CVar [[r.LightShaftQuality:1]]
[2026.08.23-23.38.16:106][  0]LogConfig: Setting CVar [[r.Filter.SizeScale:1]]
[2026.08.23-23.38.16:106][  0]LogConfig: Setting CVar [[r.Tonemapper.Quality:5]]
[2026.08.23-23.38.16:106][  0]LogConfig: Setting CVar [[r.DOF.Gather.AccumulatorQuality:1        ; higher gathering accumulator quality]]
[2026.08.23-23.38.16:106][  0]LogConfig: Setting CVar [[r.DOF.Gather.PostfilterMethod:1          ; Median3x3 postfilering method]]
[2026.08.23-23.38.16:106][  0]LogConfig: Setting CVar [[r.DOF.Gather.EnableBokehSettings:0       ; no bokeh simulation when gathering]]
[2026.08.23-23.38.16:106][  0]LogConfig: Setting CVar [[r.DOF.Gather.RingCount:4                 ; medium number of samples when gathering]]
[2026.08.23-23.38.16:106][  0]LogConfig: Setting CVar [[r.DOF.Scatter.ForegroundCompositing:1    ; additive foreground scattering]]
[2026.08.23-23.38.16:106][  0]LogConfig: Setting CVar [[r.DOF.Scatter.BackgroundCompositing:2    ; additive background scattering]]
[2026.08.23-23.38.16:106][  0]LogConfig: Setting CVar [[r.DOF.Scatter.EnableBokehSettings:1      ; bokeh simulation when scattering]]
[2026.08.23-23.38.16:106][  0]LogConfig: Setting CVar [[r.DOF.Scatter.MaxSpriteRatio:0.1         ; only a maximum of 10% of scattered bokeh]]
[2026.08.23-23.38.16:106][  0]LogConfig: Setting CVar [[r.DOF.Recombine.Quality:1                ; cheap slight out of focus]]
[2026.08.23-23.38.16:106][  0]LogConfig: Setting CVar [[r.DOF.Recombine.EnableBokehSettings:0    ; no bokeh simulation on slight out of focus]]
[2026.08.23-23.38.16:106][  0]LogConfig: Setting CVar [[r.DOF.TemporalAAQuality:1                ; more stable temporal accumulation]]
[2026.08.23-23.38.16:106][  0]LogConfig: Setting CVar [[r.DOF.Kernel.MaxForegroundRadius:0.025]]
[2026.08.23-23.38.16:106][  0]LogConfig: Setting CVar [[r.DOF.Kernel.MaxBackgroundRadius:0.025]]
[2026.08.23-23.38.16:106][  0]LogConfig: Applying CVar settings from Section [TextureQuality@3] File [E:/_Alex's Data/Unreal Engine/Unreal Projects/Brackeys2026/Brackeys-2026/BrackeysJam2026/Saved/Config/Windows/Scalability.ini]
[2026.08.23-23.38.16:106][  0]LogConfig: Setting CVar [[r.Streaming.MipBias:0]]
[2026.08.23-23.38.16:106][  0]LogConfig: Setting CVar [[r.Streaming.AmortizeCPUToGPUCopy:0]]
[2026.08.23-23.38.16:106][  0]LogConfig: Setting CVar [[r.Streaming.MaxNumTexturesToStreamPerFrame:0]]
[2026.08.23-23.38.16:106][  0]LogConfig: Setting CVar [[r.Streaming.Boost:1]]
[2026.08.23-23.38.16:106][  0]LogConfig: Setting CVar [[r.MaxAnisotropy:8]]
[2026.08.23-23.38.16:106][  0]LogConfig: Setting CVar [[r.VT.MaxAnisotropy:8]]
[2026.08.23-23.38.16:106][  0]LogConfig: Setting CVar [[r.Streaming.LimitPoolSizeToVRAM:0]]
[2026.08.23-23.38.16:106][  0]LogConfig: Setting CVar [[r.Streaming.PoolSize:1000]]
[2026.08.23-23.38.16:106][  0]LogConfig: Setting CVar [[r.Streaming.MaxEffectiveScreenSize:0]]
[2026.08.23-23.38.16:106][  0]LogConfig: Applying CVar settings from Section [EffectsQuality@3] File [E:/_Alex's Data/Unreal Engine/Unreal Projects/Brackeys2026/Brackeys-2026/BrackeysJam2026/Saved/Config/Windows/Scalability.ini]
[2026.08.23-23.38.16:106][  0]LogConfig: Setting CVar [[r.TranslucencyLightingVolumeDim:64]]
[2026.08.23-23.38.16:106][  0]LogConfig: Setting CVar [[r.RefractionQuality:2]]
[2026.08.23-23.38.16:106][  0]LogConfig: Setting CVar [[r.SSR.Quality:3]]
[2026.08.23-23.38.16:106][  0]LogConfig: Setting CVar [[r.SSR.HalfResSceneColor:0]]
[2026.08.23-23.38.16:106][  0]LogConfig: Setting CVar [[r.SceneColorFormat:4]]
[2026.08.23-23.38.16:106][  0]LogConfig: Setting CVar [[r.DetailMode:2]]
[2026.08.23-23.38.16:106][  0]LogConfig: Setting CVar [[r.TranslucencyVolumeBlur:1]]
[2026.08.23-23.38.16:106][  0]LogConfig: Setting CVar [[r.MaterialQualityLevel:1 ; High quality]]
[2026.08.23-23.38.16:106][  0]LogConfig: Setting CVar [[r.AnisotropicMaterials:1]]
[2026.08.23-23.38.16:106][  0]LogConfig: Setting CVar [[r.SSS.Scale:1]]
[2026.08.23-23.38.16:106][  0]LogConfig: Setting CVar [[r.SSS.SampleSet:2]]
[2026.08.23-23.38.16:106][  0]LogConfig: Setting CVar [[r.SSS.Quality:1]]
[2026.08.23-23.38.16:106][  0]LogConfig: Setting CVar [[r.SSS.HalfRes:0]]
[2026.08.23-23.38.16:106][  0]LogConfig: Setting CVar [[r.SSGI.Quality:3]]
[2026.08.23-23.38.16:106][  0]LogConfig: Setting CVar [[r.EmitterSpawnRateScale:1.0]]
[2026.08.23-23.38.16:106][  0]LogConfig: Setting CVar [[r.ParticleLightQuality:2]]
[2026.08.23-23.38.16:106][  0]LogConfig: Setting CVar [[r.SkyAtmosphere.AerialPerspectiveLUT.FastApplyOnOpaque:1 ; Always have FastSkyLUT 1 in this case to avoid wrong sky]]
[2026.08.23-23.38.16:106][  0]LogConfig: Setting CVar [[r.SkyAtmosphere.AerialPerspectiveLUT.SampleCountMaxPerSlice:4]]
[2026.08.23-23.38.16:106][  0]LogConfig: Setting CVar [[r.SkyAtmosphere.AerialPerspectiveLUT.DepthResolution:16.0]]
[2026.08.23-23.38.16:106][  0]LogConfig: Setting CVar [[r.SkyAtmosphere.FastSkyLUT:1]]
[2026.08.23-23.38.16:106][  0]LogConfig: Setting CVar [[r.SkyAtmosphere.FastSkyLUT.SampleCountMin:4.0]]
[2026.08.23-23.38.16:106][  0]LogConfig: Setting CVar [[r.SkyAtmosphere.FastSkyLUT.SampleCountMax:128.0]]
[2026.08.23-23.38.16:106][  0]LogConfig: Setting CVar [[r.SkyAtmosphere.SampleCountMin:4.0]]
[2026.08.23-23.38.16:106][  0]LogConfig: Setting CVar [[r.SkyAtmosphere.SampleCountMax:128.0]]
[2026.08.23-23.38.16:106][  0]LogConfig: Setting CVar [[r.SkyAtmosphere.TransmittanceLUT.UseSmallFormat:0]]
[2026.08.23-23.38.16:106][  0]LogConfig: Setting CVar [[r.SkyAtmosphere.TransmittanceLUT.SampleCount:10.0]]
[2026.08.23-23.38.16:106][  0]LogConfig: Setting CVar [[r.SkyAtmosphere.MultiScatteringLUT.SampleCount:15.0]]
[2026.08.23-23.38.16:106][  0]LogConfig: Setting CVar [[r.SkyLight.RealTimeReflectionCapture:1]]
[2026.08.23-23.38.16:106][  0]LogConfig: Applying CVar settings from Section [FoliageQuality@3] File [E:/_Alex's Data/Unreal Engine/Unreal Projects/Brackeys2026/Brackeys-2026/BrackeysJam2026/Saved/Config/Windows/Scalability.ini]
[2026.08.23-23.38.16:106][  0]LogConfig: Setting CVar [[foliage.DensityScale:1.0]]
[2026.08.23-23.38.16:106][  0]LogConfig: Setting CVar [[grass.DensityScale:1.0]]
[2026.08.23-23.38.16:106][  0]LogConfig: Applying CVar settings from Section [ShadingQuality@3] File [E:/_Alex's Data/Unreal Engine/Unreal Projects/Brackeys2026/Brackeys-2026/BrackeysJam2026/Saved/Config/Windows/Scalability.ini]
[2026.08.23-23.38.16:106][  0]LogConfig: Setting CVar [[r.HairStrands.SkyLighting.IntegrationType:2]]
[2026.08.23-23.38.16:106][  0]LogConfig: Setting CVar [[r.HairStrands.SkyAO.SampleCount:4]]
[2026.08.23-23.38.16:106][  0]LogConfig: Setting CVar [[r.HairStrands.Visibility.MSAA.SamplePerPixel:4]]
[2026.08.23-23.38.16:106][  0]LogInit: Selected Device Profile: [Windows]
[2026.08.23-23.38.16:106][  0]LogInit: Applying CVar settings loaded from the selected device profile: [Windows]
[2026.08.23-23.38.16:106][  0]LogHAL: Display: Platform has ~ 32 GB [33639129088 / 34359738368 / 32], which maps to Largest [LargestMinGB=32, LargerMinGB=12, DefaultMinGB=8, SmallerMinGB=6, SmallestMinGB=0)
[2026.08.23-23.38.16:106][  0]LogInit: Going up to parent DeviceProfile []
[2026.08.23-23.38.16:107][  0]LogConfig: Applying CVar settings from Section [ViewDistanceQuality@3] File [E:/_Alex's Data/Unreal Engine/Unreal Projects/Brackeys2026/Brackeys-2026/BrackeysJam2026/Saved/Config/Windows/Scalability.ini]
[2026.08.23-23.38.16:107][  0]LogConfig: Setting CVar [[r.SkeletalMeshLODBias:0]]
[2026.08.23-23.38.16:107][  0]LogConfig: Setting CVar [[r.ViewDistanceScale:1.0]]
[2026.08.23-23.38.16:107][  0]LogConfig: Applying CVar settings from Section [AntiAliasingQuality@3] File [E:/_Alex's Data/Unreal Engine/Unreal Projects/Brackeys2026/Brackeys-2026/BrackeysJam2026/Saved/Config/Windows/Scalability.ini]
[2026.08.23-23.38.16:107][  0]LogConfig: Setting CVar [[r.PostProcessAAQuality:4]]
[2026.08.23-23.38.16:107][  0]LogConfig: Applying CVar settings from Section [ShadowQuality@3] File [E:/_Alex's Data/Unreal Engine/Unreal Projects/Brackeys2026/Brackeys-2026/BrackeysJam2026/Saved/Config/Windows/Scalability.ini]
[2026.08.23-23.38.16:107][  0]LogConfig: Setting CVar [[r.LightFunctionQuality:1]]
[2026.08.23-23.38.16:107][  0]LogConfig: Setting CVar [[r.ShadowQuality:5]]
[2026.08.23-23.38.16:107][  0]LogConfig: Setting CVar [[r.Shadow.CSM.MaxCascades:10]]
[2026.08.23-23.38.16:107][  0]LogConfig: Setting CVar [[r.Shadow.MaxResolution:2048]]
[2026.08.23-23.38.16:107][  0]LogConfig: Setting CVar [[r.Shadow.MaxCSMResolution:2048]]
[2026.08.23-23.38.16:107][  0]LogConfig: Setting CVar [[r.Shadow.RadiusThreshold:0.01]]
[2026.08.23-23.38.16:107][  0]LogConfig: Setting CVar [[r.Shadow.DistanceScale:1.0]]
[2026.08.23-23.38.16:107][  0]LogConfig: Setting CVar [[r.Shadow.CSM.TransitionScale:1.0]]
[2026.08.23-23.38.16:107][  0]LogConfig: Setting CVar [[r.Shadow.PreShadowResolutionFactor:1.0]]
[2026.08.23-23.38.16:107][  0]LogConfig: Setting CVar [[r.DistanceFieldShadowing:1]]
[2026.08.23-23.38.16:107][  0]LogConfig: Setting CVar [[r.DistanceFieldAO:1]]
[2026.08.23-23.38.16:107][  0]LogConfig: Setting CVar [[r.AOQuality:2]]
[2026.08.23-23.38.16:107][  0]LogConfig: Setting CVar [[r.VolumetricFog:1]]
[2026.08.23-23.38.16:107][  0]LogConfig: Setting CVar [[r.VolumetricFog.GridPixelSize:8]]
[2026.08.23-23.38.16:107][  0]LogConfig: Setting CVar [[r.VolumetricFog.GridSizeZ:128]]
[2026.08.23-23.38.16:107][  0]LogConfig: Setting CVar [[r.VolumetricFog.HistoryMissSupersampleCount:4]]
[2026.08.23-23.38.16:107][  0]LogConfig: Setting CVar [[r.LightMaxDrawDistanceScale:1]]
[2026.08.23-23.38.16:107][  0]LogConfig: Setting CVar [[r.CapsuleShadows:1]]
[2026.08.23-23.38.16:107][  0]LogConfig: Applying CVar settings from Section [PostProcessQuality@3] File [E:/_Alex's Data/Unreal Engine/Unreal Projects/Brackeys2026/Brackeys-2026/BrackeysJam2026/Saved/Config/Windows/Scalability.ini]
[2026.08.23-23.38.16:107][  0]LogConfig: Setting CVar [[r.MotionBlurQuality:4]]
[2026.08.23-23.38.16:107][  0]LogConfig: Setting CVar [[r.AmbientOcclusionMipLevelFactor:0.4]]
[2026.08.23-23.38.16:107][  0]LogConfig: Setting CVar [[r.AmbientOcclusionMaxQuality:100]]
[2026.08.23-23.38.16:107][  0]LogConfig: Setting CVar [[r.AmbientOcclusionLevels:-1]]
[2026.08.23-23.38.16:107][  0]LogConfig: Setting CVar [[r.AmbientOcclusionRadiusScale:1.0]]
[2026.08.23-23.38.16:107][  0]LogConfig: Setting CVar [[r.DepthOfFieldQuality:2]]
[2026.08.23-23.38.16:107][  0]LogConfig: Setting CVar [[r.RenderTargetPoolMin:400]]
[2026.08.23-23.38.16:107][  0]LogConfig: Setting CVar [[r.LensFlareQuality:2]]
[2026.08.23-23.38.16:107][  0]LogConfig: Setting CVar [[r.SceneColorFringeQuality:1]]
[2026.08.23-23.38.16:107][  0]LogConfig: Setting CVar [[r.EyeAdaptationQuality:2]]
[2026.08.23-23.38.16:107][  0]LogConfig: Setting CVar [[r.BloomQuality:5]]
[2026.08.23-23.38.16:107][  0]LogConfig: Setting CVar [[r.FastBlurThreshold:100]]
[2026.08.23-23.38.16:107][  0]LogConfig: Setting CVar [[r.Upscale.Quality:3]]
[2026.08.23-23.38.16:107][  0]LogConfig: Setting CVar [[r.Tonemapper.GrainQuantization:1]]
[2026.08.23-23.38.16:107][  0]LogConfig: Setting CVar [[r.LightShaftQuality:1]]
[2026.08.23-23.38.16:107][  0]LogConfig: Setting CVar [[r.Filter.SizeScale:1]]
[2026.08.23-23.38.16:107][  0]LogConfig: Setting CVar [[r.Tonemapper.Quality:5]]
[2026.08.23-23.38.16:107][  0]LogConfig: Setting CVar [[r.DOF.Gather.AccumulatorQuality:1        ; higher gathering accumulator quality]]
[2026.08.23-23.38.16:107][  0]LogConfig: Setting CVar [[r.DOF.Gather.PostfilterMethod:1          ; Median3x3 postfilering method]]
[2026.08.23-23.38.16:107][  0]LogConfig: Setting CVar [[r.DOF.Gather.EnableBokehSettings:0       ; no bokeh simulation when gathering]]
[2026.08.23-23.38.16:107][  0]LogConfig: Setting CVar [[r.DOF.Gather.RingCount:4                 ; medium number of samples when gathering]]
[2026.08.23-23.38.16:107][  0]LogConfig: Setting CVar [[r.DOF.Scatter.ForegroundCompositing:1    ; additive foreground scattering]]
[2026.08.23-23.38.16:107][  0]LogConfig: Setting CVar [[r.DOF.Scatter.BackgroundCompositing:2    ; additive background scattering]]
[2026.08.23-23.38.16:107][  0]LogConfig: Setting CVar [[r.DOF.Scatter.EnableBokehSettings:1      ; bokeh simulation when scattering]]
[2026.08.23-23.38.16:107][  0]LogConfig: Setting CVar [[r.DOF.Scatter.MaxSpriteRatio:0.1         ; only a maximum of 10% of scattered bokeh]]
[2026.08.23-23.38.16:107][  0]LogConfig: Setting CVar [[r.DOF.Recombine.Quality:1                ; cheap slight out of focus]]
[2026.08.23-23.38.16:107][  0]LogConfig: Setting CVar [[r.DOF.Recombine.EnableBokehSettings:0    ; no bokeh simulation on slight out of focus]]
[2026.08.23-23.38.16:107][  0]LogConfig: Setting CVar [[r.DOF.TemporalAAQuality:1                ; more stable temporal accumulation]]
[2026.08.23-23.38.16:107][  0]LogConfig: Setting CVar [[r.DOF.Kernel.MaxForegroundRadius:0.025]]
[2026.08.23-23.38.16:107][  0]LogConfig: Setting CVar [[r.DOF.Kernel.MaxBackgroundRadius:0.025]]
[2026.08.23-23.38.16:107][  0]LogConfig: Applying CVar settings from Section [TextureQuality@3] File [E:/_Alex's Data/Unreal Engine/Unreal Projects/Brackeys2026/Brackeys-2026/BrackeysJam2026/Saved/Config/Windows/Scalability.ini]
[2026.08.23-23.38.16:107][  0]LogConfig: Setting CVar [[r.Streaming.MipBias:0]]
[2026.08.23-23.38.16:107][  0]LogConfig: Setting CVar [[r.Streaming.AmortizeCPUToGPUCopy:0]]
[2026.08.23-23.38.16:107][  0]LogConfig: Setting CVar [[r.Streaming.MaxNumTexturesToStreamPerFrame:0]]
[2026.08.23-23.38.16:107][  0]LogConfig: Setting CVar [[r.Streaming.Boost:1]]
[2026.08.23-23.38.16:107][  0]LogConfig: Setting CVar [[r.MaxAnisotropy:8]]
[2026.08.23-23.38.16:107][  0]LogConfig: Setting CVar [[r.VT.MaxAnisotropy:8]]
[2026.08.23-23.38.16:107][  0]LogConfig: Setting CVar [[r.Streaming.LimitPoolSizeToVRAM:0]]
[2026.08.23-23.38.16:107][  0]LogConfig: Setting CVar [[r.Streaming.PoolSize:1000]]
[2026.08.23-23.38.16:107][  0]LogConfig: Setting CVar [[r.Streaming.MaxEffectiveScreenSize:0]]
[2026.08.23-23.38.16:107][  0]LogConfig: Applying CVar settings from Section [EffectsQuality@3] File [E:/_Alex's Data/Unreal Engine/Unreal Projects/Brackeys2026/Brackeys-2026/BrackeysJam2026/Saved/Config/Windows/Scalability.ini]
[2026.08.23-23.38.16:107][  0]LogConfig: Setting CVar [[r.TranslucencyLightingVolumeDim:64]]
[2026.08.23-23.38.16:107][  0]LogConfig: Setting CVar [[r.RefractionQuality:2]]
[2026.08.23-23.38.16:107][  0]LogConfig: Setting CVar [[r.SSR.Quality:3]]
[2026.08.23-23.38.16:107][  0]LogConfig: Setting CVar [[r.SSR.HalfResSceneColor:0]]
[2026.08.23-23.38.16:107][  0]LogConfig: Setting CVar [[r.SceneColorFormat:4]]
[2026.08.23-23.38.16:107][  0]LogConfig: Setting CVar [[r.DetailMode:2]]
[2026.08.23-23.38.16:107][  0]LogConfig: Setting CVar [[r.TranslucencyVolumeBlur:1]]
[2026.08.23-23.38.16:107][  0]LogConfig: Setting CVar [[r.MaterialQualityLevel:1 ; High quality]]
[2026.08.23-23.38.16:107][  0]LogConfig: Setting CVar [[r.AnisotropicMaterials:1]]
[2026.08.23-23.38.16:107][  0]LogConfig: Setting CVar [[r.SSS.Scale:1]]
[2026.08.23-23.38.16:107][  0]LogConfig: Setting CVar [[r.SSS.SampleSet:2]]
[2026.08.23-23.38.16:107][  0]LogConfig: Setting CVar [[r.SSS.Quality:1]]
[2026.08.23-23.38.16:107][  0]LogConfig: Setting CVar [[r.SSS.HalfRes:0]]
[2026.08.23-23.38.16:107][  0]LogConfig: Setting CVar [[r.SSGI.Quality:3]]
[2026.08.23-23.38.16:107][  0]LogConfig: Setting CVar [[r.EmitterSpawnRateScale:1.0]]
[2026.08.23-23.38.16:107][  0]LogConfig: Setting CVar [[r.ParticleLightQuality:2]]
[2026.08.23-23.38.16:107][  0]LogConfig: Setting CVar [[r.SkyAtmosphere.AerialPerspectiveLUT.FastApplyOnOpaque:1 ; Always have FastSkyLUT 1 in this case to avoid wrong sky]]
[2026.08.23-23.38.16:107][  0]LogConfig: Setting CVar [[r.SkyAtmosphere.AerialPerspectiveLUT.SampleCountMaxPerSlice:4]]
[2026.08.23-23.38.16:107][  0]LogConfig: Setting CVar [[r.SkyAtmosphere.AerialPerspectiveLUT.DepthResolution:16.0]]
[2026.08.23-23.38.16:107][  0]LogConfig: Setting CVar [[r.SkyAtmosphere.FastSkyLUT:1]]
[2026.08.23-23.38.16:107][  0]LogConfig: Setting CVar [[r.SkyAtmosphere.FastSkyLUT.SampleCountMin:4.0]]
[2026.08.23-23.38.16:107][  0]LogConfig: Setting CVar [[r.SkyAtmosphere.FastSkyLUT.SampleCountMax:128.0]]
[2026.08.23-23.38.16:107][  0]LogConfig: Setting CVar [[r.SkyAtmosphere.SampleCountMin:4.0]]
[2026.08.23-23.38.16:107][  0]LogConfig: Setting CVar [[r.SkyAtmosphere.SampleCountMax:128.0]]
[2026.08.23-23.38.16:107][  0]LogConfig: Setting CVar [[r.SkyAtmosphere.TransmittanceLUT.UseSmallFormat:0]]
[2026.08.23-23.38.16:107][  0]LogConfig: Setting CVar [[r.SkyAtmosphere.TransmittanceLUT.SampleCount:10.0]]
[2026.08.23-23.38.16:107][  0]LogConfig: Setting CVar [[r.SkyAtmosphere.MultiScatteringLUT.SampleCount:15.0]]
[2026.08.23-23.38.16:107][  0]LogConfig: Setting CVar [[r.SkyLight.RealTimeReflectionCapture:1]]
[2026.08.23-23.38.16:107][  0]LogConfig: Applying CVar settings from Section [FoliageQuality@3] File [E:/_Alex's Data/Unreal Engine/Unreal Projects/Brackeys2026/Brackeys-2026/BrackeysJam2026/Saved/Config/Windows/Scalability.ini]
[2026.08.23-23.38.16:107][  0]LogConfig: Setting CVar [[foliage.DensityScale:1.0]]
[2026.08.23-23.38.16:107][  0]LogConfig: Setting CVar [[grass.DensityScale:1.0]]
[2026.08.23-23.38.16:107][  0]LogConfig: Applying CVar settings from Section [ShadingQuality@3] File [E:/_Alex's Data/Unreal Engine/Unreal Projects/Brackeys2026/Brackeys-2026/BrackeysJam2026/Saved/Config/Windows/Scalability.ini]
[2026.08.23-23.38.16:107][  0]LogConfig: Setting CVar [[r.HairStrands.SkyLighting.IntegrationType:2]]
[2026.08.23-23.38.16:107][  0]LogConfig: Setting CVar [[r.HairStrands.SkyAO.SampleCount:4]]
[2026.08.23-23.38.16:107][  0]LogConfig: Setting CVar [[r.HairStrands.Visibility.MSAA.SamplePerPixel:4]]
[2026.08.23-23.38.16:107][  0]LogConfig: Applying CVar settings from Section [Startup] File [../../../Engine/Config/ConsoleVariables.ini]
[2026.08.23-23.38.16:108][  0]LogConfig: Setting CVar [[net.UseAdaptiveNetUpdateFrequency:0]]
[2026.08.23-23.38.16:108][  0]LogConfig: Setting CVar [[p.chaos.AllowCreatePhysxBodies:1]]
[2026.08.23-23.38.16:108][  0]LogConfig: Setting CVar [[fx.SkipVectorVMBackendOptimizations:1]]
[2026.08.23-23.38.16:108][  0]LogConfig: Applying CVar settings from Section [ConsoleVariables] File [E:/_Alex's Data/Unreal Engine/Unreal Projects/Brackeys2026/Brackeys-2026/BrackeysJam2026/Saved/Config/Windows/Engine.ini]
[2026.08.23-23.38.16:108][  0]LogConfig: Applying CVar settings from Section [ConsoleVariables] File [E:/_Alex's Data/Unreal Engine/Unreal Projects/Brackeys2026/Brackeys-2026/BrackeysJam2026/Saved/Config/Windows/Editor.ini]
[2026.08.23-23.38.16:108][  0]LogInit: Computer: LAPTOP-EB09ONFM
[2026.08.23-23.38.16:108][  0]LogInit: User: AlexT
[2026.08.23-23.38.16:108][  0]LogInit: CPU Page size=4096, Cores=8
[2026.08.23-23.38.16:108][  0]LogInit: High frequency timer resolution =10.000000 MHz
[2026.08.23-23.38.16:108][  0]LogMemory: Memory total: Physical=31.3GB (32GB approx)
[2026.08.23-23.38.16:108][  0]LogMemory: Platform Memory Stats for Windows
[2026.08.23-23.38.16:108][  0]LogMemory: Process Physical Memory: 157.09 MB used, 157.09 MB peak
[2026.08.23-23.38.16:108][  0]LogMemory: Process Virtual Memory: 148.44 MB used, 148.44 MB peak
[2026.08.23-23.38.16:108][  0]LogMemory: Physical Memory: 16259.71 MB used,  15821.06 MB free, 32080.77 MB total
[2026.08.23-23.38.16:108][  0]LogMemory: Virtual Memory: 134201024.00 MB used,  16704.36 MB free, 134217728.00 MB total
[2026.08.23-23.38.16:113][  0]LogWindows: WindowsPlatformFeatures enabled
[2026.08.23-23.38.16:129][  0]LogInit: Physics initialised using underlying interface: PhysX
[2026.08.23-23.38.16:130][  0]LogInit: Using OS detected language (en-US).
[2026.08.23-23.38.16:130][  0]LogInit: Using OS detected locale (en-US).
[2026.08.23-23.38.16:134][  0]LogTextLocalizationManager: No specific localization for 'en-US' exists, so the 'en' localization will be used.
[2026.08.23-23.38.16:280][  0]LogInit: Setting process to per monitor DPI aware
[2026.08.23-23.38.16:293][  0]LogWindowsTextInputMethodSystem: Display: IME system deactivated.
[2026.08.23-23.38.16:305][  0]LogSlate: New Slate User Created.  User Index 0, Is Virtual User: 0
[2026.08.23-23.38.16:305][  0]LogSlate: Slate User Registered.  User Index 0, Is Virtual User: 0
[2026.08.23-23.38.16:419][  0]LogD3D11RHI: Loaded GFSDK_Aftermath_Lib.x64.dll
[2026.08.23-23.38.16:441][  0]LogHMD: Failed to initialize OpenVR with code 110
[2026.08.23-23.38.16:441][  0]LogD3D11RHI: D3D11 min allowed feature level: 11_0
[2026.08.23-23.38.16:441][  0]LogD3D11RHI: D3D11 max allowed feature level: 11_0
[2026.08.23-23.38.16:441][  0]LogD3D11RHI: D3D11 adapters:
[2026.08.23-23.38.16:546][  0]LogD3D11RHI:    0. 'AMD Radeon 780M Graphics' (Feature Level 11_0)
[2026.08.23-23.38.16:546][  0]LogD3D11RHI:       421/0/16040 MB DedicatedVideo/DedicatedSystem/SharedSystem, Outputs:1, VendorId:0x1002
[2026.08.23-23.38.16:553][  0]LogD3D11RHI:    1. 'Microsoft Basic Render Driver' (Feature Level 11_0)
[2026.08.23-23.38.16:553][  0]LogD3D11RHI:       0/0/16040 MB DedicatedVideo/DedicatedSystem/SharedSystem, Outputs:0, VendorId:0x1414
[2026.08.23-23.38.16:553][  0]LogD3D11RHI: Chosen D3D11 Adapter:
[2026.08.23-23.38.16:553][  0]LogD3D11RHI:     Description : AMD Radeon 780M Graphics
[2026.08.23-23.38.16:553][  0]LogD3D11RHI:     VendorId    : 1002
[2026.08.23-23.38.16:553][  0]LogD3D11RHI:     DeviceId    : 1900
[2026.08.23-23.38.16:553][  0]LogD3D11RHI:     SubSysId    : 1241002
[2026.08.23-23.38.16:553][  0]LogD3D11RHI:     Revision    : 00d5
[2026.08.23-23.38.16:553][  0]LogD3D11RHI:     DedicatedVideoMemory : 441671680 bytes
[2026.08.23-23.38.16:553][  0]LogD3D11RHI:     DedicatedSystemMemory : 0 bytes
[2026.08.23-23.38.16:553][  0]LogD3D11RHI:     SharedSystemMemory : 16819564544 bytes
[2026.08.23-23.38.16:553][  0]LogD3D11RHI:     AdapterLuid : 0 66722
[2026.08.23-23.38.16:561][  0]LogD3D11RHI: Creating new Direct3DDevice
[2026.08.23-23.38.16:561][  0]LogD3D11RHI:     GPU DeviceId: 0x1900 (for the marketing name, search the web for "GPU Device Id")
[2026.08.23-23.38.16:561][  0]LogWindows: EnumDisplayDevices:
[2026.08.23-23.38.16:561][  0]LogWindows:    0. 'AMD Radeon 780M Graphics' (P:1 D:1)
[2026.08.23-23.38.16:562][  0]LogWindows:    1. 'AMD Radeon 780M Graphics' (P:0 D:0)
[2026.08.23-23.38.16:562][  0]LogWindows:    2. 'AMD Radeon 780M Graphics' (P:0 D:0)
[2026.08.23-23.38.16:562][  0]LogWindows:    3. 'AMD Radeon 780M Graphics' (P:0 D:0)
[2026.08.23-23.38.16:563][  0]LogWindows:    4. 'AMD Radeon 780M Graphics' (P:0 D:0)
[2026.08.23-23.38.16:563][  0]LogWindows: DebugString: FoundDriverCount:5 
[2026.08.23-23.38.16:563][  0]LogD3D11RHI:     Adapter Name: AMD Radeon 780M Graphics
[2026.08.23-23.38.16:563][  0]LogD3D11RHI:   Driver Version: AMD Software: Adrenalin Edition 26.7.1 (internal:32.0.31035.1003, unified:32.0.31035.1003)
[2026.08.23-23.38.16:563][  0]LogD3D11RHI:      Driver Date: 7-24-2026
[2026.08.23-23.38.16:563][  0]LogRHI: Texture pool is 10985 MB (70% of 15693 MB)
[2026.08.23-23.38.16:596][  0]LogD3D11RHI: Creating D3DDevice with AMD AGS, using adapter:
[2026.08.23-23.38.16:596][  0]LogD3D11RHI:     Description : AMD Radeon 780M Graphics
[2026.08.23-23.38.16:596][  0]LogD3D11RHI:     VendorId    : 1002
[2026.08.23-23.38.16:596][  0]LogD3D11RHI:     DeviceId    : 1900
[2026.08.23-23.38.16:596][  0]LogD3D11RHI:     SubSysId    : 1241002
[2026.08.23-23.38.16:597][  0]LogD3D11RHI:     Revision    : 00d5
[2026.08.23-23.38.16:597][  0]LogD3D11RHI:     DedicatedVideoMemory : 441671680 bytes
[2026.08.23-23.38.16:597][  0]LogD3D11RHI:     DedicatedSystemMemory : 0 bytes
[2026.08.23-23.38.16:597][  0]LogD3D11RHI:     SharedSystemMemory : 16819564544 bytes
[2026.08.23-23.38.16:597][  0]LogD3D11RHI:     AdapterLuid : 0 66722
[2026.08.23-23.38.16:687][  0]LogD3D11RHI: Created device via AGS, feature level 11_0, supported extensions 1fffffbf.
[2026.08.23-23.38.16:687][  0]LogD3D11RHI: RHI has support for 64 bit atomics
[2026.08.23-23.38.16:687][  0]LogD3D11RHI: Async texture creation enabled
[2026.08.23-23.38.16:687][  0]LogD3D11RHI: Array index from any shader is supported
[2026.08.23-23.38.16:700][  0]LogD3D11RHI: GPU Timing Frequency: 100.000000 (Debug: 2 1)
[2026.08.23-23.38.17:048][  0]LogTargetPlatformManager: Display: Loaded TargetPlatform 'AllDesktop'
[2026.08.23-23.38.17:062][  0]LogTargetPlatformManager: Display: Loaded TargetPlatform 'Android'
[2026.08.23-23.38.17:062][  0]LogTargetPlatformManager: Display: Loaded TargetPlatform 'Android_ASTC'
[2026.08.23-23.38.17:062][  0]LogTargetPlatformManager: Display: Loaded TargetPlatform 'Android_DXT'
[2026.08.23-23.38.17:062][  0]LogTargetPlatformManager: Display: Loaded TargetPlatform 'Android_ETC2'
[2026.08.23-23.38.17:062][  0]LogTargetPlatformManager: Display: Loaded TargetPlatform 'AndroidClient'
[2026.08.23-23.38.17:062][  0]LogTargetPlatformManager: Display: Loaded TargetPlatform 'Android_ASTCClient'
[2026.08.23-23.38.17:062][  0]LogTargetPlatformManager: Display: Loaded TargetPlatform 'Android_DXTClient'
[2026.08.23-23.38.17:062][  0]LogTargetPlatformManager: Display: Loaded TargetPlatform 'Android_ETC2Client'
[2026.08.23-23.38.17:062][  0]LogTargetPlatformManager: Display: Loaded TargetPlatform 'Android_Multi'
[2026.08.23-23.38.17:062][  0]LogTargetPlatformManager: Display: Loaded TargetPlatform 'Android_MultiClient'
[2026.08.23-23.38.17:076][  0]LogTargetPlatformManager: Display: Loaded TargetPlatform 'IOSClient'
[2026.08.23-23.38.17:076][  0]LogTargetPlatformManager: Display: Loaded TargetPlatform 'IOS'
[2026.08.23-23.38.17:083][  0]LogTargetPlatformManager: Display: Loaded TargetPlatform 'Linux'
[2026.08.23-23.38.17:087][  0]LogTargetPlatformManager: Display: Loaded TargetPlatform 'LinuxNoEditor'
[2026.08.23-23.38.17:091][  0]LogTargetPlatformManager: Display: Loaded TargetPlatform 'LinuxClient'
[2026.08.23-23.38.17:094][  0]LogTargetPlatformManager: Display: Loaded TargetPlatform 'LinuxServer'
[2026.08.23-23.38.17:101][  0]LogTargetPlatformManager: Display: Loaded TargetPlatform 'LinuxAArch64NoEditor'
[2026.08.23-23.38.17:104][  0]LogTargetPlatformManager: Display: Loaded TargetPlatform 'LinuxAArch64Client'
[2026.08.23-23.38.17:107][  0]LogTargetPlatformManager: Display: Loaded TargetPlatform 'LinuxAArch64Server'
[2026.08.23-23.38.17:122][  0]LogTargetPlatformManager: Display: Loaded TargetPlatform 'Lumin'
[2026.08.23-23.38.17:122][  0]LogTargetPlatformManager: Display: Loaded TargetPlatform 'LuminClient'
[2026.08.23-23.38.17:128][  0]LogTargetPlatformManager: Display: Loaded TargetPlatform 'MacNoEditor'
[2026.08.23-23.38.17:131][  0]LogTargetPlatformManager: Display: Loaded TargetPlatform 'Mac'
[2026.08.23-23.38.17:134][  0]LogTargetPlatformManager: Display: Loaded TargetPlatform 'MacClient'
[2026.08.23-23.38.17:136][  0]LogTargetPlatformManager: Display: Loaded TargetPlatform 'MacServer'
[2026.08.23-23.38.17:143][  0]LogTargetPlatformManager: Display: Loaded TargetPlatform 'TVOSClient'
[2026.08.23-23.38.17:144][  0]LogTargetPlatformManager: Display: Loaded TargetPlatform 'TVOS'
[2026.08.23-23.38.17:149][  0]LogTargetPlatformManager: Display: Loaded TargetPlatform 'WindowsNoEditor'
[2026.08.23-23.38.17:152][  0]LogTargetPlatformManager: Display: Loaded TargetPlatform 'Windows'
[2026.08.23-23.38.17:155][  0]LogTargetPlatformManager: Display: Loaded TargetPlatform 'WindowsClient'
[2026.08.23-23.38.17:158][  0]LogTargetPlatformManager: Display: Loaded TargetPlatform 'WindowsServer'
[2026.08.23-23.38.17:158][  0]LogTargetPlatformManager: Display: Building Assets For Windows
[2026.08.23-23.38.17:164][  0]LogAudioDebug: Display: Lib vorbis DLL was dynamically loaded.
[2026.08.23-23.38.17:186][  0]LogTextureFormatOodle: Display: Oodle Texture 2.9.0 init RDO Off
[2026.08.23-23.38.17:209][  0]LogRendererCore: Ray tracing is disabled. Reason: r.RayTracing=0.
[2026.08.23-23.38.17:209][  0]LogShaderCompilers: Guid format shader working directory is -42 characters bigger than the processId version (E:/_Alex's Data/Unreal Engine/Unreal Projects/Brackeys2026/Brackeys-2026/BrackeysJam2026/Intermediate/Shaders/WorkingDirectory/27476/).
[2026.08.23-23.38.17:209][  0]LogShaderCompilers: Cleaned the shader compiler working directory 'C:/Users/Alex T/AppData/Local/Temp/UnrealShaderWorkingDir/5AD9846F4A39B57CDA1489B329D880C8/'.
[2026.08.23-23.38.17:209][  0]LogXGEController: Cannot use XGE Controller as Incredibuild is not installed on this machine.
[2026.08.23-23.38.17:209][  0]LogShaderCompilers: Cannot use XGE Shader Compiler as Incredibuild is not installed on this machine.
[2026.08.23-23.38.17:209][  0]LogShaderCompilers: Display: Using Local Shader Compiler.
[2026.08.23-23.38.17:678][  0]LogDerivedDataCache: Display: Max Cache Size: 512 MB
[2026.08.23-23.38.17:739][  0]LogDerivedDataCache: Loaded boot cache 0.06s 94MB C:/Users/Alex T/AppData/Local/UnrealEngine/4.27/DerivedDataCache/Boot.ddc.
[2026.08.23-23.38.17:740][  0]LogDerivedDataCache: Display: Loaded Boot cache: C:/Users/Alex T/AppData/Local/UnrealEngine/4.27/DerivedDataCache/Boot.ddc
[2026.08.23-23.38.17:740][  0]LogDerivedDataCache: FDerivedDataBackendGraph:  Pak pak cache file E:/_Alex's Data/Unreal Engine/Unreal Projects/Brackeys2026/Brackeys-2026/BrackeysJam2026/DerivedDataCache/DDC.ddp not found, will not use a pak cache.
[2026.08.23-23.38.17:740][  0]LogDerivedDataCache: Unable to find inner node Pak for hierarchical cache Hierarchy.
[2026.08.23-23.38.17:740][  0]LogDerivedDataCache: FDerivedDataBackendGraph:  CompressedPak pak cache file E:/_Alex's Data/Unreal Engine/Unreal Projects/Brackeys2026/Brackeys-2026/BrackeysJam2026/DerivedDataCache/Compressed.ddp not found, will not use a pak cache.
[2026.08.23-23.38.17:740][  0]LogDerivedDataCache: Unable to find inner node CompressedPak for hierarchical cache Hierarchy.
[2026.08.23-23.38.17:753][  0]LogDerivedDataCache: Display: Pak cache opened for reading ../../../Engine/DerivedDataCache/Compressed.ddp.
[2026.08.23-23.38.17:754][  0]LogDerivedDataCache: FDerivedDataBackendGraph:  EnterprisePak pak cache file ../../../Enterprise/DerivedDataCache/Compressed.ddp not found, will not use a pak cache.
[2026.08.23-23.38.17:754][  0]LogDerivedDataCache: Unable to find inner node EnterprisePak for hierarchical cache Hierarchy.
[2026.08.23-23.38.17:763][  0]LogDerivedDataCache: Speed tests for C:/Users/Alex T/AppData/Local/UnrealEngine/Common/DerivedDataCache took 0.01 seconds
[2026.08.23-23.38.17:763][  0]LogDerivedDataCache: Display: Performance to C:/Users/Alex T/AppData/Local/UnrealEngine/Common/DerivedDataCache: Latency=0.02ms. RandomReadSpeed=1010.09MBs, RandomWriteSpeed=125.79MBs. Assigned SpeedClass 'Local'
[2026.08.23-23.38.17:764][  0]LogDerivedDataCache: Using Local data cache path C:/Users/Alex T/AppData/Local/UnrealEngine/Common/DerivedDataCache: Writable
[2026.08.23-23.38.17:764][  0]LogDerivedDataCache: Shared data cache path not found in *engine.ini, will not use an Shared cache.
[2026.08.23-23.38.17:764][  0]LogDerivedDataCache: Unable to find inner node Shared for hierarchical cache Hierarchy.
[2026.08.23-23.38.17:800][  0]LogSlate: Using FreeType 2.10.0
[2026.08.23-23.38.17:801][  0]LogSlate: SlateFontServices - WITH_FREETYPE: 1, WITH_HARFBUZZ: 1
[2026.08.23-23.38.17:821][  0]LogAssetRegistry: FAssetRegistry took 0.0027 seconds to start up
[2026.08.23-23.38.18:020][  0]LogInit: Selected Device Profile: [Windows]
[2026.08.23-23.38.18:020][  0]LogInit: Active device profile: [000001A4F429BC00][000001A4F26A9380 49] Windows
[2026.08.23-23.38.18:020][  0]LogInit: Profiles: [000001A4F429BC00][000001A4F26A9380 49] Windows, [000001A4F4228500][000001A4F4CAB640 49] WindowsNoEditor, [000001A4F4298500][000001A4F4D13900 49] WindowsServer, [000001A4F422B600][000001A4F4D17BC0 49] WindowsClient, [000001A4F429B500][000001A4F4D94300 49] IOS, [000001A4F4228E00][000001A4F4DA45C0 49] iPadAir, [000001A4F4298D00][000001A4F4DA8880 49] iPadAir2, [000001A4F4064600][000001A4F4DB8D80 49] IPadPro, [000001A4F4064700][000001A4F4DACDC0 49] iPadAir3, [000001A4F429AF00][000001A4F4DB5080 49] iPadAir4, [000001A4F4067A00][000001A4F4DB1340 49] iPadMini2, [000001A4F4299100][000001A4F4DBD600 49] iPadMini3, [000001A4F4065600][000001A4F4DC58C0 49] iPadMini4, [000001A4F429A800][000001A4ED281B80 49] iPadMini5, [000001A4F400FE00][000001A4F4DC8540 49] iPhone6, [000001A4F400FF00][000001A4ED284580 49] iPodTouch6, [000001A4F422B400][000001A4F4DD0AC0 49] iPhone7, [000001A4F422AE00][000001A4ED28CB00 49] iPodTouch7, [000001A4F400CA00][000001A4F4C52D80 49] iPhone5S, [000001A4F422A400][000001A4ED291000 49] iPhone6Plus, [000001A4F400F000][000001A4F4DCD2C0 49] iPhone6S, [000001A4F4228F00][000001A4F4DD5580 49] iPhone6SPlus, [000001A4F400D100][000001A4F4DD9840 49] iPhone7Plus, [000001A4F422B800][000001A4F4DDDB00 49] iPhoneSE, [000001A4F400E900][000001A4F4DE0240 49] iPhone8, [000001A4F4229300][000001A4F4DE4500 49] iPhone8Plus, [000001A4F400D800][000001A4F4DE87C0 49] iPhoneX, [000001A4F422B000][000001A4F4DECA80 49] iPhoneXS, [000001A4F400FD00][000001A4F4DF0D40 49] iPhoneXSMax, [000001A4F4229C00][000001A4ED288FC0 49] iPhoneXR, [000001A4F400C700][000001A4F4DF5240 49] iPhone11, [000001A4F422AB00][000001A4F4DFD500 49] iPhone11Pro, [000001A4F400F400][000001A4EE8F97C0 49] iPhone11ProMax, [000001A4F4228700][000001A4EE8FDA80 49] iPhoneSE2, [000001A4F400ED00][000001A4EE9001C0 49] iPhone12Mini, [000001A4F422AA00][000001A4EE904480 49] iPhone12, [000001A4F400D300][000001A4EE908740 49] iPhone12Pro, [000001A4F4229F00][000001A4EE90CA00 49] iPhone12ProMax, [000001A4F400C900][000001A4EE910CC0 49] iPadPro105, [000001A4F4228400][000001A4EE914F80 49] iPadPro129, [000001A4F400F300][000001A4F4DF9200 49] iPadPro97, [000001A4F4229100][000001A4EE919480 49] iPadPro2_129, [000001A4F400D200][000001A4EE921740 49] iPad5, [000001A4F4229A00][000001A4EE925A00 49] iPad6, [000001A4F400CD00][000001A4EE928140 49] iPad7, [000001A4F4228B00][000001A4EE92C400 49] iPad8, [000001A4F400C300][000001A4EE9306C0 49] iPadPro11, [000001A4F4228100][000001A4EE934980 49] iPadPro2_11, [000001A4F400CE00][000001A4EE938C40 49] iPadPro3_129, [000001A4F422B500][000001A4EE93CF00 49] iPadPro4_129, [000001A4F400DD00][000001A4EE9411C0 49] AppleTV, [000001A4F4228900][000001A4EE91D440 49] AppleTV4K, [000001A4F400C600][000001A4EE9456C0 49] TVOS, [000001A4F422BE00][000001A4EE94D980 49] Mac, [000001A4F400CB00][000001A4EE9500C0 49] MacClient, [000001A4F4229D00][000001A4EE954380 49] MacNoEditor, [000001A4F400C200][000001A4EE958640 49] MacServer, [000001A4F422A500][000001A4EE95C900 49] Linux, [000001A4F400E100][000001A4EE960BC0 49] LinuxAArch64, [000001A4F422AF00][000001A4EE964E80 49] LinuxNoEditor, [000001A4F400F700][000001A4EE969140 49] LinuxAArch64NoEditor, [000001A4F422B300][000001A4EE96D400 49] LinuxClient, [000001A4F400CF00][000001A4EE949680 49] LinuxAArch64Client, [000001A4F4229400][000001A4EE85F900 49] LinuxServer, [000001A4F400F100][000001A4EE867BC0 49] LinuxAArch64Server, [000001A4F4229500][000001A4EE86A300 49] Android, [000001A4F400F500][000001A4EE86E5C0 49] Android_Low, [000001A4F422BF00][000001A4EE872880 49] Android_Mid, [000001A4F400EB00][000001A4EE876B40 49] Android_High, [000001A4F4299400][000001A4EE87AE00 49] Android_Default, [000001A4F43E6700][000001A4EE87F0C0 49] Android_Adreno4xx, [000001A4F429BA00][000001A4EE883380 49] Android_Adreno5xx_Low, [000001A4F43E4300][000001A4EE887640 49] Android_Adreno5xx, [000001A4F429B000][000001A4EE8638C0 49] Android_Adreno6xx, [000001A4F43E5200][000001A4EE88BB40 49] Android_Adreno6xx_Vulkan, [000001A4F4299B00][000001A4EE892280 49] Android_Mali_T6xx, [000001A4F43E5700][000001A4EE896540 49] Android_Mali_T7xx, [000001A4F4298A00][000001A4EE89A800 49] Android_Mali_T8xx, [000001A4F43E5100][000001A4EE89EAC0 49] Android_Mali_G71, [000001A4F429AB00][000001A4EE8A2D80 49] Android_Mali_G72, [000001A4F43E5E00][000001A4EE8A7040 49] Android_Mali_G72_Vulkan, [000001A4F429B700][000001A4EE8AB300 49] Android_Mali_G76, [000001A4F43E4500][000001A4EE8AF5C0 49] Android_Mali_G76_Vulkan, [000001A4F429AC00][000001A4EE8B3880 49] Android_Mali_G77, [000001A4F43E6600][000001A4EE88FB00 49] Android_Mali_G77_Vulkan, [000001A4F429BF00][000001A4EE8B6200 49] Android_Mali_G78, [000001A4F43E6D00][000001A4EE8BE4C0 49] Android_Mali_G78_Vulkan, [000001A4F4298100][000001A4EE8C2780 49] Android_Mali_G710, [000001A4F43E4400][000001A4EE8C6A40 49] Android_Mali_G710_Vulkan, [000001A4F400F800][000001A4EE8CAD00 49] Android_Vulkan_SM5, [000001A4F43E6200][000001A4EE8CEFC0 49] Android_PowerVR_G6xxx, [000001A4F400F600][000001A4EE8D3280 49] Android_PowerVR_GT7xxx, [000001A4F43E5B00][000001A4EE8D7540 49] Android_PowerVR_GE8xxx, [000001A4F400FA00][000001A4EE8DB800 49] Android_PowerVR_GM9xxx, [000001A4F43E5000][000001A4EE8DFAC0 49] Android_PowerVR_GM9xxx_Vulkan, [000001A4F400C100][000001A4EE8BA1C0 49] Android_TegraK1, [000001A4F43E4D00][000001A4EE8E2440 49] Android_Unknown_Vulkan, [000001A4F400CC00][000001A4EE8EA700 49] Lumin, [000001A4F43E4C00][000001A4EE8EE9C0 49] Lumin_Desktop, [000001A4F400DC00][000001A4EE8F2C80 49] HoloLens, 
[2026.08.23-23.38.18:125][  0]LogMeshReduction: Using QuadricMeshReduction for automatic static mesh reduction
[2026.08.23-23.38.18:125][  0]LogMeshReduction: Using SimplygonMeshReduction for automatic skeletal mesh reduction
[2026.08.23-23.38.18:125][  0]LogMeshReduction: Using ProxyLODMeshReduction for automatic mesh merging
[2026.08.23-23.38.18:125][  0]LogMeshReduction: No distributed automatic mesh merging module available
[2026.08.23-23.38.18:125][  0]LogMeshMerging: No distributed automatic mesh merging module available
[2026.08.23-23.38.18:136][  0]LogNetVersion: BrackeysJam2026 1.0.0, NetCL: 17155196, EngineNetVer: 17, GameNetVer: 0 (Checksum: 1239153582)
[2026.08.23-23.38.18:411][  0]LogTexture: Default maximum texture size for cubemaps generated from long-lat sources has been changed from 512 to unlimited. In order to preserve old behaiour for '/Engine/MapTemplates/Sky/DaylightAmbientCubemap.DaylightAmbientCubemap', its maximum texture size has been explicitly set to 512.
[2026.08.23-23.38.18:454][  0]LogHMD: PokeAHoleMaterial loaded successfully
[2026.08.23-23.38.18:459][  0]LogUObjectArray: 17179 objects as part of root set at end of initial load.
[2026.08.23-23.38.18:459][  0]LogUObjectAllocator: 4302256 out of 0 bytes used by permanent object pool.
[2026.08.23-23.38.18:459][  0]LogUObjectArray: CloseDisregardForGC: 0/0 objects in disregard for GC pool
[2026.08.23-23.38.18:650][  0]LogPython: Using Python 3.7.7
[2026.08.23-23.38.18:967][  0]LogNiagaraDebuggerClient: Niagara Debugger Client Initialized | Session: 1D0877994BD2D9AA7BBB7580E0C91584 | Instance: 7EE87783487109504EB6798EE876ED8F (LAPTOP-EB09ONFM-27476).
[2026.08.23-23.38.19:070][  0]LogTcpMessaging: Initializing TcpMessaging bridge
[2026.08.23-23.38.19:073][  0]LogUdpMessaging: Initializing bridge on interface 0.0.0.0:0 to multicast group 230.0.0.1:6666.
[2026.08.23-23.38.19:342][  0]LogOpenImageDenoise: OIDN starting up
[2026.08.23-23.38.19:353][  0]SourceControl: Source control is disabled
[2026.08.23-23.38.19:353][  0]SourceControl: Source control is disabled
[2026.08.23-23.38.19:356][  0]SourceControl: Source control is disabled
[2026.08.23-23.38.19:359][  0]SourceControl: Source control is disabled
[2026.08.23-23.38.19:364][  0]SourceControl: Source control is disabled
[2026.08.23-23.38.19:370][  0]LogUProjectInfo: Found projects:
[2026.08.23-23.38.19:418][  0]LogAndroidPermission: UAndroidPermissionCallbackProxy::GetInstance
[2026.08.23-23.38.19:430][  0]LogAudioCaptureCore: Display: No Audio Capture implementations found. Audio input will be silent.
[2026.08.23-23.38.19:430][  0]LogAudioCaptureCore: Display: No Audio Capture implementations found. Audio input will be silent.
[2026.08.23-23.38.19:519][  0]LogCollectionManager: Loaded 0 collections in 0.001151 seconds
[2026.08.23-23.38.19:540][  0]LogFileCache: Scanning file cache for directory 'E:/_Alex's Data/Unreal Engine/Unreal Projects/Brackeys2026/Brackeys-2026/BrackeysJam2026/Saved/Collections/' took 0.00s
[2026.08.23-23.38.19:540][  0]LogFileCache: Scanning file cache for directory 'E:/_Alex's Data/Unreal Engine/Unreal Projects/Brackeys2026/Brackeys-2026/BrackeysJam2026/Content/Developers/AlexT/Collections/' took 0.00s
[2026.08.23-23.38.19:540][  0]LogFileCache: Scanning file cache for directory 'E:/_Alex's Data/Unreal Engine/Unreal Projects/Brackeys2026/Brackeys-2026/BrackeysJam2026/Content/Collections/' took 0.00s
[2026.08.23-23.38.19:540][  0]LogOcInput: OculusInput pre-init called
[2026.08.23-23.38.19:721][  0]LogEngine: Initializing Engine...
[2026.08.23-23.38.19:724][  0]LogHMD: Failed to enumerate extensions. Please check that you have a valid OpenXR runtime installed.
[2026.08.23-23.38.19:724][  0]LogHMD: Failed to initialize OpenVR with code 110
[2026.08.23-23.38.19:724][  0]LogMagicLeap: Warning: VR disabled because ZI is not enabled.  To enable, in the editor, Edit -> Project Settings -> Plugins -> Magic Leap Plugin -> Enable Zero Iteration
[2026.08.23-23.38.19:725][  0]LogStats: UGameplayTagsManager::InitializeManager -  0.000 s
[2026.08.23-23.38.19:807][  0]LogInit: Initializing FReadOnlyCVARCache
[2026.08.23-23.38.19:815][  0]LogAIModule: Creating AISystem for world Untitled
[2026.08.23-23.38.19:815][  0]LogAudio: Display: Initializing Audio Device Manager...
[2026.08.23-23.38.19:818][  0]LogAudio: Display: Loading Default Audio Settings Objects...
[2026.08.23-23.38.19:818][  0]LogAudio: Display: No default SoundConcurrencyObject specified (or failed to load).
[2026.08.23-23.38.19:819][  0]LogAudio: Display: Audio Device Manager Initialized
[2026.08.23-23.38.19:819][  0]LogAudio: Display: Creating Audio Device:                 Id: 1, Scope: Shared, Realtime: True
[2026.08.23-23.38.19:819][  0]LogAudioMixer: Display: Audio Mixer Platform Settings:
[2026.08.23-23.38.19:819][  0]LogAudioMixer: Display: 	Sample Rate:						  48000
[2026.08.23-23.38.19:819][  0]LogAudioMixer: Display: 	Callback Buffer Frame Size Requested: 1024
[2026.08.23-23.38.19:819][  0]LogAudioMixer: Display: 	Callback Buffer Frame Size To Use:	  1024
[2026.08.23-23.38.19:819][  0]LogAudioMixer: Display: 	Number of buffers to queue:			  2
[2026.08.23-23.38.19:819][  0]LogAudioMixer: Display: 	Max Channels (voices):				  32
[2026.08.23-23.38.19:819][  0]LogAudioMixer: Display: 	Number of Async Source Workers:		  0
[2026.08.23-23.38.19:819][  0]LogAudio: Display: AudioDevice MaxSources: 32
[2026.08.23-23.38.19:819][  0]LogAudio: Display: Audio Spatialization Plugin: None (built-in).
[2026.08.23-23.38.19:819][  0]LogAudio: Display: Audio Reverb Plugin: None (built-in).
[2026.08.23-23.38.19:819][  0]LogAudio: Display: Audio Occlusion Plugin: None (built-in).
[2026.08.23-23.38.19:819][  0]LogAudioMixer: Display: Initializing audio mixer.
[2026.08.23-23.38.19:833][  0]LogAudioMixer: Display: 0: FrontLeft
[2026.08.23-23.38.19:833][  0]LogAudioMixer: Display: 1: FrontRight
[2026.08.23-23.38.19:872][  0]LogAudioMixer: Display: Using Audio Device Realtek HD Audio 2nd output (Realtek(R) Audio)
[2026.08.23-23.38.19:872][  0]LogAudioMixer: Display: Initializing Sound Submixes...
[2026.08.23-23.38.19:874][  0]LogAudioMixer: Display: Creating Master Submix 'MasterSubmixDefault'
[2026.08.23-23.38.19:874][  0]LogAudioMixer: Display: Creating Master Submix 'MasterReverbSubmixDefault'
[2026.08.23-23.38.19:875][  0]LogAudioMixer: Display: Creating Master Submix 'MasterEQSubmixDefault'
[2026.08.23-23.38.19:875][  0]LogAudioMixer: FMixerPlatformXAudio2::StartAudioStream() called
[2026.08.23-23.38.19:875][  0]LogAudioMixer: Display: Output buffers initialized: Frames=1024, Channels=2, Samples=2048
[2026.08.23-23.38.19:876][  0]LogAudioMixer: Display: Starting AudioMixerPlatformInterface::RunInternal()
[2026.08.23-23.38.19:876][  0]LogAudioMixer: Display: FMixerPlatformXAudio2::SubmitBuffer() called for the first time
[2026.08.23-23.38.19:876][  0]LogInit: FAudioDevice initialized.
[2026.08.23-23.38.19:877][  0]LogAudio: Display: Audio Device (ID: 1) registered with world 'Untitled'.
[2026.08.23-23.38.19:877][  0]LogNetVersion: Set ProjectVersion to 1.0.0.0. Version Checksum will be recalculated on next use.
[2026.08.23-23.38.19:917][  0]LogDerivedDataCache: Saved boot cache 0.04s 94MB C:/Users/Alex T/AppData/Local/UnrealEngine/4.27/DerivedDataCache/Boot.ddc.
[2026.08.23-23.38.19:918][  0]LogInit: Texture streaming: Enabled
[2026.08.23-23.38.19:928][  0]LogAnalytics: Display: [UEEditor.Rocket.Release] APIServer = https://datarouter.ol.epicgames.com/. AppVersion = 4.27.2-18319896+++UE4+Release-4.27
[2026.08.23-23.38.19:932][  0]LogEngineSessionManager: EngineSessionManager initialized
[2026.08.23-23.38.19:932][  0]LogEditorSessionSummary: Verbose: Initializing EditorSessionSummaryWriter for editor session tracking
[2026.08.23-23.38.19:937][  0]LogEditorSessionSummary: EditorSessionSummaryWriter initialized
[2026.08.23-23.38.20:291][  0]LogInit: Transaction tracking system initialized
[2026.08.23-23.38.20:309][  0]BlueprintLog: New page: Editor Load
[2026.08.23-23.38.20:359][  0]LocalizationService: Localization service is disabled
[2026.08.23-23.38.20:384][  0]TimingProfiler: Initialize
[2026.08.23-23.38.20:384][  0]TimingProfiler: OnSessionChanged
[2026.08.23-23.38.20:384][  0]LoadingProfiler: Initialize
[2026.08.23-23.38.20:384][  0]LoadingProfiler: OnSessionChanged
[2026.08.23-23.38.20:384][  0]NetworkingProfiler: Initialize
[2026.08.23-23.38.20:384][  0]NetworkingProfiler: OnSessionChanged
[2026.08.23-23.38.20:384][  0]MemoryProfiler: Initialize
[2026.08.23-23.38.20:384][  0]MemoryProfiler: OnSessionChanged
[2026.08.23-23.38.20:507][  0]LogCook: Display: CookSettings for Memory: MemoryMaxUsedVirtual 0MiB, MemoryMaxUsedPhysical 16384MiB, MemoryMinFreeVirtual 0MiB, MemoryMinFreePhysical 1024MiB
[2026.08.23-23.38.20:508][  0]LogCook: Display: Mobile HDR setting 1
[2026.08.23-23.38.20:677][  0]LogFileCache: Scanning file cache for directory 'E:/_Alex's Data/Unreal Engine/Unreal Projects/Brackeys2026/Brackeys-2026/BrackeysJam2026/Content/' took 0.00s
[2026.08.23-23.38.20:815][  0]LogInit: Display: Engine is initialized. Leaving FEngineLoop::Init()
[2026.08.23-23.38.20:819][  0]SourceControl: Source control is disabled
[2026.08.23-23.38.20:819][  0]LogUnrealEdMisc: Loading editor; pre map load, took 5.867
[2026.08.23-23.38.20:819][  0]Cmd: MAP LOAD FILE="E:/_Alex's Data/Unreal Engine/Unreal Projects/Brackeys2026/Brackeys-2026/BrackeysJam2026/Content/Brackeys2026/Levels/Brackeys2026Map.umap" TEMPLATE=0 SHOWPROGRESS=1 FEATURELEVEL=3
[2026.08.23-23.38.20:838][  0]LightingResults: New page: Lighting Build
[2026.08.23-23.38.20:839][  0]LogWorld: UWorld::CleanupWorld for Untitled, bSessionEnded=true, bCleanupResources=true
[2026.08.23-23.38.20:839][  0]LogSlate: InvalidateAllWidgets triggered.  All widgets were invalidated
[2026.08.23-23.38.20:840][  0]MapCheck: New page: Map Check
[2026.08.23-23.38.20:840][  0]LightingResults: New page: Lighting Build
[2026.08.23-23.38.20:844][  0]LogAudio: Display: Audio Device unregistered from world 'None'.
[2026.08.23-23.38.20:846][  0]LogUObjectHash: Compacting FUObjectHashTables data took   0.65ms
[2026.08.23-23.38.20:903][  0]LogAudio: Display: Audio Device (ID: 1) registered with world 'Brackeys2026Map'.
[2026.08.23-23.38.20:903][  0]LogAIModule: Creating AISystem for world Brackeys2026Map
[2026.08.23-23.38.20:913][  0]LogEditorServer: Finished looking for orphan Actors (0.000 secs)
[2026.08.23-23.38.20:929][  0]LogUObjectHash: Compacting FUObjectHashTables data took   0.54ms
[2026.08.23-23.38.20:929][  0]Cmd: MAP CHECKDEP NOCLEARLOG
[2026.08.23-23.38.20:929][  0]MapCheck: Map check complete: 0 Error(s), 0 Warning(s), took 0.167ms to complete.
[2026.08.23-23.38.20:929][  0]LogFileHelpers: Loading map 'Brackeys2026Map' took 0.109
[2026.08.23-23.38.20:930][  0]LogUnrealEdMisc: Total Editor Startup Time, took 5.977
[2026.08.23-23.38.21:051][  0]LogSlate: The tab "Cesium" attempted to spawn in layout 'LevelEditor_Layout_v1.2' but failed for some reason. It will not be displayed.
[2026.08.23-23.38.21:075][  0]LogSlate: Updating window title bar state: overlay mode, drag disabled, window buttons hidden, title bar hidden
[2026.08.23-23.38.21:081][  0]LogSlate: Updating window title bar state: overlay mode, drag disabled, window buttons hidden, title bar hidden
[2026.08.23-23.38.21:087][  0]LogSlate: Updating window title bar state: overlay mode, drag disabled, window buttons hidden, title bar hidden
[2026.08.23-23.38.21:091][  0]LogSlate: Updating window title bar state: overlay mode, drag disabled, window buttons hidden, title bar hidden
[2026.08.23-23.38.21:383][  0]LogSlate: Only BGRA pngs, bmps or icos are supported in by External Image Picker
[2026.08.23-23.38.21:439][  0]LogNativeClassHierarchy: Verbose: Native class hierarchy populated in 0.0086 seconds. Added 3824 classes and 931 folders.
[2026.08.23-23.38.21:441][  0]LogNativeClassHierarchy: Verbose: Native class hierarchy updated for 'WidgetCarousel' in 0.0003 seconds. Added 0 classes and 0 folders.
[2026.08.23-23.38.21:443][  0]LogPakFile: PakFile PrimaryIndexSize=187
[2026.08.23-23.38.21:443][  0]LogPakFile: PakFile PathHashIndexSize=101
[2026.08.23-23.38.21:443][  0]LogPakFile: PakFile FullDirectoryIndexSize=148
[2026.08.23-23.38.21:443][  0]LogShaderLibrary: Display: ShaderCodeLibraryPakFileMountedCallback: PakFile 'C:/Program Files/Epic Games/UE_4.27/FeaturePacks/FP_FirstPerson.upack' (chunk index -1, root 'root:/') mounted
[2026.08.23-23.38.21:443][  0]LogShaderLibrary: Display: ShaderCodeLibraryPakFileMountedCallback: pending pak file info (ChunkID:-1 Root:root:/ File:C:/Program Files/Epic Games/UE_4.27/FeaturePacks/FP_FirstPerson.upack)
[2026.08.23-23.38.21:443][  0]LogPakFile: OnPakFileMounted2Time == 0.000051
[2026.08.23-23.38.21:444][  0]LogPakFile: PakFile PrimaryIndexSize=189
[2026.08.23-23.38.21:444][  0]LogPakFile: PakFile PathHashIndexSize=101
[2026.08.23-23.38.21:444][  0]LogPakFile: PakFile FullDirectoryIndexSize=152
[2026.08.23-23.38.21:444][  0]LogShaderLibrary: Display: ShaderCodeLibraryPakFileMountedCallback: PakFile 'C:/Program Files/Epic Games/UE_4.27/FeaturePacks/FP_FirstPersonBP.upack' (chunk index -1, root 'root:/') mounted
[2026.08.23-23.38.21:444][  0]LogShaderLibrary: Display: ShaderCodeLibraryPakFileMountedCallback: pending pak file info (ChunkID:-1 Root:root:/ File:C:/Program Files/Epic Games/UE_4.27/FeaturePacks/FP_FirstPersonBP.upack)
[2026.08.23-23.38.21:444][  0]LogPakFile: OnPakFileMounted2Time == 0.000034
[2026.08.23-23.38.21:444][  0]LogPakFile: PakFile PrimaryIndexSize=191
[2026.08.23-23.38.21:444][  0]LogPakFile: PakFile PathHashIndexSize=101
[2026.08.23-23.38.21:444][  0]LogPakFile: PakFile FullDirectoryIndexSize=160
[2026.08.23-23.38.21:444][  0]LogShaderLibrary: Display: ShaderCodeLibraryPakFileMountedCallback: PakFile 'C:/Program Files/Epic Games/UE_4.27/FeaturePacks/MobileStarterContent.upack' (chunk index -1, root 'root:/') mounted
[2026.08.23-23.38.21:444][  0]LogShaderLibrary: Display: ShaderCodeLibraryPakFileMountedCallback: pending pak file info (ChunkID:-1 Root:root:/ File:C:/Program Files/Epic Games/UE_4.27/FeaturePacks/MobileStarterContent.upack)
[2026.08.23-23.38.21:444][  0]LogPakFile: OnPakFileMounted2Time == 0.000027
[2026.08.23-23.38.21:445][  0]LogPakFile: PakFile PrimaryIndexSize=185
[2026.08.23-23.38.21:445][  0]LogPakFile: PakFile PathHashIndexSize=101
[2026.08.23-23.38.21:445][  0]LogPakFile: PakFile FullDirectoryIndexSize=148
[2026.08.23-23.38.21:445][  0]LogShaderLibrary: Display: ShaderCodeLibraryPakFileMountedCallback: PakFile 'C:/Program Files/Epic Games/UE_4.27/FeaturePacks/StarterContent.upack' (chunk index -1, root 'root:/') mounted
[2026.08.23-23.38.21:445][  0]LogShaderLibrary: Display: ShaderCodeLibraryPakFileMountedCallback: pending pak file info (ChunkID:-1 Root:root:/ File:C:/Program Files/Epic Games/UE_4.27/FeaturePacks/StarterContent.upack)
[2026.08.23-23.38.21:445][  0]LogPakFile: OnPakFileMounted2Time == 0.000032
[2026.08.23-23.38.21:445][  0]LogPakFile: PakFile PrimaryIndexSize=190
[2026.08.23-23.38.21:445][  0]LogPakFile: PakFile PathHashIndexSize=101
[2026.08.23-23.38.21:445][  0]LogPakFile: PakFile FullDirectoryIndexSize=154
[2026.08.23-23.38.21:445][  0]LogShaderLibrary: Display: ShaderCodeLibraryPakFileMountedCallback: PakFile 'C:/Program Files/Epic Games/UE_4.27/FeaturePacks/TP_2DSideScroller.upack' (chunk index -1, root 'root:/') mounted
[2026.08.23-23.38.21:445][  0]LogShaderLibrary: Display: ShaderCodeLibraryPakFileMountedCallback: pending pak file info (ChunkID:-1 Root:root:/ File:C:/Program Files/Epic Games/UE_4.27/FeaturePacks/TP_2DSideScroller.upack)
[2026.08.23-23.38.21:445][  0]LogPakFile: OnPakFileMounted2Time == 0.000027
[2026.08.23-23.38.21:445][  0]LogPakFile: PakFile PrimaryIndexSize=192
[2026.08.23-23.38.21:445][  0]LogPakFile: PakFile PathHashIndexSize=101
[2026.08.23-23.38.21:446][  0]LogPakFile: PakFile FullDirectoryIndexSize=158
[2026.08.23-23.38.21:446][  0]LogShaderLibrary: Display: ShaderCodeLibraryPakFileMountedCallback: PakFile 'C:/Program Files/Epic Games/UE_4.27/FeaturePacks/TP_2DSideScrollerBP.upack' (chunk index -1, root 'root:/') mounted
[2026.08.23-23.38.21:446][  0]LogShaderLibrary: Display: ShaderCodeLibraryPakFileMountedCallback: pending pak file info (ChunkID:-1 Root:root:/ File:C:/Program Files/Epic Games/UE_4.27/FeaturePacks/TP_2DSideScrollerBP.upack)
[2026.08.23-23.38.21:446][  0]LogPakFile: OnPakFileMounted2Time == 0.000027
[2026.08.23-23.38.21:446][  0]LogPakFile: PakFile PrimaryIndexSize=182
[2026.08.23-23.38.21:446][  0]LogPakFile: PakFile PathHashIndexSize=101
[2026.08.23-23.38.21:446][  0]LogPakFile: PakFile FullDirectoryIndexSize=138
[2026.08.23-23.38.21:446][  0]LogShaderLibrary: Display: ShaderCodeLibraryPakFileMountedCallback: PakFile 'C:/Program Files/Epic Games/UE_4.27/FeaturePacks/TP_Flying.upack' (chunk index -1, root 'root:/') mounted
[2026.08.23-23.38.21:446][  0]LogShaderLibrary: Display: ShaderCodeLibraryPakFileMountedCallback: pending pak file info (ChunkID:-1 Root:root:/ File:C:/Program Files/Epic Games/UE_4.27/FeaturePacks/TP_Flying.upack)
[2026.08.23-23.38.21:446][  0]LogPakFile: OnPakFileMounted2Time == 0.000034
[2026.08.23-23.38.21:446][  0]LogPakFile: PakFile PrimaryIndexSize=184
[2026.08.23-23.38.21:446][  0]LogPakFile: PakFile PathHashIndexSize=101
[2026.08.23-23.38.21:446][  0]LogPakFile: PakFile FullDirectoryIndexSize=142
[2026.08.23-23.38.21:446][  0]LogShaderLibrary: Display: ShaderCodeLibraryPakFileMountedCallback: PakFile 'C:/Program Files/Epic Games/UE_4.27/FeaturePacks/TP_FlyingBP.upack' (chunk index -1, root 'root:/') mounted
[2026.08.23-23.38.21:446][  0]LogShaderLibrary: Display: ShaderCodeLibraryPakFileMountedCallback: pending pak file info (ChunkID:-1 Root:root:/ File:C:/Program Files/Epic Games/UE_4.27/FeaturePacks/TP_FlyingBP.upack)
[2026.08.23-23.38.21:446][  0]LogPakFile: OnPakFileMounted2Time == 0.000027
[2026.08.23-23.38.21:447][  0]LogPakFile: PakFile PrimaryIndexSize=188
[2026.08.23-23.38.21:447][  0]LogPakFile: PakFile PathHashIndexSize=101
[2026.08.23-23.38.21:447][  0]LogPakFile: PakFile FullDirectoryIndexSize=150
[2026.08.23-23.38.21:447][  0]LogShaderLibrary: Display: ShaderCodeLibraryPakFileMountedCallback: PakFile 'C:/Program Files/Epic Games/UE_4.27/FeaturePacks/TP_HandheldARBP.upack' (chunk index -1, root 'root:/') mounted
[2026.08.23-23.38.21:447][  0]LogShaderLibrary: Display: ShaderCodeLibraryPakFileMountedCallback: pending pak file info (ChunkID:-1 Root:root:/ File:C:/Program Files/Epic Games/UE_4.27/FeaturePacks/TP_HandheldARBP.upack)
[2026.08.23-23.38.21:447][  0]LogPakFile: OnPakFileMounted2Time == 0.000030
[2026.08.23-23.38.21:448][  0]LogPakFile: PakFile PrimaryIndexSize=182
[2026.08.23-23.38.21:448][  0]LogPakFile: PakFile PathHashIndexSize=101
[2026.08.23-23.38.21:448][  0]LogPakFile: PakFile FullDirectoryIndexSize=138
[2026.08.23-23.38.21:448][  0]LogShaderLibrary: Display: ShaderCodeLibraryPakFileMountedCallback: PakFile 'C:/Program Files/Epic Games/UE_4.27/FeaturePacks/TP_Puzzle.upack' (chunk index -1, root 'root:/') mounted
[2026.08.23-23.38.21:448][  0]LogShaderLibrary: Display: ShaderCodeLibraryPakFileMountedCallback: pending pak file info (ChunkID:-1 Root:root:/ File:C:/Program Files/Epic Games/UE_4.27/FeaturePacks/TP_Puzzle.upack)
[2026.08.23-23.38.21:448][  0]LogPakFile: OnPakFileMounted2Time == 0.000049
[2026.08.23-23.38.21:448][  0]LogPakFile: PakFile PrimaryIndexSize=184
[2026.08.23-23.38.21:448][  0]LogPakFile: PakFile PathHashIndexSize=101
[2026.08.23-23.38.21:448][  0]LogPakFile: PakFile FullDirectoryIndexSize=142
[2026.08.23-23.38.21:448][  0]LogShaderLibrary: Display: ShaderCodeLibraryPakFileMountedCallback: PakFile 'C:/Program Files/Epic Games/UE_4.27/FeaturePacks/TP_PuzzleBP.upack' (chunk index -1, root 'root:/') mounted
[2026.08.23-23.38.21:448][  0]LogShaderLibrary: Display: ShaderCodeLibraryPakFileMountedCallback: pending pak file info (ChunkID:-1 Root:root:/ File:C:/Program Files/Epic Games/UE_4.27/FeaturePacks/TP_PuzzleBP.upack)
[2026.08.23-23.38.21:448][  0]LogPakFile: OnPakFileMounted2Time == 0.000028
[2026.08.23-23.38.21:449][  0]LogPakFile: PakFile PrimaryIndexSize=183
[2026.08.23-23.38.21:449][  0]LogPakFile: PakFile PathHashIndexSize=101
[2026.08.23-23.38.21:449][  0]LogPakFile: PakFile FullDirectoryIndexSize=140
[2026.08.23-23.38.21:449][  0]LogShaderLibrary: Display: ShaderCodeLibraryPakFileMountedCallback: PakFile 'C:/Program Files/Epic Games/UE_4.27/FeaturePacks/TP_Rolling.upack' (chunk index -1, root 'root:/') mounted
[2026.08.23-23.38.21:449][  0]LogShaderLibrary: Display: ShaderCodeLibraryPakFileMountedCallback: pending pak file info (ChunkID:-1 Root:root:/ File:C:/Program Files/Epic Games/UE_4.27/FeaturePacks/TP_Rolling.upack)
[2026.08.23-23.38.21:449][  0]LogPakFile: OnPakFileMounted2Time == 0.000028
[2026.08.23-23.38.21:449][  0]LogPakFile: PakFile PrimaryIndexSize=185
[2026.08.23-23.38.21:449][  0]LogPakFile: PakFile PathHashIndexSize=101
[2026.08.23-23.38.21:449][  0]LogPakFile: PakFile FullDirectoryIndexSize=144
[2026.08.23-23.38.21:449][  0]LogShaderLibrary: Display: ShaderCodeLibraryPakFileMountedCallback: PakFile 'C:/Program Files/Epic Games/UE_4.27/FeaturePacks/TP_RollingBP.upack' (chunk index -1, root 'root:/') mounted
[2026.08.23-23.38.21:449][  0]LogShaderLibrary: Display: ShaderCodeLibraryPakFileMountedCallback: pending pak file info (ChunkID:-1 Root:root:/ File:C:/Program Files/Epic Games/UE_4.27/FeaturePacks/TP_RollingBP.upack)
[2026.08.23-23.38.21:449][  0]LogPakFile: OnPakFileMounted2Time == 0.000028
[2026.08.23-23.38.21:450][  0]LogPakFile: PakFile PrimaryIndexSize=188
[2026.08.23-23.38.21:450][  0]LogPakFile: PakFile PathHashIndexSize=101
[2026.08.23-23.38.21:450][  0]LogPakFile: PakFile FullDirectoryIndexSize=150
[2026.08.23-23.38.21:450][  0]LogShaderLibrary: Display: ShaderCodeLibraryPakFileMountedCallback: PakFile 'C:/Program Files/Epic Games/UE_4.27/FeaturePacks/TP_SideScroller.upack' (chunk index -1, root 'root:/') mounted
[2026.08.23-23.38.21:450][  0]LogShaderLibrary: Display: ShaderCodeLibraryPakFileMountedCallback: pending pak file info (ChunkID:-1 Root:root:/ File:C:/Program Files/Epic Games/UE_4.27/FeaturePacks/TP_SideScroller.upack)
[2026.08.23-23.38.21:450][  0]LogPakFile: OnPakFileMounted2Time == 0.000028
[2026.08.23-23.38.21:450][  0]LogPakFile: PakFile PrimaryIndexSize=190
[2026.08.23-23.38.21:450][  0]LogPakFile: PakFile PathHashIndexSize=101
[2026.08.23-23.38.21:450][  0]LogPakFile: PakFile FullDirectoryIndexSize=154
[2026.08.23-23.38.21:450][  0]LogShaderLibrary: Display: ShaderCodeLibraryPakFileMountedCallback: PakFile 'C:/Program Files/Epic Games/UE_4.27/FeaturePacks/TP_SideScrollerBP.upack' (chunk index -1, root 'root:/') mounted
[2026.08.23-23.38.21:450][  0]LogShaderLibrary: Display: ShaderCodeLibraryPakFileMountedCallback: pending pak file info (ChunkID:-1 Root:root:/ File:C:/Program Files/Epic Games/UE_4.27/FeaturePacks/TP_SideScrollerBP.upack)
[2026.08.23-23.38.21:450][  0]LogPakFile: OnPakFileMounted2Time == 0.000032
[2026.08.23-23.38.21:450][  0]LogPakFile: PakFile PrimaryIndexSize=187
[2026.08.23-23.38.21:450][  0]LogPakFile: PakFile PathHashIndexSize=101
[2026.08.23-23.38.21:450][  0]LogPakFile: PakFile FullDirectoryIndexSize=148
[2026.08.23-23.38.21:450][  0]LogShaderLibrary: Display: ShaderCodeLibraryPakFileMountedCallback: PakFile 'C:/Program Files/Epic Games/UE_4.27/FeaturePacks/TP_ThirdPerson.upack' (chunk index -1, root 'root:/') mounted
[2026.08.23-23.38.21:450][  0]LogShaderLibrary: Display: ShaderCodeLibraryPakFileMountedCallback: pending pak file info (ChunkID:-1 Root:root:/ File:C:/Program Files/Epic Games/UE_4.27/FeaturePacks/TP_ThirdPerson.upack)
[2026.08.23-23.38.21:450][  0]LogPakFile: OnPakFileMounted2Time == 0.000027
[2026.08.23-23.38.21:450][  0]LogPakFile: PakFile PrimaryIndexSize=189
[2026.08.23-23.38.21:450][  0]LogPakFile: PakFile PathHashIndexSize=101
[2026.08.23-23.38.21:450][  0]LogPakFile: PakFile FullDirectoryIndexSize=152
[2026.08.23-23.38.21:450][  0]LogShaderLibrary: Display: ShaderCodeLibraryPakFileMountedCallback: PakFile 'C:/Program Files/Epic Games/UE_4.27/FeaturePacks/TP_ThirdPersonBP.upack' (chunk index -1, root 'root:/') mounted
[2026.08.23-23.38.21:450][  0]LogShaderLibrary: Display: ShaderCodeLibraryPakFileMountedCallback: pending pak file info (ChunkID:-1 Root:root:/ File:C:/Program Files/Epic Games/UE_4.27/FeaturePacks/TP_ThirdPersonBP.upack)
[2026.08.23-23.38.21:450][  0]LogPakFile: OnPakFileMounted2Time == 0.000027
[2026.08.23-23.38.21:451][  0]LogPakFile: PakFile PrimaryIndexSize=183
[2026.08.23-23.38.21:451][  0]LogPakFile: PakFile PathHashIndexSize=101
[2026.08.23-23.38.21:451][  0]LogPakFile: PakFile FullDirectoryIndexSize=140
[2026.08.23-23.38.21:451][  0]LogShaderLibrary: Display: ShaderCodeLibraryPakFileMountedCallback: PakFile 'C:/Program Files/Epic Games/UE_4.27/FeaturePacks/TP_TopDown.upack' (chunk index -1, root 'root:/') mounted
[2026.08.23-23.38.21:451][  0]LogShaderLibrary: Display: ShaderCodeLibraryPakFileMountedCallback: pending pak file info (ChunkID:-1 Root:root:/ File:C:/Program Files/Epic Games/UE_4.27/FeaturePacks/TP_TopDown.upack)
[2026.08.23-23.38.21:451][  0]LogPakFile: OnPakFileMounted2Time == 0.000034
[2026.08.23-23.38.21:451][  0]LogPakFile: PakFile PrimaryIndexSize=185
[2026.08.23-23.38.21:451][  0]LogPakFile: PakFile PathHashIndexSize=101
[2026.08.23-23.38.21:451][  0]LogPakFile: PakFile FullDirectoryIndexSize=144
[2026.08.23-23.38.21:451][  0]LogShaderLibrary: Display: ShaderCodeLibraryPakFileMountedCallback: PakFile 'C:/Program Files/Epic Games/UE_4.27/FeaturePacks/TP_TopDownBP.upack' (chunk index -1, root 'root:/') mounted
[2026.08.23-23.38.21:451][  0]LogShaderLibrary: Display: ShaderCodeLibraryPakFileMountedCallback: pending pak file info (ChunkID:-1 Root:root:/ File:C:/Program Files/Epic Games/UE_4.27/FeaturePacks/TP_TopDownBP.upack)
[2026.08.23-23.38.21:451][  0]LogPakFile: OnPakFileMounted2Time == 0.000026
[2026.08.23-23.38.21:452][  0]LogPakFile: PakFile PrimaryIndexSize=185
[2026.08.23-23.38.21:452][  0]LogPakFile: PakFile PathHashIndexSize=101
[2026.08.23-23.38.21:452][  0]LogPakFile: PakFile FullDirectoryIndexSize=144
[2026.08.23-23.38.21:452][  0]LogShaderLibrary: Display: ShaderCodeLibraryPakFileMountedCallback: PakFile 'C:/Program Files/Epic Games/UE_4.27/FeaturePacks/TP_TwinStick.upack' (chunk index -1, root 'root:/') mounted
[2026.08.23-23.38.21:452][  0]LogShaderLibrary: Display: ShaderCodeLibraryPakFileMountedCallback: pending pak file info (ChunkID:-1 Root:root:/ File:C:/Program Files/Epic Games/UE_4.27/FeaturePacks/TP_TwinStick.upack)
[2026.08.23-23.38.21:452][  0]LogPakFile: OnPakFileMounted2Time == 0.000029
[2026.08.23-23.38.21:452][  0]LogPakFile: PakFile PrimaryIndexSize=187
[2026.08.23-23.38.21:452][  0]LogPakFile: PakFile PathHashIndexSize=101
[2026.08.23-23.38.21:452][  0]LogPakFile: PakFile FullDirectoryIndexSize=148
[2026.08.23-23.38.21:452][  0]LogShaderLibrary: Display: ShaderCodeLibraryPakFileMountedCallback: PakFile 'C:/Program Files/Epic Games/UE_4.27/FeaturePacks/TP_TwinStickBP.upack' (chunk index -1, root 'root:/') mounted
[2026.08.23-23.38.21:452][  0]LogShaderLibrary: Display: ShaderCodeLibraryPakFileMountedCallback: pending pak file info (ChunkID:-1 Root:root:/ File:C:/Program Files/Epic Games/UE_4.27/FeaturePacks/TP_TwinStickBP.upack)
[2026.08.23-23.38.21:452][  0]LogPakFile: OnPakFileMounted2Time == 0.000026
[2026.08.23-23.38.21:453][  0]LogPakFile: PakFile PrimaryIndexSize=183
[2026.08.23-23.38.21:453][  0]LogPakFile: PakFile PathHashIndexSize=101
[2026.08.23-23.38.21:453][  0]LogPakFile: PakFile FullDirectoryIndexSize=140
[2026.08.23-23.38.21:453][  0]LogShaderLibrary: Display: ShaderCodeLibraryPakFileMountedCallback: PakFile 'C:/Program Files/Epic Games/UE_4.27/FeaturePacks/TP_Vehicle.upack' (chunk index -1, root 'root:/') mounted
[2026.08.23-23.38.21:453][  0]LogShaderLibrary: Display: ShaderCodeLibraryPakFileMountedCallback: pending pak file info (ChunkID:-1 Root:root:/ File:C:/Program Files/Epic Games/UE_4.27/FeaturePacks/TP_Vehicle.upack)
[2026.08.23-23.38.21:453][  0]LogPakFile: OnPakFileMounted2Time == 0.000037
[2026.08.23-23.38.21:453][  0]LogPakFile: PakFile PrimaryIndexSize=186
[2026.08.23-23.38.21:453][  0]LogPakFile: PakFile PathHashIndexSize=101
[2026.08.23-23.38.21:453][  0]LogPakFile: PakFile FullDirectoryIndexSize=146
[2026.08.23-23.38.21:453][  0]LogShaderLibrary: Display: ShaderCodeLibraryPakFileMountedCallback: PakFile 'C:/Program Files/Epic Games/UE_4.27/FeaturePacks/TP_VehicleAdv.upack' (chunk index -1, root 'root:/') mounted
[2026.08.23-23.38.21:453][  0]LogShaderLibrary: Display: ShaderCodeLibraryPakFileMountedCallback: pending pak file info (ChunkID:-1 Root:root:/ File:C:/Program Files/Epic Games/UE_4.27/FeaturePacks/TP_VehicleAdv.upack)
[2026.08.23-23.38.21:453][  0]LogPakFile: OnPakFileMounted2Time == 0.000039
[2026.08.23-23.38.21:454][  0]LogPakFile: PakFile PrimaryIndexSize=188
[2026.08.23-23.38.21:454][  0]LogPakFile: PakFile PathHashIndexSize=101
[2026.08.23-23.38.21:454][  0]LogPakFile: PakFile FullDirectoryIndexSize=150
[2026.08.23-23.38.21:454][  0]LogShaderLibrary: Display: ShaderCodeLibraryPakFileMountedCallback: PakFile 'C:/Program Files/Epic Games/UE_4.27/FeaturePacks/TP_VehicleAdvBP.upack' (chunk index -1, root 'root:/') mounted
[2026.08.23-23.38.21:454][  0]LogShaderLibrary: Display: ShaderCodeLibraryPakFileMountedCallback: pending pak file info (ChunkID:-1 Root:root:/ File:C:/Program Files/Epic Games/UE_4.27/FeaturePacks/TP_VehicleAdvBP.upack)
[2026.08.23-23.38.21:454][  0]LogPakFile: OnPakFileMounted2Time == 0.000037
[2026.08.23-23.38.21:454][  0]LogPakFile: PakFile PrimaryIndexSize=185
[2026.08.23-23.38.21:454][  0]LogPakFile: PakFile PathHashIndexSize=101
[2026.08.23-23.38.21:454][  0]LogPakFile: PakFile FullDirectoryIndexSize=144
[2026.08.23-23.38.21:454][  0]LogShaderLibrary: Display: ShaderCodeLibraryPakFileMountedCallback: PakFile 'C:/Program Files/Epic Games/UE_4.27/FeaturePacks/TP_VehicleBP.upack' (chunk index -1, root 'root:/') mounted
[2026.08.23-23.38.21:454][  0]LogShaderLibrary: Display: ShaderCodeLibraryPakFileMountedCallback: pending pak file info (ChunkID:-1 Root:root:/ File:C:/Program Files/Epic Games/UE_4.27/FeaturePacks/TP_VehicleBP.upack)
[2026.08.23-23.38.21:454][  0]LogPakFile: OnPakFileMounted2Time == 0.000029
[2026.08.23-23.38.21:455][  0]LogPakFile: PakFile PrimaryIndexSize=192
[2026.08.23-23.38.21:455][  0]LogPakFile: PakFile PathHashIndexSize=101
[2026.08.23-23.38.21:455][  0]LogPakFile: PakFile FullDirectoryIndexSize=158
[2026.08.23-23.38.21:455][  0]LogShaderLibrary: Display: ShaderCodeLibraryPakFileMountedCallback: PakFile 'C:/Program Files/Epic Games/UE_4.27/FeaturePacks/TP_VirtualRealityBP.upack' (chunk index -1, root 'root:/') mounted
[2026.08.23-23.38.21:455][  0]LogShaderLibrary: Display: ShaderCodeLibraryPakFileMountedCallback: pending pak file info (ChunkID:-1 Root:root:/ File:C:/Program Files/Epic Games/UE_4.27/FeaturePacks/TP_VirtualRealityBP.upack)
[2026.08.23-23.38.21:455][  0]LogPakFile: OnPakFileMounted2Time == 0.000027
[2026.08.23-23.38.21:515][  0]LogNativeClassHierarchy: Verbose: Native class hierarchy updated for 'AddContentDialog' in 0.0003 seconds. Added 0 classes and 0 folders.
[2026.08.23-23.38.21:538][  0]LogSlate: Took 0.000315 seconds to synchronously load lazily loaded font '../../../Engine/Content/Slate/Fonts/Roboto-Regular.ttf' (155K)
[2026.08.23-23.38.21:540][  0]LogSlate: Took 0.000155 seconds to synchronously load lazily loaded font '../../../Engine/Content/Editor/Slate/Fonts/FontAwesome.ttf' (139K)
[2026.08.23-23.38.21:540][  0]LogSlate: Took 0.000127 seconds to synchronously load lazily loaded font '../../../Engine/Content/Slate/Fonts/Roboto-Bold.ttf' (160K)
[2026.08.23-23.38.21:590][  0]LogRenderer: Reallocating scene render targets to support 1180x840 Format 10 NumSamples 1 (Frame:1).
[2026.08.23-23.38.21:678][  0]LogNativeClassHierarchy: Verbose: Native class hierarchy updated for 'HierarchicalLODOutliner' in 0.0003 seconds. Added 0 classes and 0 folders.
[2026.08.23-23.38.21:678][  0]LogLoad: (Engine Initialization) Total time: 6.72 seconds
[2026.08.23-23.38.21:678][  0]LogLoad: (Engine Initialization) Total Blueprint compile time: 0.00 seconds
[2026.08.23-23.38.21:731][  0]LogAssetRegistry: Asset discovery search completed in 3.9108 seconds
[2026.08.23-23.38.21:736][  0]LogCollectionManager: Fixed up redirectors for 0 collections in 0.000011 seconds (updated 0 objects)
[2026.08.23-23.38.21:738][  0]LogContentStreaming: Texture pool size now 1000 MB
[2026.08.23-23.38.22:694][102]LogSlate: Took 0.000178 seconds to synchronously load lazily loaded font '../../../Engine/Content/Slate/Fonts/Roboto-Light.ttf' (167K)
[2026.08.23-23.38.26:147][435]LogAssetEditorSubsystem: Opening Asset editor for Blueprint /Game/Brackeys2026/Levels/BrackeysGameMode.BrackeysGameMode
[2026.08.23-23.38.26:269][435]LogNativeClassHierarchy: Verbose: Native class hierarchy updated for 'BlueprintGraph' in 0.0005 seconds. Added 126 classes and 0 folders.
[2026.08.23-23.38.26:792][435]LogAssetEditorSubsystem: Opening Asset editor for Blueprint /Game/Brackeys2026/Characters/Player/BrackeysPlayerCharacter.BrackeysPlayerCharacter
[2026.08.23-23.38.27:127][435]LogAssetEditorSubsystem: Opening Asset editor for Blueprint /Game/Brackeys2026/Characters/Player/BrackeysPlayerController.BrackeysPlayerController
[2026.08.23-23.38.32:145][776]LogSlate: Took 0.000221 seconds to synchronously load lazily loaded font '../../../Engine/Content/Slate/Fonts/Roboto-BoldCondensed.ttf' (158K)
[2026.08.23-23.38.33:722][938]LogSlate: Window 'BrackeysPlayerController' being destroyed
[2026.08.23-23.38.34:399][ 11]LogSlate: Took 0.000180 seconds to synchronously load lazily loaded font '../../../Engine/Content/Slate/Fonts/Roboto-Light.ttf' (167K)
[2026.08.23-23.39.02:268][300]LogUObjectHash: Compacting FUObjectHashTables data took   1.44ms
[2026.08.23-23.39.02:290][300]LogWorld: UWorld::CleanupWorld for World_1, bSessionEnded=true, bCleanupResources=true
[2026.08.23-23.39.02:290][300]LogSlate: InvalidateAllWidgets triggered.  All widgets were invalidated
[2026.08.23-23.39.02:348][300]LogActorComponent: UnregisterComponent: (/Engine/Transient.EditorFloorComp) Not registered. Aborting.
[2026.08.23-23.39.02:348][300]LogWorld: UWorld::CleanupWorld for World_2, bSessionEnded=true, bCleanupResources=true
[2026.08.23-23.39.02:348][300]LogSlate: InvalidateAllWidgets triggered.  All widgets were invalidated
[2026.08.23-23.39.02:413][300]LogActorComponent: UnregisterComponent: (/Engine/Transient.EditorFloorComp) Not registered. Aborting.
[2026.08.23-23.39.02:414][300]LogWorld: UWorld::CleanupWorld for World_3, bSessionEnded=true, bCleanupResources=true
[2026.08.23-23.39.02:414][300]LogSlate: InvalidateAllWidgets triggered.  All widgets were invalidated
[2026.08.23-23.39.02:471][300]LogSlate: Window 'BrackeysJam2026 - Unreal Editor' being destroyed
[2026.08.23-23.39.02:598][301]Cmd: QUIT_EDITOR
[2026.08.23-23.39.02:598][301]LogCore: Engine exit requested (reason: UUnrealEdEngine::CloseEditor())
[2026.08.23-23.39.02:606][301]LogCore: Engine exit requested (reason: EngineExit() was called; note: exit was already requested)
[2026.08.23-23.39.02:612][301]LogAudio: Display: Beginning Audio Device Manager Shutdown (Module: AudioMixerXAudio2)...
[2026.08.23-23.39.02:612][301]LogAudio: Display: Destroying 1 Remaining Audio Device(s)...
[2026.08.23-23.39.02:612][301]LogAudio: Display: Audio Device unregistered from world 'Brackeys2026Map'.
[2026.08.23-23.39.02:612][301]LogAudioMixer: FMixerPlatformXAudio2::StopAudioStream() called
[2026.08.23-23.39.02:613][301]LogAudioMixer: FMixerPlatformXAudio2::StopAudioStream() called
[2026.08.23-23.39.02:617][301]LogAudio: Display: Audio Device Manager Shutdown
[2026.08.23-23.39.02:658][301]LogExit: Preparing to exit.
[2026.08.23-23.39.03:122][301]LogUObjectHash: Compacting FUObjectHashTables data took   1.65ms
[2026.08.23-23.39.03:239][301]LogWorld: UWorld::CleanupWorld for World_4, bSessionEnded=true, bCleanupResources=true
[2026.08.23-23.39.03:241][301]LogWorld: UWorld::CleanupWorld for World_0, bSessionEnded=true, bCleanupResources=true
[2026.08.23-23.39.03:292][301]LogDemo: Cleaned up 0 splitscreen connections with owner deletion
[2026.08.23-23.39.03:314][301]LogWorld: UWorld::CleanupWorld for None, bSessionEnded=true, bCleanupResources=true
[2026.08.23-23.39.03:314][301]LogExit: Editor shut down
[2026.08.23-23.39.03:314][301]LogExit: Transaction tracking system shut down
[2026.08.23-23.39.03:622][301]LogExit: Object subsystem successfully closed.
[2026.08.23-23.39.03:643][301]LogShaderCompilers: Display: === FShaderJobCache stats ===
[2026.08.23-23.39.03:643][301]LogShaderCompilers: Display: Total job queries 0, among them cache hits 0 (0.00%)
[2026.08.23-23.39.03:643][301]LogShaderCompilers: Display: Tracking 0 distinct input hashes that result in 0 distinct outputs (0.00%)
[2026.08.23-23.39.03:643][301]LogShaderCompilers: Display: RAM used: 0.00 MB (0.00 GB) of 1638.40 MB (1.60 GB) budget. Usage: 0.00%
[2026.08.23-23.39.03:643][301]LogShaderCompilers: Display: ================================================
[2026.08.23-23.39.03:649][301]LogShaderCompilers: Display: Shaders left to compile 0
[2026.08.23-23.39.03:671][301]LogModuleManager: Shutting down and abandoning module BlueprintGraph (876)
[2026.08.23-23.39.03:671][301]LogModuleManager: Shutting down and abandoning module HierarchicalLODOutliner (874)
[2026.08.23-23.39.03:671][301]LogModuleManager: Shutting down and abandoning module AddContentDialog (872)
[2026.08.23-23.39.03:672][301]LogModuleManager: Shutting down and abandoning module WidgetCarousel (871)
[2026.08.23-23.39.03:672][301]LogModuleManager: Shutting down and abandoning module EditorWidgets (868)
[2026.08.23-23.39.03:672][301]LogModuleManager: Shutting down and abandoning module ExternalImagePicker (866)
[2026.08.23-23.39.03:672][301]LogModuleManager: Shutting down and abandoning module SceneOutliner (864)
[2026.08.23-23.39.03:672][301]LogModuleManager: Shutting down and abandoning module StatsViewer (860)
[2026.08.23-23.39.03:672][301]LogModuleManager: Shutting down and abandoning module PIEPreviewDeviceProfileSelector (858)
[2026.08.23-23.39.03:672][301]LogModuleManager: Shutting down and abandoning module SequenceRecorderSections (856)
[2026.08.23-23.39.03:672][301]LogModuleManager: Shutting down and abandoning module AutomationWorker (854)
[2026.08.23-23.39.03:672][301]LogModuleManager: Shutting down and abandoning module SteamVREditor (852)
[2026.08.23-23.39.03:672][301]LogModuleManager: Shutting down and abandoning module OculusMR (850)
[2026.08.23-23.39.03:672][301]LogModuleManager: Shutting down and abandoning module TakeRecorderSources (848)
[2026.08.23-23.39.03:672][301]LogModuleManager: Shutting down and abandoning module TakeRecorder (847)
[2026.08.23-23.39.03:672][301]LogModuleManager: Shutting down and abandoning module TakeTrackRecorders (844)
[2026.08.23-23.39.03:672][301]LogModuleManager: Shutting down and abandoning module TakesCore (842)
[2026.08.23-23.39.03:672][301]LogModuleManager: Shutting down and abandoning module OpenXRInput (840)
[2026.08.23-23.39.03:672][301]LogModuleManager: Shutting down and abandoning module GooglePADEditor (838)
[2026.08.23-23.39.03:672][301]LogModuleManager: Shutting down and abandoning module AudioCaptureEditor (836)
[2026.08.23-23.39.03:672][301]LogModuleManager: Shutting down and abandoning module TemplateSequenceEditor (834)
[2026.08.23-23.39.03:672][301]LogModuleManager: Shutting down and abandoning module LevelSequenceEditor (832)
[2026.08.23-23.39.03:672][301]LogModuleManager: Shutting down and abandoning module MatineeToLevelSequence (830)
[2026.08.23-23.39.03:672][301]LogModuleManager: Shutting down and abandoning module ActorSequenceEditor (828)
[2026.08.23-23.39.03:672][301]LogModuleManager: Shutting down and abandoning module MagicLeapMediaCodecFactory (826)
[2026.08.23-23.39.03:672][301]LogModuleManager: Shutting down and abandoning module MagicLeapMediaFactory (824)
[2026.08.23-23.39.03:672][301]LogModuleManager: Shutting down and abandoning module MagicLeapMediaEditor (822)
[2026.08.23-23.39.03:672][301]LogModuleManager: Shutting down and abandoning module WmfMediaFactory (820)
[2026.08.23-23.39.03:672][301]LogModuleManager: Shutting down and abandoning module WmfMediaEditor (818)
[2026.08.23-23.39.03:672][301]LogModuleManager: Shutting down and abandoning module WebMMediaFactory (816)
[2026.08.23-23.39.03:672][301]LogModuleManager: Shutting down and abandoning module WebMMediaEditor (814)
[2026.08.23-23.39.03:672][301]LogModuleManager: Shutting down and abandoning module WebMMedia (812)
[2026.08.23-23.39.03:672][301]LogModuleManager: Shutting down and abandoning module MediaPlayerEditor (810)
[2026.08.23-23.39.03:672][301]LogModuleManager: Shutting down and abandoning module OpenExrWrapper (808)
[2026.08.23-23.39.03:672][301]LogModuleManager: Shutting down and abandoning module ImgMediaFactory (806)
[2026.08.23-23.39.03:672][301]LogModuleManager: Shutting down and abandoning module ImgMediaEditor (804)
[2026.08.23-23.39.03:672][301]LogModuleManager: Shutting down and abandoning module MediaCompositingEditor (802)
[2026.08.23-23.39.03:673][301]LogModuleManager: Shutting down and abandoning module SequenceRecorder (801)
[2026.08.23-23.39.03:673][301]LogModuleManager: Shutting down and abandoning module AvfMediaFactory (798)
[2026.08.23-23.39.03:673][301]LogModuleManager: Shutting down and abandoning module AvfMediaEditor (796)
[2026.08.23-23.39.03:673][301]LogModuleManager: Shutting down and abandoning module AndroidMediaFactory (794)
[2026.08.23-23.39.03:673][301]LogModuleManager: Shutting down and abandoning module AndroidMediaEditor (792)
[2026.08.23-23.39.03:673][301]LogModuleManager: Shutting down and abandoning module PlanarCut (790)
[2026.08.23-23.39.03:673][301]LogModuleManager: Shutting down and abandoning module TextureAlignMode (788)
[2026.08.23-23.39.03:673][301]LogModuleManager: Shutting down and abandoning module BspMode (786)
[2026.08.23-23.39.03:673][301]LogModuleManager: Shutting down and abandoning module GeometryMode (784)
[2026.08.23-23.39.03:673][301]LogModuleManager: Shutting down and abandoning module CharacterAI (782)
[2026.08.23-23.39.03:673][301]LogModuleManager: Shutting down and abandoning module CameraShakePreviewer (780)
[2026.08.23-23.39.03:673][301]LogModuleManager: Shutting down and abandoning module SmartSnapping (778)
[2026.08.23-23.39.03:673][301]LogModuleManager: Shutting down and abandoning module SessionServices (776)
[2026.08.23-23.39.03:673][301]LogModuleManager: Shutting down and abandoning module MeshPaint (774)
[2026.08.23-23.39.03:673][301]LogModuleManager: Shutting down and abandoning module VirtualTexturingEditor (772)
[2026.08.23-23.39.03:673][301]LogModuleManager: Shutting down and abandoning module FoliageEdit (770)
[2026.08.23-23.39.03:673][301]LogModuleManager: Shutting down and abandoning module LandscapeEditor (768)
[2026.08.23-23.39.03:673][301]LogModuleManager: Shutting down and abandoning module MeshPaintMode (766)
[2026.08.23-23.39.03:673][301]LogModuleManager: Shutting down and abandoning module SceneDepthPickerMode (764)
[2026.08.23-23.39.03:673][301]LogModuleManager: Shutting down and abandoning module ActorPickerMode (762)
[2026.08.23-23.39.03:673][301]LogModuleManager: Shutting down and abandoning module PlacementMode (760)
[2026.08.23-23.39.03:673][301]LogModuleManager: Shutting down and abandoning module ViewportSnapping (758)
[2026.08.23-23.39.03:673][301]LogModuleManager: Shutting down and abandoning module ViewportInteraction (756)
[2026.08.23-23.39.03:673][301]LogModuleManager: Shutting down and abandoning module ClothPainter (754)
[2026.08.23-23.39.03:673][301]LogModuleManager: Shutting down and abandoning module SkeletalMeshEditor (753)
[2026.08.23-23.39.03:673][301]LogModuleManager: Shutting down and abandoning module LogVisualizer (750)
[2026.08.23-23.39.03:673][301]LogModuleManager: Shutting down and abandoning module IntroTutorials (748)
[2026.08.23-23.39.03:673][301]LogModuleManager: Shutting down and abandoning module GameProjectGeneration (747)
[2026.08.23-23.39.03:673][301]LogModuleManager: Shutting down and abandoning module LuminPlatformEditor (744)
[2026.08.23-23.39.03:673][301]LogModuleManager: Shutting down and abandoning module IOSPlatformEditor (742)
[2026.08.23-23.39.03:673][301]LogModuleManager: Shutting down and abandoning module AndroidPlatformEditor (740)
[2026.08.23-23.39.03:673][301]LogModuleManager: Shutting down and abandoning module AndroidDeviceDetection (739)
[2026.08.23-23.39.04:443][301]LogModuleManager: Shutting down and abandoning module WindowsPlatformEditor (736)
[2026.08.23-23.39.04:443][301]LogModuleManager: Shutting down and abandoning module LuminRuntimeSettings (734)
[2026.08.23-23.39.04:443][301]LogModuleManager: Shutting down and abandoning module IOSRuntimeSettings (732)
[2026.08.23-23.39.04:443][301]LogModuleManager: Shutting down and abandoning module AndroidRuntimeSettings (730)
[2026.08.23-23.39.04:443][301]LogModuleManager: Shutting down and abandoning module TraceInsights (728)
[2026.08.23-23.39.04:443][301]MemoryProfiler: Shutdown
[2026.08.23-23.39.04:443][301]NetworkingProfiler: Shutdown
[2026.08.23-23.39.04:443][301]LoadingProfiler: Shutdown
[2026.08.23-23.39.04:443][301]TimingProfiler: Shutdown
[2026.08.23-23.39.04:443][301]LogModuleManager: Shutting down and abandoning module TraceServices (727)
[2026.08.23-23.39.04:443][301]LogModuleManager: Shutting down and abandoning module EditorInteractiveToolsFramework (724)
[2026.08.23-23.39.04:443][301]LogModuleManager: Shutting down and abandoning module TimeManagementEditor (722)
[2026.08.23-23.39.04:443][301]LogModuleManager: Shutting down and abandoning module InputBindingEditor (720)
[2026.08.23-23.39.04:443][301]LogModuleManager: Shutting down and abandoning module MergeActors (718)
[2026.08.23-23.39.04:443][301]LogModuleManager: Shutting down and abandoning module LocalizationDashboard (716)
[2026.08.23-23.39.04:443][301]LogModuleManager: Shutting down and abandoning module LocalizationService (715)
[2026.08.23-23.39.04:443][301]LogModuleManager: Shutting down and abandoning module HardwareTargeting (712)
[2026.08.23-23.39.04:443][301]LogModuleManager: Shutting down and abandoning module DeviceProfileEditor (710)
[2026.08.23-23.39.04:443][301]LogModuleManager: Shutting down and abandoning module UndoHistory (708)
[2026.08.23-23.39.04:443][301]LogModuleManager: Shutting down and abandoning module XmlParser (706)
[2026.08.23-23.39.04:443][301]LogModuleManager: Shutting down and abandoning module Blutility (704)
[2026.08.23-23.39.04:443][301]LogModuleManager: Shutting down and abandoning module ProjectSettingsViewer (702)
[2026.08.23-23.39.04:443][301]LogModuleManager: Shutting down and abandoning module ProjectTargetPlatformEditor (701)
[2026.08.23-23.39.04:443][301]LogModuleManager: Shutting down and abandoning module EditorSettingsViewer (698)
[2026.08.23-23.39.04:443][301]LogModuleManager: Shutting down and abandoning module InternationalizationSettings (697)
[2026.08.23-23.39.04:443][301]LogModuleManager: Shutting down and abandoning module SettingsEditor (694)
[2026.08.23-23.39.04:443][301]LogModuleManager: Shutting down and abandoning module ProjectLauncher (692)
[2026.08.23-23.39.04:443][301]LogModuleManager: Shutting down and abandoning module SessionFrontend (690)
[2026.08.23-23.39.04:443][301]LogModuleManager: Shutting down and abandoning module ProfilerClient (688)
[2026.08.23-23.39.04:443][301]LogModuleManager: Shutting down and abandoning module DeviceManager (686)
[2026.08.23-23.39.04:443][301]LogModuleManager: Shutting down and abandoning module TargetDeviceServices (685)
[2026.08.23-23.39.04:475][301]LogModuleManager: Shutting down and abandoning module AutomationController (682)
[2026.08.23-23.39.04:475][301]LogModuleManager: Shutting down and abandoning module AutomationWindow (680)
[2026.08.23-23.39.04:475][301]LogModuleManager: Shutting down and abandoning module Layers (678)
[2026.08.23-23.39.04:475][301]LogModuleManager: Shutting down and abandoning module ComponentVisualizers (676)
[2026.08.23-23.39.04:475][301]LogModuleManager: Shutting down and abandoning module DetailCustomizations (674)
[2026.08.23-23.39.04:475][301]LogModuleManager: Shutting down and abandoning module PackagesDialog (672)
[2026.08.23-23.39.04:475][301]LogModuleManager: Shutting down and abandoning module AnimationBlueprintEditor (670)
[2026.08.23-23.39.04:475][301]LogModuleManager: Shutting down and abandoning module Persona (668)
[2026.08.23-23.39.04:475][301]LogModuleManager: Shutting down and abandoning module AdvancedPreviewScene (667)
[2026.08.23-23.39.04:475][301]LogModuleManager: Shutting down and abandoning module AnimGraph (665)
[2026.08.23-23.39.04:475][301]LogModuleManager: Shutting down and abandoning module Kismet (662)
[2026.08.23-23.39.04:479][301]LogModuleManager: Shutting down and abandoning module KismetWidgets (661)
[2026.08.23-23.39.04:479][301]LogModuleManager: Shutting down and abandoning module GraphEditor (658)
[2026.08.23-23.39.04:479][301]LogModuleManager: Shutting down and abandoning module StructViewer (656)
[2026.08.23-23.39.04:479][301]LogModuleManager: Shutting down and abandoning module ClassViewer (654)
[2026.08.23-23.39.04:479][301]LogModuleManager: Shutting down and abandoning module Toolbox (652)
[2026.08.23-23.39.04:479][301]LogModuleManager: Shutting down and abandoning module ModuleUI (650)
[2026.08.23-23.39.04:479][301]LogModuleManager: Shutting down and abandoning module OutputLog (648)
[2026.08.23-23.39.04:479][301]LogModuleManager: Shutting down and abandoning module GammaUI (646)
[2026.08.23-23.39.04:481][301]LogModuleManager: Shutting down and abandoning module Documentation (644)
[2026.08.23-23.39.04:481][301]LogModuleManager: Shutting down and abandoning module LiveCoding (642)
[2026.08.23-23.39.04:481][301]LogModuleManager: Shutting down and abandoning module LevelSequence (640)
[2026.08.23-23.39.04:481][301]LogModuleManager: Shutting down and abandoning module MovieSceneTracks (638)
[2026.08.23-23.39.04:481][301]LogModuleManager: Shutting down and abandoning module MovieScene (636)
[2026.08.23-23.39.04:481][301]LogModuleManager: Shutting down and abandoning module StreamingPauseRendering (634)
[2026.08.23-23.39.04:481][301]LogModuleManager: Shutting down and abandoning module LauncherPlatform (632)
[2026.08.23-23.39.04:481][301]LogModuleManager: Shutting down and abandoning module AnalyticsET (630)
[2026.08.23-23.39.04:481][301]LogModuleManager: Shutting down and abandoning module PortalServices (628)
[2026.08.23-23.39.04:481][301]LogModuleManager: Shutting down and abandoning module PortalRpc (626)
[2026.08.23-23.39.04:481][301]LogModuleManager: Shutting down and abandoning module MessagingRpc (624)
[2026.08.23-23.39.04:481][301]LogModuleManager: Shutting down and abandoning module AudioMixerXAudio2 (622)
[2026.08.23-23.39.04:481][301]LogModuleManager: Shutting down and abandoning module AudioMixerCore (621)
[2026.08.23-23.39.04:481][301]LogModuleManager: Shutting down and abandoning module AIModule (618)
[2026.08.23-23.39.04:481][301]LogModuleManager: Shutting down and abandoning module GameplayDebugger (617)
[2026.08.23-23.39.04:481][301]LogModuleManager: Shutting down and abandoning module AITestSuite (615)
[2026.08.23-23.39.04:481][301]LogModuleManager: Shutting down and abandoning module NavigationSystem (613)
[2026.08.23-23.39.04:481][301]LogModuleManager: Shutting down and abandoning module ImageWriteQueue (610)
[2026.08.23-23.39.04:486][301]LogModuleManager: Shutting down and abandoning module ProfilerService (608)
[2026.08.23-23.39.04:549][301]LogModuleManager: Shutting down and abandoning module TaskGraph (606)
[2026.08.23-23.39.04:549][301]LogModuleManager: Shutting down and abandoning module AudioSynesthesiaEditor (604)
[2026.08.23-23.39.04:549][301]LogModuleManager: Shutting down and abandoning module OculusEditor (602)
[2026.08.23-23.39.04:549][301]LogModuleManager: Shutting down and abandoning module OculusInput (600)
[2026.08.23-23.39.04:549][301]LogModuleManager: Shutting down and abandoning module ContentBrowserAssetDataSource (598)
[2026.08.23-23.39.04:549][301]LogModuleManager: Shutting down and abandoning module ContentBrowserClassDataSource (596)
[2026.08.23-23.39.04:549][301]LogModuleManager: Shutting down and abandoning module CollectionManager (595)
[2026.08.23-23.39.04:550][301]LogModuleManager: Shutting down and abandoning module ContentBrowserFileDataSource (592)
[2026.08.23-23.39.04:550][301]LogModuleManager: Shutting down and abandoning module SynthesisEditor (590)
[2026.08.23-23.39.04:550][301]LogModuleManager: Shutting down and abandoning module Synthesis (588)
[2026.08.23-23.39.04:550][301]LogModuleManager: Shutting down and abandoning module ProceduralMeshComponentEditor (586)
[2026.08.23-23.39.04:550][301]LogModuleManager: Shutting down and abandoning module ProceduralMeshComponent (584)
[2026.08.23-23.39.04:550][301]LogModuleManager: Shutting down and abandoning module TakeSequencer (582)
[2026.08.23-23.39.04:550][301]LogModuleManager: Shutting down and abandoning module TakeMovieScene (580)
[2026.08.23-23.39.04:550][301]LogModuleManager: Shutting down and abandoning module OpenXREditor (578)
[2026.08.23-23.39.04:550][301]LogModuleManager: Shutting down and abandoning module MobilePatchingUtils (576)
[2026.08.23-23.39.04:550][301]LogModuleManager: Shutting down and abandoning module GooglePAD (574)
[2026.08.23-23.39.04:550][301]LogModuleManager: Shutting down and abandoning module ScreenshotTools (572)
[2026.08.23-23.39.04:550][301]LogModuleManager: Shutting down and abandoning module EditableMesh (570)
[2026.08.23-23.39.04:550][301]LogModuleManager: Shutting down and abandoning module CustomMeshComponent (568)
[2026.08.23-23.39.04:550][301]LogModuleManager: Shutting down and abandoning module CableComponent (566)
[2026.08.23-23.39.04:550][301]LogModuleManager: Shutting down and abandoning module AudioCapture (564)
[2026.08.23-23.39.04:550][301]LogModuleManager: Shutting down and abandoning module AudioCaptureRtAudio (563)
[2026.08.23-23.39.04:550][301]LogModuleManager: Shutting down and abandoning module ArchVisCharacter (560)
[2026.08.23-23.39.04:550][301]LogModuleManager: Shutting down and abandoning module AssetTags (558)
[2026.08.23-23.39.04:550][301]LogModuleManager: Shutting down and abandoning module AndroidPermission (556)
[2026.08.23-23.39.04:550][301]LogModuleManager: Shutting down and abandoning module AppleImageUtilsBlueprintSupport (554)
[2026.08.23-23.39.04:550][301]LogModuleManager: Shutting down and abandoning module AppleImageUtils (552)
[2026.08.23-23.39.04:550][301]LogModuleManager: Shutting down and abandoning module ActorLayerUtilitiesEditor (550)
[2026.08.23-23.39.04:550][301]LogModuleManager: Shutting down and abandoning module ActorLayerUtilities (548)
[2026.08.23-23.39.04:550][301]LogModuleManager: Shutting down and abandoning module TemplateSequence (546)
[2026.08.23-23.39.04:550][301]LogModuleManager: Shutting down and abandoning module MagicLeapSharedWorld (544)
[2026.08.23-23.39.04:550][301]LogModuleManager: Shutting down and abandoning module MagicLeapLightEstimation (542)
[2026.08.23-23.39.04:550][301]LogModuleManager: Shutting down and abandoning module MagicLeapHelperVulkan (540)
[2026.08.23-23.39.04:550][301]LogModuleManager: Shutting down and abandoning module MagicLeapHelperOpenGL (538)
[2026.08.23-23.39.04:550][301]LogModuleManager: Shutting down and abandoning module MagicLeapAudio (536)
[2026.08.23-23.39.04:550][301]LogModuleManager: Shutting down and abandoning module ImgMedia (534)
[2026.08.23-23.39.04:550][301]LogModuleManager: Shutting down and abandoning module MediaCompositing (532)
[2026.08.23-23.39.04:550][301]LogModuleManager: Shutting down and abandoning module VisualStudioSourceCodeAccess (530)
[2026.08.23-23.39.04:550][301]LogModuleManager: Shutting down and abandoning module UObjectPlugin (528)
[2026.08.23-23.39.04:550][301]LogModuleManager: Shutting down and abandoning module VisualStudioCodeSourceCodeAccess (526)
[2026.08.23-23.39.04:550][301]LogModuleManager: Shutting down and abandoning module NiagaraEditorWidgets (524)
[2026.08.23-23.39.04:550][301]LogModuleManager: Shutting down and abandoning module SubversionSourceControl (522)
[2026.08.23-23.39.04:550][301]LogModuleManager: Shutting down and abandoning module RiderSourceCodeAccess (520)
[2026.08.23-23.39.04:550][301]LogModuleManager: Shutting down and abandoning module PerforceSourceControl (518)
[2026.08.23-23.39.04:550][301]LogModuleManager: Shutting down and abandoning module PlasticSourceControl (516)
[2026.08.23-23.39.04:550][301]LogModuleManager: Shutting down and abandoning module PluginUtils (514)
[2026.08.23-23.39.04:550][301]LogModuleManager: Shutting down and abandoning module GitSourceControl (512)
[2026.08.23-23.39.04:551][301]LogModuleManager: Shutting down and abandoning module SourceControl (511)
[2026.08.23-23.39.04:551][301]LogModuleManager: Shutting down and abandoning module CLionSourceCodeAccess (508)
[2026.08.23-23.39.04:551][301]LogModuleManager: Shutting down and abandoning module AnimationSharingEd (506)
[2026.08.23-23.39.04:551][301]LogModuleManager: Shutting down and abandoning module OpenImageDenoise (504)
[2026.08.23-23.39.04:551][301]LogOpenImageDenoise: OIDN shutting down
[2026.08.23-23.39.04:551][301]LogModuleManager: Shutting down and abandoning module MotoSynthEditor (502)
[2026.08.23-23.39.04:551][301]LogModuleManager: Shutting down and abandoning module MotoSynth (500)
[2026.08.23-23.39.04:551][301]LogModuleManager: Shutting down and abandoning module MeshConversion (498)
[2026.08.23-23.39.04:551][301]LogModuleManager: Shutting down and abandoning module DynamicMesh (496)
[2026.08.23-23.39.04:551][301]LogModuleManager: Shutting down and abandoning module GeometryAlgorithms (494)
[2026.08.23-23.39.04:551][301]LogModuleManager: Shutting down and abandoning module GeometricObjects (492)
[2026.08.23-23.39.04:551][301]LogModuleManager: Shutting down and abandoning module GeometryCollectionTracks (490)
[2026.08.23-23.39.04:551][301]LogModuleManager: Shutting down and abandoning module GeometryCollectionSequencer (489)
[2026.08.23-23.39.04:551][301]LogModuleManager: Shutting down and abandoning module GeometryCollectionEditor (486)
[2026.08.23-23.39.04:551][301]LogModuleManager: Shutting down and abandoning module GeometryCacheTracks (484)
[2026.08.23-23.39.04:551][301]LogModuleManager: Shutting down and abandoning module GeometryCacheStreamer (482)
[2026.08.23-23.39.04:551][301]LogModuleManager: Shutting down and abandoning module GeometryCacheSequencer (480)
[2026.08.23-23.39.04:551][301]LogModuleManager: Shutting down and abandoning module VariantManagerContentEditor (478)
[2026.08.23-23.39.04:551][301]LogModuleManager: Shutting down and abandoning module DatasmithContentEditor (476)
[2026.08.23-23.39.04:551][301]LogModuleManager: Shutting down and abandoning module SpeedTreeImporter (474)
[2026.08.23-23.39.04:551][301]LogModuleManager: Shutting down and abandoning module PluginBrowser (472)
[2026.08.23-23.39.04:551][301]LogModuleManager: Shutting down and abandoning module MobileLauncherProfileWizard (470)
[2026.08.23-23.39.04:551][301]LogModuleManager: Shutting down and abandoning module MaterialAnalyzer (468)
[2026.08.23-23.39.04:551][301]LogModuleManager: Shutting down and abandoning module CurveEditorTools (466)
[2026.08.23-23.39.04:551][301]LogModuleManager: Shutting down and abandoning module CryptoKeysOpenSSL (464)
[2026.08.23-23.39.04:551][301]LogModuleManager: Shutting down and abandoning module CryptoKeys (462)
[2026.08.23-23.39.04:551][301]LogModuleManager: Shutting down and abandoning module ChaosSolverEditor (460)
[2026.08.23-23.39.04:551][301]LogModuleManager: Shutting down and abandoning module ChaosNiagara (458)
[2026.08.23-23.39.04:551][301]LogModuleManager: Shutting down and abandoning module FractureEditor (456)
[2026.08.23-23.39.04:551][301]LogModuleManager: Shutting down and abandoning module FieldSystemEngine (455)
[2026.08.23-23.39.04:551][301]LogModuleManager: Shutting down and abandoning module ChaosClothEditor (452)
[2026.08.23-23.39.04:551][301]LogModuleManager: Shutting down and abandoning module BackChannel (450)
[2026.08.23-23.39.04:551][301]LogModuleManager: Shutting down and abandoning module OodleNetworkHandlerComponent (448)
[2026.08.23-23.39.04:551][301]LogModuleManager: Shutting down and abandoning module AlembicImporter (446)
[2026.08.23-23.39.04:551][301]LogModuleManager: Shutting down and abandoning module AlembicLibrary (445)
[2026.08.23-23.39.04:551][301]LogModuleManager: Shutting down and abandoning module GeometryCache (444)
[2026.08.23-23.39.04:551][301]LogModuleManager: Shutting down and abandoning module GeometryCacheEd (443)
[2026.08.23-23.39.04:551][301]LogModuleManager: Shutting down and abandoning module AutomationUtilsEditor (438)
[2026.08.23-23.39.04:551][301]LogModuleManager: Shutting down and abandoning module AutomationUtils (436)
[2026.08.23-23.39.04:551][301]LogModuleManager: Shutting down and abandoning module LiveLinkSequencer (434)
[2026.08.23-23.39.04:551][301]LogModuleManager: Shutting down and abandoning module LiveLinkMovieScene (432)
[2026.08.23-23.39.04:551][301]LogModuleManager: Shutting down and abandoning module LiveLinkGraphNode (430)
[2026.08.23-23.39.04:551][301]LogModuleManager: Shutting down and abandoning module LiveLinkEditor (428)
[2026.08.23-23.39.04:551][301]LogModuleManager: Shutting down and abandoning module LiveLinkComponents (426)
[2026.08.23-23.39.04:551][301]LogModuleManager: Shutting down and abandoning module LiveLink (424)
[2026.08.23-23.39.05:181][301]LogModuleManager: Shutting down and abandoning module LightPropagationVolumeEditor (422)
[2026.08.23-23.39.05:181][301]LogModuleManager: Shutting down and abandoning module PaperTiledImporter (420)
[2026.08.23-23.39.05:181][301]LogModuleManager: Shutting down and abandoning module PaperSpriteSheetImporter (418)
[2026.08.23-23.39.05:181][301]LogModuleManager: Shutting down and abandoning module Paper2DEditor (416)
[2026.08.23-23.39.05:181][301]LogModuleManager: Shutting down and abandoning module MeshPaintingToolset (414)
[2026.08.23-23.39.05:181][301]LogModuleManager: Shutting down and abandoning module MeshPaintEditorMode (412)
[2026.08.23-23.39.05:181][301]LogModuleManager: Shutting down and abandoning module SoundFields (410)
[2026.08.23-23.39.05:181][301]LogModuleManager: Shutting down and abandoning module RuntimePhysXCooking (408)
[2026.08.23-23.39.05:181][301]LogModuleManager: Shutting down and abandoning module SignificanceManager (406)
[2026.08.23-23.39.05:181][301]LogModuleManager: Shutting down and abandoning module PropertyAccessEditor (404)
[2026.08.23-23.39.05:181][301]LogModuleManager: Shutting down and abandoning module PhysXVehiclesEditor (402)
[2026.08.23-23.39.05:181][301]LogModuleManager: Shutting down and abandoning module LocationServicesBPLibrary (398)
[2026.08.23-23.39.05:181][301]LogModuleManager: Shutting down and abandoning module AudioSynesthesia (396)
[2026.08.23-23.39.05:181][301]LogModuleManager: Shutting down and abandoning module AudioSynesthesiaCore (394)
[2026.08.23-23.39.05:181][301]LogModuleManager: Shutting down and abandoning module ActorSequence (392)
[2026.08.23-23.39.05:181][301]LogModuleManager: Shutting down and abandoning module UdpMessaging (390)
[2026.08.23-23.39.05:282][301]LogModuleManager: Shutting down and abandoning module TcpMessaging (388)
[2026.08.23-23.39.05:383][301]LogModuleManager: Shutting down and abandoning module MagicLeapARPin (386)
[2026.08.23-23.39.05:383][301]LogModuleManager: Shutting down and abandoning module MagicLeapHandMeshing (384)
[2026.08.23-23.39.05:383][301]LogModuleManager: Shutting down and abandoning module MagicLeapSecureStorage (382)
[2026.08.23-23.39.05:383][301]LogModuleManager: Shutting down and abandoning module MagicLeapPrivileges (380)
[2026.08.23-23.39.05:383][301]LogModuleManager: Shutting down and abandoning module MagicLeapPlanes (378)
[2026.08.23-23.39.05:383][301]LogMagicLeapPlanes: Planes tracker already destroyed.
[2026.08.23-23.39.05:383][301]LogModuleManager: Shutting down and abandoning module MagicLeapImageTracker (376)
[2026.08.23-23.39.05:383][301]LogModuleManager: Shutting down and abandoning module MagicLeapIdentity (374)
[2026.08.23-23.39.05:383][301]LogModuleManager: Shutting down and abandoning module MagicLeapHandTracking (372)
[2026.08.23-23.39.05:383][301]LogModuleManager: Shutting down and abandoning module MagicLeapEyeTracker (370)
[2026.08.23-23.39.05:383][301]LogModuleManager: Shutting down and abandoning module MagicLeapController (368)
[2026.08.23-23.39.05:383][301]LogModuleManager: Shutting down and abandoning module MagicLeapARPinImpl (366)
[2026.08.23-23.39.05:383][301]LogModuleManager: Shutting down and abandoning module MagicLeapAR (364)
[2026.08.23-23.39.05:383][301]LogModuleManager: Shutting down and abandoning module ImgMediaEngine (362)
[2026.08.23-23.39.05:383][301]LogModuleManager: Shutting down and abandoning module NiagaraAnimNotifies (360)
[2026.08.23-23.39.05:383][301]LogModuleManager: Shutting down and abandoning module Niagara (358)
[2026.08.23-23.39.05:383][301]LogModuleManager: Shutting down and abandoning module SignalProcessing (357)
[2026.08.23-23.39.05:383][301]LogModuleManager: Shutting down and abandoning module NiagaraEditor (355)
[2026.08.23-23.39.05:383][301]LogModuleManager: Shutting down and abandoning module NiagaraCore (352)
[2026.08.23-23.39.05:383][301]LogModuleManager: Shutting down and abandoning module PropertyAccessNode (350)
[2026.08.23-23.39.05:383][301]LogModuleManager: Shutting down and abandoning module AnimationSharing (348)
[2026.08.23-23.39.05:383][301]LogModuleManager: Shutting down and abandoning module PythonScriptPlugin (346)
[2026.08.23-23.39.05:383][301]LogModuleManager: Shutting down and abandoning module GameplayTagsEditor (344)
[2026.08.23-23.39.05:383][301]LogModuleManager: Shutting down and abandoning module FacialAnimationEditor (342)
[2026.08.23-23.39.05:383][301]LogModuleManager: Shutting down and abandoning module FacialAnimation (340)
[2026.08.23-23.39.05:383][301]LogModuleManager: Shutting down and abandoning module DataValidation (338)
[2026.08.23-23.39.05:383][301]LogModuleManager: Shutting down and abandoning module AssetManagerEditor (336)
[2026.08.23-23.39.05:384][301]LogModuleManager: Shutting down and abandoning module LevelEditor (335)
[2026.08.23-23.39.05:385][301]LogModuleManager: Shutting down and abandoning module PixelInspectorModule (334)
[2026.08.23-23.39.05:385][301]LogModuleManager: Shutting down and abandoning module CommonMenuExtensions (332)
[2026.08.23-23.39.05:385][301]LogModuleManager: Shutting down and abandoning module MainFrame (330)
[2026.08.23-23.39.05:385][301]LogModuleManager: Shutting down and abandoning module HotReload (329)
[2026.08.23-23.39.05:385][301]LogModuleManager: Shutting down and abandoning module ToolMenus (325)
[2026.08.23-23.39.05:385][301]LogModuleManager: Shutting down and abandoning module ContentBrowser (323)
[2026.08.23-23.39.05:385][301]LogModuleManager: Shutting down and abandoning module ContentBrowserData (322)
[2026.08.23-23.39.05:385][301]LogModuleManager: Shutting down and abandoning module TreeMap (319)
[2026.08.23-23.39.05:385][301]LogModuleManager: Shutting down and abandoning module GameplayCameras (316)
[2026.08.23-23.39.05:385][301]LogModuleManager: Shutting down and abandoning module EnvironmentQueryEditor (314)
[2026.08.23-23.39.05:385][301]LogModuleManager: Shutting down and abandoning module LightPropagationVolumeRuntime (312)
[2026.08.23-23.39.05:385][301]LogModuleManager: Shutting down and abandoning module Paper2D (310)
[2026.08.23-23.39.05:385][301]LogModuleManager: Shutting down and abandoning module WindowsMoviePlayer (308)
[2026.08.23-23.39.05:386][301]LogModuleManager: Shutting down and abandoning module WebMMoviePlayer (306)
[2026.08.23-23.39.05:386][301]LogModuleManager: Shutting down and abandoning module NetworkReplayStreaming (304)
[2026.08.23-23.39.05:386][301]LogModuleManager: Shutting down and abandoning module PacketHandler (302)
[2026.08.23-23.39.05:386][301]LogModuleManager: Shutting down and abandoning module ClothingSystemEditor (300)
[2026.08.23-23.39.05:386][301]LogModuleManager: Shutting down and abandoning module ClothingSystemRuntimeNv (298)
[2026.08.23-23.39.05:386][301]LogModuleManager: Shutting down and abandoning module MediaAssets (296)
[2026.08.23-23.39.05:386][301]LogModuleManager: Shutting down and abandoning module Overlay (294)
[2026.08.23-23.39.05:386][301]LogModuleManager: Shutting down and abandoning module OverlayEditor (293)
[2026.08.23-23.39.05:386][301]LogModuleManager: Shutting down and abandoning module VREditor (290)
[2026.08.23-23.39.05:386][301]LogModuleManager: Shutting down and abandoning module StringTableEditor (288)
[2026.08.23-23.39.05:386][301]LogModuleManager: Shutting down and abandoning module GameplayTasksEditor (286)
[2026.08.23-23.39.05:386][301]LogModuleManager: Shutting down and abandoning module BehaviorTreeEditor (284)
[2026.08.23-23.39.05:386][301]LogModuleManager: Shutting down and abandoning module FunctionalTesting (282)
[2026.08.23-23.39.05:386][301]LogModuleManager: Shutting down and abandoning module CollisionAnalyzer (280)
[2026.08.23-23.39.05:386][301]LogModuleManager: Shutting down and abandoning module WorkspaceMenuStructure (279)
[2026.08.23-23.39.05:386][301]LogModuleManager: Shutting down and abandoning module UMG (276)
[2026.08.23-23.39.05:386][301]LogModuleManager: Shutting down and abandoning module UMGEditor (275)
[2026.08.23-23.39.05:386][301]LogModuleManager: Shutting down and abandoning module MessageLog (273)
[2026.08.23-23.39.05:387][301]LogModuleManager: Shutting down and abandoning module SlateReflector (268)
[2026.08.23-23.39.05:387][301]LogModuleManager: Shutting down and abandoning module Slate (266)
[2026.08.23-23.39.05:387][301]LogModuleManager: Shutting down and abandoning module SlateCore (264)
[2026.08.23-23.39.05:388][301]LogModuleManager: Shutting down and abandoning module LandscapeEditorUtilities (262)
[2026.08.23-23.39.05:388][301]LogModuleManager: Shutting down and abandoning module UnrealEd (260)
[2026.08.23-23.39.05:388][301]LogModuleManager: Shutting down and abandoning module MRMesh (258)
[2026.08.23-23.39.05:388][301]LogModuleManager: Shutting down and abandoning module SourceCodeAccess (256)
[2026.08.23-23.39.05:388][301]LogModuleManager: Shutting down and abandoning module HeadMountedDisplay (254)
[2026.08.23-23.39.05:388][301]LogModuleManager: Shutting down and abandoning module XAudio2 (252)
[2026.08.23-23.39.05:388][301]LogModuleManager: Shutting down and abandoning module Networking (250)
[2026.08.23-23.39.05:388][301]LogModuleManager: Shutting down and abandoning module Core (248)
[2026.08.23-23.39.05:388][301]LogModuleManager: Shutting down and abandoning module MaterialEditor (246)
[2026.08.23-23.39.05:388][301]LogModuleManager: Shutting down and abandoning module MovieSceneTools (244)
[2026.08.23-23.39.05:388][301]LogModuleManager: Shutting down and abandoning module CurveEditor (243)
[2026.08.23-23.39.05:388][301]LogModuleManager: Shutting down and abandoning module Sequencer (241)
[2026.08.23-23.39.05:388][301]LogModuleManager: Shutting down and abandoning module EditorStyle (240)
[2026.08.23-23.39.05:389][301]LogModuleManager: Shutting down and abandoning module KismetCompiler (236)
[2026.08.23-23.39.05:389][301]LogModuleManager: Shutting down and abandoning module MeshBuilder (234)
[2026.08.23-23.39.05:389][301]LogModuleManager: Shutting down and abandoning module MeshUtilities (232)
[2026.08.23-23.39.05:389][301]LogModuleManager: Shutting down and abandoning module MeshMergeUtilities (231)
[2026.08.23-23.39.05:389][301]LogModuleManager: Shutting down and abandoning module MeshReductionInterface (230)
[2026.08.23-23.39.05:389][301]LogModuleManager: Shutting down and abandoning module MeshBoneReduction (229)
[2026.08.23-23.39.05:389][301]LogModuleManager: Shutting down and abandoning module SkeletalMeshReduction (227)
[2026.08.23-23.39.05:389][301]LogModuleManager: Shutting down and abandoning module ProxyLODMeshReduction (225)
[2026.08.23-23.39.05:389][301]LogModuleManager: Shutting down and abandoning module QuadricMeshReduction (223)
[2026.08.23-23.39.05:389][301]LogModuleManager: Shutting down and abandoning module MaterialBaking (219)
[2026.08.23-23.39.05:389][301]LogModuleManager: Shutting down and abandoning module NullInstallBundleManager (214)
[2026.08.23-23.39.05:389][301]LogModuleManager: Shutting down and abandoning module DerivedDataCache (212)
[2026.08.23-23.39.05:389][301]LogModuleManager: Shutting down and abandoning module TargetPlatform (210)
[2026.08.23-23.39.05:389][301]LogModuleManager: Shutting down and abandoning module VulkanShaderFormat (209)
[2026.08.23-23.39.05:389][301]LogModuleManager: Shutting down and abandoning module ShaderFormatVectorVM (207)
[2026.08.23-23.39.05:389][301]LogModuleManager: Shutting down and abandoning module ShaderFormatOpenGL (205)
[2026.08.23-23.39.05:389][301]LogModuleManager: Shutting down and abandoning module ShaderFormatD3D (203)
[2026.08.23-23.39.05:389][301]LogModuleManager: Shutting down and abandoning module MetalShaderFormat (201)
[2026.08.23-23.39.05:389][301]LogModuleManager: Shutting down and abandoning module TextureFormatOodle (199)
[2026.08.23-23.39.05:389][301]LogModuleManager: Shutting down and abandoning module TextureFormatUncompressed (197)
[2026.08.23-23.39.05:389][301]LogModuleManager: Shutting down and abandoning module TextureFormatPVR (195)
[2026.08.23-23.39.05:389][301]LogModuleManager: Shutting down and abandoning module TextureFormatETC2 (193)
[2026.08.23-23.39.05:389][301]LogModuleManager: Shutting down and abandoning module TextureFormatDXT (191)
[2026.08.23-23.39.05:390][301]LogModuleManager: Shutting down and abandoning module TextureFormatIntelISPCTexComp (189)
[2026.08.23-23.39.05:390][301]LogModuleManager: Shutting down and abandoning module TextureFormatASTC (187)
[2026.08.23-23.39.05:390][301]LogModuleManager: Shutting down and abandoning module ImageWrapper (186)
[2026.08.23-23.39.05:390][301]LogModuleManager: Shutting down and abandoning module AudioFormatOpus (183)
[2026.08.23-23.39.05:390][301]LogModuleManager: Shutting down and abandoning module AudioFormatOgg (181)
[2026.08.23-23.39.05:390][301]LogModuleManager: Shutting down and abandoning module AudioFormatADPCM (179)
[2026.08.23-23.39.05:390][301]LogModuleManager: Shutting down and abandoning module WindowsServerTargetPlatform (177)
[2026.08.23-23.39.05:390][301]LogModuleManager: Shutting down and abandoning module WindowsClientTargetPlatform (175)
[2026.08.23-23.39.05:390][301]LogModuleManager: Shutting down and abandoning module WindowsTargetPlatform (173)
[2026.08.23-23.39.05:390][301]LogModuleManager: Shutting down and abandoning module WindowsNoEditorTargetPlatform (171)
[2026.08.23-23.39.05:390][301]LogModuleManager: Shutting down and abandoning module TVOSTargetPlatform (169)
[2026.08.23-23.39.05:390][301]LogModuleManager: Shutting down and abandoning module MacServerTargetPlatform (167)
[2026.08.23-23.39.05:390][301]LogModuleManager: Shutting down and abandoning module MacClientTargetPlatform (165)
[2026.08.23-23.39.05:390][301]LogModuleManager: Shutting down and abandoning module MacTargetPlatform (163)
[2026.08.23-23.39.05:391][301]LogModuleManager: Shutting down and abandoning module MacNoEditorTargetPlatform (161)
[2026.08.23-23.39.05:391][301]LogModuleManager: Shutting down and abandoning module LuminTargetPlatform (159)
[2026.08.23-23.39.05:391][301]LogModuleManager: Shutting down and abandoning module LinuxAArch64ServerTargetPlatform (157)
[2026.08.23-23.39.05:391][301]LogModuleManager: Shutting down and abandoning module LinuxAArch64ClientTargetPlatform (155)
[2026.08.23-23.39.05:391][301]LogModuleManager: Shutting down and abandoning module LinuxAArch64NoEditorTargetPlatform (153)
[2026.08.23-23.39.05:391][301]LogModuleManager: Shutting down and abandoning module LinuxServerTargetPlatform (151)
[2026.08.23-23.39.05:391][301]LogModuleManager: Shutting down and abandoning module LinuxClientTargetPlatform (149)
[2026.08.23-23.39.05:391][301]LogModuleManager: Shutting down and abandoning module LinuxNoEditorTargetPlatform (147)
[2026.08.23-23.39.05:391][301]LogModuleManager: Shutting down and abandoning module LinuxTargetPlatform (145)
[2026.08.23-23.39.05:391][301]LogModuleManager: Shutting down and abandoning module Messaging (143)
[2026.08.23-23.39.05:391][301]LogModuleManager: Shutting down and abandoning module IOSTargetPlatform (141)
[2026.08.23-23.39.05:392][301]LogModuleManager: Shutting down and abandoning module AndroidTargetPlatform (139)
[2026.08.23-23.39.05:395][301]LogModuleManager: Shutting down and abandoning module AllDesktopTargetPlatform (137)
[2026.08.23-23.39.05:395][301]LogModuleManager: Shutting down and abandoning module D3D11RHI (134)
[2026.08.23-23.39.05:395][301]LogModuleManager: Shutting down and abandoning module InputCore (132)
[2026.08.23-23.39.05:395][301]LogModuleManager: Shutting down and abandoning module Settings (130)
[2026.08.23-23.39.05:395][301]LogModuleManager: Shutting down and abandoning module DirectoryWatcher (128)
[2026.08.23-23.39.05:395][301]LogModuleManager: Shutting down and abandoning module PhysXCooking (126)
[2026.08.23-23.39.05:395][301]LogModuleManager: Shutting down and abandoning module Chaos (124)
[2026.08.23-23.39.05:395][301]LogModuleManager: Shutting down and abandoning module WindowsPlatformFeatures (122)
[2026.08.23-23.39.05:395][301]LogModuleManager: Shutting down and abandoning module GameplayMediaEncoder (121)
[2026.08.23-23.39.05:395][301]LogModuleManager: Shutting down and abandoning module AVEncoder (120)
[2026.08.23-23.39.05:395][301]LogModuleManager: Shutting down and abandoning module SteamVRInputDevice (116)
[2026.08.23-23.39.05:395][301]LogModuleManager: Shutting down and abandoning module SteamVRInput (114)
[2026.08.23-23.39.05:395][301]LogModuleManager: Shutting down and abandoning module SteamVR (112)
[2026.08.23-23.39.05:395][301]LogHMD: Freeing OpenVRDLLHandle.
[2026.08.23-23.39.05:395][301]LogModuleManager: Shutting down and abandoning module OculusHMD (110)
[2026.08.23-23.39.05:396][301]LogModuleManager: Shutting down and abandoning module OpenXRHandTracking (108)
[2026.08.23-23.39.05:396][301]LogSlate: Slate User Destroyed.  User Index 0, Is Virtual User: 0
[2026.08.23-23.39.05:396][301]LogModuleManager: Shutting down and abandoning module OpenXREyeTracker (106)
[2026.08.23-23.39.05:396][301]LogModuleManager: Shutting down and abandoning module OpenXRAR (104)
[2026.08.23-23.39.05:396][301]LogModuleManager: Shutting down and abandoning module AugmentedReality (103)
[2026.08.23-23.39.05:396][301]LogModuleManager: Shutting down and abandoning module OpenXRHMD (100)
[2026.08.23-23.39.05:396][301]LogModuleManager: Shutting down and abandoning module ExampleDeviceProfileSelector (98)
[2026.08.23-23.39.05:396][301]LogModuleManager: Shutting down and abandoning module ChunkDownloader (96)
[2026.08.23-23.39.05:396][301]LogModuleManager: Shutting down and abandoning module LauncherChunkInstaller (94)
[2026.08.23-23.39.05:396][301]LogModuleManager: Shutting down and abandoning module OnlineBlueprintSupport (92)
[2026.08.23-23.39.05:396][301]LogModuleManager: Shutting down and abandoning module OnlineSubsystem (88)
[2026.08.23-23.39.05:397][301]LogModuleManager: Shutting down and abandoning module XMPP (83)
[2026.08.23-23.39.05:397][301]LogModuleManager: Shutting down and abandoning module WebSockets (82)
[2026.08.23-23.39.05:430][301]LogModuleManager: Shutting down and abandoning module HTTP (79)
[2026.08.23-23.39.05:430][301]LogHttp: Display: Http module shutting down, but needs to wait on 1 outstanding Http requests:
[2026.08.23-23.39.05:430][301]LogHttp: Display: 	verb=[POST] url=[https://datarouter.ol.epicgames.com/datarouter/api/v1/public/data?SessionID=%7B3467EF1F-4B5C-2EE8-7BD2-4A92C2A2F261%7D&AppID=UEEditor.Rocket.Release&AppVersion=4.27.2-18319896%2B%2B%2BUE4%2BRelease-4.27&UserID=aad14cfa4a1ed281c560f785102d869b%7C24de892310f14890888f3bfa72d3ca7c%7C72aeb03c-3a2b-4ff1-80d4-ff410d42d422&AppEnvironment=datacollector-binary&UploadType=eteventstream] refs=[1] status=Processing
[2026.08.23-23.39.05:430][301]LogHttp: Display: cleaning up 1 outstanding Http requests.
[2026.08.23-23.39.05:461][301]LogModuleManager: Shutting down and abandoning module SSL (78)
[2026.08.23-23.39.05:462][301]LogModuleManager: Shutting down and abandoning module MLSDK (74)
[2026.08.23-23.39.05:462][301]LogModuleManager: Shutting down and abandoning module MagicLeap (72)
[2026.08.23-23.39.05:462][301]LogModuleManager: Shutting down and abandoning module WmfMedia (70)
[2026.08.23-23.39.05:463][301]LogModuleManager: Shutting down and abandoning module Media (69)
[2026.08.23-23.39.05:464][301]LogModuleManager: Shutting down and abandoning module MediaInfo (68)
[2026.08.23-23.39.05:464][301]LogModuleManager: Shutting down and abandoning module ExrReaderGpu (64)
[2026.08.23-23.39.05:464][301]LogModuleManager: Shutting down and abandoning module NiagaraVertexFactories (62)
[2026.08.23-23.39.05:464][301]LogModuleManager: Shutting down and abandoning module NiagaraShader (60)
[2026.08.23-23.39.05:464][301]LogModuleManager: Shutting down and abandoning module PixWinPlugin (58)
[2026.08.23-23.39.05:464][301]LogModuleManager: Shutting down and abandoning module VariantManagerContent (56)
[2026.08.23-23.39.05:464][301]LogModuleManager: Shutting down and abandoning module DatasmithContent (54)
[2026.08.23-23.39.05:466][301]LogModuleManager: Shutting down and abandoning module ChaosCloth (52)
[2026.08.23-23.39.05:466][301]LogModuleManager: Shutting down and abandoning module AISupportModule (50)
[2026.08.23-23.39.05:466][301]LogModuleManager: Shutting down and abandoning module DesktopPlatform (48)
[2026.08.23-23.39.05:466][301]LogModuleManager: Shutting down and abandoning module PythonScriptPluginPreload (46)
[2026.08.23-23.39.05:466][301]LogModuleManager: Shutting down and abandoning module PlatformCryptoOpenSSL (44)
[2026.08.23-23.39.05:466][301]LogModuleManager: Shutting down and abandoning module PlatformCryptoTypes (42)
[2026.08.23-23.39.05:466][301]LogModuleManager: Shutting down and abandoning module PlatformCrypto (40)
[2026.08.23-23.39.05:466][301]LogModuleManager: Shutting down and abandoning module OodleDataCompressionFormat (38)
[2026.08.23-23.39.05:466][301]LogModuleManager: Shutting down and abandoning module XGEController (36)
[2026.08.23-23.39.05:466][301]LogModuleManager: Shutting down and abandoning module AnimationModifiers (34)
[2026.08.23-23.39.05:466][301]LogModuleManager: Shutting down and abandoning module AudioEditor (32)
[2026.08.23-23.39.05:467][301]LogModuleManager: Shutting down and abandoning module PropertyEditor (31)
[2026.08.23-23.39.05:467][301]LogModuleManager: Shutting down and abandoning module TextureCompressor (28)
[2026.08.23-23.39.05:467][301]LogModuleManager: Shutting down and abandoning module RenderCore (26)
[2026.08.23-23.39.05:467][301]LogModuleManager: Shutting down and abandoning module Landscape (24)
[2026.08.23-23.39.05:467][301]LogModuleManager: Shutting down and abandoning module SlateRHIRenderer (22)
[2026.08.23-23.39.05:467][301]LogModuleManager: Shutting down and abandoning module AnimGraphRuntime (20)
[2026.08.23-23.39.05:467][301]LogModuleManager: Shutting down and abandoning module Renderer (18)
[2026.08.23-23.39.05:467][301]LogModuleManager: Shutting down and abandoning module Engine (16)
[2026.08.23-23.39.05:467][301]LogModuleManager: Shutting down and abandoning module CoreUObject (14)
[2026.08.23-23.39.05:467][301]LogModuleManager: Shutting down and abandoning module NetworkFile (12)
[2026.08.23-23.39.05:467][301]LogModuleManager: Shutting down and abandoning module CookedIterativeFile (10)
[2026.08.23-23.39.05:467][301]LogModuleManager: Shutting down and abandoning module StreamingFile (8)
[2026.08.23-23.39.05:467][301]LogModuleManager: Shutting down and abandoning module SandboxFile (6)
[2026.08.23-23.39.05:467][301]LogModuleManager: Shutting down and abandoning module PakFile (4)
[2026.08.23-23.39.05:467][301]LogModuleManager: Shutting down and abandoning module RSA (3)
[2026.08.23-23.39.05:604][301]LogContentStreaming: Display: There are 1 unreleased StreamingManagers
[2026.08.23-23.39.05:626][301]LogD3D11RHI: Shutdown
[2026.08.23-23.39.05:626][301]LogD3D11RHI: CleanupD3DDevice
[2026.08.23-23.39.05:729][301]LogExit: Exiting.
[2026.08.23-23.39.05:755][301]Log file closed, 08/23/26 16:39:05
