Log file open, 08/23/26 09:44:29
LogWindows: Failed to load 'aqProf.dll' (GetLastError=126)
LogWindows: File 'aqProf.dll' does not exist
LogWindows: Failed to load 'VtuneApi.dll' (GetLastError=126)
LogWindows: File 'VtuneApi.dll' does not exist
LogWindows: Failed to load 'VtuneApi32e.dll' (GetLastError=126)
LogWindows: File 'VtuneApi32e.dll' does not exist
LogConsoleResponse: Display: Failed to find resolution value strings in scalability ini. Falling back to default.
LogConsoleResponse: Display: Failed to find resolution value strings in scalability ini. Falling back to default.
LogInit: Display: Running engine for game: BrackeysJam2026
LogPlatformFile: Not using cached read wrapper
LogTaskGraph: Started task graph with 5 named threads and 47 total threads with 3 sets of task threads.
LogStats: Stats thread started at 0.207619
LogICUInternationalization: ICU TimeZone Detection - Raw Offset: -8:00, Platform Override: ''
LogInit: Display: Loading text-based GConfig....
LogPluginManager: Mounting plugin MeshPainting
LogPluginManager: Mounting plugin XGEController
LogPluginManager: Mounting plugin Paper2D
LogPluginManager: Mounting plugin AISupport
LogPluginManager: Mounting plugin LiveLink
LogPluginManager: Mounting plugin EnvironmentQueryEditor
LogPluginManager: Mounting plugin LightPropagationVolume
LogPluginManager: Mounting plugin DatasmithContent
LogPluginManager: Mounting plugin OodleNetwork
LogPluginManager: Mounting plugin OodleData
LogPluginManager: Mounting plugin CameraShakePreviewer
LogPluginManager: Mounting plugin AssetManagerEditor
LogPluginManager: Mounting plugin VariantManagerContent
LogPluginManager: Mounting plugin GameplayCameras
LogPluginManager: Mounting plugin CryptoKeys
LogPluginManager: Mounting plugin CurveEditorTools
LogPluginManager: Mounting plugin AnimationSharing
LogPluginManager: Mounting plugin DataValidation
LogPluginManager: Mounting plugin FacialAnimation
LogPluginManager: Mounting plugin GeometryMode
LogPluginManager: Mounting plugin GameplayTagsEditor
LogPluginManager: Mounting plugin MacGraphicsSwitching
LogPluginManager: Mounting plugin CLionSourceCodeAccess
LogPluginManager: Mounting plugin CodeLiteSourceCodeAccess
LogPluginManager: Mounting plugin NullSourceCodeAccess
LogPluginManager: Mounting plugin MaterialAnalyzer
LogPluginManager: Mounting plugin PerforceSourceControl
LogPluginManager: Mounting plugin MobileLauncherProfileWizard
LogPluginManager: Mounting plugin GitSourceControl
LogPluginManager: Mounting plugin KDevelopSourceCodeAccess
LogPluginManager: Mounting plugin PluginBrowser
LogPluginManager: Mounting plugin PixWinPlugin
LogPluginManager: Mounting plugin SpeedTreeImporter
LogPluginManager: Mounting plugin PlasticSourceControl
LogPluginManager: Mounting plugin PluginUtils
LogPluginManager: Mounting plugin RiderSourceCodeAccess
LogPluginManager: Mounting plugin TextureFormatOodle
LogPluginManager: Mounting plugin Niagara
LogPluginManager: Mounting plugin PropertyAccessNode
LogPluginManager: Mounting plugin XCodeSourceCodeAccess
LogPluginManager: Mounting plugin LuminPlatformFeatures
LogPluginManager: Mounting plugin UObjectPlugin
LogPluginManager: Mounting plugin MagicLeap
LogPluginManager: Mounting plugin VisualStudioSourceCodeAccess
LogPluginManager: Mounting plugin VisualStudioCodeSourceCodeAccess
LogPluginManager: Mounting plugin SubversionSourceControl
LogPluginManager: Mounting plugin MagicLeapLightEstimation
LogPluginManager: Mounting plugin MagicLeapMedia
LogPluginManager: Mounting plugin MagicLeapPassableWorld
LogPluginManager: Mounting plugin AlembicImporter
LogPluginManager: Mounting plugin MLSDK
LogPluginManager: Mounting plugin BackChannel
LogPluginManager: Mounting plugin AutomationUtils
LogPluginManager: Mounting plugin ChaosCloth
LogPluginManager: Mounting plugin ChaosClothEditor
LogPluginManager: Mounting plugin ChaosNiagara
LogPluginManager: Mounting plugin ChaosSolverPlugin
LogPluginManager: Mounting plugin CharacterAI
LogPluginManager: Mounting plugin ChaosEditor
LogPluginManager: Mounting plugin GeometryCollectionPlugin
LogPluginManager: Mounting plugin GeometryCache
LogPluginManager: Mounting plugin GeometryProcessing
LogPluginManager: Mounting plugin AndroidMedia
LogPluginManager: Mounting plugin OpenImageDenoise
LogPluginManager: Mounting plugin MotoSynth
LogPluginManager: Mounting plugin AvfMedia
LogPluginManager: Mounting plugin PlanarCut
LogPluginManager: Mounting plugin ImgMedia
LogPluginManager: Mounting plugin PlatformCrypto
LogPluginManager: Mounting plugin ProxyLODPlugin
LogPluginManager: Mounting plugin OnlineSubsystem
LogPluginManager: Mounting plugin PythonScriptPlugin
LogPluginManager: Mounting plugin MediaCompositing
LogPluginManager: Mounting plugin OnlineSubsystemNull
LogPluginManager: Mounting plugin MediaPlayerEditor
LogPluginManager: Mounting plugin WebMMedia
LogPluginManager: Mounting plugin WmfMedia
LogPluginManager: Mounting plugin OnlineSubsystemUtils
LogPluginManager: Mounting plugin ActorSequence
LogPluginManager: Mounting plugin MatineeToLevelSequence
LogPluginManager: Mounting plugin LevelSequenceEditor
LogPluginManager: Mounting plugin LauncherChunkInstaller
LogPluginManager: Mounting plugin SkeletalReduction
LogPluginManager: Mounting plugin TcpMessaging
LogPluginManager: Mounting plugin UdpMessaging
LogPluginManager: Mounting plugin TemplateSequence
LogPluginManager: Mounting plugin AndroidMoviePlayer
LogPluginManager: Mounting plugin ActorLayerUtilities
LogPluginManager: Mounting plugin AndroidDeviceProfileSelector
LogPluginManager: Mounting plugin AppleImageUtils
LogPluginManager: Mounting plugin AndroidPermission
LogPluginManager: Mounting plugin ArchVisCharacter
LogPluginManager: Mounting plugin AppleMoviePlayer
LogPluginManager: Mounting plugin AudioCapture
LogPluginManager: Mounting plugin AudioSynesthesia
LogPluginManager: Mounting plugin CableComponent
LogPluginManager: Mounting plugin CustomMeshComponent
LogPluginManager: Mounting plugin EditableMesh
LogPluginManager: Mounting plugin ChunkDownloader
LogPluginManager: Mounting plugin ExampleDeviceProfileSelector
LogPluginManager: Mounting plugin AssetTags
LogPluginManager: Mounting plugin GoogleCloudMessaging
LogPluginManager: Mounting plugin ScreenshotTools
LogPluginManager: Mounting plugin GooglePAD
LogPluginManager: Mounting plugin IOSDeviceProfileSelector
LogPluginManager: Mounting plugin LocationServicesBPLibrary
LogPluginManager: Mounting plugin LinuxDeviceProfileSelector
LogPluginManager: Mounting plugin MobilePatchingUtils
LogPluginManager: Mounting plugin OpenXRHandTracking
LogPluginManager: Mounting plugin OpenXREyeTracker
LogPluginManager: Mounting plugin OpenXR
LogPluginManager: Mounting plugin ProceduralMeshComponent
LogPluginManager: Mounting plugin PropertyAccessEditor
LogPluginManager: Mounting plugin PostSplashScreen
LogPluginManager: Mounting plugin RuntimePhysXCooking
LogPluginManager: Mounting plugin SignificanceManager
LogPluginManager: Mounting plugin SoundFields
LogPluginManager: Mounting plugin PhysXVehicles
LogPluginManager: Mounting plugin Synthesis
LogPluginManager: Mounting plugin WebMMoviePlayer
LogPluginManager: Mounting plugin Takes
LogPluginManager: Mounting plugin WindowsMoviePlayer
LogPluginManager: Mounting plugin ContentBrowserAssetDataSource
LogPluginManager: Mounting plugin ContentBrowserClassDataSource
LogPluginManager: Mounting plugin ContentBrowserFileDataSource
LogPluginManager: Mounting plugin OnlineSubsystemGooglePlay
LogPluginManager: Mounting plugin OnlineSubsystemIOS
LogPluginManager: Mounting plugin OculusVR
LogPluginManager: Mounting plugin SteamVR
PixWinPlugin: PIX capture plugin failed to initialize! Check that the process is launched from PIX.
LogLuminAPIImpl: Warning: MLSDK not found.  This likely means the MLSDK environment variable is not set.
LogInit: Using libcurl 7.55.1-DEV
LogInit:  - built for x86_64-pc-win32
LogInit:  - supports SSL with OpenSSL/1.1.1
LogInit:  - supports HTTP deflate (compression) using libz 1.2.8
LogInit:  - other features:
LogInit:      CURL_VERSION_SSL
LogInit:      CURL_VERSION_LIBZ
LogInit:      CURL_VERSION_IPV6
LogInit:      CURL_VERSION_ASYNCHDNS
LogInit:      CURL_VERSION_LARGEFILE
LogInit:      CURL_VERSION_IDN
LogInit:  CurlRequestOptions (configurable via config and command line):
LogInit:  - bVerifyPeer = true  - Libcurl will verify peer certificate
LogInit:  - bUseHttpProxy = false  - Libcurl will NOT use HTTP proxy
LogInit:  - bDontReuseConnections = false  - Libcurl will reuse connections
LogInit:  - MaxHostConnections = 16  - Libcurl will limit the number of connections to a host
LogInit:  - LocalHostAddr = Default
LogInit:  - BufferSize = 65536
LogOnline: OSS: Creating online subsystem instance for: NULL
LogInit: WinSock: version 1.1 (2.2), MaxSocks=32767, MaxUdp=65467
LogOnline: OSS: TryLoadSubsystemAndSetDefault: Loaded subsystem for module [NULL]
LogOculusPluginWrapper: OculusPlugin initialized successfully
LogHMD: Failed initializing OVRPlugin 1.59.0
LogInit: Build: ++UE4+Release-4.27-CL-18319896
LogInit: Engine Version: 4.27.2-18319896+++UE4+Release-4.27
LogInit: Compatible Engine Version: 4.27.0-17155196+++UE4+Release-4.27
LogInit: Net CL: 17155196
LogInit: OS: Windows 10 (Release 2009) (), CPU: AMD Ryzen 7 PRO 8845HS w/ Radeon 780M Graphics, GPU: AMD Radeon 780M Graphics
LogInit: Compiled (64-bit): Nov 30 2021 07:12:08
LogInit: Compiled with Visual C++: 19.24.28315.00
LogInit: Build Configuration: Development
LogInit: Branch Name: ++UE4+Release-4.27
LogInit: Command Line: 
LogInit: Base Directory: C:/Program Files/Epic Games/UE_4.27/Engine/Binaries/Win64/
LogInit: Allocator: TBB
LogInit: Installed Engine Build: 1
LogDevObjectVersion: Number of dev versions registered: 29
LogDevObjectVersion:   Dev-Blueprints (B0D832E4-1F89-4F0D-ACCF-7EB736FD4AA2): 10
LogDevObjectVersion:   Dev-Build (E1C64328-A22C-4D53-A36C-8E866417BD8C): 0
LogDevObjectVersion:   Dev-Core (375EC13C-06E4-48FB-B500-84F0262A717E): 4
LogDevObjectVersion:   Dev-Editor (E4B068ED-F494-42E9-A231-DA0B2E46BB41): 40
LogDevObjectVersion:   Dev-Framework (CFFC743F-43B0-4480-9391-14DF171D2073): 37
LogDevObjectVersion:   Dev-Mobile (B02B49B5-BB20-44E9-A304-32B752E40360): 3
LogDevObjectVersion:   Dev-Networking (A4E4105C-59A1-49B5-A7C5-40C4547EDFEE): 0
LogDevObjectVersion:   Dev-Online (39C831C9-5AE6-47DC-9A44-9C173E1C8E7C): 0
LogDevObjectVersion:   Dev-Physics (78F01B33-EBEA-4F98-B9B4-84EACCB95AA2): 14
LogDevObjectVersion:   Dev-Platform (6631380F-2D4D-43E0-8009-CF276956A95A): 0
LogDevObjectVersion:   Dev-Rendering (12F88B9F-8875-4AFC-A67C-D90C383ABD29): 45
LogDevObjectVersion:   Dev-Sequencer (7B5AE74C-D270-4C10-A958-57980B212A5A): 13
LogDevObjectVersion:   Dev-VR (D7296918-1DD6-4BDD-9DE2-64A83CC13884): 3
LogDevObjectVersion:   Dev-LoadTimes (C2A15278-BFE7-4AFE-6C17-90FF531DF755): 1
LogDevObjectVersion:   Private-Geometry (6EACA3D4-40EC-4CC1-B786-8BED09428FC5): 3
LogDevObjectVersion:   Dev-AnimPhys (29E575DD-E0A3-4627-9D10-D276232CDCEA): 17
LogDevObjectVersion:   Dev-Anim (AF43A65D-7FD3-4947-9873-3E8ED9C1BB05): 15
LogDevObjectVersion:   Dev-ReflectionCapture (6B266CEC-1EC7-4B8F-A30B-E4D90942FC07): 1
LogDevObjectVersion:   Dev-Automation (0DF73D61-A23F-47EA-B727-89E90C41499A): 1
LogDevObjectVersion:   FortniteMain (601D1886-AC64-4F84-AA16-D3DE0DEAC7D6): 47
LogDevObjectVersion:   FortniteRelease (E7086368-6B23-4C58-8439-1B7016265E91): 1
LogDevObjectVersion:   Dev-Enterprise (9DFFBCD6-494F-0158-E221-12823C92A888): 10
LogDevObjectVersion:   Dev-Niagara (F2AED0AC-9AFE-416F-8664-AA7FFA26D6FC): 1
LogDevObjectVersion:   Dev-Destruction (174F1F0B-B4C6-45A5-B13F-2EE8D0FB917D): 10
LogDevObjectVersion:   Dev-Physics-Ext (35F94A83-E258-406C-A318-09F59610247C): 41
LogDevObjectVersion:   Dev-PhysicsMaterial-Chaos (B68FC16E-8B1B-42E2-B453-215C058844FE): 1
LogDevObjectVersion:   Dev-CineCamera (B2E18506-4273-CFC2-A54E-F4BB758BBA07): 1
LogDevObjectVersion:   Dev-VirtualProduction (64F58936-FD1B-42BA-BA96-7289D5D0FA4E): 1
LogDevObjectVersion:   Dev-MediaFramework (6F0ED827-A609-4895-9C91-998D90180EA4): 2
LogInit: Presizing for max 25165824 objects, including 0 objects not considered by GC, pre-allocating 0 bytes for permanent pool.
LogConfig: Applying CVar settings from Section [/Script/Engine.StreamingSettings] File [E:/_Alex's Data/Unreal Engine/Unreal Projects/Brackeys2026/Brackeys-2026/BrackeysJam2026/Saved/Config/Windows/Engine.ini]
LogConfig: Setting CVar [[s.MinBulkDataSizeForAsyncLoading:131072]]
LogConfig: Setting CVar [[s.AsyncLoadingThreadEnabled:0]]
LogConfig: Setting CVar [[s.EventDrivenLoaderEnabled:1]]
LogConfig: Setting CVar [[s.WarnIfTimeLimitExceeded:0]]
LogConfig: Setting CVar [[s.TimeLimitExceededMultiplier:1.5]]
LogConfig: Setting CVar [[s.TimeLimitExceededMinTime:0.005]]
LogConfig: Setting CVar [[s.UseBackgroundLevelStreaming:1]]
LogConfig: Setting CVar [[s.PriorityAsyncLoadingExtraTime:15.0]]
LogConfig: Setting CVar [[s.LevelStreamingActorsUpdateTimeLimit:5.0]]
LogConfig: Setting CVar [[s.PriorityLevelStreamingActorsUpdateExtraTime:5.0]]
LogConfig: Setting CVar [[s.LevelStreamingComponentsRegistrationGranularity:10]]
LogConfig: Setting CVar [[s.UnregisterComponentsTimeLimit:1.0]]
LogConfig: Setting CVar [[s.LevelStreamingComponentsUnregistrationGranularity:5]]
LogConfig: Setting CVar [[s.FlushStreamingOnExit:1]]
LogInit: Object subsystem initialized
LogConfig: Setting CVar [[con.DebugEarlyDefault:1]]
LogConfig: Setting CVar [[r.setres:1280x720]]
[2026.08.23-16.44.30:150][  0]LogConfig: Setting CVar [[r.VSync:0]]
[2026.08.23-16.44.30:151][  0]LogConfig: Setting CVar [[r.RHICmdBypass:0]]
[2026.08.23-16.44.30:151][  0]LogConfig: Applying CVar settings from Section [/Script/Engine.RendererSettings] File [E:/_Alex's Data/Unreal Engine/Unreal Projects/Brackeys2026/Brackeys-2026/BrackeysJam2026/Saved/Config/Windows/Engine.ini]
[2026.08.23-16.44.30:151][  0]LogConfig: Setting CVar [[r.GPUCrashDebugging:0]]
[2026.08.23-16.44.30:151][  0]LogConfig: Applying CVar settings from Section [/Script/Engine.RendererOverrideSettings] File [E:/_Alex's Data/Unreal Engine/Unreal Projects/Brackeys2026/Brackeys-2026/BrackeysJam2026/Saved/Config/Windows/Engine.ini]
[2026.08.23-16.44.30:151][  0]LogConfig: Applying CVar settings from Section [/Script/Engine.StreamingSettings] File [E:/_Alex's Data/Unreal Engine/Unreal Projects/Brackeys2026/Brackeys-2026/BrackeysJam2026/Saved/Config/Windows/Engine.ini]
[2026.08.23-16.44.30:151][  0]LogConfig: Setting CVar [[s.MinBulkDataSizeForAsyncLoading:131072]]
[2026.08.23-16.44.30:151][  0]LogConfig: Setting CVar [[s.AsyncLoadingThreadEnabled:0]]
[2026.08.23-16.44.30:151][  0]LogConfig: Setting CVar [[s.EventDrivenLoaderEnabled:1]]
[2026.08.23-16.44.30:151][  0]LogConfig: Setting CVar [[s.WarnIfTimeLimitExceeded:0]]
[2026.08.23-16.44.30:151][  0]LogConfig: Setting CVar [[s.TimeLimitExceededMultiplier:1.5]]
[2026.08.23-16.44.30:151][  0]LogConfig: Setting CVar [[s.TimeLimitExceededMinTime:0.005]]
[2026.08.23-16.44.30:151][  0]LogConfig: Setting CVar [[s.UseBackgroundLevelStreaming:1]]
[2026.08.23-16.44.30:151][  0]LogConfig: Setting CVar [[s.PriorityAsyncLoadingExtraTime:15.0]]
[2026.08.23-16.44.30:151][  0]LogConfig: Setting CVar [[s.LevelStreamingActorsUpdateTimeLimit:5.0]]
[2026.08.23-16.44.30:151][  0]LogConfig: Setting CVar [[s.PriorityLevelStreamingActorsUpdateExtraTime:5.0]]
[2026.08.23-16.44.30:151][  0]LogConfig: Setting CVar [[s.LevelStreamingComponentsRegistrationGranularity:10]]
[2026.08.23-16.44.30:151][  0]LogConfig: Setting CVar [[s.UnregisterComponentsTimeLimit:1.0]]
[2026.08.23-16.44.30:151][  0]LogConfig: Setting CVar [[s.LevelStreamingComponentsUnregistrationGranularity:5]]
[2026.08.23-16.44.30:151][  0]LogConfig: Setting CVar [[s.FlushStreamingOnExit:1]]
[2026.08.23-16.44.30:151][  0]LogConfig: Applying CVar settings from Section [/Script/Engine.GarbageCollectionSettings] File [E:/_Alex's Data/Unreal Engine/Unreal Projects/Brackeys2026/Brackeys-2026/BrackeysJam2026/Saved/Config/Windows/Engine.ini]
[2026.08.23-16.44.30:151][  0]LogConfig: Setting CVar [[gc.MaxObjectsNotConsideredByGC:1]]
[2026.08.23-16.44.30:151][  0]LogConfig: Setting CVar [[gc.SizeOfPermanentObjectPool:0]]
[2026.08.23-16.44.30:151][  0]LogConfig: Setting CVar [[gc.FlushStreamingOnGC:0]]
[2026.08.23-16.44.30:151][  0]LogConfig: Setting CVar [[gc.NumRetriesBeforeForcingGC:10]]
[2026.08.23-16.44.30:151][  0]LogConfig: Setting CVar [[gc.AllowParallelGC:1]]
[2026.08.23-16.44.30:151][  0]LogConfig: Setting CVar [[gc.TimeBetweenPurgingPendingKillObjects:61.1]]
[2026.08.23-16.44.30:151][  0]LogConfig: Setting CVar [[gc.MaxObjectsInEditor:25165824]]
[2026.08.23-16.44.30:151][  0]LogConfig: Setting CVar [[gc.IncrementalBeginDestroyEnabled:1]]
[2026.08.23-16.44.30:151][  0]LogConfig: Setting CVar [[gc.CreateGCClusters:1]]
[2026.08.23-16.44.30:151][  0]LogConfig: Setting CVar [[gc.MinGCClusterSize:5]]
[2026.08.23-16.44.30:151][  0]LogConfig: Setting CVar [[gc.ActorClusteringEnabled:0]]
[2026.08.23-16.44.30:151][  0]LogConfig: Setting CVar [[gc.BlueprintClusteringEnabled:0]]
[2026.08.23-16.44.30:151][  0]LogConfig: Setting CVar [[gc.UseDisregardForGCOnDedicatedServers:0]]
[2026.08.23-16.44.30:151][  0]LogConfig: Setting CVar [[gc.MultithreadedDestructionEnabled:1]]
[2026.08.23-16.44.30:151][  0]LogConfig: Applying CVar settings from Section [/Script/Engine.NetworkSettings] File [E:/_Alex's Data/Unreal Engine/Unreal Projects/Brackeys2026/Brackeys-2026/BrackeysJam2026/Saved/Config/Windows/Engine.ini]
[2026.08.23-16.44.30:151][  0]LogConfig: Applying CVar settings from Section [/Script/UnrealEd.CookerSettings] File [E:/_Alex's Data/Unreal Engine/Unreal Projects/Brackeys2026/Brackeys-2026/BrackeysJam2026/Saved/Config/Windows/Engine.ini]
[2026.08.23-16.44.30:156][  0]LogConfig: Applying CVar settings from Section [ViewDistanceQuality@3] File [E:/_Alex's Data/Unreal Engine/Unreal Projects/Brackeys2026/Brackeys-2026/BrackeysJam2026/Saved/Config/Windows/Scalability.ini]
[2026.08.23-16.44.30:156][  0]LogConfig: Setting CVar [[r.SkeletalMeshLODBias:0]]
[2026.08.23-16.44.30:156][  0]LogConfig: Setting CVar [[r.ViewDistanceScale:1.0]]
[2026.08.23-16.44.30:156][  0]LogConfig: Applying CVar settings from Section [AntiAliasingQuality@3] File [E:/_Alex's Data/Unreal Engine/Unreal Projects/Brackeys2026/Brackeys-2026/BrackeysJam2026/Saved/Config/Windows/Scalability.ini]
[2026.08.23-16.44.30:156][  0]LogConfig: Setting CVar [[r.PostProcessAAQuality:4]]
[2026.08.23-16.44.30:156][  0]LogConfig: Applying CVar settings from Section [ShadowQuality@3] File [E:/_Alex's Data/Unreal Engine/Unreal Projects/Brackeys2026/Brackeys-2026/BrackeysJam2026/Saved/Config/Windows/Scalability.ini]
[2026.08.23-16.44.30:156][  0]LogConfig: Setting CVar [[r.LightFunctionQuality:1]]
[2026.08.23-16.44.30:156][  0]LogConfig: Setting CVar [[r.ShadowQuality:5]]
[2026.08.23-16.44.30:156][  0]LogConfig: Setting CVar [[r.Shadow.CSM.MaxCascades:10]]
[2026.08.23-16.44.30:156][  0]LogConfig: Setting CVar [[r.Shadow.MaxResolution:2048]]
[2026.08.23-16.44.30:156][  0]LogConfig: Setting CVar [[r.Shadow.MaxCSMResolution:2048]]
[2026.08.23-16.44.30:156][  0]LogConfig: Setting CVar [[r.Shadow.RadiusThreshold:0.01]]
[2026.08.23-16.44.30:156][  0]LogConfig: Setting CVar [[r.Shadow.DistanceScale:1.0]]
[2026.08.23-16.44.30:156][  0]LogConfig: Setting CVar [[r.Shadow.CSM.TransitionScale:1.0]]
[2026.08.23-16.44.30:156][  0]LogConfig: Setting CVar [[r.Shadow.PreShadowResolutionFactor:1.0]]
[2026.08.23-16.44.30:156][  0]LogConfig: Setting CVar [[r.DistanceFieldShadowing:1]]
[2026.08.23-16.44.30:156][  0]LogConfig: Setting CVar [[r.DistanceFieldAO:1]]
[2026.08.23-16.44.30:156][  0]LogConfig: Setting CVar [[r.AOQuality:2]]
[2026.08.23-16.44.30:156][  0]LogConfig: Setting CVar [[r.VolumetricFog:1]]
[2026.08.23-16.44.30:156][  0]LogConfig: Setting CVar [[r.VolumetricFog.GridPixelSize:8]]
[2026.08.23-16.44.30:156][  0]LogConfig: Setting CVar [[r.VolumetricFog.GridSizeZ:128]]
[2026.08.23-16.44.30:156][  0]LogConfig: Setting CVar [[r.VolumetricFog.HistoryMissSupersampleCount:4]]
[2026.08.23-16.44.30:156][  0]LogConfig: Setting CVar [[r.LightMaxDrawDistanceScale:1]]
[2026.08.23-16.44.30:156][  0]LogConfig: Setting CVar [[r.CapsuleShadows:1]]
[2026.08.23-16.44.30:156][  0]LogConfig: Applying CVar settings from Section [PostProcessQuality@3] File [E:/_Alex's Data/Unreal Engine/Unreal Projects/Brackeys2026/Brackeys-2026/BrackeysJam2026/Saved/Config/Windows/Scalability.ini]
[2026.08.23-16.44.30:156][  0]LogConfig: Setting CVar [[r.MotionBlurQuality:4]]
[2026.08.23-16.44.30:156][  0]LogConfig: Setting CVar [[r.AmbientOcclusionMipLevelFactor:0.4]]
[2026.08.23-16.44.30:156][  0]LogConfig: Setting CVar [[r.AmbientOcclusionMaxQuality:100]]
[2026.08.23-16.44.30:156][  0]LogConfig: Setting CVar [[r.AmbientOcclusionLevels:-1]]
[2026.08.23-16.44.30:156][  0]LogConfig: Setting CVar [[r.AmbientOcclusionRadiusScale:1.0]]
[2026.08.23-16.44.30:156][  0]LogConfig: Setting CVar [[r.DepthOfFieldQuality:2]]
[2026.08.23-16.44.30:156][  0]LogConfig: Setting CVar [[r.RenderTargetPoolMin:400]]
[2026.08.23-16.44.30:156][  0]LogConfig: Setting CVar [[r.LensFlareQuality:2]]
[2026.08.23-16.44.30:156][  0]LogConfig: Setting CVar [[r.SceneColorFringeQuality:1]]
[2026.08.23-16.44.30:156][  0]LogConfig: Setting CVar [[r.EyeAdaptationQuality:2]]
[2026.08.23-16.44.30:156][  0]LogConfig: Setting CVar [[r.BloomQuality:5]]
[2026.08.23-16.44.30:156][  0]LogConfig: Setting CVar [[r.FastBlurThreshold:100]]
[2026.08.23-16.44.30:156][  0]LogConfig: Setting CVar [[r.Upscale.Quality:3]]
[2026.08.23-16.44.30:156][  0]LogConfig: Setting CVar [[r.Tonemapper.GrainQuantization:1]]
[2026.08.23-16.44.30:156][  0]LogConfig: Setting CVar [[r.LightShaftQuality:1]]
[2026.08.23-16.44.30:156][  0]LogConfig: Setting CVar [[r.Filter.SizeScale:1]]
[2026.08.23-16.44.30:156][  0]LogConfig: Setting CVar [[r.Tonemapper.Quality:5]]
[2026.08.23-16.44.30:156][  0]LogConfig: Setting CVar [[r.DOF.Gather.AccumulatorQuality:1        ; higher gathering accumulator quality]]
[2026.08.23-16.44.30:156][  0]LogConfig: Setting CVar [[r.DOF.Gather.PostfilterMethod:1          ; Median3x3 postfilering method]]
[2026.08.23-16.44.30:157][  0]LogConfig: Setting CVar [[r.DOF.Gather.EnableBokehSettings:0       ; no bokeh simulation when gathering]]
[2026.08.23-16.44.30:157][  0]LogConfig: Setting CVar [[r.DOF.Gather.RingCount:4                 ; medium number of samples when gathering]]
[2026.08.23-16.44.30:157][  0]LogConfig: Setting CVar [[r.DOF.Scatter.ForegroundCompositing:1    ; additive foreground scattering]]
[2026.08.23-16.44.30:157][  0]LogConfig: Setting CVar [[r.DOF.Scatter.BackgroundCompositing:2    ; additive background scattering]]
[2026.08.23-16.44.30:157][  0]LogConfig: Setting CVar [[r.DOF.Scatter.EnableBokehSettings:1      ; bokeh simulation when scattering]]
[2026.08.23-16.44.30:157][  0]LogConfig: Setting CVar [[r.DOF.Scatter.MaxSpriteRatio:0.1         ; only a maximum of 10% of scattered bokeh]]
[2026.08.23-16.44.30:157][  0]LogConfig: Setting CVar [[r.DOF.Recombine.Quality:1                ; cheap slight out of focus]]
[2026.08.23-16.44.30:157][  0]LogConfig: Setting CVar [[r.DOF.Recombine.EnableBokehSettings:0    ; no bokeh simulation on slight out of focus]]
[2026.08.23-16.44.30:157][  0]LogConfig: Setting CVar [[r.DOF.TemporalAAQuality:1                ; more stable temporal accumulation]]
[2026.08.23-16.44.30:157][  0]LogConfig: Setting CVar [[r.DOF.Kernel.MaxForegroundRadius:0.025]]
[2026.08.23-16.44.30:157][  0]LogConfig: Setting CVar [[r.DOF.Kernel.MaxBackgroundRadius:0.025]]
[2026.08.23-16.44.30:157][  0]LogConfig: Applying CVar settings from Section [TextureQuality@3] File [E:/_Alex's Data/Unreal Engine/Unreal Projects/Brackeys2026/Brackeys-2026/BrackeysJam2026/Saved/Config/Windows/Scalability.ini]
[2026.08.23-16.44.30:157][  0]LogConfig: Setting CVar [[r.Streaming.MipBias:0]]
[2026.08.23-16.44.30:157][  0]LogConfig: Setting CVar [[r.Streaming.AmortizeCPUToGPUCopy:0]]
[2026.08.23-16.44.30:157][  0]LogConfig: Setting CVar [[r.Streaming.MaxNumTexturesToStreamPerFrame:0]]
[2026.08.23-16.44.30:157][  0]LogConfig: Setting CVar [[r.Streaming.Boost:1]]
[2026.08.23-16.44.30:157][  0]LogConfig: Setting CVar [[r.MaxAnisotropy:8]]
[2026.08.23-16.44.30:157][  0]LogConfig: Setting CVar [[r.VT.MaxAnisotropy:8]]
[2026.08.23-16.44.30:157][  0]LogConfig: Setting CVar [[r.Streaming.LimitPoolSizeToVRAM:0]]
[2026.08.23-16.44.30:157][  0]LogConfig: Setting CVar [[r.Streaming.PoolSize:1000]]
[2026.08.23-16.44.30:157][  0]LogConfig: Setting CVar [[r.Streaming.MaxEffectiveScreenSize:0]]
[2026.08.23-16.44.30:157][  0]LogConfig: Applying CVar settings from Section [EffectsQuality@3] File [E:/_Alex's Data/Unreal Engine/Unreal Projects/Brackeys2026/Brackeys-2026/BrackeysJam2026/Saved/Config/Windows/Scalability.ini]
[2026.08.23-16.44.30:157][  0]LogConfig: Setting CVar [[r.TranslucencyLightingVolumeDim:64]]
[2026.08.23-16.44.30:157][  0]LogConfig: Setting CVar [[r.RefractionQuality:2]]
[2026.08.23-16.44.30:157][  0]LogConfig: Setting CVar [[r.SSR.Quality:3]]
[2026.08.23-16.44.30:157][  0]LogConfig: Setting CVar [[r.SSR.HalfResSceneColor:0]]
[2026.08.23-16.44.30:157][  0]LogConfig: Setting CVar [[r.SceneColorFormat:4]]
[2026.08.23-16.44.30:157][  0]LogConfig: Setting CVar [[r.DetailMode:2]]
[2026.08.23-16.44.30:157][  0]LogConfig: Setting CVar [[r.TranslucencyVolumeBlur:1]]
[2026.08.23-16.44.30:157][  0]LogConfig: Setting CVar [[r.MaterialQualityLevel:1 ; High quality]]
[2026.08.23-16.44.30:157][  0]LogConfig: Setting CVar [[r.AnisotropicMaterials:1]]
[2026.08.23-16.44.30:157][  0]LogConfig: Setting CVar [[r.SSS.Scale:1]]
[2026.08.23-16.44.30:157][  0]LogConfig: Setting CVar [[r.SSS.SampleSet:2]]
[2026.08.23-16.44.30:157][  0]LogConfig: Setting CVar [[r.SSS.Quality:1]]
[2026.08.23-16.44.30:157][  0]LogConfig: Setting CVar [[r.SSS.HalfRes:0]]
[2026.08.23-16.44.30:157][  0]LogConfig: Setting CVar [[r.SSGI.Quality:3]]
[2026.08.23-16.44.30:157][  0]LogConfig: Setting CVar [[r.EmitterSpawnRateScale:1.0]]
[2026.08.23-16.44.30:157][  0]LogConfig: Setting CVar [[r.ParticleLightQuality:2]]
[2026.08.23-16.44.30:157][  0]LogConfig: Setting CVar [[r.SkyAtmosphere.AerialPerspectiveLUT.FastApplyOnOpaque:1 ; Always have FastSkyLUT 1 in this case to avoid wrong sky]]
[2026.08.23-16.44.30:157][  0]LogConfig: Setting CVar [[r.SkyAtmosphere.AerialPerspectiveLUT.SampleCountMaxPerSlice:4]]
[2026.08.23-16.44.30:157][  0]LogConfig: Setting CVar [[r.SkyAtmosphere.AerialPerspectiveLUT.DepthResolution:16.0]]
[2026.08.23-16.44.30:157][  0]LogConfig: Setting CVar [[r.SkyAtmosphere.FastSkyLUT:1]]
[2026.08.23-16.44.30:157][  0]LogConfig: Setting CVar [[r.SkyAtmosphere.FastSkyLUT.SampleCountMin:4.0]]
[2026.08.23-16.44.30:157][  0]LogConfig: Setting CVar [[r.SkyAtmosphere.FastSkyLUT.SampleCountMax:128.0]]
[2026.08.23-16.44.30:157][  0]LogConfig: Setting CVar [[r.SkyAtmosphere.SampleCountMin:4.0]]
[2026.08.23-16.44.30:157][  0]LogConfig: Setting CVar [[r.SkyAtmosphere.SampleCountMax:128.0]]
[2026.08.23-16.44.30:157][  0]LogConfig: Setting CVar [[r.SkyAtmosphere.TransmittanceLUT.UseSmallFormat:0]]
[2026.08.23-16.44.30:157][  0]LogConfig: Setting CVar [[r.SkyAtmosphere.TransmittanceLUT.SampleCount:10.0]]
[2026.08.23-16.44.30:157][  0]LogConfig: Setting CVar [[r.SkyAtmosphere.MultiScatteringLUT.SampleCount:15.0]]
[2026.08.23-16.44.30:157][  0]LogConfig: Setting CVar [[r.SkyLight.RealTimeReflectionCapture:1]]
[2026.08.23-16.44.30:157][  0]LogConfig: Applying CVar settings from Section [FoliageQuality@3] File [E:/_Alex's Data/Unreal Engine/Unreal Projects/Brackeys2026/Brackeys-2026/BrackeysJam2026/Saved/Config/Windows/Scalability.ini]
[2026.08.23-16.44.30:157][  0]LogConfig: Setting CVar [[foliage.DensityScale:1.0]]
[2026.08.23-16.44.30:157][  0]LogConfig: Setting CVar [[grass.DensityScale:1.0]]
[2026.08.23-16.44.30:157][  0]LogConfig: Applying CVar settings from Section [ShadingQuality@3] File [E:/_Alex's Data/Unreal Engine/Unreal Projects/Brackeys2026/Brackeys-2026/BrackeysJam2026/Saved/Config/Windows/Scalability.ini]
[2026.08.23-16.44.30:157][  0]LogConfig: Setting CVar [[r.HairStrands.SkyLighting.IntegrationType:2]]
[2026.08.23-16.44.30:157][  0]LogConfig: Setting CVar [[r.HairStrands.SkyAO.SampleCount:4]]
[2026.08.23-16.44.30:157][  0]LogConfig: Setting CVar [[r.HairStrands.Visibility.MSAA.SamplePerPixel:4]]
[2026.08.23-16.44.30:157][  0]LogInit: Selected Device Profile: [Windows]
[2026.08.23-16.44.30:157][  0]LogInit: Applying CVar settings loaded from the selected device profile: [Windows]
[2026.08.23-16.44.30:157][  0]LogHAL: Display: Platform has ~ 32 GB [33639129088 / 34359738368 / 32], which maps to Largest [LargestMinGB=32, LargerMinGB=12, DefaultMinGB=8, SmallerMinGB=6, SmallestMinGB=0)
[2026.08.23-16.44.30:157][  0]LogInit: Going up to parent DeviceProfile []
[2026.08.23-16.44.30:157][  0]LogConfig: Applying CVar settings from Section [ViewDistanceQuality@3] File [E:/_Alex's Data/Unreal Engine/Unreal Projects/Brackeys2026/Brackeys-2026/BrackeysJam2026/Saved/Config/Windows/Scalability.ini]
[2026.08.23-16.44.30:157][  0]LogConfig: Setting CVar [[r.SkeletalMeshLODBias:0]]
[2026.08.23-16.44.30:157][  0]LogConfig: Setting CVar [[r.ViewDistanceScale:1.0]]
[2026.08.23-16.44.30:157][  0]LogConfig: Applying CVar settings from Section [AntiAliasingQuality@3] File [E:/_Alex's Data/Unreal Engine/Unreal Projects/Brackeys2026/Brackeys-2026/BrackeysJam2026/Saved/Config/Windows/Scalability.ini]
[2026.08.23-16.44.30:157][  0]LogConfig: Setting CVar [[r.PostProcessAAQuality:4]]
[2026.08.23-16.44.30:157][  0]LogConfig: Applying CVar settings from Section [ShadowQuality@3] File [E:/_Alex's Data/Unreal Engine/Unreal Projects/Brackeys2026/Brackeys-2026/BrackeysJam2026/Saved/Config/Windows/Scalability.ini]
[2026.08.23-16.44.30:157][  0]LogConfig: Setting CVar [[r.LightFunctionQuality:1]]
[2026.08.23-16.44.30:157][  0]LogConfig: Setting CVar [[r.ShadowQuality:5]]
[2026.08.23-16.44.30:157][  0]LogConfig: Setting CVar [[r.Shadow.CSM.MaxCascades:10]]
[2026.08.23-16.44.30:157][  0]LogConfig: Setting CVar [[r.Shadow.MaxResolution:2048]]
[2026.08.23-16.44.30:157][  0]LogConfig: Setting CVar [[r.Shadow.MaxCSMResolution:2048]]
[2026.08.23-16.44.30:157][  0]LogConfig: Setting CVar [[r.Shadow.RadiusThreshold:0.01]]
[2026.08.23-16.44.30:157][  0]LogConfig: Setting CVar [[r.Shadow.DistanceScale:1.0]]
[2026.08.23-16.44.30:157][  0]LogConfig: Setting CVar [[r.Shadow.CSM.TransitionScale:1.0]]
[2026.08.23-16.44.30:157][  0]LogConfig: Setting CVar [[r.Shadow.PreShadowResolutionFactor:1.0]]
[2026.08.23-16.44.30:157][  0]LogConfig: Setting CVar [[r.DistanceFieldShadowing:1]]
[2026.08.23-16.44.30:157][  0]LogConfig: Setting CVar [[r.DistanceFieldAO:1]]
[2026.08.23-16.44.30:157][  0]LogConfig: Setting CVar [[r.AOQuality:2]]
[2026.08.23-16.44.30:157][  0]LogConfig: Setting CVar [[r.VolumetricFog:1]]
[2026.08.23-16.44.30:157][  0]LogConfig: Setting CVar [[r.VolumetricFog.GridPixelSize:8]]
[2026.08.23-16.44.30:157][  0]LogConfig: Setting CVar [[r.VolumetricFog.GridSizeZ:128]]
[2026.08.23-16.44.30:157][  0]LogConfig: Setting CVar [[r.VolumetricFog.HistoryMissSupersampleCount:4]]
[2026.08.23-16.44.30:157][  0]LogConfig: Setting CVar [[r.LightMaxDrawDistanceScale:1]]
[2026.08.23-16.44.30:157][  0]LogConfig: Setting CVar [[r.CapsuleShadows:1]]
[2026.08.23-16.44.30:157][  0]LogConfig: Applying CVar settings from Section [PostProcessQuality@3] File [E:/_Alex's Data/Unreal Engine/Unreal Projects/Brackeys2026/Brackeys-2026/BrackeysJam2026/Saved/Config/Windows/Scalability.ini]
[2026.08.23-16.44.30:157][  0]LogConfig: Setting CVar [[r.MotionBlurQuality:4]]
[2026.08.23-16.44.30:157][  0]LogConfig: Setting CVar [[r.AmbientOcclusionMipLevelFactor:0.4]]
[2026.08.23-16.44.30:157][  0]LogConfig: Setting CVar [[r.AmbientOcclusionMaxQuality:100]]
[2026.08.23-16.44.30:157][  0]LogConfig: Setting CVar [[r.AmbientOcclusionLevels:-1]]
[2026.08.23-16.44.30:157][  0]LogConfig: Setting CVar [[r.AmbientOcclusionRadiusScale:1.0]]
[2026.08.23-16.44.30:157][  0]LogConfig: Setting CVar [[r.DepthOfFieldQuality:2]]
[2026.08.23-16.44.30:157][  0]LogConfig: Setting CVar [[r.RenderTargetPoolMin:400]]
[2026.08.23-16.44.30:157][  0]LogConfig: Setting CVar [[r.LensFlareQuality:2]]
[2026.08.23-16.44.30:157][  0]LogConfig: Setting CVar [[r.SceneColorFringeQuality:1]]
[2026.08.23-16.44.30:157][  0]LogConfig: Setting CVar [[r.EyeAdaptationQuality:2]]
[2026.08.23-16.44.30:157][  0]LogConfig: Setting CVar [[r.BloomQuality:5]]
[2026.08.23-16.44.30:158][  0]LogConfig: Setting CVar [[r.FastBlurThreshold:100]]
[2026.08.23-16.44.30:158][  0]LogConfig: Setting CVar [[r.Upscale.Quality:3]]
[2026.08.23-16.44.30:158][  0]LogConfig: Setting CVar [[r.Tonemapper.GrainQuantization:1]]
[2026.08.23-16.44.30:158][  0]LogConfig: Setting CVar [[r.LightShaftQuality:1]]
[2026.08.23-16.44.30:158][  0]LogConfig: Setting CVar [[r.Filter.SizeScale:1]]
[2026.08.23-16.44.30:158][  0]LogConfig: Setting CVar [[r.Tonemapper.Quality:5]]
[2026.08.23-16.44.30:158][  0]LogConfig: Setting CVar [[r.DOF.Gather.AccumulatorQuality:1        ; higher gathering accumulator quality]]
[2026.08.23-16.44.30:158][  0]LogConfig: Setting CVar [[r.DOF.Gather.PostfilterMethod:1          ; Median3x3 postfilering method]]
[2026.08.23-16.44.30:158][  0]LogConfig: Setting CVar [[r.DOF.Gather.EnableBokehSettings:0       ; no bokeh simulation when gathering]]
[2026.08.23-16.44.30:158][  0]LogConfig: Setting CVar [[r.DOF.Gather.RingCount:4                 ; medium number of samples when gathering]]
[2026.08.23-16.44.30:158][  0]LogConfig: Setting CVar [[r.DOF.Scatter.ForegroundCompositing:1    ; additive foreground scattering]]
[2026.08.23-16.44.30:158][  0]LogConfig: Setting CVar [[r.DOF.Scatter.BackgroundCompositing:2    ; additive background scattering]]
[2026.08.23-16.44.30:158][  0]LogConfig: Setting CVar [[r.DOF.Scatter.EnableBokehSettings:1      ; bokeh simulation when scattering]]
[2026.08.23-16.44.30:158][  0]LogConfig: Setting CVar [[r.DOF.Scatter.MaxSpriteRatio:0.1         ; only a maximum of 10% of scattered bokeh]]
[2026.08.23-16.44.30:158][  0]LogConfig: Setting CVar [[r.DOF.Recombine.Quality:1                ; cheap slight out of focus]]
[2026.08.23-16.44.30:158][  0]LogConfig: Setting CVar [[r.DOF.Recombine.EnableBokehSettings:0    ; no bokeh simulation on slight out of focus]]
[2026.08.23-16.44.30:158][  0]LogConfig: Setting CVar [[r.DOF.TemporalAAQuality:1                ; more stable temporal accumulation]]
[2026.08.23-16.44.30:158][  0]LogConfig: Setting CVar [[r.DOF.Kernel.MaxForegroundRadius:0.025]]
[2026.08.23-16.44.30:158][  0]LogConfig: Setting CVar [[r.DOF.Kernel.MaxBackgroundRadius:0.025]]
[2026.08.23-16.44.30:158][  0]LogConfig: Applying CVar settings from Section [TextureQuality@3] File [E:/_Alex's Data/Unreal Engine/Unreal Projects/Brackeys2026/Brackeys-2026/BrackeysJam2026/Saved/Config/Windows/Scalability.ini]
[2026.08.23-16.44.30:158][  0]LogConfig: Setting CVar [[r.Streaming.MipBias:0]]
[2026.08.23-16.44.30:158][  0]LogConfig: Setting CVar [[r.Streaming.AmortizeCPUToGPUCopy:0]]
[2026.08.23-16.44.30:158][  0]LogConfig: Setting CVar [[r.Streaming.MaxNumTexturesToStreamPerFrame:0]]
[2026.08.23-16.44.30:158][  0]LogConfig: Setting CVar [[r.Streaming.Boost:1]]
[2026.08.23-16.44.30:158][  0]LogConfig: Setting CVar [[r.MaxAnisotropy:8]]
[2026.08.23-16.44.30:158][  0]LogConfig: Setting CVar [[r.VT.MaxAnisotropy:8]]
[2026.08.23-16.44.30:158][  0]LogConfig: Setting CVar [[r.Streaming.LimitPoolSizeToVRAM:0]]
[2026.08.23-16.44.30:158][  0]LogConfig: Setting CVar [[r.Streaming.PoolSize:1000]]
[2026.08.23-16.44.30:158][  0]LogConfig: Setting CVar [[r.Streaming.MaxEffectiveScreenSize:0]]
[2026.08.23-16.44.30:158][  0]LogConfig: Applying CVar settings from Section [EffectsQuality@3] File [E:/_Alex's Data/Unreal Engine/Unreal Projects/Brackeys2026/Brackeys-2026/BrackeysJam2026/Saved/Config/Windows/Scalability.ini]
[2026.08.23-16.44.30:158][  0]LogConfig: Setting CVar [[r.TranslucencyLightingVolumeDim:64]]
[2026.08.23-16.44.30:158][  0]LogConfig: Setting CVar [[r.RefractionQuality:2]]
[2026.08.23-16.44.30:158][  0]LogConfig: Setting CVar [[r.SSR.Quality:3]]
[2026.08.23-16.44.30:158][  0]LogConfig: Setting CVar [[r.SSR.HalfResSceneColor:0]]
[2026.08.23-16.44.30:158][  0]LogConfig: Setting CVar [[r.SceneColorFormat:4]]
[2026.08.23-16.44.30:158][  0]LogConfig: Setting CVar [[r.DetailMode:2]]
[2026.08.23-16.44.30:158][  0]LogConfig: Setting CVar [[r.TranslucencyVolumeBlur:1]]
[2026.08.23-16.44.30:158][  0]LogConfig: Setting CVar [[r.MaterialQualityLevel:1 ; High quality]]
[2026.08.23-16.44.30:158][  0]LogConfig: Setting CVar [[r.AnisotropicMaterials:1]]
[2026.08.23-16.44.30:158][  0]LogConfig: Setting CVar [[r.SSS.Scale:1]]
[2026.08.23-16.44.30:158][  0]LogConfig: Setting CVar [[r.SSS.SampleSet:2]]
[2026.08.23-16.44.30:158][  0]LogConfig: Setting CVar [[r.SSS.Quality:1]]
[2026.08.23-16.44.30:158][  0]LogConfig: Setting CVar [[r.SSS.HalfRes:0]]
[2026.08.23-16.44.30:158][  0]LogConfig: Setting CVar [[r.SSGI.Quality:3]]
[2026.08.23-16.44.30:158][  0]LogConfig: Setting CVar [[r.EmitterSpawnRateScale:1.0]]
[2026.08.23-16.44.30:158][  0]LogConfig: Setting CVar [[r.ParticleLightQuality:2]]
[2026.08.23-16.44.30:158][  0]LogConfig: Setting CVar [[r.SkyAtmosphere.AerialPerspectiveLUT.FastApplyOnOpaque:1 ; Always have FastSkyLUT 1 in this case to avoid wrong sky]]
[2026.08.23-16.44.30:158][  0]LogConfig: Setting CVar [[r.SkyAtmosphere.AerialPerspectiveLUT.SampleCountMaxPerSlice:4]]
[2026.08.23-16.44.30:158][  0]LogConfig: Setting CVar [[r.SkyAtmosphere.AerialPerspectiveLUT.DepthResolution:16.0]]
[2026.08.23-16.44.30:158][  0]LogConfig: Setting CVar [[r.SkyAtmosphere.FastSkyLUT:1]]
[2026.08.23-16.44.30:158][  0]LogConfig: Setting CVar [[r.SkyAtmosphere.FastSkyLUT.SampleCountMin:4.0]]
[2026.08.23-16.44.30:158][  0]LogConfig: Setting CVar [[r.SkyAtmosphere.FastSkyLUT.SampleCountMax:128.0]]
[2026.08.23-16.44.30:158][  0]LogConfig: Setting CVar [[r.SkyAtmosphere.SampleCountMin:4.0]]
[2026.08.23-16.44.30:158][  0]LogConfig: Setting CVar [[r.SkyAtmosphere.SampleCountMax:128.0]]
[2026.08.23-16.44.30:158][  0]LogConfig: Setting CVar [[r.SkyAtmosphere.TransmittanceLUT.UseSmallFormat:0]]
[2026.08.23-16.44.30:158][  0]LogConfig: Setting CVar [[r.SkyAtmosphere.TransmittanceLUT.SampleCount:10.0]]
[2026.08.23-16.44.30:158][  0]LogConfig: Setting CVar [[r.SkyAtmosphere.MultiScatteringLUT.SampleCount:15.0]]
[2026.08.23-16.44.30:158][  0]LogConfig: Setting CVar [[r.SkyLight.RealTimeReflectionCapture:1]]
[2026.08.23-16.44.30:158][  0]LogConfig: Applying CVar settings from Section [FoliageQuality@3] File [E:/_Alex's Data/Unreal Engine/Unreal Projects/Brackeys2026/Brackeys-2026/BrackeysJam2026/Saved/Config/Windows/Scalability.ini]
[2026.08.23-16.44.30:158][  0]LogConfig: Setting CVar [[foliage.DensityScale:1.0]]
[2026.08.23-16.44.30:158][  0]LogConfig: Setting CVar [[grass.DensityScale:1.0]]
[2026.08.23-16.44.30:158][  0]LogConfig: Applying CVar settings from Section [ShadingQuality@3] File [E:/_Alex's Data/Unreal Engine/Unreal Projects/Brackeys2026/Brackeys-2026/BrackeysJam2026/Saved/Config/Windows/Scalability.ini]
[2026.08.23-16.44.30:158][  0]LogConfig: Setting CVar [[r.HairStrands.SkyLighting.IntegrationType:2]]
[2026.08.23-16.44.30:158][  0]LogConfig: Setting CVar [[r.HairStrands.SkyAO.SampleCount:4]]
[2026.08.23-16.44.30:158][  0]LogConfig: Setting CVar [[r.HairStrands.Visibility.MSAA.SamplePerPixel:4]]
[2026.08.23-16.44.30:158][  0]LogConfig: Applying CVar settings from Section [Startup] File [../../../Engine/Config/ConsoleVariables.ini]
[2026.08.23-16.44.30:158][  0]LogConfig: Setting CVar [[net.UseAdaptiveNetUpdateFrequency:0]]
[2026.08.23-16.44.30:158][  0]LogConfig: Setting CVar [[p.chaos.AllowCreatePhysxBodies:1]]
[2026.08.23-16.44.30:158][  0]LogConfig: Setting CVar [[fx.SkipVectorVMBackendOptimizations:1]]
[2026.08.23-16.44.30:158][  0]LogConfig: Applying CVar settings from Section [ConsoleVariables] File [E:/_Alex's Data/Unreal Engine/Unreal Projects/Brackeys2026/Brackeys-2026/BrackeysJam2026/Saved/Config/Windows/Engine.ini]
[2026.08.23-16.44.30:158][  0]LogConfig: Applying CVar settings from Section [ConsoleVariables] File [E:/_Alex's Data/Unreal Engine/Unreal Projects/Brackeys2026/Brackeys-2026/BrackeysJam2026/Saved/Config/Windows/Editor.ini]
[2026.08.23-16.44.30:158][  0]LogInit: Computer: LAPTOP-EB09ONFM
[2026.08.23-16.44.30:158][  0]LogInit: User: AlexT
[2026.08.23-16.44.30:158][  0]LogInit: CPU Page size=4096, Cores=8
[2026.08.23-16.44.30:158][  0]LogInit: High frequency timer resolution =10.000000 MHz
[2026.08.23-16.44.30:158][  0]LogMemory: Memory total: Physical=31.3GB (32GB approx)
[2026.08.23-16.44.30:158][  0]LogMemory: Platform Memory Stats for Windows
[2026.08.23-16.44.30:158][  0]LogMemory: Process Physical Memory: 161.19 MB used, 161.19 MB peak
[2026.08.23-16.44.30:158][  0]LogMemory: Process Virtual Memory: 132.12 MB used, 132.12 MB peak
[2026.08.23-16.44.30:158][  0]LogMemory: Physical Memory: 12130.61 MB used,  19950.17 MB free, 32080.77 MB total
[2026.08.23-16.44.30:158][  0]LogMemory: Virtual Memory: 134193312.00 MB used,  24416.37 MB free, 134217728.00 MB total
[2026.08.23-16.44.30:165][  0]LogWindows: WindowsPlatformFeatures enabled
[2026.08.23-16.44.30:182][  0]LogInit: Physics initialised using underlying interface: PhysX
[2026.08.23-16.44.30:184][  0]LogInit: Using OS detected language (en-US).
[2026.08.23-16.44.30:184][  0]LogInit: Using OS detected locale (en-US).
[2026.08.23-16.44.30:189][  0]LogTextLocalizationManager: No specific localization for 'en-US' exists, so the 'en' localization will be used.
[2026.08.23-16.44.30:334][  0]LogInit: Setting process to per monitor DPI aware
[2026.08.23-16.44.30:348][  0]LogWindowsTextInputMethodSystem: Display: IME system deactivated.
[2026.08.23-16.44.30:360][  0]LogSlate: New Slate User Created.  User Index 0, Is Virtual User: 0
[2026.08.23-16.44.30:360][  0]LogSlate: Slate User Registered.  User Index 0, Is Virtual User: 0
[2026.08.23-16.44.30:457][  0]LogD3D11RHI: Loaded GFSDK_Aftermath_Lib.x64.dll
[2026.08.23-16.44.30:479][  0]LogHMD: Failed to initialize OpenVR with code 110
[2026.08.23-16.44.30:479][  0]LogD3D11RHI: D3D11 min allowed feature level: 11_0
[2026.08.23-16.44.30:479][  0]LogD3D11RHI: D3D11 max allowed feature level: 11_0
[2026.08.23-16.44.30:479][  0]LogD3D11RHI: D3D11 adapters:
[2026.08.23-16.44.30:575][  0]LogD3D11RHI:    0. 'AMD Radeon 780M Graphics' (Feature Level 11_0)
[2026.08.23-16.44.30:576][  0]LogD3D11RHI:       421/0/16040 MB DedicatedVideo/DedicatedSystem/SharedSystem, Outputs:1, VendorId:0x1002
[2026.08.23-16.44.30:582][  0]LogD3D11RHI:    1. 'Microsoft Basic Render Driver' (Feature Level 11_0)
[2026.08.23-16.44.30:582][  0]LogD3D11RHI:       0/0/16040 MB DedicatedVideo/DedicatedSystem/SharedSystem, Outputs:0, VendorId:0x1414
[2026.08.23-16.44.30:582][  0]LogD3D11RHI: Chosen D3D11 Adapter:
[2026.08.23-16.44.30:582][  0]LogD3D11RHI:     Description : AMD Radeon 780M Graphics
[2026.08.23-16.44.30:582][  0]LogD3D11RHI:     VendorId    : 1002
[2026.08.23-16.44.30:582][  0]LogD3D11RHI:     DeviceId    : 1900
[2026.08.23-16.44.30:582][  0]LogD3D11RHI:     SubSysId    : 1241002
[2026.08.23-16.44.30:582][  0]LogD3D11RHI:     Revision    : 00d5
[2026.08.23-16.44.30:582][  0]LogD3D11RHI:     DedicatedVideoMemory : 441671680 bytes
[2026.08.23-16.44.30:582][  0]LogD3D11RHI:     DedicatedSystemMemory : 0 bytes
[2026.08.23-16.44.30:582][  0]LogD3D11RHI:     SharedSystemMemory : 16819564544 bytes
[2026.08.23-16.44.30:582][  0]LogD3D11RHI:     AdapterLuid : 0 66722
[2026.08.23-16.44.30:589][  0]LogD3D11RHI: Creating new Direct3DDevice
[2026.08.23-16.44.30:589][  0]LogD3D11RHI:     GPU DeviceId: 0x1900 (for the marketing name, search the web for "GPU Device Id")
[2026.08.23-16.44.30:589][  0]LogWindows: EnumDisplayDevices:
[2026.08.23-16.44.30:590][  0]LogWindows:    0. 'AMD Radeon 780M Graphics' (P:1 D:1)
[2026.08.23-16.44.30:590][  0]LogWindows:    1. 'AMD Radeon 780M Graphics' (P:0 D:0)
[2026.08.23-16.44.30:590][  0]LogWindows:    2. 'AMD Radeon 780M Graphics' (P:0 D:0)
[2026.08.23-16.44.30:591][  0]LogWindows:    3. 'AMD Radeon 780M Graphics' (P:0 D:0)
[2026.08.23-16.44.30:591][  0]LogWindows:    4. 'AMD Radeon 780M Graphics' (P:0 D:0)
[2026.08.23-16.44.30:591][  0]LogWindows: DebugString: FoundDriverCount:5 
[2026.08.23-16.44.30:591][  0]LogD3D11RHI:     Adapter Name: AMD Radeon 780M Graphics
[2026.08.23-16.44.30:591][  0]LogD3D11RHI:   Driver Version: AMD Software: Adrenalin Edition 26.7.1 (internal:32.0.31035.1003, unified:32.0.31035.1003)
[2026.08.23-16.44.30:591][  0]LogD3D11RHI:      Driver Date: 7-24-2026
[2026.08.23-16.44.30:591][  0]LogRHI: Texture pool is 10985 MB (70% of 15693 MB)
[2026.08.23-16.44.30:621][  0]LogD3D11RHI: Creating D3DDevice with AMD AGS, using adapter:
[2026.08.23-16.44.30:621][  0]LogD3D11RHI:     Description : AMD Radeon 780M Graphics
[2026.08.23-16.44.30:621][  0]LogD3D11RHI:     VendorId    : 1002
[2026.08.23-16.44.30:621][  0]LogD3D11RHI:     DeviceId    : 1900
[2026.08.23-16.44.30:621][  0]LogD3D11RHI:     SubSysId    : 1241002
[2026.08.23-16.44.30:621][  0]LogD3D11RHI:     Revision    : 00d5
[2026.08.23-16.44.30:621][  0]LogD3D11RHI:     DedicatedVideoMemory : 441671680 bytes
[2026.08.23-16.44.30:621][  0]LogD3D11RHI:     DedicatedSystemMemory : 0 bytes
[2026.08.23-16.44.30:621][  0]LogD3D11RHI:     SharedSystemMemory : 16819564544 bytes
[2026.08.23-16.44.30:621][  0]LogD3D11RHI:     AdapterLuid : 0 66722
[2026.08.23-16.44.30:715][  0]LogD3D11RHI: Created device via AGS, feature level 11_0, supported extensions 1fffffbf.
[2026.08.23-16.44.30:715][  0]LogD3D11RHI: RHI has support for 64 bit atomics
[2026.08.23-16.44.30:715][  0]LogD3D11RHI: Async texture creation enabled
[2026.08.23-16.44.30:715][  0]LogD3D11RHI: Array index from any shader is supported
[2026.08.23-16.44.30:727][  0]LogD3D11RHI: GPU Timing Frequency: 100.000000 (Debug: 2 1)
[2026.08.23-16.44.30:995][  0]LogTargetPlatformManager: Display: Loaded TargetPlatform 'AllDesktop'
[2026.08.23-16.44.31:011][  0]LogTargetPlatformManager: Display: Loaded TargetPlatform 'Android'
[2026.08.23-16.44.31:011][  0]LogTargetPlatformManager: Display: Loaded TargetPlatform 'Android_ASTC'
[2026.08.23-16.44.31:011][  0]LogTargetPlatformManager: Display: Loaded TargetPlatform 'Android_DXT'
[2026.08.23-16.44.31:011][  0]LogTargetPlatformManager: Display: Loaded TargetPlatform 'Android_ETC2'
[2026.08.23-16.44.31:011][  0]LogTargetPlatformManager: Display: Loaded TargetPlatform 'AndroidClient'
[2026.08.23-16.44.31:011][  0]LogTargetPlatformManager: Display: Loaded TargetPlatform 'Android_ASTCClient'
[2026.08.23-16.44.31:011][  0]LogTargetPlatformManager: Display: Loaded TargetPlatform 'Android_DXTClient'
[2026.08.23-16.44.31:011][  0]LogTargetPlatformManager: Display: Loaded TargetPlatform 'Android_ETC2Client'
[2026.08.23-16.44.31:011][  0]LogTargetPlatformManager: Display: Loaded TargetPlatform 'Android_Multi'
[2026.08.23-16.44.31:011][  0]LogTargetPlatformManager: Display: Loaded TargetPlatform 'Android_MultiClient'
[2026.08.23-16.44.31:024][  0]LogTargetPlatformManager: Display: Loaded TargetPlatform 'IOSClient'
[2026.08.23-16.44.31:024][  0]LogTargetPlatformManager: Display: Loaded TargetPlatform 'IOS'
[2026.08.23-16.44.31:031][  0]LogTargetPlatformManager: Display: Loaded TargetPlatform 'Linux'
[2026.08.23-16.44.31:035][  0]LogTargetPlatformManager: Display: Loaded TargetPlatform 'LinuxNoEditor'
[2026.08.23-16.44.31:038][  0]LogTargetPlatformManager: Display: Loaded TargetPlatform 'LinuxClient'
[2026.08.23-16.44.31:042][  0]LogTargetPlatformManager: Display: Loaded TargetPlatform 'LinuxServer'
[2026.08.23-16.44.31:048][  0]LogTargetPlatformManager: Display: Loaded TargetPlatform 'LinuxAArch64NoEditor'
[2026.08.23-16.44.31:051][  0]LogTargetPlatformManager: Display: Loaded TargetPlatform 'LinuxAArch64Client'
[2026.08.23-16.44.31:055][  0]LogTargetPlatformManager: Display: Loaded TargetPlatform 'LinuxAArch64Server'
[2026.08.23-16.44.31:070][  0]LogTargetPlatformManager: Display: Loaded TargetPlatform 'Lumin'
[2026.08.23-16.44.31:070][  0]LogTargetPlatformManager: Display: Loaded TargetPlatform 'LuminClient'
[2026.08.23-16.44.31:076][  0]LogTargetPlatformManager: Display: Loaded TargetPlatform 'MacNoEditor'
[2026.08.23-16.44.31:080][  0]LogTargetPlatformManager: Display: Loaded TargetPlatform 'Mac'
[2026.08.23-16.44.31:083][  0]LogTargetPlatformManager: Display: Loaded TargetPlatform 'MacClient'
[2026.08.23-16.44.31:087][  0]LogTargetPlatformManager: Display: Loaded TargetPlatform 'MacServer'
[2026.08.23-16.44.31:094][  0]LogTargetPlatformManager: Display: Loaded TargetPlatform 'TVOSClient'
[2026.08.23-16.44.31:094][  0]LogTargetPlatformManager: Display: Loaded TargetPlatform 'TVOS'
[2026.08.23-16.44.31:100][  0]LogTargetPlatformManager: Display: Loaded TargetPlatform 'WindowsNoEditor'
[2026.08.23-16.44.31:104][  0]LogTargetPlatformManager: Display: Loaded TargetPlatform 'Windows'
[2026.08.23-16.44.31:108][  0]LogTargetPlatformManager: Display: Loaded TargetPlatform 'WindowsClient'
[2026.08.23-16.44.31:111][  0]LogTargetPlatformManager: Display: Loaded TargetPlatform 'WindowsServer'
[2026.08.23-16.44.31:111][  0]LogTargetPlatformManager: Display: Building Assets For Windows
[2026.08.23-16.44.31:117][  0]LogAudioDebug: Display: Lib vorbis DLL was dynamically loaded.
[2026.08.23-16.44.31:140][  0]LogTextureFormatOodle: Display: Oodle Texture 2.9.0 init RDO Off
[2026.08.23-16.44.31:163][  0]LogRendererCore: Ray tracing is disabled. Reason: r.RayTracing=0.
[2026.08.23-16.44.31:163][  0]LogShaderCompilers: Guid format shader working directory is -42 characters bigger than the processId version (E:/_Alex's Data/Unreal Engine/Unreal Projects/Brackeys2026/Brackeys-2026/BrackeysJam2026/Intermediate/Shaders/WorkingDirectory/13672/).
[2026.08.23-16.44.31:164][  0]LogShaderCompilers: Cleaned the shader compiler working directory 'C:/Users/Alex T/AppData/Local/Temp/UnrealShaderWorkingDir/1FC92B9243F413243F78108D1A05AE32/'.
[2026.08.23-16.44.31:164][  0]LogXGEController: Cannot use XGE Controller as Incredibuild is not installed on this machine.
[2026.08.23-16.44.31:164][  0]LogShaderCompilers: Cannot use XGE Shader Compiler as Incredibuild is not installed on this machine.
[2026.08.23-16.44.31:164][  0]LogShaderCompilers: Display: Using Local Shader Compiler.
[2026.08.23-16.44.31:627][  0]LogDerivedDataCache: Display: Max Cache Size: 512 MB
[2026.08.23-16.44.31:665][  0]LogDerivedDataCache: Loaded boot cache 0.04s 97MB C:/Users/Alex T/AppData/Local/UnrealEngine/4.27/DerivedDataCache/Boot.ddc.
[2026.08.23-16.44.31:665][  0]LogDerivedDataCache: Display: Loaded Boot cache: C:/Users/Alex T/AppData/Local/UnrealEngine/4.27/DerivedDataCache/Boot.ddc
[2026.08.23-16.44.31:665][  0]LogDerivedDataCache: FDerivedDataBackendGraph:  Pak pak cache file E:/_Alex's Data/Unreal Engine/Unreal Projects/Brackeys2026/Brackeys-2026/BrackeysJam2026/DerivedDataCache/DDC.ddp not found, will not use a pak cache.
[2026.08.23-16.44.31:665][  0]LogDerivedDataCache: Unable to find inner node Pak for hierarchical cache Hierarchy.
[2026.08.23-16.44.31:665][  0]LogDerivedDataCache: FDerivedDataBackendGraph:  CompressedPak pak cache file E:/_Alex's Data/Unreal Engine/Unreal Projects/Brackeys2026/Brackeys-2026/BrackeysJam2026/DerivedDataCache/Compressed.ddp not found, will not use a pak cache.
[2026.08.23-16.44.31:665][  0]LogDerivedDataCache: Unable to find inner node CompressedPak for hierarchical cache Hierarchy.
[2026.08.23-16.44.31:677][  0]LogDerivedDataCache: Display: Pak cache opened for reading ../../../Engine/DerivedDataCache/Compressed.ddp.
[2026.08.23-16.44.31:678][  0]LogDerivedDataCache: FDerivedDataBackendGraph:  EnterprisePak pak cache file ../../../Enterprise/DerivedDataCache/Compressed.ddp not found, will not use a pak cache.
[2026.08.23-16.44.31:678][  0]LogDerivedDataCache: Unable to find inner node EnterprisePak for hierarchical cache Hierarchy.
[2026.08.23-16.44.31:682][  0]LogDerivedDataCache: Speed tests for C:/Users/Alex T/AppData/Local/UnrealEngine/Common/DerivedDataCache took 0.00 seconds
[2026.08.23-16.44.31:682][  0]LogDerivedDataCache: Display: Performance to C:/Users/Alex T/AppData/Local/UnrealEngine/Common/DerivedDataCache: Latency=0.03ms. RandomReadSpeed=1688.50MBs, RandomWriteSpeed=229.73MBs. Assigned SpeedClass 'Local'
[2026.08.23-16.44.31:683][  0]LogDerivedDataCache: Using Local data cache path C:/Users/Alex T/AppData/Local/UnrealEngine/Common/DerivedDataCache: Writable
[2026.08.23-16.44.31:683][  0]LogDerivedDataCache: Shared data cache path not found in *engine.ini, will not use an Shared cache.
[2026.08.23-16.44.31:683][  0]LogDerivedDataCache: Unable to find inner node Shared for hierarchical cache Hierarchy.
[2026.08.23-16.44.31:715][  0]LogSlate: Using FreeType 2.10.0
[2026.08.23-16.44.31:716][  0]LogSlate: SlateFontServices - WITH_FREETYPE: 1, WITH_HARFBUZZ: 1
[2026.08.23-16.44.31:733][  0]LogAssetRegistry: FAssetRegistry took 0.0022 seconds to start up
[2026.08.23-16.44.31:907][  0]LogInit: Selected Device Profile: [Windows]
[2026.08.23-16.44.31:907][  0]LogInit: Active device profile: [000002A803C46C00][000002A804B8EF80 49] Windows
[2026.08.23-16.44.31:908][  0]LogInit: Profiles: [000002A803C46C00][000002A804B8EF80 49] Windows, [000002A804F35400][000002A804B93240 49] WindowsNoEditor, [000002A803C46300][000002A804B97500 49] WindowsServer, [000002A804F35C00][000002A804B9B7C0 49] WindowsClient, [000002A803C47900][000002A804B9FA80 49] IOS, [000002A804F37400][000002A804BC21C0 49] iPadAir, [000002A803C44B00][000002A804BE6480 49] iPadAir2, [000002A804E7D200][000002A804BFA9C0 49] IPadPro, [000002A804E7D300][000002A804BEAA00 49] iPadAir3, [000002A804F34400][000002A804B82C80 49] iPadAir4, [000002A804E7E100][000002A804BF2F00 49] iPadMini2, [000002A804F37A00][000002A804BF71C0 49] iPadMini3, [000002A804E7ED00][000002A804BFF480 49] iPadMini4, [000002A804F36200][000002A804C03740 49] iPadMini5, [000002A804EA0800][000002A804C16100 49] iPhone6, [000002A804EA0900][000002A804C06140 49] iPodTouch6, [000002A803C44E00][000002A805C30680 49] iPhone7, [000002A803C45400][000002A804C0E6C0 49] iPodTouch7, [000002A804EA0300][000002A804C12980 49] iPhone5S, [000002A804E7C300][000002A804C0AC40 49] iPhone6Plus, [000002A804EA3800][000002A804BEEEC0 49] iPhone6S, [000002A804E7CD00][000002A804C1B140 49] iPhone6SPlus, [000002A804EA2D00][000002A805C75400 49] iPhone7Plus, [000002A804E7FB00][000002A805C796C0 49] iPhoneSE, [000002A804EA0600][000002A805C7D980 49] iPhone8, [000002A804E7E000][000002A805C800C0 49] iPhone8Plus, [000002A804EA0A00][000002A805C84380 49] iPhoneX, [000002A804E7F100][000002A805C88640 49] iPhoneXS, [000002A804EA1700][000002A805C8C900 49] iPhoneXSMax, [000002A804E7C100][000002A805C90BC0 49] iPhoneXR, [000002A803C45700][000002A805C94E80 49] iPhone11, [000002A804E7FF00][000002A805C71100 49] iPhone11Pro, [000002A803C46000][000002A805C99380 49] iPhone11ProMax, [000002A804E7E500][000002A805CA1640 49] iPhoneSE2, [000002A803C44A00][000002A805CA5900 49] iPhone12Mini, [000002A804E7F700][000002A805CA9BC0 49] iPhone12, [000002A803C47000][000002A805CAC300 49] iPhone12Pro, [000002A804E7DC00][000002A805CB05C0 49] iPhone12ProMax, [000002A803C46700][000002A805CB4880 49] iPadPro105, [000002A804E7EA00][000002A805CB8B40 49] iPadPro129, [000002A803C45800][000002A805CBCE00 49] iPadPro97, [000002A804E7E300][000002A805CC10C0 49] iPadPro2_129, [000002A803C45B00][000002A805C9D340 49] iPad5, [000002A804E7D000][000002A805CC55C0 49] iPad6, [000002A803C46900][000002A805CCD880 49] iPad7, [000002A804E7CA00][000002A805CD1B40 49] iPad8, [000002A803C44600][000002A805CD4280 49] iPadPro11, [000002A804E7F600][000002A805CD8540 49] iPadPro2_11, [000002A803C44100][000002A805CDC800 49] iPadPro3_129, [000002A804E7C500][000002A805CE0AC0 49] iPadPro4_129, [000002A803C45A00][000002A805CE4D80 49] AppleTV, [000002A804E7E200][000002A805CE9040 49] AppleTV4K, [000002A803C46400][000002A805CED300 49] TVOS, [000002A804E7DD00][000002A805CC9580 49] Mac, [000002A803C44400][000002A805CF5840 49] MacClient, [000002A804E7F200][000002A805CF9B00 49] MacNoEditor, [000002A803C45600][000002A805CFC240 49] MacServer, [000002A804E7F900][000002A805D50500 49] Linux, [000002A803C45300][000002A805D547C0 49] LinuxAArch64, [000002A804E7E900][000002A805D58A80 49] LinuxNoEditor, [000002A803C44C00][000002A805D5CD40 49] LinuxAArch64NoEditor, [000002A804E7CF00][000002A805D61000 49] LinuxClient, [000002A803C46A00][000002A805D652C0 49] LinuxAArch64Client, [000002A804E7E800][000002A805CF1540 49] LinuxServer, [000002A803C47400][000002A805D697C0 49] LinuxAArch64Server, [000002A804E7D800][000002A805D71A80 49] Android, [000002A803C45D00][000002A805D741C0 49] Android_Low, [000002A804E7C800][000002A805D78480 49] Android_Mid, [000002A803C46600][000002A805D7C740 49] Android_High, [000002A804E7EE00][000002A805D80A00 49] Android_Default, [000002A803C45000][000002A805D84CC0 49] Android_Adreno4xx, [000002A804E7DE00][000002A805D88F80 49] Android_Adreno5xx_Low, [000002A803C47300][000002A805D8D240 49] Android_Adreno5xx, [000002A804F36000][000002A805D91500 49] Android_Adreno6xx, [000002A804EA3300][000002A805D6D780 49] Android_Adreno6xx_Vulkan, [000002A804F36800][000002A805D95A00 49] Android_Mali_T6xx, [000002A804EA1400][000002A805D9C140 49] Android_Mali_T7xx, [000002A804F35500][000002A805DA0400 49] Android_Mali_T8xx, [000002A804EA3200][000002A805DA46C0 49] Android_Mali_G71, [000002A804F37E00][000002A805DA8980 49] Android_Mali_G72, [000002A804EA3100][000002A805DACC40 49] Android_Mali_G72_Vulkan, [000002A804F35E00][000002A805DB0F00 49] Android_Mali_G76, [000002A804EA0700][000002A805DB51C0 49] Android_Mali_G76_Vulkan, [000002A804F35F00][000002A805DB9480 49] Android_Mali_G77, [000002A804EA0400][000002A805DBD740 49] Android_Mali_G77_Vulkan, [000002A804F36100][000002A805D999C0 49] Android_Mali_G78, [000002A804EA3E00][000002A805E020C0 49] Android_Mali_G78_Vulkan, [000002A804F34300][000002A805E0E380 49] Android_Mali_G710, [000002A804EA1B00][000002A805E6E640 49] Android_Mali_G710_Vulkan, [000002A804F34800][000002A805E72900 49] Android_Vulkan_SM5, [000002A804EA0F00][000002A805E76BC0 49] Android_PowerVR_G6xxx, [000002A804F34B00][000002A805E7AE80 49] Android_PowerVR_GT7xxx, [000002A804EA3C00][000002A805E7F140 49] Android_PowerVR_GE8xxx, [000002A804F35D00][000002A805E83400 49] Android_PowerVR_GM9xxx, [000002A804EA0B00][000002A805E876C0 49] Android_PowerVR_GM9xxx_Vulkan, [000002A804F34E00][000002A805E8B980 49] Android_TegraK1, [000002A804EA2500][000002A805E0BC00 49] Android_Unknown_Vulkan, [000002A804F37500][000002A805E8E300 49] Lumin, [000002A804EA3600][000002A805EC65C0 49] Lumin_Desktop, [000002A804F36E00][000002A805EFA880 49] HoloLens, 
[2026.08.23-16.44.32:019][  0]LogMeshReduction: Using QuadricMeshReduction for automatic static mesh reduction
[2026.08.23-16.44.32:019][  0]LogMeshReduction: Using SimplygonMeshReduction for automatic skeletal mesh reduction
[2026.08.23-16.44.32:019][  0]LogMeshReduction: Using ProxyLODMeshReduction for automatic mesh merging
[2026.08.23-16.44.32:019][  0]LogMeshReduction: No distributed automatic mesh merging module available
[2026.08.23-16.44.32:019][  0]LogMeshMerging: No distributed automatic mesh merging module available
[2026.08.23-16.44.32:033][  0]LogNetVersion: BrackeysJam2026 1.0.0, NetCL: 17155196, EngineNetVer: 17, GameNetVer: 0 (Checksum: 1239153582)
[2026.08.23-16.44.32:330][  0]LogTexture: Default maximum texture size for cubemaps generated from long-lat sources has been changed from 512 to unlimited. In order to preserve old behaiour for '/Engine/MapTemplates/Sky/DaylightAmbientCubemap.DaylightAmbientCubemap', its maximum texture size has been explicitly set to 512.
[2026.08.23-16.44.32:379][  0]LogHMD: PokeAHoleMaterial loaded successfully
[2026.08.23-16.44.32:385][  0]LogUObjectArray: 17179 objects as part of root set at end of initial load.
[2026.08.23-16.44.32:385][  0]LogUObjectAllocator: 4302256 out of 0 bytes used by permanent object pool.
[2026.08.23-16.44.32:385][  0]LogUObjectArray: CloseDisregardForGC: 0/0 objects in disregard for GC pool
[2026.08.23-16.44.32:630][  0]LogNiagaraDebuggerClient: Niagara Debugger Client Initialized | Session: 2ACE317E4DC34EAA8C9E67A68F58FEBE | Instance: 1E0F216342A416BAD3C8748E2BF2755E (LAPTOP-EB09ONFM-13672).
[2026.08.23-16.44.32:732][  0]LogPython: Using Python 3.7.7
[2026.08.23-16.44.33:067][  0]LogTcpMessaging: Initializing TcpMessaging bridge
[2026.08.23-16.44.33:152][  0]LogUdpMessaging: Initializing bridge on interface 0.0.0.0:0 to multicast group 230.0.0.1:6666.
[2026.08.23-16.44.33:343][  0]SourceControl: Source control is disabled
[2026.08.23-16.44.33:343][  0]SourceControl: Source control is disabled
[2026.08.23-16.44.33:347][  0]SourceControl: Source control is disabled
[2026.08.23-16.44.33:377][  0]SourceControl: Source control is disabled
[2026.08.23-16.44.33:397][  0]LogUProjectInfo: Found projects:
[2026.08.23-16.44.33:407][  0]SourceControl: Source control is disabled
[2026.08.23-16.44.33:516][  0]LogOpenImageDenoise: OIDN starting up
[2026.08.23-16.44.33:554][  0]LogAndroidPermission: UAndroidPermissionCallbackProxy::GetInstance
[2026.08.23-16.44.33:562][  0]LogAudioCaptureCore: Display: No Audio Capture implementations found. Audio input will be silent.
[2026.08.23-16.44.33:562][  0]LogAudioCaptureCore: Display: No Audio Capture implementations found. Audio input will be silent.
[2026.08.23-16.44.33:669][  0]LogCollectionManager: Loaded 0 collections in 0.001198 seconds
[2026.08.23-16.44.33:695][  0]LogFileCache: Scanning file cache for directory 'E:/_Alex's Data/Unreal Engine/Unreal Projects/Brackeys2026/Brackeys-2026/BrackeysJam2026/Saved/Collections/' took 0.00s
[2026.08.23-16.44.33:695][  0]LogFileCache: Scanning file cache for directory 'E:/_Alex's Data/Unreal Engine/Unreal Projects/Brackeys2026/Brackeys-2026/BrackeysJam2026/Content/Developers/AlexT/Collections/' took 0.00s
[2026.08.23-16.44.33:695][  0]LogFileCache: Scanning file cache for directory 'E:/_Alex's Data/Unreal Engine/Unreal Projects/Brackeys2026/Brackeys-2026/BrackeysJam2026/Content/Collections/' took 0.00s
[2026.08.23-16.44.33:698][  0]LogOcInput: OculusInput pre-init called
[2026.08.23-16.44.33:883][  0]LogEngine: Initializing Engine...
[2026.08.23-16.44.33:895][  0]LogHMD: Failed to enumerate extensions. Please check that you have a valid OpenXR runtime installed.
[2026.08.23-16.44.33:895][  0]LogHMD: Failed to initialize OpenVR with code 110
[2026.08.23-16.44.33:895][  0]LogMagicLeap: Warning: VR disabled because ZI is not enabled.  To enable, in the editor, Edit -> Project Settings -> Plugins -> Magic Leap Plugin -> Enable Zero Iteration
[2026.08.23-16.44.33:896][  0]LogStats: UGameplayTagsManager::InitializeManager -  0.000 s
[2026.08.23-16.44.33:979][  0]LogInit: Initializing FReadOnlyCVARCache
[2026.08.23-16.44.33:990][  0]LogAIModule: Creating AISystem for world Untitled
[2026.08.23-16.44.33:991][  0]LogAudio: Display: Initializing Audio Device Manager...
[2026.08.23-16.44.33:996][  0]LogAudio: Display: Loading Default Audio Settings Objects...
[2026.08.23-16.44.33:996][  0]LogAudio: Display: No default SoundConcurrencyObject specified (or failed to load).
[2026.08.23-16.44.33:996][  0]LogAudio: Display: Audio Device Manager Initialized
[2026.08.23-16.44.33:996][  0]LogAudio: Display: Creating Audio Device:                 Id: 1, Scope: Shared, Realtime: True
[2026.08.23-16.44.33:996][  0]LogAudioMixer: Display: Audio Mixer Platform Settings:
[2026.08.23-16.44.33:996][  0]LogAudioMixer: Display: 	Sample Rate:						  48000
[2026.08.23-16.44.33:996][  0]LogAudioMixer: Display: 	Callback Buffer Frame Size Requested: 1024
[2026.08.23-16.44.33:996][  0]LogAudioMixer: Display: 	Callback Buffer Frame Size To Use:	  1024
[2026.08.23-16.44.33:996][  0]LogAudioMixer: Display: 	Number of buffers to queue:			  2
[2026.08.23-16.44.33:996][  0]LogAudioMixer: Display: 	Max Channels (voices):				  32
[2026.08.23-16.44.33:996][  0]LogAudioMixer: Display: 	Number of Async Source Workers:		  0
[2026.08.23-16.44.33:996][  0]LogAudio: Display: AudioDevice MaxSources: 32
[2026.08.23-16.44.33:997][  0]LogAudio: Display: Audio Spatialization Plugin: None (built-in).
[2026.08.23-16.44.33:997][  0]LogAudio: Display: Audio Reverb Plugin: None (built-in).
[2026.08.23-16.44.33:997][  0]LogAudio: Display: Audio Occlusion Plugin: None (built-in).
[2026.08.23-16.44.33:997][  0]LogAudioMixer: Display: Initializing audio mixer.
[2026.08.23-16.44.34:010][  0]LogAudioMixer: Display: 0: FrontLeft
[2026.08.23-16.44.34:010][  0]LogAudioMixer: Display: 1: FrontRight
[2026.08.23-16.44.34:050][  0]LogAudioMixer: Display: Using Audio Device Realtek HD Audio 2nd output (Realtek(R) Audio)
[2026.08.23-16.44.34:050][  0]LogAudioMixer: Display: Initializing Sound Submixes...
[2026.08.23-16.44.34:053][  0]LogAudioMixer: Display: Creating Master Submix 'MasterSubmixDefault'
[2026.08.23-16.44.34:053][  0]LogAudioMixer: Display: Creating Master Submix 'MasterReverbSubmixDefault'
[2026.08.23-16.44.34:053][  0]LogAudioMixer: Display: Creating Master Submix 'MasterEQSubmixDefault'
[2026.08.23-16.44.34:053][  0]LogAudioMixer: FMixerPlatformXAudio2::StartAudioStream() called
[2026.08.23-16.44.34:053][  0]LogAudioMixer: Display: Output buffers initialized: Frames=1024, Channels=2, Samples=2048
[2026.08.23-16.44.34:054][  0]LogAudioMixer: Display: Starting AudioMixerPlatformInterface::RunInternal()
[2026.08.23-16.44.34:054][  0]LogAudioMixer: Display: FMixerPlatformXAudio2::SubmitBuffer() called for the first time
[2026.08.23-16.44.34:054][  0]LogInit: FAudioDevice initialized.
[2026.08.23-16.44.34:054][  0]LogAudio: Display: Audio Device (ID: 1) registered with world 'Untitled'.
[2026.08.23-16.44.34:054][  0]LogNetVersion: Set ProjectVersion to 1.0.0.0. Version Checksum will be recalculated on next use.
[2026.08.23-16.44.34:099][  0]LogDerivedDataCache: Saved boot cache 0.05s 94MB C:/Users/Alex T/AppData/Local/UnrealEngine/4.27/DerivedDataCache/Boot.ddc.
[2026.08.23-16.44.34:100][  0]LogInit: Texture streaming: Enabled
[2026.08.23-16.44.34:111][  0]LogAnalytics: Display: [UEEditor.Rocket.Release] APIServer = https://datarouter.ol.epicgames.com/. AppVersion = 4.27.2-18319896+++UE4+Release-4.27
[2026.08.23-16.44.34:115][  0]LogEngineSessionManager: EngineSessionManager initialized
[2026.08.23-16.44.34:115][  0]LogEditorSessionSummary: Verbose: Initializing EditorSessionSummaryWriter for editor session tracking
[2026.08.23-16.44.34:120][  0]LogEditorSessionSummary: EditorSessionSummaryWriter initialized
[2026.08.23-16.44.34:426][  0]LogInit: Transaction tracking system initialized
[2026.08.23-16.44.34:443][  0]BlueprintLog: New page: Editor Load
[2026.08.23-16.44.34:522][  0]LocalizationService: Localization service is disabled
[2026.08.23-16.44.34:542][  0]TimingProfiler: Initialize
[2026.08.23-16.44.34:543][  0]TimingProfiler: OnSessionChanged
[2026.08.23-16.44.34:543][  0]LoadingProfiler: Initialize
[2026.08.23-16.44.34:543][  0]LoadingProfiler: OnSessionChanged
[2026.08.23-16.44.34:543][  0]NetworkingProfiler: Initialize
[2026.08.23-16.44.34:543][  0]NetworkingProfiler: OnSessionChanged
[2026.08.23-16.44.34:543][  0]MemoryProfiler: Initialize
[2026.08.23-16.44.34:543][  0]MemoryProfiler: OnSessionChanged
[2026.08.23-16.44.34:706][  0]LogCook: Display: CookSettings for Memory: MemoryMaxUsedVirtual 0MiB, MemoryMaxUsedPhysical 16384MiB, MemoryMinFreeVirtual 0MiB, MemoryMinFreePhysical 1024MiB
[2026.08.23-16.44.34:706][  0]LogCook: Display: Mobile HDR setting 1
[2026.08.23-16.44.34:893][  0]LogFileCache: Scanning file cache for directory 'E:/_Alex's Data/Unreal Engine/Unreal Projects/Brackeys2026/Brackeys-2026/BrackeysJam2026/Content/' took 0.00s
[2026.08.23-16.44.35:042][  0]LogInit: Display: Engine is initialized. Leaving FEngineLoop::Init()
[2026.08.23-16.44.35:050][  0]SourceControl: Source control is disabled
[2026.08.23-16.44.35:050][  0]LogUnrealEdMisc: Loading editor; pre map load, took 5.667
[2026.08.23-16.44.35:052][  0]LogFactory: FactoryCreateFile: PackFactory with PackFactory (0 0 C:/Program Files/Epic Games/UE_4.27/FeaturePacks/StarterContent.upack)
[2026.08.23-16.44.35:052][  0]LogPakFile: PakFile PrimaryIndexSize=185
[2026.08.23-16.44.35:052][  0]LogPakFile: PakFile PathHashIndexSize=101
[2026.08.23-16.44.35:052][  0]LogPakFile: PakFile FullDirectoryIndexSize=148
[2026.08.23-16.44.35:060][  0]LogPackFactory: Finished extracting 8 files (including 0 errors).
[2026.08.23-16.44.35:064][  0]LogPackFactory: Copied "../../../Samples/StarterContent/Content/StarterContent/Architecture/Floor_400x400.uasset" to "E:/_Alex's Data/Unreal Engine/Unreal Projects/Brackeys2026/Brackeys-2026/BrackeysJam2026/Content/StarterContent/Architecture/Floor_400x400.uasset"
[2026.08.23-16.44.35:066][  0]LogPackFactory: Copied "../../../Samples/StarterContent/Content/StarterContent/Architecture/Pillar_50x500.uasset" to "E:/_Alex's Data/Unreal Engine/Unreal Projects/Brackeys2026/Brackeys-2026/BrackeysJam2026/Content/StarterContent/Architecture/Pillar_50x500.uasset"
[2026.08.23-16.44.35:072][  0]LogPackFactory: Copied "../../../Samples/StarterContent/Content/StarterContent/Architecture/SM_AssetPlatform.uasset" to "E:/_Alex's Data/Unreal Engine/Unreal Projects/Brackeys2026/Brackeys-2026/BrackeysJam2026/Content/StarterContent/Architecture/SM_AssetPlatform.uasset"
[2026.08.23-16.44.35:104][  0]LogPackFactory: Copied "../../../Samples/StarterContent/Content/StarterContent/Architecture/Wall_400x200.uasset" to "E:/_Alex's Data/Unreal Engine/Unreal Projects/Brackeys2026/Brackeys-2026/BrackeysJam2026/Content/StarterContent/Architecture/Wall_400x200.uasset"
[2026.08.23-16.44.35:106][  0]LogPackFactory: Copied "../../../Samples/StarterContent/Content/StarterContent/Architecture/Wall_400x300.uasset" to "E:/_Alex's Data/Unreal Engine/Unreal Projects/Brackeys2026/Brackeys-2026/BrackeysJam2026/Content/StarterContent/Architecture/Wall_400x300.uasset"
[2026.08.23-16.44.35:110][  0]LogPackFactory: Copied "../../../Samples/StarterContent/Content/StarterContent/Architecture/Wall_400x400.uasset" to "E:/_Alex's Data/Unreal Engine/Unreal Projects/Brackeys2026/Brackeys-2026/BrackeysJam2026/Content/StarterContent/Architecture/Wall_400x400.uasset"
[2026.08.23-16.44.35:112][  0]LogPackFactory: Copied "../../../Samples/StarterContent/Content/StarterContent/Architecture/Wall_500x500.uasset" to "E:/_Alex's Data/Unreal Engine/Unreal Projects/Brackeys2026/Brackeys-2026/BrackeysJam2026/Content/StarterContent/Architecture/Wall_500x500.uasset"
[2026.08.23-16.44.35:116][  0]LogPackFactory: Copied "../../../Samples/StarterContent/Content/StarterContent/Architecture/Wall_Door_400x300.uasset" to "E:/_Alex's Data/Unreal Engine/Unreal Projects/Brackeys2026/Brackeys-2026/BrackeysJam2026/Content/StarterContent/Architecture/Wall_Door_400x300.uasset"
[2026.08.23-16.44.35:118][  0]LogPackFactory: Copied "../../../Samples/StarterContent/Content/StarterContent/Architecture/Wall_Door_400x400.uasset" to "E:/_Alex's Data/Unreal Engine/Unreal Projects/Brackeys2026/Brackeys-2026/BrackeysJam2026/Content/StarterContent/Architecture/Wall_Door_400x400.uasset"
[2026.08.23-16.44.35:120][  0]LogPackFactory: Copied "../../../Samples/StarterContent/Content/StarterContent/Architecture/Wall_Window_400x300.uasset" to "E:/_Alex's Data/Unreal Engine/Unreal Projects/Brackeys2026/Brackeys-2026/BrackeysJam2026/Content/StarterContent/Architecture/Wall_Window_400x300.uasset"
[2026.08.23-16.44.35:123][  0]LogPackFactory: Copied "../../../Samples/StarterContent/Content/StarterContent/Architecture/Wall_Window_400x400.uasset" to "E:/_Alex's Data/Unreal Engine/Unreal Projects/Brackeys2026/Brackeys-2026/BrackeysJam2026/Content/StarterContent/Architecture/Wall_Window_400x400.uasset"
[2026.08.23-16.44.35:127][  0]LogPackFactory: Copied "../../../Samples/StarterContent/Content/StarterContent/Audio/Collapse01.uasset" to "E:/_Alex's Data/Unreal Engine/Unreal Projects/Brackeys2026/Brackeys-2026/BrackeysJam2026/Content/StarterContent/Audio/Collapse01.uasset"
[2026.08.23-16.44.35:132][  0]LogPackFactory: Copied "../../../Samples/StarterContent/Content/StarterContent/Audio/Collapse02.uasset" to "E:/_Alex's Data/Unreal Engine/Unreal Projects/Brackeys2026/Brackeys-2026/BrackeysJam2026/Content/StarterContent/Audio/Collapse02.uasset"
[2026.08.23-16.44.35:134][  0]LogPackFactory: Copied "../../../Samples/StarterContent/Content/StarterContent/Audio/Collapse_Cue.uasset" to "E:/_Alex's Data/Unreal Engine/Unreal Projects/Brackeys2026/Brackeys-2026/BrackeysJam2026/Content/StarterContent/Audio/Collapse_Cue.uasset"
[2026.08.23-16.44.35:138][  0]LogPackFactory: Copied "../../../Samples/StarterContent/Content/StarterContent/Audio/Explosion01.uasset" to "E:/_Alex's Data/Unreal Engine/Unreal Projects/Brackeys2026/Brackeys-2026/BrackeysJam2026/Content/StarterContent/Audio/Explosion01.uasset"
[2026.08.23-16.44.35:142][  0]LogPackFactory: Copied "../../../Samples/StarterContent/Content/StarterContent/Audio/Explosion02.uasset" to "E:/_Alex's Data/Unreal Engine/Unreal Projects/Brackeys2026/Brackeys-2026/BrackeysJam2026/Content/StarterContent/Audio/Explosion02.uasset"
[2026.08.23-16.44.35:144][  0]LogPackFactory: Copied "../../../Samples/StarterContent/Content/StarterContent/Audio/Explosion_Cue.uasset" to "E:/_Alex's Data/Unreal Engine/Unreal Projects/Brackeys2026/Brackeys-2026/BrackeysJam2026/Content/StarterContent/Audio/Explosion_Cue.uasset"
[2026.08.23-16.44.35:148][  0]LogPackFactory: Copied "../../../Samples/StarterContent/Content/StarterContent/Audio/Fire01.uasset" to "E:/_Alex's Data/Unreal Engine/Unreal Projects/Brackeys2026/Brackeys-2026/BrackeysJam2026/Content/StarterContent/Audio/Fire01.uasset"
[2026.08.23-16.44.35:149][  0]LogPackFactory: Copied "../../../Samples/StarterContent/Content/StarterContent/Audio/Fire01_Cue.uasset" to "E:/_Alex's Data/Unreal Engine/Unreal Projects/Brackeys2026/Brackeys-2026/BrackeysJam2026/Content/StarterContent/Audio/Fire01_Cue.uasset"
[2026.08.23-16.44.35:154][  0]LogPackFactory: Copied "../../../Samples/StarterContent/Content/StarterContent/Audio/Fire_Sparks01.uasset" to "E:/_Alex's Data/Unreal Engine/Unreal Projects/Brackeys2026/Brackeys-2026/BrackeysJam2026/Content/StarterContent/Audio/Fire_Sparks01.uasset"
[2026.08.23-16.44.35:155][  0]LogPackFactory: Copied "../../../Samples/StarterContent/Content/StarterContent/Audio/Fire_Sparks01_Cue.uasset" to "E:/_Alex's Data/Unreal Engine/Unreal Projects/Brackeys2026/Brackeys-2026/BrackeysJam2026/Content/StarterContent/Audio/Fire_Sparks01_Cue.uasset"
[2026.08.23-16.44.35:161][  0]LogPackFactory: Copied "../../../Samples/StarterContent/Content/StarterContent/Audio/Light01.uasset" to "E:/_Alex's Data/Unreal Engine/Unreal Projects/Brackeys2026/Brackeys-2026/BrackeysJam2026/Content/StarterContent/Audio/Light01.uasset"
[2026.08.23-16.44.35:163][  0]LogPackFactory: Copied "../../../Samples/StarterContent/Content/StarterContent/Audio/Light01_Cue.uasset" to "E:/_Alex's Data/Unreal Engine/Unreal Projects/Brackeys2026/Brackeys-2026/BrackeysJam2026/Content/StarterContent/Audio/Light01_Cue.uasset"
[2026.08.23-16.44.35:166][  0]LogPackFactory: Copied "../../../Samples/StarterContent/Content/StarterContent/Audio/Light02.uasset" to "E:/_Alex's Data/Unreal Engine/Unreal Projects/Brackeys2026/Brackeys-2026/BrackeysJam2026/Content/StarterContent/Audio/Light02.uasset"
[2026.08.23-16.44.35:167][  0]LogPackFactory: Copied "../../../Samples/StarterContent/Content/StarterContent/Audio/Light02_Cue.uasset" to "E:/_Alex's Data/Unreal Engine/Unreal Projects/Brackeys2026/Brackeys-2026/BrackeysJam2026/Content/StarterContent/Audio/Light02_Cue.uasset"
[2026.08.23-16.44.35:172][  0]LogPackFactory: Copied "../../../Samples/StarterContent/Content/StarterContent/Audio/Smoke01.uasset" to "E:/_Alex's Data/Unreal Engine/Unreal Projects/Brackeys2026/Brackeys-2026/BrackeysJam2026/Content/StarterContent/Audio/Smoke01.uasset"
[2026.08.23-16.44.35:174][  0]LogPackFactory: Copied "../../../Samples/StarterContent/Content/StarterContent/Audio/Smoke01_Cue.uasset" to "E:/_Alex's Data/Unreal Engine/Unreal Projects/Brackeys2026/Brackeys-2026/BrackeysJam2026/Content/StarterContent/Audio/Smoke01_Cue.uasset"
[2026.08.23-16.44.35:176][  0]LogPackFactory: Copied "../../../Samples/StarterContent/Content/StarterContent/Audio/Starter_Background_Cue.uasset" to "E:/_Alex's Data/Unreal Engine/Unreal Projects/Brackeys2026/Brackeys-2026/BrackeysJam2026/Content/StarterContent/Audio/Starter_Background_Cue.uasset"
[2026.08.23-16.44.35:187][  0]LogPackFactory: Copied "../../../Samples/StarterContent/Content/StarterContent/Audio/Starter_Birds01.uasset" to "E:/_Alex's Data/Unreal Engine/Unreal Projects/Brackeys2026/Brackeys-2026/BrackeysJam2026/Content/StarterContent/Audio/Starter_Birds01.uasset"
[2026.08.23-16.44.35:221][  0]LogPackFactory: Copied "../../../Samples/StarterContent/Content/StarterContent/Audio/Starter_Music01.uasset" to "E:/_Alex's Data/Unreal Engine/Unreal Projects/Brackeys2026/Brackeys-2026/BrackeysJam2026/Content/StarterContent/Audio/Starter_Music01.uasset"
[2026.08.23-16.44.35:223][  0]LogPackFactory: Copied "../../../Samples/StarterContent/Content/StarterContent/Audio/Starter_Music_Cue.uasset" to "E:/_Alex's Data/Unreal Engine/Unreal Projects/Brackeys2026/Brackeys-2026/BrackeysJam2026/Content/StarterContent/Audio/Starter_Music_Cue.uasset"
[2026.08.23-16.44.35:236][  0]LogPackFactory: Copied "../../../Samples/StarterContent/Content/StarterContent/Audio/Starter_Wind05.uasset" to "E:/_Alex's Data/Unreal Engine/Unreal Projects/Brackeys2026/Brackeys-2026/BrackeysJam2026/Content/StarterContent/Audio/Starter_Wind05.uasset"
[2026.08.23-16.44.35:247][  0]LogPackFactory: Copied "../../../Samples/StarterContent/Content/StarterContent/Audio/Starter_Wind06.uasset" to "E:/_Alex's Data/Unreal Engine/Unreal Projects/Brackeys2026/Brackeys-2026/BrackeysJam2026/Content/StarterContent/Audio/Starter_Wind06.uasset"
[2026.08.23-16.44.35:253][  0]LogPackFactory: Copied "../../../Samples/StarterContent/Content/StarterContent/Audio/Steam01.uasset" to "E:/_Alex's Data/Unreal Engine/Unreal Projects/Brackeys2026/Brackeys-2026/BrackeysJam2026/Content/StarterContent/Audio/Steam01.uasset"
[2026.08.23-16.44.35:255][  0]LogPackFactory: Copied "../../../Samples/StarterContent/Content/StarterContent/Audio/Steam01_Cue.uasset" to "E:/_Alex's Data/Unreal Engine/Unreal Projects/Brackeys2026/Brackeys-2026/BrackeysJam2026/Content/StarterContent/Audio/Steam01_Cue.uasset"
[2026.08.23-16.44.35:259][  0]LogPackFactory: Copied "../../../Samples/StarterContent/Content/StarterContent/Blueprints/Blueprint_CeilingLight.uasset" to "E:/_Alex's Data/Unreal Engine/Unreal Projects/Brackeys2026/Brackeys-2026/BrackeysJam2026/Content/StarterContent/Blueprints/Blueprint_CeilingLight.uasset"
[2026.08.23-16.44.35:296][  0]LogPackFactory: Copied "../../../Samples/StarterContent/Content/StarterContent/Blueprints/Blueprint_Effect_Explosion.uasset" to "E:/_Alex's Data/Unreal Engine/Unreal Projects/Brackeys2026/Brackeys-2026/BrackeysJam2026/Content/StarterContent/Blueprints/Blueprint_Effect_Explosion.uasset"
[2026.08.23-16.44.35:300][  0]LogPackFactory: Copied "../../../Samples/StarterContent/Content/StarterContent/Blueprints/Blueprint_Effect_Fire.uasset" to "E:/_Alex's Data/Unreal Engine/Unreal Projects/Brackeys2026/Brackeys-2026/BrackeysJam2026/Content/StarterContent/Blueprints/Blueprint_Effect_Fire.uasset"
[2026.08.23-16.44.35:302][  0]LogPackFactory: Copied "../../../Samples/StarterContent/Content/StarterContent/Blueprints/Blueprint_Effect_Smoke.uasset" to "E:/_Alex's Data/Unreal Engine/Unreal Projects/Brackeys2026/Brackeys-2026/BrackeysJam2026/Content/StarterContent/Blueprints/Blueprint_Effect_Smoke.uasset"
[2026.08.23-16.44.35:305][  0]LogPackFactory: Copied "../../../Samples/StarterContent/Content/StarterContent/Blueprints/Blueprint_Effect_Sparks.uasset" to "E:/_Alex's Data/Unreal Engine/Unreal Projects/Brackeys2026/Brackeys-2026/BrackeysJam2026/Content/StarterContent/Blueprints/Blueprint_Effect_Sparks.uasset"
[2026.08.23-16.44.35:782][  0]LogPackFactory: Copied "../../../Samples/StarterContent/Content/StarterContent/Blueprints/Blueprint_Effect_Steam.uasset" to "E:/_Alex's Data/Unreal Engine/Unreal Projects/Brackeys2026/Brackeys-2026/BrackeysJam2026/Content/StarterContent/Blueprints/Blueprint_Effect_Steam.uasset"
[2026.08.23-16.44.35:784][  0]LogPackFactory: Copied "../../../Samples/StarterContent/Content/StarterContent/Blueprints/Blueprint_WallSconce.uasset" to "E:/_Alex's Data/Unreal Engine/Unreal Projects/Brackeys2026/Brackeys-2026/BrackeysJam2026/Content/StarterContent/Blueprints/Blueprint_WallSconce.uasset"
[2026.08.23-16.44.35:789][  0]LogPackFactory: Copied "../../../Samples/StarterContent/Content/StarterContent/Blueprints/BP_LightStudio.uasset" to "E:/_Alex's Data/Unreal Engine/Unreal Projects/Brackeys2026/Brackeys-2026/BrackeysJam2026/Content/StarterContent/Blueprints/BP_LightStudio.uasset"
[2026.08.23-16.44.35:792][  0]LogPackFactory: Copied "../../../Samples/StarterContent/Content/StarterContent/Blueprints/Assets/FogBrightnessLUT.uasset" to "E:/_Alex's Data/Unreal Engine/Unreal Projects/Brackeys2026/Brackeys-2026/BrackeysJam2026/Content/StarterContent/Blueprints/Assets/FogBrightnessLUT.uasset"
[2026.08.23-16.44.35:794][  0]LogPackFactory: Copied "../../../Samples/StarterContent/Content/StarterContent/Blueprints/Assets/M_LightStage_Arrows.uasset" to "E:/_Alex's Data/Unreal Engine/Unreal Projects/Brackeys2026/Brackeys-2026/BrackeysJam2026/Content/StarterContent/Blueprints/Assets/M_LightStage_Arrows.uasset"
[2026.08.23-16.44.35:797][  0]LogPackFactory: Copied "../../../Samples/StarterContent/Content/StarterContent/Blueprints/Assets/M_LightStage_Skybox_Black.uasset" to "E:/_Alex's Data/Unreal Engine/Unreal Projects/Brackeys2026/Brackeys-2026/BrackeysJam2026/Content/StarterContent/Blueprints/Assets/M_LightStage_Skybox_Black.uasset"
[2026.08.23-16.44.35:799][  0]LogPackFactory: Copied "../../../Samples/StarterContent/Content/StarterContent/Blueprints/Assets/M_LightStage_Skybox_HDRI.uasset" to "E:/_Alex's Data/Unreal Engine/Unreal Projects/Brackeys2026/Brackeys-2026/BrackeysJam2026/Content/StarterContent/Blueprints/Assets/M_LightStage_Skybox_HDRI.uasset"
[2026.08.23-16.44.35:804][  0]LogPackFactory: Copied "../../../Samples/StarterContent/Content/StarterContent/Blueprints/Assets/M_LightStage_Skybox_Master.uasset" to "E:/_Alex's Data/Unreal Engine/Unreal Projects/Brackeys2026/Brackeys-2026/BrackeysJam2026/Content/StarterContent/Blueprints/Assets/M_LightStage_Skybox_Master.uasset"
[2026.08.23-16.44.35:809][  0]LogPackFactory: Copied "../../../Samples/StarterContent/Content/StarterContent/Blueprints/Assets/Skybox.uasset" to "E:/_Alex's Data/Unreal Engine/Unreal Projects/Brackeys2026/Brackeys-2026/BrackeysJam2026/Content/StarterContent/Blueprints/Assets/Skybox.uasset"
[2026.08.23-16.44.35:812][  0]LogPackFactory: Copied "../../../Samples/StarterContent/Content/StarterContent/Blueprints/Assets/SM_Arrows.uasset" to "E:/_Alex's Data/Unreal Engine/Unreal Projects/Brackeys2026/Brackeys-2026/BrackeysJam2026/Content/StarterContent/Blueprints/Assets/SM_Arrows.uasset"
[2026.08.23-16.44.35:814][  0]LogPackFactory: Copied "../../../Samples/StarterContent/Content/StarterContent/Blueprints/Assets/SunlightColorLUT.uasset" to "E:/_Alex's Data/Unreal Engine/Unreal Projects/Brackeys2026/Brackeys-2026/BrackeysJam2026/Content/StarterContent/Blueprints/Assets/SunlightColorLUT.uasset"
[2026.08.23-16.44.36:720][  0]LogPackFactory: Copied "../../../Samples/StarterContent/Content/StarterContent/HDRI/HDRI_Epic_Courtyard_Daylight.uasset" to "E:/_Alex's Data/Unreal Engine/Unreal Projects/Brackeys2026/Brackeys-2026/BrackeysJam2026/Content/StarterContent/HDRI/HDRI_Epic_Courtyard_Daylight.uasset"
[2026.08.23-16.44.36:977][  0]LogPackFactory: Copied "../../../Samples/StarterContent/Content/StarterContent/Maps/Advanced_Lighting.umap" to "E:/_Alex's Data/Unreal Engine/Unreal Projects/Brackeys2026/Brackeys-2026/BrackeysJam2026/Content/StarterContent/Maps/Advanced_Lighting.umap"
[2026.08.23-16.44.36:985][  0]LogPackFactory: Copied "../../../Samples/StarterContent/Content/StarterContent/Maps/Advanced_Lighting_BuiltData.uasset" to "E:/_Alex's Data/Unreal Engine/Unreal Projects/Brackeys2026/Brackeys-2026/BrackeysJam2026/Content/StarterContent/Maps/Advanced_Lighting_BuiltData.uasset"
[2026.08.23-16.44.36:990][  0]LogPackFactory: Copied "../../../Samples/StarterContent/Content/StarterContent/Maps/Minimal_Default.umap" to "E:/_Alex's Data/Unreal Engine/Unreal Projects/Brackeys2026/Brackeys-2026/BrackeysJam2026/Content/StarterContent/Maps/Minimal_Default.umap"
[2026.08.23-16.44.37:006][  0]LogPackFactory: Copied "../../../Samples/StarterContent/Content/StarterContent/Maps/Minimal_Default_BuiltData.uasset" to "E:/_Alex's Data/Unreal Engine/Unreal Projects/Brackeys2026/Brackeys-2026/BrackeysJam2026/Content/StarterContent/Maps/Minimal_Default_BuiltData.uasset"
[2026.08.23-16.44.37:012][  0]LogPackFactory: Copied "../../../Samples/StarterContent/Content/StarterContent/Maps/StarterMap.umap" to "E:/_Alex's Data/Unreal Engine/Unreal Projects/Brackeys2026/Brackeys-2026/BrackeysJam2026/Content/StarterContent/Maps/StarterMap.umap"
[2026.08.23-16.44.37:602][  0]LogPackFactory: Copied "../../../Samples/StarterContent/Content/StarterContent/Maps/StarterMap_BuiltData.uasset" to "E:/_Alex's Data/Unreal Engine/Unreal Projects/Brackeys2026/Brackeys-2026/BrackeysJam2026/Content/StarterContent/Maps/StarterMap_BuiltData.uasset"
[2026.08.23-16.44.37:605][  0]LogPackFactory: Copied "../../../Samples/StarterContent/Content/StarterContent/Materials/M_AssetPlatform.uasset" to "E:/_Alex's Data/Unreal Engine/Unreal Projects/Brackeys2026/Brackeys-2026/BrackeysJam2026/Content/StarterContent/Materials/M_AssetPlatform.uasset"
[2026.08.23-16.44.37:607][  0]LogPackFactory: Copied "../../../Samples/StarterContent/Content/StarterContent/Materials/M_Basic_Floor.uasset" to "E:/_Alex's Data/Unreal Engine/Unreal Projects/Brackeys2026/Brackeys-2026/BrackeysJam2026/Content/StarterContent/Materials/M_Basic_Floor.uasset"
[2026.08.23-16.44.37:609][  0]LogPackFactory: Copied "../../../Samples/StarterContent/Content/StarterContent/Materials/M_Basic_Wall.uasset" to "E:/_Alex's Data/Unreal Engine/Unreal Projects/Brackeys2026/Brackeys-2026/BrackeysJam2026/Content/StarterContent/Materials/M_Basic_Wall.uasset"
[2026.08.23-16.44.37:614][  0]LogPackFactory: Copied "../../../Samples/StarterContent/Content/StarterContent/Materials/M_Brick_Clay_Beveled.uasset" to "E:/_Alex's Data/Unreal Engine/Unreal Projects/Brackeys2026/Brackeys-2026/BrackeysJam2026/Content/StarterContent/Materials/M_Brick_Clay_Beveled.uasset"
[2026.08.23-16.44.37:617][  0]LogPackFactory: Copied "../../../Samples/StarterContent/Content/StarterContent/Materials/M_Brick_Clay_New.uasset" to "E:/_Alex's Data/Unreal Engine/Unreal Projects/Brackeys2026/Brackeys-2026/BrackeysJam2026/Content/StarterContent/Materials/M_Brick_Clay_New.uasset"
[2026.08.23-16.44.37:620][  0]LogPackFactory: Copied "../../../Samples/StarterContent/Content/StarterContent/Materials/M_Brick_Clay_Old.uasset" to "E:/_Alex's Data/Unreal Engine/Unreal Projects/Brackeys2026/Brackeys-2026/BrackeysJam2026/Content/StarterContent/Materials/M_Brick_Clay_Old.uasset"
[2026.08.23-16.44.37:623][  0]LogPackFactory: Copied "../../../Samples/StarterContent/Content/StarterContent/Materials/M_Brick_Cut_Stone.uasset" to "E:/_Alex's Data/Unreal Engine/Unreal Projects/Brackeys2026/Brackeys-2026/BrackeysJam2026/Content/StarterContent/Materials/M_Brick_Cut_Stone.uasset"
[2026.08.23-16.44.37:626][  0]LogPackFactory: Copied "../../../Samples/StarterContent/Content/StarterContent/Materials/M_Brick_Hewn_Stone.uasset" to "E:/_Alex's Data/Unreal Engine/Unreal Projects/Brackeys2026/Brackeys-2026/BrackeysJam2026/Content/StarterContent/Materials/M_Brick_Hewn_Stone.uasset"
[2026.08.23-16.44.37:628][  0]LogPackFactory: Copied "../../../Samples/StarterContent/Content/StarterContent/Materials/M_Ceramic_Tile_Checker.uasset" to "E:/_Alex's Data/Unreal Engine/Unreal Projects/Brackeys2026/Brackeys-2026/BrackeysJam2026/Content/StarterContent/Materials/M_Ceramic_Tile_Checker.uasset"
[2026.08.23-16.44.37:631][  0]LogPackFactory: Copied "../../../Samples/StarterContent/Content/StarterContent/Materials/M_CobbleStone_Pebble.uasset" to "E:/_Alex's Data/Unreal Engine/Unreal Projects/Brackeys2026/Brackeys-2026/BrackeysJam2026/Content/StarterContent/Materials/M_CobbleStone_Pebble.uasset"
[2026.08.23-16.44.37:635][  0]LogPackFactory: Copied "../../../Samples/StarterContent/Content/StarterContent/Materials/M_CobbleStone_Rough.uasset" to "E:/_Alex's Data/Unreal Engine/Unreal Projects/Brackeys2026/Brackeys-2026/BrackeysJam2026/Content/StarterContent/Materials/M_CobbleStone_Rough.uasset"
[2026.08.23-16.44.37:638][  0]LogPackFactory: Copied "../../../Samples/StarterContent/Content/StarterContent/Materials/M_CobbleStone_Smooth.uasset" to "E:/_Alex's Data/Unreal Engine/Unreal Projects/Brackeys2026/Brackeys-2026/BrackeysJam2026/Content/StarterContent/Materials/M_CobbleStone_Smooth.uasset"
[2026.08.23-16.44.37:640][  0]LogPackFactory: Copied "../../../Samples/StarterContent/Content/StarterContent/Materials/M_ColorGrid_LowSpec.uasset" to "E:/_Alex's Data/Unreal Engine/Unreal Projects/Brackeys2026/Brackeys-2026/BrackeysJam2026/Content/StarterContent/Materials/M_ColorGrid_LowSpec.uasset"
[2026.08.23-16.44.37:643][  0]LogPackFactory: Copied "../../../Samples/StarterContent/Content/StarterContent/Materials/M_Concrete_Grime.uasset" to "E:/_Alex's Data/Unreal Engine/Unreal Projects/Brackeys2026/Brackeys-2026/BrackeysJam2026/Content/StarterContent/Materials/M_Concrete_Grime.uasset"
[2026.08.23-16.44.37:646][  0]LogPackFactory: Copied "../../../Samples/StarterContent/Content/StarterContent/Materials/M_Concrete_Panels.uasset" to "E:/_Alex's Data/Unreal Engine/Unreal Projects/Brackeys2026/Brackeys-2026/BrackeysJam2026/Content/StarterContent/Materials/M_Concrete_Panels.uasset"
[2026.08.23-16.44.37:649][  0]LogPackFactory: Copied "../../../Samples/StarterContent/Content/StarterContent/Materials/M_Concrete_Poured.uasset" to "E:/_Alex's Data/Unreal Engine/Unreal Projects/Brackeys2026/Brackeys-2026/BrackeysJam2026/Content/StarterContent/Materials/M_Concrete_Poured.uasset"
[2026.08.23-16.44.37:652][  0]LogPackFactory: Copied "../../../Samples/StarterContent/Content/StarterContent/Materials/M_Concrete_Tiles.uasset" to "E:/_Alex's Data/Unreal Engine/Unreal Projects/Brackeys2026/Brackeys-2026/BrackeysJam2026/Content/StarterContent/Materials/M_Concrete_Tiles.uasset"
[2026.08.23-16.44.37:654][  0]LogPackFactory: Copied "../../../Samples/StarterContent/Content/StarterContent/Materials/M_Glass.uasset" to "E:/_Alex's Data/Unreal Engine/Unreal Projects/Brackeys2026/Brackeys-2026/BrackeysJam2026/Content/StarterContent/Materials/M_Glass.uasset"
[2026.08.23-16.44.37:656][  0]LogPackFactory: Copied "../../../Samples/StarterContent/Content/StarterContent/Materials/M_Ground_Grass.uasset" to "E:/_Alex's Data/Unreal Engine/Unreal Projects/Brackeys2026/Brackeys-2026/BrackeysJam2026/Content/StarterContent/Materials/M_Ground_Grass.uasset"
[2026.08.23-16.44.37:659][  0]LogPackFactory: Copied "../../../Samples/StarterContent/Content/StarterContent/Materials/M_Ground_Gravel.uasset" to "E:/_Alex's Data/Unreal Engine/Unreal Projects/Brackeys2026/Brackeys-2026/BrackeysJam2026/Content/StarterContent/Materials/M_Ground_Gravel.uasset"
[2026.08.23-16.44.37:662][  0]LogPackFactory: Copied "../../../Samples/StarterContent/Content/StarterContent/Materials/M_Ground_Moss.uasset" to "E:/_Alex's Data/Unreal Engine/Unreal Projects/Brackeys2026/Brackeys-2026/BrackeysJam2026/Content/StarterContent/Materials/M_Ground_Moss.uasset"
[2026.08.23-16.44.37:665][  0]LogPackFactory: Copied "../../../Samples/StarterContent/Content/StarterContent/Materials/M_Metal_Brushed_Nickel.uasset" to "E:/_Alex's Data/Unreal Engine/Unreal Projects/Brackeys2026/Brackeys-2026/BrackeysJam2026/Content/StarterContent/Materials/M_Metal_Brushed_Nickel.uasset"
[2026.08.23-16.44.37:668][  0]LogPackFactory: Copied "../../../Samples/StarterContent/Content/StarterContent/Materials/M_Metal_Burnished_Steel.uasset" to "E:/_Alex's Data/Unreal Engine/Unreal Projects/Brackeys2026/Brackeys-2026/BrackeysJam2026/Content/StarterContent/Materials/M_Metal_Burnished_Steel.uasset"
[2026.08.23-16.44.37:670][  0]LogPackFactory: Copied "../../../Samples/StarterContent/Content/StarterContent/Materials/M_Metal_Chrome.uasset" to "E:/_Alex's Data/Unreal Engine/Unreal Projects/Brackeys2026/Brackeys-2026/BrackeysJam2026/Content/StarterContent/Materials/M_Metal_Chrome.uasset"
[2026.08.23-16.44.37:674][  0]LogPackFactory: Copied "../../../Samples/StarterContent/Content/StarterContent/Materials/M_Metal_Copper.uasset" to "E:/_Alex's Data/Unreal Engine/Unreal Projects/Brackeys2026/Brackeys-2026/BrackeysJam2026/Content/StarterContent/Materials/M_Metal_Copper.uasset"
[2026.08.23-16.44.37:678][  0]LogPackFactory: Copied "../../../Samples/StarterContent/Content/StarterContent/Materials/M_Metal_Gold.uasset" to "E:/_Alex's Data/Unreal Engine/Unreal Projects/Brackeys2026/Brackeys-2026/BrackeysJam2026/Content/StarterContent/Materials/M_Metal_Gold.uasset"
[2026.08.23-16.44.37:680][  0]LogPackFactory: Copied "../../../Samples/StarterContent/Content/StarterContent/Materials/M_Metal_Rust.uasset" to "E:/_Alex's Data/Unreal Engine/Unreal Projects/Brackeys2026/Brackeys-2026/BrackeysJam2026/Content/StarterContent/Materials/M_Metal_Rust.uasset"
[2026.08.23-16.44.37:683][  0]LogPackFactory: Copied "../../../Samples/StarterContent/Content/StarterContent/Materials/M_Metal_Steel.uasset" to "E:/_Alex's Data/Unreal Engine/Unreal Projects/Brackeys2026/Brackeys-2026/BrackeysJam2026/Content/StarterContent/Materials/M_Metal_Steel.uasset"
[2026.08.23-16.44.37:685][  0]LogPackFactory: Copied "../../../Samples/StarterContent/Content/StarterContent/Materials/M_Rock_Basalt.uasset" to "E:/_Alex's Data/Unreal Engine/Unreal Projects/Brackeys2026/Brackeys-2026/BrackeysJam2026/Content/StarterContent/Materials/M_Rock_Basalt.uasset"
[2026.08.23-16.44.37:689][  0]LogPackFactory: Copied "../../../Samples/StarterContent/Content/StarterContent/Materials/M_Rock_Marble_Polished.uasset" to "E:/_Alex's Data/Unreal Engine/Unreal Projects/Brackeys2026/Brackeys-2026/BrackeysJam2026/Content/StarterContent/Materials/M_Rock_Marble_Polished.uasset"
[2026.08.23-16.44.37:692][  0]LogPackFactory: Copied "../../../Samples/StarterContent/Content/StarterContent/Materials/M_Rock_Sandstone.uasset" to "E:/_Alex's Data/Unreal Engine/Unreal Projects/Brackeys2026/Brackeys-2026/BrackeysJam2026/Content/StarterContent/Materials/M_Rock_Sandstone.uasset"
[2026.08.23-16.44.37:694][  0]LogPackFactory: Copied "../../../Samples/StarterContent/Content/StarterContent/Materials/M_Rock_Slate.uasset" to "E:/_Alex's Data/Unreal Engine/Unreal Projects/Brackeys2026/Brackeys-2026/BrackeysJam2026/Content/StarterContent/Materials/M_Rock_Slate.uasset"
[2026.08.23-16.44.37:696][  0]LogPackFactory: Copied "../../../Samples/StarterContent/Content/StarterContent/Materials/M_Tech_Checker_Dot.uasset" to "E:/_Alex's Data/Unreal Engine/Unreal Projects/Brackeys2026/Brackeys-2026/BrackeysJam2026/Content/StarterContent/Materials/M_Tech_Checker_Dot.uasset"
[2026.08.23-16.44.37:700][  0]LogPackFactory: Copied "../../../Samples/StarterContent/Content/StarterContent/Materials/M_Tech_Hex_Tile.uasset" to "E:/_Alex's Data/Unreal Engine/Unreal Projects/Brackeys2026/Brackeys-2026/BrackeysJam2026/Content/StarterContent/Materials/M_Tech_Hex_Tile.uasset"
[2026.08.23-16.44.37:702][  0]LogPackFactory: Copied "../../../Samples/StarterContent/Content/StarterContent/Materials/M_Tech_Hex_Tile_Pulse.uasset" to "E:/_Alex's Data/Unreal Engine/Unreal Projects/Brackeys2026/Brackeys-2026/BrackeysJam2026/Content/StarterContent/Materials/M_Tech_Hex_Tile_Pulse.uasset"
[2026.08.23-16.44.37:706][  0]LogPackFactory: Copied "../../../Samples/StarterContent/Content/StarterContent/Materials/M_Tech_Panel.uasset" to "E:/_Alex's Data/Unreal Engine/Unreal Projects/Brackeys2026/Brackeys-2026/BrackeysJam2026/Content/StarterContent/Materials/M_Tech_Panel.uasset"
[2026.08.23-16.44.37:708][  0]LogPackFactory: Copied "../../../Samples/StarterContent/Content/StarterContent/Materials/M_Water_Lake.uasset" to "E:/_Alex's Data/Unreal Engine/Unreal Projects/Brackeys2026/Brackeys-2026/BrackeysJam2026/Content/StarterContent/Materials/M_Water_Lake.uasset"
[2026.08.23-16.44.37:711][  0]LogPackFactory: Copied "../../../Samples/StarterContent/Content/StarterContent/Materials/M_Water_Ocean.uasset" to "E:/_Alex's Data/Unreal Engine/Unreal Projects/Brackeys2026/Brackeys-2026/BrackeysJam2026/Content/StarterContent/Materials/M_Water_Ocean.uasset"
[2026.08.23-16.44.37:713][  0]LogPackFactory: Copied "../../../Samples/StarterContent/Content/StarterContent/Materials/M_Wood_Floor_Walnut_Polished.uasset" to "E:/_Alex's Data/Unreal Engine/Unreal Projects/Brackeys2026/Brackeys-2026/BrackeysJam2026/Content/StarterContent/Materials/M_Wood_Floor_Walnut_Polished.uasset"
[2026.08.23-16.44.37:717][  0]LogPackFactory: Copied "../../../Samples/StarterContent/Content/StarterContent/Materials/M_Wood_Floor_Walnut_Worn.uasset" to "E:/_Alex's Data/Unreal Engine/Unreal Projects/Brackeys2026/Brackeys-2026/BrackeysJam2026/Content/StarterContent/Materials/M_Wood_Floor_Walnut_Worn.uasset"
[2026.08.23-16.44.37:720][  0]LogPackFactory: Copied "../../../Samples/StarterContent/Content/StarterContent/Materials/M_Wood_Oak.uasset" to "E:/_Alex's Data/Unreal Engine/Unreal Projects/Brackeys2026/Brackeys-2026/BrackeysJam2026/Content/StarterContent/Materials/M_Wood_Oak.uasset"
[2026.08.23-16.44.37:722][  0]LogPackFactory: Copied "../../../Samples/StarterContent/Content/StarterContent/Materials/M_Wood_Pine.uasset" to "E:/_Alex's Data/Unreal Engine/Unreal Projects/Brackeys2026/Brackeys-2026/BrackeysJam2026/Content/StarterContent/Materials/M_Wood_Pine.uasset"
[2026.08.23-16.44.37:725][  0]LogPackFactory: Copied "../../../Samples/StarterContent/Content/StarterContent/Materials/M_Wood_Walnut.uasset" to "E:/_Alex's Data/Unreal Engine/Unreal Projects/Brackeys2026/Brackeys-2026/BrackeysJam2026/Content/StarterContent/Materials/M_Wood_Walnut.uasset"
[2026.08.23-16.44.37:728][  0]LogPackFactory: Copied "../../../Samples/StarterContent/Content/StarterContent/Particles/P_Ambient_Dust.uasset" to "E:/_Alex's Data/Unreal Engine/Unreal Projects/Brackeys2026/Brackeys-2026/BrackeysJam2026/Content/StarterContent/Particles/P_Ambient_Dust.uasset"
[2026.08.23-16.44.37:731][  0]LogPackFactory: Copied "../../../Samples/StarterContent/Content/StarterContent/Particles/P_Explosion.uasset" to "E:/_Alex's Data/Unreal Engine/Unreal Projects/Brackeys2026/Brackeys-2026/BrackeysJam2026/Content/StarterContent/Particles/P_Explosion.uasset"
[2026.08.23-16.44.37:734][  0]LogPackFactory: Copied "../../../Samples/StarterContent/Content/StarterContent/Particles/P_Fire.uasset" to "E:/_Alex's Data/Unreal Engine/Unreal Projects/Brackeys2026/Brackeys-2026/BrackeysJam2026/Content/StarterContent/Particles/P_Fire.uasset"
[2026.08.23-16.44.37:737][  0]LogPackFactory: Copied "../../../Samples/StarterContent/Content/StarterContent/Particles/P_Smoke.uasset" to "E:/_Alex's Data/Unreal Engine/Unreal Projects/Brackeys2026/Brackeys-2026/BrackeysJam2026/Content/StarterContent/Particles/P_Smoke.uasset"
[2026.08.23-16.44.37:740][  0]LogPackFactory: Copied "../../../Samples/StarterContent/Content/StarterContent/Particles/P_Sparks.uasset" to "E:/_Alex's Data/Unreal Engine/Unreal Projects/Brackeys2026/Brackeys-2026/BrackeysJam2026/Content/StarterContent/Particles/P_Sparks.uasset"
[2026.08.23-16.44.37:742][  0]LogPackFactory: Copied "../../../Samples/StarterContent/Content/StarterContent/Particles/P_Steam_Lit.uasset" to "E:/_Alex's Data/Unreal Engine/Unreal Projects/Brackeys2026/Brackeys-2026/BrackeysJam2026/Content/StarterContent/Particles/P_Steam_Lit.uasset"
[2026.08.23-16.44.37:745][  0]LogPackFactory: Copied "../../../Samples/StarterContent/Content/StarterContent/Particles/Materials/M_Burst.uasset" to "E:/_Alex's Data/Unreal Engine/Unreal Projects/Brackeys2026/Brackeys-2026/BrackeysJam2026/Content/StarterContent/Particles/Materials/M_Burst.uasset"
[2026.08.23-16.44.37:747][  0]LogPackFactory: Copied "../../../Samples/StarterContent/Content/StarterContent/Particles/Materials/M_Dust_Particle.uasset" to "E:/_Alex's Data/Unreal Engine/Unreal Projects/Brackeys2026/Brackeys-2026/BrackeysJam2026/Content/StarterContent/Particles/Materials/M_Dust_Particle.uasset"
[2026.08.23-16.44.37:751][  0]LogPackFactory: Copied "../../../Samples/StarterContent/Content/StarterContent/Particles/Materials/M_explosion_subUV.uasset" to "E:/_Alex's Data/Unreal Engine/Unreal Projects/Brackeys2026/Brackeys-2026/BrackeysJam2026/Content/StarterContent/Particles/Materials/M_explosion_subUV.uasset"
[2026.08.23-16.44.37:754][  0]LogPackFactory: Copied "../../../Samples/StarterContent/Content/StarterContent/Particles/Materials/M_Fire_SubUV.uasset" to "E:/_Alex's Data/Unreal Engine/Unreal Projects/Brackeys2026/Brackeys-2026/BrackeysJam2026/Content/StarterContent/Particles/Materials/M_Fire_SubUV.uasset"
[2026.08.23-16.44.37:756][  0]LogPackFactory: Copied "../../../Samples/StarterContent/Content/StarterContent/Particles/Materials/m_flare_01.uasset" to "E:/_Alex's Data/Unreal Engine/Unreal Projects/Brackeys2026/Brackeys-2026/BrackeysJam2026/Content/StarterContent/Particles/Materials/m_flare_01.uasset"
[2026.08.23-16.44.37:758][  0]LogPackFactory: Copied "../../../Samples/StarterContent/Content/StarterContent/Particles/Materials/M_Heat_Distortion.uasset" to "E:/_Alex's Data/Unreal Engine/Unreal Projects/Brackeys2026/Brackeys-2026/BrackeysJam2026/Content/StarterContent/Particles/Materials/M_Heat_Distortion.uasset"
[2026.08.23-16.44.37:763][  0]LogPackFactory: Copied "../../../Samples/StarterContent/Content/StarterContent/Particles/Materials/M_Radial_Gradient.uasset" to "E:/_Alex's Data/Unreal Engine/Unreal Projects/Brackeys2026/Brackeys-2026/BrackeysJam2026/Content/StarterContent/Particles/Materials/M_Radial_Gradient.uasset"
[2026.08.23-16.44.37:764][  0]LogPackFactory: Copied "../../../Samples/StarterContent/Content/StarterContent/Particles/Materials/M_radial_ramp.uasset" to "E:/_Alex's Data/Unreal Engine/Unreal Projects/Brackeys2026/Brackeys-2026/BrackeysJam2026/Content/StarterContent/Particles/Materials/M_radial_ramp.uasset"
[2026.08.23-16.44.37:768][  0]LogPackFactory: Copied "../../../Samples/StarterContent/Content/StarterContent/Particles/Materials/M_smoke_subUV.uasset" to "E:/_Alex's Data/Unreal Engine/Unreal Projects/Brackeys2026/Brackeys-2026/BrackeysJam2026/Content/StarterContent/Particles/Materials/M_smoke_subUV.uasset"
[2026.08.23-16.44.37:770][  0]LogPackFactory: Copied "../../../Samples/StarterContent/Content/StarterContent/Particles/Materials/M_Spark.uasset" to "E:/_Alex's Data/Unreal Engine/Unreal Projects/Brackeys2026/Brackeys-2026/BrackeysJam2026/Content/StarterContent/Particles/Materials/M_Spark.uasset"
[2026.08.23-16.44.37:774][  0]LogPackFactory: Copied "../../../Samples/StarterContent/Content/StarterContent/Props/MaterialSphere.uasset" to "E:/_Alex's Data/Unreal Engine/Unreal Projects/Brackeys2026/Brackeys-2026/BrackeysJam2026/Content/StarterContent/Props/MaterialSphere.uasset"
[2026.08.23-16.44.37:777][  0]LogPackFactory: Copied "../../../Samples/StarterContent/Content/StarterContent/Props/SM_Bush.uasset" to "E:/_Alex's Data/Unreal Engine/Unreal Projects/Brackeys2026/Brackeys-2026/BrackeysJam2026/Content/StarterContent/Props/SM_Bush.uasset"
[2026.08.23-16.44.37:781][  0]LogPackFactory: Copied "../../../Samples/StarterContent/Content/StarterContent/Props/SM_Chair.uasset" to "E:/_Alex's Data/Unreal Engine/Unreal Projects/Brackeys2026/Brackeys-2026/BrackeysJam2026/Content/StarterContent/Props/SM_Chair.uasset"
[2026.08.23-16.44.37:783][  0]LogPackFactory: Copied "../../../Samples/StarterContent/Content/StarterContent/Props/SM_CornerFrame.uasset" to "E:/_Alex's Data/Unreal Engine/Unreal Projects/Brackeys2026/Brackeys-2026/BrackeysJam2026/Content/StarterContent/Props/SM_CornerFrame.uasset"
[2026.08.23-16.44.37:787][  0]LogPackFactory: Copied "../../../Samples/StarterContent/Content/StarterContent/Props/SM_Couch.uasset" to "E:/_Alex's Data/Unreal Engine/Unreal Projects/Brackeys2026/Brackeys-2026/BrackeysJam2026/Content/StarterContent/Props/SM_Couch.uasset"
[2026.08.23-16.44.37:790][  0]LogPackFactory: Copied "../../../Samples/StarterContent/Content/StarterContent/Props/SM_Door.uasset" to "E:/_Alex's Data/Unreal Engine/Unreal Projects/Brackeys2026/Brackeys-2026/BrackeysJam2026/Content/StarterContent/Props/SM_Door.uasset"
[2026.08.23-16.44.37:793][  0]LogPackFactory: Copied "../../../Samples/StarterContent/Content/StarterContent/Props/SM_DoorFrame.uasset" to "E:/_Alex's Data/Unreal Engine/Unreal Projects/Brackeys2026/Brackeys-2026/BrackeysJam2026/Content/StarterContent/Props/SM_DoorFrame.uasset"
[2026.08.23-16.44.37:795][  0]LogPackFactory: Copied "../../../Samples/StarterContent/Content/StarterContent/Props/SM_GlassWindow.uasset" to "E:/_Alex's Data/Unreal Engine/Unreal Projects/Brackeys2026/Brackeys-2026/BrackeysJam2026/Content/StarterContent/Props/SM_GlassWindow.uasset"
[2026.08.23-16.44.37:799][  0]LogPackFactory: Copied "../../../Samples/StarterContent/Content/StarterContent/Props/SM_Lamp_Ceiling.uasset" to "E:/_Alex's Data/Unreal Engine/Unreal Projects/Brackeys2026/Brackeys-2026/BrackeysJam2026/Content/StarterContent/Props/SM_Lamp_Ceiling.uasset"
[2026.08.23-16.44.38:534][  0]LogPackFactory: Copied "../../../Samples/StarterContent/Content/StarterContent/Props/SM_Lamp_Wall.uasset" to "E:/_Alex's Data/Unreal Engine/Unreal Projects/Brackeys2026/Brackeys-2026/BrackeysJam2026/Content/StarterContent/Props/SM_Lamp_Wall.uasset"
[2026.08.23-16.44.38:546][  0]LogPackFactory: Copied "../../../Samples/StarterContent/Content/StarterContent/Props/SM_MatPreviewMesh_02.uasset" to "E:/_Alex's Data/Unreal Engine/Unreal Projects/Brackeys2026/Brackeys-2026/BrackeysJam2026/Content/StarterContent/Props/SM_MatPreviewMesh_02.uasset"
[2026.08.23-16.44.38:549][  0]LogPackFactory: Copied "../../../Samples/StarterContent/Content/StarterContent/Props/SM_PillarFrame.uasset" to "E:/_Alex's Data/Unreal Engine/Unreal Projects/Brackeys2026/Brackeys-2026/BrackeysJam2026/Content/StarterContent/Props/SM_PillarFrame.uasset"
[2026.08.23-16.44.38:552][  0]LogPackFactory: Copied "../../../Samples/StarterContent/Content/StarterContent/Props/SM_PillarFrame300.uasset" to "E:/_Alex's Data/Unreal Engine/Unreal Projects/Brackeys2026/Brackeys-2026/BrackeysJam2026/Content/StarterContent/Props/SM_PillarFrame300.uasset"
[2026.08.23-16.44.38:557][  0]LogPackFactory: Copied "../../../Samples/StarterContent/Content/StarterContent/Props/SM_Rock.uasset" to "E:/_Alex's Data/Unreal Engine/Unreal Projects/Brackeys2026/Brackeys-2026/BrackeysJam2026/Content/StarterContent/Props/SM_Rock.uasset"
[2026.08.23-16.44.38:560][  0]LogPackFactory: Copied "../../../Samples/StarterContent/Content/StarterContent/Props/SM_Shelf.uasset" to "E:/_Alex's Data/Unreal Engine/Unreal Projects/Brackeys2026/Brackeys-2026/BrackeysJam2026/Content/StarterContent/Props/SM_Shelf.uasset"
[2026.08.23-16.44.38:564][  0]LogPackFactory: Copied "../../../Samples/StarterContent/Content/StarterContent/Props/SM_Stairs.uasset" to "E:/_Alex's Data/Unreal Engine/Unreal Projects/Brackeys2026/Brackeys-2026/BrackeysJam2026/Content/StarterContent/Props/SM_Stairs.uasset"
[2026.08.23-16.44.38:568][  0]LogPackFactory: Copied "../../../Samples/StarterContent/Content/StarterContent/Props/SM_Statue.uasset" to "E:/_Alex's Data/Unreal Engine/Unreal Projects/Brackeys2026/Brackeys-2026/BrackeysJam2026/Content/StarterContent/Props/SM_Statue.uasset"
[2026.08.23-16.44.38:573][  0]LogPackFactory: Copied "../../../Samples/StarterContent/Content/StarterContent/Props/SM_TableRound.uasset" to "E:/_Alex's Data/Unreal Engine/Unreal Projects/Brackeys2026/Brackeys-2026/BrackeysJam2026/Content/StarterContent/Props/SM_TableRound.uasset"
[2026.08.23-16.44.38:575][  0]LogPackFactory: Copied "../../../Samples/StarterContent/Content/StarterContent/Props/SM_WindowFrame.uasset" to "E:/_Alex's Data/Unreal Engine/Unreal Projects/Brackeys2026/Brackeys-2026/BrackeysJam2026/Content/StarterContent/Props/SM_WindowFrame.uasset"
[2026.08.23-16.44.38:578][  0]LogPackFactory: Copied "../../../Samples/StarterContent/Content/StarterContent/Props/Materials/M_Bush.uasset" to "E:/_Alex's Data/Unreal Engine/Unreal Projects/Brackeys2026/Brackeys-2026/BrackeysJam2026/Content/StarterContent/Props/Materials/M_Bush.uasset"
[2026.08.23-16.44.38:582][  0]LogPackFactory: Copied "../../../Samples/StarterContent/Content/StarterContent/Props/Materials/M_Chair.uasset" to "E:/_Alex's Data/Unreal Engine/Unreal Projects/Brackeys2026/Brackeys-2026/BrackeysJam2026/Content/StarterContent/Props/Materials/M_Chair.uasset"
[2026.08.23-16.44.38:585][  0]LogPackFactory: Copied "../../../Samples/StarterContent/Content/StarterContent/Props/Materials/M_Door.uasset" to "E:/_Alex's Data/Unreal Engine/Unreal Projects/Brackeys2026/Brackeys-2026/BrackeysJam2026/Content/StarterContent/Props/Materials/M_Door.uasset"
[2026.08.23-16.44.38:589][  0]LogPackFactory: Copied "../../../Samples/StarterContent/Content/StarterContent/Props/Materials/M_Frame.uasset" to "E:/_Alex's Data/Unreal Engine/Unreal Projects/Brackeys2026/Brackeys-2026/BrackeysJam2026/Content/StarterContent/Props/Materials/M_Frame.uasset"
[2026.08.23-16.44.38:591][  0]LogPackFactory: Copied "../../../Samples/StarterContent/Content/StarterContent/Props/Materials/M_Lamp.uasset" to "E:/_Alex's Data/Unreal Engine/Unreal Projects/Brackeys2026/Brackeys-2026/BrackeysJam2026/Content/StarterContent/Props/Materials/M_Lamp.uasset"
[2026.08.23-16.44.38:596][  0]LogPackFactory: Copied "../../../Samples/StarterContent/Content/StarterContent/Props/Materials/M_MaterialSphere.uasset" to "E:/_Alex's Data/Unreal Engine/Unreal Projects/Brackeys2026/Brackeys-2026/BrackeysJam2026/Content/StarterContent/Props/Materials/M_MaterialSphere.uasset"
[2026.08.23-16.44.38:598][  0]LogPackFactory: Copied "../../../Samples/StarterContent/Content/StarterContent/Props/Materials/M_MaterialSphere_Plain.uasset" to "E:/_Alex's Data/Unreal Engine/Unreal Projects/Brackeys2026/Brackeys-2026/BrackeysJam2026/Content/StarterContent/Props/Materials/M_MaterialSphere_Plain.uasset"
[2026.08.23-16.44.38:601][  0]LogPackFactory: Copied "../../../Samples/StarterContent/Content/StarterContent/Props/Materials/M_Rock.uasset" to "E:/_Alex's Data/Unreal Engine/Unreal Projects/Brackeys2026/Brackeys-2026/BrackeysJam2026/Content/StarterContent/Props/Materials/M_Rock.uasset"
[2026.08.23-16.44.38:605][  0]LogPackFactory: Copied "../../../Samples/StarterContent/Content/StarterContent/Props/Materials/M_Shelf.uasset" to "E:/_Alex's Data/Unreal Engine/Unreal Projects/Brackeys2026/Brackeys-2026/BrackeysJam2026/Content/StarterContent/Props/Materials/M_Shelf.uasset"
[2026.08.23-16.44.38:607][  0]LogPackFactory: Copied "../../../Samples/StarterContent/Content/StarterContent/Props/Materials/M_Statue.uasset" to "E:/_Alex's Data/Unreal Engine/Unreal Projects/Brackeys2026/Brackeys-2026/BrackeysJam2026/Content/StarterContent/Props/Materials/M_Statue.uasset"
[2026.08.23-16.44.38:612][  0]LogPackFactory: Copied "../../../Samples/StarterContent/Content/StarterContent/Props/Materials/M_StatueGlass.uasset" to "E:/_Alex's Data/Unreal Engine/Unreal Projects/Brackeys2026/Brackeys-2026/BrackeysJam2026/Content/StarterContent/Props/Materials/M_StatueGlass.uasset"
[2026.08.23-16.44.38:615][  0]LogPackFactory: Copied "../../../Samples/StarterContent/Content/StarterContent/Props/Materials/M_TableRound.uasset" to "E:/_Alex's Data/Unreal Engine/Unreal Projects/Brackeys2026/Brackeys-2026/BrackeysJam2026/Content/StarterContent/Props/Materials/M_TableRound.uasset"
[2026.08.23-16.44.38:619][  0]LogPackFactory: Copied "../../../Samples/StarterContent/Content/StarterContent/Shapes/Shape_Cone.uasset" to "E:/_Alex's Data/Unreal Engine/Unreal Projects/Brackeys2026/Brackeys-2026/BrackeysJam2026/Content/StarterContent/Shapes/Shape_Cone.uasset"
[2026.08.23-16.44.38:621][  0]LogPackFactory: Copied "../../../Samples/StarterContent/Content/StarterContent/Shapes/Shape_Cube.uasset" to "E:/_Alex's Data/Unreal Engine/Unreal Projects/Brackeys2026/Brackeys-2026/BrackeysJam2026/Content/StarterContent/Shapes/Shape_Cube.uasset"
[2026.08.23-16.44.38:626][  0]LogPackFactory: Copied "../../../Samples/StarterContent/Content/StarterContent/Shapes/Shape_Cylinder.uasset" to "E:/_Alex's Data/Unreal Engine/Unreal Projects/Brackeys2026/Brackeys-2026/BrackeysJam2026/Content/StarterContent/Shapes/Shape_Cylinder.uasset"
[2026.08.23-16.44.38:628][  0]LogPackFactory: Copied "../../../Samples/StarterContent/Content/StarterContent/Shapes/Shape_NarrowCapsule.uasset" to "E:/_Alex's Data/Unreal Engine/Unreal Projects/Brackeys2026/Brackeys-2026/BrackeysJam2026/Content/StarterContent/Shapes/Shape_NarrowCapsule.uasset"
[2026.08.23-16.44.38:631][  0]LogPackFactory: Copied "../../../Samples/StarterContent/Content/StarterContent/Shapes/Shape_Pipe.uasset" to "E:/_Alex's Data/Unreal Engine/Unreal Projects/Brackeys2026/Brackeys-2026/BrackeysJam2026/Content/StarterContent/Shapes/Shape_Pipe.uasset"
[2026.08.23-16.44.38:635][  0]LogPackFactory: Copied "../../../Samples/StarterContent/Content/StarterContent/Shapes/Shape_Pipe_180.uasset" to "E:/_Alex's Data/Unreal Engine/Unreal Projects/Brackeys2026/Brackeys-2026/BrackeysJam2026/Content/StarterContent/Shapes/Shape_Pipe_180.uasset"
[2026.08.23-16.44.38:637][  0]LogPackFactory: Copied "../../../Samples/StarterContent/Content/StarterContent/Shapes/Shape_Pipe_90.uasset" to "E:/_Alex's Data/Unreal Engine/Unreal Projects/Brackeys2026/Brackeys-2026/BrackeysJam2026/Content/StarterContent/Shapes/Shape_Pipe_90.uasset"
[2026.08.23-16.44.38:641][  0]LogPackFactory: Copied "../../../Samples/StarterContent/Content/StarterContent/Shapes/Shape_Plane.uasset" to "E:/_Alex's Data/Unreal Engine/Unreal Projects/Brackeys2026/Brackeys-2026/BrackeysJam2026/Content/StarterContent/Shapes/Shape_Plane.uasset"
[2026.08.23-16.44.38:645][  0]LogPackFactory: Copied "../../../Samples/StarterContent/Content/StarterContent/Shapes/Shape_QuadPyramid.uasset" to "E:/_Alex's Data/Unreal Engine/Unreal Projects/Brackeys2026/Brackeys-2026/BrackeysJam2026/Content/StarterContent/Shapes/Shape_QuadPyramid.uasset"
[2026.08.23-16.44.38:649][  0]LogPackFactory: Copied "../../../Samples/StarterContent/Content/StarterContent/Shapes/Shape_Sphere.uasset" to "E:/_Alex's Data/Unreal Engine/Unreal Projects/Brackeys2026/Brackeys-2026/BrackeysJam2026/Content/StarterContent/Shapes/Shape_Sphere.uasset"
[2026.08.23-16.44.38:654][  0]LogPackFactory: Copied "../../../Samples/StarterContent/Content/StarterContent/Shapes/Shape_Torus.uasset" to "E:/_Alex's Data/Unreal Engine/Unreal Projects/Brackeys2026/Brackeys-2026/BrackeysJam2026/Content/StarterContent/Shapes/Shape_Torus.uasset"
[2026.08.23-16.44.38:656][  0]LogPackFactory: Copied "../../../Samples/StarterContent/Content/StarterContent/Shapes/Shape_Trim.uasset" to "E:/_Alex's Data/Unreal Engine/Unreal Projects/Brackeys2026/Brackeys-2026/BrackeysJam2026/Content/StarterContent/Shapes/Shape_Trim.uasset"
[2026.08.23-16.44.38:660][  0]LogPackFactory: Copied "../../../Samples/StarterContent/Content/StarterContent/Shapes/Shape_Trim_90_In.uasset" to "E:/_Alex's Data/Unreal Engine/Unreal Projects/Brackeys2026/Brackeys-2026/BrackeysJam2026/Content/StarterContent/Shapes/Shape_Trim_90_In.uasset"
[2026.08.23-16.44.38:661][  0]LogPackFactory: Copied "../../../Samples/StarterContent/Content/StarterContent/Shapes/Shape_Trim_90_Out.uasset" to "E:/_Alex's Data/Unreal Engine/Unreal Projects/Brackeys2026/Brackeys-2026/BrackeysJam2026/Content/StarterContent/Shapes/Shape_Trim_90_Out.uasset"
[2026.08.23-16.44.38:665][  0]LogPackFactory: Copied "../../../Samples/StarterContent/Content/StarterContent/Shapes/Shape_TriPyramid.uasset" to "E:/_Alex's Data/Unreal Engine/Unreal Projects/Brackeys2026/Brackeys-2026/BrackeysJam2026/Content/StarterContent/Shapes/Shape_TriPyramid.uasset"
[2026.08.23-16.44.38:669][  0]LogPackFactory: Copied "../../../Samples/StarterContent/Content/StarterContent/Shapes/Shape_Tube.uasset" to "E:/_Alex's Data/Unreal Engine/Unreal Projects/Brackeys2026/Brackeys-2026/BrackeysJam2026/Content/StarterContent/Shapes/Shape_Tube.uasset"
[2026.08.23-16.44.38:672][  0]LogPackFactory: Copied "../../../Samples/StarterContent/Content/StarterContent/Shapes/Shape_Wedge_A.uasset" to "E:/_Alex's Data/Unreal Engine/Unreal Projects/Brackeys2026/Brackeys-2026/BrackeysJam2026/Content/StarterContent/Shapes/Shape_Wedge_A.uasset"
[2026.08.23-16.44.38:675][  0]LogPackFactory: Copied "../../../Samples/StarterContent/Content/StarterContent/Shapes/Shape_Wedge_B.uasset" to "E:/_Alex's Data/Unreal Engine/Unreal Projects/Brackeys2026/Brackeys-2026/BrackeysJam2026/Content/StarterContent/Shapes/Shape_Wedge_B.uasset"
[2026.08.23-16.44.38:679][  0]LogPackFactory: Copied "../../../Samples/StarterContent/Content/StarterContent/Shapes/Shape_WideCapsule.uasset" to "E:/_Alex's Data/Unreal Engine/Unreal Projects/Brackeys2026/Brackeys-2026/BrackeysJam2026/Content/StarterContent/Shapes/Shape_WideCapsule.uasset"
[2026.08.23-16.44.38:712][  0]LogPackFactory: Copied "../../../Samples/StarterContent/Content/StarterContent/Textures/T_Brick_Clay_Beveled_D.uasset" to "E:/_Alex's Data/Unreal Engine/Unreal Projects/Brackeys2026/Brackeys-2026/BrackeysJam2026/Content/StarterContent/Textures/T_Brick_Clay_Beveled_D.uasset"
[2026.08.23-16.44.39:251][  0]LogPackFactory: Copied "../../../Samples/StarterContent/Content/StarterContent/Textures/T_Brick_Clay_Beveled_M.uasset" to "E:/_Alex's Data/Unreal Engine/Unreal Projects/Brackeys2026/Brackeys-2026/BrackeysJam2026/Content/StarterContent/Textures/T_Brick_Clay_Beveled_M.uasset"
[2026.08.23-16.44.39:283][  0]LogPackFactory: Copied "../../../Samples/StarterContent/Content/StarterContent/Textures/T_Brick_Clay_Beveled_N.uasset" to "E:/_Alex's Data/Unreal Engine/Unreal Projects/Brackeys2026/Brackeys-2026/BrackeysJam2026/Content/StarterContent/Textures/T_Brick_Clay_Beveled_N.uasset"
[2026.08.23-16.44.39:308][  0]LogPackFactory: Copied "../../../Samples/StarterContent/Content/StarterContent/Textures/T_Brick_Clay_New_D.uasset" to "E:/_Alex's Data/Unreal Engine/Unreal Projects/Brackeys2026/Brackeys-2026/BrackeysJam2026/Content/StarterContent/Textures/T_Brick_Clay_New_D.uasset"
[2026.08.23-16.44.39:345][  0]LogPackFactory: Copied "../../../Samples/StarterContent/Content/StarterContent/Textures/T_Brick_Clay_New_M.uasset" to "E:/_Alex's Data/Unreal Engine/Unreal Projects/Brackeys2026/Brackeys-2026/BrackeysJam2026/Content/StarterContent/Textures/T_Brick_Clay_New_M.uasset"
[2026.08.23-16.44.39:376][  0]LogPackFactory: Copied "../../../Samples/StarterContent/Content/StarterContent/Textures/T_Brick_Clay_New_N.uasset" to "E:/_Alex's Data/Unreal Engine/Unreal Projects/Brackeys2026/Brackeys-2026/BrackeysJam2026/Content/StarterContent/Textures/T_Brick_Clay_New_N.uasset"
[2026.08.23-16.44.40:154][  0]LogPackFactory: Copied "../../../Samples/StarterContent/Content/StarterContent/Textures/T_Brick_Clay_Old_D.uasset" to "E:/_Alex's Data/Unreal Engine/Unreal Projects/Brackeys2026/Brackeys-2026/BrackeysJam2026/Content/StarterContent/Textures/T_Brick_Clay_Old_D.uasset"
[2026.08.23-16.44.40:459][  0]LogPackFactory: Copied "../../../Samples/StarterContent/Content/StarterContent/Textures/T_Brick_Clay_Old_N.uasset" to "E:/_Alex's Data/Unreal Engine/Unreal Projects/Brackeys2026/Brackeys-2026/BrackeysJam2026/Content/StarterContent/Textures/T_Brick_Clay_Old_N.uasset"
[2026.08.23-16.44.40:591][  0]LogPackFactory: Copied "../../../Samples/StarterContent/Content/StarterContent/Textures/T_Brick_Cut_Stone_D.uasset" to "E:/_Alex's Data/Unreal Engine/Unreal Projects/Brackeys2026/Brackeys-2026/BrackeysJam2026/Content/StarterContent/Textures/T_Brick_Cut_Stone_D.uasset"
[2026.08.23-16.44.40:618][  0]LogPackFactory: Copied "../../../Samples/StarterContent/Content/StarterContent/Textures/T_Brick_Cut_Stone_N.uasset" to "E:/_Alex's Data/Unreal Engine/Unreal Projects/Brackeys2026/Brackeys-2026/BrackeysJam2026/Content/StarterContent/Textures/T_Brick_Cut_Stone_N.uasset"
[2026.08.23-16.44.41:193][  0]LogPackFactory: Copied "../../../Samples/StarterContent/Content/StarterContent/Textures/T_Brick_Hewn_Stone_D.uasset" to "E:/_Alex's Data/Unreal Engine/Unreal Projects/Brackeys2026/Brackeys-2026/BrackeysJam2026/Content/StarterContent/Textures/T_Brick_Hewn_Stone_D.uasset"
[2026.08.23-16.44.41:220][  0]LogPackFactory: Copied "../../../Samples/StarterContent/Content/StarterContent/Textures/T_Brick_Hewn_Stone_M.uasset" to "E:/_Alex's Data/Unreal Engine/Unreal Projects/Brackeys2026/Brackeys-2026/BrackeysJam2026/Content/StarterContent/Textures/T_Brick_Hewn_Stone_M.uasset"
[2026.08.23-16.44.41:255][  0]LogPackFactory: Copied "../../../Samples/StarterContent/Content/StarterContent/Textures/T_Brick_Hewn_Stone_N.uasset" to "E:/_Alex's Data/Unreal Engine/Unreal Projects/Brackeys2026/Brackeys-2026/BrackeysJam2026/Content/StarterContent/Textures/T_Brick_Hewn_Stone_N.uasset"
[2026.08.23-16.44.41:259][  0]LogPackFactory: Copied "../../../Samples/StarterContent/Content/StarterContent/Textures/T_Burst_M.uasset" to "E:/_Alex's Data/Unreal Engine/Unreal Projects/Brackeys2026/Brackeys-2026/BrackeysJam2026/Content/StarterContent/Textures/T_Burst_M.uasset"
[2026.08.23-16.44.41:264][  0]LogPackFactory: Copied "../../../Samples/StarterContent/Content/StarterContent/Textures/T_Bush_D.uasset" to "E:/_Alex's Data/Unreal Engine/Unreal Projects/Brackeys2026/Brackeys-2026/BrackeysJam2026/Content/StarterContent/Textures/T_Bush_D.uasset"
[2026.08.23-16.44.41:267][  0]LogPackFactory: Copied "../../../Samples/StarterContent/Content/StarterContent/Textures/T_Bush_N.uasset" to "E:/_Alex's Data/Unreal Engine/Unreal Projects/Brackeys2026/Brackeys-2026/BrackeysJam2026/Content/StarterContent/Textures/T_Bush_N.uasset"
[2026.08.23-16.44.41:274][  0]LogPackFactory: Copied "../../../Samples/StarterContent/Content/StarterContent/Textures/T_Ceramic_Tile_M.uasset" to "E:/_Alex's Data/Unreal Engine/Unreal Projects/Brackeys2026/Brackeys-2026/BrackeysJam2026/Content/StarterContent/Textures/T_Ceramic_Tile_M.uasset"
[2026.08.23-16.44.41:278][  0]LogPackFactory: Copied "../../../Samples/StarterContent/Content/StarterContent/Textures/T_Ceramic_Tile_N.uasset" to "E:/_Alex's Data/Unreal Engine/Unreal Projects/Brackeys2026/Brackeys-2026/BrackeysJam2026/Content/StarterContent/Textures/T_Ceramic_Tile_N.uasset"
[2026.08.23-16.44.41:283][  0]LogPackFactory: Copied "../../../Samples/StarterContent/Content/StarterContent/Textures/T_Chair_M.uasset" to "E:/_Alex's Data/Unreal Engine/Unreal Projects/Brackeys2026/Brackeys-2026/BrackeysJam2026/Content/StarterContent/Textures/T_Chair_M.uasset"
[2026.08.23-16.44.41:292][  0]LogPackFactory: Copied "../../../Samples/StarterContent/Content/StarterContent/Textures/T_Chair_N.uasset" to "E:/_Alex's Data/Unreal Engine/Unreal Projects/Brackeys2026/Brackeys-2026/BrackeysJam2026/Content/StarterContent/Textures/T_Chair_N.uasset"
[2026.08.23-16.44.41:296][  0]LogPackFactory: Copied "../../../Samples/StarterContent/Content/StarterContent/Textures/T_Checker_Noise_M.uasset" to "E:/_Alex's Data/Unreal Engine/Unreal Projects/Brackeys2026/Brackeys-2026/BrackeysJam2026/Content/StarterContent/Textures/T_Checker_Noise_M.uasset"
[2026.08.23-16.44.41:345][  0]LogPackFactory: Copied "../../../Samples/StarterContent/Content/StarterContent/Textures/T_CobbleStone_Pebble_D.uasset" to "E:/_Alex's Data/Unreal Engine/Unreal Projects/Brackeys2026/Brackeys-2026/BrackeysJam2026/Content/StarterContent/Textures/T_CobbleStone_Pebble_D.uasset"
[2026.08.23-16.44.41:353][  0]LogPackFactory: Copied "../../../Samples/StarterContent/Content/StarterContent/Textures/T_CobbleStone_Pebble_M.uasset" to "E:/_Alex's Data/Unreal Engine/Unreal Projects/Brackeys2026/Brackeys-2026/BrackeysJam2026/Content/StarterContent/Textures/T_CobbleStone_Pebble_M.uasset"
[2026.08.23-16.44.42:371][  0]LogPackFactory: Copied "../../../Samples/StarterContent/Content/StarterContent/Textures/T_CobbleStone_Pebble_N.uasset" to "E:/_Alex's Data/Unreal Engine/Unreal Projects/Brackeys2026/Brackeys-2026/BrackeysJam2026/Content/StarterContent/Textures/T_CobbleStone_Pebble_N.uasset"
[2026.08.23-16.44.42:385][  0]LogPackFactory: Copied "../../../Samples/StarterContent/Content/StarterContent/Textures/T_CobbleStone_Rough_D.uasset" to "E:/_Alex's Data/Unreal Engine/Unreal Projects/Brackeys2026/Brackeys-2026/BrackeysJam2026/Content/StarterContent/Textures/T_CobbleStone_Rough_D.uasset"
[2026.08.23-16.44.42:397][  0]LogPackFactory: Copied "../../../Samples/StarterContent/Content/StarterContent/Textures/T_CobbleStone_Rough_N.uasset" to "E:/_Alex's Data/Unreal Engine/Unreal Projects/Brackeys2026/Brackeys-2026/BrackeysJam2026/Content/StarterContent/Textures/T_CobbleStone_Rough_N.uasset"
[2026.08.23-16.44.42:425][  0]LogPackFactory: Copied "../../../Samples/StarterContent/Content/StarterContent/Textures/T_CobbleStone_Smooth_D.uasset" to "E:/_Alex's Data/Unreal Engine/Unreal Projects/Brackeys2026/Brackeys-2026/BrackeysJam2026/Content/StarterContent/Textures/T_CobbleStone_Smooth_D.uasset"
[2026.08.23-16.44.43:002][  0]LogPackFactory: Copied "../../../Samples/StarterContent/Content/StarterContent/Textures/T_CobbleStone_Smooth_M.uasset" to "E:/_Alex's Data/Unreal Engine/Unreal Projects/Brackeys2026/Brackeys-2026/BrackeysJam2026/Content/StarterContent/Textures/T_CobbleStone_Smooth_M.uasset"
[2026.08.23-16.44.43:038][  0]LogPackFactory: Copied "../../../Samples/StarterContent/Content/StarterContent/Textures/T_CobbleStone_Smooth_N.uasset" to "E:/_Alex's Data/Unreal Engine/Unreal Projects/Brackeys2026/Brackeys-2026/BrackeysJam2026/Content/StarterContent/Textures/T_CobbleStone_Smooth_N.uasset"
[2026.08.23-16.44.43:083][  0]LogPackFactory: Copied "../../../Samples/StarterContent/Content/StarterContent/Textures/T_Concrete_Grime_D.uasset" to "E:/_Alex's Data/Unreal Engine/Unreal Projects/Brackeys2026/Brackeys-2026/BrackeysJam2026/Content/StarterContent/Textures/T_Concrete_Grime_D.uasset"
[2026.08.23-16.44.43:130][  0]LogPackFactory: Copied "../../../Samples/StarterContent/Content/StarterContent/Textures/T_Concrete_Panels_D.uasset" to "E:/_Alex's Data/Unreal Engine/Unreal Projects/Brackeys2026/Brackeys-2026/BrackeysJam2026/Content/StarterContent/Textures/T_Concrete_Panels_D.uasset"
[2026.08.23-16.44.43:813][  0]LogPackFactory: Copied "../../../Samples/StarterContent/Content/StarterContent/Textures/T_Concrete_Panels_N.uasset" to "E:/_Alex's Data/Unreal Engine/Unreal Projects/Brackeys2026/Brackeys-2026/BrackeysJam2026/Content/StarterContent/Textures/T_Concrete_Panels_N.uasset"
[2026.08.23-16.44.43:857][  0]LogPackFactory: Copied "../../../Samples/StarterContent/Content/StarterContent/Textures/T_Concrete_Poured_D.uasset" to "E:/_Alex's Data/Unreal Engine/Unreal Projects/Brackeys2026/Brackeys-2026/BrackeysJam2026/Content/StarterContent/Textures/T_Concrete_Poured_D.uasset"
[2026.08.23-16.44.43:886][  0]LogPackFactory: Copied "../../../Samples/StarterContent/Content/StarterContent/Textures/T_Concrete_Poured_N.uasset" to "E:/_Alex's Data/Unreal Engine/Unreal Projects/Brackeys2026/Brackeys-2026/BrackeysJam2026/Content/StarterContent/Textures/T_Concrete_Poured_N.uasset"
[2026.08.23-16.44.43:907][  0]LogPackFactory: Copied "../../../Samples/StarterContent/Content/StarterContent/Textures/T_Concrete_Tiles_D.uasset" to "E:/_Alex's Data/Unreal Engine/Unreal Projects/Brackeys2026/Brackeys-2026/BrackeysJam2026/Content/StarterContent/Textures/T_Concrete_Tiles_D.uasset"
[2026.08.23-16.44.44:552][  0]LogPackFactory: Copied "../../../Samples/StarterContent/Content/StarterContent/Textures/T_Concrete_Tiles_M.uasset" to "E:/_Alex's Data/Unreal Engine/Unreal Projects/Brackeys2026/Brackeys-2026/BrackeysJam2026/Content/StarterContent/Textures/T_Concrete_Tiles_M.uasset"
[2026.08.23-16.44.44:577][  0]LogPackFactory: Copied "../../../Samples/StarterContent/Content/StarterContent/Textures/T_Concrete_Tiles_N.uasset" to "E:/_Alex's Data/Unreal Engine/Unreal Projects/Brackeys2026/Brackeys-2026/BrackeysJam2026/Content/StarterContent/Textures/T_Concrete_Tiles_N.uasset"
[2026.08.23-16.44.44:580][  0]LogPackFactory: Copied "../../../Samples/StarterContent/Content/StarterContent/Textures/T_Concrete_Tiles_Variation_M.uasset" to "E:/_Alex's Data/Unreal Engine/Unreal Projects/Brackeys2026/Brackeys-2026/BrackeysJam2026/Content/StarterContent/Textures/T_Concrete_Tiles_Variation_M.uasset"
[2026.08.23-16.44.44:592][  0]LogPackFactory: Copied "../../../Samples/StarterContent/Content/StarterContent/Textures/T_Detail_Rocky_N.uasset" to "E:/_Alex's Data/Unreal Engine/Unreal Projects/Brackeys2026/Brackeys-2026/BrackeysJam2026/Content/StarterContent/Textures/T_Detail_Rocky_N.uasset"
[2026.08.23-16.44.44:607][  0]LogPackFactory: Copied "../../../Samples/StarterContent/Content/StarterContent/Textures/T_Door_M.uasset" to "E:/_Alex's Data/Unreal Engine/Unreal Projects/Brackeys2026/Brackeys-2026/BrackeysJam2026/Content/StarterContent/Textures/T_Door_M.uasset"
[2026.08.23-16.44.44:615][  0]LogPackFactory: Copied "../../../Samples/StarterContent/Content/StarterContent/Textures/T_Door_N.uasset" to "E:/_Alex's Data/Unreal Engine/Unreal Projects/Brackeys2026/Brackeys-2026/BrackeysJam2026/Content/StarterContent/Textures/T_Door_N.uasset"
[2026.08.23-16.44.44:616][  0]LogPackFactory: Copied "../../../Samples/StarterContent/Content/StarterContent/Textures/T_Dust_Particle_D.uasset" to "E:/_Alex's Data/Unreal Engine/Unreal Projects/Brackeys2026/Brackeys-2026/BrackeysJam2026/Content/StarterContent/Textures/T_Dust_Particle_D.uasset"
[2026.08.23-16.44.44:629][  0]LogPackFactory: Copied "../../../Samples/StarterContent/Content/StarterContent/Textures/T_Explosion_SubUV.uasset" to "E:/_Alex's Data/Unreal Engine/Unreal Projects/Brackeys2026/Brackeys-2026/BrackeysJam2026/Content/StarterContent/Textures/T_Explosion_SubUV.uasset"
[2026.08.23-16.44.44:633][  0]LogPackFactory: Copied "../../../Samples/StarterContent/Content/StarterContent/Textures/T_Fire_SubUV.uasset" to "E:/_Alex's Data/Unreal Engine/Unreal Projects/Brackeys2026/Brackeys-2026/BrackeysJam2026/Content/StarterContent/Textures/T_Fire_SubUV.uasset"
[2026.08.23-16.44.44:637][  0]LogPackFactory: Copied "../../../Samples/StarterContent/Content/StarterContent/Textures/T_Fire_Tiled_D.uasset" to "E:/_Alex's Data/Unreal Engine/Unreal Projects/Brackeys2026/Brackeys-2026/BrackeysJam2026/Content/StarterContent/Textures/T_Fire_Tiled_D.uasset"
[2026.08.23-16.44.44:642][  0]LogPackFactory: Copied "../../../Samples/StarterContent/Content/StarterContent/Textures/T_Frame_M.uasset" to "E:/_Alex's Data/Unreal Engine/Unreal Projects/Brackeys2026/Brackeys-2026/BrackeysJam2026/Content/StarterContent/Textures/T_Frame_M.uasset"
[2026.08.23-16.44.44:649][  0]LogPackFactory: Copied "../../../Samples/StarterContent/Content/StarterContent/Textures/T_Frame_N.uasset" to "E:/_Alex's Data/Unreal Engine/Unreal Projects/Brackeys2026/Brackeys-2026/BrackeysJam2026/Content/StarterContent/Textures/T_Frame_N.uasset"
[2026.08.23-16.44.44:651][  0]LogPackFactory: Copied "../../../Samples/StarterContent/Content/StarterContent/Textures/T_Gradinet_01.uasset" to "E:/_Alex's Data/Unreal Engine/Unreal Projects/Brackeys2026/Brackeys-2026/BrackeysJam2026/Content/StarterContent/Textures/T_Gradinet_01.uasset"
[2026.08.23-16.44.45:603][  0]LogPackFactory: Copied "../../../Samples/StarterContent/Content/StarterContent/Textures/T_Ground_Grass_D.uasset" to "E:/_Alex's Data/Unreal Engine/Unreal Projects/Brackeys2026/Brackeys-2026/BrackeysJam2026/Content/StarterContent/Textures/T_Ground_Grass_D.uasset"
[2026.08.23-16.44.45:908][  0]LogPackFactory: Copied "../../../Samples/StarterContent/Content/StarterContent/Textures/T_Ground_Grass_N.uasset" to "E:/_Alex's Data/Unreal Engine/Unreal Projects/Brackeys2026/Brackeys-2026/BrackeysJam2026/Content/StarterContent/Textures/T_Ground_Grass_N.uasset"
[2026.08.23-16.44.45:993][  0]LogPackFactory: Copied "../../../Samples/StarterContent/Content/StarterContent/Textures/T_Ground_Gravel_D.uasset" to "E:/_Alex's Data/Unreal Engine/Unreal Projects/Brackeys2026/Brackeys-2026/BrackeysJam2026/Content/StarterContent/Textures/T_Ground_Gravel_D.uasset"
[2026.08.23-16.44.46:074][  0]LogPackFactory: Copied "../../../Samples/StarterContent/Content/StarterContent/Textures/T_Ground_Gravel_N.uasset" to "E:/_Alex's Data/Unreal Engine/Unreal Projects/Brackeys2026/Brackeys-2026/BrackeysJam2026/Content/StarterContent/Textures/T_Ground_Gravel_N.uasset"
[2026.08.23-16.44.46:545][  0]LogPackFactory: Copied "../../../Samples/StarterContent/Content/StarterContent/Textures/T_ground_Moss_D.uasset" to "E:/_Alex's Data/Unreal Engine/Unreal Projects/Brackeys2026/Brackeys-2026/BrackeysJam2026/Content/StarterContent/Textures/T_ground_Moss_D.uasset"
[2026.08.23-16.44.46:579][  0]LogPackFactory: Copied "../../../Samples/StarterContent/Content/StarterContent/Textures/T_Ground_Moss_N.uasset" to "E:/_Alex's Data/Unreal Engine/Unreal Projects/Brackeys2026/Brackeys-2026/BrackeysJam2026/Content/StarterContent/Textures/T_Ground_Moss_N.uasset"
[2026.08.23-16.44.46:585][  0]LogPackFactory: Copied "../../../Samples/StarterContent/Content/StarterContent/Textures/T_Lamp_M.uasset" to "E:/_Alex's Data/Unreal Engine/Unreal Projects/Brackeys2026/Brackeys-2026/BrackeysJam2026/Content/StarterContent/Textures/T_Lamp_M.uasset"
[2026.08.23-16.44.46:643][  0]LogPackFactory: Copied "../../../Samples/StarterContent/Content/StarterContent/Textures/T_Lamp_N.uasset" to "E:/_Alex's Data/Unreal Engine/Unreal Projects/Brackeys2026/Brackeys-2026/BrackeysJam2026/Content/StarterContent/Textures/T_Lamp_N.uasset"
[2026.08.23-16.44.46:690][  0]LogPackFactory: Copied "../../../Samples/StarterContent/Content/StarterContent/Textures/T_MacroVariation.uasset" to "E:/_Alex's Data/Unreal Engine/Unreal Projects/Brackeys2026/Brackeys-2026/BrackeysJam2026/Content/StarterContent/Textures/T_MacroVariation.uasset"
[2026.08.23-16.44.47:345][  0]LogPackFactory: Copied "../../../Samples/StarterContent/Content/StarterContent/Textures/T_Metal_Aluminum_D.uasset" to "E:/_Alex's Data/Unreal Engine/Unreal Projects/Brackeys2026/Brackeys-2026/BrackeysJam2026/Content/StarterContent/Textures/T_Metal_Aluminum_D.uasset"
[2026.08.23-16.44.47:379][  0]LogPackFactory: Copied "../../../Samples/StarterContent/Content/StarterContent/Textures/T_Metal_Copper_D.uasset" to "E:/_Alex's Data/Unreal Engine/Unreal Projects/Brackeys2026/Brackeys-2026/BrackeysJam2026/Content/StarterContent/Textures/T_Metal_Copper_D.uasset"
[2026.08.23-16.44.47:476][  0]LogPackFactory: Copied "../../../Samples/StarterContent/Content/StarterContent/Textures/T_Metal_Gold_D.uasset" to "E:/_Alex's Data/Unreal Engine/Unreal Projects/Brackeys2026/Brackeys-2026/BrackeysJam2026/Content/StarterContent/Textures/T_Metal_Gold_D.uasset"
[2026.08.23-16.44.47:973][  0]LogPackFactory: Copied "../../../Samples/StarterContent/Content/StarterContent/Textures/T_Metal_Gold_N.uasset" to "E:/_Alex's Data/Unreal Engine/Unreal Projects/Brackeys2026/Brackeys-2026/BrackeysJam2026/Content/StarterContent/Textures/T_Metal_Gold_N.uasset"
[2026.08.23-16.44.48:008][  0]LogPackFactory: Copied "../../../Samples/StarterContent/Content/StarterContent/Textures/T_Metal_Rust_D.uasset" to "E:/_Alex's Data/Unreal Engine/Unreal Projects/Brackeys2026/Brackeys-2026/BrackeysJam2026/Content/StarterContent/Textures/T_Metal_Rust_D.uasset"
[2026.08.23-16.44.48:037][  0]LogPackFactory: Copied "../../../Samples/StarterContent/Content/StarterContent/Textures/T_Metal_Rust_N.uasset" to "E:/_Alex's Data/Unreal Engine/Unreal Projects/Brackeys2026/Brackeys-2026/BrackeysJam2026/Content/StarterContent/Textures/T_Metal_Rust_N.uasset"
[2026.08.23-16.44.48:147][  0]LogPackFactory: Copied "../../../Samples/StarterContent/Content/StarterContent/Textures/T_Metal_Steel_D.uasset" to "E:/_Alex's Data/Unreal Engine/Unreal Projects/Brackeys2026/Brackeys-2026/BrackeysJam2026/Content/StarterContent/Textures/T_Metal_Steel_D.uasset"
[2026.08.23-16.44.48:168][  0]LogPackFactory: Copied "../../../Samples/StarterContent/Content/StarterContent/Textures/T_Metal_Steel_N.uasset" to "E:/_Alex's Data/Unreal Engine/Unreal Projects/Brackeys2026/Brackeys-2026/BrackeysJam2026/Content/StarterContent/Textures/T_Metal_Steel_N.uasset"
[2026.08.23-16.44.48:924][  0]LogPackFactory: Copied "../../../Samples/StarterContent/Content/StarterContent/Textures/T_Perlin_Noise_M.uasset" to "E:/_Alex's Data/Unreal Engine/Unreal Projects/Brackeys2026/Brackeys-2026/BrackeysJam2026/Content/StarterContent/Textures/T_Perlin_Noise_M.uasset"
[2026.08.23-16.44.48:938][  0]LogPackFactory: Copied "../../../Samples/StarterContent/Content/StarterContent/Textures/T_RockMesh_M.uasset" to "E:/_Alex's Data/Unreal Engine/Unreal Projects/Brackeys2026/Brackeys-2026/BrackeysJam2026/Content/StarterContent/Textures/T_RockMesh_M.uasset"
[2026.08.23-16.44.48:962][  0]LogPackFactory: Copied "../../../Samples/StarterContent/Content/StarterContent/Textures/T_RockMesh_N.uasset" to "E:/_Alex's Data/Unreal Engine/Unreal Projects/Brackeys2026/Brackeys-2026/BrackeysJam2026/Content/StarterContent/Textures/T_RockMesh_N.uasset"
[2026.08.23-16.44.49:000][  0]LogPackFactory: Copied "../../../Samples/StarterContent/Content/StarterContent/Textures/T_Rock_Basalt_D.uasset" to "E:/_Alex's Data/Unreal Engine/Unreal Projects/Brackeys2026/Brackeys-2026/BrackeysJam2026/Content/StarterContent/Textures/T_Rock_Basalt_D.uasset"
[2026.08.23-16.44.49:031][  0]LogPackFactory: Copied "../../../Samples/StarterContent/Content/StarterContent/Textures/T_Rock_Basalt_N.uasset" to "E:/_Alex's Data/Unreal Engine/Unreal Projects/Brackeys2026/Brackeys-2026/BrackeysJam2026/Content/StarterContent/Textures/T_Rock_Basalt_N.uasset"
[2026.08.23-16.44.49:057][  0]LogPackFactory: Copied "../../../Samples/StarterContent/Content/StarterContent/Textures/T_Rock_Marble_Polished_D.uasset" to "E:/_Alex's Data/Unreal Engine/Unreal Projects/Brackeys2026/Brackeys-2026/BrackeysJam2026/Content/StarterContent/Textures/T_Rock_Marble_Polished_D.uasset"
[2026.08.23-16.44.49:844][  0]LogPackFactory: Copied "../../../Samples/StarterContent/Content/StarterContent/Textures/T_Rock_Sandstone_D.uasset" to "E:/_Alex's Data/Unreal Engine/Unreal Projects/Brackeys2026/Brackeys-2026/BrackeysJam2026/Content/StarterContent/Textures/T_Rock_Sandstone_D.uasset"
[2026.08.23-16.44.49:880][  0]LogPackFactory: Copied "../../../Samples/StarterContent/Content/StarterContent/Textures/T_Rock_Sandstone_N.uasset" to "E:/_Alex's Data/Unreal Engine/Unreal Projects/Brackeys2026/Brackeys-2026/BrackeysJam2026/Content/StarterContent/Textures/T_Rock_Sandstone_N.uasset"
[2026.08.23-16.44.50:367][  0]LogPackFactory: Copied "../../../Samples/StarterContent/Content/StarterContent/Textures/T_Rock_Slate_D.uasset" to "E:/_Alex's Data/Unreal Engine/Unreal Projects/Brackeys2026/Brackeys-2026/BrackeysJam2026/Content/StarterContent/Textures/T_Rock_Slate_D.uasset"
[2026.08.23-16.44.50:422][  0]LogPackFactory: Copied "../../../Samples/StarterContent/Content/StarterContent/Textures/T_Rock_Slate_N.uasset" to "E:/_Alex's Data/Unreal Engine/Unreal Projects/Brackeys2026/Brackeys-2026/BrackeysJam2026/Content/StarterContent/Textures/T_Rock_Slate_N.uasset"
[2026.08.23-16.44.50:458][  0]LogPackFactory: Copied "../../../Samples/StarterContent/Content/StarterContent/Textures/T_Rock_Smooth_Granite_D.uasset" to "E:/_Alex's Data/Unreal Engine/Unreal Projects/Brackeys2026/Brackeys-2026/BrackeysJam2026/Content/StarterContent/Textures/T_Rock_Smooth_Granite_D.uasset"
[2026.08.23-16.44.50:464][  0]LogPackFactory: Copied "../../../Samples/StarterContent/Content/StarterContent/Textures/T_Shelf_M.uasset" to "E:/_Alex's Data/Unreal Engine/Unreal Projects/Brackeys2026/Brackeys-2026/BrackeysJam2026/Content/StarterContent/Textures/T_Shelf_M.uasset"
[2026.08.23-16.44.50:472][  0]LogPackFactory: Copied "../../../Samples/StarterContent/Content/StarterContent/Textures/T_Shelf_N.uasset" to "E:/_Alex's Data/Unreal Engine/Unreal Projects/Brackeys2026/Brackeys-2026/BrackeysJam2026/Content/StarterContent/Textures/T_Shelf_N.uasset"
[2026.08.23-16.44.50:475][  0]LogPackFactory: Copied "../../../Samples/StarterContent/Content/StarterContent/Textures/T_Single_Tile_N.uasset" to "E:/_Alex's Data/Unreal Engine/Unreal Projects/Brackeys2026/Brackeys-2026/BrackeysJam2026/Content/StarterContent/Textures/T_Single_Tile_N.uasset"
[2026.08.23-16.44.50:486][  0]LogPackFactory: Copied "../../../Samples/StarterContent/Content/StarterContent/Textures/T_Smoke_SubUV.uasset" to "E:/_Alex's Data/Unreal Engine/Unreal Projects/Brackeys2026/Brackeys-2026/BrackeysJam2026/Content/StarterContent/Textures/T_Smoke_SubUV.uasset"
[2026.08.23-16.44.50:490][  0]LogPackFactory: Copied "../../../Samples/StarterContent/Content/StarterContent/Textures/T_Smoke_Tiled_D.uasset" to "E:/_Alex's Data/Unreal Engine/Unreal Projects/Brackeys2026/Brackeys-2026/BrackeysJam2026/Content/StarterContent/Textures/T_Smoke_Tiled_D.uasset"
[2026.08.23-16.44.50:493][  0]LogPackFactory: Copied "../../../Samples/StarterContent/Content/StarterContent/Textures/T_Spark_Core.uasset" to "E:/_Alex's Data/Unreal Engine/Unreal Projects/Brackeys2026/Brackeys-2026/BrackeysJam2026/Content/StarterContent/Textures/T_Spark_Core.uasset"
[2026.08.23-16.44.50:499][  0]LogPackFactory: Copied "../../../Samples/StarterContent/Content/StarterContent/Textures/T_Statue_M.uasset" to "E:/_Alex's Data/Unreal Engine/Unreal Projects/Brackeys2026/Brackeys-2026/BrackeysJam2026/Content/StarterContent/Textures/T_Statue_M.uasset"
[2026.08.23-16.44.50:503][  0]LogPackFactory: Copied "../../../Samples/StarterContent/Content/StarterContent/Textures/T_Statue_N.uasset" to "E:/_Alex's Data/Unreal Engine/Unreal Projects/Brackeys2026/Brackeys-2026/BrackeysJam2026/Content/StarterContent/Textures/T_Statue_N.uasset"
[2026.08.23-16.44.50:509][  0]LogPackFactory: Copied "../../../Samples/StarterContent/Content/StarterContent/Textures/T_TableRound_M.uasset" to "E:/_Alex's Data/Unreal Engine/Unreal Projects/Brackeys2026/Brackeys-2026/BrackeysJam2026/Content/StarterContent/Textures/T_TableRound_M.uasset"
[2026.08.23-16.44.50:517][  0]LogPackFactory: Copied "../../../Samples/StarterContent/Content/StarterContent/Textures/T_TableRound_N.uasset" to "E:/_Alex's Data/Unreal Engine/Unreal Projects/Brackeys2026/Brackeys-2026/BrackeysJam2026/Content/StarterContent/Textures/T_TableRound_N.uasset"
[2026.08.23-16.44.50:520][  0]LogPackFactory: Copied "../../../Samples/StarterContent/Content/StarterContent/Textures/T_Tech_Dot_M.uasset" to "E:/_Alex's Data/Unreal Engine/Unreal Projects/Brackeys2026/Brackeys-2026/BrackeysJam2026/Content/StarterContent/Textures/T_Tech_Dot_M.uasset"
[2026.08.23-16.44.50:523][  0]LogPackFactory: Copied "../../../Samples/StarterContent/Content/StarterContent/Textures/T_Tech_Dot_N.uasset" to "E:/_Alex's Data/Unreal Engine/Unreal Projects/Brackeys2026/Brackeys-2026/BrackeysJam2026/Content/StarterContent/Textures/T_Tech_Dot_N.uasset"
[2026.08.23-16.44.50:528][  0]LogPackFactory: Copied "../../../Samples/StarterContent/Content/StarterContent/Textures/T_Tech_Hex_Tile_M.uasset" to "E:/_Alex's Data/Unreal Engine/Unreal Projects/Brackeys2026/Brackeys-2026/BrackeysJam2026/Content/StarterContent/Textures/T_Tech_Hex_Tile_M.uasset"
[2026.08.23-16.44.50:532][  0]LogPackFactory: Copied "../../../Samples/StarterContent/Content/StarterContent/Textures/T_Tech_Hex_Tile_N.uasset" to "E:/_Alex's Data/Unreal Engine/Unreal Projects/Brackeys2026/Brackeys-2026/BrackeysJam2026/Content/StarterContent/Textures/T_Tech_Hex_Tile_N.uasset"
[2026.08.23-16.44.51:234][  0]LogPackFactory: Copied "../../../Samples/StarterContent/Content/StarterContent/Textures/T_Tech_Panel_M.uasset" to "E:/_Alex's Data/Unreal Engine/Unreal Projects/Brackeys2026/Brackeys-2026/BrackeysJam2026/Content/StarterContent/Textures/T_Tech_Panel_M.uasset"
[2026.08.23-16.44.51:245][  0]LogPackFactory: Copied "../../../Samples/StarterContent/Content/StarterContent/Textures/T_Tech_Panel_N.uasset" to "E:/_Alex's Data/Unreal Engine/Unreal Projects/Brackeys2026/Brackeys-2026/BrackeysJam2026/Content/StarterContent/Textures/T_Tech_Panel_N.uasset"
[2026.08.23-16.44.51:254][  0]LogPackFactory: Copied "../../../Samples/StarterContent/Content/StarterContent/Textures/T_Water_M.uasset" to "E:/_Alex's Data/Unreal Engine/Unreal Projects/Brackeys2026/Brackeys-2026/BrackeysJam2026/Content/StarterContent/Textures/T_Water_M.uasset"
[2026.08.23-16.44.51:264][  0]LogPackFactory: Copied "../../../Samples/StarterContent/Content/StarterContent/Textures/T_Water_N.uasset" to "E:/_Alex's Data/Unreal Engine/Unreal Projects/Brackeys2026/Brackeys-2026/BrackeysJam2026/Content/StarterContent/Textures/T_Water_N.uasset"
[2026.08.23-16.44.51:283][  0]LogPackFactory: Copied "../../../Samples/StarterContent/Content/StarterContent/Textures/T_Wood_Floor_Walnut_D.uasset" to "E:/_Alex's Data/Unreal Engine/Unreal Projects/Brackeys2026/Brackeys-2026/BrackeysJam2026/Content/StarterContent/Textures/T_Wood_Floor_Walnut_D.uasset"
[2026.08.23-16.44.51:301][  0]LogPackFactory: Copied "../../../Samples/StarterContent/Content/StarterContent/Textures/T_Wood_Floor_Walnut_M.uasset" to "E:/_Alex's Data/Unreal Engine/Unreal Projects/Brackeys2026/Brackeys-2026/BrackeysJam2026/Content/StarterContent/Textures/T_Wood_Floor_Walnut_M.uasset"
[2026.08.23-16.44.51:315][  0]LogPackFactory: Copied "../../../Samples/StarterContent/Content/StarterContent/Textures/T_Wood_Floor_Walnut_N.uasset" to "E:/_Alex's Data/Unreal Engine/Unreal Projects/Brackeys2026/Brackeys-2026/BrackeysJam2026/Content/StarterContent/Textures/T_Wood_Floor_Walnut_N.uasset"
[2026.08.23-16.44.51:340][  0]LogPackFactory: Copied "../../../Samples/StarterContent/Content/StarterContent/Textures/T_Wood_Oak_D.uasset" to "E:/_Alex's Data/Unreal Engine/Unreal Projects/Brackeys2026/Brackeys-2026/BrackeysJam2026/Content/StarterContent/Textures/T_Wood_Oak_D.uasset"
[2026.08.23-16.44.51:365][  0]LogPackFactory: Copied "../../../Samples/StarterContent/Content/StarterContent/Textures/T_Wood_Oak_N.uasset" to "E:/_Alex's Data/Unreal Engine/Unreal Projects/Brackeys2026/Brackeys-2026/BrackeysJam2026/Content/StarterContent/Textures/T_Wood_Oak_N.uasset"
[2026.08.23-16.44.52:283][  0]LogPackFactory: Copied "../../../Samples/StarterContent/Content/StarterContent/Textures/T_Wood_Pine_D.uasset" to "E:/_Alex's Data/Unreal Engine/Unreal Projects/Brackeys2026/Brackeys-2026/BrackeysJam2026/Content/StarterContent/Textures/T_Wood_Pine_D.uasset"
[2026.08.23-16.44.52:298][  0]LogPackFactory: Copied "../../../Samples/StarterContent/Content/StarterContent/Textures/T_Wood_Pine_N.uasset" to "E:/_Alex's Data/Unreal Engine/Unreal Projects/Brackeys2026/Brackeys-2026/BrackeysJam2026/Content/StarterContent/Textures/T_Wood_Pine_N.uasset"
[2026.08.23-16.44.52:325][  0]LogPackFactory: Copied "../../../Samples/StarterContent/Content/StarterContent/Textures/T_Wood_Walnut_D.uasset" to "E:/_Alex's Data/Unreal Engine/Unreal Projects/Brackeys2026/Brackeys-2026/BrackeysJam2026/Content/StarterContent/Textures/T_Wood_Walnut_D.uasset"
[2026.08.23-16.44.52:375][  0]LogPackFactory: Copied "../../../Samples/StarterContent/Content/StarterContent/Textures/T_Wood_Walnut_N.uasset" to "E:/_Alex's Data/Unreal Engine/Unreal Projects/Brackeys2026/Brackeys-2026/BrackeysJam2026/Content/StarterContent/Textures/T_Wood_Walnut_N.uasset"
[2026.08.23-16.44.52:384][  0]LogStaticMesh: Building static mesh Floor_400x400...
[2026.08.23-16.44.52:384][  0]LogStaticMesh: Built static mesh [0.00s] /Game/StarterContent/Architecture/Floor_400x400.Floor_400x400
[2026.08.23-16.44.52:419][  0]LogRenderer: Reallocating scene render targets to support 256x256 Format 10 NumSamples 1 (Frame:1).
[2026.08.23-16.44.52:884][  0]LogSavePackage: Moving 'E:/_Alex's Data/Unreal Engine/Unreal Projects/Brackeys2026/Brackeys-2026/BrackeysJam2026/Saved/Floor_400x400C12A41544B6A789162890BB94A908BEE.tmp' to 'E:/_Alex's Data/Unreal Engine/Unreal Projects/Brackeys2026/Brackeys-2026/BrackeysJam2026/Content/StarterContent/Architecture/Floor_400x400.uasset'
[2026.08.23-16.44.52:893][  0]LogFeaturePack: Warning: Inserted 1 feature packs
[2026.08.23-16.44.52:897][  0]Cmd: MAP LOAD FILE="E:/_Alex's Data/Unreal Engine/Unreal Projects/Brackeys2026/Brackeys-2026/BrackeysJam2026/Content/FirstPersonBP/Maps/FirstPersonExampleMap.umap" TEMPLATE=0 SHOWPROGRESS=1 FEATURELEVEL=3
[2026.08.23-16.44.52:897][  0]LightingResults: New page: Lighting Build
[2026.08.23-16.44.52:898][  0]LogWorld: UWorld::CleanupWorld for Untitled, bSessionEnded=true, bCleanupResources=true
[2026.08.23-16.44.52:898][  0]LogSlate: InvalidateAllWidgets triggered.  All widgets were invalidated
[2026.08.23-16.44.52:898][  0]MapCheck: New page: Map Check
[2026.08.23-16.44.52:898][  0]LightingResults: New page: Lighting Build
[2026.08.23-16.44.52:901][  0]LogAudio: Display: Audio Device unregistered from world 'None'.
[2026.08.23-16.44.52:905][  0]LogUObjectHash: Compacting FUObjectHashTables data took   0.69ms
[2026.08.23-16.44.53:068][  0]LogTexture: Display: Building textures: HQ_Lightmap1_5 (OODLE_AutoDXT, 64X64)
[2026.08.23-16.44.53:068][  0]LogTexture: Display: Building textures: LQ_Lightmap_1_5 (OODLE_DXT1, 64X64)
[2026.08.23-16.44.53:068][  0]LogTexture: Display: Building textures: SkyOcclusion1_5 (OODLE_AutoDXT, 64X32)
[2026.08.23-16.44.53:068][  0]LogTexture: Display: Building textures: ShadowMapTexture2D_10 (G8, 1024X1024)
[2026.08.23-16.44.53:068][  0]LogTexture: Display: Building textures: ShadowMapTexture2D_11 (G8, 1024X1024)
[2026.08.23-16.44.53:068][  0]LogTexture: Display: Building textures: SkyOcclusion1_1 (OODLE_AutoDXT, 2048X1024)
[2026.08.23-16.44.53:068][  0]LogTexture: Display: Building textures: SkyOcclusion1_2 (OODLE_AutoDXT, 2048X1024)
[2026.08.23-16.44.53:068][  0]LogTexture: Display: Building textures: SkyOcclusion1_3 (OODLE_AutoDXT, 2048X1024)
[2026.08.23-16.44.53:068][  0]LogTexture: Display: Building textures: SkyOcclusion1_4 (OODLE_AutoDXT, 2048X1024)
[2026.08.23-16.44.53:068][  0]LogTexture: Display: Building textures: LQ_Lightmap_1_1 (OODLE_DXT1, 2048X2048)
[2026.08.23-16.44.53:068][  0]LogTexture: Display: Building textures: ShadowMapTexture2D_13 (G8, 1024X1024)
[2026.08.23-16.44.53:068][  0]LogTextureFormatOodle: Display: non-RDO encode 2048 x 1024 x 1 to format OODLE_AutoDXT (Oodle OodleTex_BC3) lambda=0 effort=20 
[2026.08.23-16.44.53:068][  0]LogTextureFormatOodle: Display: non-RDO encode 2048 x 1024 x 1 to format OODLE_AutoDXT (Oodle OodleTex_BC3) lambda=0 effort=20 
[2026.08.23-16.44.53:068][  0]LogTextureFormatOodle: Display: non-RDO encode 2048 x 1024 x 1 to format OODLE_AutoDXT (Oodle OodleTex_BC3) lambda=0 effort=20 
[2026.08.23-16.44.53:068][  0]LogTexture: Display: Building textures: HQ_Lightmap1_4 (OODLE_AutoDXT, 2048X2048)
[2026.08.23-16.44.53:068][  0]LogTextureFormatOodle: Display: non-RDO encode 2048 x 1024 x 1 to format OODLE_AutoDXT (Oodle OodleTex_BC3) lambda=0 effort=20 
[2026.08.23-16.44.53:068][  0]LogTexture: Display: Building textures: ShadowMapTexture2D_12 (G8, 1024X1024)
[2026.08.23-16.44.53:068][  0]LogTextureFormatOodle: Display: non-RDO encode 2048 x 2048 x 1 to format OODLE_AutoDXT (Oodle OodleTex_BC3) lambda=0 effort=20 
[2026.08.23-16.44.53:068][  0]LogTexture: Display: Building textures: HQ_Lightmap1_1 (OODLE_AutoDXT, 2048X2048)
[2026.08.23-16.44.53:068][  0]LogTexture: Display: Building textures: LQ_Lightmap_1_2 (OODLE_DXT1, 2048X2048)
[2026.08.23-16.44.53:068][  0]LogTexture: Display: Building textures: LQ_Lightmap_1_3 (OODLE_DXT1, 2048X2048)
[2026.08.23-16.44.53:086][  0]LogTexture: Display: Building textures: LQ_Lightmap_1_4 (OODLE_DXT1, 2048X2048)
[2026.08.23-16.44.53:086][  0]LogTexture: Display: Building textures: HQ_Lightmap1_3 (OODLE_AutoDXT, 2048X2048)
[2026.08.23-16.44.53:086][  0]LogTexture: Display: Building textures: ShadowMapTexture2D_15 (G8, 32X32)
[2026.08.23-16.44.53:086][  0]LogTexture: Display: Building textures: ShadowMapTexture2D_14 (G8, 1024X1024)
[2026.08.23-16.44.53:086][  0]LogTexture: Display: Building textures: ShadowMapTexture2D_8 (G8, 1024X1024)
[2026.08.23-16.44.53:086][  0]LogTexture: Display: Building textures: DeprecatedTexture4E9A31EC459F824B7293D9A5960F381F (BGRA8, 128X128)
[2026.08.23-16.44.53:359][  0]LogTexture: Display: Building textures: ShadowMapTexture2D_9 (G8, 1024X1024)
[2026.08.23-16.44.53:359][  0]LogTexture: Display: Building textures: HQ_Lightmap1_2 (OODLE_AutoDXT, 2048X2048)
[2026.08.23-16.44.53:359][  0]LogTextureFormatOodle: Display: non-RDO encode 1024 x 512 x 1 to format OODLE_AutoDXT (Oodle OodleTex_BC3) lambda=0 effort=20 
[2026.08.23-16.44.53:359][  0]LogTextureFormatOodle: Display: non-RDO encode 1024 x 512 x 1 to format OODLE_AutoDXT (Oodle OodleTex_BC3) lambda=0 effort=20 
[2026.08.23-16.44.53:359][  0]LogTextureFormatOodle: Display: non-RDO encode 1024 x 512 x 1 to format OODLE_AutoDXT (Oodle OodleTex_BC3) lambda=0 effort=20 
[2026.08.23-16.44.53:359][  0]LogTextureFormatOodle: Display: non-RDO encode 1024 x 512 x 1 to format OODLE_AutoDXT (Oodle OodleTex_BC3) lambda=0 effort=20 
[2026.08.23-16.44.53:359][  0]LogTextureFormatOodle: Display: non-RDO encode 2048 x 2048 x 1 to format OODLE_DXT1 (Oodle OodleTex_BC1_WithTransparency) lambda=0 effort=20 
[2026.08.23-16.44.53:359][  0]LogTextureFormatOodle: Display: non-RDO encode 1024 x 1024 x 1 to format OODLE_AutoDXT (Oodle OodleTex_BC3) lambda=0 effort=20 
[2026.08.23-16.44.53:359][  0]LogTextureFormatOodle: Display: non-RDO encode 2048 x 2048 x 1 to format OODLE_AutoDXT (Oodle OodleTex_BC3) lambda=0 effort=20 
[2026.08.23-16.44.53:359][  0]LogTextureFormatOodle: Display: non-RDO encode 2048 x 2048 x 1 to format OODLE_DXT1 (Oodle OodleTex_BC1_WithTransparency) lambda=0 effort=20 
[2026.08.23-16.44.53:359][  0]LogTextureFormatOodle: Display: non-RDO encode 2048 x 2048 x 1 to format OODLE_DXT1 (Oodle OodleTex_BC1_WithTransparency) lambda=0 effort=20 
[2026.08.23-16.44.53:359][  0]LogTextureFormatOodle: Display: non-RDO encode 2048 x 2048 x 1 to format OODLE_DXT1 (Oodle OodleTex_BC1_WithTransparency) lambda=0 effort=20 
[2026.08.23-16.44.53:359][  0]LogTextureFormatOodle: Display: non-RDO encode 2048 x 2048 x 1 to format OODLE_AutoDXT (Oodle OodleTex_BC3) lambda=0 effort=20 
[2026.08.23-16.44.53:359][  0]LogTextureFormatOodle: Display: non-RDO encode 1024 x 1024 x 1 to format OODLE_AutoDXT (Oodle OodleTex_BC3) lambda=0 effort=20 
[2026.08.23-16.44.53:359][  0]LogTextureFormatOodle: Display: non-RDO encode 1024 x 1024 x 1 to format OODLE_DXT1 (Oodle OodleTex_BC1_WithTransparency) lambda=0 effort=20 
[2026.08.23-16.44.53:359][  0]LogTextureFormatOodle: Display: non-RDO encode 1024 x 1024 x 1 to format OODLE_DXT1 (Oodle OodleTex_BC1_WithTransparency) lambda=0 effort=20 
[2026.08.23-16.44.53:359][  0]LogTextureFormatOodle: Display: non-RDO encode 1024 x 1024 x 1 to format OODLE_DXT1 (Oodle OodleTex_BC1_WithTransparency) lambda=0 effort=20 
[2026.08.23-16.44.53:359][  0]LogTextureFormatOodle: Display: non-RDO encode 1024 x 1024 x 1 to format OODLE_AutoDXT (Oodle OodleTex_BC3) lambda=0 effort=20 
[2026.08.23-16.44.53:359][  0]LogTextureFormatOodle: Display: non-RDO encode 1024 x 1024 x 1 to format OODLE_DXT1 (Oodle OodleTex_BC1_WithTransparency) lambda=0 effort=20 
[2026.08.23-16.44.53:359][  0]LogTextureFormatOodle: Display: non-RDO encode 2048 x 2048 x 1 to format OODLE_AutoDXT (Oodle OodleTex_BC3) lambda=0 effort=20 
[2026.08.23-16.44.53:359][  0]LogTextureFormatOodle: Display: non-RDO encode 1024 x 1024 x 1 to format OODLE_AutoDXT (Oodle OodleTex_BC3) lambda=0 effort=20 
[2026.08.23-16.44.53:359][  0]LogAudio: Display: Audio Device (ID: 1) registered with world 'FirstPersonExampleMap'.
[2026.08.23-16.44.53:361][  0]LogAIModule: Creating AISystem for world FirstPersonExampleMap
[2026.08.23-16.44.53:373][  0]LogEditorServer: Finished looking for orphan Actors (0.000 secs)
[2026.08.23-16.44.53:397][  0]LogUObjectHash: Compacting FUObjectHashTables data took   0.65ms
[2026.08.23-16.44.53:409][  0]Cmd: MAP CHECKDEP NOCLEARLOG
[2026.08.23-16.44.53:410][  0]MapCheck: Map check complete: 0 Error(s), 0 Warning(s), took 0.202ms to complete.
[2026.08.23-16.44.53:410][  0]LogFileHelpers: Loading map 'FirstPersonExampleMap' took 0.513
[2026.08.23-16.44.53:412][  0]LogUnrealEdMisc: Total Editor Startup Time, took 24.028
[2026.08.23-16.44.53:531][  0]LogSlate: The tab "Cesium" attempted to spawn in layout 'LevelEditor_Layout_v1.2' but failed for some reason. It will not be displayed.
[2026.08.23-16.44.53:586][  0]LogSlate: Updating window title bar state: overlay mode, drag disabled, window buttons hidden, title bar hidden
[2026.08.23-16.44.53:595][  0]LogSlate: Updating window title bar state: overlay mode, drag disabled, window buttons hidden, title bar hidden
[2026.08.23-16.44.53:602][  0]LogSlate: Updating window title bar state: overlay mode, drag disabled, window buttons hidden, title bar hidden
[2026.08.23-16.44.53:610][  0]LogSlate: Updating window title bar state: overlay mode, drag disabled, window buttons hidden, title bar hidden
[2026.08.23-16.44.53:793][  0]LogNativeClassHierarchy: Verbose: Native class hierarchy populated in 0.0129 seconds. Added 3824 classes and 931 folders.
[2026.08.23-16.44.53:797][  0]LogNativeClassHierarchy: Verbose: Native class hierarchy updated for 'WidgetCarousel' in 0.0002 seconds. Added 0 classes and 0 folders.
[2026.08.23-16.44.53:798][  0]LogPakFile: PakFile PrimaryIndexSize=187
[2026.08.23-16.44.53:798][  0]LogPakFile: PakFile PathHashIndexSize=101
[2026.08.23-16.44.53:798][  0]LogPakFile: PakFile FullDirectoryIndexSize=148
[2026.08.23-16.44.53:799][  0]LogShaderLibrary: Display: ShaderCodeLibraryPakFileMountedCallback: PakFile 'C:/Program Files/Epic Games/UE_4.27/FeaturePacks/FP_FirstPerson.upack' (chunk index -1, root 'root:/') mounted
[2026.08.23-16.44.53:799][  0]LogShaderLibrary: Display: ShaderCodeLibraryPakFileMountedCallback: pending pak file info (ChunkID:-1 Root:root:/ File:C:/Program Files/Epic Games/UE_4.27/FeaturePacks/FP_FirstPerson.upack)
[2026.08.23-16.44.53:799][  0]LogPakFile: OnPakFileMounted2Time == 0.000107
[2026.08.23-16.44.53:799][  0]LogPakFile: PakFile PrimaryIndexSize=189
[2026.08.23-16.44.53:799][  0]LogPakFile: PakFile PathHashIndexSize=101
[2026.08.23-16.44.53:799][  0]LogPakFile: PakFile FullDirectoryIndexSize=152
[2026.08.23-16.44.53:799][  0]LogShaderLibrary: Display: ShaderCodeLibraryPakFileMountedCallback: PakFile 'C:/Program Files/Epic Games/UE_4.27/FeaturePacks/FP_FirstPersonBP.upack' (chunk index -1, root 'root:/') mounted
[2026.08.23-16.44.53:799][  0]LogShaderLibrary: Display: ShaderCodeLibraryPakFileMountedCallback: pending pak file info (ChunkID:-1 Root:root:/ File:C:/Program Files/Epic Games/UE_4.27/FeaturePacks/FP_FirstPersonBP.upack)
[2026.08.23-16.44.53:799][  0]LogPakFile: OnPakFileMounted2Time == 0.000041
[2026.08.23-16.44.53:800][  0]LogPakFile: PakFile PrimaryIndexSize=191
[2026.08.23-16.44.53:800][  0]LogPakFile: PakFile PathHashIndexSize=101
[2026.08.23-16.44.53:800][  0]LogPakFile: PakFile FullDirectoryIndexSize=160
[2026.08.23-16.44.53:800][  0]LogShaderLibrary: Display: ShaderCodeLibraryPakFileMountedCallback: PakFile 'C:/Program Files/Epic Games/UE_4.27/FeaturePacks/MobileStarterContent.upack' (chunk index -1, root 'root:/') mounted
[2026.08.23-16.44.53:800][  0]LogShaderLibrary: Display: ShaderCodeLibraryPakFileMountedCallback: pending pak file info (ChunkID:-1 Root:root:/ File:C:/Program Files/Epic Games/UE_4.27/FeaturePacks/MobileStarterContent.upack)
[2026.08.23-16.44.53:800][  0]LogPakFile: OnPakFileMounted2Time == 0.000032
[2026.08.23-16.44.53:800][  0]LogPakFile: PakFile PrimaryIndexSize=185
[2026.08.23-16.44.53:800][  0]LogPakFile: PakFile PathHashIndexSize=101
[2026.08.23-16.44.53:800][  0]LogPakFile: PakFile FullDirectoryIndexSize=148
[2026.08.23-16.44.53:800][  0]LogShaderLibrary: Display: ShaderCodeLibraryPakFileMountedCallback: PakFile 'C:/Program Files/Epic Games/UE_4.27/FeaturePacks/StarterContent.upack' (chunk index -1, root 'root:/') mounted
[2026.08.23-16.44.53:800][  0]LogShaderLibrary: Display: ShaderCodeLibraryPakFileMountedCallback: pending pak file info (ChunkID:-1 Root:root:/ File:C:/Program Files/Epic Games/UE_4.27/FeaturePacks/StarterContent.upack)
[2026.08.23-16.44.53:800][  0]LogPakFile: OnPakFileMounted2Time == 0.000039
[2026.08.23-16.44.53:801][  0]LogPakFile: PakFile PrimaryIndexSize=190
[2026.08.23-16.44.53:801][  0]LogPakFile: PakFile PathHashIndexSize=101
[2026.08.23-16.44.53:801][  0]LogPakFile: PakFile FullDirectoryIndexSize=154
[2026.08.23-16.44.53:801][  0]LogShaderLibrary: Display: ShaderCodeLibraryPakFileMountedCallback: PakFile 'C:/Program Files/Epic Games/UE_4.27/FeaturePacks/TP_2DSideScroller.upack' (chunk index -1, root 'root:/') mounted
[2026.08.23-16.44.53:801][  0]LogShaderLibrary: Display: ShaderCodeLibraryPakFileMountedCallback: pending pak file info (ChunkID:-1 Root:root:/ File:C:/Program Files/Epic Games/UE_4.27/FeaturePacks/TP_2DSideScroller.upack)
[2026.08.23-16.44.53:801][  0]LogPakFile: OnPakFileMounted2Time == 0.000036
[2026.08.23-16.44.53:801][  0]LogPakFile: PakFile PrimaryIndexSize=192
[2026.08.23-16.44.53:801][  0]LogPakFile: PakFile PathHashIndexSize=101
[2026.08.23-16.44.53:801][  0]LogPakFile: PakFile FullDirectoryIndexSize=158
[2026.08.23-16.44.53:801][  0]LogShaderLibrary: Display: ShaderCodeLibraryPakFileMountedCallback: PakFile 'C:/Program Files/Epic Games/UE_4.27/FeaturePacks/TP_2DSideScrollerBP.upack' (chunk index -1, root 'root:/') mounted
[2026.08.23-16.44.53:801][  0]LogShaderLibrary: Display: ShaderCodeLibraryPakFileMountedCallback: pending pak file info (ChunkID:-1 Root:root:/ File:C:/Program Files/Epic Games/UE_4.27/FeaturePacks/TP_2DSideScrollerBP.upack)
[2026.08.23-16.44.53:801][  0]LogPakFile: OnPakFileMounted2Time == 0.000033
[2026.08.23-16.44.53:802][  0]LogPakFile: PakFile PrimaryIndexSize=182
[2026.08.23-16.44.53:802][  0]LogPakFile: PakFile PathHashIndexSize=101
[2026.08.23-16.44.53:802][  0]LogPakFile: PakFile FullDirectoryIndexSize=138
[2026.08.23-16.44.53:802][  0]LogShaderLibrary: Display: ShaderCodeLibraryPakFileMountedCallback: PakFile 'C:/Program Files/Epic Games/UE_4.27/FeaturePacks/TP_Flying.upack' (chunk index -1, root 'root:/') mounted
[2026.08.23-16.44.53:802][  0]LogShaderLibrary: Display: ShaderCodeLibraryPakFileMountedCallback: pending pak file info (ChunkID:-1 Root:root:/ File:C:/Program Files/Epic Games/UE_4.27/FeaturePacks/TP_Flying.upack)
[2026.08.23-16.44.53:802][  0]LogPakFile: OnPakFileMounted2Time == 0.000033
[2026.08.23-16.44.53:803][  0]LogPakFile: PakFile PrimaryIndexSize=184
[2026.08.23-16.44.53:803][  0]LogPakFile: PakFile PathHashIndexSize=101
[2026.08.23-16.44.53:803][  0]LogPakFile: PakFile FullDirectoryIndexSize=142
[2026.08.23-16.44.53:803][  0]LogShaderLibrary: Display: ShaderCodeLibraryPakFileMountedCallback: PakFile 'C:/Program Files/Epic Games/UE_4.27/FeaturePacks/TP_FlyingBP.upack' (chunk index -1, root 'root:/') mounted
[2026.08.23-16.44.53:803][  0]LogShaderLibrary: Display: ShaderCodeLibraryPakFileMountedCallback: pending pak file info (ChunkID:-1 Root:root:/ File:C:/Program Files/Epic Games/UE_4.27/FeaturePacks/TP_FlyingBP.upack)
[2026.08.23-16.44.53:803][  0]LogPakFile: OnPakFileMounted2Time == 0.000032
[2026.08.23-16.44.53:803][  0]LogPakFile: PakFile PrimaryIndexSize=188
[2026.08.23-16.44.53:803][  0]LogPakFile: PakFile PathHashIndexSize=101
[2026.08.23-16.44.53:803][  0]LogPakFile: PakFile FullDirectoryIndexSize=150
[2026.08.23-16.44.53:803][  0]LogShaderLibrary: Display: ShaderCodeLibraryPakFileMountedCallback: PakFile 'C:/Program Files/Epic Games/UE_4.27/FeaturePacks/TP_HandheldARBP.upack' (chunk index -1, root 'root:/') mounted
[2026.08.23-16.44.53:803][  0]LogShaderLibrary: Display: ShaderCodeLibraryPakFileMountedCallback: pending pak file info (ChunkID:-1 Root:root:/ File:C:/Program Files/Epic Games/UE_4.27/FeaturePacks/TP_HandheldARBP.upack)
[2026.08.23-16.44.53:803][  0]LogPakFile: OnPakFileMounted2Time == 0.000044
[2026.08.23-16.44.53:804][  0]LogPakFile: PakFile PrimaryIndexSize=182
[2026.08.23-16.44.53:804][  0]LogPakFile: PakFile PathHashIndexSize=101
[2026.08.23-16.44.53:804][  0]LogPakFile: PakFile FullDirectoryIndexSize=138
[2026.08.23-16.44.53:804][  0]LogShaderLibrary: Display: ShaderCodeLibraryPakFileMountedCallback: PakFile 'C:/Program Files/Epic Games/UE_4.27/FeaturePacks/TP_Puzzle.upack' (chunk index -1, root 'root:/') mounted
[2026.08.23-16.44.53:804][  0]LogShaderLibrary: Display: ShaderCodeLibraryPakFileMountedCallback: pending pak file info (ChunkID:-1 Root:root:/ File:C:/Program Files/Epic Games/UE_4.27/FeaturePacks/TP_Puzzle.upack)
[2026.08.23-16.44.53:804][  0]LogPakFile: OnPakFileMounted2Time == 0.000038
[2026.08.23-16.44.53:805][  0]LogPakFile: PakFile PrimaryIndexSize=184
[2026.08.23-16.44.53:805][  0]LogPakFile: PakFile PathHashIndexSize=101
[2026.08.23-16.44.53:805][  0]LogPakFile: PakFile FullDirectoryIndexSize=142
[2026.08.23-16.44.53:805][  0]LogShaderLibrary: Display: ShaderCodeLibraryPakFileMountedCallback: PakFile 'C:/Program Files/Epic Games/UE_4.27/FeaturePacks/TP_PuzzleBP.upack' (chunk index -1, root 'root:/') mounted
[2026.08.23-16.44.53:805][  0]LogShaderLibrary: Display: ShaderCodeLibraryPakFileMountedCallback: pending pak file info (ChunkID:-1 Root:root:/ File:C:/Program Files/Epic Games/UE_4.27/FeaturePacks/TP_PuzzleBP.upack)
[2026.08.23-16.44.53:805][  0]LogPakFile: OnPakFileMounted2Time == 0.000033
[2026.08.23-16.44.53:805][  0]LogPakFile: PakFile PrimaryIndexSize=183
[2026.08.23-16.44.53:805][  0]LogPakFile: PakFile PathHashIndexSize=101
[2026.08.23-16.44.53:805][  0]LogPakFile: PakFile FullDirectoryIndexSize=140
[2026.08.23-16.44.53:805][  0]LogShaderLibrary: Display: ShaderCodeLibraryPakFileMountedCallback: PakFile 'C:/Program Files/Epic Games/UE_4.27/FeaturePacks/TP_Rolling.upack' (chunk index -1, root 'root:/') mounted
[2026.08.23-16.44.53:805][  0]LogShaderLibrary: Display: ShaderCodeLibraryPakFileMountedCallback: pending pak file info (ChunkID:-1 Root:root:/ File:C:/Program Files/Epic Games/UE_4.27/FeaturePacks/TP_Rolling.upack)
[2026.08.23-16.44.53:805][  0]LogPakFile: OnPakFileMounted2Time == 0.000033
[2026.08.23-16.44.53:806][  0]LogPakFile: PakFile PrimaryIndexSize=185
[2026.08.23-16.44.53:806][  0]LogPakFile: PakFile PathHashIndexSize=101
[2026.08.23-16.44.53:806][  0]LogPakFile: PakFile FullDirectoryIndexSize=144
[2026.08.23-16.44.53:806][  0]LogShaderLibrary: Display: ShaderCodeLibraryPakFileMountedCallback: PakFile 'C:/Program Files/Epic Games/UE_4.27/FeaturePacks/TP_RollingBP.upack' (chunk index -1, root 'root:/') mounted
[2026.08.23-16.44.53:806][  0]LogShaderLibrary: Display: ShaderCodeLibraryPakFileMountedCallback: pending pak file info (ChunkID:-1 Root:root:/ File:C:/Program Files/Epic Games/UE_4.27/FeaturePacks/TP_RollingBP.upack)
[2026.08.23-16.44.53:806][  0]LogPakFile: OnPakFileMounted2Time == 0.000036
[2026.08.23-16.44.53:806][  0]LogPakFile: PakFile PrimaryIndexSize=188
[2026.08.23-16.44.53:806][  0]LogPakFile: PakFile PathHashIndexSize=101
[2026.08.23-16.44.53:806][  0]LogPakFile: PakFile FullDirectoryIndexSize=150
[2026.08.23-16.44.53:806][  0]LogShaderLibrary: Display: ShaderCodeLibraryPakFileMountedCallback: PakFile 'C:/Program Files/Epic Games/UE_4.27/FeaturePacks/TP_SideScroller.upack' (chunk index -1, root 'root:/') mounted
[2026.08.23-16.44.53:806][  0]LogShaderLibrary: Display: ShaderCodeLibraryPakFileMountedCallback: pending pak file info (ChunkID:-1 Root:root:/ File:C:/Program Files/Epic Games/UE_4.27/FeaturePacks/TP_SideScroller.upack)
[2026.08.23-16.44.53:806][  0]LogPakFile: OnPakFileMounted2Time == 0.000033
[2026.08.23-16.44.53:807][  0]LogPakFile: PakFile PrimaryIndexSize=190
[2026.08.23-16.44.53:807][  0]LogPakFile: PakFile PathHashIndexSize=101
[2026.08.23-16.44.53:807][  0]LogPakFile: PakFile FullDirectoryIndexSize=154
[2026.08.23-16.44.53:807][  0]LogShaderLibrary: Display: ShaderCodeLibraryPakFileMountedCallback: PakFile 'C:/Program Files/Epic Games/UE_4.27/FeaturePacks/TP_SideScrollerBP.upack' (chunk index -1, root 'root:/') mounted
[2026.08.23-16.44.53:807][  0]LogShaderLibrary: Display: ShaderCodeLibraryPakFileMountedCallback: pending pak file info (ChunkID:-1 Root:root:/ File:C:/Program Files/Epic Games/UE_4.27/FeaturePacks/TP_SideScrollerBP.upack)
[2026.08.23-16.44.53:807][  0]LogPakFile: OnPakFileMounted2Time == 0.000041
[2026.08.23-16.44.53:808][  0]LogPakFile: PakFile PrimaryIndexSize=187
[2026.08.23-16.44.53:808][  0]LogPakFile: PakFile PathHashIndexSize=101
[2026.08.23-16.44.53:808][  0]LogPakFile: PakFile FullDirectoryIndexSize=148
[2026.08.23-16.44.53:808][  0]LogShaderLibrary: Display: ShaderCodeLibraryPakFileMountedCallback: PakFile 'C:/Program Files/Epic Games/UE_4.27/FeaturePacks/TP_ThirdPerson.upack' (chunk index -1, root 'root:/') mounted
[2026.08.23-16.44.53:808][  0]LogShaderLibrary: Display: ShaderCodeLibraryPakFileMountedCallback: pending pak file info (ChunkID:-1 Root:root:/ File:C:/Program Files/Epic Games/UE_4.27/FeaturePacks/TP_ThirdPerson.upack)
[2026.08.23-16.44.53:808][  0]LogPakFile: OnPakFileMounted2Time == 0.000049
[2026.08.23-16.44.53:809][  0]LogPakFile: PakFile PrimaryIndexSize=189
[2026.08.23-16.44.53:809][  0]LogPakFile: PakFile PathHashIndexSize=101
[2026.08.23-16.44.53:809][  0]LogPakFile: PakFile FullDirectoryIndexSize=152
[2026.08.23-16.44.53:809][  0]LogShaderLibrary: Display: ShaderCodeLibraryPakFileMountedCallback: PakFile 'C:/Program Files/Epic Games/UE_4.27/FeaturePacks/TP_ThirdPersonBP.upack' (chunk index -1, root 'root:/') mounted
[2026.08.23-16.44.53:809][  0]LogShaderLibrary: Display: ShaderCodeLibraryPakFileMountedCallback: pending pak file info (ChunkID:-1 Root:root:/ File:C:/Program Files/Epic Games/UE_4.27/FeaturePacks/TP_ThirdPersonBP.upack)
[2026.08.23-16.44.53:809][  0]LogPakFile: OnPakFileMounted2Time == 0.000060
[2026.08.23-16.44.53:810][  0]LogPakFile: PakFile PrimaryIndexSize=183
[2026.08.23-16.44.53:810][  0]LogPakFile: PakFile PathHashIndexSize=101
[2026.08.23-16.44.53:810][  0]LogPakFile: PakFile FullDirectoryIndexSize=140
[2026.08.23-16.44.53:810][  0]LogShaderLibrary: Display: ShaderCodeLibraryPakFileMountedCallback: PakFile 'C:/Program Files/Epic Games/UE_4.27/FeaturePacks/TP_TopDown.upack' (chunk index -1, root 'root:/') mounted
[2026.08.23-16.44.53:810][  0]LogShaderLibrary: Display: ShaderCodeLibraryPakFileMountedCallback: pending pak file info (ChunkID:-1 Root:root:/ File:C:/Program Files/Epic Games/UE_4.27/FeaturePacks/TP_TopDown.upack)
[2026.08.23-16.44.53:810][  0]LogPakFile: OnPakFileMounted2Time == 0.000068
[2026.08.23-16.44.53:811][  0]LogPakFile: PakFile PrimaryIndexSize=185
[2026.08.23-16.44.53:811][  0]LogPakFile: PakFile PathHashIndexSize=101
[2026.08.23-16.44.53:811][  0]LogPakFile: PakFile FullDirectoryIndexSize=144
[2026.08.23-16.44.53:811][  0]LogShaderLibrary: Display: ShaderCodeLibraryPakFileMountedCallback: PakFile 'C:/Program Files/Epic Games/UE_4.27/FeaturePacks/TP_TopDownBP.upack' (chunk index -1, root 'root:/') mounted
[2026.08.23-16.44.53:811][  0]LogShaderLibrary: Display: ShaderCodeLibraryPakFileMountedCallback: pending pak file info (ChunkID:-1 Root:root:/ File:C:/Program Files/Epic Games/UE_4.27/FeaturePacks/TP_TopDownBP.upack)
[2026.08.23-16.44.53:811][  0]LogPakFile: OnPakFileMounted2Time == 0.000058
[2026.08.23-16.44.53:812][  0]LogPakFile: PakFile PrimaryIndexSize=185
[2026.08.23-16.44.53:812][  0]LogPakFile: PakFile PathHashIndexSize=101
[2026.08.23-16.44.53:812][  0]LogPakFile: PakFile FullDirectoryIndexSize=144
[2026.08.23-16.44.53:812][  0]LogShaderLibrary: Display: ShaderCodeLibraryPakFileMountedCallback: PakFile 'C:/Program Files/Epic Games/UE_4.27/FeaturePacks/TP_TwinStick.upack' (chunk index -1, root 'root:/') mounted
[2026.08.23-16.44.53:812][  0]LogShaderLibrary: Display: ShaderCodeLibraryPakFileMountedCallback: pending pak file info (ChunkID:-1 Root:root:/ File:C:/Program Files/Epic Games/UE_4.27/FeaturePacks/TP_TwinStick.upack)
[2026.08.23-16.44.53:812][  0]LogPakFile: OnPakFileMounted2Time == 0.000034
[2026.08.23-16.44.53:812][  0]LogPakFile: PakFile PrimaryIndexSize=187
[2026.08.23-16.44.53:812][  0]LogPakFile: PakFile PathHashIndexSize=101
[2026.08.23-16.44.53:812][  0]LogPakFile: PakFile FullDirectoryIndexSize=148
[2026.08.23-16.44.53:813][  0]LogShaderLibrary: Display: ShaderCodeLibraryPakFileMountedCallback: PakFile 'C:/Program Files/Epic Games/UE_4.27/FeaturePacks/TP_TwinStickBP.upack' (chunk index -1, root 'root:/') mounted
[2026.08.23-16.44.53:813][  0]LogShaderLibrary: Display: ShaderCodeLibraryPakFileMountedCallback: pending pak file info (ChunkID:-1 Root:root:/ File:C:/Program Files/Epic Games/UE_4.27/FeaturePacks/TP_TwinStickBP.upack)
[2026.08.23-16.44.53:813][  0]LogPakFile: OnPakFileMounted2Time == 0.000058
[2026.08.23-16.44.53:813][  0]LogPakFile: PakFile PrimaryIndexSize=183
[2026.08.23-16.44.53:813][  0]LogPakFile: PakFile PathHashIndexSize=101
[2026.08.23-16.44.53:813][  0]LogPakFile: PakFile FullDirectoryIndexSize=140
[2026.08.23-16.44.53:813][  0]LogShaderLibrary: Display: ShaderCodeLibraryPakFileMountedCallback: PakFile 'C:/Program Files/Epic Games/UE_4.27/FeaturePacks/TP_Vehicle.upack' (chunk index -1, root 'root:/') mounted
[2026.08.23-16.44.53:813][  0]LogShaderLibrary: Display: ShaderCodeLibraryPakFileMountedCallback: pending pak file info (ChunkID:-1 Root:root:/ File:C:/Program Files/Epic Games/UE_4.27/FeaturePacks/TP_Vehicle.upack)
[2026.08.23-16.44.53:813][  0]LogPakFile: OnPakFileMounted2Time == 0.000048
[2026.08.23-16.44.53:814][  0]LogPakFile: PakFile PrimaryIndexSize=186
[2026.08.23-16.44.53:814][  0]LogPakFile: PakFile PathHashIndexSize=101
[2026.08.23-16.44.53:814][  0]LogPakFile: PakFile FullDirectoryIndexSize=146
[2026.08.23-16.44.53:814][  0]LogShaderLibrary: Display: ShaderCodeLibraryPakFileMountedCallback: PakFile 'C:/Program Files/Epic Games/UE_4.27/FeaturePacks/TP_VehicleAdv.upack' (chunk index -1, root 'root:/') mounted
[2026.08.23-16.44.53:814][  0]LogShaderLibrary: Display: ShaderCodeLibraryPakFileMountedCallback: pending pak file info (ChunkID:-1 Root:root:/ File:C:/Program Files/Epic Games/UE_4.27/FeaturePacks/TP_VehicleAdv.upack)
[2026.08.23-16.44.53:814][  0]LogPakFile: OnPakFileMounted2Time == 0.000083
[2026.08.23-16.44.53:815][  0]LogPakFile: PakFile PrimaryIndexSize=188
[2026.08.23-16.44.53:815][  0]LogPakFile: PakFile PathHashIndexSize=101
[2026.08.23-16.44.53:815][  0]LogPakFile: PakFile FullDirectoryIndexSize=150
[2026.08.23-16.44.53:815][  0]LogShaderLibrary: Display: ShaderCodeLibraryPakFileMountedCallback: PakFile 'C:/Program Files/Epic Games/UE_4.27/FeaturePacks/TP_VehicleAdvBP.upack' (chunk index -1, root 'root:/') mounted
[2026.08.23-16.44.53:815][  0]LogShaderLibrary: Display: ShaderCodeLibraryPakFileMountedCallback: pending pak file info (ChunkID:-1 Root:root:/ File:C:/Program Files/Epic Games/UE_4.27/FeaturePacks/TP_VehicleAdvBP.upack)
[2026.08.23-16.44.53:815][  0]LogPakFile: OnPakFileMounted2Time == 0.000048
[2026.08.23-16.44.53:816][  0]LogPakFile: PakFile PrimaryIndexSize=185
[2026.08.23-16.44.53:816][  0]LogPakFile: PakFile PathHashIndexSize=101
[2026.08.23-16.44.53:816][  0]LogPakFile: PakFile FullDirectoryIndexSize=144
[2026.08.23-16.44.53:816][  0]LogShaderLibrary: Display: ShaderCodeLibraryPakFileMountedCallback: PakFile 'C:/Program Files/Epic Games/UE_4.27/FeaturePacks/TP_VehicleBP.upack' (chunk index -1, root 'root:/') mounted
[2026.08.23-16.44.53:816][  0]LogShaderLibrary: Display: ShaderCodeLibraryPakFileMountedCallback: pending pak file info (ChunkID:-1 Root:root:/ File:C:/Program Files/Epic Games/UE_4.27/FeaturePacks/TP_VehicleBP.upack)
[2026.08.23-16.44.53:816][  0]LogPakFile: OnPakFileMounted2Time == 0.000051
[2026.08.23-16.44.53:817][  0]LogPakFile: PakFile PrimaryIndexSize=192
[2026.08.23-16.44.53:817][  0]LogPakFile: PakFile PathHashIndexSize=101
[2026.08.23-16.44.53:817][  0]LogPakFile: PakFile FullDirectoryIndexSize=158
[2026.08.23-16.44.53:817][  0]LogShaderLibrary: Display: ShaderCodeLibraryPakFileMountedCallback: PakFile 'C:/Program Files/Epic Games/UE_4.27/FeaturePacks/TP_VirtualRealityBP.upack' (chunk index -1, root 'root:/') mounted
[2026.08.23-16.44.53:817][  0]LogShaderLibrary: Display: ShaderCodeLibraryPakFileMountedCallback: pending pak file info (ChunkID:-1 Root:root:/ File:C:/Program Files/Epic Games/UE_4.27/FeaturePacks/TP_VirtualRealityBP.upack)
[2026.08.23-16.44.53:817][  0]LogPakFile: OnPakFileMounted2Time == 0.000049
[2026.08.23-16.44.53:886][  0]LogNativeClassHierarchy: Verbose: Native class hierarchy updated for 'AddContentDialog' in 0.0007 seconds. Added 0 classes and 0 folders.
[2026.08.23-16.44.53:927][  0]LogSlate: Took 0.000256 seconds to synchronously load lazily loaded font '../../../Engine/Content/Slate/Fonts/Roboto-Regular.ttf' (155K)
[2026.08.23-16.44.53:929][  0]LogSlate: Took 0.000585 seconds to synchronously load lazily loaded font '../../../Engine/Content/Editor/Slate/Fonts/FontAwesome.ttf' (139K)
[2026.08.23-16.44.53:929][  0]LogSlate: Took 0.000159 seconds to synchronously load lazily loaded font '../../../Engine/Content/Slate/Fonts/Roboto-Bold.ttf' (160K)
[2026.08.23-16.44.53:981][  0]LogRenderer: Reallocating scene render targets to support 1180x840 Format 10 NumSamples 1 (Frame:1).
[2026.08.23-16.44.54:130][  0]LogNativeClassHierarchy: Verbose: Native class hierarchy updated for 'HierarchicalLODOutliner' in 0.0003 seconds. Added 0 classes and 0 folders.
[2026.08.23-16.44.54:130][  0]LogLoad: (Engine Initialization) Total time: 24.75 seconds
[2026.08.23-16.44.54:130][  0]LogLoad: (Engine Initialization) Total Blueprint compile time: 0.00 seconds
[2026.08.23-16.44.54:152][  0]AssetCheck: New page: Asset Save: Floor_400x400
[2026.08.23-16.44.54:152][  0]LogContentValidation: Display: Validating StaticMesh /Game/StarterContent/Architecture/Floor_400x400.Floor_400x400
[2026.08.23-16.44.54:193][  0]LogAssetRegistry: Asset discovery search completed in 22.4609 seconds
[2026.08.23-16.44.54:199][  0]LogCollectionManager: Fixed up redirectors for 0 collections in 0.000005 seconds (updated 0 objects)
[2026.08.23-16.44.54:246][  0]LogContentStreaming: Texture pool size now 1000 MB
[2026.08.23-16.45.19:113][845]LogSlate: Only BGRA pngs, bmps or icos are supported in by External Image Picker
[2026.08.23-16.45.24:367][272]LogSlate: Window 'New Level' being destroyed
[2026.08.23-16.45.24:372][272]Cmd: MAP LOAD FILE="../../../Engine/Content/Maps/Templates/Template_Default.umap" TEMPLATE=1 SHOWPROGRESS=1 FEATURELEVEL=3
[2026.08.23-16.45.24:376][272]LogSlate: Took 0.000281 seconds to synchronously load lazily loaded font '../../../Engine/Content/Slate/Fonts/Roboto-Light.ttf' (167K)
[2026.08.23-16.45.24:386][272]LightingResults: New page: Lighting Build
[2026.08.23-16.45.24:386][272]LoadErrors: New page: Loading map: Template_Default.umap
[2026.08.23-16.45.24:387][272]LogWorld: UWorld::CleanupWorld for FirstPersonExampleMap, bSessionEnded=true, bCleanupResources=true
[2026.08.23-16.45.24:387][272]LogSlate: InvalidateAllWidgets triggered.  All widgets were invalidated
[2026.08.23-16.45.24:389][272]MapCheck: New page: Map Check
[2026.08.23-16.45.24:389][272]LightingResults: New page: Lighting Build
[2026.08.23-16.45.24:392][272]LogAudio: Display: Audio Device unregistered from world 'None'.
[2026.08.23-16.45.24:393][272]LogUObjectHash: Compacting FUObjectHashTables data took   0.55ms
[2026.08.23-16.45.24:399][272]LogAudio: Display: Audio Device (ID: 1) registered with world 'Untitled_1'.
[2026.08.23-16.45.24:400][272]LogAIModule: Creating AISystem for world Untitled_1
[2026.08.23-16.45.24:462][272]LogEditorServer: Finished looking for orphan Actors (0.000 secs)
[2026.08.23-16.45.24:468][272]LogUObjectHash: Compacting FUObjectHashTables data took   0.62ms
[2026.08.23-16.45.24:475][272]Cmd: MAP CHECKDEP NOCLEARLOG
[2026.08.23-16.45.24:475][272]MapCheck: Map check complete: 0 Error(s), 0 Warning(s), took 0.108ms to complete.
[2026.08.23-16.45.24:475][272]LogFileHelpers: Loading map 'Template_Default' took 0.103
[2026.08.23-16.45.39:969][108]Cmd: DELETE
[2026.08.23-16.45.39:969][108]Cmd: ACTOR DELETE
[2026.08.23-16.45.39:971][108]LogEditorActor: Deleted Actor: TextRenderActor
[2026.08.23-16.45.39:975][108]LogUObjectHash: Compacting FUObjectHashTables data took   0.46ms
[2026.08.23-16.45.39:976][108]LogEditorActor: Deleted 1 Actors (0.005 secs)
[2026.08.23-16.45.45:340][742]LogEditorViewport: Clicking on Actor (LMB): TextRenderActor (TextRenderActor)
[2026.08.23-16.45.46:799][906]LogSlate: Took 0.000751 seconds to synchronously load lazily loaded font '../../../Engine/Content/Slate/Fonts/Roboto-Italic.ttf' (157K)
[2026.08.23-16.46.02:115][611]LogEditorViewport: Clicking on Actor (LMB): BP_Sky_Sphere_C (Sky Sphere)
[2026.08.23-16.46.03:066][720]LogEditorViewport: Clicking on Actor (LMB): BP_Sky_Sphere_C (Sky Sphere)
[2026.08.23-16.46.03:452][765]LogEditorViewport: Clicking on Actor (LMB): TextRenderActor (TextRenderActor)
[2026.08.23-16.46.06:409][ 90]LogSlate: Window 'Color Picker' being destroyed
[2026.08.23-16.46.06:956][149]LogEditorViewport: Clicking on Actor (LMB): BP_Sky_Sphere_C (Sky Sphere)
[2026.08.23-16.46.11:588][686]LogSlate: Took 0.000401 seconds to synchronously load lazily loaded font '../../../Engine/Content/Slate/Fonts/Roboto-Light.ttf' (167K)
[2026.08.23-16.46.13:725][686]LogSlate: Window 'Save Level As' being destroyed
[2026.08.23-16.46.30:908][674]LogContentBrowser: Deferred new asset folder creation: NewFolder
[2026.08.23-16.46.30:932][674]LogContentBrowser: Creating deferred item: NewFolder
[2026.08.23-16.46.40:355][802]LogContentBrowser: Attempting asset rename: NewFolder -> Brackeys2026
[2026.08.23-16.46.40:356][802]LogContentBrowser: End creating deferred item NewFolder
[2026.08.23-16.46.45:992][446]LogContentBrowser: Deferred new asset folder creation: NewFolder
[2026.08.23-16.46.46:015][446]LogContentBrowser: Creating deferred item: NewFolder
[2026.08.23-16.46.50:664][  1]LogContentBrowser: Attempting asset rename: NewFolder -> Objects
[2026.08.23-16.46.50:665][  1]LogContentBrowser: End creating deferred item NewFolder
[2026.08.23-16.47.14:017][777]LogContentBrowser: Deferred new asset folder creation: NewFolder
[2026.08.23-16.47.14:033][777]LogContentBrowser: Creating deferred item: NewFolder
[2026.08.23-16.47.24:471][ 25]LogContentBrowser: Attempting asset rename: NewFolder -> GameMode
[2026.08.23-16.47.24:472][ 25]LogContentBrowser: End creating deferred item NewFolder
[2026.08.23-16.47.25:707][162]LogContentBrowser: Deferred new asset folder creation: NewFolder
[2026.08.23-16.47.25:732][162]LogContentBrowser: Creating deferred item: NewFolder
[2026.08.23-16.47.28:521][494]LogContentBrowser: Attempting asset rename: NewFolder -> Interfaces
[2026.08.23-16.47.28:526][494]LogContentBrowser: End creating deferred item NewFolder
[2026.08.23-16.47.36:838][443]LogContentBrowser: Attempting asset rename: GameMode -> Levels
[2026.08.23-16.47.39:389][737]LogContentBrowser: Deferred new asset folder creation: NewFolder
[2026.08.23-16.47.39:398][737]LogContentBrowser: Creating deferred item: NewFolder
[2026.08.23-16.47.42:229][ 72]LogContentBrowser: Attempting asset rename: NewFolder -> Characters
[2026.08.23-16.47.42:230][ 72]LogContentBrowser: End creating deferred item NewFolder
[2026.08.23-16.47.56:269][461]LogSlate: Window 'Save Level As' being destroyed
[2026.08.23-16.47.56:307][461]LogUObjectHash: Compacting FUObjectHashTables data took   0.51ms
[2026.08.23-16.47.56:323][461]LogSavePackage: Moving 'E:/_Alex's Data/Unreal Engine/Unreal Projects/Brackeys2026/Brackeys-2026/BrackeysJam2026/Saved/Brackeys2026MapE2468E2848256E5A706E68A0FEC371B4.tmp' to 'E:/_Alex's Data/Unreal Engine/Unreal Projects/Brackeys2026/Brackeys-2026/BrackeysJam2026/Content/Brackeys2026/Levels/Brackeys2026Map.umap'
[2026.08.23-16.47.56:400][461]LogSavePackage: Moving 'E:/_Alex's Data/Unreal Engine/Unreal Projects/Brackeys2026/Brackeys-2026/BrackeysJam2026/Saved/Brackeys2026Map_BuiltData2557CC2B4B35350F9B590480E83ED0CB.tmp' to 'E:/_Alex's Data/Unreal Engine/Unreal Projects/Brackeys2026/Brackeys-2026/BrackeysJam2026/Content/Brackeys2026/Levels/Brackeys2026Map_BuiltData.uasset'
[2026.08.23-16.47.56:410][461]LogFileHelpers: Saving map 'Brackeys2026Map' took 0.134
[2026.08.23-16.47.56:414][461]AssetCheck: New page: Asset Save: multiple assets
[2026.08.23-16.47.56:414][461]LogContentValidation: Display: Validating World /Game/Brackeys2026/Levels/Brackeys2026Map.Brackeys2026Map
[2026.08.23-16.47.56:414][461]LogContentValidation: Display: Validating MapBuildDataRegistry /Game/Brackeys2026/Levels/Brackeys2026Map_BuiltData.Brackeys2026Map_BuiltData
[2026.08.23-16.48.51:418][894]LogSlate: Prevented a slow task dialog from being summoned while a context menu was open
[2026.08.23-16.48.51:435][894]LogEditorClassViewer: Warning: Class /Engine/Tutorial/InWorldBlueprintEditing/TutorialAssets/IWBE_Blutility.IWBE_Blutility_C has parent /Script/Blutility.PlacedEditorUtilityBase, but this parent is not found. The Class will not be shown in ClassViewer.
[2026.08.23-16.49.00:166][467]LogSlate: Window 'Create GameMode Blueprint' being destroyed
[2026.08.23-16.49.24:061][319]LogSlate: Window 'Create GameMode Blueprint' being destroyed
[2026.08.23-16.49.24:084][319]LogAssetEditorSubsystem: Opening Asset editor for Blueprint /Game/Brackeys2026/Levels/BrackeysGameMode.BrackeysGameMode
[2026.08.23-16.49.24:256][319]LogNativeClassHierarchy: Verbose: Native class hierarchy updated for 'BlueprintGraph' in 0.0009 seconds. Added 126 classes and 0 folders.
[2026.08.23-16.49.26:469][462]LogSlate: Window 'BrackeysGameMode' being destroyed
[2026.08.23-16.49.38:244][772]LogContentBrowser: Deferred new asset file creation: FirstPersonCharacter1
[2026.08.23-16.49.38:271][772]LogContentBrowser: Creating deferred item: FirstPersonCharacter1
[2026.08.23-16.49.46:096][710]LogContentBrowser: Attempting asset rename: FirstPersonCharacter1 -> BrackeysPlayerCharacter
[2026.08.23-16.49.46:133][710]LogUObjectHash: Compacting FUObjectHashTables data took   1.52ms
[2026.08.23-16.49.46:145][710]LogContentBrowser: End creating deferred item FirstPersonCharacter1
[2026.08.23-16.49.48:500][959]LogMetaData: Removing '/Game/Brackeys2026/Characters/BrackeysPlayerCharacter.SKEL_BrackeysPlayerCharacter_C' ref from Metadata '/Game/FirstPersonBP/Blueprints/BrackeysPlayerCharacter.PackageMetaData'
[2026.08.23-16.49.48:500][959]LogMetaData: Removing '/Game/Brackeys2026/Characters/BrackeysPlayerCharacter.BrackeysPlayerCharacter_C' ref from Metadata '/Game/FirstPersonBP/Blueprints/BrackeysPlayerCharacter.PackageMetaData'
[2026.08.23-16.49.48:500][959]LogMetaData: Removing '/Game/Brackeys2026/Characters/BrackeysPlayerCharacter.SKEL_BrackeysPlayerCharacter_C:InpAxisEvt_Turn_K2Node_InputAxisEvent_157' ref from Metadata '/Game/FirstPersonBP/Blueprints/BrackeysPlayerCharacter.PackageMetaData'
[2026.08.23-16.49.48:500][959]LogMetaData: Removing '/Game/Brackeys2026/Characters/BrackeysPlayerCharacter.SKEL_BrackeysPlayerCharacter_C:InpAxisEvt_LookUp_K2Node_InputAxisEvent_172' ref from Metadata '/Game/FirstPersonBP/Blueprints/BrackeysPlayerCharacter.PackageMetaData'
[2026.08.23-16.49.48:500][959]LogMetaData: Removing '/Game/Brackeys2026/Characters/BrackeysPlayerCharacter.SKEL_BrackeysPlayerCharacter_C:InpAxisEvt_MoveForward_K2Node_InputAxisEvent_181' ref from Metadata '/Game/FirstPersonBP/Blueprints/BrackeysPlayerCharacter.PackageMetaData'
[2026.08.23-16.49.48:500][959]LogMetaData: Removing '/Game/Brackeys2026/Characters/BrackeysPlayerCharacter.SKEL_BrackeysPlayerCharacter_C:InpAxisEvt_MoveRight_K2Node_InputAxisEvent_192' ref from Metadata '/Game/FirstPersonBP/Blueprints/BrackeysPlayerCharacter.PackageMetaData'
[2026.08.23-16.49.48:500][959]LogMetaData: Removing '/Game/Brackeys2026/Characters/BrackeysPlayerCharacter.SKEL_BrackeysPlayerCharacter_C:InpAxisEvt_TurnRate_K2Node_InputAxisEvent_34' ref from Metadata '/Game/FirstPersonBP/Blueprints/BrackeysPlayerCharacter.PackageMetaData'
[2026.08.23-16.49.48:500][959]LogMetaData: Removing '/Game/Brackeys2026/Characters/BrackeysPlayerCharacter.SKEL_BrackeysPlayerCharacter_C:InpAxisEvt_LookUpRate_K2Node_InputAxisEvent_62' ref from Metadata '/Game/FirstPersonBP/Blueprints/BrackeysPlayerCharacter.PackageMetaData'
[2026.08.23-16.49.48:501][959]LogMetaData: Removing '/Game/Brackeys2026/Characters/BrackeysPlayerCharacter.SKEL_BrackeysPlayerCharacter_C:ReceiveBeginPlay' ref from Metadata '/Game/FirstPersonBP/Blueprints/BrackeysPlayerCharacter.PackageMetaData'
[2026.08.23-16.49.48:501][959]LogMetaData: Removing '/Game/Brackeys2026/Characters/BrackeysPlayerCharacter.SKEL_BrackeysPlayerCharacter_C:UserConstructionScript' ref from Metadata '/Game/FirstPersonBP/Blueprints/BrackeysPlayerCharacter.PackageMetaData'
[2026.08.23-16.49.48:501][959]LogMetaData: Removing '/Game/Brackeys2026/Characters/BrackeysPlayerCharacter.BrackeysPlayerCharacter_C:ReceiveBeginPlay' ref from Metadata '/Game/FirstPersonBP/Blueprints/BrackeysPlayerCharacter.PackageMetaData'
[2026.08.23-16.49.48:501][959]LogMetaData: Removing '/Game/Brackeys2026/Characters/BrackeysPlayerCharacter.BrackeysPlayerCharacter_C:UserConstructionScript' ref from Metadata '/Game/FirstPersonBP/Blueprints/BrackeysPlayerCharacter.PackageMetaData'
[2026.08.23-16.49.48:585][959]LogSavePackage: Moving 'E:/_Alex's Data/Unreal Engine/Unreal Projects/Brackeys2026/Brackeys-2026/BrackeysJam2026/Saved/BrackeysPlayerCharacter7423691740D25A0954B8038EB8CABEC0.tmp' to 'E:/_Alex's Data/Unreal Engine/Unreal Projects/Brackeys2026/Brackeys-2026/BrackeysJam2026/Content/Brackeys2026/Characters/BrackeysPlayerCharacter.uasset'
[2026.08.23-16.49.48:670][959]LogUObjectHash: Compacting FUObjectHashTables data took   1.39ms
[2026.08.23-16.49.48:688][959]LogUObjectHash: Compacting FUObjectHashTables data took   1.01ms
[2026.08.23-16.49.48:701][959]LogUObjectHash: Compacting FUObjectHashTables data took   0.32ms
[2026.08.23-16.49.48:727][959]AssetCheck: New page: Asset Save: BrackeysPlayerCharacter
[2026.08.23-16.49.48:727][959]LogContentValidation: Display: Validating Blueprint /Game/Brackeys2026/Characters/BrackeysPlayerCharacter.BrackeysPlayerCharacter
[2026.08.23-16.49.49:837][ 88]LogAssetEditorSubsystem: Opening Asset editor for Blueprint /Game/Brackeys2026/Characters/BrackeysPlayerCharacter.BrackeysPlayerCharacter
[2026.08.23-16.49.50:076][ 88]LogSlate: Took 0.000350 seconds to synchronously load lazily loaded font '../../../Engine/Content/Slate/Fonts/Roboto-BoldCondensed.ttf' (158K)
[2026.08.23-16.50.01:424][164]LogScript: Warning: Attempted to access TRASH_SkeletalMeshComponent_21 via property FP_Gun, but TRASH_SkeletalMeshComponent_21 is pending kill
	BrackeysPlayerCharacter_C /Engine/Transient.World_5:PersistentLevel.BrackeysPlayerCharacter_C_0
	Function /Game/Brackeys2026/Characters/BrackeysPlayerCharacter.BrackeysPlayerCharacter_C:UserConstructionScript:0017
[2026.08.23-16.50.01:425][164]LogScript: Warning: Attempted to access TRASH_SkeletalMeshComponent_31 via property FP_Gun, but TRASH_SkeletalMeshComponent_31 is pending kill
	BrackeysPlayerCharacter_C /Engine/Transient.World_6:PersistentLevel.BrackeysPlayerCharacter_C_0
	Function /Game/Brackeys2026/Characters/BrackeysPlayerCharacter.BrackeysPlayerCharacter_C:UserConstructionScript:0017
[2026.08.23-16.50.01:449][164]LogScript: Warning: Attempted to access TRASH_SkeletalMeshComponent_31 via property FP_Gun, but TRASH_SkeletalMeshComponent_31 is pending kill
	BrackeysPlayerCharacter_C /Engine/Transient.World_6:PersistentLevel.BrackeysPlayerCharacter_C_0
	Function /Game/Brackeys2026/Characters/BrackeysPlayerCharacter.BrackeysPlayerCharacter_C:UserConstructionScript:0017
[2026.08.23-16.50.02:137][244]LogScript: Warning: Attempted to access TRASH_SkeletalMeshComponent_21 via property FP_Gun, but TRASH_SkeletalMeshComponent_21 is pending kill
	BrackeysPlayerCharacter_C /Engine/Transient.World_5:PersistentLevel.BrackeysPlayerCharacter_C_0
	Function /Game/Brackeys2026/Characters/BrackeysPlayerCharacter.BrackeysPlayerCharacter_C:UserConstructionScript:0017
[2026.08.23-16.50.02:138][244]LogScript: Warning: Attempted to access TRASH_SkeletalMeshComponent_31 via property FP_Gun, but TRASH_SkeletalMeshComponent_31 is pending kill
	BrackeysPlayerCharacter_C /Engine/Transient.World_6:PersistentLevel.BrackeysPlayerCharacter_C_0
	Function /Game/Brackeys2026/Characters/BrackeysPlayerCharacter.BrackeysPlayerCharacter_C:UserConstructionScript:0017
[2026.08.23-16.50.02:156][244]LogScript: Warning: Attempted to access TRASH_SkeletalMeshComponent_31 via property FP_Gun, but TRASH_SkeletalMeshComponent_31 is pending kill
	BrackeysPlayerCharacter_C /Engine/Transient.World_6:PersistentLevel.BrackeysPlayerCharacter_C_0
	Function /Game/Brackeys2026/Characters/BrackeysPlayerCharacter.BrackeysPlayerCharacter_C:UserConstructionScript:0017
[2026.08.23-16.50.15:073][653]LogTemp: Repeating last play command: Selected Viewport
[2026.08.23-16.50.15:082][653]BlueprintLog: New page: Pre-Play auto-recompile
[2026.08.23-16.50.15:084][653]LogPlayLevel: [PlayLevel] Compiling BrackeysPlayerCharacter before play...
[2026.08.23-16.50.15:088][653]LogBlueprint: Error: [AssetLog] E:\_Alex's Data\Unreal Engine\Unreal Projects\Brackeys2026\Brackeys-2026\BrackeysJam2026\Content\Brackeys2026\Characters\BrackeysPlayerCharacter.uasset: [Compiler] This blueprint (self) is not a SceneComponent, therefore ' Target ' must have a connection.
[2026.08.23-16.50.15:088][653]LogBlueprint: Error: [AssetLog] E:\_Alex's Data\Unreal Engine\Unreal Projects\Brackeys2026\Brackeys-2026\BrackeysJam2026\Content\Brackeys2026\Characters\BrackeysPlayerCharacter.uasset: [Compiler] This blueprint (self) is not a SceneComponent, therefore ' Target ' must have a connection.
[2026.08.23-16.50.15:122][653]LogUObjectHash: Compacting FUObjectHashTables data took   1.41ms
[2026.08.23-16.50.15:123][653]LogPlayLevel: PlayLevel: Blueprint regeneration took 40 ms (1 blueprints)
[2026.08.23-16.50.15:123][653]BlueprintLog: Warning: Blueprint failed to compile:  BrackeysPlayerCharacter
[2026.08.23-16.50.15:124][653]LogCustomDialog: Dialog displayed:
[2026.08.23-16.50.16:916][653]LogSlate: Window 'Blueprint Compilation Errors' being destroyed
[2026.08.23-16.50.17:005][653]LogSlate: Took 0.003371 seconds to synchronously load lazily loaded font '../../../Engine/Content/Slate/Fonts/DroidSansMono.ttf' (77K)
[2026.08.23-16.50.18:847][873]LogSlate: Window 'Message Log' being destroyed
[2026.08.23-16.50.18:851][873]LogSlate: Window 'Message Log' being destroyed
[2026.08.23-16.50.40:307][251]BlueprintLog: New page: Compile BrackeysPlayerCharacter
[2026.08.23-16.50.40:310][251]LogBlueprint: Error: [AssetLog] E:\_Alex's Data\Unreal Engine\Unreal Projects\Brackeys2026\Brackeys-2026\BrackeysJam2026\Content\Brackeys2026\Characters\BrackeysPlayerCharacter.uasset: [Compiler] This blueprint (self) is not a SceneComponent, therefore ' Target ' must have a connection.
[2026.08.23-16.50.40:338][251]LogUObjectHash: Compacting FUObjectHashTables data took   1.56ms
[2026.08.23-16.50.48:366][125]BlueprintLog: New page: Compile BrackeysPlayerCharacter
[2026.08.23-16.50.48:400][125]LogUObjectHash: Compacting FUObjectHashTables data took   1.54ms
[2026.08.23-16.50.48:833][167]LogSavePackage: Moving 'E:/_Alex's Data/Unreal Engine/Unreal Projects/Brackeys2026/Brackeys-2026/BrackeysJam2026/Saved/BrackeysPlayerCharacterB1CCA5914F69A835EB67F89687ECAB9C.tmp' to 'E:/_Alex's Data/Unreal Engine/Unreal Projects/Brackeys2026/Brackeys-2026/BrackeysJam2026/Content/Brackeys2026/Characters/BrackeysPlayerCharacter.uasset'
[2026.08.23-16.50.48:848][167]AssetCheck: New page: Asset Save: BrackeysPlayerCharacter
[2026.08.23-16.50.48:848][167]LogContentValidation: Display: Validating Blueprint /Game/Brackeys2026/Characters/BrackeysPlayerCharacter.BrackeysPlayerCharacter
[2026.08.23-16.50.50:048][303]LogTemp: Repeating last play command: Selected Viewport
[2026.08.23-16.50.50:057][303]LogPlayLevel: PlayLevel: No blueprints needed recompiling
[2026.08.23-16.50.50:060][303]PIE: New page: PIE session: Brackeys2026Map (Aug 23, 2026, 2:50:50 AM)
[2026.08.23-16.50.50:061][303]LogOnline: OSS: Creating online subsystem instance for: NULL
[2026.08.23-16.50.50:064][303]LogOnline: OSS: TryLoadSubsystemAndSetDefault: Loaded subsystem for module [NULL]
[2026.08.23-16.50.50:064][303]LogPlayLevel: Creating play world package: /Game/Brackeys2026/Levels/UEDPIE_0_Brackeys2026Map
[2026.08.23-16.50.50:067][303]LogPlayLevel: PIE: StaticDuplicateObject took: (0.002734s)
[2026.08.23-16.50.50:068][303]LogAIModule: Creating AISystem for world Brackeys2026Map
[2026.08.23-16.50.50:068][303]LogPlayLevel: PIE: World Init took: (0.001483s)
[2026.08.23-16.50.50:068][303]LogPlayLevel: PIE: Created PIE world by copying editor world from /Game/Brackeys2026/Levels/Brackeys2026Map.Brackeys2026Map to /Game/Brackeys2026/Levels/UEDPIE_0_Brackeys2026Map.Brackeys2026Map (0.004370s)
[2026.08.23-16.50.50:086][303]LogUObjectHash: Compacting FUObjectHashTables data took   1.47ms
[2026.08.23-16.50.50:086][303]LogAudio: Display: Creating Audio Device:                 Id: 2, Scope: Unique, Realtime: True
[2026.08.23-16.50.50:086][303]LogAudioMixer: Display: Audio Mixer Platform Settings:
[2026.08.23-16.50.50:086][303]LogAudioMixer: Display: 	Sample Rate:						  48000
[2026.08.23-16.50.50:086][303]LogAudioMixer: Display: 	Callback Buffer Frame Size Requested: 1024
[2026.08.23-16.50.50:086][303]LogAudioMixer: Display: 	Callback Buffer Frame Size To Use:	  1024
[2026.08.23-16.50.50:087][303]LogAudioMixer: Display: 	Number of buffers to queue:			  2
[2026.08.23-16.50.50:087][303]LogAudioMixer: Display: 	Max Channels (voices):				  32
[2026.08.23-16.50.50:087][303]LogAudioMixer: Display: 	Number of Async Source Workers:		  0
[2026.08.23-16.50.50:087][303]LogAudio: Display: AudioDevice MaxSources: 32
[2026.08.23-16.50.50:087][303]LogAudio: Display: Audio Spatialization Plugin: None (built-in).
[2026.08.23-16.50.50:087][303]LogAudio: Display: Audio Reverb Plugin: None (built-in).
[2026.08.23-16.50.50:087][303]LogAudio: Display: Audio Occlusion Plugin: None (built-in).
[2026.08.23-16.50.50:087][303]LogAudioMixer: Display: Initializing audio mixer.
[2026.08.23-16.50.50:092][303]LogAudioMixer: Display: 0: FrontLeft
[2026.08.23-16.50.50:092][303]LogAudioMixer: Display: 1: FrontRight
[2026.08.23-16.50.50:110][303]LogAudioMixer: Display: Using Audio Device Realtek HD Audio 2nd output (Realtek(R) Audio)
[2026.08.23-16.50.50:110][303]LogAudioMixer: Display: Initializing Sound Submixes...
[2026.08.23-16.50.50:110][303]LogAudioMixer: Display: Creating Master Submix 'MasterSubmixDefault'
[2026.08.23-16.50.50:110][303]LogAudioMixer: Display: Creating Master Submix 'MasterReverbSubmixDefault'
[2026.08.23-16.50.50:111][303]LogAudioMixer: Display: Creating Master Submix 'MasterEQSubmixDefault'
[2026.08.23-16.50.50:111][303]LogAudioMixer: FMixerPlatformXAudio2::StartAudioStream() called
[2026.08.23-16.50.50:111][303]LogAudioMixer: Display: Output buffers initialized: Frames=1024, Channels=2, Samples=2048
[2026.08.23-16.50.50:112][303]LogAudioMixer: Display: Starting AudioMixerPlatformInterface::RunInternal()
[2026.08.23-16.50.50:112][303]LogAudioMixer: Display: FMixerPlatformXAudio2::SubmitBuffer() called for the first time
[2026.08.23-16.50.50:112][303]LogInit: FAudioDevice initialized.
[2026.08.23-16.50.50:112][303]LogAudio: Display: Audio Device (ID: 2) registered with world 'Brackeys2026Map'.
[2026.08.23-16.50.50:166][303]LogSlate: Updating window title bar state: overlay mode, drag disabled, window buttons hidden, title bar hidden
[2026.08.23-16.50.50:166][303]LogLoad: Game class is 'BrackeysGameMode_C'
[2026.08.23-16.50.50:168][303]LogWorld: Bringing World /Game/Brackeys2026/Levels/UEDPIE_0_Brackeys2026Map.Brackeys2026Map up for play (max tick rate 0) at 2026.08.23-09.50.50
[2026.08.23-16.50.50:169][303]LogWorld: Bringing up level for play took: 0.000882
[2026.08.23-16.50.50:169][303]LogOnline: OSS: Creating online subsystem instance for: :Context_9
[2026.08.23-16.50.50:175][303]LogNativeClassHierarchy: Verbose: Native class hierarchy updated for 'MovieSceneCapture' in 0.0003 seconds. Added 20 classes and 0 folders.
[2026.08.23-16.50.50:177][303]PIE: Server logged in
[2026.08.23-16.50.50:177][303]PIE: Play in editor total start time 0.124 seconds.
[2026.08.23-16.50.50:431][305]LogRenderer: Reallocating scene render targets to support 1280x840 Format 10 NumSamples 1 (Frame:1).
[2026.08.23-16.50.52:703][571]LogSlate: Updating window title bar state: overlay mode, drag disabled, window buttons hidden, title bar hidden
[2026.08.23-16.50.52:703][571]LogWorld: BeginTearingDown for /Game/Brackeys2026/Levels/UEDPIE_0_Brackeys2026Map
[2026.08.23-16.50.52:704][571]LogSlate: Window 'BrackeysJam2026 Preview [NetMode: Standalone]  (64-bit/Windows) ' being destroyed
[2026.08.23-16.50.52:711][571]LogWorld: UWorld::CleanupWorld for Brackeys2026Map, bSessionEnded=true, bCleanupResources=true
[2026.08.23-16.50.52:711][571]LogSlate: InvalidateAllWidgets triggered.  All widgets were invalidated
[2026.08.23-16.50.52:721][571]LogPlayLevel: Display: Shutting down PIE online subsystems
[2026.08.23-16.50.52:731][571]LogSlate: InvalidateAllWidgets triggered.  All widgets were invalidated
[2026.08.23-16.50.52:755][571]LogAudio: Display: Audio Device unregistered from world 'None'.
[2026.08.23-16.50.52:755][571]LogAudioMixer: FMixerPlatformXAudio2::StopAudioStream() called
[2026.08.23-16.50.52:756][571]LogAudioMixer: FMixerPlatformXAudio2::StopAudioStream() called
[2026.08.23-16.50.52:776][571]LogUObjectHash: Compacting FUObjectHashTables data took   2.26ms
[2026.08.23-16.50.52:787][572]LogPlayLevel: Display: Destroying online subsystem :Context_9
[2026.08.23-16.51.00:615][482]LogSlate: Prevented a slow task dialog from being summoned while a context menu was open
[2026.08.23-16.51.00:631][482]LogEditorClassViewer: Warning: Class /Engine/Tutorial/InWorldBlueprintEditing/TutorialAssets/IWBE_Blutility.IWBE_Blutility_C has parent /Script/Blutility.PlacedEditorUtilityBase, but this parent is not found. The Class will not be shown in ClassViewer.
[2026.08.23-16.51.05:971][ 69]BlueprintLog: New page: Compile BrackeysGameMode
[2026.08.23-16.51.06:011][ 69]LogUObjectHash: Compacting FUObjectHashTables data took   2.01ms
[2026.08.23-16.51.06:374][106]LogSavePackage: Moving 'E:/_Alex's Data/Unreal Engine/Unreal Projects/Brackeys2026/Brackeys-2026/BrackeysJam2026/Saved/BrackeysGameMode22F78589483293918647FFA8E4D144B9.tmp' to 'E:/_Alex's Data/Unreal Engine/Unreal Projects/Brackeys2026/Brackeys-2026/BrackeysJam2026/Content/Brackeys2026/Levels/BrackeysGameMode.uasset'
[2026.08.23-16.51.06:394][106]AssetCheck: New page: Asset Save: BrackeysGameMode
[2026.08.23-16.51.06:394][106]LogContentValidation: Display: Validating Blueprint /Game/Brackeys2026/Levels/BrackeysGameMode.BrackeysGameMode
[2026.08.23-16.51.11:370][653]LogTemp: Repeating last play command: Selected Viewport
[2026.08.23-16.51.11:377][653]LogPlayLevel: PlayLevel: No blueprints needed recompiling
[2026.08.23-16.51.11:377][653]PIE: New page: PIE session: Brackeys2026Map (Aug 23, 2026, 2:51:11 AM)
[2026.08.23-16.51.11:377][653]LogPlayLevel: Creating play world package: /Game/Brackeys2026/Levels/UEDPIE_0_Brackeys2026Map
[2026.08.23-16.51.11:380][653]LogPlayLevel: PIE: StaticDuplicateObject took: (0.002698s)
[2026.08.23-16.51.11:381][653]LogAIModule: Creating AISystem for world Brackeys2026Map
[2026.08.23-16.51.11:381][653]LogPlayLevel: PIE: World Init took: (0.001307s)
[2026.08.23-16.51.11:381][653]LogPlayLevel: PIE: Created PIE world by copying editor world from /Game/Brackeys2026/Levels/Brackeys2026Map.Brackeys2026Map to /Game/Brackeys2026/Levels/UEDPIE_0_Brackeys2026Map.Brackeys2026Map (0.004145s)
[2026.08.23-16.51.11:402][653]LogUObjectHash: Compacting FUObjectHashTables data took   1.91ms
[2026.08.23-16.51.11:403][653]LogAudio: Display: Creating Audio Device:                 Id: 3, Scope: Unique, Realtime: True
[2026.08.23-16.51.11:403][653]LogAudioMixer: Display: Audio Mixer Platform Settings:
[2026.08.23-16.51.11:403][653]LogAudioMixer: Display: 	Sample Rate:						  48000
[2026.08.23-16.51.11:403][653]LogAudioMixer: Display: 	Callback Buffer Frame Size Requested: 1024
[2026.08.23-16.51.11:403][653]LogAudioMixer: Display: 	Callback Buffer Frame Size To Use:	  1024
[2026.08.23-16.51.11:403][653]LogAudioMixer: Display: 	Number of buffers to queue:			  2
[2026.08.23-16.51.11:403][653]LogAudioMixer: Display: 	Max Channels (voices):				  32
[2026.08.23-16.51.11:403][653]LogAudioMixer: Display: 	Number of Async Source Workers:		  0
[2026.08.23-16.51.11:403][653]LogAudio: Display: AudioDevice MaxSources: 32
[2026.08.23-16.51.11:403][653]LogAudio: Display: Audio Spatialization Plugin: None (built-in).
[2026.08.23-16.51.11:403][653]LogAudio: Display: Audio Reverb Plugin: None (built-in).
[2026.08.23-16.51.11:403][653]LogAudio: Display: Audio Occlusion Plugin: None (built-in).
[2026.08.23-16.51.11:404][653]LogAudioMixer: Display: Initializing audio mixer.
[2026.08.23-16.51.11:408][653]LogAudioMixer: Display: 0: FrontLeft
[2026.08.23-16.51.11:408][653]LogAudioMixer: Display: 1: FrontRight
[2026.08.23-16.51.11:421][653]LogAudioMixer: Display: Using Audio Device Realtek HD Audio 2nd output (Realtek(R) Audio)
[2026.08.23-16.51.11:421][653]LogAudioMixer: Display: Initializing Sound Submixes...
[2026.08.23-16.51.11:421][653]LogAudioMixer: Display: Creating Master Submix 'MasterSubmixDefault'
[2026.08.23-16.51.11:421][653]LogAudioMixer: Display: Creating Master Submix 'MasterReverbSubmixDefault'
[2026.08.23-16.51.11:421][653]LogAudioMixer: Display: Creating Master Submix 'MasterEQSubmixDefault'
[2026.08.23-16.51.11:421][653]LogAudioMixer: FMixerPlatformXAudio2::StartAudioStream() called
[2026.08.23-16.51.11:421][653]LogAudioMixer: Display: Output buffers initialized: Frames=1024, Channels=2, Samples=2048
[2026.08.23-16.51.11:422][653]LogAudioMixer: Display: Starting AudioMixerPlatformInterface::RunInternal()
[2026.08.23-16.51.11:422][653]LogAudioMixer: Display: FMixerPlatformXAudio2::SubmitBuffer() called for the first time
[2026.08.23-16.51.11:422][653]LogInit: FAudioDevice initialized.
[2026.08.23-16.51.11:422][653]LogAudio: Display: Audio Device (ID: 3) registered with world 'Brackeys2026Map'.
[2026.08.23-16.51.11:434][653]LogLoad: Game class is 'BrackeysGameMode_C'
[2026.08.23-16.51.11:435][653]LogWorld: Bringing World /Game/Brackeys2026/Levels/UEDPIE_0_Brackeys2026Map.Brackeys2026Map up for play (max tick rate 0) at 2026.08.23-09.51.11
[2026.08.23-16.51.11:435][653]LogWorld: Bringing up level for play took: 0.000450
[2026.08.23-16.51.11:435][653]LogOnline: OSS: Creating online subsystem instance for: :Context_10
[2026.08.23-16.51.11:442][653]PIE: Server logged in
[2026.08.23-16.51.11:443][653]PIE: Play in editor total start time 0.069 seconds.
[2026.08.23-16.51.18:833][531]LogSlate: Updating window title bar state: overlay mode, drag disabled, window buttons hidden, title bar hidden
[2026.08.23-16.51.18:833][531]LogWorld: BeginTearingDown for /Game/Brackeys2026/Levels/UEDPIE_0_Brackeys2026Map
[2026.08.23-16.51.18:833][531]LogWorld: UWorld::CleanupWorld for Brackeys2026Map, bSessionEnded=true, bCleanupResources=true
[2026.08.23-16.51.18:833][531]LogSlate: InvalidateAllWidgets triggered.  All widgets were invalidated
[2026.08.23-16.51.18:841][531]LogPlayLevel: Display: Shutting down PIE online subsystems
[2026.08.23-16.51.18:848][531]LogSlate: InvalidateAllWidgets triggered.  All widgets were invalidated
[2026.08.23-16.51.18:865][531]LogAudio: Display: Audio Device unregistered from world 'None'.
[2026.08.23-16.51.18:865][531]LogAudioMixer: FMixerPlatformXAudio2::StopAudioStream() called
[2026.08.23-16.51.18:866][531]LogAudioMixer: FMixerPlatformXAudio2::StopAudioStream() called
[2026.08.23-16.51.18:868][531]LogSlate: Updating window title bar state: overlay mode, drag disabled, window buttons hidden, title bar hidden
[2026.08.23-16.51.18:871][531]LogUObjectHash: Compacting FUObjectHashTables data took   1.58ms
[2026.08.23-16.51.18:897][532]LogPlayLevel: Display: Destroying online subsystem :Context_10
[2026.08.23-16.51.27:616][550]LogTemp: Repeating last play command: Selected Viewport
[2026.08.23-16.51.27:623][550]LogPlayLevel: PlayLevel: No blueprints needed recompiling
[2026.08.23-16.51.27:624][550]PIE: New page: PIE session: Brackeys2026Map (Aug 23, 2026, 2:51:27 AM)
[2026.08.23-16.51.27:624][550]LogPlayLevel: Creating play world package: /Game/Brackeys2026/Levels/UEDPIE_0_Brackeys2026Map
[2026.08.23-16.51.27:625][550]LogPlayLevel: PIE: StaticDuplicateObject took: (0.001464s)
[2026.08.23-16.51.27:626][550]LogAIModule: Creating AISystem for world Brackeys2026Map
[2026.08.23-16.51.27:626][550]LogPlayLevel: PIE: World Init took: (0.000776s)
[2026.08.23-16.51.27:626][550]LogPlayLevel: PIE: Created PIE world by copying editor world from /Game/Brackeys2026/Levels/Brackeys2026Map.Brackeys2026Map to /Game/Brackeys2026/Levels/UEDPIE_0_Brackeys2026Map.Brackeys2026Map (0.002334s)
[2026.08.23-16.51.27:650][550]LogUObjectHash: Compacting FUObjectHashTables data took   1.81ms
[2026.08.23-16.51.27:650][550]LogAudio: Display: Creating Audio Device:                 Id: 4, Scope: Unique, Realtime: True
[2026.08.23-16.51.27:651][550]LogAudioMixer: Display: Audio Mixer Platform Settings:
[2026.08.23-16.51.27:651][550]LogAudioMixer: Display: 	Sample Rate:						  48000
[2026.08.23-16.51.27:651][550]LogAudioMixer: Display: 	Callback Buffer Frame Size Requested: 1024
[2026.08.23-16.51.27:651][550]LogAudioMixer: Display: 	Callback Buffer Frame Size To Use:	  1024
[2026.08.23-16.51.27:651][550]LogAudioMixer: Display: 	Number of buffers to queue:			  2
[2026.08.23-16.51.27:651][550]LogAudioMixer: Display: 	Max Channels (voices):				  32
[2026.08.23-16.51.27:651][550]LogAudioMixer: Display: 	Number of Async Source Workers:		  0
[2026.08.23-16.51.27:651][550]LogAudio: Display: AudioDevice MaxSources: 32
[2026.08.23-16.51.27:651][550]LogAudio: Display: Audio Spatialization Plugin: None (built-in).
[2026.08.23-16.51.27:651][550]LogAudio: Display: Audio Reverb Plugin: None (built-in).
[2026.08.23-16.51.27:651][550]LogAudio: Display: Audio Occlusion Plugin: None (built-in).
[2026.08.23-16.51.27:651][550]LogAudioMixer: Display: Initializing audio mixer.
[2026.08.23-16.51.27:656][550]LogAudioMixer: Display: 0: FrontLeft
[2026.08.23-16.51.27:656][550]LogAudioMixer: Display: 1: FrontRight
[2026.08.23-16.51.27:669][550]LogAudioMixer: Display: Using Audio Device Realtek HD Audio 2nd output (Realtek(R) Audio)
[2026.08.23-16.51.27:670][550]LogAudioMixer: Display: Initializing Sound Submixes...
[2026.08.23-16.51.27:670][550]LogAudioMixer: Display: Creating Master Submix 'MasterSubmixDefault'
[2026.08.23-16.51.27:670][550]LogAudioMixer: Display: Creating Master Submix 'MasterReverbSubmixDefault'
[2026.08.23-16.51.27:670][550]LogAudioMixer: Display: Creating Master Submix 'MasterEQSubmixDefault'
[2026.08.23-16.51.27:670][550]LogAudioMixer: FMixerPlatformXAudio2::StartAudioStream() called
[2026.08.23-16.51.27:670][550]LogAudioMixer: Display: Output buffers initialized: Frames=1024, Channels=2, Samples=2048
[2026.08.23-16.51.27:671][550]LogAudioMixer: Display: Starting AudioMixerPlatformInterface::RunInternal()
[2026.08.23-16.51.27:671][550]LogAudioMixer: Display: FMixerPlatformXAudio2::SubmitBuffer() called for the first time
[2026.08.23-16.51.27:671][550]LogInit: FAudioDevice initialized.
[2026.08.23-16.51.27:671][550]LogAudio: Display: Audio Device (ID: 4) registered with world 'Brackeys2026Map'.
[2026.08.23-16.51.27:681][550]LogLoad: Game class is 'BrackeysGameMode_C'
[2026.08.23-16.51.27:682][550]LogWorld: Bringing World /Game/Brackeys2026/Levels/UEDPIE_0_Brackeys2026Map.Brackeys2026Map up for play (max tick rate 0) at 2026.08.23-09.51.27
[2026.08.23-16.51.27:682][550]LogWorld: Bringing up level for play took: 0.000456
[2026.08.23-16.51.27:682][550]LogOnline: OSS: Creating online subsystem instance for: :Context_11
[2026.08.23-16.51.27:685][550]PIE: Server logged in
[2026.08.23-16.51.27:686][550]PIE: Play in editor total start time 0.065 seconds.
[2026.08.23-16.51.31:944][ 55]LogSlate: Updating window title bar state: overlay mode, drag disabled, window buttons hidden, title bar hidden
[2026.08.23-16.51.31:944][ 55]LogWorld: BeginTearingDown for /Game/Brackeys2026/Levels/UEDPIE_0_Brackeys2026Map
[2026.08.23-16.51.31:944][ 55]LogWorld: UWorld::CleanupWorld for Brackeys2026Map, bSessionEnded=true, bCleanupResources=true
[2026.08.23-16.51.31:945][ 55]LogSlate: InvalidateAllWidgets triggered.  All widgets were invalidated
[2026.08.23-16.51.31:951][ 55]LogPlayLevel: Display: Shutting down PIE online subsystems
[2026.08.23-16.51.31:958][ 55]LogSlate: InvalidateAllWidgets triggered.  All widgets were invalidated
[2026.08.23-16.51.31:975][ 55]LogSlate: Updating window title bar state: overlay mode, drag disabled, window buttons hidden, title bar hidden
[2026.08.23-16.51.31:975][ 55]LogAudioMixer: FMixerPlatformXAudio2::StopAudioStream() called
[2026.08.23-16.51.31:976][ 55]LogAudioMixer: FMixerPlatformXAudio2::StopAudioStream() called
[2026.08.23-16.51.31:982][ 55]LogUObjectHash: Compacting FUObjectHashTables data took   1.78ms
[2026.08.23-16.51.32:027][ 57]LogPlayLevel: Display: Destroying online subsystem :Context_11
[2026.08.23-16.51.56:637][925]LogSlate: Prevented a slow task dialog from being summoned while a context menu was open
[2026.08.23-16.51.56:656][925]LogEditorClassViewer: Warning: Class /Engine/Tutorial/InWorldBlueprintEditing/TutorialAssets/IWBE_Blutility.IWBE_Blutility_C has parent /Script/Blutility.PlacedEditorUtilityBase, but this parent is not found. The Class will not be shown in ClassViewer.
[2026.08.23-16.52.11:914][478]LogSlate: Window 'Create PlayerController Blueprint' being destroyed
[2026.08.23-16.52.11:932][478]LogAssetEditorSubsystem: Opening Asset editor for Blueprint /Game/Brackeys2026/Characters/BrackeysPlayerController.BrackeysPlayerController
[2026.08.23-16.52.16:282][943]LogContentBrowser: Deferred new asset folder creation: NewFolder
[2026.08.23-16.52.16:304][943]LogContentBrowser: Creating deferred item: NewFolder
[2026.08.23-16.52.17:902][130]LogContentBrowser: Attempting asset rename: NewFolder -> Player
[2026.08.23-16.52.17:903][130]LogContentBrowser: End creating deferred item NewFolder
[2026.08.23-16.52.20:385][416]LogMetaData: Removing '/Game/Brackeys2026/Characters/Player/BrackeysPlayerCharacter.BrackeysPlayerCharacter_C' ref from Metadata '/Game/Brackeys2026/Characters/BrackeysPlayerCharacter.PackageMetaData'
[2026.08.23-16.52.20:385][416]LogMetaData: Removing '/Game/Brackeys2026/Characters/Player/BrackeysPlayerCharacter.SKEL_BrackeysPlayerCharacter_C' ref from Metadata '/Game/Brackeys2026/Characters/BrackeysPlayerCharacter.PackageMetaData'
[2026.08.23-16.52.20:385][416]LogMetaData: Removing '/Game/Brackeys2026/Characters/Player/BrackeysPlayerCharacter.SKEL_BrackeysPlayerCharacter_C:InpAxisEvt_Turn_K2Node_InputAxisEvent_157' ref from Metadata '/Game/Brackeys2026/Characters/BrackeysPlayerCharacter.PackageMetaData'
[2026.08.23-16.52.20:385][416]LogMetaData: Removing '/Game/Brackeys2026/Characters/Player/BrackeysPlayerCharacter.SKEL_BrackeysPlayerCharacter_C:InpAxisEvt_LookUp_K2Node_InputAxisEvent_172' ref from Metadata '/Game/Brackeys2026/Characters/BrackeysPlayerCharacter.PackageMetaData'
[2026.08.23-16.52.20:385][416]LogMetaData: Removing '/Game/Brackeys2026/Characters/Player/BrackeysPlayerCharacter.SKEL_BrackeysPlayerCharacter_C:InpAxisEvt_MoveForward_K2Node_InputAxisEvent_181' ref from Metadata '/Game/Brackeys2026/Characters/BrackeysPlayerCharacter.PackageMetaData'
[2026.08.23-16.52.20:385][416]LogMetaData: Removing '/Game/Brackeys2026/Characters/Player/BrackeysPlayerCharacter.SKEL_BrackeysPlayerCharacter_C:InpAxisEvt_MoveRight_K2Node_InputAxisEvent_192' ref from Metadata '/Game/Brackeys2026/Characters/BrackeysPlayerCharacter.PackageMetaData'
[2026.08.23-16.52.20:385][416]LogMetaData: Removing '/Game/Brackeys2026/Characters/Player/BrackeysPlayerCharacter.SKEL_BrackeysPlayerCharacter_C:InpAxisEvt_TurnRate_K2Node_InputAxisEvent_34' ref from Metadata '/Game/Brackeys2026/Characters/BrackeysPlayerCharacter.PackageMetaData'
[2026.08.23-16.52.20:385][416]LogMetaData: Removing '/Game/Brackeys2026/Characters/Player/BrackeysPlayerCharacter.SKEL_BrackeysPlayerCharacter_C:InpAxisEvt_LookUpRate_K2Node_InputAxisEvent_62' ref from Metadata '/Game/Brackeys2026/Characters/BrackeysPlayerCharacter.PackageMetaData'
[2026.08.23-16.52.20:385][416]LogMetaData: Removing '/Game/Brackeys2026/Characters/Player/BrackeysPlayerCharacter.SKEL_BrackeysPlayerCharacter_C:UserConstructionScript' ref from Metadata '/Game/Brackeys2026/Characters/BrackeysPlayerCharacter.PackageMetaData'
[2026.08.23-16.52.20:386][416]LogMetaData: Removing '/Game/Brackeys2026/Characters/Player/BrackeysPlayerController.BrackeysPlayerController:UserConstructionScript.K2Node_FunctionEntry_0' ref from Metadata '/Game/Brackeys2026/Characters/BrackeysPlayerController.PackageMetaData'
[2026.08.23-16.52.20:386][416]LogMetaData: Removing '/Game/Brackeys2026/Characters/Player/BrackeysPlayerController.SKEL_BrackeysPlayerController_C:UserConstructionScript' ref from Metadata '/Game/Brackeys2026/Characters/BrackeysPlayerController.PackageMetaData'
[2026.08.23-16.52.20:386][416]LogMetaData: Removing '/Game/Brackeys2026/Characters/Player/BrackeysPlayerController.SKEL_BrackeysPlayerController_C' ref from Metadata '/Game/Brackeys2026/Characters/BrackeysPlayerController.PackageMetaData'
[2026.08.23-16.52.20:386][416]LogMetaData: Removing '/Game/Brackeys2026/Characters/Player/BrackeysPlayerController.BrackeysPlayerController_C' ref from Metadata '/Game/Brackeys2026/Characters/BrackeysPlayerController.PackageMetaData'
[2026.08.23-16.52.20:386][416]LogMetaData: Removing '/Game/Brackeys2026/Characters/Player/BrackeysPlayerController.BrackeysPlayerController:EventGraph.K2Node_Event_0' ref from Metadata '/Game/Brackeys2026/Characters/BrackeysPlayerController.PackageMetaData'
[2026.08.23-16.52.20:386][416]LogMetaData: Removing '/Game/Brackeys2026/Characters/Player/BrackeysPlayerController.BrackeysPlayerController:EventGraph.K2Node_Event_1' ref from Metadata '/Game/Brackeys2026/Characters/BrackeysPlayerController.PackageMetaData'
[2026.08.23-16.52.20:430][416]LogSavePackage: Moving 'E:/_Alex's Data/Unreal Engine/Unreal Projects/Brackeys2026/Brackeys-2026/BrackeysJam2026/Saved/BrackeysPlayerCharacterE5DCE9784A0D2DD5E210C786D73566C7.tmp' to 'E:/_Alex's Data/Unreal Engine/Unreal Projects/Brackeys2026/Brackeys-2026/BrackeysJam2026/Content/Brackeys2026/Characters/Player/BrackeysPlayerCharacter.uasset'
[2026.08.23-16.52.20:438][416]LogSavePackage: Moving 'E:/_Alex's Data/Unreal Engine/Unreal Projects/Brackeys2026/Brackeys-2026/BrackeysJam2026/Saved/BrackeysPlayerController9728C3C746D64A0C35E16C985C2B1EE7.tmp' to 'E:/_Alex's Data/Unreal Engine/Unreal Projects/Brackeys2026/Brackeys-2026/BrackeysJam2026/Content/Brackeys2026/Characters/Player/BrackeysPlayerController.uasset'
[2026.08.23-16.52.20:524][416]LogUObjectHash: Compacting FUObjectHashTables data took   1.88ms
[2026.08.23-16.52.20:545][416]LogUObjectHash: Compacting FUObjectHashTables data took   0.43ms
[2026.08.23-16.52.20:572][416]LogUObjectHash: Compacting FUObjectHashTables data took   1.39ms
[2026.08.23-16.52.20:591][416]LogUObjectHash: Compacting FUObjectHashTables data took   0.47ms
[2026.08.23-16.52.20:620][416]LogSavePackage: Moving 'E:/_Alex's Data/Unreal Engine/Unreal Projects/Brackeys2026/Brackeys-2026/BrackeysJam2026/Saved/BrackeysGameMode3008A472410A1AB5848B528B96CA6B60.tmp' to 'E:/_Alex's Data/Unreal Engine/Unreal Projects/Brackeys2026/Brackeys-2026/BrackeysJam2026/Content/Brackeys2026/Levels/BrackeysGameMode.uasset'
[2026.08.23-16.52.20:664][416]AssetCheck: New page: Asset Save: multiple assets
[2026.08.23-16.52.20:664][416]LogContentValidation: Display: Validating Blueprint /Game/Brackeys2026/Levels/BrackeysGameMode.BrackeysGameMode
[2026.08.23-16.52.20:664][416]LogContentValidation: Display: Validating Blueprint /Game/Brackeys2026/Characters/Player/BrackeysPlayerController.BrackeysPlayerController
[2026.08.23-16.52.20:664][416]LogContentValidation: Display: Validating Blueprint /Game/Brackeys2026/Characters/Player/BrackeysPlayerCharacter.BrackeysPlayerCharacter
[2026.08.23-16.52.24:076][820]LogUObjectHash: Compacting FUObjectHashTables data took   2.16ms
[2026.08.23-16.52.27:440][208]BlueprintLog: New page: Compile BrackeysGameMode
[2026.08.23-16.52.27:473][208]LogUObjectHash: Compacting FUObjectHashTables data took   1.77ms
[2026.08.23-16.52.27:842][245]LogSavePackage: Moving 'E:/_Alex's Data/Unreal Engine/Unreal Projects/Brackeys2026/Brackeys-2026/BrackeysJam2026/Saved/BrackeysGameModeC203C0B643267716E9A68DA9B7FBC451.tmp' to 'E:/_Alex's Data/Unreal Engine/Unreal Projects/Brackeys2026/Brackeys-2026/BrackeysJam2026/Content/Brackeys2026/Levels/BrackeysGameMode.uasset'
[2026.08.23-16.52.27:858][245]AssetCheck: New page: Asset Save: BrackeysGameMode
[2026.08.23-16.52.27:858][245]LogContentValidation: Display: Validating Blueprint /Game/Brackeys2026/Levels/BrackeysGameMode.BrackeysGameMode
[2026.08.23-16.52.30:106][506]BlueprintLog: New page: Compile BrackeysPlayerController
[2026.08.23-16.52.30:141][506]LogUObjectHash: Compacting FUObjectHashTables data took   2.18ms
[2026.08.23-16.52.30:538][545]LogSavePackage: Moving 'E:/_Alex's Data/Unreal Engine/Unreal Projects/Brackeys2026/Brackeys-2026/BrackeysJam2026/Saved/BrackeysPlayerControllerFEB828694111521414CDDCA1B6EBA5AA.tmp' to 'E:/_Alex's Data/Unreal Engine/Unreal Projects/Brackeys2026/Brackeys-2026/BrackeysJam2026/Content/Brackeys2026/Characters/Player/BrackeysPlayerController.uasset'
[2026.08.23-16.52.30:554][545]AssetCheck: New page: Asset Save: BrackeysPlayerController
[2026.08.23-16.52.30:554][545]LogContentValidation: Display: Validating Blueprint /Game/Brackeys2026/Characters/Player/BrackeysPlayerController.BrackeysPlayerController
[2026.08.23-16.52.38:430][468]LogUObjectHash: Compacting FUObjectHashTables data took   2.06ms
[2026.08.23-16.52.38:447][468]LogWorld: UWorld::CleanupWorld for World_4, bSessionEnded=true, bCleanupResources=true
[2026.08.23-16.52.38:448][468]LogSlate: InvalidateAllWidgets triggered.  All widgets were invalidated
[2026.08.23-16.52.38:496][468]LogActorComponent: UnregisterComponent: (/Engine/Transient.EditorFloorComp) Not registered. Aborting.
[2026.08.23-16.52.38:496][468]LogWorld: UWorld::CleanupWorld for World_6, bSessionEnded=true, bCleanupResources=true
[2026.08.23-16.52.38:496][468]LogSlate: InvalidateAllWidgets triggered.  All widgets were invalidated
[2026.08.23-16.52.38:550][468]LogActorComponent: UnregisterComponent: (/Engine/Transient.EditorFloorComp) Not registered. Aborting.
[2026.08.23-16.52.38:550][468]LogWorld: UWorld::CleanupWorld for World_8, bSessionEnded=true, bCleanupResources=true
[2026.08.23-16.52.38:551][468]LogSlate: InvalidateAllWidgets triggered.  All widgets were invalidated
[2026.08.23-16.52.38:598][468]LogSlate: Window 'BrackeysJam2026 - Unreal Editor' being destroyed
[2026.08.23-16.52.38:742][469]Cmd: QUIT_EDITOR
[2026.08.23-16.52.38:742][469]LogCore: Engine exit requested (reason: UUnrealEdEngine::CloseEditor())
[2026.08.23-16.52.38:750][469]LogCore: Engine exit requested (reason: EngineExit() was called; note: exit was already requested)
[2026.08.23-16.52.39:602][469]LogAudio: Display: Beginning Audio Device Manager Shutdown (Module: AudioMixerXAudio2)...
[2026.08.23-16.52.39:602][469]LogAudio: Display: Destroying 1 Remaining Audio Device(s)...
[2026.08.23-16.52.39:602][469]LogAudio: Display: Audio Device unregistered from world 'Brackeys2026Map'.
[2026.08.23-16.52.39:602][469]LogAudioMixer: FMixerPlatformXAudio2::StopAudioStream() called
[2026.08.23-16.52.39:602][469]LogAudioMixer: FMixerPlatformXAudio2::StopAudioStream() called
[2026.08.23-16.52.39:611][469]LogAudio: Display: Audio Device Manager Shutdown
[2026.08.23-16.52.39:611][469]LogWindowsTextInputMethodSystem: Display: IME system deactivated.
[2026.08.23-16.52.39:617][469]LogExit: Preparing to exit.
[2026.08.23-16.52.40:478][469]LogUObjectHash: Compacting FUObjectHashTables data took   3.43ms
[2026.08.23-16.52.40:588][469]LogWorld: UWorld::CleanupWorld for World_2, bSessionEnded=true, bCleanupResources=true
[2026.08.23-16.52.40:592][469]LogWorld: UWorld::CleanupWorld for World_3, bSessionEnded=true, bCleanupResources=true
[2026.08.23-16.52.40:596][469]LogWorld: UWorld::CleanupWorld for World_5, bSessionEnded=true, bCleanupResources=true
[2026.08.23-16.52.40:599][469]LogWorld: UWorld::CleanupWorld for World_1, bSessionEnded=true, bCleanupResources=true
[2026.08.23-16.52.40:604][469]LogWorld: UWorld::CleanupWorld for World_0, bSessionEnded=true, bCleanupResources=true
[2026.08.23-16.52.40:607][469]LogWorld: UWorld::CleanupWorld for World_7, bSessionEnded=true, bCleanupResources=true
[2026.08.23-16.52.40:658][469]LogDemo: Cleaned up 0 splitscreen connections with owner deletion
[2026.08.23-16.52.40:671][469]LogWorld: UWorld::CleanupWorld for None, bSessionEnded=true, bCleanupResources=true
[2026.08.23-16.52.40:671][469]LogExit: Editor shut down
[2026.08.23-16.52.40:672][469]LogExit: Transaction tracking system shut down
[2026.08.23-16.52.40:970][469]LogExit: Object subsystem successfully closed.
[2026.08.23-16.52.40:996][469]LogShaderCompilers: Display: === FShaderJobCache stats ===
[2026.08.23-16.52.40:996][469]LogShaderCompilers: Display: Total job queries 0, among them cache hits 0 (0.00%)
[2026.08.23-16.52.40:996][469]LogShaderCompilers: Display: Tracking 0 distinct input hashes that result in 0 distinct outputs (0.00%)
[2026.08.23-16.52.40:996][469]LogShaderCompilers: Display: RAM used: 0.00 MB (0.00 GB) of 1638.40 MB (1.60 GB) budget. Usage: 0.00%
[2026.08.23-16.52.40:996][469]LogShaderCompilers: Display: ================================================
[2026.08.23-16.52.41:005][469]LogShaderCompilers: Display: Shaders left to compile 0
[2026.08.23-16.52.41:036][469]LogModuleManager: Shutting down and abandoning module MovieSceneCapture (884)
[2026.08.23-16.52.41:036][469]LogModuleManager: Shutting down and abandoning module Voice (882)
[2026.08.23-16.52.41:036][469]LogModuleManager: Shutting down and abandoning module BlueprintGraph (880)
[2026.08.23-16.52.41:036][469]LogModuleManager: Shutting down and abandoning module HierarchicalLODUtilities (878)
[2026.08.23-16.52.41:036][469]LogModuleManager: Shutting down and abandoning module NewLevelDialog (876)
[2026.08.23-16.52.41:036][469]LogModuleManager: Shutting down and abandoning module ExternalImagePicker (874)
[2026.08.23-16.52.41:036][469]LogModuleManager: Shutting down and abandoning module HierarchicalLODOutliner (872)
[2026.08.23-16.52.41:036][469]LogModuleManager: Shutting down and abandoning module AddContentDialog (870)
[2026.08.23-16.52.41:036][469]LogModuleManager: Shutting down and abandoning module WidgetCarousel (869)
[2026.08.23-16.52.41:036][469]LogModuleManager: Shutting down and abandoning module EditorWidgets (866)
[2026.08.23-16.52.41:036][469]LogModuleManager: Shutting down and abandoning module SceneOutliner (864)
[2026.08.23-16.52.41:036][469]LogModuleManager: Shutting down and abandoning module StatsViewer (860)
[2026.08.23-16.52.41:037][469]LogModuleManager: Shutting down and abandoning module PIEPreviewDeviceProfileSelector (858)
[2026.08.23-16.52.41:037][469]LogModuleManager: Shutting down and abandoning module SequenceRecorderSections (856)
[2026.08.23-16.52.41:037][469]LogModuleManager: Shutting down and abandoning module AutomationWorker (854)
[2026.08.23-16.52.41:037][469]LogModuleManager: Shutting down and abandoning module SteamVREditor (852)
[2026.08.23-16.52.41:037][469]LogModuleManager: Shutting down and abandoning module OculusMR (850)
[2026.08.23-16.52.41:037][469]LogModuleManager: Shutting down and abandoning module TakeRecorderSources (848)
[2026.08.23-16.52.41:037][469]LogModuleManager: Shutting down and abandoning module TakeRecorder (847)
[2026.08.23-16.52.41:037][469]LogModuleManager: Shutting down and abandoning module TakeTrackRecorders (844)
[2026.08.23-16.52.41:037][469]LogModuleManager: Shutting down and abandoning module TakesCore (842)
[2026.08.23-16.52.41:037][469]LogModuleManager: Shutting down and abandoning module OpenXRInput (840)
[2026.08.23-16.52.41:037][469]LogModuleManager: Shutting down and abandoning module GooglePADEditor (838)
[2026.08.23-16.52.41:037][469]LogModuleManager: Shutting down and abandoning module AudioCaptureEditor (836)
[2026.08.23-16.52.41:037][469]LogModuleManager: Shutting down and abandoning module TemplateSequenceEditor (834)
[2026.08.23-16.52.41:037][469]LogModuleManager: Shutting down and abandoning module LevelSequenceEditor (832)
[2026.08.23-16.52.41:037][469]LogModuleManager: Shutting down and abandoning module MatineeToLevelSequence (830)
[2026.08.23-16.52.41:037][469]LogModuleManager: Shutting down and abandoning module ActorSequenceEditor (828)
[2026.08.23-16.52.41:037][469]LogModuleManager: Shutting down and abandoning module WmfMediaFactory (826)
[2026.08.23-16.52.41:037][469]LogModuleManager: Shutting down and abandoning module WmfMediaEditor (824)
[2026.08.23-16.52.41:037][469]LogModuleManager: Shutting down and abandoning module WebMMediaFactory (822)
[2026.08.23-16.52.41:037][469]LogModuleManager: Shutting down and abandoning module WebMMediaEditor (820)
[2026.08.23-16.52.41:037][469]LogModuleManager: Shutting down and abandoning module WebMMedia (818)
[2026.08.23-16.52.41:037][469]LogModuleManager: Shutting down and abandoning module MediaPlayerEditor (816)
[2026.08.23-16.52.41:037][469]LogModuleManager: Shutting down and abandoning module MediaCompositingEditor (814)
[2026.08.23-16.52.41:037][469]LogModuleManager: Shutting down and abandoning module SequenceRecorder (813)
[2026.08.23-16.52.41:037][469]LogModuleManager: Shutting down and abandoning module OpenExrWrapper (810)
[2026.08.23-16.52.41:037][469]LogModuleManager: Shutting down and abandoning module ImgMediaFactory (808)
[2026.08.23-16.52.41:037][469]LogModuleManager: Shutting down and abandoning module ImgMediaEditor (806)
[2026.08.23-16.52.41:037][469]LogModuleManager: Shutting down and abandoning module PlanarCut (804)
[2026.08.23-16.52.41:037][469]LogModuleManager: Shutting down and abandoning module AvfMediaFactory (802)
[2026.08.23-16.52.41:037][469]LogModuleManager: Shutting down and abandoning module AvfMediaEditor (800)
[2026.08.23-16.52.41:037][469]LogModuleManager: Shutting down and abandoning module AndroidMediaFactory (798)
[2026.08.23-16.52.41:037][469]LogModuleManager: Shutting down and abandoning module AndroidMediaEditor (796)
[2026.08.23-16.52.41:037][469]LogModuleManager: Shutting down and abandoning module CharacterAI (794)
[2026.08.23-16.52.41:037][469]LogModuleManager: Shutting down and abandoning module MagicLeapMediaCodecFactory (792)
[2026.08.23-16.52.41:037][469]LogModuleManager: Shutting down and abandoning module MagicLeapMediaFactory (790)
[2026.08.23-16.52.41:037][469]LogModuleManager: Shutting down and abandoning module MagicLeapMediaEditor (788)
[2026.08.23-16.52.41:037][469]LogModuleManager: Shutting down and abandoning module TextureAlignMode (786)
[2026.08.23-16.52.41:037][469]LogModuleManager: Shutting down and abandoning module BspMode (784)
[2026.08.23-16.52.41:037][469]LogModuleManager: Shutting down and abandoning module GeometryMode (782)
[2026.08.23-16.52.41:038][469]LogModuleManager: Shutting down and abandoning module CameraShakePreviewer (780)
[2026.08.23-16.52.41:038][469]LogModuleManager: Shutting down and abandoning module SmartSnapping (778)
[2026.08.23-16.52.41:038][469]LogModuleManager: Shutting down and abandoning module SessionServices (776)
[2026.08.23-16.52.41:038][469]LogModuleManager: Shutting down and abandoning module MeshPaint (774)
[2026.08.23-16.52.41:038][469]LogModuleManager: Shutting down and abandoning module VirtualTexturingEditor (772)
[2026.08.23-16.52.41:038][469]LogModuleManager: Shutting down and abandoning module FoliageEdit (770)
[2026.08.23-16.52.41:038][469]LogModuleManager: Shutting down and abandoning module LandscapeEditor (768)
[2026.08.23-16.52.41:038][469]LogModuleManager: Shutting down and abandoning module MeshPaintMode (766)
[2026.08.23-16.52.41:038][469]LogModuleManager: Shutting down and abandoning module SceneDepthPickerMode (764)
[2026.08.23-16.52.41:038][469]LogModuleManager: Shutting down and abandoning module ActorPickerMode (762)
[2026.08.23-16.52.41:038][469]LogModuleManager: Shutting down and abandoning module PlacementMode (760)
[2026.08.23-16.52.41:038][469]LogModuleManager: Shutting down and abandoning module ViewportSnapping (758)
[2026.08.23-16.52.41:038][469]LogModuleManager: Shutting down and abandoning module ViewportInteraction (756)
[2026.08.23-16.52.41:038][469]LogModuleManager: Shutting down and abandoning module ClothPainter (754)
[2026.08.23-16.52.41:038][469]LogModuleManager: Shutting down and abandoning module SkeletalMeshEditor (753)
[2026.08.23-16.52.41:038][469]LogModuleManager: Shutting down and abandoning module LogVisualizer (750)
[2026.08.23-16.52.41:038][469]LogModuleManager: Shutting down and abandoning module IntroTutorials (748)
[2026.08.23-16.52.41:038][469]LogModuleManager: Shutting down and abandoning module GameProjectGeneration (747)
[2026.08.23-16.52.41:038][469]LogModuleManager: Shutting down and abandoning module LuminPlatformEditor (744)
[2026.08.23-16.52.41:038][469]LogModuleManager: Shutting down and abandoning module IOSPlatformEditor (742)
[2026.08.23-16.52.41:038][469]LogModuleManager: Shutting down and abandoning module AndroidPlatformEditor (740)
[2026.08.23-16.52.41:038][469]LogModuleManager: Shutting down and abandoning module AndroidDeviceDetection (739)
[2026.08.23-16.52.41:859][469]LogModuleManager: Shutting down and abandoning module WindowsPlatformEditor (736)
[2026.08.23-16.52.41:859][469]LogModuleManager: Shutting down and abandoning module LuminRuntimeSettings (734)
[2026.08.23-16.52.41:859][469]LogModuleManager: Shutting down and abandoning module IOSRuntimeSettings (732)
[2026.08.23-16.52.41:859][469]LogModuleManager: Shutting down and abandoning module AndroidRuntimeSettings (730)
[2026.08.23-16.52.41:859][469]LogModuleManager: Shutting down and abandoning module TraceInsights (728)
[2026.08.23-16.52.41:860][469]MemoryProfiler: Shutdown
[2026.08.23-16.52.41:860][469]NetworkingProfiler: Shutdown
[2026.08.23-16.52.41:860][469]LoadingProfiler: Shutdown
[2026.08.23-16.52.41:860][469]TimingProfiler: Shutdown
[2026.08.23-16.52.41:862][469]LogModuleManager: Shutting down and abandoning module TraceServices (727)
[2026.08.23-16.52.41:862][469]LogModuleManager: Shutting down and abandoning module EditorInteractiveToolsFramework (724)
[2026.08.23-16.52.41:862][469]LogModuleManager: Shutting down and abandoning module TimeManagementEditor (722)
[2026.08.23-16.52.41:862][469]LogModuleManager: Shutting down and abandoning module InputBindingEditor (720)
[2026.08.23-16.52.41:862][469]LogModuleManager: Shutting down and abandoning module MergeActors (718)
[2026.08.23-16.52.41:862][469]LogModuleManager: Shutting down and abandoning module LocalizationDashboard (716)
[2026.08.23-16.52.41:862][469]LogModuleManager: Shutting down and abandoning module LocalizationService (715)
[2026.08.23-16.52.41:862][469]LogModuleManager: Shutting down and abandoning module HardwareTargeting (712)
[2026.08.23-16.52.41:862][469]LogModuleManager: Shutting down and abandoning module DeviceProfileEditor (710)
[2026.08.23-16.52.41:862][469]LogModuleManager: Shutting down and abandoning module UndoHistory (708)
[2026.08.23-16.52.41:862][469]LogModuleManager: Shutting down and abandoning module XmlParser (706)
[2026.08.23-16.52.41:862][469]LogModuleManager: Shutting down and abandoning module Blutility (704)
[2026.08.23-16.52.41:862][469]LogModuleManager: Shutting down and abandoning module ProjectSettingsViewer (702)
[2026.08.23-16.52.41:862][469]LogModuleManager: Shutting down and abandoning module ProjectTargetPlatformEditor (701)
[2026.08.23-16.52.41:863][469]LogModuleManager: Shutting down and abandoning module EditorSettingsViewer (698)
[2026.08.23-16.52.41:863][469]LogModuleManager: Shutting down and abandoning module InternationalizationSettings (697)
[2026.08.23-16.52.41:863][469]LogModuleManager: Shutting down and abandoning module SettingsEditor (694)
[2026.08.23-16.52.41:863][469]LogModuleManager: Shutting down and abandoning module ProjectLauncher (692)
[2026.08.23-16.52.41:863][469]LogModuleManager: Shutting down and abandoning module SessionFrontend (690)
[2026.08.23-16.52.41:863][469]LogModuleManager: Shutting down and abandoning module ProfilerClient (688)
[2026.08.23-16.52.41:863][469]LogModuleManager: Shutting down and abandoning module DeviceManager (686)
[2026.08.23-16.52.41:863][469]LogModuleManager: Shutting down and abandoning module TargetDeviceServices (685)
[2026.08.23-16.52.41:895][469]LogModuleManager: Shutting down and abandoning module AutomationController (682)
[2026.08.23-16.52.41:895][469]LogModuleManager: Shutting down and abandoning module AutomationWindow (680)
[2026.08.23-16.52.41:895][469]LogModuleManager: Shutting down and abandoning module Layers (678)
[2026.08.23-16.52.41:895][469]LogModuleManager: Shutting down and abandoning module ComponentVisualizers (676)
[2026.08.23-16.52.41:895][469]LogModuleManager: Shutting down and abandoning module DetailCustomizations (674)
[2026.08.23-16.52.41:895][469]LogModuleManager: Shutting down and abandoning module PackagesDialog (672)
[2026.08.23-16.52.41:895][469]LogModuleManager: Shutting down and abandoning module AnimationBlueprintEditor (670)
[2026.08.23-16.52.41:895][469]LogModuleManager: Shutting down and abandoning module Persona (668)
[2026.08.23-16.52.41:895][469]LogModuleManager: Shutting down and abandoning module AdvancedPreviewScene (667)
[2026.08.23-16.52.41:895][469]LogModuleManager: Shutting down and abandoning module AnimGraph (665)
[2026.08.23-16.52.41:895][469]LogModuleManager: Shutting down and abandoning module Kismet (662)
[2026.08.23-16.52.41:908][469]LogModuleManager: Shutting down and abandoning module KismetWidgets (661)
[2026.08.23-16.52.41:908][469]LogModuleManager: Shutting down and abandoning module GraphEditor (658)
[2026.08.23-16.52.41:908][469]LogModuleManager: Shutting down and abandoning module StructViewer (656)
[2026.08.23-16.52.41:908][469]LogModuleManager: Shutting down and abandoning module ClassViewer (654)
[2026.08.23-16.52.41:910][469]LogModuleManager: Shutting down and abandoning module Toolbox (652)
[2026.08.23-16.52.41:910][469]LogModuleManager: Shutting down and abandoning module ModuleUI (650)
[2026.08.23-16.52.41:910][469]LogModuleManager: Shutting down and abandoning module OutputLog (648)
[2026.08.23-16.52.41:910][469]LogModuleManager: Shutting down and abandoning module GammaUI (646)
[2026.08.23-16.52.41:910][469]LogModuleManager: Shutting down and abandoning module Documentation (644)
[2026.08.23-16.52.41:910][469]LogModuleManager: Shutting down and abandoning module LiveCoding (642)
[2026.08.23-16.52.41:911][469]LogModuleManager: Shutting down and abandoning module LevelSequence (640)
[2026.08.23-16.52.41:911][469]LogModuleManager: Shutting down and abandoning module MovieSceneTracks (638)
[2026.08.23-16.52.41:911][469]LogModuleManager: Shutting down and abandoning module MovieScene (636)
[2026.08.23-16.52.41:911][469]LogModuleManager: Shutting down and abandoning module StreamingPauseRendering (634)
[2026.08.23-16.52.41:911][469]LogModuleManager: Shutting down and abandoning module LauncherPlatform (632)
[2026.08.23-16.52.41:911][469]LogModuleManager: Shutting down and abandoning module AnalyticsET (630)
[2026.08.23-16.52.41:911][469]LogModuleManager: Shutting down and abandoning module PortalServices (628)
[2026.08.23-16.52.41:911][469]LogModuleManager: Shutting down and abandoning module PortalRpc (626)
[2026.08.23-16.52.41:911][469]LogModuleManager: Shutting down and abandoning module MessagingRpc (624)
[2026.08.23-16.52.41:911][469]LogModuleManager: Shutting down and abandoning module AudioMixerXAudio2 (622)
[2026.08.23-16.52.41:911][469]LogModuleManager: Shutting down and abandoning module AudioMixerCore (621)
[2026.08.23-16.52.41:911][469]LogModuleManager: Shutting down and abandoning module AIModule (618)
[2026.08.23-16.52.41:911][469]LogModuleManager: Shutting down and abandoning module GameplayDebugger (617)
[2026.08.23-16.52.41:911][469]LogModuleManager: Shutting down and abandoning module AITestSuite (615)
[2026.08.23-16.52.41:911][469]LogModuleManager: Shutting down and abandoning module NavigationSystem (613)
[2026.08.23-16.52.41:911][469]LogModuleManager: Shutting down and abandoning module ImageWriteQueue (610)
[2026.08.23-16.52.41:915][469]LogModuleManager: Shutting down and abandoning module ProfilerService (608)
[2026.08.23-16.52.42:150][469]LogModuleManager: Shutting down and abandoning module TaskGraph (606)
[2026.08.23-16.52.42:150][469]LogModuleManager: Shutting down and abandoning module AudioSynesthesiaEditor (604)
[2026.08.23-16.52.42:150][469]LogModuleManager: Shutting down and abandoning module OculusEditor (602)
[2026.08.23-16.52.42:150][469]LogModuleManager: Shutting down and abandoning module OculusInput (600)
[2026.08.23-16.52.42:150][469]LogModuleManager: Shutting down and abandoning module ContentBrowserFileDataSource (598)
[2026.08.23-16.52.42:150][469]LogModuleManager: Shutting down and abandoning module ContentBrowserClassDataSource (596)
[2026.08.23-16.52.42:150][469]LogModuleManager: Shutting down and abandoning module ContentBrowserAssetDataSource (594)
[2026.08.23-16.52.42:150][469]LogModuleManager: Shutting down and abandoning module CollectionManager (593)
[2026.08.23-16.52.42:150][469]LogModuleManager: Shutting down and abandoning module TakeSequencer (590)
[2026.08.23-16.52.42:151][469]LogModuleManager: Shutting down and abandoning module TakeMovieScene (588)
[2026.08.23-16.52.42:151][469]LogModuleManager: Shutting down and abandoning module SynthesisEditor (586)
[2026.08.23-16.52.42:151][469]LogModuleManager: Shutting down and abandoning module Synthesis (584)
[2026.08.23-16.52.42:151][469]LogModuleManager: Shutting down and abandoning module ProceduralMeshComponentEditor (582)
[2026.08.23-16.52.42:151][469]LogModuleManager: Shutting down and abandoning module ProceduralMeshComponent (580)
[2026.08.23-16.52.42:151][469]LogModuleManager: Shutting down and abandoning module OpenXREditor (578)
[2026.08.23-16.52.42:151][469]LogModuleManager: Shutting down and abandoning module MobilePatchingUtils (576)
[2026.08.23-16.52.42:151][469]LogModuleManager: Shutting down and abandoning module GooglePAD (574)
[2026.08.23-16.52.42:151][469]LogModuleManager: Shutting down and abandoning module ScreenshotTools (572)
[2026.08.23-16.52.42:151][469]LogModuleManager: Shutting down and abandoning module AssetTags (570)
[2026.08.23-16.52.42:151][469]LogModuleManager: Shutting down and abandoning module EditableMesh (568)
[2026.08.23-16.52.42:151][469]LogModuleManager: Shutting down and abandoning module CustomMeshComponent (566)
[2026.08.23-16.52.42:151][469]LogModuleManager: Shutting down and abandoning module CableComponent (564)
[2026.08.23-16.52.42:151][469]LogModuleManager: Shutting down and abandoning module AudioCapture (562)
[2026.08.23-16.52.42:151][469]LogModuleManager: Shutting down and abandoning module AudioCaptureRtAudio (561)
[2026.08.23-16.52.42:151][469]LogModuleManager: Shutting down and abandoning module ArchVisCharacter (558)
[2026.08.23-16.52.42:151][469]LogModuleManager: Shutting down and abandoning module AndroidPermission (556)
[2026.08.23-16.52.42:151][469]LogModuleManager: Shutting down and abandoning module AppleImageUtilsBlueprintSupport (554)
[2026.08.23-16.52.42:151][469]LogModuleManager: Shutting down and abandoning module AppleImageUtils (552)
[2026.08.23-16.52.42:151][469]LogModuleManager: Shutting down and abandoning module ActorLayerUtilitiesEditor (550)
[2026.08.23-16.52.42:151][469]LogModuleManager: Shutting down and abandoning module ActorLayerUtilities (548)
[2026.08.23-16.52.42:151][469]LogModuleManager: Shutting down and abandoning module TemplateSequence (546)
[2026.08.23-16.52.42:151][469]LogModuleManager: Shutting down and abandoning module MediaCompositing (544)
[2026.08.23-16.52.42:151][469]LogModuleManager: Shutting down and abandoning module ImgMedia (542)
[2026.08.23-16.52.42:151][469]LogModuleManager: Shutting down and abandoning module MotoSynthEditor (540)
[2026.08.23-16.52.42:151][469]LogModuleManager: Shutting down and abandoning module MotoSynth (538)
[2026.08.23-16.52.42:151][469]LogModuleManager: Shutting down and abandoning module OpenImageDenoise (536)
[2026.08.23-16.52.42:151][469]LogOpenImageDenoise: OIDN shutting down
[2026.08.23-16.52.42:151][469]LogModuleManager: Shutting down and abandoning module MeshConversion (534)
[2026.08.23-16.52.42:151][469]LogModuleManager: Shutting down and abandoning module DynamicMesh (532)
[2026.08.23-16.52.42:151][469]LogModuleManager: Shutting down and abandoning module GeometryAlgorithms (530)
[2026.08.23-16.52.42:151][469]LogModuleManager: Shutting down and abandoning module GeometricObjects (528)
[2026.08.23-16.52.42:151][469]LogModuleManager: Shutting down and abandoning module GeometryCacheTracks (526)
[2026.08.23-16.52.42:151][469]LogModuleManager: Shutting down and abandoning module GeometryCacheStreamer (524)
[2026.08.23-16.52.42:151][469]LogModuleManager: Shutting down and abandoning module GeometryCacheSequencer (522)
[2026.08.23-16.52.42:151][469]LogModuleManager: Shutting down and abandoning module GeometryCollectionTracks (520)
[2026.08.23-16.52.42:151][469]LogModuleManager: Shutting down and abandoning module GeometryCollectionSequencer (519)
[2026.08.23-16.52.42:151][469]LogModuleManager: Shutting down and abandoning module GeometryCollectionEditor (516)
[2026.08.23-16.52.42:151][469]LogModuleManager: Shutting down and abandoning module FractureEditor (514)
[2026.08.23-16.52.42:151][469]LogModuleManager: Shutting down and abandoning module ChaosSolverEditor (512)
[2026.08.23-16.52.42:151][469]LogModuleManager: Shutting down and abandoning module ChaosNiagara (510)
[2026.08.23-16.52.42:151][469]LogModuleManager: Shutting down and abandoning module FieldSystemEngine (509)
[2026.08.23-16.52.42:151][469]LogModuleManager: Shutting down and abandoning module ChaosClothEditor (506)
[2026.08.23-16.52.42:151][469]LogModuleManager: Shutting down and abandoning module AutomationUtilsEditor (504)
[2026.08.23-16.52.42:151][469]LogModuleManager: Shutting down and abandoning module AutomationUtils (502)
[2026.08.23-16.52.42:151][469]LogModuleManager: Shutting down and abandoning module BackChannel (500)
[2026.08.23-16.52.42:151][469]LogModuleManager: Shutting down and abandoning module AlembicImporter (498)
[2026.08.23-16.52.42:151][469]LogModuleManager: Shutting down and abandoning module AlembicLibrary (497)
[2026.08.23-16.52.42:151][469]LogModuleManager: Shutting down and abandoning module GeometryCache (496)
[2026.08.23-16.52.42:151][469]LogModuleManager: Shutting down and abandoning module GeometryCacheEd (495)
[2026.08.23-16.52.42:151][469]LogModuleManager: Shutting down and abandoning module MagicLeapSharedWorld (490)
[2026.08.23-16.52.42:151][469]LogModuleManager: Shutting down and abandoning module MagicLeapLightEstimation (488)
[2026.08.23-16.52.42:151][469]LogModuleManager: Shutting down and abandoning module SubversionSourceControl (486)
[2026.08.23-16.52.42:152][469]LogModuleManager: Shutting down and abandoning module VisualStudioCodeSourceCodeAccess (484)
[2026.08.23-16.52.42:152][469]LogModuleManager: Shutting down and abandoning module VisualStudioSourceCodeAccess (482)
[2026.08.23-16.52.42:152][469]LogModuleManager: Shutting down and abandoning module MagicLeapHelperVulkan (480)
[2026.08.23-16.52.42:152][469]LogModuleManager: Shutting down and abandoning module MagicLeapHelperOpenGL (478)
[2026.08.23-16.52.42:152][469]LogModuleManager: Shutting down and abandoning module MagicLeapAudio (476)
[2026.08.23-16.52.42:152][469]LogModuleManager: Shutting down and abandoning module UObjectPlugin (474)
[2026.08.23-16.52.42:152][469]LogModuleManager: Shutting down and abandoning module NiagaraEditorWidgets (472)
[2026.08.23-16.52.42:152][469]LogModuleManager: Shutting down and abandoning module RiderSourceCodeAccess (470)
[2026.08.23-16.52.42:152][469]LogModuleManager: Shutting down and abandoning module PluginUtils (468)
[2026.08.23-16.52.42:152][469]LogModuleManager: Shutting down and abandoning module PlasticSourceControl (466)
[2026.08.23-16.52.42:152][469]LogModuleManager: Shutting down and abandoning module SpeedTreeImporter (464)
[2026.08.23-16.52.42:152][469]LogModuleManager: Shutting down and abandoning module PluginBrowser (462)
[2026.08.23-16.52.42:152][469]LogModuleManager: Shutting down and abandoning module GitSourceControl (460)
[2026.08.23-16.52.42:152][469]LogModuleManager: Shutting down and abandoning module MobileLauncherProfileWizard (458)
[2026.08.23-16.52.42:152][469]LogModuleManager: Shutting down and abandoning module PerforceSourceControl (456)
[2026.08.23-16.52.42:152][469]LogModuleManager: Shutting down and abandoning module SourceControl (455)
[2026.08.23-16.52.42:152][469]LogModuleManager: Shutting down and abandoning module MaterialAnalyzer (452)
[2026.08.23-16.52.42:152][469]LogModuleManager: Shutting down and abandoning module CLionSourceCodeAccess (450)
[2026.08.23-16.52.42:152][469]LogModuleManager: Shutting down and abandoning module AnimationSharingEd (448)
[2026.08.23-16.52.42:152][469]LogModuleManager: Shutting down and abandoning module CurveEditorTools (446)
[2026.08.23-16.52.42:152][469]LogModuleManager: Shutting down and abandoning module CryptoKeysOpenSSL (444)
[2026.08.23-16.52.42:152][469]LogModuleManager: Shutting down and abandoning module CryptoKeys (442)
[2026.08.23-16.52.42:152][469]LogModuleManager: Shutting down and abandoning module VariantManagerContentEditor (440)
[2026.08.23-16.52.42:152][469]LogModuleManager: Shutting down and abandoning module OodleNetworkHandlerComponent (438)
[2026.08.23-16.52.42:152][469]LogModuleManager: Shutting down and abandoning module DatasmithContentEditor (436)
[2026.08.23-16.52.42:152][469]LogModuleManager: Shutting down and abandoning module LightPropagationVolumeEditor (434)
[2026.08.23-16.52.42:152][469]LogModuleManager: Shutting down and abandoning module LiveLinkSequencer (432)
[2026.08.23-16.52.42:152][469]LogModuleManager: Shutting down and abandoning module LiveLinkMovieScene (430)
[2026.08.23-16.52.42:152][469]LogModuleManager: Shutting down and abandoning module LiveLinkGraphNode (428)
[2026.08.23-16.52.42:152][469]LogModuleManager: Shutting down and abandoning module LiveLinkEditor (426)
[2026.08.23-16.52.42:152][469]LogModuleManager: Shutting down and abandoning module LiveLinkComponents (424)
[2026.08.23-16.52.42:152][469]LogModuleManager: Shutting down and abandoning module LiveLink (422)
[2026.08.23-16.52.42:519][469]LogModuleManager: Shutting down and abandoning module PaperTiledImporter (420)
[2026.08.23-16.52.42:519][469]LogModuleManager: Shutting down and abandoning module PaperSpriteSheetImporter (418)
[2026.08.23-16.52.42:519][469]LogModuleManager: Shutting down and abandoning module Paper2DEditor (416)
[2026.08.23-16.52.42:520][469]LogModuleManager: Shutting down and abandoning module MeshPaintingToolset (414)
[2026.08.23-16.52.42:520][469]LogModuleManager: Shutting down and abandoning module MeshPaintEditorMode (412)
[2026.08.23-16.52.42:520][469]LogModuleManager: Shutting down and abandoning module PhysXVehiclesEditor (410)
[2026.08.23-16.52.42:520][469]LogModuleManager: Shutting down and abandoning module SoundFields (406)
[2026.08.23-16.52.42:520][469]LogModuleManager: Shutting down and abandoning module SignificanceManager (404)
[2026.08.23-16.52.42:520][469]LogModuleManager: Shutting down and abandoning module RuntimePhysXCooking (402)
[2026.08.23-16.52.42:520][469]LogModuleManager: Shutting down and abandoning module PropertyAccessEditor (400)
[2026.08.23-16.52.42:520][469]LogModuleManager: Shutting down and abandoning module LocationServicesBPLibrary (398)
[2026.08.23-16.52.42:520][469]LogModuleManager: Shutting down and abandoning module AudioSynesthesia (396)
[2026.08.23-16.52.42:520][469]LogModuleManager: Shutting down and abandoning module AudioSynesthesiaCore (394)
[2026.08.23-16.52.42:520][469]LogModuleManager: Shutting down and abandoning module UdpMessaging (392)
[2026.08.23-16.52.42:621][469]LogModuleManager: Shutting down and abandoning module TcpMessaging (390)
[2026.08.23-16.52.42:721][469]LogModuleManager: Shutting down and abandoning module ActorSequence (388)
[2026.08.23-16.52.42:721][469]LogModuleManager: Shutting down and abandoning module PythonScriptPlugin (386)
[2026.08.23-16.52.42:721][469]LogModuleManager: Shutting down and abandoning module ImgMediaEngine (384)
[2026.08.23-16.52.42:721][469]LogModuleManager: Shutting down and abandoning module MagicLeapARPin (382)
[2026.08.23-16.52.42:721][469]LogModuleManager: Shutting down and abandoning module MagicLeapHandMeshing (380)
[2026.08.23-16.52.42:721][469]LogModuleManager: Shutting down and abandoning module MagicLeapSecureStorage (378)
[2026.08.23-16.52.42:721][469]LogModuleManager: Shutting down and abandoning module MagicLeapPrivileges (376)
[2026.08.23-16.52.42:721][469]LogModuleManager: Shutting down and abandoning module MagicLeapPlanes (374)
[2026.08.23-16.52.42:721][469]LogMagicLeapPlanes: Planes tracker already destroyed.
[2026.08.23-16.52.42:721][469]LogModuleManager: Shutting down and abandoning module MagicLeapImageTracker (372)
[2026.08.23-16.52.42:721][469]LogModuleManager: Shutting down and abandoning module MagicLeapIdentity (370)
[2026.08.23-16.52.42:721][469]LogModuleManager: Shutting down and abandoning module MagicLeapHandTracking (368)
[2026.08.23-16.52.42:721][469]LogModuleManager: Shutting down and abandoning module MagicLeapEyeTracker (366)
[2026.08.23-16.52.42:721][469]LogModuleManager: Shutting down and abandoning module MagicLeapController (364)
[2026.08.23-16.52.42:721][469]LogModuleManager: Shutting down and abandoning module MagicLeapARPinImpl (362)
[2026.08.23-16.52.42:721][469]LogModuleManager: Shutting down and abandoning module MagicLeapAR (360)
[2026.08.23-16.52.42:721][469]LogModuleManager: Shutting down and abandoning module PropertyAccessNode (358)
[2026.08.23-16.52.42:721][469]LogModuleManager: Shutting down and abandoning module NiagaraAnimNotifies (356)
[2026.08.23-16.52.42:721][469]LogModuleManager: Shutting down and abandoning module Niagara (354)
[2026.08.23-16.52.42:721][469]LogModuleManager: Shutting down and abandoning module SignalProcessing (353)
[2026.08.23-16.52.42:721][469]LogModuleManager: Shutting down and abandoning module NiagaraEditor (351)
[2026.08.23-16.52.42:721][469]LogModuleManager: Shutting down and abandoning module NiagaraCore (348)
[2026.08.23-16.52.42:721][469]LogModuleManager: Shutting down and abandoning module GameplayTagsEditor (346)
[2026.08.23-16.52.42:721][469]LogModuleManager: Shutting down and abandoning module FacialAnimationEditor (344)
[2026.08.23-16.52.42:721][469]LogModuleManager: Shutting down and abandoning module FacialAnimation (342)
[2026.08.23-16.52.42:721][469]LogModuleManager: Shutting down and abandoning module DataValidation (340)
[2026.08.23-16.52.42:721][469]LogModuleManager: Shutting down and abandoning module AnimationSharing (338)
[2026.08.23-16.52.42:721][469]LogModuleManager: Shutting down and abandoning module GameplayCameras (336)
[2026.08.23-16.52.42:721][469]LogModuleManager: Shutting down and abandoning module AssetManagerEditor (334)
[2026.08.23-16.52.42:722][469]LogModuleManager: Shutting down and abandoning module LevelEditor (333)
[2026.08.23-16.52.42:723][469]LogModuleManager: Shutting down and abandoning module PixelInspectorModule (332)
[2026.08.23-16.52.42:723][469]LogModuleManager: Shutting down and abandoning module CommonMenuExtensions (330)
[2026.08.23-16.52.42:723][469]LogModuleManager: Shutting down and abandoning module MainFrame (328)
[2026.08.23-16.52.42:723][469]LogModuleManager: Shutting down and abandoning module HotReload (327)
[2026.08.23-16.52.42:723][469]LogModuleManager: Shutting down and abandoning module ToolMenus (323)
[2026.08.23-16.52.42:723][469]LogModuleManager: Shutting down and abandoning module ContentBrowser (321)
[2026.08.23-16.52.42:723][469]LogModuleManager: Shutting down and abandoning module ContentBrowserData (320)
[2026.08.23-16.52.42:723][469]LogModuleManager: Shutting down and abandoning module TreeMap (317)
[2026.08.23-16.52.42:723][469]LogModuleManager: Shutting down and abandoning module LightPropagationVolumeRuntime (314)
[2026.08.23-16.52.42:723][469]LogModuleManager: Shutting down and abandoning module EnvironmentQueryEditor (312)
[2026.08.23-16.52.42:723][469]LogModuleManager: Shutting down and abandoning module Paper2D (310)
[2026.08.23-16.52.42:723][469]LogModuleManager: Shutting down and abandoning module WindowsMoviePlayer (308)
[2026.08.23-16.52.42:725][469]LogModuleManager: Shutting down and abandoning module WebMMoviePlayer (306)
[2026.08.23-16.52.42:725][469]LogModuleManager: Shutting down and abandoning module NetworkReplayStreaming (304)
[2026.08.23-16.52.42:725][469]LogModuleManager: Shutting down and abandoning module PacketHandler (302)
[2026.08.23-16.52.42:725][469]LogModuleManager: Shutting down and abandoning module ClothingSystemEditor (300)
[2026.08.23-16.52.42:725][469]LogModuleManager: Shutting down and abandoning module ClothingSystemRuntimeNv (298)
[2026.08.23-16.52.42:725][469]LogModuleManager: Shutting down and abandoning module MediaAssets (296)
[2026.08.23-16.52.42:725][469]LogModuleManager: Shutting down and abandoning module Overlay (294)
[2026.08.23-16.52.42:725][469]LogModuleManager: Shutting down and abandoning module OverlayEditor (293)
[2026.08.23-16.52.42:725][469]LogModuleManager: Shutting down and abandoning module VREditor (290)
[2026.08.23-16.52.42:725][469]LogModuleManager: Shutting down and abandoning module StringTableEditor (288)
[2026.08.23-16.52.42:725][469]LogModuleManager: Shutting down and abandoning module GameplayTasksEditor (286)
[2026.08.23-16.52.42:725][469]LogModuleManager: Shutting down and abandoning module BehaviorTreeEditor (284)
[2026.08.23-16.52.42:725][469]LogModuleManager: Shutting down and abandoning module FunctionalTesting (282)
[2026.08.23-16.52.42:725][469]LogModuleManager: Shutting down and abandoning module CollisionAnalyzer (280)
[2026.08.23-16.52.42:725][469]LogModuleManager: Shutting down and abandoning module WorkspaceMenuStructure (279)
[2026.08.23-16.52.42:725][469]LogModuleManager: Shutting down and abandoning module UMG (276)
[2026.08.23-16.52.42:725][469]LogModuleManager: Shutting down and abandoning module UMGEditor (275)
[2026.08.23-16.52.42:725][469]LogModuleManager: Shutting down and abandoning module MessageLog (273)
[2026.08.23-16.52.42:725][469]LogModuleManager: Shutting down and abandoning module SlateReflector (268)
[2026.08.23-16.52.42:725][469]LogModuleManager: Shutting down and abandoning module Slate (266)
[2026.08.23-16.52.42:725][469]LogModuleManager: Shutting down and abandoning module SlateCore (264)
[2026.08.23-16.52.42:726][469]LogModuleManager: Shutting down and abandoning module LandscapeEditorUtilities (262)
[2026.08.23-16.52.42:726][469]LogModuleManager: Shutting down and abandoning module UnrealEd (260)
[2026.08.23-16.52.42:726][469]LogModuleManager: Shutting down and abandoning module MRMesh (258)
[2026.08.23-16.52.42:726][469]LogModuleManager: Shutting down and abandoning module SourceCodeAccess (256)
[2026.08.23-16.52.42:726][469]LogModuleManager: Shutting down and abandoning module HeadMountedDisplay (254)
[2026.08.23-16.52.42:726][469]LogModuleManager: Shutting down and abandoning module XAudio2 (252)
[2026.08.23-16.52.42:726][469]LogModuleManager: Shutting down and abandoning module Networking (250)
[2026.08.23-16.52.42:726][469]LogModuleManager: Shutting down and abandoning module Core (248)
[2026.08.23-16.52.42:726][469]LogModuleManager: Shutting down and abandoning module MaterialEditor (246)
[2026.08.23-16.52.42:727][469]LogModuleManager: Shutting down and abandoning module MovieSceneTools (244)
[2026.08.23-16.52.42:727][469]LogModuleManager: Shutting down and abandoning module CurveEditor (243)
[2026.08.23-16.52.42:727][469]LogModuleManager: Shutting down and abandoning module Sequencer (241)
[2026.08.23-16.52.42:727][469]LogModuleManager: Shutting down and abandoning module EditorStyle (240)
[2026.08.23-16.52.42:728][469]LogModuleManager: Shutting down and abandoning module KismetCompiler (236)
[2026.08.23-16.52.42:728][469]LogModuleManager: Shutting down and abandoning module MeshBuilder (234)
[2026.08.23-16.52.42:728][469]LogModuleManager: Shutting down and abandoning module MeshUtilities (232)
[2026.08.23-16.52.42:728][469]LogModuleManager: Shutting down and abandoning module MeshMergeUtilities (231)
[2026.08.23-16.52.42:728][469]LogModuleManager: Shutting down and abandoning module MeshReductionInterface (230)
[2026.08.23-16.52.42:728][469]LogModuleManager: Shutting down and abandoning module MeshBoneReduction (229)
[2026.08.23-16.52.42:728][469]LogModuleManager: Shutting down and abandoning module SkeletalMeshReduction (227)
[2026.08.23-16.52.42:728][469]LogModuleManager: Shutting down and abandoning module ProxyLODMeshReduction (225)
[2026.08.23-16.52.42:728][469]LogModuleManager: Shutting down and abandoning module QuadricMeshReduction (223)
[2026.08.23-16.52.42:728][469]LogModuleManager: Shutting down and abandoning module MaterialBaking (219)
[2026.08.23-16.52.42:728][469]LogModuleManager: Shutting down and abandoning module NullInstallBundleManager (214)
[2026.08.23-16.52.42:728][469]LogModuleManager: Shutting down and abandoning module DerivedDataCache (212)
[2026.08.23-16.52.42:728][469]LogModuleManager: Shutting down and abandoning module TargetPlatform (210)
[2026.08.23-16.52.42:728][469]LogModuleManager: Shutting down and abandoning module VulkanShaderFormat (209)
[2026.08.23-16.52.42:728][469]LogModuleManager: Shutting down and abandoning module ShaderFormatVectorVM (207)
[2026.08.23-16.52.42:728][469]LogModuleManager: Shutting down and abandoning module ShaderFormatOpenGL (205)
[2026.08.23-16.52.42:728][469]LogModuleManager: Shutting down and abandoning module ShaderFormatD3D (203)
[2026.08.23-16.52.42:728][469]LogModuleManager: Shutting down and abandoning module MetalShaderFormat (201)
[2026.08.23-16.52.42:728][469]LogModuleManager: Shutting down and abandoning module TextureFormatOodle (199)
[2026.08.23-16.52.42:728][469]LogModuleManager: Shutting down and abandoning module TextureFormatUncompressed (197)
[2026.08.23-16.52.42:728][469]LogModuleManager: Shutting down and abandoning module TextureFormatPVR (195)
[2026.08.23-16.52.42:728][469]LogModuleManager: Shutting down and abandoning module TextureFormatETC2 (193)
[2026.08.23-16.52.42:728][469]LogModuleManager: Shutting down and abandoning module TextureFormatDXT (191)
[2026.08.23-16.52.42:728][469]LogModuleManager: Shutting down and abandoning module TextureFormatIntelISPCTexComp (189)
[2026.08.23-16.52.42:729][469]LogModuleManager: Shutting down and abandoning module TextureFormatASTC (187)
[2026.08.23-16.52.42:729][469]LogModuleManager: Shutting down and abandoning module ImageWrapper (186)
[2026.08.23-16.52.42:729][469]LogModuleManager: Shutting down and abandoning module AudioFormatOpus (183)
[2026.08.23-16.52.42:729][469]LogModuleManager: Shutting down and abandoning module AudioFormatOgg (181)
[2026.08.23-16.52.42:729][469]LogModuleManager: Shutting down and abandoning module AudioFormatADPCM (179)
[2026.08.23-16.52.42:729][469]LogModuleManager: Shutting down and abandoning module WindowsServerTargetPlatform (177)
[2026.08.23-16.52.42:729][469]LogModuleManager: Shutting down and abandoning module WindowsClientTargetPlatform (175)
[2026.08.23-16.52.42:729][469]LogModuleManager: Shutting down and abandoning module WindowsTargetPlatform (173)
[2026.08.23-16.52.42:729][469]LogModuleManager: Shutting down and abandoning module WindowsNoEditorTargetPlatform (171)
[2026.08.23-16.52.42:729][469]LogModuleManager: Shutting down and abandoning module TVOSTargetPlatform (169)
[2026.08.23-16.52.42:729][469]LogModuleManager: Shutting down and abandoning module MacServerTargetPlatform (167)
[2026.08.23-16.52.42:729][469]LogModuleManager: Shutting down and abandoning module MacClientTargetPlatform (165)
[2026.08.23-16.52.42:729][469]LogModuleManager: Shutting down and abandoning module MacTargetPlatform (163)
[2026.08.23-16.52.42:729][469]LogModuleManager: Shutting down and abandoning module MacNoEditorTargetPlatform (161)
[2026.08.23-16.52.42:730][469]LogModuleManager: Shutting down and abandoning module LuminTargetPlatform (159)
[2026.08.23-16.52.42:730][469]LogModuleManager: Shutting down and abandoning module LinuxAArch64ServerTargetPlatform (157)
[2026.08.23-16.52.42:730][469]LogModuleManager: Shutting down and abandoning module LinuxAArch64ClientTargetPlatform (155)
[2026.08.23-16.52.42:730][469]LogModuleManager: Shutting down and abandoning module LinuxAArch64NoEditorTargetPlatform (153)
[2026.08.23-16.52.42:730][469]LogModuleManager: Shutting down and abandoning module LinuxServerTargetPlatform (151)
[2026.08.23-16.52.42:730][469]LogModuleManager: Shutting down and abandoning module LinuxClientTargetPlatform (149)
[2026.08.23-16.52.42:730][469]LogModuleManager: Shutting down and abandoning module LinuxNoEditorTargetPlatform (147)
[2026.08.23-16.52.42:730][469]LogModuleManager: Shutting down and abandoning module LinuxTargetPlatform (145)
[2026.08.23-16.52.42:730][469]LogModuleManager: Shutting down and abandoning module Messaging (143)
[2026.08.23-16.52.42:730][469]LogModuleManager: Shutting down and abandoning module IOSTargetPlatform (141)
[2026.08.23-16.52.42:731][469]LogModuleManager: Shutting down and abandoning module AndroidTargetPlatform (139)
[2026.08.23-16.52.42:734][469]LogModuleManager: Shutting down and abandoning module AllDesktopTargetPlatform (137)
[2026.08.23-16.52.42:734][469]LogModuleManager: Shutting down and abandoning module D3D11RHI (134)
[2026.08.23-16.52.42:734][469]LogModuleManager: Shutting down and abandoning module InputCore (132)
[2026.08.23-16.52.42:734][469]LogModuleManager: Shutting down and abandoning module Settings (130)
[2026.08.23-16.52.42:734][469]LogModuleManager: Shutting down and abandoning module DirectoryWatcher (128)
[2026.08.23-16.52.42:735][469]LogModuleManager: Shutting down and abandoning module PhysXCooking (126)
[2026.08.23-16.52.42:735][469]LogModuleManager: Shutting down and abandoning module Chaos (124)
[2026.08.23-16.52.42:735][469]LogModuleManager: Shutting down and abandoning module WindowsPlatformFeatures (122)
[2026.08.23-16.52.42:735][469]LogModuleManager: Shutting down and abandoning module GameplayMediaEncoder (121)
[2026.08.23-16.52.42:735][469]LogModuleManager: Shutting down and abandoning module AVEncoder (120)
[2026.08.23-16.52.42:735][469]LogModuleManager: Shutting down and abandoning module SteamVRInputDevice (116)
[2026.08.23-16.52.42:735][469]LogModuleManager: Shutting down and abandoning module SteamVRInput (114)
[2026.08.23-16.52.42:735][469]LogModuleManager: Shutting down and abandoning module SteamVR (112)
[2026.08.23-16.52.42:735][469]LogHMD: Freeing OpenVRDLLHandle.
[2026.08.23-16.52.42:735][469]LogModuleManager: Shutting down and abandoning module OculusHMD (110)
[2026.08.23-16.52.42:735][469]LogModuleManager: Shutting down and abandoning module OpenXRAR (108)
[2026.08.23-16.52.42:735][469]LogModuleManager: Shutting down and abandoning module AugmentedReality (107)
[2026.08.23-16.52.42:735][469]LogModuleManager: Shutting down and abandoning module OpenXREyeTracker (104)
[2026.08.23-16.52.42:735][469]LogModuleManager: Shutting down and abandoning module OpenXRHandTracking (102)
[2026.08.23-16.52.42:735][469]LogSlate: Slate User Destroyed.  User Index 0, Is Virtual User: 0
[2026.08.23-16.52.42:735][469]LogModuleManager: Shutting down and abandoning module OpenXRHMD (101)
[2026.08.23-16.52.42:736][469]LogModuleManager: Shutting down and abandoning module ExampleDeviceProfileSelector (98)
[2026.08.23-16.52.42:736][469]LogModuleManager: Shutting down and abandoning module ChunkDownloader (96)
[2026.08.23-16.52.42:736][469]LogModuleManager: Shutting down and abandoning module LauncherChunkInstaller (94)
[2026.08.23-16.52.42:736][469]LogModuleManager: Shutting down and abandoning module OnlineBlueprintSupport (92)
[2026.08.23-16.52.42:736][469]LogModuleManager: Shutting down and abandoning module WmfMedia (88)
[2026.08.23-16.52.42:737][469]LogModuleManager: Shutting down and abandoning module Media (87)
[2026.08.23-16.52.42:738][469]LogModuleManager: Shutting down and abandoning module MediaInfo (86)
[2026.08.23-16.52.42:738][469]LogModuleManager: Shutting down and abandoning module OnlineSubsystem (82)
[2026.08.23-16.52.42:739][469]LogModuleManager: Shutting down and abandoning module XMPP (77)
[2026.08.23-16.52.42:739][469]LogModuleManager: Shutting down and abandoning module WebSockets (76)
[2026.08.23-16.52.42:745][469]LogModuleManager: Shutting down and abandoning module HTTP (73)
[2026.08.23-16.52.42:745][469]LogHttp: Display: Http module shutting down, but needs to wait on 1 outstanding Http requests:
[2026.08.23-16.52.42:745][469]LogHttp: Display: 	verb=[POST] url=[https://datarouter.ol.epicgames.com/datarouter/api/v1/public/data?SessionID=%7B8D839FA5-48A5-BE1B-DABB-13B574C9701C%7D&AppID=UEEditor.Rocket.Release&AppVersion=4.27.2-18319896%2B%2B%2BUE4%2BRelease-4.27&UserID=aad14cfa4a1ed281c560f785102d869b%7C24de892310f14890888f3bfa72d3ca7c%7C72aeb03c-3a2b-4ff1-80d4-ff410d42d422&AppEnvironment=datacollector-binary&UploadType=eteventstream] refs=[1] status=Processing
[2026.08.23-16.52.42:745][469]LogHttp: Display: cleaning up 1 outstanding Http requests.
[2026.08.23-16.52.42:756][469]LogModuleManager: Shutting down and abandoning module SSL (72)
[2026.08.23-16.52.42:757][469]LogModuleManager: Shutting down and abandoning module ExrReaderGpu (68)
[2026.08.23-16.52.42:757][469]LogModuleManager: Shutting down and abandoning module ChaosCloth (66)
[2026.08.23-16.52.42:757][469]LogModuleManager: Shutting down and abandoning module MLSDK (64)
[2026.08.23-16.52.42:757][469]LogModuleManager: Shutting down and abandoning module MagicLeap (62)
[2026.08.23-16.52.42:757][469]LogModuleManager: Shutting down and abandoning module NiagaraVertexFactories (60)
[2026.08.23-16.52.42:757][469]LogModuleManager: Shutting down and abandoning module NiagaraShader (58)
[2026.08.23-16.52.42:757][469]LogModuleManager: Shutting down and abandoning module PixWinPlugin (56)
[2026.08.23-16.52.42:757][469]LogModuleManager: Shutting down and abandoning module VariantManagerContent (54)
[2026.08.23-16.52.42:757][469]LogModuleManager: Shutting down and abandoning module DatasmithContent (52)
[2026.08.23-16.52.42:757][469]LogModuleManager: Shutting down and abandoning module AISupportModule (50)
[2026.08.23-16.52.42:757][469]LogModuleManager: Shutting down and abandoning module DesktopPlatform (48)
[2026.08.23-16.52.42:757][469]LogModuleManager: Shutting down and abandoning module PythonScriptPluginPreload (46)
[2026.08.23-16.52.42:757][469]LogModuleManager: Shutting down and abandoning module PlatformCryptoOpenSSL (44)
[2026.08.23-16.52.42:757][469]LogModuleManager: Shutting down and abandoning module PlatformCryptoTypes (42)
[2026.08.23-16.52.42:757][469]LogModuleManager: Shutting down and abandoning module PlatformCrypto (40)
[2026.08.23-16.52.42:757][469]LogModuleManager: Shutting down and abandoning module OodleDataCompressionFormat (38)
[2026.08.23-16.52.42:757][469]LogModuleManager: Shutting down and abandoning module XGEController (36)
[2026.08.23-16.52.42:757][469]LogModuleManager: Shutting down and abandoning module AnimationModifiers (34)
[2026.08.23-16.52.42:757][469]LogModuleManager: Shutting down and abandoning module AudioEditor (32)
[2026.08.23-16.52.42:758][469]LogModuleManager: Shutting down and abandoning module PropertyEditor (31)
[2026.08.23-16.52.42:758][469]LogModuleManager: Shutting down and abandoning module TextureCompressor (28)
[2026.08.23-16.52.42:758][469]LogModuleManager: Shutting down and abandoning module RenderCore (26)
[2026.08.23-16.52.42:758][469]LogModuleManager: Shutting down and abandoning module Landscape (24)
[2026.08.23-16.52.42:758][469]LogModuleManager: Shutting down and abandoning module SlateRHIRenderer (22)
[2026.08.23-16.52.42:759][469]LogModuleManager: Shutting down and abandoning module AnimGraphRuntime (20)
[2026.08.23-16.52.42:759][469]LogModuleManager: Shutting down and abandoning module Renderer (18)
[2026.08.23-16.52.42:759][469]LogModuleManager: Shutting down and abandoning module Engine (16)
[2026.08.23-16.52.42:759][469]LogModuleManager: Shutting down and abandoning module CoreUObject (14)
[2026.08.23-16.52.42:759][469]LogModuleManager: Shutting down and abandoning module NetworkFile (12)
[2026.08.23-16.52.42:759][469]LogModuleManager: Shutting down and abandoning module CookedIterativeFile (10)
[2026.08.23-16.52.42:759][469]LogModuleManager: Shutting down and abandoning module StreamingFile (8)
[2026.08.23-16.52.42:759][469]LogModuleManager: Shutting down and abandoning module SandboxFile (6)
[2026.08.23-16.52.42:759][469]LogModuleManager: Shutting down and abandoning module PakFile (4)
[2026.08.23-16.52.42:759][469]LogModuleManager: Shutting down and abandoning module RSA (3)
[2026.08.23-16.52.42:759][469]LogContentStreaming: Display: There are 1 unreleased StreamingManagers
[2026.08.23-16.52.42:794][469]LogD3D11RHI: Shutdown
[2026.08.23-16.52.42:794][469]LogD3D11RHI: CleanupD3DDevice
[2026.08.23-16.52.42:798][469]LogExit: Exiting.
[2026.08.23-16.52.42:807][469]Log file closed, 08/23/26 09:52:42
