Log file open, 08/26/26 11:23:54
LogWindows: Failed to load 'aqProf.dll' (GetLastError=126)
LogWindows: File 'aqProf.dll' does not exist
LogWindows: Failed to load 'VtuneApi.dll' (GetLastError=126)
LogWindows: File 'VtuneApi.dll' does not exist
LogWindows: Failed to load 'VtuneApi32e.dll' (GetLastError=126)
LogWindows: File 'VtuneApi32e.dll' does not exist
LogConsoleResponse: Display: Failed to find resolution value strings in scalability ini. Falling back to default.
LogConsoleResponse: Display: Failed to find resolution value strings in scalability ini. Falling back to default.
LogInit: Display: Running engine for game: BrackeysJam2026
LogPlatformFile: Not using cached read wrapper
LogTaskGraph: Started task graph with 5 named threads and 47 total threads with 3 sets of task threads.
LogStats: Stats thread started at 0.605398
LogICUInternationalization: ICU TimeZone Detection - Raw Offset: -8:00, Platform Override: ''
LogInit: Display: Loading text-based GConfig....
LogPluginManager: Mounting plugin MeshPainting
LogPluginManager: Mounting plugin XGEController
LogPluginManager: Mounting plugin Paper2D
LogPluginManager: Mounting plugin LiveLink
LogPluginManager: Mounting plugin LightPropagationVolume
LogPluginManager: Mounting plugin AISupport
LogPluginManager: Mounting plugin EnvironmentQueryEditor
LogPluginManager: Mounting plugin CameraShakePreviewer
LogPluginManager: Mounting plugin GameplayCameras
LogPluginManager: Mounting plugin OodleData
LogPluginManager: Mounting plugin OodleNetwork
LogPluginManager: Mounting plugin AssetManagerEditor
LogPluginManager: Mounting plugin AutomationUtils
LogPluginManager: Mounting plugin BackChannel
LogPluginManager: Mounting plugin AlembicImporter
LogPluginManager: Mounting plugin ChaosClothEditor
LogPluginManager: Mounting plugin ChaosCloth
LogPluginManager: Mounting plugin CryptoKeys
LogPluginManager: Mounting plugin CurveEditorTools
LogPluginManager: Mounting plugin ChaosEditor
LogPluginManager: Mounting plugin ChaosNiagara
LogPluginManager: Mounting plugin GameplayTagsEditor
LogPluginManager: Mounting plugin DataValidation
LogPluginManager: Mounting plugin GeometryMode
LogPluginManager: Mounting plugin FacialAnimation
LogPluginManager: Mounting plugin MacGraphicsSwitching
LogPluginManager: Mounting plugin MobileLauncherProfileWizard
LogPluginManager: Mounting plugin MaterialAnalyzer
LogPluginManager: Mounting plugin PluginBrowser
LogPluginManager: Mounting plugin ChaosSolverPlugin
LogPluginManager: Mounting plugin SpeedTreeImporter
LogPluginManager: Mounting plugin CharacterAI
LogPluginManager: Mounting plugin GeometryCache
LogPluginManager: Mounting plugin GeometryProcessing
LogPluginManager: Mounting plugin GeometryCollectionPlugin
LogPluginManager: Mounting plugin MotoSynth
LogPluginManager: Mounting plugin OpenImageDenoise
LogPluginManager: Mounting plugin PlatformCrypto
LogPluginManager: Mounting plugin PlanarCut
LogPluginManager: Mounting plugin PythonScriptPlugin
LogPluginManager: Mounting plugin ProxyLODPlugin
LogPluginManager: Mounting plugin SkeletalReduction
LogPluginManager: Mounting plugin Niagara
LogPluginManager: Mounting plugin DatasmithContent
LogPluginManager: Mounting plugin LuminPlatformFeatures
LogPluginManager: Mounting plugin VariantManagerContent
LogPluginManager: Mounting plugin MagicLeap
LogPluginManager: Mounting plugin MagicLeapLightEstimation
LogPluginManager: Mounting plugin MagicLeapMedia
LogPluginManager: Mounting plugin MLSDK
LogPluginManager: Mounting plugin AnimationSharing
LogPluginManager: Mounting plugin MagicLeapPassableWorld
LogPluginManager: Mounting plugin CodeLiteSourceCodeAccess
LogPluginManager: Mounting plugin KDevelopSourceCodeAccess
LogPluginManager: Mounting plugin GitSourceControl
LogPluginManager: Mounting plugin CLionSourceCodeAccess
LogPluginManager: Mounting plugin NullSourceCodeAccess
LogPluginManager: Mounting plugin TcpMessaging
LogPluginManager: Mounting plugin AndroidMedia
LogPluginManager: Mounting plugin UdpMessaging
LogPluginManager: Mounting plugin PerforceSourceControl
LogPluginManager: Mounting plugin AvfMedia
LogPluginManager: Mounting plugin PlasticSourceControl
LogPluginManager: Mounting plugin PixWinPlugin
LogPluginManager: Mounting plugin ActorSequence
LogPluginManager: Mounting plugin PluginUtils
LogPluginManager: Mounting plugin PropertyAccessNode
LogPluginManager: Mounting plugin LevelSequenceEditor
LogPluginManager: Mounting plugin ImgMedia
LogPluginManager: Mounting plugin MediaCompositing
LogPluginManager: Mounting plugin MatineeToLevelSequence
LogPluginManager: Mounting plugin RiderSourceCodeAccess
LogPluginManager: Mounting plugin SubversionSourceControl
LogPluginManager: Mounting plugin TextureFormatOodle
LogPluginManager: Mounting plugin TemplateSequence
LogPluginManager: Mounting plugin UObjectPlugin
LogPluginManager: Mounting plugin MediaPlayerEditor
LogPluginManager: Mounting plugin WebMMedia
LogPluginManager: Mounting plugin VisualStudioCodeSourceCodeAccess
LogPluginManager: Mounting plugin VisualStudioSourceCodeAccess
LogPluginManager: Mounting plugin XCodeSourceCodeAccess
LogPluginManager: Mounting plugin OnlineSubsystemNull
LogPluginManager: Mounting plugin WmfMedia
LogPluginManager: Mounting plugin OnlineSubsystemUtils
LogPluginManager: Mounting plugin OnlineSubsystem
LogPluginManager: Mounting plugin ActorLayerUtilities
LogPluginManager: Mounting plugin AndroidDeviceProfileSelector
LogPluginManager: Mounting plugin AndroidMoviePlayer
LogPluginManager: Mounting plugin AndroidPermission
LogPluginManager: Mounting plugin AppleImageUtils
LogPluginManager: Mounting plugin AppleMoviePlayer
LogPluginManager: Mounting plugin AssetTags
LogPluginManager: Mounting plugin AudioCapture
LogPluginManager: Mounting plugin AudioSynesthesia
LogPluginManager: Mounting plugin CableComponent
LogPluginManager: Mounting plugin ChunkDownloader
LogPluginManager: Mounting plugin EditableMesh
LogPluginManager: Mounting plugin ExampleDeviceProfileSelector
LogPluginManager: Mounting plugin CustomMeshComponent
LogPluginManager: Mounting plugin ArchVisCharacter
LogPluginManager: Mounting plugin LauncherChunkInstaller
LogPluginManager: Mounting plugin GoogleCloudMessaging
LogPluginManager: Mounting plugin IOSDeviceProfileSelector
LogPluginManager: Mounting plugin GooglePAD
LogPluginManager: Mounting plugin LinuxDeviceProfileSelector
LogPluginManager: Mounting plugin LocationServicesBPLibrary
LogPluginManager: Mounting plugin MobilePatchingUtils
LogPluginManager: Mounting plugin OpenXR
LogPluginManager: Mounting plugin OpenXREyeTracker
LogPluginManager: Mounting plugin OpenXRHandTracking
LogPluginManager: Mounting plugin ScreenshotTools
LogPluginManager: Mounting plugin Takes
LogPluginManager: Mounting plugin PhysXVehicles
LogPluginManager: Mounting plugin PostSplashScreen
LogPluginManager: Mounting plugin ProceduralMeshComponent
LogPluginManager: Mounting plugin PropertyAccessEditor
LogPluginManager: Mounting plugin RuntimePhysXCooking
LogPluginManager: Mounting plugin SignificanceManager
LogPluginManager: Mounting plugin SoundFields
LogPluginManager: Mounting plugin Synthesis
LogPluginManager: Mounting plugin WebMMoviePlayer
LogPluginManager: Mounting plugin WindowsMoviePlayer
LogPluginManager: Mounting plugin ContentBrowserAssetDataSource
LogPluginManager: Mounting plugin ContentBrowserClassDataSource
LogPluginManager: Mounting plugin ContentBrowserFileDataSource
LogPluginManager: Mounting plugin OnlineSubsystemGooglePlay
LogPluginManager: Mounting plugin OnlineSubsystemIOS
LogPluginManager: Mounting plugin OculusVR
LogPluginManager: Mounting plugin SteamVR
PixWinPlugin: PIX capture plugin failed to initialize! Check that the process is launched from PIX.
LogInit: Using libcurl 7.55.1-DEV
LogInit:  - built for x86_64-pc-win32
LogInit:  - supports SSL with OpenSSL/1.1.1
LogInit:  - supports HTTP deflate (compression) using libz 1.2.8
LogInit:  - other features:
LogInit:      CURL_VERSION_SSL
LogInit:      CURL_VERSION_LIBZ
LogInit:      CURL_VERSION_IPV6
LogInit:      CURL_VERSION_ASYNCHDNS
LogInit:      CURL_VERSION_LARGEFILE
LogInit:      CURL_VERSION_IDN
LogInit:  CurlRequestOptions (configurable via config and command line):
LogInit:  - bVerifyPeer = true  - Libcurl will verify peer certificate
LogInit:  - bUseHttpProxy = false  - Libcurl will NOT use HTTP proxy
LogInit:  - bDontReuseConnections = false  - Libcurl will reuse connections
LogInit:  - MaxHostConnections = 16  - Libcurl will limit the number of connections to a host
LogInit:  - LocalHostAddr = Default
LogInit:  - BufferSize = 65536
LogOnline: OSS: Creating online subsystem instance for: NULL
LogInit: WinSock: version 1.1 (2.2), MaxSocks=32767, MaxUdp=65467
LogOnline: OSS: TryLoadSubsystemAndSetDefault: Loaded subsystem for module [NULL]
LogOculusPluginWrapper: OculusPlugin initialized successfully
LogHMD: Failed initializing OVRPlugin 1.59.0
LogInit: Build: ++UE4+Release-4.27-CL-18319896
LogInit: Engine Version: 4.27.2-18319896+++UE4+Release-4.27
LogInit: Compatible Engine Version: 4.27.0-17155196+++UE4+Release-4.27
LogInit: Net CL: 17155196
LogInit: OS: Windows 10 (Release 2009) (), CPU: AMD Ryzen 7 PRO 8845HS w/ Radeon 780M Graphics, GPU: AMD Radeon 780M Graphics
LogInit: Compiled (64-bit): Nov 30 2021 07:12:08
LogInit: Compiled with Visual C++: 19.24.28315.00
LogInit: Build Configuration: Development
LogInit: Branch Name: ++UE4+Release-4.27
LogInit: Command Line: 
LogInit: Base Directory: C:/Program Files/Epic Games/UE_4.27/Engine/Binaries/Win64/
LogInit: Allocator: TBB
LogInit: Installed Engine Build: 1
LogDevObjectVersion: Number of dev versions registered: 29
LogDevObjectVersion:   Dev-Blueprints (B0D832E4-1F89-4F0D-ACCF-7EB736FD4AA2): 10
LogDevObjectVersion:   Dev-Build (E1C64328-A22C-4D53-A36C-8E866417BD8C): 0
LogDevObjectVersion:   Dev-Core (375EC13C-06E4-48FB-B500-84F0262A717E): 4
LogDevObjectVersion:   Dev-Editor (E4B068ED-F494-42E9-A231-DA0B2E46BB41): 40
LogDevObjectVersion:   Dev-Framework (CFFC743F-43B0-4480-9391-14DF171D2073): 37
LogDevObjectVersion:   Dev-Mobile (B02B49B5-BB20-44E9-A304-32B752E40360): 3
LogDevObjectVersion:   Dev-Networking (A4E4105C-59A1-49B5-A7C5-40C4547EDFEE): 0
LogDevObjectVersion:   Dev-Online (39C831C9-5AE6-47DC-9A44-9C173E1C8E7C): 0
LogDevObjectVersion:   Dev-Physics (78F01B33-EBEA-4F98-B9B4-84EACCB95AA2): 14
LogDevObjectVersion:   Dev-Platform (6631380F-2D4D-43E0-8009-CF276956A95A): 0
LogDevObjectVersion:   Dev-Rendering (12F88B9F-8875-4AFC-A67C-D90C383ABD29): 45
LogDevObjectVersion:   Dev-Sequencer (7B5AE74C-D270-4C10-A958-57980B212A5A): 13
LogDevObjectVersion:   Dev-VR (D7296918-1DD6-4BDD-9DE2-64A83CC13884): 3
LogDevObjectVersion:   Dev-LoadTimes (C2A15278-BFE7-4AFE-6C17-90FF531DF755): 1
LogDevObjectVersion:   Private-Geometry (6EACA3D4-40EC-4CC1-B786-8BED09428FC5): 3
LogDevObjectVersion:   Dev-AnimPhys (29E575DD-E0A3-4627-9D10-D276232CDCEA): 17
LogDevObjectVersion:   Dev-Anim (AF43A65D-7FD3-4947-9873-3E8ED9C1BB05): 15
LogDevObjectVersion:   Dev-ReflectionCapture (6B266CEC-1EC7-4B8F-A30B-E4D90942FC07): 1
LogDevObjectVersion:   Dev-Automation (0DF73D61-A23F-47EA-B727-89E90C41499A): 1
LogDevObjectVersion:   FortniteMain (601D1886-AC64-4F84-AA16-D3DE0DEAC7D6): 47
LogDevObjectVersion:   FortniteRelease (E7086368-6B23-4C58-8439-1B7016265E91): 1
LogDevObjectVersion:   Dev-Enterprise (9DFFBCD6-494F-0158-E221-12823C92A888): 10
LogDevObjectVersion:   Dev-Niagara (F2AED0AC-9AFE-416F-8664-AA7FFA26D6FC): 1
LogDevObjectVersion:   Dev-Destruction (174F1F0B-B4C6-45A5-B13F-2EE8D0FB917D): 10
LogDevObjectVersion:   Dev-Physics-Ext (35F94A83-E258-406C-A318-09F59610247C): 41
LogDevObjectVersion:   Dev-PhysicsMaterial-Chaos (B68FC16E-8B1B-42E2-B453-215C058844FE): 1
LogDevObjectVersion:   Dev-CineCamera (B2E18506-4273-CFC2-A54E-F4BB758BBA07): 1
LogDevObjectVersion:   Dev-VirtualProduction (64F58936-FD1B-42BA-BA96-7289D5D0FA4E): 1
LogDevObjectVersion:   Dev-MediaFramework (6F0ED827-A609-4895-9C91-998D90180EA4): 2
LogInit: Presizing for max 25165824 objects, including 0 objects not considered by GC, pre-allocating 0 bytes for permanent pool.
LogConfig: Applying CVar settings from Section [/Script/Engine.StreamingSettings] File [E:/_Alex's Data/Unreal Engine/Unreal Projects/Brackeys2026/Brackeys-2026/BrackeysJam2026/Saved/Config/Windows/Engine.ini]
LogConfig: Setting CVar [[s.MinBulkDataSizeForAsyncLoading:131072]]
LogConfig: Setting CVar [[s.AsyncLoadingThreadEnabled:0]]
LogConfig: Setting CVar [[s.EventDrivenLoaderEnabled:1]]
LogConfig: Setting CVar [[s.WarnIfTimeLimitExceeded:0]]
LogConfig: Setting CVar [[s.TimeLimitExceededMultiplier:1.5]]
LogConfig: Setting CVar [[s.TimeLimitExceededMinTime:0.005]]
LogConfig: Setting CVar [[s.UseBackgroundLevelStreaming:1]]
LogConfig: Setting CVar [[s.PriorityAsyncLoadingExtraTime:15.0]]
LogConfig: Setting CVar [[s.LevelStreamingActorsUpdateTimeLimit:5.0]]
LogConfig: Setting CVar [[s.PriorityLevelStreamingActorsUpdateExtraTime:5.0]]
LogConfig: Setting CVar [[s.LevelStreamingComponentsRegistrationGranularity:10]]
LogConfig: Setting CVar [[s.UnregisterComponentsTimeLimit:1.0]]
LogConfig: Setting CVar [[s.LevelStreamingComponentsUnregistrationGranularity:5]]
LogConfig: Setting CVar [[s.FlushStreamingOnExit:1]]
LogInit: Object subsystem initialized
LogConfig: Setting CVar [[con.DebugEarlyDefault:1]]
LogConfig: Setting CVar [[r.setres:1280x720]]
[2026.08.26-18.23.54:917][  0]LogConfig: Setting CVar [[r.VSync:0]]
[2026.08.26-18.23.54:917][  0]LogConfig: Setting CVar [[r.RHICmdBypass:0]]
[2026.08.26-18.23.54:917][  0]LogConfig: Applying CVar settings from Section [/Script/Engine.RendererSettings] File [E:/_Alex's Data/Unreal Engine/Unreal Projects/Brackeys2026/Brackeys-2026/BrackeysJam2026/Saved/Config/Windows/Engine.ini]
[2026.08.26-18.23.54:917][  0]LogConfig: Setting CVar [[r.GPUCrashDebugging:0]]
[2026.08.26-18.23.54:917][  0]LogConfig: Setting CVar [[r.DefaultFeature.MotionBlur:0]]
[2026.08.26-18.23.54:917][  0]LogConfig: Applying CVar settings from Section [/Script/Engine.RendererOverrideSettings] File [E:/_Alex's Data/Unreal Engine/Unreal Projects/Brackeys2026/Brackeys-2026/BrackeysJam2026/Saved/Config/Windows/Engine.ini]
[2026.08.26-18.23.54:917][  0]LogConfig: Applying CVar settings from Section [/Script/Engine.StreamingSettings] File [E:/_Alex's Data/Unreal Engine/Unreal Projects/Brackeys2026/Brackeys-2026/BrackeysJam2026/Saved/Config/Windows/Engine.ini]
[2026.08.26-18.23.54:917][  0]LogConfig: Setting CVar [[s.MinBulkDataSizeForAsyncLoading:131072]]
[2026.08.26-18.23.54:917][  0]LogConfig: Setting CVar [[s.AsyncLoadingThreadEnabled:0]]
[2026.08.26-18.23.54:917][  0]LogConfig: Setting CVar [[s.EventDrivenLoaderEnabled:1]]
[2026.08.26-18.23.54:917][  0]LogConfig: Setting CVar [[s.WarnIfTimeLimitExceeded:0]]
[2026.08.26-18.23.54:917][  0]LogConfig: Setting CVar [[s.TimeLimitExceededMultiplier:1.5]]
[2026.08.26-18.23.54:917][  0]LogConfig: Setting CVar [[s.TimeLimitExceededMinTime:0.005]]
[2026.08.26-18.23.54:917][  0]LogConfig: Setting CVar [[s.UseBackgroundLevelStreaming:1]]
[2026.08.26-18.23.54:917][  0]LogConfig: Setting CVar [[s.PriorityAsyncLoadingExtraTime:15.0]]
[2026.08.26-18.23.54:917][  0]LogConfig: Setting CVar [[s.LevelStreamingActorsUpdateTimeLimit:5.0]]
[2026.08.26-18.23.54:917][  0]LogConfig: Setting CVar [[s.PriorityLevelStreamingActorsUpdateExtraTime:5.0]]
[2026.08.26-18.23.54:917][  0]LogConfig: Setting CVar [[s.LevelStreamingComponentsRegistrationGranularity:10]]
[2026.08.26-18.23.54:917][  0]LogConfig: Setting CVar [[s.UnregisterComponentsTimeLimit:1.0]]
[2026.08.26-18.23.54:917][  0]LogConfig: Setting CVar [[s.LevelStreamingComponentsUnregistrationGranularity:5]]
[2026.08.26-18.23.54:917][  0]LogConfig: Setting CVar [[s.FlushStreamingOnExit:1]]
[2026.08.26-18.23.54:917][  0]LogConfig: Applying CVar settings from Section [/Script/Engine.GarbageCollectionSettings] File [E:/_Alex's Data/Unreal Engine/Unreal Projects/Brackeys2026/Brackeys-2026/BrackeysJam2026/Saved/Config/Windows/Engine.ini]
[2026.08.26-18.23.54:917][  0]LogConfig: Setting CVar [[gc.MaxObjectsNotConsideredByGC:1]]
[2026.08.26-18.23.54:917][  0]LogConfig: Setting CVar [[gc.SizeOfPermanentObjectPool:0]]
[2026.08.26-18.23.54:917][  0]LogConfig: Setting CVar [[gc.FlushStreamingOnGC:0]]
[2026.08.26-18.23.54:917][  0]LogConfig: Setting CVar [[gc.NumRetriesBeforeForcingGC:10]]
[2026.08.26-18.23.54:917][  0]LogConfig: Setting CVar [[gc.AllowParallelGC:1]]
[2026.08.26-18.23.54:917][  0]LogConfig: Setting CVar [[gc.TimeBetweenPurgingPendingKillObjects:61.1]]
[2026.08.26-18.23.54:917][  0]LogConfig: Setting CVar [[gc.MaxObjectsInEditor:25165824]]
[2026.08.26-18.23.54:917][  0]LogConfig: Setting CVar [[gc.IncrementalBeginDestroyEnabled:1]]
[2026.08.26-18.23.54:917][  0]LogConfig: Setting CVar [[gc.CreateGCClusters:1]]
[2026.08.26-18.23.54:917][  0]LogConfig: Setting CVar [[gc.MinGCClusterSize:5]]
[2026.08.26-18.23.54:917][  0]LogConfig: Setting CVar [[gc.ActorClusteringEnabled:0]]
[2026.08.26-18.23.54:917][  0]LogConfig: Setting CVar [[gc.BlueprintClusteringEnabled:0]]
[2026.08.26-18.23.54:917][  0]LogConfig: Setting CVar [[gc.UseDisregardForGCOnDedicatedServers:0]]
[2026.08.26-18.23.54:917][  0]LogConfig: Setting CVar [[gc.MultithreadedDestructionEnabled:1]]
[2026.08.26-18.23.54:918][  0]LogConfig: Applying CVar settings from Section [/Script/Engine.NetworkSettings] File [E:/_Alex's Data/Unreal Engine/Unreal Projects/Brackeys2026/Brackeys-2026/BrackeysJam2026/Saved/Config/Windows/Engine.ini]
[2026.08.26-18.23.54:918][  0]LogConfig: Applying CVar settings from Section [/Script/UnrealEd.CookerSettings] File [E:/_Alex's Data/Unreal Engine/Unreal Projects/Brackeys2026/Brackeys-2026/BrackeysJam2026/Saved/Config/Windows/Engine.ini]
[2026.08.26-18.23.54:923][  0]LogConfig: Applying CVar settings from Section [ViewDistanceQuality@3] File [E:/_Alex's Data/Unreal Engine/Unreal Projects/Brackeys2026/Brackeys-2026/BrackeysJam2026/Saved/Config/Windows/Scalability.ini]
[2026.08.26-18.23.54:923][  0]LogConfig: Setting CVar [[r.SkeletalMeshLODBias:0]]
[2026.08.26-18.23.54:923][  0]LogConfig: Setting CVar [[r.ViewDistanceScale:1.0]]
[2026.08.26-18.23.54:923][  0]LogConfig: Applying CVar settings from Section [AntiAliasingQuality@3] File [E:/_Alex's Data/Unreal Engine/Unreal Projects/Brackeys2026/Brackeys-2026/BrackeysJam2026/Saved/Config/Windows/Scalability.ini]
[2026.08.26-18.23.54:923][  0]LogConfig: Setting CVar [[r.PostProcessAAQuality:4]]
[2026.08.26-18.23.54:923][  0]LogConfig: Applying CVar settings from Section [ShadowQuality@3] File [E:/_Alex's Data/Unreal Engine/Unreal Projects/Brackeys2026/Brackeys-2026/BrackeysJam2026/Saved/Config/Windows/Scalability.ini]
[2026.08.26-18.23.54:923][  0]LogConfig: Setting CVar [[r.LightFunctionQuality:1]]
[2026.08.26-18.23.54:923][  0]LogConfig: Setting CVar [[r.ShadowQuality:5]]
[2026.08.26-18.23.54:923][  0]LogConfig: Setting CVar [[r.Shadow.CSM.MaxCascades:10]]
[2026.08.26-18.23.54:923][  0]LogConfig: Setting CVar [[r.Shadow.MaxResolution:2048]]
[2026.08.26-18.23.54:923][  0]LogConfig: Setting CVar [[r.Shadow.MaxCSMResolution:2048]]
[2026.08.26-18.23.54:923][  0]LogConfig: Setting CVar [[r.Shadow.RadiusThreshold:0.01]]
[2026.08.26-18.23.54:923][  0]LogConfig: Setting CVar [[r.Shadow.DistanceScale:1.0]]
[2026.08.26-18.23.54:923][  0]LogConfig: Setting CVar [[r.Shadow.CSM.TransitionScale:1.0]]
[2026.08.26-18.23.54:923][  0]LogConfig: Setting CVar [[r.Shadow.PreShadowResolutionFactor:1.0]]
[2026.08.26-18.23.54:923][  0]LogConfig: Setting CVar [[r.DistanceFieldShadowing:1]]
[2026.08.26-18.23.54:923][  0]LogConfig: Setting CVar [[r.DistanceFieldAO:1]]
[2026.08.26-18.23.54:923][  0]LogConfig: Setting CVar [[r.AOQuality:2]]
[2026.08.26-18.23.54:923][  0]LogConfig: Setting CVar [[r.VolumetricFog:1]]
[2026.08.26-18.23.54:923][  0]LogConfig: Setting CVar [[r.VolumetricFog.GridPixelSize:8]]
[2026.08.26-18.23.54:923][  0]LogConfig: Setting CVar [[r.VolumetricFog.GridSizeZ:128]]
[2026.08.26-18.23.54:923][  0]LogConfig: Setting CVar [[r.VolumetricFog.HistoryMissSupersampleCount:4]]
[2026.08.26-18.23.54:923][  0]LogConfig: Setting CVar [[r.LightMaxDrawDistanceScale:1]]
[2026.08.26-18.23.54:923][  0]LogConfig: Setting CVar [[r.CapsuleShadows:1]]
[2026.08.26-18.23.54:923][  0]LogConfig: Applying CVar settings from Section [PostProcessQuality@3] File [E:/_Alex's Data/Unreal Engine/Unreal Projects/Brackeys2026/Brackeys-2026/BrackeysJam2026/Saved/Config/Windows/Scalability.ini]
[2026.08.26-18.23.54:923][  0]LogConfig: Setting CVar [[r.MotionBlurQuality:4]]
[2026.08.26-18.23.54:923][  0]LogConfig: Setting CVar [[r.AmbientOcclusionMipLevelFactor:0.4]]
[2026.08.26-18.23.54:923][  0]LogConfig: Setting CVar [[r.AmbientOcclusionMaxQuality:100]]
[2026.08.26-18.23.54:923][  0]LogConfig: Setting CVar [[r.AmbientOcclusionLevels:-1]]
[2026.08.26-18.23.54:923][  0]LogConfig: Setting CVar [[r.AmbientOcclusionRadiusScale:1.0]]
[2026.08.26-18.23.54:923][  0]LogConfig: Setting CVar [[r.DepthOfFieldQuality:2]]
[2026.08.26-18.23.54:923][  0]LogConfig: Setting CVar [[r.RenderTargetPoolMin:400]]
[2026.08.26-18.23.54:923][  0]LogConfig: Setting CVar [[r.LensFlareQuality:2]]
[2026.08.26-18.23.54:923][  0]LogConfig: Setting CVar [[r.SceneColorFringeQuality:1]]
[2026.08.26-18.23.54:923][  0]LogConfig: Setting CVar [[r.EyeAdaptationQuality:2]]
[2026.08.26-18.23.54:923][  0]LogConfig: Setting CVar [[r.BloomQuality:5]]
[2026.08.26-18.23.54:923][  0]LogConfig: Setting CVar [[r.FastBlurThreshold:100]]
[2026.08.26-18.23.54:923][  0]LogConfig: Setting CVar [[r.Upscale.Quality:3]]
[2026.08.26-18.23.54:923][  0]LogConfig: Setting CVar [[r.Tonemapper.GrainQuantization:1]]
[2026.08.26-18.23.54:923][  0]LogConfig: Setting CVar [[r.LightShaftQuality:1]]
[2026.08.26-18.23.54:923][  0]LogConfig: Setting CVar [[r.Filter.SizeScale:1]]
[2026.08.26-18.23.54:923][  0]LogConfig: Setting CVar [[r.Tonemapper.Quality:5]]
[2026.08.26-18.23.54:923][  0]LogConfig: Setting CVar [[r.DOF.Gather.AccumulatorQuality:1        ; higher gathering accumulator quality]]
[2026.08.26-18.23.54:923][  0]LogConfig: Setting CVar [[r.DOF.Gather.PostfilterMethod:1          ; Median3x3 postfilering method]]
[2026.08.26-18.23.54:923][  0]LogConfig: Setting CVar [[r.DOF.Gather.EnableBokehSettings:0       ; no bokeh simulation when gathering]]
[2026.08.26-18.23.54:923][  0]LogConfig: Setting CVar [[r.DOF.Gather.RingCount:4                 ; medium number of samples when gathering]]
[2026.08.26-18.23.54:923][  0]LogConfig: Setting CVar [[r.DOF.Scatter.ForegroundCompositing:1    ; additive foreground scattering]]
[2026.08.26-18.23.54:923][  0]LogConfig: Setting CVar [[r.DOF.Scatter.BackgroundCompositing:2    ; additive background scattering]]
[2026.08.26-18.23.54:923][  0]LogConfig: Setting CVar [[r.DOF.Scatter.EnableBokehSettings:1      ; bokeh simulation when scattering]]
[2026.08.26-18.23.54:923][  0]LogConfig: Setting CVar [[r.DOF.Scatter.MaxSpriteRatio:0.1         ; only a maximum of 10% of scattered bokeh]]
[2026.08.26-18.23.54:923][  0]LogConfig: Setting CVar [[r.DOF.Recombine.Quality:1                ; cheap slight out of focus]]
[2026.08.26-18.23.54:923][  0]LogConfig: Setting CVar [[r.DOF.Recombine.EnableBokehSettings:0    ; no bokeh simulation on slight out of focus]]
[2026.08.26-18.23.54:923][  0]LogConfig: Setting CVar [[r.DOF.TemporalAAQuality:1                ; more stable temporal accumulation]]
[2026.08.26-18.23.54:923][  0]LogConfig: Setting CVar [[r.DOF.Kernel.MaxForegroundRadius:0.025]]
[2026.08.26-18.23.54:923][  0]LogConfig: Setting CVar [[r.DOF.Kernel.MaxBackgroundRadius:0.025]]
[2026.08.26-18.23.54:923][  0]LogConfig: Applying CVar settings from Section [TextureQuality@3] File [E:/_Alex's Data/Unreal Engine/Unreal Projects/Brackeys2026/Brackeys-2026/BrackeysJam2026/Saved/Config/Windows/Scalability.ini]
[2026.08.26-18.23.54:923][  0]LogConfig: Setting CVar [[r.Streaming.MipBias:0]]
[2026.08.26-18.23.54:923][  0]LogConfig: Setting CVar [[r.Streaming.AmortizeCPUToGPUCopy:0]]
[2026.08.26-18.23.54:923][  0]LogConfig: Setting CVar [[r.Streaming.MaxNumTexturesToStreamPerFrame:0]]
[2026.08.26-18.23.54:923][  0]LogConfig: Setting CVar [[r.Streaming.Boost:1]]
[2026.08.26-18.23.54:923][  0]LogConfig: Setting CVar [[r.MaxAnisotropy:8]]
[2026.08.26-18.23.54:923][  0]LogConfig: Setting CVar [[r.VT.MaxAnisotropy:8]]
[2026.08.26-18.23.54:923][  0]LogConfig: Setting CVar [[r.Streaming.LimitPoolSizeToVRAM:0]]
[2026.08.26-18.23.54:923][  0]LogConfig: Setting CVar [[r.Streaming.PoolSize:1000]]
[2026.08.26-18.23.54:923][  0]LogConfig: Setting CVar [[r.Streaming.MaxEffectiveScreenSize:0]]
[2026.08.26-18.23.54:923][  0]LogConfig: Applying CVar settings from Section [EffectsQuality@3] File [E:/_Alex's Data/Unreal Engine/Unreal Projects/Brackeys2026/Brackeys-2026/BrackeysJam2026/Saved/Config/Windows/Scalability.ini]
[2026.08.26-18.23.54:923][  0]LogConfig: Setting CVar [[r.TranslucencyLightingVolumeDim:64]]
[2026.08.26-18.23.54:923][  0]LogConfig: Setting CVar [[r.RefractionQuality:2]]
[2026.08.26-18.23.54:923][  0]LogConfig: Setting CVar [[r.SSR.Quality:3]]
[2026.08.26-18.23.54:923][  0]LogConfig: Setting CVar [[r.SSR.HalfResSceneColor:0]]
[2026.08.26-18.23.54:923][  0]LogConfig: Setting CVar [[r.SceneColorFormat:4]]
[2026.08.26-18.23.54:923][  0]LogConfig: Setting CVar [[r.DetailMode:2]]
[2026.08.26-18.23.54:923][  0]LogConfig: Setting CVar [[r.TranslucencyVolumeBlur:1]]
[2026.08.26-18.23.54:923][  0]LogConfig: Setting CVar [[r.MaterialQualityLevel:1 ; High quality]]
[2026.08.26-18.23.54:923][  0]LogConfig: Setting CVar [[r.AnisotropicMaterials:1]]
[2026.08.26-18.23.54:923][  0]LogConfig: Setting CVar [[r.SSS.Scale:1]]
[2026.08.26-18.23.54:923][  0]LogConfig: Setting CVar [[r.SSS.SampleSet:2]]
[2026.08.26-18.23.54:923][  0]LogConfig: Setting CVar [[r.SSS.Quality:1]]
[2026.08.26-18.23.54:923][  0]LogConfig: Setting CVar [[r.SSS.HalfRes:0]]
[2026.08.26-18.23.54:923][  0]LogConfig: Setting CVar [[r.SSGI.Quality:3]]
[2026.08.26-18.23.54:923][  0]LogConfig: Setting CVar [[r.EmitterSpawnRateScale:1.0]]
[2026.08.26-18.23.54:923][  0]LogConfig: Setting CVar [[r.ParticleLightQuality:2]]
[2026.08.26-18.23.54:923][  0]LogConfig: Setting CVar [[r.SkyAtmosphere.AerialPerspectiveLUT.FastApplyOnOpaque:1 ; Always have FastSkyLUT 1 in this case to avoid wrong sky]]
[2026.08.26-18.23.54:923][  0]LogConfig: Setting CVar [[r.SkyAtmosphere.AerialPerspectiveLUT.SampleCountMaxPerSlice:4]]
[2026.08.26-18.23.54:923][  0]LogConfig: Setting CVar [[r.SkyAtmosphere.AerialPerspectiveLUT.DepthResolution:16.0]]
[2026.08.26-18.23.54:923][  0]LogConfig: Setting CVar [[r.SkyAtmosphere.FastSkyLUT:1]]
[2026.08.26-18.23.54:923][  0]LogConfig: Setting CVar [[r.SkyAtmosphere.FastSkyLUT.SampleCountMin:4.0]]
[2026.08.26-18.23.54:923][  0]LogConfig: Setting CVar [[r.SkyAtmosphere.FastSkyLUT.SampleCountMax:128.0]]
[2026.08.26-18.23.54:923][  0]LogConfig: Setting CVar [[r.SkyAtmosphere.SampleCountMin:4.0]]
[2026.08.26-18.23.54:923][  0]LogConfig: Setting CVar [[r.SkyAtmosphere.SampleCountMax:128.0]]
[2026.08.26-18.23.54:923][  0]LogConfig: Setting CVar [[r.SkyAtmosphere.TransmittanceLUT.UseSmallFormat:0]]
[2026.08.26-18.23.54:924][  0]LogConfig: Setting CVar [[r.SkyAtmosphere.TransmittanceLUT.SampleCount:10.0]]
[2026.08.26-18.23.54:924][  0]LogConfig: Setting CVar [[r.SkyAtmosphere.MultiScatteringLUT.SampleCount:15.0]]
[2026.08.26-18.23.54:924][  0]LogConfig: Setting CVar [[r.SkyLight.RealTimeReflectionCapture:1]]
[2026.08.26-18.23.54:924][  0]LogConfig: Applying CVar settings from Section [FoliageQuality@3] File [E:/_Alex's Data/Unreal Engine/Unreal Projects/Brackeys2026/Brackeys-2026/BrackeysJam2026/Saved/Config/Windows/Scalability.ini]
[2026.08.26-18.23.54:924][  0]LogConfig: Setting CVar [[foliage.DensityScale:1.0]]
[2026.08.26-18.23.54:924][  0]LogConfig: Setting CVar [[grass.DensityScale:1.0]]
[2026.08.26-18.23.54:924][  0]LogConfig: Applying CVar settings from Section [ShadingQuality@3] File [E:/_Alex's Data/Unreal Engine/Unreal Projects/Brackeys2026/Brackeys-2026/BrackeysJam2026/Saved/Config/Windows/Scalability.ini]
[2026.08.26-18.23.54:924][  0]LogConfig: Setting CVar [[r.HairStrands.SkyLighting.IntegrationType:2]]
[2026.08.26-18.23.54:924][  0]LogConfig: Setting CVar [[r.HairStrands.SkyAO.SampleCount:4]]
[2026.08.26-18.23.54:924][  0]LogConfig: Setting CVar [[r.HairStrands.Visibility.MSAA.SamplePerPixel:4]]
[2026.08.26-18.23.54:924][  0]LogInit: Selected Device Profile: [Windows]
[2026.08.26-18.23.54:924][  0]LogInit: Applying CVar settings loaded from the selected device profile: [Windows]
[2026.08.26-18.23.54:924][  0]LogHAL: Display: Platform has ~ 32 GB [33639129088 / 34359738368 / 32], which maps to Largest [LargestMinGB=32, LargerMinGB=12, DefaultMinGB=8, SmallerMinGB=6, SmallestMinGB=0)
[2026.08.26-18.23.54:924][  0]LogInit: Going up to parent DeviceProfile []
[2026.08.26-18.23.54:924][  0]LogConfig: Applying CVar settings from Section [ViewDistanceQuality@3] File [E:/_Alex's Data/Unreal Engine/Unreal Projects/Brackeys2026/Brackeys-2026/BrackeysJam2026/Saved/Config/Windows/Scalability.ini]
[2026.08.26-18.23.54:924][  0]LogConfig: Setting CVar [[r.SkeletalMeshLODBias:0]]
[2026.08.26-18.23.54:924][  0]LogConfig: Setting CVar [[r.ViewDistanceScale:1.0]]
[2026.08.26-18.23.54:924][  0]LogConfig: Applying CVar settings from Section [AntiAliasingQuality@3] File [E:/_Alex's Data/Unreal Engine/Unreal Projects/Brackeys2026/Brackeys-2026/BrackeysJam2026/Saved/Config/Windows/Scalability.ini]
[2026.08.26-18.23.54:924][  0]LogConfig: Setting CVar [[r.PostProcessAAQuality:4]]
[2026.08.26-18.23.54:924][  0]LogConfig: Applying CVar settings from Section [ShadowQuality@3] File [E:/_Alex's Data/Unreal Engine/Unreal Projects/Brackeys2026/Brackeys-2026/BrackeysJam2026/Saved/Config/Windows/Scalability.ini]
[2026.08.26-18.23.54:924][  0]LogConfig: Setting CVar [[r.LightFunctionQuality:1]]
[2026.08.26-18.23.54:924][  0]LogConfig: Setting CVar [[r.ShadowQuality:5]]
[2026.08.26-18.23.54:924][  0]LogConfig: Setting CVar [[r.Shadow.CSM.MaxCascades:10]]
[2026.08.26-18.23.54:924][  0]LogConfig: Setting CVar [[r.Shadow.MaxResolution:2048]]
[2026.08.26-18.23.54:924][  0]LogConfig: Setting CVar [[r.Shadow.MaxCSMResolution:2048]]
[2026.08.26-18.23.54:924][  0]LogConfig: Setting CVar [[r.Shadow.RadiusThreshold:0.01]]
[2026.08.26-18.23.54:924][  0]LogConfig: Setting CVar [[r.Shadow.DistanceScale:1.0]]
[2026.08.26-18.23.54:924][  0]LogConfig: Setting CVar [[r.Shadow.CSM.TransitionScale:1.0]]
[2026.08.26-18.23.54:924][  0]LogConfig: Setting CVar [[r.Shadow.PreShadowResolutionFactor:1.0]]
[2026.08.26-18.23.54:924][  0]LogConfig: Setting CVar [[r.DistanceFieldShadowing:1]]
[2026.08.26-18.23.54:924][  0]LogConfig: Setting CVar [[r.DistanceFieldAO:1]]
[2026.08.26-18.23.54:924][  0]LogConfig: Setting CVar [[r.AOQuality:2]]
[2026.08.26-18.23.54:924][  0]LogConfig: Setting CVar [[r.VolumetricFog:1]]
[2026.08.26-18.23.54:924][  0]LogConfig: Setting CVar [[r.VolumetricFog.GridPixelSize:8]]
[2026.08.26-18.23.54:924][  0]LogConfig: Setting CVar [[r.VolumetricFog.GridSizeZ:128]]
[2026.08.26-18.23.54:924][  0]LogConfig: Setting CVar [[r.VolumetricFog.HistoryMissSupersampleCount:4]]
[2026.08.26-18.23.54:924][  0]LogConfig: Setting CVar [[r.LightMaxDrawDistanceScale:1]]
[2026.08.26-18.23.54:924][  0]LogConfig: Setting CVar [[r.CapsuleShadows:1]]
[2026.08.26-18.23.54:924][  0]LogConfig: Applying CVar settings from Section [PostProcessQuality@3] File [E:/_Alex's Data/Unreal Engine/Unreal Projects/Brackeys2026/Brackeys-2026/BrackeysJam2026/Saved/Config/Windows/Scalability.ini]
[2026.08.26-18.23.54:924][  0]LogConfig: Setting CVar [[r.MotionBlurQuality:4]]
[2026.08.26-18.23.54:924][  0]LogConfig: Setting CVar [[r.AmbientOcclusionMipLevelFactor:0.4]]
[2026.08.26-18.23.54:924][  0]LogConfig: Setting CVar [[r.AmbientOcclusionMaxQuality:100]]
[2026.08.26-18.23.54:924][  0]LogConfig: Setting CVar [[r.AmbientOcclusionLevels:-1]]
[2026.08.26-18.23.54:924][  0]LogConfig: Setting CVar [[r.AmbientOcclusionRadiusScale:1.0]]
[2026.08.26-18.23.54:924][  0]LogConfig: Setting CVar [[r.DepthOfFieldQuality:2]]
[2026.08.26-18.23.54:924][  0]LogConfig: Setting CVar [[r.RenderTargetPoolMin:400]]
[2026.08.26-18.23.54:924][  0]LogConfig: Setting CVar [[r.LensFlareQuality:2]]
[2026.08.26-18.23.54:924][  0]LogConfig: Setting CVar [[r.SceneColorFringeQuality:1]]
[2026.08.26-18.23.54:924][  0]LogConfig: Setting CVar [[r.EyeAdaptationQuality:2]]
[2026.08.26-18.23.54:924][  0]LogConfig: Setting CVar [[r.BloomQuality:5]]
[2026.08.26-18.23.54:924][  0]LogConfig: Setting CVar [[r.FastBlurThreshold:100]]
[2026.08.26-18.23.54:924][  0]LogConfig: Setting CVar [[r.Upscale.Quality:3]]
[2026.08.26-18.23.54:924][  0]LogConfig: Setting CVar [[r.Tonemapper.GrainQuantization:1]]
[2026.08.26-18.23.54:924][  0]LogConfig: Setting CVar [[r.LightShaftQuality:1]]
[2026.08.26-18.23.54:924][  0]LogConfig: Setting CVar [[r.Filter.SizeScale:1]]
[2026.08.26-18.23.54:924][  0]LogConfig: Setting CVar [[r.Tonemapper.Quality:5]]
[2026.08.26-18.23.54:924][  0]LogConfig: Setting CVar [[r.DOF.Gather.AccumulatorQuality:1        ; higher gathering accumulator quality]]
[2026.08.26-18.23.54:924][  0]LogConfig: Setting CVar [[r.DOF.Gather.PostfilterMethod:1          ; Median3x3 postfilering method]]
[2026.08.26-18.23.54:924][  0]LogConfig: Setting CVar [[r.DOF.Gather.EnableBokehSettings:0       ; no bokeh simulation when gathering]]
[2026.08.26-18.23.54:924][  0]LogConfig: Setting CVar [[r.DOF.Gather.RingCount:4                 ; medium number of samples when gathering]]
[2026.08.26-18.23.54:924][  0]LogConfig: Setting CVar [[r.DOF.Scatter.ForegroundCompositing:1    ; additive foreground scattering]]
[2026.08.26-18.23.54:924][  0]LogConfig: Setting CVar [[r.DOF.Scatter.BackgroundCompositing:2    ; additive background scattering]]
[2026.08.26-18.23.54:924][  0]LogConfig: Setting CVar [[r.DOF.Scatter.EnableBokehSettings:1      ; bokeh simulation when scattering]]
[2026.08.26-18.23.54:924][  0]LogConfig: Setting CVar [[r.DOF.Scatter.MaxSpriteRatio:0.1         ; only a maximum of 10% of scattered bokeh]]
[2026.08.26-18.23.54:924][  0]LogConfig: Setting CVar [[r.DOF.Recombine.Quality:1                ; cheap slight out of focus]]
[2026.08.26-18.23.54:924][  0]LogConfig: Setting CVar [[r.DOF.Recombine.EnableBokehSettings:0    ; no bokeh simulation on slight out of focus]]
[2026.08.26-18.23.54:924][  0]LogConfig: Setting CVar [[r.DOF.TemporalAAQuality:1                ; more stable temporal accumulation]]
[2026.08.26-18.23.54:924][  0]LogConfig: Setting CVar [[r.DOF.Kernel.MaxForegroundRadius:0.025]]
[2026.08.26-18.23.54:924][  0]LogConfig: Setting CVar [[r.DOF.Kernel.MaxBackgroundRadius:0.025]]
[2026.08.26-18.23.54:924][  0]LogConfig: Applying CVar settings from Section [TextureQuality@3] File [E:/_Alex's Data/Unreal Engine/Unreal Projects/Brackeys2026/Brackeys-2026/BrackeysJam2026/Saved/Config/Windows/Scalability.ini]
[2026.08.26-18.23.54:924][  0]LogConfig: Setting CVar [[r.Streaming.MipBias:0]]
[2026.08.26-18.23.54:924][  0]LogConfig: Setting CVar [[r.Streaming.AmortizeCPUToGPUCopy:0]]
[2026.08.26-18.23.54:924][  0]LogConfig: Setting CVar [[r.Streaming.MaxNumTexturesToStreamPerFrame:0]]
[2026.08.26-18.23.54:924][  0]LogConfig: Setting CVar [[r.Streaming.Boost:1]]
[2026.08.26-18.23.54:924][  0]LogConfig: Setting CVar [[r.MaxAnisotropy:8]]
[2026.08.26-18.23.54:924][  0]LogConfig: Setting CVar [[r.VT.MaxAnisotropy:8]]
[2026.08.26-18.23.54:924][  0]LogConfig: Setting CVar [[r.Streaming.LimitPoolSizeToVRAM:0]]
[2026.08.26-18.23.54:924][  0]LogConfig: Setting CVar [[r.Streaming.PoolSize:1000]]
[2026.08.26-18.23.54:924][  0]LogConfig: Setting CVar [[r.Streaming.MaxEffectiveScreenSize:0]]
[2026.08.26-18.23.54:924][  0]LogConfig: Applying CVar settings from Section [EffectsQuality@3] File [E:/_Alex's Data/Unreal Engine/Unreal Projects/Brackeys2026/Brackeys-2026/BrackeysJam2026/Saved/Config/Windows/Scalability.ini]
[2026.08.26-18.23.54:924][  0]LogConfig: Setting CVar [[r.TranslucencyLightingVolumeDim:64]]
[2026.08.26-18.23.54:924][  0]LogConfig: Setting CVar [[r.RefractionQuality:2]]
[2026.08.26-18.23.54:924][  0]LogConfig: Setting CVar [[r.SSR.Quality:3]]
[2026.08.26-18.23.54:924][  0]LogConfig: Setting CVar [[r.SSR.HalfResSceneColor:0]]
[2026.08.26-18.23.54:924][  0]LogConfig: Setting CVar [[r.SceneColorFormat:4]]
[2026.08.26-18.23.54:924][  0]LogConfig: Setting CVar [[r.DetailMode:2]]
[2026.08.26-18.23.54:924][  0]LogConfig: Setting CVar [[r.TranslucencyVolumeBlur:1]]
[2026.08.26-18.23.54:924][  0]LogConfig: Setting CVar [[r.MaterialQualityLevel:1 ; High quality]]
[2026.08.26-18.23.54:924][  0]LogConfig: Setting CVar [[r.AnisotropicMaterials:1]]
[2026.08.26-18.23.54:924][  0]LogConfig: Setting CVar [[r.SSS.Scale:1]]
[2026.08.26-18.23.54:924][  0]LogConfig: Setting CVar [[r.SSS.SampleSet:2]]
[2026.08.26-18.23.54:924][  0]LogConfig: Setting CVar [[r.SSS.Quality:1]]
[2026.08.26-18.23.54:924][  0]LogConfig: Setting CVar [[r.SSS.HalfRes:0]]
[2026.08.26-18.23.54:924][  0]LogConfig: Setting CVar [[r.SSGI.Quality:3]]
[2026.08.26-18.23.54:924][  0]LogConfig: Setting CVar [[r.EmitterSpawnRateScale:1.0]]
[2026.08.26-18.23.54:924][  0]LogConfig: Setting CVar [[r.ParticleLightQuality:2]]
[2026.08.26-18.23.54:924][  0]LogConfig: Setting CVar [[r.SkyAtmosphere.AerialPerspectiveLUT.FastApplyOnOpaque:1 ; Always have FastSkyLUT 1 in this case to avoid wrong sky]]
[2026.08.26-18.23.54:924][  0]LogConfig: Setting CVar [[r.SkyAtmosphere.AerialPerspectiveLUT.SampleCountMaxPerSlice:4]]
[2026.08.26-18.23.54:924][  0]LogConfig: Setting CVar [[r.SkyAtmosphere.AerialPerspectiveLUT.DepthResolution:16.0]]
[2026.08.26-18.23.54:924][  0]LogConfig: Setting CVar [[r.SkyAtmosphere.FastSkyLUT:1]]
[2026.08.26-18.23.54:924][  0]LogConfig: Setting CVar [[r.SkyAtmosphere.FastSkyLUT.SampleCountMin:4.0]]
[2026.08.26-18.23.54:924][  0]LogConfig: Setting CVar [[r.SkyAtmosphere.FastSkyLUT.SampleCountMax:128.0]]
[2026.08.26-18.23.54:924][  0]LogConfig: Setting CVar [[r.SkyAtmosphere.SampleCountMin:4.0]]
[2026.08.26-18.23.54:924][  0]LogConfig: Setting CVar [[r.SkyAtmosphere.SampleCountMax:128.0]]
[2026.08.26-18.23.54:924][  0]LogConfig: Setting CVar [[r.SkyAtmosphere.TransmittanceLUT.UseSmallFormat:0]]
[2026.08.26-18.23.54:924][  0]LogConfig: Setting CVar [[r.SkyAtmosphere.TransmittanceLUT.SampleCount:10.0]]
[2026.08.26-18.23.54:924][  0]LogConfig: Setting CVar [[r.SkyAtmosphere.MultiScatteringLUT.SampleCount:15.0]]
[2026.08.26-18.23.54:924][  0]LogConfig: Setting CVar [[r.SkyLight.RealTimeReflectionCapture:1]]
[2026.08.26-18.23.54:924][  0]LogConfig: Applying CVar settings from Section [FoliageQuality@3] File [E:/_Alex's Data/Unreal Engine/Unreal Projects/Brackeys2026/Brackeys-2026/BrackeysJam2026/Saved/Config/Windows/Scalability.ini]
[2026.08.26-18.23.54:924][  0]LogConfig: Setting CVar [[foliage.DensityScale:1.0]]
[2026.08.26-18.23.54:924][  0]LogConfig: Setting CVar [[grass.DensityScale:1.0]]
[2026.08.26-18.23.54:924][  0]LogConfig: Applying CVar settings from Section [ShadingQuality@3] File [E:/_Alex's Data/Unreal Engine/Unreal Projects/Brackeys2026/Brackeys-2026/BrackeysJam2026/Saved/Config/Windows/Scalability.ini]
[2026.08.26-18.23.54:924][  0]LogConfig: Setting CVar [[r.HairStrands.SkyLighting.IntegrationType:2]]
[2026.08.26-18.23.54:924][  0]LogConfig: Setting CVar [[r.HairStrands.SkyAO.SampleCount:4]]
[2026.08.26-18.23.54:924][  0]LogConfig: Setting CVar [[r.HairStrands.Visibility.MSAA.SamplePerPixel:4]]
[2026.08.26-18.23.54:924][  0]LogConfig: Applying CVar settings from Section [Startup] File [../../../Engine/Config/ConsoleVariables.ini]
[2026.08.26-18.23.54:924][  0]LogConfig: Setting CVar [[net.UseAdaptiveNetUpdateFrequency:0]]
[2026.08.26-18.23.54:924][  0]LogConfig: Setting CVar [[p.chaos.AllowCreatePhysxBodies:1]]
[2026.08.26-18.23.54:924][  0]LogConfig: Setting CVar [[fx.SkipVectorVMBackendOptimizations:1]]
[2026.08.26-18.23.54:924][  0]LogConfig: Applying CVar settings from Section [ConsoleVariables] File [E:/_Alex's Data/Unreal Engine/Unreal Projects/Brackeys2026/Brackeys-2026/BrackeysJam2026/Saved/Config/Windows/Engine.ini]
[2026.08.26-18.23.54:924][  0]LogConfig: Applying CVar settings from Section [ConsoleVariables] File [E:/_Alex's Data/Unreal Engine/Unreal Projects/Brackeys2026/Brackeys-2026/BrackeysJam2026/Saved/Config/Windows/Editor.ini]
[2026.08.26-18.23.54:924][  0]LogInit: Computer: LAPTOP-EB09ONFM
[2026.08.26-18.23.54:924][  0]LogInit: User: AlexT
[2026.08.26-18.23.54:924][  0]LogInit: CPU Page size=4096, Cores=8
[2026.08.26-18.23.54:926][  0]LogInit: High frequency timer resolution =10.000000 MHz
[2026.08.26-18.23.54:926][  0]LogMemory: Memory total: Physical=31.3GB (32GB approx)
[2026.08.26-18.23.54:926][  0]LogMemory: Platform Memory Stats for Windows
[2026.08.26-18.23.54:926][  0]LogMemory: Process Physical Memory: 157.97 MB used, 157.97 MB peak
[2026.08.26-18.23.54:926][  0]LogMemory: Process Virtual Memory: 131.36 MB used, 131.36 MB peak
[2026.08.26-18.23.54:926][  0]LogMemory: Physical Memory: 14649.45 MB used,  17431.32 MB free, 32080.77 MB total
[2026.08.26-18.23.54:926][  0]LogMemory: Virtual Memory: 134197104.00 MB used,  20625.13 MB free, 134217728.00 MB total
[2026.08.26-18.23.54:930][  0]LogWindows: WindowsPlatformFeatures enabled
[2026.08.26-18.23.54:950][  0]LogInit: Physics initialised using underlying interface: PhysX
[2026.08.26-18.23.54:950][  0]LogInit: Using OS detected language (en-US).
[2026.08.26-18.23.54:950][  0]LogInit: Using OS detected locale (en-US).
[2026.08.26-18.23.54:954][  0]LogTextLocalizationManager: No specific localization for 'en-US' exists, so the 'en' localization will be used.
[2026.08.26-18.23.55:092][  0]LogInit: Setting process to per monitor DPI aware
[2026.08.26-18.23.55:100][  0]LogWindowsTextInputMethodSystem: Display: IME system deactivated.
[2026.08.26-18.23.55:112][  0]LogSlate: New Slate User Created.  User Index 0, Is Virtual User: 0
[2026.08.26-18.23.55:112][  0]LogSlate: Slate User Registered.  User Index 0, Is Virtual User: 0
[2026.08.26-18.23.55:221][  0]LogD3D11RHI: Loaded GFSDK_Aftermath_Lib.x64.dll
[2026.08.26-18.23.55:242][  0]LogHMD: Failed to initialize OpenVR with code 110
[2026.08.26-18.23.55:242][  0]LogD3D11RHI: D3D11 min allowed feature level: 11_0
[2026.08.26-18.23.55:242][  0]LogD3D11RHI: D3D11 max allowed feature level: 11_0
[2026.08.26-18.23.55:242][  0]LogD3D11RHI: D3D11 adapters:
[2026.08.26-18.23.55:341][  0]LogD3D11RHI:    0. 'AMD Radeon 780M Graphics' (Feature Level 11_0)
[2026.08.26-18.23.55:341][  0]LogD3D11RHI:       421/0/16040 MB DedicatedVideo/DedicatedSystem/SharedSystem, Outputs:1, VendorId:0x1002
[2026.08.26-18.23.55:347][  0]LogD3D11RHI:    1. 'Microsoft Basic Render Driver' (Feature Level 11_0)
[2026.08.26-18.23.55:347][  0]LogD3D11RHI:       0/0/16040 MB DedicatedVideo/DedicatedSystem/SharedSystem, Outputs:0, VendorId:0x1414
[2026.08.26-18.23.55:347][  0]LogD3D11RHI: Chosen D3D11 Adapter:
[2026.08.26-18.23.55:347][  0]LogD3D11RHI:     Description : AMD Radeon 780M Graphics
[2026.08.26-18.23.55:347][  0]LogD3D11RHI:     VendorId    : 1002
[2026.08.26-18.23.55:347][  0]LogD3D11RHI:     DeviceId    : 1900
[2026.08.26-18.23.55:347][  0]LogD3D11RHI:     SubSysId    : 1241002
[2026.08.26-18.23.55:347][  0]LogD3D11RHI:     Revision    : 00d5
[2026.08.26-18.23.55:347][  0]LogD3D11RHI:     DedicatedVideoMemory : 441671680 bytes
[2026.08.26-18.23.55:347][  0]LogD3D11RHI:     DedicatedSystemMemory : 0 bytes
[2026.08.26-18.23.55:347][  0]LogD3D11RHI:     SharedSystemMemory : 16819564544 bytes
[2026.08.26-18.23.55:347][  0]LogD3D11RHI:     AdapterLuid : 0 66722
[2026.08.26-18.23.55:355][  0]LogD3D11RHI: Creating new Direct3DDevice
[2026.08.26-18.23.55:355][  0]LogD3D11RHI:     GPU DeviceId: 0x1900 (for the marketing name, search the web for "GPU Device Id")
[2026.08.26-18.23.55:355][  0]LogWindows: EnumDisplayDevices:
[2026.08.26-18.23.55:355][  0]LogWindows:    0. 'AMD Radeon 780M Graphics' (P:1 D:1)
[2026.08.26-18.23.55:356][  0]LogWindows:    1. 'AMD Radeon 780M Graphics' (P:0 D:0)
[2026.08.26-18.23.55:357][  0]LogWindows:    2. 'AMD Radeon 780M Graphics' (P:0 D:0)
[2026.08.26-18.23.55:357][  0]LogWindows:    3. 'AMD Radeon 780M Graphics' (P:0 D:0)
[2026.08.26-18.23.55:358][  0]LogWindows:    4. 'AMD Radeon 780M Graphics' (P:0 D:0)
[2026.08.26-18.23.55:358][  0]LogWindows: DebugString: FoundDriverCount:5 
[2026.08.26-18.23.55:358][  0]LogD3D11RHI:     Adapter Name: AMD Radeon 780M Graphics
[2026.08.26-18.23.55:358][  0]LogD3D11RHI:   Driver Version: AMD Software: Adrenalin Edition 26.7.1 (internal:32.0.31035.1003, unified:32.0.31035.1003)
[2026.08.26-18.23.55:358][  0]LogD3D11RHI:      Driver Date: 7-24-2026
[2026.08.26-18.23.55:358][  0]LogRHI: Texture pool is 10985 MB (70% of 15693 MB)
[2026.08.26-18.23.55:389][  0]LogD3D11RHI: Creating D3DDevice with AMD AGS, using adapter:
[2026.08.26-18.23.55:389][  0]LogD3D11RHI:     Description : AMD Radeon 780M Graphics
[2026.08.26-18.23.55:389][  0]LogD3D11RHI:     VendorId    : 1002
[2026.08.26-18.23.55:389][  0]LogD3D11RHI:     DeviceId    : 1900
[2026.08.26-18.23.55:389][  0]LogD3D11RHI:     SubSysId    : 1241002
[2026.08.26-18.23.55:389][  0]LogD3D11RHI:     Revision    : 00d5
[2026.08.26-18.23.55:389][  0]LogD3D11RHI:     DedicatedVideoMemory : 441671680 bytes
[2026.08.26-18.23.55:389][  0]LogD3D11RHI:     DedicatedSystemMemory : 0 bytes
[2026.08.26-18.23.55:389][  0]LogD3D11RHI:     SharedSystemMemory : 16819564544 bytes
[2026.08.26-18.23.55:389][  0]LogD3D11RHI:     AdapterLuid : 0 66722
[2026.08.26-18.23.55:486][  0]LogD3D11RHI: Created device via AGS, feature level 11_0, supported extensions 1fffffbf.
[2026.08.26-18.23.55:486][  0]LogD3D11RHI: RHI has support for 64 bit atomics
[2026.08.26-18.23.55:486][  0]LogD3D11RHI: Async texture creation enabled
[2026.08.26-18.23.55:486][  0]LogD3D11RHI: Array index from any shader is supported
[2026.08.26-18.23.55:498][  0]LogD3D11RHI: GPU Timing Frequency: 100.000000 (Debug: 2 1)
[2026.08.26-18.23.55:819][  0]LogTargetPlatformManager: Display: Loaded TargetPlatform 'AllDesktop'
[2026.08.26-18.23.55:837][  0]LogTargetPlatformManager: Display: Loaded TargetPlatform 'Android'
[2026.08.26-18.23.55:837][  0]LogTargetPlatformManager: Display: Loaded TargetPlatform 'Android_ASTC'
[2026.08.26-18.23.55:837][  0]LogTargetPlatformManager: Display: Loaded TargetPlatform 'Android_DXT'
[2026.08.26-18.23.55:837][  0]LogTargetPlatformManager: Display: Loaded TargetPlatform 'Android_ETC2'
[2026.08.26-18.23.55:837][  0]LogTargetPlatformManager: Display: Loaded TargetPlatform 'AndroidClient'
[2026.08.26-18.23.55:837][  0]LogTargetPlatformManager: Display: Loaded TargetPlatform 'Android_ASTCClient'
[2026.08.26-18.23.55:837][  0]LogTargetPlatformManager: Display: Loaded TargetPlatform 'Android_DXTClient'
[2026.08.26-18.23.55:837][  0]LogTargetPlatformManager: Display: Loaded TargetPlatform 'Android_ETC2Client'
[2026.08.26-18.23.55:837][  0]LogTargetPlatformManager: Display: Loaded TargetPlatform 'Android_Multi'
[2026.08.26-18.23.55:837][  0]LogTargetPlatformManager: Display: Loaded TargetPlatform 'Android_MultiClient'
[2026.08.26-18.23.55:851][  0]LogTargetPlatformManager: Display: Loaded TargetPlatform 'IOSClient'
[2026.08.26-18.23.55:851][  0]LogTargetPlatformManager: Display: Loaded TargetPlatform 'IOS'
[2026.08.26-18.23.55:857][  0]LogTargetPlatformManager: Display: Loaded TargetPlatform 'Linux'
[2026.08.26-18.23.55:860][  0]LogTargetPlatformManager: Display: Loaded TargetPlatform 'LinuxNoEditor'
[2026.08.26-18.23.55:864][  0]LogTargetPlatformManager: Display: Loaded TargetPlatform 'LinuxClient'
[2026.08.26-18.23.55:868][  0]LogTargetPlatformManager: Display: Loaded TargetPlatform 'LinuxServer'
[2026.08.26-18.23.55:877][  0]LogTargetPlatformManager: Display: Loaded TargetPlatform 'LinuxAArch64NoEditor'
[2026.08.26-18.23.55:881][  0]LogTargetPlatformManager: Display: Loaded TargetPlatform 'LinuxAArch64Client'
[2026.08.26-18.23.55:884][  0]LogTargetPlatformManager: Display: Loaded TargetPlatform 'LinuxAArch64Server'
[2026.08.26-18.23.55:901][  0]LogTargetPlatformManager: Display: Loaded TargetPlatform 'Lumin'
[2026.08.26-18.23.55:901][  0]LogTargetPlatformManager: Display: Loaded TargetPlatform 'LuminClient'
[2026.08.26-18.23.55:907][  0]LogTargetPlatformManager: Display: Loaded TargetPlatform 'MacNoEditor'
[2026.08.26-18.23.55:912][  0]LogTargetPlatformManager: Display: Loaded TargetPlatform 'Mac'
[2026.08.26-18.23.55:916][  0]LogTargetPlatformManager: Display: Loaded TargetPlatform 'MacClient'
[2026.08.26-18.23.55:919][  0]LogTargetPlatformManager: Display: Loaded TargetPlatform 'MacServer'
[2026.08.26-18.23.55:926][  0]LogTargetPlatformManager: Display: Loaded TargetPlatform 'TVOSClient'
[2026.08.26-18.23.55:926][  0]LogTargetPlatformManager: Display: Loaded TargetPlatform 'TVOS'
[2026.08.26-18.23.55:933][  0]LogTargetPlatformManager: Display: Loaded TargetPlatform 'WindowsNoEditor'
[2026.08.26-18.23.55:936][  0]LogTargetPlatformManager: Display: Loaded TargetPlatform 'Windows'
[2026.08.26-18.23.55:940][  0]LogTargetPlatformManager: Display: Loaded TargetPlatform 'WindowsClient'
[2026.08.26-18.23.55:946][  0]LogTargetPlatformManager: Display: Loaded TargetPlatform 'WindowsServer'
[2026.08.26-18.23.55:946][  0]LogTargetPlatformManager: Display: Building Assets For Windows
[2026.08.26-18.23.55:952][  0]LogAudioDebug: Display: Lib vorbis DLL was dynamically loaded.
[2026.08.26-18.23.55:979][  0]LogTextureFormatOodle: Display: Oodle Texture 2.9.0 init RDO Off
[2026.08.26-18.23.56:005][  0]LogRendererCore: Ray tracing is disabled. Reason: r.RayTracing=0.
[2026.08.26-18.23.56:005][  0]LogShaderCompilers: Guid format shader working directory is -42 characters bigger than the processId version (E:/_Alex's Data/Unreal Engine/Unreal Projects/Brackeys2026/Brackeys-2026/BrackeysJam2026/Intermediate/Shaders/WorkingDirectory/30300/).
[2026.08.26-18.23.56:007][  0]LogShaderCompilers: Cleaned the shader compiler working directory 'C:/Users/Alex T/AppData/Local/Temp/UnrealShaderWorkingDir/34BC52F54CECE0926021378333B9DE8D/'.
[2026.08.26-18.23.56:007][  0]LogXGEController: Cannot use XGE Controller as Incredibuild is not installed on this machine.
[2026.08.26-18.23.56:007][  0]LogShaderCompilers: Cannot use XGE Shader Compiler as Incredibuild is not installed on this machine.
[2026.08.26-18.23.56:007][  0]LogShaderCompilers: Display: Using Local Shader Compiler.
[2026.08.26-18.23.56:643][  0]LogDerivedDataCache: Display: Max Cache Size: 512 MB
[2026.08.26-18.23.56:684][  0]LogDerivedDataCache: Loaded boot cache 0.04s 99MB C:/Users/Alex T/AppData/Local/UnrealEngine/4.27/DerivedDataCache/Boot.ddc.
[2026.08.26-18.23.56:684][  0]LogDerivedDataCache: Display: Loaded Boot cache: C:/Users/Alex T/AppData/Local/UnrealEngine/4.27/DerivedDataCache/Boot.ddc
[2026.08.26-18.23.56:684][  0]LogDerivedDataCache: FDerivedDataBackendGraph:  Pak pak cache file E:/_Alex's Data/Unreal Engine/Unreal Projects/Brackeys2026/Brackeys-2026/BrackeysJam2026/DerivedDataCache/DDC.ddp not found, will not use a pak cache.
[2026.08.26-18.23.56:684][  0]LogDerivedDataCache: Unable to find inner node Pak for hierarchical cache Hierarchy.
[2026.08.26-18.23.56:684][  0]LogDerivedDataCache: FDerivedDataBackendGraph:  CompressedPak pak cache file E:/_Alex's Data/Unreal Engine/Unreal Projects/Brackeys2026/Brackeys-2026/BrackeysJam2026/DerivedDataCache/Compressed.ddp not found, will not use a pak cache.
[2026.08.26-18.23.56:684][  0]LogDerivedDataCache: Unable to find inner node CompressedPak for hierarchical cache Hierarchy.
[2026.08.26-18.23.56:703][  0]LogDerivedDataCache: Display: Pak cache opened for reading ../../../Engine/DerivedDataCache/Compressed.ddp.
[2026.08.26-18.23.56:703][  0]LogDerivedDataCache: FDerivedDataBackendGraph:  EnterprisePak pak cache file ../../../Enterprise/DerivedDataCache/Compressed.ddp not found, will not use a pak cache.
[2026.08.26-18.23.56:703][  0]LogDerivedDataCache: Unable to find inner node EnterprisePak for hierarchical cache Hierarchy.
[2026.08.26-18.23.56:710][  0]LogDerivedDataCache: Speed tests for C:/Users/Alex T/AppData/Local/UnrealEngine/Common/DerivedDataCache took 0.01 seconds
[2026.08.26-18.23.56:710][  0]LogDerivedDataCache: Display: Performance to C:/Users/Alex T/AppData/Local/UnrealEngine/Common/DerivedDataCache: Latency=0.02ms. RandomReadSpeed=1216.07MBs, RandomWriteSpeed=141.91MBs. Assigned SpeedClass 'Local'
[2026.08.26-18.23.56:711][  0]LogDerivedDataCache: Using Local data cache path C:/Users/Alex T/AppData/Local/UnrealEngine/Common/DerivedDataCache: Writable
[2026.08.26-18.23.56:711][  0]LogDerivedDataCache: Shared data cache path not found in *engine.ini, will not use an Shared cache.
[2026.08.26-18.23.56:711][  0]LogDerivedDataCache: Unable to find inner node Shared for hierarchical cache Hierarchy.
[2026.08.26-18.23.56:753][  0]LogSlate: Using FreeType 2.10.0
[2026.08.26-18.23.56:754][  0]LogSlate: SlateFontServices - WITH_FREETYPE: 1, WITH_HARFBUZZ: 1
[2026.08.26-18.23.56:783][  0]LogAssetRegistry: FAssetRegistry took 0.0039 seconds to start up
[2026.08.26-18.23.56:984][  0]LogInit: Selected Device Profile: [Windows]
[2026.08.26-18.23.56:984][  0]LogInit: Active device profile: [00000135F463EC00][00000135F34611C0 49] Windows
[2026.08.26-18.23.56:984][  0]LogInit: Profiles: [00000135F463EC00][00000135F34611C0 49] Windows, [00000135F45E1200][00000135ED99B480 49] WindowsNoEditor, [00000135F463E400][00000135ED99F740 49] WindowsServer, [00000135F45E1900][00000135ED9A3A00 49] WindowsClient, [00000135F463CD00][00000135ED9A6140 49] IOS, [00000135F45E2D00][00000135ED9AA400 49] iPadAir, [00000135F45C7F00][00000135ED9AE6C0 49] iPadAir2, [00000135F4599000][00000135ED9BEBC0 49] IPadPro, [00000135F4599100][00000135ED9B2C00 49] iPadAir3, [00000135F463D300][00000135F3464E80 49] iPadAir4, [00000135F459AD00][00000135ED9B7140 49] iPadMini2, [00000135F45C4100][00000135ED9C3400 49] iPadMini3, [00000135F463CF00][00000135ED9C76C0 49] iPadMini4, [00000135F4598500][00000135ED9CB980 49] iPadMini5, [00000135F45E0200][00000135F1F8A340 49] iPhone6, [00000135F45E0300][00000135ED9CE380 49] iPodTouch6, [00000135F463DA00][00000135F1F928C0 49] iPhone7, [00000135F463F800][00000135F1F82900 49] iPodTouch7, [00000135F45E3300][00000135F1F86BC0 49] iPhone5S, [00000135F45C4F00][00000135ED9BAE40 49] iPhone6Plus, [00000135F45E0C00][00000135ED9D30C0 49] iPhone6S, [00000135F45C5600][00000135F1F97380 49] iPhone6SPlus, [00000135F45E0400][00000135F1F9B640 49] iPhone7Plus, [00000135F45C4200][00000135F1F9F900 49] iPhoneSE, [00000135F45E3F00][00000135F1FA3BC0 49] iPhone8, [00000135F45C6300][00000135F1FA6300 49] iPhone8Plus, [00000135F45E3000][00000135F1FAA5C0 49] iPhoneX, [00000135F45C4700][00000135F1FAE880 49] iPhoneXS, [00000135F463D000][00000135F1FB2B40 49] iPhoneXSMax, [00000135F45C5F00][00000135F1FB6E00 49] iPhoneXR, [00000135F463D800][00000135F1F8F080 49] iPhone11, [00000135F45C4300][00000135F1FBB300 49] iPhone11Pro, [00000135F463DB00][00000135F1FC35C0 49] iPhone11ProMax, [00000135F45C6F00][00000135F1FC7880 49] iPhoneSE2, [00000135F463E600][00000135F3469B40 49] iPhone12Mini, [00000135F45C7A00][00000135F346C280 49] iPhone12, [00000135F463C500][00000135F3470540 49] iPhone12Pro, [00000135F45C5200][00000135F3474800 49] iPhone12ProMax, [00000135F463C100][00000135F3478AC0 49] iPadPro105, [00000135F45C5300][00000135F347CD80 49] iPadPro129, [00000135F463EA00][00000135F3481040 49] iPadPro97, [00000135F45C7C00][00000135F1FBF2C0 49] iPadPro2_129, [00000135F463C600][00000135F3485540 49] iPad5, [00000135F45C4D00][00000135F348D800 49] iPad6, [00000135F463D100][00000135F3491AC0 49] iPad7, [00000135F45C6200][00000135F3494200 49] iPad8, [00000135F463F400][00000135F34984C0 49] iPadPro11, [00000135F45C7200][00000135F349C780 49] iPadPro2_11, [00000135F463E100][00000135F34A0A40 49] iPadPro3_129, [00000135F45C7B00][00000135F34A4D00 49] iPadPro4_129, [00000135F463C400][00000135F34A8FC0 49] AppleTV, [00000135F45C5900][00000135F34AD280 49] AppleTV4K, [00000135F463C200][00000135F3489500 49] TVOS, [00000135F45C4500][00000135F1D65780 49] Mac, [00000135F463DF00][00000135F1D6DA40 49] MacClient, [00000135F45C6600][00000135F1D70180 49] MacNoEditor, [00000135F463D400][00000135F1D74440 49] MacServer, [00000135F45C5700][00000135F1D78700 49] Linux, [00000135F463F500][00000135F1D7C9C0 49] LinuxAArch64, [00000135F45C7000][00000135F1D80C80 49] LinuxNoEditor, [00000135F463E800][00000135F1D84F40 49] LinuxAArch64NoEditor, [00000135F45C5500][00000135F1D89200 49] LinuxClient, [00000135F463D600][00000135F1D8D4C0 49] LinuxAArch64Client, [00000135F45C4B00][00000135F1D69740 49] LinuxServer, [00000135F463F200][00000135F1D919C0 49] LinuxAArch64Server, [00000135F45C5800][00000135F1D98100 49] Android, [00000135F463E900][00000135F1D9C3C0 49] Android_Low, [00000135F45C6E00][00000135F1DA0680 49] Android_Mid, [00000135F463E500][00000135F1DA4940 49] Android_High, [00000135F4598A00][00000135F1DA8C00 49] Android_Default, [00000135F45E1C00][00000135F1DACEC0 49] Android_Adreno4xx, [00000135F4599300][00000135F1F13180 49] Android_Adreno5xx_Low, [00000135F45E1800][00000135F1F17440 49] Android_Adreno5xx, [00000135F4599A00][00000135F1F1B700 49] Android_Adreno6xx, [00000135F45E0700][00000135F1D95980 49] Android_Adreno6xx_Vulkan, [00000135F459AA00][00000135F1F220C0 49] Android_Mali_T6xx, [00000135F45E3B00][00000135F1F26380 49] Android_Mali_T7xx, [00000135F4598900][00000135F1F2A640 49] Android_Mali_T8xx, [00000135F45E2A00][00000135F1F2E900 49] Android_Mali_G71, [00000135F4598700][00000135F1F32BC0 49] Android_Mali_G72, [00000135F45E0800][00000135F1F36E80 49] Android_Mali_G72_Vulkan, [00000135F4598C00][00000135F1F3B140 49] Android_Mali_G76, [00000135F45E1300][00000135F1F3F400 49] Android_Mali_G76_Vulkan, [00000135F4598D00][00000135F1F436C0 49] Android_Mali_G77, [00000135F45E2000][00000135F1F1F940 49] Android_Mali_G77_Vulkan, [00000135F4598E00][00000135F1F47BC0 49] Android_Mali_G78, [00000135F45E1E00][00000135F1F4E300 49] Android_Mali_G78_Vulkan, [00000135F459B100][00000135F1F525C0 49] Android_Mali_G710, [00000135F45E1600][00000135F1F56880 49] Android_Mali_G710_Vulkan, [00000135F4599600][00000135F1F5AB40 49] Android_Vulkan_SM5, [00000135F45E3400][00000135F1F5EE00 49] Android_PowerVR_G6xxx, [00000135F459B800][00000135F1F630C0 49] Android_PowerVR_GT7xxx, [00000135F45E2C00][00000135F1F67380 49] Android_PowerVR_GE8xxx, [00000135F4599C00][00000135F1F6B640 49] Android_PowerVR_GM9xxx, [00000135F45E2F00][00000135F1F6F900 49] Android_PowerVR_GM9xxx_Vulkan, [00000135F459BF00][00000135F1F4BB80 49] Android_TegraK1, [00000135F45E2E00][00000135F1F72280 49] Android_Unknown_Vulkan, [00000135F4599D00][00000135F1F7A540 49] Lumin, [00000135F45E3600][00000135F4C4E800 49] Lumin_Desktop, [00000135F459A700][00000135F4C52AC0 49] HoloLens, 
[2026.08.26-18.23.57:151][  0]LogMeshReduction: Using QuadricMeshReduction for automatic static mesh reduction
[2026.08.26-18.23.57:151][  0]LogMeshReduction: Using SimplygonMeshReduction for automatic skeletal mesh reduction
[2026.08.26-18.23.57:151][  0]LogMeshReduction: Using ProxyLODMeshReduction for automatic mesh merging
[2026.08.26-18.23.57:151][  0]LogMeshReduction: No distributed automatic mesh merging module available
[2026.08.26-18.23.57:151][  0]LogMeshMerging: No distributed automatic mesh merging module available
[2026.08.26-18.23.57:165][  0]LogNetVersion: BrackeysJam2026 1.0.0, NetCL: 17155196, EngineNetVer: 17, GameNetVer: 0 (Checksum: 1239153582)
[2026.08.26-18.23.57:513][  0]LogTexture: Default maximum texture size for cubemaps generated from long-lat sources has been changed from 512 to unlimited. In order to preserve old behaiour for '/Engine/MapTemplates/Sky/DaylightAmbientCubemap.DaylightAmbientCubemap', its maximum texture size has been explicitly set to 512.
[2026.08.26-18.23.57:558][  0]LogHMD: PokeAHoleMaterial loaded successfully
[2026.08.26-18.23.57:564][  0]LogUObjectArray: 17179 objects as part of root set at end of initial load.
[2026.08.26-18.23.57:564][  0]LogUObjectAllocator: 4302256 out of 0 bytes used by permanent object pool.
[2026.08.26-18.23.57:564][  0]LogUObjectArray: CloseDisregardForGC: 0/0 objects in disregard for GC pool
[2026.08.26-18.23.57:834][  0]LogPython: Using Python 3.7.7
[2026.08.26-18.23.58:282][  0]LogNiagaraDebuggerClient: Niagara Debugger Client Initialized | Session: 6BD86303444DB74B00B81299E089037D | Instance: 2D48CEA2415431ED0293B3A52786A302 (LAPTOP-EB09ONFM-30300).
[2026.08.26-18.23.58:435][  0]LogTcpMessaging: Initializing TcpMessaging bridge
[2026.08.26-18.23.58:440][  0]LogUdpMessaging: Initializing bridge on interface 0.0.0.0:0 to multicast group 230.0.0.1:6666.
[2026.08.26-18.23.59:004][  0]LogOpenImageDenoise: OIDN starting up
[2026.08.26-18.23.59:059][  0]SourceControl: Source control is disabled
[2026.08.26-18.23.59:059][  0]SourceControl: Source control is disabled
[2026.08.26-18.23.59:067][  0]SourceControl: Source control is disabled
[2026.08.26-18.23.59:071][  0]SourceControl: Source control is disabled
[2026.08.26-18.23.59:096][  0]SourceControl: Source control is disabled
[2026.08.26-18.23.59:102][  0]LogUProjectInfo: Found projects:
[2026.08.26-18.23.59:122][  0]LogAndroidPermission: UAndroidPermissionCallbackProxy::GetInstance
[2026.08.26-18.23.59:142][  0]LogAudioCaptureCore: Display: No Audio Capture implementations found. Audio input will be silent.
[2026.08.26-18.23.59:142][  0]LogAudioCaptureCore: Display: No Audio Capture implementations found. Audio input will be silent.
[2026.08.26-18.23.59:278][  0]LogCollectionManager: Loaded 0 collections in 0.001414 seconds
[2026.08.26-18.23.59:305][  0]LogFileCache: Scanning file cache for directory 'E:/_Alex's Data/Unreal Engine/Unreal Projects/Brackeys2026/Brackeys-2026/BrackeysJam2026/Saved/Collections/' took 0.00s
[2026.08.26-18.23.59:305][  0]LogFileCache: Scanning file cache for directory 'E:/_Alex's Data/Unreal Engine/Unreal Projects/Brackeys2026/Brackeys-2026/BrackeysJam2026/Content/Developers/AlexT/Collections/' took 0.00s
[2026.08.26-18.23.59:305][  0]LogFileCache: Scanning file cache for directory 'E:/_Alex's Data/Unreal Engine/Unreal Projects/Brackeys2026/Brackeys-2026/BrackeysJam2026/Content/Collections/' took 0.00s
[2026.08.26-18.23.59:305][  0]LogOcInput: OculusInput pre-init called
[2026.08.26-18.23.59:594][  0]LogEngine: Initializing Engine...
[2026.08.26-18.23.59:596][  0]LogHMD: Failed to enumerate extensions. Please check that you have a valid OpenXR runtime installed.
[2026.08.26-18.23.59:596][  0]LogHMD: Failed to initialize OpenVR with code 110
[2026.08.26-18.23.59:596][  0]LogMagicLeap: Warning: VR disabled because ZI is not enabled.  To enable, in the editor, Edit -> Project Settings -> Plugins -> Magic Leap Plugin -> Enable Zero Iteration
[2026.08.26-18.23.59:598][  0]LogStats: UGameplayTagsManager::InitializeManager -  0.000 s
[2026.08.26-18.23.59:723][  0]LogInit: Initializing FReadOnlyCVARCache
[2026.08.26-18.23.59:733][  0]LogAIModule: Creating AISystem for world Untitled
[2026.08.26-18.23.59:733][  0]LogAudio: Display: Initializing Audio Device Manager...
[2026.08.26-18.23.59:736][  0]LogAudio: Display: Loading Default Audio Settings Objects...
[2026.08.26-18.23.59:736][  0]LogAudio: Display: No default SoundConcurrencyObject specified (or failed to load).
[2026.08.26-18.23.59:738][  0]LogAudio: Display: Audio Device Manager Initialized
[2026.08.26-18.23.59:738][  0]LogAudio: Display: Creating Audio Device:                 Id: 1, Scope: Shared, Realtime: True
[2026.08.26-18.23.59:738][  0]LogAudioMixer: Display: Audio Mixer Platform Settings:
[2026.08.26-18.23.59:738][  0]LogAudioMixer: Display: 	Sample Rate:						  48000
[2026.08.26-18.23.59:738][  0]LogAudioMixer: Display: 	Callback Buffer Frame Size Requested: 1024
[2026.08.26-18.23.59:738][  0]LogAudioMixer: Display: 	Callback Buffer Frame Size To Use:	  1024
[2026.08.26-18.23.59:738][  0]LogAudioMixer: Display: 	Number of buffers to queue:			  2
[2026.08.26-18.23.59:738][  0]LogAudioMixer: Display: 	Max Channels (voices):				  32
[2026.08.26-18.23.59:738][  0]LogAudioMixer: Display: 	Number of Async Source Workers:		  0
[2026.08.26-18.23.59:738][  0]LogAudio: Display: AudioDevice MaxSources: 32
[2026.08.26-18.23.59:739][  0]LogAudio: Display: Audio Spatialization Plugin: None (built-in).
[2026.08.26-18.23.59:739][  0]LogAudio: Display: Audio Reverb Plugin: None (built-in).
[2026.08.26-18.23.59:739][  0]LogAudio: Display: Audio Occlusion Plugin: None (built-in).
[2026.08.26-18.23.59:739][  0]LogAudioMixer: Display: Initializing audio mixer.
[2026.08.26-18.23.59:753][  0]LogAudioMixer: Display: 0: FrontLeft
[2026.08.26-18.23.59:753][  0]LogAudioMixer: Display: 1: FrontRight
[2026.08.26-18.23.59:774][  0]LogAudioMixer: Display: Using Audio Device Realtek HD Audio 2nd output (Realtek(R) Audio)
[2026.08.26-18.23.59:776][  0]LogAudioMixer: Display: Initializing Sound Submixes...
[2026.08.26-18.23.59:778][  0]LogAudioMixer: Display: Creating Master Submix 'MasterSubmixDefault'
[2026.08.26-18.23.59:778][  0]LogAudioMixer: Display: Creating Master Submix 'MasterReverbSubmixDefault'
[2026.08.26-18.23.59:778][  0]LogAudioMixer: Display: Creating Master Submix 'MasterEQSubmixDefault'
[2026.08.26-18.23.59:778][  0]LogAudioMixer: FMixerPlatformXAudio2::StartAudioStream() called
[2026.08.26-18.23.59:778][  0]LogAudioMixer: Display: Output buffers initialized: Frames=1024, Channels=2, Samples=2048
[2026.08.26-18.23.59:779][  0]LogAudioMixer: Display: Starting AudioMixerPlatformInterface::RunInternal()
[2026.08.26-18.23.59:779][  0]LogAudioMixer: Display: FMixerPlatformXAudio2::SubmitBuffer() called for the first time
[2026.08.26-18.23.59:779][  0]LogInit: FAudioDevice initialized.
[2026.08.26-18.23.59:779][  0]LogAudio: Display: Audio Device (ID: 1) registered with world 'Untitled'.
[2026.08.26-18.23.59:779][  0]LogNetVersion: Set ProjectVersion to 1.0.0.0. Version Checksum will be recalculated on next use.
[2026.08.26-18.23.59:831][  0]LogDerivedDataCache: Saved boot cache 0.05s 99MB C:/Users/Alex T/AppData/Local/UnrealEngine/4.27/DerivedDataCache/Boot.ddc.
[2026.08.26-18.23.59:832][  0]LogInit: Texture streaming: Enabled
[2026.08.26-18.23.59:846][  0]LogAnalytics: Display: [UEEditor.Rocket.Release] APIServer = https://datarouter.ol.epicgames.com/. AppVersion = 4.27.2-18319896+++UE4+Release-4.27
[2026.08.26-18.23.59:851][  0]LogEngineSessionManager: EngineSessionManager initialized
[2026.08.26-18.23.59:851][  0]LogEditorSessionSummary: Verbose: Initializing EditorSessionSummaryWriter for editor session tracking
[2026.08.26-18.23.59:856][  0]LogEditorSessionSummary: EditorSessionSummaryWriter initialized
[2026.08.26-18.24.00:244][  0]LogInit: Transaction tracking system initialized
[2026.08.26-18.24.00:264][  0]BlueprintLog: New page: Editor Load
[2026.08.26-18.24.00:318][  0]LocalizationService: Localization service is disabled
[2026.08.26-18.24.00:343][  0]TimingProfiler: Initialize
[2026.08.26-18.24.00:344][  0]TimingProfiler: OnSessionChanged
[2026.08.26-18.24.00:344][  0]LoadingProfiler: Initialize
[2026.08.26-18.24.00:344][  0]LoadingProfiler: OnSessionChanged
[2026.08.26-18.24.00:344][  0]NetworkingProfiler: Initialize
[2026.08.26-18.24.00:344][  0]NetworkingProfiler: OnSessionChanged
[2026.08.26-18.24.00:344][  0]MemoryProfiler: Initialize
[2026.08.26-18.24.00:344][  0]MemoryProfiler: OnSessionChanged
[2026.08.26-18.24.00:510][  0]LogCook: Display: CookSettings for Memory: MemoryMaxUsedVirtual 0MiB, MemoryMaxUsedPhysical 16384MiB, MemoryMinFreeVirtual 0MiB, MemoryMinFreePhysical 1024MiB
[2026.08.26-18.24.00:510][  0]LogCook: Display: Mobile HDR setting 1
[2026.08.26-18.24.00:677][  0]LogFileCache: Scanning file cache for directory 'E:/_Alex's Data/Unreal Engine/Unreal Projects/Brackeys2026/Brackeys-2026/BrackeysJam2026/Content/' took 0.01s
[2026.08.26-18.24.00:815][  0]LogInit: Display: Engine is initialized. Leaving FEngineLoop::Init()
[2026.08.26-18.24.00:819][  0]SourceControl: Source control is disabled
[2026.08.26-18.24.00:819][  0]LogUnrealEdMisc: Loading editor; pre map load, took 7.375
[2026.08.26-18.24.00:819][  0]Cmd: MAP LOAD FILE="E:/_Alex's Data/Unreal Engine/Unreal Projects/Brackeys2026/Brackeys-2026/BrackeysJam2026/Content/Brackeys2026/Levels/Brackeys2026Map.umap" TEMPLATE=0 SHOWPROGRESS=1 FEATURELEVEL=3
[2026.08.26-18.24.00:819][  0]LightingResults: New page: Lighting Build
[2026.08.26-18.24.00:820][  0]LogWorld: UWorld::CleanupWorld for Untitled, bSessionEnded=true, bCleanupResources=true
[2026.08.26-18.24.00:820][  0]LogSlate: InvalidateAllWidgets triggered.  All widgets were invalidated
[2026.08.26-18.24.00:821][  0]MapCheck: New page: Map Check
[2026.08.26-18.24.00:821][  0]LightingResults: New page: Lighting Build
[2026.08.26-18.24.00:832][  0]LogAudio: Display: Audio Device unregistered from world 'None'.
[2026.08.26-18.24.00:835][  0]LogUObjectHash: Compacting FUObjectHashTables data took   0.62ms
[2026.08.26-18.24.01:397][  0]LogAudio: Display: Audio Device (ID: 1) registered with world 'Brackeys2026Map'.
[2026.08.26-18.24.01:398][  0]LogAIModule: Creating AISystem for world Brackeys2026Map
[2026.08.26-18.24.01:404][  0]LogEditorServer: Finished looking for orphan Actors (0.000 secs)
[2026.08.26-18.24.01:418][  0]LogUObjectHash: Compacting FUObjectHashTables data took   0.66ms
[2026.08.26-18.24.01:418][  0]Cmd: MAP CHECKDEP NOCLEARLOG
[2026.08.26-18.24.01:418][  0]MapCheck: Map check complete: 0 Error(s), 0 Warning(s), took 0.151ms to complete.
[2026.08.26-18.24.01:418][  0]LogFileHelpers: Loading map 'Brackeys2026Map' took 0.599
[2026.08.26-18.24.01:422][  0]LogUnrealEdMisc: Total Editor Startup Time, took 7.978
[2026.08.26-18.24.01:528][  0]LogSlate: The tab "Cesium" attempted to spawn in layout 'LevelEditor_Layout_v1.2' but failed for some reason. It will not be displayed.
[2026.08.26-18.24.01:556][  0]LogSlate: Updating window title bar state: overlay mode, drag disabled, window buttons hidden, title bar hidden
[2026.08.26-18.24.01:560][  0]LogSlate: Updating window title bar state: overlay mode, drag disabled, window buttons hidden, title bar hidden
[2026.08.26-18.24.01:565][  0]LogSlate: Updating window title bar state: overlay mode, drag disabled, window buttons hidden, title bar hidden
[2026.08.26-18.24.01:572][  0]LogSlate: Updating window title bar state: overlay mode, drag disabled, window buttons hidden, title bar hidden
[2026.08.26-18.24.01:941][  0]LogSlate: Only BGRA pngs, bmps or icos are supported in by External Image Picker
[2026.08.26-18.24.02:014][  0]LogNativeClassHierarchy: Verbose: Native class hierarchy populated in 0.0105 seconds. Added 3827 classes and 934 folders.
[2026.08.26-18.24.02:018][  0]LogNativeClassHierarchy: Verbose: Native class hierarchy updated for 'WidgetCarousel' in 0.0003 seconds. Added 0 classes and 0 folders.
[2026.08.26-18.24.02:020][  0]LogPakFile: PakFile PrimaryIndexSize=187
[2026.08.26-18.24.02:020][  0]LogPakFile: PakFile PathHashIndexSize=101
[2026.08.26-18.24.02:020][  0]LogPakFile: PakFile FullDirectoryIndexSize=148
[2026.08.26-18.24.02:020][  0]LogShaderLibrary: Display: ShaderCodeLibraryPakFileMountedCallback: PakFile 'C:/Program Files/Epic Games/UE_4.27/FeaturePacks/FP_FirstPerson.upack' (chunk index -1, root 'root:/') mounted
[2026.08.26-18.24.02:020][  0]LogShaderLibrary: Display: ShaderCodeLibraryPakFileMountedCallback: pending pak file info (ChunkID:-1 Root:root:/ File:C:/Program Files/Epic Games/UE_4.27/FeaturePacks/FP_FirstPerson.upack)
[2026.08.26-18.24.02:020][  0]LogPakFile: OnPakFileMounted2Time == 0.000053
[2026.08.26-18.24.02:021][  0]LogPakFile: PakFile PrimaryIndexSize=189
[2026.08.26-18.24.02:021][  0]LogPakFile: PakFile PathHashIndexSize=101
[2026.08.26-18.24.02:021][  0]LogPakFile: PakFile FullDirectoryIndexSize=152
[2026.08.26-18.24.02:021][  0]LogShaderLibrary: Display: ShaderCodeLibraryPakFileMountedCallback: PakFile 'C:/Program Files/Epic Games/UE_4.27/FeaturePacks/FP_FirstPersonBP.upack' (chunk index -1, root 'root:/') mounted
[2026.08.26-18.24.02:021][  0]LogShaderLibrary: Display: ShaderCodeLibraryPakFileMountedCallback: pending pak file info (ChunkID:-1 Root:root:/ File:C:/Program Files/Epic Games/UE_4.27/FeaturePacks/FP_FirstPersonBP.upack)
[2026.08.26-18.24.02:021][  0]LogPakFile: OnPakFileMounted2Time == 0.000030
[2026.08.26-18.24.02:021][  0]LogPakFile: PakFile PrimaryIndexSize=191
[2026.08.26-18.24.02:021][  0]LogPakFile: PakFile PathHashIndexSize=101
[2026.08.26-18.24.02:021][  0]LogPakFile: PakFile FullDirectoryIndexSize=160
[2026.08.26-18.24.02:021][  0]LogShaderLibrary: Display: ShaderCodeLibraryPakFileMountedCallback: PakFile 'C:/Program Files/Epic Games/UE_4.27/FeaturePacks/MobileStarterContent.upack' (chunk index -1, root 'root:/') mounted
[2026.08.26-18.24.02:021][  0]LogShaderLibrary: Display: ShaderCodeLibraryPakFileMountedCallback: pending pak file info (ChunkID:-1 Root:root:/ File:C:/Program Files/Epic Games/UE_4.27/FeaturePacks/MobileStarterContent.upack)
[2026.08.26-18.24.02:021][  0]LogPakFile: OnPakFileMounted2Time == 0.000039
[2026.08.26-18.24.02:022][  0]LogPakFile: PakFile PrimaryIndexSize=185
[2026.08.26-18.24.02:022][  0]LogPakFile: PakFile PathHashIndexSize=101
[2026.08.26-18.24.02:022][  0]LogPakFile: PakFile FullDirectoryIndexSize=148
[2026.08.26-18.24.02:022][  0]LogShaderLibrary: Display: ShaderCodeLibraryPakFileMountedCallback: PakFile 'C:/Program Files/Epic Games/UE_4.27/FeaturePacks/StarterContent.upack' (chunk index -1, root 'root:/') mounted
[2026.08.26-18.24.02:022][  0]LogShaderLibrary: Display: ShaderCodeLibraryPakFileMountedCallback: pending pak file info (ChunkID:-1 Root:root:/ File:C:/Program Files/Epic Games/UE_4.27/FeaturePacks/StarterContent.upack)
[2026.08.26-18.24.02:022][  0]LogPakFile: OnPakFileMounted2Time == 0.000035
[2026.08.26-18.24.02:022][  0]LogPakFile: PakFile PrimaryIndexSize=190
[2026.08.26-18.24.02:022][  0]LogPakFile: PakFile PathHashIndexSize=101
[2026.08.26-18.24.02:022][  0]LogPakFile: PakFile FullDirectoryIndexSize=154
[2026.08.26-18.24.02:022][  0]LogShaderLibrary: Display: ShaderCodeLibraryPakFileMountedCallback: PakFile 'C:/Program Files/Epic Games/UE_4.27/FeaturePacks/TP_2DSideScroller.upack' (chunk index -1, root 'root:/') mounted
[2026.08.26-18.24.02:022][  0]LogShaderLibrary: Display: ShaderCodeLibraryPakFileMountedCallback: pending pak file info (ChunkID:-1 Root:root:/ File:C:/Program Files/Epic Games/UE_4.27/FeaturePacks/TP_2DSideScroller.upack)
[2026.08.26-18.24.02:022][  0]LogPakFile: OnPakFileMounted2Time == 0.000034
[2026.08.26-18.24.02:023][  0]LogPakFile: PakFile PrimaryIndexSize=192
[2026.08.26-18.24.02:023][  0]LogPakFile: PakFile PathHashIndexSize=101
[2026.08.26-18.24.02:023][  0]LogPakFile: PakFile FullDirectoryIndexSize=158
[2026.08.26-18.24.02:023][  0]LogShaderLibrary: Display: ShaderCodeLibraryPakFileMountedCallback: PakFile 'C:/Program Files/Epic Games/UE_4.27/FeaturePacks/TP_2DSideScrollerBP.upack' (chunk index -1, root 'root:/') mounted
[2026.08.26-18.24.02:023][  0]LogShaderLibrary: Display: ShaderCodeLibraryPakFileMountedCallback: pending pak file info (ChunkID:-1 Root:root:/ File:C:/Program Files/Epic Games/UE_4.27/FeaturePacks/TP_2DSideScrollerBP.upack)
[2026.08.26-18.24.02:023][  0]LogPakFile: OnPakFileMounted2Time == 0.000041
[2026.08.26-18.24.02:023][  0]LogPakFile: PakFile PrimaryIndexSize=182
[2026.08.26-18.24.02:023][  0]LogPakFile: PakFile PathHashIndexSize=101
[2026.08.26-18.24.02:023][  0]LogPakFile: PakFile FullDirectoryIndexSize=138
[2026.08.26-18.24.02:023][  0]LogShaderLibrary: Display: ShaderCodeLibraryPakFileMountedCallback: PakFile 'C:/Program Files/Epic Games/UE_4.27/FeaturePacks/TP_Flying.upack' (chunk index -1, root 'root:/') mounted
[2026.08.26-18.24.02:023][  0]LogShaderLibrary: Display: ShaderCodeLibraryPakFileMountedCallback: pending pak file info (ChunkID:-1 Root:root:/ File:C:/Program Files/Epic Games/UE_4.27/FeaturePacks/TP_Flying.upack)
[2026.08.26-18.24.02:023][  0]LogPakFile: OnPakFileMounted2Time == 0.000032
[2026.08.26-18.24.02:024][  0]LogPakFile: PakFile PrimaryIndexSize=184
[2026.08.26-18.24.02:024][  0]LogPakFile: PakFile PathHashIndexSize=101
[2026.08.26-18.24.02:024][  0]LogPakFile: PakFile FullDirectoryIndexSize=142
[2026.08.26-18.24.02:024][  0]LogShaderLibrary: Display: ShaderCodeLibraryPakFileMountedCallback: PakFile 'C:/Program Files/Epic Games/UE_4.27/FeaturePacks/TP_FlyingBP.upack' (chunk index -1, root 'root:/') mounted
[2026.08.26-18.24.02:024][  0]LogShaderLibrary: Display: ShaderCodeLibraryPakFileMountedCallback: pending pak file info (ChunkID:-1 Root:root:/ File:C:/Program Files/Epic Games/UE_4.27/FeaturePacks/TP_FlyingBP.upack)
[2026.08.26-18.24.02:024][  0]LogPakFile: OnPakFileMounted2Time == 0.000032
[2026.08.26-18.24.02:024][  0]LogPakFile: PakFile PrimaryIndexSize=188
[2026.08.26-18.24.02:024][  0]LogPakFile: PakFile PathHashIndexSize=101
[2026.08.26-18.24.02:024][  0]LogPakFile: PakFile FullDirectoryIndexSize=150
[2026.08.26-18.24.02:024][  0]LogShaderLibrary: Display: ShaderCodeLibraryPakFileMountedCallback: PakFile 'C:/Program Files/Epic Games/UE_4.27/FeaturePacks/TP_HandheldARBP.upack' (chunk index -1, root 'root:/') mounted
[2026.08.26-18.24.02:024][  0]LogShaderLibrary: Display: ShaderCodeLibraryPakFileMountedCallback: pending pak file info (ChunkID:-1 Root:root:/ File:C:/Program Files/Epic Games/UE_4.27/FeaturePacks/TP_HandheldARBP.upack)
[2026.08.26-18.24.02:024][  0]LogPakFile: OnPakFileMounted2Time == 0.000034
[2026.08.26-18.24.02:024][  0]LogPakFile: PakFile PrimaryIndexSize=182
[2026.08.26-18.24.02:024][  0]LogPakFile: PakFile PathHashIndexSize=101
[2026.08.26-18.24.02:024][  0]LogPakFile: PakFile FullDirectoryIndexSize=138
[2026.08.26-18.24.02:024][  0]LogShaderLibrary: Display: ShaderCodeLibraryPakFileMountedCallback: PakFile 'C:/Program Files/Epic Games/UE_4.27/FeaturePacks/TP_Puzzle.upack' (chunk index -1, root 'root:/') mounted
[2026.08.26-18.24.02:024][  0]LogShaderLibrary: Display: ShaderCodeLibraryPakFileMountedCallback: pending pak file info (ChunkID:-1 Root:root:/ File:C:/Program Files/Epic Games/UE_4.27/FeaturePacks/TP_Puzzle.upack)
[2026.08.26-18.24.02:024][  0]LogPakFile: OnPakFileMounted2Time == 0.000031
[2026.08.26-18.24.02:026][  0]LogPakFile: PakFile PrimaryIndexSize=184
[2026.08.26-18.24.02:026][  0]LogPakFile: PakFile PathHashIndexSize=101
[2026.08.26-18.24.02:026][  0]LogPakFile: PakFile FullDirectoryIndexSize=142
[2026.08.26-18.24.02:026][  0]LogShaderLibrary: Display: ShaderCodeLibraryPakFileMountedCallback: PakFile 'C:/Program Files/Epic Games/UE_4.27/FeaturePacks/TP_PuzzleBP.upack' (chunk index -1, root 'root:/') mounted
[2026.08.26-18.24.02:026][  0]LogShaderLibrary: Display: ShaderCodeLibraryPakFileMountedCallback: pending pak file info (ChunkID:-1 Root:root:/ File:C:/Program Files/Epic Games/UE_4.27/FeaturePacks/TP_PuzzleBP.upack)
[2026.08.26-18.24.02:026][  0]LogPakFile: OnPakFileMounted2Time == 0.000032
[2026.08.26-18.24.02:026][  0]LogPakFile: PakFile PrimaryIndexSize=183
[2026.08.26-18.24.02:026][  0]LogPakFile: PakFile PathHashIndexSize=101
[2026.08.26-18.24.02:026][  0]LogPakFile: PakFile FullDirectoryIndexSize=140
[2026.08.26-18.24.02:026][  0]LogShaderLibrary: Display: ShaderCodeLibraryPakFileMountedCallback: PakFile 'C:/Program Files/Epic Games/UE_4.27/FeaturePacks/TP_Rolling.upack' (chunk index -1, root 'root:/') mounted
[2026.08.26-18.24.02:026][  0]LogShaderLibrary: Display: ShaderCodeLibraryPakFileMountedCallback: pending pak file info (ChunkID:-1 Root:root:/ File:C:/Program Files/Epic Games/UE_4.27/FeaturePacks/TP_Rolling.upack)
[2026.08.26-18.24.02:026][  0]LogPakFile: OnPakFileMounted2Time == 0.000032
[2026.08.26-18.24.02:027][  0]LogPakFile: PakFile PrimaryIndexSize=185
[2026.08.26-18.24.02:027][  0]LogPakFile: PakFile PathHashIndexSize=101
[2026.08.26-18.24.02:027][  0]LogPakFile: PakFile FullDirectoryIndexSize=144
[2026.08.26-18.24.02:027][  0]LogShaderLibrary: Display: ShaderCodeLibraryPakFileMountedCallback: PakFile 'C:/Program Files/Epic Games/UE_4.27/FeaturePacks/TP_RollingBP.upack' (chunk index -1, root 'root:/') mounted
[2026.08.26-18.24.02:027][  0]LogShaderLibrary: Display: ShaderCodeLibraryPakFileMountedCallback: pending pak file info (ChunkID:-1 Root:root:/ File:C:/Program Files/Epic Games/UE_4.27/FeaturePacks/TP_RollingBP.upack)
[2026.08.26-18.24.02:027][  0]LogPakFile: OnPakFileMounted2Time == 0.000033
[2026.08.26-18.24.02:027][  0]LogPakFile: PakFile PrimaryIndexSize=188
[2026.08.26-18.24.02:027][  0]LogPakFile: PakFile PathHashIndexSize=101
[2026.08.26-18.24.02:027][  0]LogPakFile: PakFile FullDirectoryIndexSize=150
[2026.08.26-18.24.02:027][  0]LogShaderLibrary: Display: ShaderCodeLibraryPakFileMountedCallback: PakFile 'C:/Program Files/Epic Games/UE_4.27/FeaturePacks/TP_SideScroller.upack' (chunk index -1, root 'root:/') mounted
[2026.08.26-18.24.02:027][  0]LogShaderLibrary: Display: ShaderCodeLibraryPakFileMountedCallback: pending pak file info (ChunkID:-1 Root:root:/ File:C:/Program Files/Epic Games/UE_4.27/FeaturePacks/TP_SideScroller.upack)
[2026.08.26-18.24.02:027][  0]LogPakFile: OnPakFileMounted2Time == 0.000043
[2026.08.26-18.24.02:028][  0]LogPakFile: PakFile PrimaryIndexSize=190
[2026.08.26-18.24.02:028][  0]LogPakFile: PakFile PathHashIndexSize=101
[2026.08.26-18.24.02:028][  0]LogPakFile: PakFile FullDirectoryIndexSize=154
[2026.08.26-18.24.02:028][  0]LogShaderLibrary: Display: ShaderCodeLibraryPakFileMountedCallback: PakFile 'C:/Program Files/Epic Games/UE_4.27/FeaturePacks/TP_SideScrollerBP.upack' (chunk index -1, root 'root:/') mounted
[2026.08.26-18.24.02:028][  0]LogShaderLibrary: Display: ShaderCodeLibraryPakFileMountedCallback: pending pak file info (ChunkID:-1 Root:root:/ File:C:/Program Files/Epic Games/UE_4.27/FeaturePacks/TP_SideScrollerBP.upack)
[2026.08.26-18.24.02:028][  0]LogPakFile: OnPakFileMounted2Time == 0.000041
[2026.08.26-18.24.02:028][  0]LogPakFile: PakFile PrimaryIndexSize=187
[2026.08.26-18.24.02:028][  0]LogPakFile: PakFile PathHashIndexSize=101
[2026.08.26-18.24.02:028][  0]LogPakFile: PakFile FullDirectoryIndexSize=148
[2026.08.26-18.24.02:028][  0]LogShaderLibrary: Display: ShaderCodeLibraryPakFileMountedCallback: PakFile 'C:/Program Files/Epic Games/UE_4.27/FeaturePacks/TP_ThirdPerson.upack' (chunk index -1, root 'root:/') mounted
[2026.08.26-18.24.02:028][  0]LogShaderLibrary: Display: ShaderCodeLibraryPakFileMountedCallback: pending pak file info (ChunkID:-1 Root:root:/ File:C:/Program Files/Epic Games/UE_4.27/FeaturePacks/TP_ThirdPerson.upack)
[2026.08.26-18.24.02:028][  0]LogPakFile: OnPakFileMounted2Time == 0.000034
[2026.08.26-18.24.02:029][  0]LogPakFile: PakFile PrimaryIndexSize=189
[2026.08.26-18.24.02:029][  0]LogPakFile: PakFile PathHashIndexSize=101
[2026.08.26-18.24.02:029][  0]LogPakFile: PakFile FullDirectoryIndexSize=152
[2026.08.26-18.24.02:029][  0]LogShaderLibrary: Display: ShaderCodeLibraryPakFileMountedCallback: PakFile 'C:/Program Files/Epic Games/UE_4.27/FeaturePacks/TP_ThirdPersonBP.upack' (chunk index -1, root 'root:/') mounted
[2026.08.26-18.24.02:029][  0]LogShaderLibrary: Display: ShaderCodeLibraryPakFileMountedCallback: pending pak file info (ChunkID:-1 Root:root:/ File:C:/Program Files/Epic Games/UE_4.27/FeaturePacks/TP_ThirdPersonBP.upack)
[2026.08.26-18.24.02:029][  0]LogPakFile: OnPakFileMounted2Time == 0.000032
[2026.08.26-18.24.02:029][  0]LogPakFile: PakFile PrimaryIndexSize=183
[2026.08.26-18.24.02:029][  0]LogPakFile: PakFile PathHashIndexSize=101
[2026.08.26-18.24.02:029][  0]LogPakFile: PakFile FullDirectoryIndexSize=140
[2026.08.26-18.24.02:029][  0]LogShaderLibrary: Display: ShaderCodeLibraryPakFileMountedCallback: PakFile 'C:/Program Files/Epic Games/UE_4.27/FeaturePacks/TP_TopDown.upack' (chunk index -1, root 'root:/') mounted
[2026.08.26-18.24.02:029][  0]LogShaderLibrary: Display: ShaderCodeLibraryPakFileMountedCallback: pending pak file info (ChunkID:-1 Root:root:/ File:C:/Program Files/Epic Games/UE_4.27/FeaturePacks/TP_TopDown.upack)
[2026.08.26-18.24.02:029][  0]LogPakFile: OnPakFileMounted2Time == 0.000042
[2026.08.26-18.24.02:030][  0]LogPakFile: PakFile PrimaryIndexSize=185
[2026.08.26-18.24.02:030][  0]LogPakFile: PakFile PathHashIndexSize=101
[2026.08.26-18.24.02:030][  0]LogPakFile: PakFile FullDirectoryIndexSize=144
[2026.08.26-18.24.02:030][  0]LogShaderLibrary: Display: ShaderCodeLibraryPakFileMountedCallback: PakFile 'C:/Program Files/Epic Games/UE_4.27/FeaturePacks/TP_TopDownBP.upack' (chunk index -1, root 'root:/') mounted
[2026.08.26-18.24.02:030][  0]LogShaderLibrary: Display: ShaderCodeLibraryPakFileMountedCallback: pending pak file info (ChunkID:-1 Root:root:/ File:C:/Program Files/Epic Games/UE_4.27/FeaturePacks/TP_TopDownBP.upack)
[2026.08.26-18.24.02:030][  0]LogPakFile: OnPakFileMounted2Time == 0.000034
[2026.08.26-18.24.02:030][  0]LogPakFile: PakFile PrimaryIndexSize=185
[2026.08.26-18.24.02:030][  0]LogPakFile: PakFile PathHashIndexSize=101
[2026.08.26-18.24.02:030][  0]LogPakFile: PakFile FullDirectoryIndexSize=144
[2026.08.26-18.24.02:030][  0]LogShaderLibrary: Display: ShaderCodeLibraryPakFileMountedCallback: PakFile 'C:/Program Files/Epic Games/UE_4.27/FeaturePacks/TP_TwinStick.upack' (chunk index -1, root 'root:/') mounted
[2026.08.26-18.24.02:030][  0]LogShaderLibrary: Display: ShaderCodeLibraryPakFileMountedCallback: pending pak file info (ChunkID:-1 Root:root:/ File:C:/Program Files/Epic Games/UE_4.27/FeaturePacks/TP_TwinStick.upack)
[2026.08.26-18.24.02:030][  0]LogPakFile: OnPakFileMounted2Time == 0.000034
[2026.08.26-18.24.02:031][  0]LogPakFile: PakFile PrimaryIndexSize=187
[2026.08.26-18.24.02:031][  0]LogPakFile: PakFile PathHashIndexSize=101
[2026.08.26-18.24.02:031][  0]LogPakFile: PakFile FullDirectoryIndexSize=148
[2026.08.26-18.24.02:031][  0]LogShaderLibrary: Display: ShaderCodeLibraryPakFileMountedCallback: PakFile 'C:/Program Files/Epic Games/UE_4.27/FeaturePacks/TP_TwinStickBP.upack' (chunk index -1, root 'root:/') mounted
[2026.08.26-18.24.02:031][  0]LogShaderLibrary: Display: ShaderCodeLibraryPakFileMountedCallback: pending pak file info (ChunkID:-1 Root:root:/ File:C:/Program Files/Epic Games/UE_4.27/FeaturePacks/TP_TwinStickBP.upack)
[2026.08.26-18.24.02:031][  0]LogPakFile: OnPakFileMounted2Time == 0.000033
[2026.08.26-18.24.02:031][  0]LogPakFile: PakFile PrimaryIndexSize=183
[2026.08.26-18.24.02:031][  0]LogPakFile: PakFile PathHashIndexSize=101
[2026.08.26-18.24.02:031][  0]LogPakFile: PakFile FullDirectoryIndexSize=140
[2026.08.26-18.24.02:031][  0]LogShaderLibrary: Display: ShaderCodeLibraryPakFileMountedCallback: PakFile 'C:/Program Files/Epic Games/UE_4.27/FeaturePacks/TP_Vehicle.upack' (chunk index -1, root 'root:/') mounted
[2026.08.26-18.24.02:032][  0]LogShaderLibrary: Display: ShaderCodeLibraryPakFileMountedCallback: pending pak file info (ChunkID:-1 Root:root:/ File:C:/Program Files/Epic Games/UE_4.27/FeaturePacks/TP_Vehicle.upack)
[2026.08.26-18.24.02:032][  0]LogPakFile: OnPakFileMounted2Time == 0.000056
[2026.08.26-18.24.02:032][  0]LogPakFile: PakFile PrimaryIndexSize=186
[2026.08.26-18.24.02:032][  0]LogPakFile: PakFile PathHashIndexSize=101
[2026.08.26-18.24.02:032][  0]LogPakFile: PakFile FullDirectoryIndexSize=146
[2026.08.26-18.24.02:032][  0]LogShaderLibrary: Display: ShaderCodeLibraryPakFileMountedCallback: PakFile 'C:/Program Files/Epic Games/UE_4.27/FeaturePacks/TP_VehicleAdv.upack' (chunk index -1, root 'root:/') mounted
[2026.08.26-18.24.02:032][  0]LogShaderLibrary: Display: ShaderCodeLibraryPakFileMountedCallback: pending pak file info (ChunkID:-1 Root:root:/ File:C:/Program Files/Epic Games/UE_4.27/FeaturePacks/TP_VehicleAdv.upack)
[2026.08.26-18.24.02:032][  0]LogPakFile: OnPakFileMounted2Time == 0.000041
[2026.08.26-18.24.02:033][  0]LogPakFile: PakFile PrimaryIndexSize=188
[2026.08.26-18.24.02:033][  0]LogPakFile: PakFile PathHashIndexSize=101
[2026.08.26-18.24.02:033][  0]LogPakFile: PakFile FullDirectoryIndexSize=150
[2026.08.26-18.24.02:033][  0]LogShaderLibrary: Display: ShaderCodeLibraryPakFileMountedCallback: PakFile 'C:/Program Files/Epic Games/UE_4.27/FeaturePacks/TP_VehicleAdvBP.upack' (chunk index -1, root 'root:/') mounted
[2026.08.26-18.24.02:033][  0]LogShaderLibrary: Display: ShaderCodeLibraryPakFileMountedCallback: pending pak file info (ChunkID:-1 Root:root:/ File:C:/Program Files/Epic Games/UE_4.27/FeaturePacks/TP_VehicleAdvBP.upack)
[2026.08.26-18.24.02:033][  0]LogPakFile: OnPakFileMounted2Time == 0.000032
[2026.08.26-18.24.02:033][  0]LogPakFile: PakFile PrimaryIndexSize=185
[2026.08.26-18.24.02:033][  0]LogPakFile: PakFile PathHashIndexSize=101
[2026.08.26-18.24.02:033][  0]LogPakFile: PakFile FullDirectoryIndexSize=144
[2026.08.26-18.24.02:033][  0]LogShaderLibrary: Display: ShaderCodeLibraryPakFileMountedCallback: PakFile 'C:/Program Files/Epic Games/UE_4.27/FeaturePacks/TP_VehicleBP.upack' (chunk index -1, root 'root:/') mounted
[2026.08.26-18.24.02:033][  0]LogShaderLibrary: Display: ShaderCodeLibraryPakFileMountedCallback: pending pak file info (ChunkID:-1 Root:root:/ File:C:/Program Files/Epic Games/UE_4.27/FeaturePacks/TP_VehicleBP.upack)
[2026.08.26-18.24.02:033][  0]LogPakFile: OnPakFileMounted2Time == 0.000031
[2026.08.26-18.24.02:034][  0]LogPakFile: PakFile PrimaryIndexSize=192
[2026.08.26-18.24.02:034][  0]LogPakFile: PakFile PathHashIndexSize=101
[2026.08.26-18.24.02:034][  0]LogPakFile: PakFile FullDirectoryIndexSize=158
[2026.08.26-18.24.02:034][  0]LogShaderLibrary: Display: ShaderCodeLibraryPakFileMountedCallback: PakFile 'C:/Program Files/Epic Games/UE_4.27/FeaturePacks/TP_VirtualRealityBP.upack' (chunk index -1, root 'root:/') mounted
[2026.08.26-18.24.02:034][  0]LogShaderLibrary: Display: ShaderCodeLibraryPakFileMountedCallback: pending pak file info (ChunkID:-1 Root:root:/ File:C:/Program Files/Epic Games/UE_4.27/FeaturePacks/TP_VirtualRealityBP.upack)
[2026.08.26-18.24.02:034][  0]LogPakFile: OnPakFileMounted2Time == 0.000032
[2026.08.26-18.24.02:089][  0]LogNativeClassHierarchy: Verbose: Native class hierarchy updated for 'AddContentDialog' in 0.0003 seconds. Added 0 classes and 0 folders.
[2026.08.26-18.24.02:114][  0]LogSlate: Took 0.000165 seconds to synchronously load lazily loaded font '../../../Engine/Content/Slate/Fonts/Roboto-Regular.ttf' (155K)
[2026.08.26-18.24.02:115][  0]LogSlate: Took 0.000114 seconds to synchronously load lazily loaded font '../../../Engine/Content/Editor/Slate/Fonts/FontAwesome.ttf' (139K)
[2026.08.26-18.24.02:115][  0]LogSlate: Took 0.000124 seconds to synchronously load lazily loaded font '../../../Engine/Content/Slate/Fonts/Roboto-Bold.ttf' (160K)
[2026.08.26-18.24.02:167][  0]LogRenderer: Reallocating scene render targets to support 1180x840 Format 10 NumSamples 1 (Frame:1).
[2026.08.26-18.24.02:294][  0]LogNativeClassHierarchy: Verbose: Native class hierarchy updated for 'HierarchicalLODOutliner' in 0.0004 seconds. Added 0 classes and 0 folders.
[2026.08.26-18.24.02:294][  0]LogLoad: (Engine Initialization) Total time: 8.85 seconds
[2026.08.26-18.24.02:294][  0]LogLoad: (Engine Initialization) Total Blueprint compile time: 0.00 seconds
[2026.08.26-18.24.02:354][  0]LogAssetRegistry: Asset discovery search completed in 5.5726 seconds
[2026.08.26-18.24.02:361][  0]LogCollectionManager: Fixed up redirectors for 0 collections in 0.000003 seconds (updated 0 objects)
[2026.08.26-18.24.02:363][  0]LogContentStreaming: Texture pool size now 1000 MB
[2026.08.26-18.24.03:647][  4]LogSlate: Took 0.000255 seconds to synchronously load lazily loaded font '../../../Engine/Content/Slate/Fonts/Roboto-Light.ttf' (167K)
[2026.08.26-18.24.04:588][ 86]LogAssetEditorSubsystem: Opening Asset editor for Blueprint /Game/Brackeys2026/Levels/BrackeysGameMode.BrackeysGameMode
[2026.08.26-18.24.04:743][ 86]LogNativeClassHierarchy: Verbose: Native class hierarchy updated for 'BlueprintGraph' in 0.0005 seconds. Added 126 classes and 0 folders.
[2026.08.26-18.24.05:319][ 86]LogAssetEditorSubsystem: Opening Asset editor for Blueprint /Game/Brackeys2026/Characters/Player/BP_Player.BP_Player
[2026.08.26-18.24.05:621][ 86]LogAssetEditorSubsystem: Opening Asset editor for WidgetBlueprint /Game/Brackeys2026/UI/BP_UIPlayer.BP_UIPlayer
[2026.08.26-18.24.05:920][ 86]LogAssetEditorSubsystem: Opening Asset editor for Blueprint /Game/Brackeys2026/Characters/Opponent/BP_Opponent.BP_Opponent
[2026.08.26-18.24.06:202][ 86]LogAssetEditorSubsystem: Opening Asset editor for Blueprint /Game/Brackeys2026/Objects/Revolver/BP_Revolver.BP_Revolver
[2026.08.26-18.24.06:520][ 86]LogAssetEditorSubsystem: Opening Asset editor for WidgetBlueprint /Game/Brackeys2026/UI/BP_UIHint.BP_UIHint
[2026.08.26-18.24.06:804][ 86]LogAssetEditorSubsystem: Opening Asset editor for Blueprint /Game/Brackeys2026/Objects/Phone/BP_Phone.BP_Phone
[2026.08.26-18.24.07:070][ 86]LogAssetEditorSubsystem: Opening Asset editor for WidgetBlueprint /Game/Brackeys2026/UI/BP_UIOpponent.BP_UIOpponent
[2026.08.26-18.24.07:354][ 86]LogAssetEditorSubsystem: Opening Asset editor for SoundCue /Game/Brackeys2026/SoundEffects/BP_CueRevolver.BP_CueRevolver
[2026.08.26-18.24.07:667][ 86]LogSlate: Took 0.000147 seconds to synchronously load lazily loaded font '../../../Engine/Content/Slate/Fonts/Roboto-BoldCondensed.ttf' (158K)
[2026.08.26-18.24.07:727][ 87]LogSlate: Took 0.000272 seconds to synchronously load lazily loaded font '../../../Engine/Content/Slate/Fonts/Roboto-Italic.ttf' (157K)
[2026.08.26-18.24.25:714][ 69]LogSlate: Window 'BP_CueRevolver' being destroyed
[2026.08.26-18.24.27:073][223]LogSlate: Took 0.000127 seconds to synchronously load lazily loaded font '../../../Engine/Content/Slate/Fonts/Roboto-Light.ttf' (167K)
[2026.08.26-18.25.50:924][889]LogFactory: FactoryCreateFile: SoundWave with ReimportSoundFactory (0 0 ../../../../../../Users/Alex T/Downloads/Dry fire.wav)
[2026.08.26-18.25.53:713][ 81]LogAudioDerivedData: Display: Building compressed audio format OGG hash OGG10000-1-1-1-1-1 wave Dry_fire...
[2026.08.26-18.25.53:713][ 81]LogAudioDerivedData: Display: Compression Quality for SoundWave /Game/Brackeys2026/SoundEffects/Dry_fire.Dry_fire will be modified from 40 to 40.
[2026.08.26-18.25.53:724][ 81]LogAudioDerivedData: Display: Updated SoundWave->RawPCMDataSize from 0 to 33076 while cooking SoundWave /Game/Brackeys2026/SoundEffects/Dry_fire.Dry_fire.
[2026.08.26-18.27.24:523][656]LogUObjectHash: Compacting FUObjectHashTables data took   2.73ms
[2026.08.26-18.27.26:145][656]LogSlate: Window 'Save Content' being destroyed
[2026.08.26-18.27.26:177][656]LogSavePackage: Moving 'E:/_Alex's Data/Unreal Engine/Unreal Projects/Brackeys2026/Brackeys-2026/BrackeysJam2026/Saved/BP_CueRevolver6B5D00244183AA826C71E3A51CD34E70.tmp' to 'E:/_Alex's Data/Unreal Engine/Unreal Projects/Brackeys2026/Brackeys-2026/BrackeysJam2026/Content/Brackeys2026/SoundEffects/BP_CueRevolver.uasset'
[2026.08.26-18.27.26:187][656]LogSavePackage: Moving 'E:/_Alex's Data/Unreal Engine/Unreal Projects/Brackeys2026/Brackeys-2026/BrackeysJam2026/Saved/Dry_fire47644064469C07132DB2FE87F95AEFF6.tmp' to 'E:/_Alex's Data/Unreal Engine/Unreal Projects/Brackeys2026/Brackeys-2026/BrackeysJam2026/Content/Brackeys2026/SoundEffects/Dry_fire.uasset'
[2026.08.26-18.27.26:201][656]AssetCheck: New page: Asset Save: multiple assets
[2026.08.26-18.27.26:201][656]LogContentValidation: Display: Validating SoundCue /Game/Brackeys2026/SoundEffects/BP_CueRevolver.BP_CueRevolver
[2026.08.26-18.27.26:201][656]LogContentValidation: Display: Validating SoundWave /Game/Brackeys2026/SoundEffects/Dry_fire.Dry_fire
[2026.08.26-18.27.27:885][855]LogUObjectHash: Compacting FUObjectHashTables data took   1.93ms
[2026.08.26-18.27.28:415][855]LogWorld: UWorld::CleanupWorld for World_1, bSessionEnded=true, bCleanupResources=true
[2026.08.26-18.27.28:415][855]LogSlate: InvalidateAllWidgets triggered.  All widgets were invalidated
[2026.08.26-18.27.28:465][855]LogActorComponent: UnregisterComponent: (/Engine/Transient.EditorFloorComp) Not registered. Aborting.
[2026.08.26-18.27.28:465][855]LogWorld: UWorld::CleanupWorld for World_2, bSessionEnded=true, bCleanupResources=true
[2026.08.26-18.27.28:465][855]LogSlate: InvalidateAllWidgets triggered.  All widgets were invalidated
[2026.08.26-18.27.28:516][855]LogWorld: UWorld::CleanupWorld for World_4, bSessionEnded=true, bCleanupResources=true
[2026.08.26-18.27.28:516][855]LogSlate: InvalidateAllWidgets triggered.  All widgets were invalidated
[2026.08.26-18.27.28:523][855]LogWorld: UWorld::CleanupWorld for World_3, bSessionEnded=true, bCleanupResources=true
[2026.08.26-18.27.28:523][855]LogSlate: InvalidateAllWidgets triggered.  All widgets were invalidated
[2026.08.26-18.27.28:562][855]LogActorComponent: UnregisterComponent: (/Engine/Transient.EditorFloorComp) Not registered. Aborting.
[2026.08.26-18.27.28:562][855]LogWorld: UWorld::CleanupWorld for World_5, bSessionEnded=true, bCleanupResources=true
[2026.08.26-18.27.28:562][855]LogSlate: InvalidateAllWidgets triggered.  All widgets were invalidated
[2026.08.26-18.27.28:620][855]LogActorComponent: UnregisterComponent: (/Engine/Transient.EditorFloorComp) Not registered. Aborting.
[2026.08.26-18.27.28:620][855]LogWorld: UWorld::CleanupWorld for World_6, bSessionEnded=true, bCleanupResources=true
[2026.08.26-18.27.28:620][855]LogSlate: InvalidateAllWidgets triggered.  All widgets were invalidated
[2026.08.26-18.27.28:668][855]LogWorld: UWorld::CleanupWorld for World_8, bSessionEnded=true, bCleanupResources=true
[2026.08.26-18.27.28:669][855]LogSlate: InvalidateAllWidgets triggered.  All widgets were invalidated
[2026.08.26-18.27.28:675][855]LogWorld: UWorld::CleanupWorld for World_7, bSessionEnded=true, bCleanupResources=true
[2026.08.26-18.27.28:675][855]LogSlate: InvalidateAllWidgets triggered.  All widgets were invalidated
[2026.08.26-18.27.28:717][855]LogActorComponent: UnregisterComponent: (/Engine/Transient.EditorFloorComp) Not registered. Aborting.
[2026.08.26-18.27.28:717][855]LogWorld: UWorld::CleanupWorld for World_9, bSessionEnded=true, bCleanupResources=true
[2026.08.26-18.27.28:717][855]LogSlate: InvalidateAllWidgets triggered.  All widgets were invalidated
[2026.08.26-18.27.28:768][855]LogWorld: UWorld::CleanupWorld for World_11, bSessionEnded=true, bCleanupResources=true
[2026.08.26-18.27.28:768][855]LogSlate: InvalidateAllWidgets triggered.  All widgets were invalidated
[2026.08.26-18.27.28:775][855]LogWorld: UWorld::CleanupWorld for World_10, bSessionEnded=true, bCleanupResources=true
[2026.08.26-18.27.28:775][855]LogSlate: InvalidateAllWidgets triggered.  All widgets were invalidated
[2026.08.26-18.27.28:828][855]LogSlate: Window 'BrackeysJam2026 - Unreal Editor' being destroyed
[2026.08.26-18.27.28:955][856]Cmd: QUIT_EDITOR
[2026.08.26-18.27.28:956][856]LogCore: Engine exit requested (reason: UUnrealEdEngine::CloseEditor())
[2026.08.26-18.27.28:963][856]LogCore: Engine exit requested (reason: EngineExit() was called; note: exit was already requested)
[2026.08.26-18.27.28:969][856]LogAudio: Display: Beginning Audio Device Manager Shutdown (Module: AudioMixerXAudio2)...
[2026.08.26-18.27.28:969][856]LogAudio: Display: Destroying 1 Remaining Audio Device(s)...
[2026.08.26-18.27.28:969][856]LogAudio: Display: Audio Device unregistered from world 'Brackeys2026Map'.
[2026.08.26-18.27.28:969][856]LogAudioMixer: FMixerPlatformXAudio2::StopAudioStream() called
[2026.08.26-18.27.28:971][856]LogAudioMixer: FMixerPlatformXAudio2::StopAudioStream() called
[2026.08.26-18.27.28:973][856]LogAudio: Display: Audio Device Manager Shutdown
[2026.08.26-18.27.28:978][856]LogExit: Preparing to exit.
[2026.08.26-18.27.29:622][856]LogUObjectHash: Compacting FUObjectHashTables data took   2.49ms
[2026.08.26-18.27.29:768][856]LogWorld: UWorld::CleanupWorld for World_0, bSessionEnded=true, bCleanupResources=true
[2026.08.26-18.27.29:844][856]LogDemo: Cleaned up 0 splitscreen connections with owner deletion
[2026.08.26-18.27.29:856][856]LogWorld: UWorld::CleanupWorld for None, bSessionEnded=true, bCleanupResources=true
[2026.08.26-18.27.29:857][856]LogExit: Editor shut down
[2026.08.26-18.27.29:858][856]LogExit: Transaction tracking system shut down
[2026.08.26-18.27.30:096][856]LogExit: Object subsystem successfully closed.
[2026.08.26-18.27.30:122][856]LogShaderCompilers: Display: === FShaderJobCache stats ===
[2026.08.26-18.27.30:122][856]LogShaderCompilers: Display: Total job queries 0, among them cache hits 0 (0.00%)
[2026.08.26-18.27.30:122][856]LogShaderCompilers: Display: Tracking 0 distinct input hashes that result in 0 distinct outputs (0.00%)
[2026.08.26-18.27.30:122][856]LogShaderCompilers: Display: RAM used: 0.00 MB (0.00 GB) of 1638.40 MB (1.60 GB) budget. Usage: 0.00%
[2026.08.26-18.27.30:122][856]LogShaderCompilers: Display: ================================================
[2026.08.26-18.27.30:133][856]LogShaderCompilers: Display: Shaders left to compile 0
[2026.08.26-18.27.30:158][856]LogModuleManager: Shutting down and abandoning module SequencerWidgets (880)
[2026.08.26-18.27.30:158][856]LogModuleManager: Shutting down and abandoning module BlueprintGraph (878)
[2026.08.26-18.27.30:158][856]LogModuleManager: Shutting down and abandoning module HierarchicalLODOutliner (876)
[2026.08.26-18.27.30:158][856]LogModuleManager: Shutting down and abandoning module AddContentDialog (874)
[2026.08.26-18.27.30:159][856]LogModuleManager: Shutting down and abandoning module WidgetCarousel (873)
[2026.08.26-18.27.30:159][856]LogModuleManager: Shutting down and abandoning module EditorWidgets (870)
[2026.08.26-18.27.30:159][856]LogModuleManager: Shutting down and abandoning module ExternalImagePicker (868)
[2026.08.26-18.27.30:159][856]LogModuleManager: Shutting down and abandoning module SceneOutliner (866)
[2026.08.26-18.27.30:159][856]LogModuleManager: Shutting down and abandoning module StatsViewer (862)
[2026.08.26-18.27.30:159][856]LogModuleManager: Shutting down and abandoning module PIEPreviewDeviceProfileSelector (860)
[2026.08.26-18.27.30:159][856]LogModuleManager: Shutting down and abandoning module SequenceRecorderSections (858)
[2026.08.26-18.27.30:159][856]LogModuleManager: Shutting down and abandoning module AutomationWorker (856)
[2026.08.26-18.27.30:159][856]LogModuleManager: Shutting down and abandoning module SteamVREditor (854)
[2026.08.26-18.27.30:159][856]LogModuleManager: Shutting down and abandoning module OculusMR (852)
[2026.08.26-18.27.30:159][856]LogModuleManager: Shutting down and abandoning module TakeRecorderSources (850)
[2026.08.26-18.27.30:159][856]LogModuleManager: Shutting down and abandoning module TakeRecorder (849)
[2026.08.26-18.27.30:159][856]LogModuleManager: Shutting down and abandoning module TakeTrackRecorders (846)
[2026.08.26-18.27.30:159][856]LogModuleManager: Shutting down and abandoning module TakesCore (844)
[2026.08.26-18.27.30:159][856]LogModuleManager: Shutting down and abandoning module OpenXRInput (842)
[2026.08.26-18.27.30:159][856]LogModuleManager: Shutting down and abandoning module GooglePADEditor (840)
[2026.08.26-18.27.30:159][856]LogModuleManager: Shutting down and abandoning module AudioCaptureEditor (838)
[2026.08.26-18.27.30:159][856]LogModuleManager: Shutting down and abandoning module WmfMediaFactory (836)
[2026.08.26-18.27.30:159][856]LogModuleManager: Shutting down and abandoning module WmfMediaEditor (834)
[2026.08.26-18.27.30:159][856]LogModuleManager: Shutting down and abandoning module WebMMediaFactory (832)
[2026.08.26-18.27.30:159][856]LogModuleManager: Shutting down and abandoning module WebMMediaEditor (830)
[2026.08.26-18.27.30:159][856]LogModuleManager: Shutting down and abandoning module WebMMedia (828)
[2026.08.26-18.27.30:159][856]LogModuleManager: Shutting down and abandoning module MediaPlayerEditor (826)
[2026.08.26-18.27.30:159][856]LogModuleManager: Shutting down and abandoning module TemplateSequenceEditor (824)
[2026.08.26-18.27.30:159][856]LogModuleManager: Shutting down and abandoning module MatineeToLevelSequence (822)
[2026.08.26-18.27.30:159][856]LogModuleManager: Shutting down and abandoning module MediaCompositingEditor (820)
[2026.08.26-18.27.30:159][856]LogModuleManager: Shutting down and abandoning module SequenceRecorder (819)
[2026.08.26-18.27.30:159][856]LogModuleManager: Shutting down and abandoning module OpenExrWrapper (816)
[2026.08.26-18.27.30:159][856]LogModuleManager: Shutting down and abandoning module ImgMediaFactory (814)
[2026.08.26-18.27.30:159][856]LogModuleManager: Shutting down and abandoning module ImgMediaEditor (812)
[2026.08.26-18.27.30:159][856]LogModuleManager: Shutting down and abandoning module LevelSequenceEditor (810)
[2026.08.26-18.27.30:159][856]LogModuleManager: Shutting down and abandoning module ActorSequenceEditor (808)
[2026.08.26-18.27.30:159][856]LogModuleManager: Shutting down and abandoning module AvfMediaFactory (806)
[2026.08.26-18.27.30:160][856]LogModuleManager: Shutting down and abandoning module AvfMediaEditor (804)
[2026.08.26-18.27.30:160][856]LogModuleManager: Shutting down and abandoning module AndroidMediaFactory (802)
[2026.08.26-18.27.30:160][856]LogModuleManager: Shutting down and abandoning module AndroidMediaEditor (800)
[2026.08.26-18.27.30:160][856]LogModuleManager: Shutting down and abandoning module MagicLeapMediaCodecFactory (798)
[2026.08.26-18.27.30:160][856]LogModuleManager: Shutting down and abandoning module MagicLeapMediaFactory (796)
[2026.08.26-18.27.30:160][856]LogModuleManager: Shutting down and abandoning module MagicLeapMediaEditor (794)
[2026.08.26-18.27.30:160][856]LogModuleManager: Shutting down and abandoning module PlanarCut (792)
[2026.08.26-18.27.30:160][856]LogModuleManager: Shutting down and abandoning module CharacterAI (790)
[2026.08.26-18.27.30:160][856]LogModuleManager: Shutting down and abandoning module TextureAlignMode (788)
[2026.08.26-18.27.30:160][856]LogModuleManager: Shutting down and abandoning module BspMode (786)
[2026.08.26-18.27.30:160][856]LogModuleManager: Shutting down and abandoning module GeometryMode (784)
[2026.08.26-18.27.30:160][856]LogModuleManager: Shutting down and abandoning module CameraShakePreviewer (782)
[2026.08.26-18.27.30:160][856]LogModuleManager: Shutting down and abandoning module SmartSnapping (780)
[2026.08.26-18.27.30:160][856]LogModuleManager: Shutting down and abandoning module SessionServices (778)
[2026.08.26-18.27.30:160][856]LogModuleManager: Shutting down and abandoning module MeshPaint (776)
[2026.08.26-18.27.30:160][856]LogModuleManager: Shutting down and abandoning module VirtualTexturingEditor (774)
[2026.08.26-18.27.30:160][856]LogModuleManager: Shutting down and abandoning module FoliageEdit (772)
[2026.08.26-18.27.30:160][856]LogModuleManager: Shutting down and abandoning module LandscapeEditor (770)
[2026.08.26-18.27.30:160][856]LogModuleManager: Shutting down and abandoning module MeshPaintMode (768)
[2026.08.26-18.27.30:160][856]LogModuleManager: Shutting down and abandoning module SceneDepthPickerMode (766)
[2026.08.26-18.27.30:160][856]LogModuleManager: Shutting down and abandoning module ActorPickerMode (764)
[2026.08.26-18.27.30:160][856]LogModuleManager: Shutting down and abandoning module PlacementMode (762)
[2026.08.26-18.27.30:160][856]LogModuleManager: Shutting down and abandoning module ViewportSnapping (760)
[2026.08.26-18.27.30:160][856]LogModuleManager: Shutting down and abandoning module ViewportInteraction (758)
[2026.08.26-18.27.30:160][856]LogModuleManager: Shutting down and abandoning module ClothPainter (756)
[2026.08.26-18.27.30:160][856]LogModuleManager: Shutting down and abandoning module SkeletalMeshEditor (755)
[2026.08.26-18.27.30:160][856]LogModuleManager: Shutting down and abandoning module LogVisualizer (752)
[2026.08.26-18.27.30:160][856]LogModuleManager: Shutting down and abandoning module IntroTutorials (750)
[2026.08.26-18.27.30:160][856]LogModuleManager: Shutting down and abandoning module GameProjectGeneration (749)
[2026.08.26-18.27.30:160][856]LogModuleManager: Shutting down and abandoning module LuminPlatformEditor (746)
[2026.08.26-18.27.30:160][856]LogModuleManager: Shutting down and abandoning module IOSPlatformEditor (744)
[2026.08.26-18.27.30:160][856]LogModuleManager: Shutting down and abandoning module AndroidPlatformEditor (742)
[2026.08.26-18.27.30:160][856]LogModuleManager: Shutting down and abandoning module AndroidDeviceDetection (741)
[2026.08.26-18.27.30:498][856]LogModuleManager: Shutting down and abandoning module WindowsPlatformEditor (738)
[2026.08.26-18.27.30:498][856]LogModuleManager: Shutting down and abandoning module LuminRuntimeSettings (736)
[2026.08.26-18.27.30:498][856]LogModuleManager: Shutting down and abandoning module IOSRuntimeSettings (734)
[2026.08.26-18.27.30:498][856]LogModuleManager: Shutting down and abandoning module AndroidRuntimeSettings (732)
[2026.08.26-18.27.30:498][856]LogModuleManager: Shutting down and abandoning module TraceInsights (730)
[2026.08.26-18.27.30:498][856]MemoryProfiler: Shutdown
[2026.08.26-18.27.30:498][856]NetworkingProfiler: Shutdown
[2026.08.26-18.27.30:498][856]LoadingProfiler: Shutdown
[2026.08.26-18.27.30:498][856]TimingProfiler: Shutdown
[2026.08.26-18.27.30:498][856]LogModuleManager: Shutting down and abandoning module TraceServices (729)
[2026.08.26-18.27.30:498][856]LogModuleManager: Shutting down and abandoning module EditorInteractiveToolsFramework (726)
[2026.08.26-18.27.30:498][856]LogModuleManager: Shutting down and abandoning module TimeManagementEditor (724)
[2026.08.26-18.27.30:498][856]LogModuleManager: Shutting down and abandoning module InputBindingEditor (722)
[2026.08.26-18.27.30:498][856]LogModuleManager: Shutting down and abandoning module MergeActors (720)
[2026.08.26-18.27.30:498][856]LogModuleManager: Shutting down and abandoning module LocalizationDashboard (718)
[2026.08.26-18.27.30:498][856]LogModuleManager: Shutting down and abandoning module LocalizationService (717)
[2026.08.26-18.27.30:498][856]LogModuleManager: Shutting down and abandoning module HardwareTargeting (714)
[2026.08.26-18.27.30:498][856]LogModuleManager: Shutting down and abandoning module DeviceProfileEditor (712)
[2026.08.26-18.27.30:498][856]LogModuleManager: Shutting down and abandoning module UndoHistory (710)
[2026.08.26-18.27.30:498][856]LogModuleManager: Shutting down and abandoning module XmlParser (708)
[2026.08.26-18.27.30:498][856]LogModuleManager: Shutting down and abandoning module Blutility (706)
[2026.08.26-18.27.30:498][856]LogModuleManager: Shutting down and abandoning module ProjectSettingsViewer (704)
[2026.08.26-18.27.30:498][856]LogModuleManager: Shutting down and abandoning module ProjectTargetPlatformEditor (703)
[2026.08.26-18.27.30:498][856]LogModuleManager: Shutting down and abandoning module EditorSettingsViewer (700)
[2026.08.26-18.27.30:498][856]LogModuleManager: Shutting down and abandoning module InternationalizationSettings (699)
[2026.08.26-18.27.30:498][856]LogModuleManager: Shutting down and abandoning module SettingsEditor (696)
[2026.08.26-18.27.30:498][856]LogModuleManager: Shutting down and abandoning module ProjectLauncher (694)
[2026.08.26-18.27.30:498][856]LogModuleManager: Shutting down and abandoning module SessionFrontend (692)
[2026.08.26-18.27.30:498][856]LogModuleManager: Shutting down and abandoning module ProfilerClient (690)
[2026.08.26-18.27.30:498][856]LogModuleManager: Shutting down and abandoning module DeviceManager (688)
[2026.08.26-18.27.30:498][856]LogModuleManager: Shutting down and abandoning module TargetDeviceServices (687)
[2026.08.26-18.27.30:529][856]LogModuleManager: Shutting down and abandoning module AutomationController (684)
[2026.08.26-18.27.30:529][856]LogModuleManager: Shutting down and abandoning module AutomationWindow (682)
[2026.08.26-18.27.30:529][856]LogModuleManager: Shutting down and abandoning module Layers (680)
[2026.08.26-18.27.30:529][856]LogModuleManager: Shutting down and abandoning module ComponentVisualizers (678)
[2026.08.26-18.27.30:529][856]LogModuleManager: Shutting down and abandoning module DetailCustomizations (676)
[2026.08.26-18.27.30:529][856]LogModuleManager: Shutting down and abandoning module PackagesDialog (674)
[2026.08.26-18.27.30:529][856]LogModuleManager: Shutting down and abandoning module AnimationBlueprintEditor (672)
[2026.08.26-18.27.30:529][856]LogModuleManager: Shutting down and abandoning module Persona (670)
[2026.08.26-18.27.30:529][856]LogModuleManager: Shutting down and abandoning module AdvancedPreviewScene (669)
[2026.08.26-18.27.30:529][856]LogModuleManager: Shutting down and abandoning module Kismet (666)
[2026.08.26-18.27.30:535][856]LogModuleManager: Shutting down and abandoning module KismetWidgets (665)
[2026.08.26-18.27.30:535][856]LogModuleManager: Shutting down and abandoning module GraphEditor (662)
[2026.08.26-18.27.30:535][856]LogModuleManager: Shutting down and abandoning module StructViewer (660)
[2026.08.26-18.27.30:535][856]LogModuleManager: Shutting down and abandoning module ClassViewer (658)
[2026.08.26-18.27.30:535][856]LogModuleManager: Shutting down and abandoning module Toolbox (656)
[2026.08.26-18.27.30:535][856]LogModuleManager: Shutting down and abandoning module ModuleUI (654)
[2026.08.26-18.27.30:535][856]LogModuleManager: Shutting down and abandoning module OutputLog (652)
[2026.08.26-18.27.30:535][856]LogModuleManager: Shutting down and abandoning module GammaUI (650)
[2026.08.26-18.27.30:535][856]LogModuleManager: Shutting down and abandoning module Documentation (648)
[2026.08.26-18.27.30:535][856]LogModuleManager: Shutting down and abandoning module LiveCoding (646)
[2026.08.26-18.27.30:535][856]LogModuleManager: Shutting down and abandoning module LevelSequence (644)
[2026.08.26-18.27.30:535][856]LogModuleManager: Shutting down and abandoning module MovieSceneTracks (642)
[2026.08.26-18.27.30:535][856]LogModuleManager: Shutting down and abandoning module MovieScene (640)
[2026.08.26-18.27.30:535][856]LogModuleManager: Shutting down and abandoning module StreamingPauseRendering (638)
[2026.08.26-18.27.30:536][856]LogModuleManager: Shutting down and abandoning module LauncherPlatform (636)
[2026.08.26-18.27.30:536][856]LogModuleManager: Shutting down and abandoning module AnalyticsET (634)
[2026.08.26-18.27.30:536][856]LogModuleManager: Shutting down and abandoning module PortalServices (632)
[2026.08.26-18.27.30:536][856]LogModuleManager: Shutting down and abandoning module PortalRpc (630)
[2026.08.26-18.27.30:536][856]LogModuleManager: Shutting down and abandoning module MessagingRpc (628)
[2026.08.26-18.27.30:536][856]LogModuleManager: Shutting down and abandoning module AudioMixerXAudio2 (626)
[2026.08.26-18.27.30:536][856]LogModuleManager: Shutting down and abandoning module AudioMixerCore (625)
[2026.08.26-18.27.30:536][856]LogModuleManager: Shutting down and abandoning module AIModule (622)
[2026.08.26-18.27.30:536][856]LogModuleManager: Shutting down and abandoning module GameplayDebugger (621)
[2026.08.26-18.27.30:536][856]LogModuleManager: Shutting down and abandoning module AITestSuite (619)
[2026.08.26-18.27.30:536][856]LogModuleManager: Shutting down and abandoning module NavigationSystem (617)
[2026.08.26-18.27.30:536][856]LogModuleManager: Shutting down and abandoning module ImageWriteQueue (614)
[2026.08.26-18.27.30:541][856]LogModuleManager: Shutting down and abandoning module ProfilerService (612)
[2026.08.26-18.27.30:746][856]LogModuleManager: Shutting down and abandoning module TaskGraph (610)
[2026.08.26-18.27.30:746][856]LogModuleManager: Shutting down and abandoning module AudioSynesthesiaEditor (608)
[2026.08.26-18.27.30:746][856]LogModuleManager: Shutting down and abandoning module OculusEditor (606)
[2026.08.26-18.27.30:746][856]LogModuleManager: Shutting down and abandoning module OculusInput (604)
[2026.08.26-18.27.30:746][856]LogModuleManager: Shutting down and abandoning module ContentBrowserFileDataSource (602)
[2026.08.26-18.27.30:746][856]LogModuleManager: Shutting down and abandoning module ContentBrowserClassDataSource (600)
[2026.08.26-18.27.30:746][856]LogModuleManager: Shutting down and abandoning module ContentBrowserAssetDataSource (598)
[2026.08.26-18.27.30:746][856]LogModuleManager: Shutting down and abandoning module CollectionManager (597)
[2026.08.26-18.27.30:746][856]LogModuleManager: Shutting down and abandoning module SynthesisEditor (594)
[2026.08.26-18.27.30:747][856]LogModuleManager: Shutting down and abandoning module Synthesis (592)
[2026.08.26-18.27.30:747][856]LogModuleManager: Shutting down and abandoning module ProceduralMeshComponentEditor (590)
[2026.08.26-18.27.30:747][856]LogModuleManager: Shutting down and abandoning module ProceduralMeshComponent (588)
[2026.08.26-18.27.30:747][856]LogModuleManager: Shutting down and abandoning module TakeSequencer (586)
[2026.08.26-18.27.30:747][856]LogModuleManager: Shutting down and abandoning module TakeMovieScene (584)
[2026.08.26-18.27.30:747][856]LogModuleManager: Shutting down and abandoning module ScreenshotTools (582)
[2026.08.26-18.27.30:747][856]LogModuleManager: Shutting down and abandoning module OpenXREditor (580)
[2026.08.26-18.27.30:747][856]LogModuleManager: Shutting down and abandoning module MobilePatchingUtils (578)
[2026.08.26-18.27.30:747][856]LogModuleManager: Shutting down and abandoning module GooglePAD (576)
[2026.08.26-18.27.30:747][856]LogModuleManager: Shutting down and abandoning module ArchVisCharacter (574)
[2026.08.26-18.27.30:747][856]LogModuleManager: Shutting down and abandoning module CustomMeshComponent (572)
[2026.08.26-18.27.30:747][856]LogModuleManager: Shutting down and abandoning module EditableMesh (570)
[2026.08.26-18.27.30:747][856]LogModuleManager: Shutting down and abandoning module CableComponent (568)
[2026.08.26-18.27.30:747][856]LogModuleManager: Shutting down and abandoning module AudioCapture (566)
[2026.08.26-18.27.30:747][856]LogModuleManager: Shutting down and abandoning module AudioCaptureRtAudio (565)
[2026.08.26-18.27.30:747][856]LogModuleManager: Shutting down and abandoning module AssetTags (562)
[2026.08.26-18.27.30:747][856]LogModuleManager: Shutting down and abandoning module AppleImageUtilsBlueprintSupport (560)
[2026.08.26-18.27.30:747][856]LogModuleManager: Shutting down and abandoning module AppleImageUtils (558)
[2026.08.26-18.27.30:747][856]LogModuleManager: Shutting down and abandoning module AndroidPermission (556)
[2026.08.26-18.27.30:747][856]LogModuleManager: Shutting down and abandoning module ActorLayerUtilitiesEditor (554)
[2026.08.26-18.27.30:747][856]LogModuleManager: Shutting down and abandoning module ActorLayerUtilities (552)
[2026.08.26-18.27.30:747][856]LogModuleManager: Shutting down and abandoning module VisualStudioSourceCodeAccess (550)
[2026.08.26-18.27.30:747][856]LogModuleManager: Shutting down and abandoning module VisualStudioCodeSourceCodeAccess (548)
[2026.08.26-18.27.30:747][856]LogModuleManager: Shutting down and abandoning module UObjectPlugin (546)
[2026.08.26-18.27.30:747][856]LogModuleManager: Shutting down and abandoning module TemplateSequence (544)
[2026.08.26-18.27.30:747][856]LogModuleManager: Shutting down and abandoning module SubversionSourceControl (542)
[2026.08.26-18.27.30:747][856]LogModuleManager: Shutting down and abandoning module RiderSourceCodeAccess (540)
[2026.08.26-18.27.30:747][856]LogModuleManager: Shutting down and abandoning module MediaCompositing (538)
[2026.08.26-18.27.30:747][856]LogModuleManager: Shutting down and abandoning module ImgMedia (536)
[2026.08.26-18.27.30:747][856]LogModuleManager: Shutting down and abandoning module PluginUtils (534)
[2026.08.26-18.27.30:747][856]LogModuleManager: Shutting down and abandoning module PlasticSourceControl (532)
[2026.08.26-18.27.30:747][856]LogModuleManager: Shutting down and abandoning module PerforceSourceControl (530)
[2026.08.26-18.27.30:747][856]LogModuleManager: Shutting down and abandoning module CLionSourceCodeAccess (528)
[2026.08.26-18.27.30:747][856]LogModuleManager: Shutting down and abandoning module GitSourceControl (526)
[2026.08.26-18.27.30:747][856]LogModuleManager: Shutting down and abandoning module SourceControl (525)
[2026.08.26-18.27.30:747][856]LogModuleManager: Shutting down and abandoning module MagicLeapSharedWorld (522)
[2026.08.26-18.27.30:747][856]LogModuleManager: Shutting down and abandoning module AnimationSharingEd (520)
[2026.08.26-18.27.30:747][856]LogModuleManager: Shutting down and abandoning module MagicLeapLightEstimation (518)
[2026.08.26-18.27.30:747][856]LogModuleManager: Shutting down and abandoning module MagicLeapHelperVulkan (516)
[2026.08.26-18.27.30:747][856]LogModuleManager: Shutting down and abandoning module MagicLeapHelperOpenGL (514)
[2026.08.26-18.27.30:747][856]LogModuleManager: Shutting down and abandoning module MagicLeapAudio (512)
[2026.08.26-18.27.30:747][856]LogModuleManager: Shutting down and abandoning module VariantManagerContentEditor (510)
[2026.08.26-18.27.30:747][856]LogModuleManager: Shutting down and abandoning module DatasmithContentEditor (508)
[2026.08.26-18.27.30:747][856]LogModuleManager: Shutting down and abandoning module NiagaraEditorWidgets (506)
[2026.08.26-18.27.30:747][856]LogModuleManager: Shutting down and abandoning module OpenImageDenoise (504)
[2026.08.26-18.27.30:747][856]LogOpenImageDenoise: OIDN shutting down
[2026.08.26-18.27.30:747][856]LogModuleManager: Shutting down and abandoning module MotoSynthEditor (502)
[2026.08.26-18.27.30:747][856]LogModuleManager: Shutting down and abandoning module MotoSynth (500)
[2026.08.26-18.27.30:747][856]LogModuleManager: Shutting down and abandoning module GeometryCollectionTracks (498)
[2026.08.26-18.27.30:747][856]LogModuleManager: Shutting down and abandoning module GeometryCollectionSequencer (497)
[2026.08.26-18.27.30:747][856]LogModuleManager: Shutting down and abandoning module GeometryCollectionEditor (494)
[2026.08.26-18.27.30:747][856]LogModuleManager: Shutting down and abandoning module MeshConversion (492)
[2026.08.26-18.27.30:747][856]LogModuleManager: Shutting down and abandoning module DynamicMesh (490)
[2026.08.26-18.27.30:747][856]LogModuleManager: Shutting down and abandoning module GeometryAlgorithms (488)
[2026.08.26-18.27.30:747][856]LogModuleManager: Shutting down and abandoning module GeometricObjects (486)
[2026.08.26-18.27.30:748][856]LogModuleManager: Shutting down and abandoning module GeometryCacheTracks (484)
[2026.08.26-18.27.30:748][856]LogModuleManager: Shutting down and abandoning module GeometryCacheStreamer (482)
[2026.08.26-18.27.30:748][856]LogModuleManager: Shutting down and abandoning module GeometryCacheSequencer (480)
[2026.08.26-18.27.30:748][856]LogModuleManager: Shutting down and abandoning module SpeedTreeImporter (478)
[2026.08.26-18.27.30:748][856]LogModuleManager: Shutting down and abandoning module ChaosSolverEditor (476)
[2026.08.26-18.27.30:748][856]LogModuleManager: Shutting down and abandoning module PluginBrowser (474)
[2026.08.26-18.27.30:748][856]LogModuleManager: Shutting down and abandoning module MaterialAnalyzer (472)
[2026.08.26-18.27.30:748][856]LogModuleManager: Shutting down and abandoning module MobileLauncherProfileWizard (470)
[2026.08.26-18.27.30:748][856]LogModuleManager: Shutting down and abandoning module ChaosNiagara (468)
[2026.08.26-18.27.30:748][856]LogModuleManager: Shutting down and abandoning module FractureEditor (466)
[2026.08.26-18.27.30:748][856]LogModuleManager: Shutting down and abandoning module FieldSystemEngine (465)
[2026.08.26-18.27.30:748][856]LogModuleManager: Shutting down and abandoning module CurveEditorTools (462)
[2026.08.26-18.27.30:748][856]LogModuleManager: Shutting down and abandoning module CryptoKeysOpenSSL (460)
[2026.08.26-18.27.30:748][856]LogModuleManager: Shutting down and abandoning module CryptoKeys (458)
[2026.08.26-18.27.30:748][856]LogModuleManager: Shutting down and abandoning module ChaosClothEditor (456)
[2026.08.26-18.27.30:748][856]LogModuleManager: Shutting down and abandoning module AlembicImporter (454)
[2026.08.26-18.27.30:748][856]LogModuleManager: Shutting down and abandoning module AlembicLibrary (453)
[2026.08.26-18.27.30:748][856]LogModuleManager: Shutting down and abandoning module GeometryCache (452)
[2026.08.26-18.27.30:748][856]LogModuleManager: Shutting down and abandoning module GeometryCacheEd (451)
[2026.08.26-18.27.30:748][856]LogModuleManager: Shutting down and abandoning module BackChannel (446)
[2026.08.26-18.27.30:748][856]LogModuleManager: Shutting down and abandoning module AutomationUtilsEditor (444)
[2026.08.26-18.27.30:748][856]LogModuleManager: Shutting down and abandoning module AutomationUtils (442)
[2026.08.26-18.27.30:748][856]LogModuleManager: Shutting down and abandoning module OodleNetworkHandlerComponent (440)
[2026.08.26-18.27.30:748][856]LogModuleManager: Shutting down and abandoning module LightPropagationVolumeEditor (438)
[2026.08.26-18.27.30:748][856]LogModuleManager: Shutting down and abandoning module LiveLinkSequencer (436)
[2026.08.26-18.27.30:748][856]LogModuleManager: Shutting down and abandoning module LiveLinkMovieScene (434)
[2026.08.26-18.27.30:748][856]LogModuleManager: Shutting down and abandoning module LiveLinkGraphNode (432)
[2026.08.26-18.27.30:748][856]LogModuleManager: Shutting down and abandoning module LiveLinkEditor (430)
[2026.08.26-18.27.30:748][856]LogModuleManager: Shutting down and abandoning module LiveLinkComponents (428)
[2026.08.26-18.27.30:748][856]LogModuleManager: Shutting down and abandoning module LiveLink (426)
[2026.08.26-18.27.30:905][856]LogModuleManager: Shutting down and abandoning module PaperTiledImporter (424)
[2026.08.26-18.27.30:905][856]LogModuleManager: Shutting down and abandoning module PaperSpriteSheetImporter (422)
[2026.08.26-18.27.30:905][856]LogModuleManager: Shutting down and abandoning module Paper2DEditor (420)
[2026.08.26-18.27.30:905][856]LogModuleManager: Shutting down and abandoning module MeshPaintingToolset (418)
[2026.08.26-18.27.30:905][856]LogModuleManager: Shutting down and abandoning module MeshPaintEditorMode (416)
[2026.08.26-18.27.30:905][856]LogModuleManager: Shutting down and abandoning module BrackeysJam2026 (414)
[2026.08.26-18.27.30:905][856]LogModuleManager: Shutting down and abandoning module AnimGraph (413)
[2026.08.26-18.27.30:905][856]LogModuleManager: Shutting down and abandoning module SoundFields (410)
[2026.08.26-18.27.30:905][856]LogModuleManager: Shutting down and abandoning module SignificanceManager (408)
[2026.08.26-18.27.30:905][856]LogModuleManager: Shutting down and abandoning module RuntimePhysXCooking (406)
[2026.08.26-18.27.30:905][856]LogModuleManager: Shutting down and abandoning module PropertyAccessEditor (404)
[2026.08.26-18.27.30:905][856]LogModuleManager: Shutting down and abandoning module PhysXVehiclesEditor (402)
[2026.08.26-18.27.30:905][856]LogModuleManager: Shutting down and abandoning module LocationServicesBPLibrary (398)
[2026.08.26-18.27.30:905][856]LogModuleManager: Shutting down and abandoning module AudioSynesthesia (396)
[2026.08.26-18.27.30:905][856]LogModuleManager: Shutting down and abandoning module AudioSynesthesiaCore (394)
[2026.08.26-18.27.30:905][856]LogModuleManager: Shutting down and abandoning module ImgMediaEngine (392)
[2026.08.26-18.27.30:905][856]LogModuleManager: Shutting down and abandoning module PropertyAccessNode (390)
[2026.08.26-18.27.30:905][856]LogModuleManager: Shutting down and abandoning module ActorSequence (388)
[2026.08.26-18.27.30:905][856]LogModuleManager: Shutting down and abandoning module UdpMessaging (386)
[2026.08.26-18.27.31:006][856]LogModuleManager: Shutting down and abandoning module TcpMessaging (384)
[2026.08.26-18.27.31:107][856]LogModuleManager: Shutting down and abandoning module MagicLeapARPin (382)
[2026.08.26-18.27.31:107][856]LogModuleManager: Shutting down and abandoning module AnimationSharing (380)
[2026.08.26-18.27.31:107][856]LogModuleManager: Shutting down and abandoning module MagicLeapHandMeshing (378)
[2026.08.26-18.27.31:107][856]LogModuleManager: Shutting down and abandoning module MagicLeapSecureStorage (376)
[2026.08.26-18.27.31:107][856]LogModuleManager: Shutting down and abandoning module MagicLeapPrivileges (374)
[2026.08.26-18.27.31:107][856]LogModuleManager: Shutting down and abandoning module MagicLeapPlanes (372)
[2026.08.26-18.27.31:107][856]LogMagicLeapPlanes: Planes tracker already destroyed.
[2026.08.26-18.27.31:107][856]LogModuleManager: Shutting down and abandoning module MagicLeapImageTracker (370)
[2026.08.26-18.27.31:107][856]LogModuleManager: Shutting down and abandoning module MagicLeapIdentity (368)
[2026.08.26-18.27.31:107][856]LogModuleManager: Shutting down and abandoning module MagicLeapHandTracking (366)
[2026.08.26-18.27.31:107][856]LogModuleManager: Shutting down and abandoning module MagicLeapEyeTracker (364)
[2026.08.26-18.27.31:107][856]LogModuleManager: Shutting down and abandoning module MagicLeapController (362)
[2026.08.26-18.27.31:107][856]LogModuleManager: Shutting down and abandoning module MagicLeapARPinImpl (360)
[2026.08.26-18.27.31:107][856]LogModuleManager: Shutting down and abandoning module MagicLeapAR (358)
[2026.08.26-18.27.31:107][856]LogModuleManager: Shutting down and abandoning module NiagaraAnimNotifies (356)
[2026.08.26-18.27.31:107][856]LogModuleManager: Shutting down and abandoning module Niagara (354)
[2026.08.26-18.27.31:107][856]LogModuleManager: Shutting down and abandoning module SignalProcessing (353)
[2026.08.26-18.27.31:107][856]LogModuleManager: Shutting down and abandoning module NiagaraEditor (351)
[2026.08.26-18.27.31:107][856]LogModuleManager: Shutting down and abandoning module NiagaraCore (348)
[2026.08.26-18.27.31:107][856]LogModuleManager: Shutting down and abandoning module PythonScriptPlugin (346)
[2026.08.26-18.27.31:107][856]LogModuleManager: Shutting down and abandoning module FacialAnimationEditor (344)
[2026.08.26-18.27.31:107][856]LogModuleManager: Shutting down and abandoning module FacialAnimation (342)
[2026.08.26-18.27.31:107][856]LogModuleManager: Shutting down and abandoning module DataValidation (340)
[2026.08.26-18.27.31:107][856]LogModuleManager: Shutting down and abandoning module GameplayTagsEditor (338)
[2026.08.26-18.27.31:107][856]LogModuleManager: Shutting down and abandoning module AssetManagerEditor (336)
[2026.08.26-18.27.31:108][856]LogModuleManager: Shutting down and abandoning module LevelEditor (335)
[2026.08.26-18.27.31:109][856]LogModuleManager: Shutting down and abandoning module PixelInspectorModule (334)
[2026.08.26-18.27.31:109][856]LogModuleManager: Shutting down and abandoning module CommonMenuExtensions (332)
[2026.08.26-18.27.31:109][856]LogModuleManager: Shutting down and abandoning module MainFrame (330)
[2026.08.26-18.27.31:109][856]LogModuleManager: Shutting down and abandoning module HotReload (329)
[2026.08.26-18.27.31:109][856]LogModuleManager: Shutting down and abandoning module ToolMenus (325)
[2026.08.26-18.27.31:109][856]LogModuleManager: Shutting down and abandoning module ContentBrowser (323)
[2026.08.26-18.27.31:109][856]LogModuleManager: Shutting down and abandoning module ContentBrowserData (322)
[2026.08.26-18.27.31:109][856]LogModuleManager: Shutting down and abandoning module TreeMap (319)
[2026.08.26-18.27.31:109][856]LogModuleManager: Shutting down and abandoning module GameplayCameras (316)
[2026.08.26-18.27.31:109][856]LogModuleManager: Shutting down and abandoning module EnvironmentQueryEditor (314)
[2026.08.26-18.27.31:109][856]LogModuleManager: Shutting down and abandoning module LightPropagationVolumeRuntime (312)
[2026.08.26-18.27.31:109][856]LogModuleManager: Shutting down and abandoning module Paper2D (310)
[2026.08.26-18.27.31:109][856]LogModuleManager: Shutting down and abandoning module WindowsMoviePlayer (308)
[2026.08.26-18.27.31:111][856]LogModuleManager: Shutting down and abandoning module WebMMoviePlayer (306)
[2026.08.26-18.27.31:111][856]LogModuleManager: Shutting down and abandoning module NetworkReplayStreaming (304)
[2026.08.26-18.27.31:111][856]LogModuleManager: Shutting down and abandoning module PacketHandler (302)
[2026.08.26-18.27.31:111][856]LogModuleManager: Shutting down and abandoning module ClothingSystemEditor (300)
[2026.08.26-18.27.31:111][856]LogModuleManager: Shutting down and abandoning module ClothingSystemRuntimeNv (298)
[2026.08.26-18.27.31:111][856]LogModuleManager: Shutting down and abandoning module MediaAssets (296)
[2026.08.26-18.27.31:111][856]LogModuleManager: Shutting down and abandoning module Overlay (294)
[2026.08.26-18.27.31:111][856]LogModuleManager: Shutting down and abandoning module OverlayEditor (293)
[2026.08.26-18.27.31:111][856]LogModuleManager: Shutting down and abandoning module VREditor (290)
[2026.08.26-18.27.31:111][856]LogModuleManager: Shutting down and abandoning module StringTableEditor (288)
[2026.08.26-18.27.31:111][856]LogModuleManager: Shutting down and abandoning module GameplayTasksEditor (286)
[2026.08.26-18.27.31:111][856]LogModuleManager: Shutting down and abandoning module BehaviorTreeEditor (284)
[2026.08.26-18.27.31:111][856]LogModuleManager: Shutting down and abandoning module FunctionalTesting (282)
[2026.08.26-18.27.31:112][856]LogModuleManager: Shutting down and abandoning module CollisionAnalyzer (280)
[2026.08.26-18.27.31:112][856]LogModuleManager: Shutting down and abandoning module WorkspaceMenuStructure (279)
[2026.08.26-18.27.31:112][856]LogModuleManager: Shutting down and abandoning module UMG (276)
[2026.08.26-18.27.31:112][856]LogModuleManager: Shutting down and abandoning module UMGEditor (275)
[2026.08.26-18.27.31:112][856]LogModuleManager: Shutting down and abandoning module MessageLog (273)
[2026.08.26-18.27.31:112][856]LogModuleManager: Shutting down and abandoning module SlateReflector (268)
[2026.08.26-18.27.31:112][856]LogModuleManager: Shutting down and abandoning module Slate (266)
[2026.08.26-18.27.31:112][856]LogModuleManager: Shutting down and abandoning module SlateCore (264)
[2026.08.26-18.27.31:113][856]LogModuleManager: Shutting down and abandoning module LandscapeEditorUtilities (262)
[2026.08.26-18.27.31:113][856]LogModuleManager: Shutting down and abandoning module UnrealEd (260)
[2026.08.26-18.27.31:113][856]LogModuleManager: Shutting down and abandoning module MRMesh (258)
[2026.08.26-18.27.31:113][856]LogModuleManager: Shutting down and abandoning module SourceCodeAccess (256)
[2026.08.26-18.27.31:113][856]LogModuleManager: Shutting down and abandoning module HeadMountedDisplay (254)
[2026.08.26-18.27.31:113][856]LogModuleManager: Shutting down and abandoning module XAudio2 (252)
[2026.08.26-18.27.31:113][856]LogModuleManager: Shutting down and abandoning module Networking (250)
[2026.08.26-18.27.31:113][856]LogModuleManager: Shutting down and abandoning module Core (248)
[2026.08.26-18.27.31:113][856]LogModuleManager: Shutting down and abandoning module MaterialEditor (246)
[2026.08.26-18.27.31:113][856]LogModuleManager: Shutting down and abandoning module MovieSceneTools (244)
[2026.08.26-18.27.31:113][856]LogModuleManager: Shutting down and abandoning module CurveEditor (243)
[2026.08.26-18.27.31:113][856]LogModuleManager: Shutting down and abandoning module Sequencer (241)
[2026.08.26-18.27.31:113][856]LogModuleManager: Shutting down and abandoning module EditorStyle (240)
[2026.08.26-18.27.31:114][856]LogModuleManager: Shutting down and abandoning module KismetCompiler (236)
[2026.08.26-18.27.31:114][856]LogModuleManager: Shutting down and abandoning module MeshBuilder (234)
[2026.08.26-18.27.31:114][856]LogModuleManager: Shutting down and abandoning module MeshUtilities (232)
[2026.08.26-18.27.31:114][856]LogModuleManager: Shutting down and abandoning module MeshMergeUtilities (231)
[2026.08.26-18.27.31:114][856]LogModuleManager: Shutting down and abandoning module MeshReductionInterface (230)
[2026.08.26-18.27.31:114][856]LogModuleManager: Shutting down and abandoning module MeshBoneReduction (229)
[2026.08.26-18.27.31:114][856]LogModuleManager: Shutting down and abandoning module SkeletalMeshReduction (227)
[2026.08.26-18.27.31:114][856]LogModuleManager: Shutting down and abandoning module ProxyLODMeshReduction (225)
[2026.08.26-18.27.31:114][856]LogModuleManager: Shutting down and abandoning module QuadricMeshReduction (223)
[2026.08.26-18.27.31:114][856]LogModuleManager: Shutting down and abandoning module MaterialBaking (219)
[2026.08.26-18.27.31:114][856]LogModuleManager: Shutting down and abandoning module NullInstallBundleManager (214)
[2026.08.26-18.27.31:114][856]LogModuleManager: Shutting down and abandoning module DerivedDataCache (212)
[2026.08.26-18.27.31:114][856]LogModuleManager: Shutting down and abandoning module TargetPlatform (210)
[2026.08.26-18.27.31:114][856]LogModuleManager: Shutting down and abandoning module VulkanShaderFormat (209)
[2026.08.26-18.27.31:114][856]LogModuleManager: Shutting down and abandoning module ShaderFormatVectorVM (207)
[2026.08.26-18.27.31:114][856]LogModuleManager: Shutting down and abandoning module ShaderFormatOpenGL (205)
[2026.08.26-18.27.31:114][856]LogModuleManager: Shutting down and abandoning module ShaderFormatD3D (203)
[2026.08.26-18.27.31:114][856]LogModuleManager: Shutting down and abandoning module MetalShaderFormat (201)
[2026.08.26-18.27.31:114][856]LogModuleManager: Shutting down and abandoning module TextureFormatOodle (199)
[2026.08.26-18.27.31:114][856]LogModuleManager: Shutting down and abandoning module TextureFormatUncompressed (197)
[2026.08.26-18.27.31:115][856]LogModuleManager: Shutting down and abandoning module TextureFormatPVR (195)
[2026.08.26-18.27.31:115][856]LogModuleManager: Shutting down and abandoning module TextureFormatETC2 (193)
[2026.08.26-18.27.31:115][856]LogModuleManager: Shutting down and abandoning module TextureFormatDXT (191)
[2026.08.26-18.27.31:115][856]LogModuleManager: Shutting down and abandoning module TextureFormatIntelISPCTexComp (189)
[2026.08.26-18.27.31:115][856]LogModuleManager: Shutting down and abandoning module TextureFormatASTC (187)
[2026.08.26-18.27.31:115][856]LogModuleManager: Shutting down and abandoning module ImageWrapper (186)
[2026.08.26-18.27.31:115][856]LogModuleManager: Shutting down and abandoning module AudioFormatOpus (183)
[2026.08.26-18.27.31:115][856]LogModuleManager: Shutting down and abandoning module AudioFormatOgg (181)
[2026.08.26-18.27.31:115][856]LogModuleManager: Shutting down and abandoning module AudioFormatADPCM (179)
[2026.08.26-18.27.31:115][856]LogModuleManager: Shutting down and abandoning module WindowsServerTargetPlatform (177)
[2026.08.26-18.27.31:115][856]LogModuleManager: Shutting down and abandoning module WindowsClientTargetPlatform (175)
[2026.08.26-18.27.31:115][856]LogModuleManager: Shutting down and abandoning module WindowsTargetPlatform (173)
[2026.08.26-18.27.31:115][856]LogModuleManager: Shutting down and abandoning module WindowsNoEditorTargetPlatform (171)
[2026.08.26-18.27.31:115][856]LogModuleManager: Shutting down and abandoning module TVOSTargetPlatform (169)
[2026.08.26-18.27.31:117][856]LogModuleManager: Shutting down and abandoning module MacServerTargetPlatform (167)
[2026.08.26-18.27.31:117][856]LogModuleManager: Shutting down and abandoning module MacClientTargetPlatform (165)
[2026.08.26-18.27.31:117][856]LogModuleManager: Shutting down and abandoning module MacTargetPlatform (163)
[2026.08.26-18.27.31:117][856]LogModuleManager: Shutting down and abandoning module MacNoEditorTargetPlatform (161)
[2026.08.26-18.27.31:117][856]LogModuleManager: Shutting down and abandoning module LuminTargetPlatform (159)
[2026.08.26-18.27.31:117][856]LogModuleManager: Shutting down and abandoning module LinuxAArch64ServerTargetPlatform (157)
[2026.08.26-18.27.31:117][856]LogModuleManager: Shutting down and abandoning module LinuxAArch64ClientTargetPlatform (155)
[2026.08.26-18.27.31:117][856]LogModuleManager: Shutting down and abandoning module LinuxAArch64NoEditorTargetPlatform (153)
[2026.08.26-18.27.31:117][856]LogModuleManager: Shutting down and abandoning module LinuxServerTargetPlatform (151)
[2026.08.26-18.27.31:117][856]LogModuleManager: Shutting down and abandoning module LinuxClientTargetPlatform (149)
[2026.08.26-18.27.31:117][856]LogModuleManager: Shutting down and abandoning module LinuxNoEditorTargetPlatform (147)
[2026.08.26-18.27.31:117][856]LogModuleManager: Shutting down and abandoning module LinuxTargetPlatform (145)
[2026.08.26-18.27.31:117][856]LogModuleManager: Shutting down and abandoning module Messaging (143)
[2026.08.26-18.27.31:117][856]LogModuleManager: Shutting down and abandoning module IOSTargetPlatform (141)
[2026.08.26-18.27.31:117][856]LogModuleManager: Shutting down and abandoning module AndroidTargetPlatform (139)
[2026.08.26-18.27.31:120][856]LogModuleManager: Shutting down and abandoning module AllDesktopTargetPlatform (137)
[2026.08.26-18.27.31:121][856]LogModuleManager: Shutting down and abandoning module D3D11RHI (134)
[2026.08.26-18.27.31:121][856]LogModuleManager: Shutting down and abandoning module InputCore (132)
[2026.08.26-18.27.31:121][856]LogModuleManager: Shutting down and abandoning module Settings (130)
[2026.08.26-18.27.31:121][856]LogModuleManager: Shutting down and abandoning module DirectoryWatcher (128)
[2026.08.26-18.27.31:121][856]LogModuleManager: Shutting down and abandoning module PhysXCooking (126)
[2026.08.26-18.27.31:121][856]LogModuleManager: Shutting down and abandoning module Chaos (124)
[2026.08.26-18.27.31:121][856]LogModuleManager: Shutting down and abandoning module WindowsPlatformFeatures (122)
[2026.08.26-18.27.31:121][856]LogModuleManager: Shutting down and abandoning module GameplayMediaEncoder (121)
[2026.08.26-18.27.31:121][856]LogModuleManager: Shutting down and abandoning module AVEncoder (120)
[2026.08.26-18.27.31:121][856]LogModuleManager: Shutting down and abandoning module SteamVRInputDevice (116)
[2026.08.26-18.27.31:121][856]LogModuleManager: Shutting down and abandoning module SteamVRInput (114)
[2026.08.26-18.27.31:121][856]LogModuleManager: Shutting down and abandoning module SteamVR (112)
[2026.08.26-18.27.31:121][856]LogHMD: Freeing OpenVRDLLHandle.
[2026.08.26-18.27.31:121][856]LogModuleManager: Shutting down and abandoning module OculusHMD (110)
[2026.08.26-18.27.31:121][856]LogModuleManager: Shutting down and abandoning module OpenXRHandTracking (108)
[2026.08.26-18.27.31:121][856]LogSlate: Slate User Destroyed.  User Index 0, Is Virtual User: 0
[2026.08.26-18.27.31:121][856]LogModuleManager: Shutting down and abandoning module OpenXREyeTracker (106)
[2026.08.26-18.27.31:121][856]LogModuleManager: Shutting down and abandoning module OpenXRAR (104)
[2026.08.26-18.27.31:121][856]LogModuleManager: Shutting down and abandoning module AugmentedReality (103)
[2026.08.26-18.27.31:121][856]LogModuleManager: Shutting down and abandoning module OpenXRHMD (100)
[2026.08.26-18.27.31:122][856]LogModuleManager: Shutting down and abandoning module LauncherChunkInstaller (98)
[2026.08.26-18.27.31:122][856]LogModuleManager: Shutting down and abandoning module ExampleDeviceProfileSelector (96)
[2026.08.26-18.27.31:122][856]LogModuleManager: Shutting down and abandoning module ChunkDownloader (94)
[2026.08.26-18.27.31:122][856]LogModuleManager: Shutting down and abandoning module OnlineSubsystem (92)
[2026.08.26-18.27.31:123][856]LogModuleManager: Shutting down and abandoning module XMPP (87)
[2026.08.26-18.27.31:123][856]LogModuleManager: Shutting down and abandoning module WebSockets (86)
[2026.08.26-18.27.31:129][856]LogModuleManager: Shutting down and abandoning module HTTP (83)
[2026.08.26-18.27.31:129][856]LogHttp: Display: Http module shutting down, but needs to wait on 1 outstanding Http requests:
[2026.08.26-18.27.31:129][856]LogHttp: Display: 	verb=[POST] url=[https://datarouter.ol.epicgames.com/datarouter/api/v1/public/data?SessionID=%7B582EFD45-4CA5-A2F2-872F-34BABD3A1DDB%7D&AppID=UEEditor.Rocket.Release&AppVersion=4.27.2-18319896%2B%2B%2BUE4%2BRelease-4.27&UserID=aad14cfa4a1ed281c560f785102d869b%7C24de892310f14890888f3bfa72d3ca7c%7C72aeb03c-3a2b-4ff1-80d4-ff410d42d422&AppEnvironment=datacollector-binary&UploadType=eteventstream] refs=[1] status=Processing
[2026.08.26-18.27.31:129][856]LogHttp: Display: cleaning up 1 outstanding Http requests.
[2026.08.26-18.27.31:146][856]LogModuleManager: Shutting down and abandoning module SSL (82)
[2026.08.26-18.27.31:149][856]LogModuleManager: Shutting down and abandoning module OnlineBlueprintSupport (78)
[2026.08.26-18.27.31:149][856]LogModuleManager: Shutting down and abandoning module WmfMedia (74)
[2026.08.26-18.27.31:150][856]LogModuleManager: Shutting down and abandoning module Media (73)
[2026.08.26-18.27.31:151][856]LogModuleManager: Shutting down and abandoning module MediaInfo (72)
[2026.08.26-18.27.31:151][856]LogModuleManager: Shutting down and abandoning module ExrReaderGpu (68)
[2026.08.26-18.27.31:151][856]LogModuleManager: Shutting down and abandoning module PixWinPlugin (66)
[2026.08.26-18.27.31:151][856]LogModuleManager: Shutting down and abandoning module MLSDK (64)
[2026.08.26-18.27.31:151][856]LogModuleManager: Shutting down and abandoning module MagicLeap (62)
[2026.08.26-18.27.31:151][856]LogModuleManager: Shutting down and abandoning module VariantManagerContent (60)
[2026.08.26-18.27.31:151][856]LogModuleManager: Shutting down and abandoning module DatasmithContent (58)
[2026.08.26-18.27.31:154][856]LogModuleManager: Shutting down and abandoning module NiagaraVertexFactories (56)
[2026.08.26-18.27.31:154][856]LogModuleManager: Shutting down and abandoning module NiagaraShader (54)
[2026.08.26-18.27.31:154][856]LogModuleManager: Shutting down and abandoning module ChaosCloth (52)
[2026.08.26-18.27.31:154][856]LogModuleManager: Shutting down and abandoning module AISupportModule (50)
[2026.08.26-18.27.31:154][856]LogModuleManager: Shutting down and abandoning module DesktopPlatform (48)
[2026.08.26-18.27.31:154][856]LogModuleManager: Shutting down and abandoning module PythonScriptPluginPreload (46)
[2026.08.26-18.27.31:154][856]LogModuleManager: Shutting down and abandoning module PlatformCryptoOpenSSL (44)
[2026.08.26-18.27.31:154][856]LogModuleManager: Shutting down and abandoning module PlatformCryptoTypes (42)
[2026.08.26-18.27.31:154][856]LogModuleManager: Shutting down and abandoning module PlatformCrypto (40)
[2026.08.26-18.27.31:154][856]LogModuleManager: Shutting down and abandoning module OodleDataCompressionFormat (38)
[2026.08.26-18.27.31:154][856]LogModuleManager: Shutting down and abandoning module XGEController (36)
[2026.08.26-18.27.31:154][856]LogModuleManager: Shutting down and abandoning module AnimationModifiers (34)
[2026.08.26-18.27.31:154][856]LogModuleManager: Shutting down and abandoning module AudioEditor (32)
[2026.08.26-18.27.31:154][856]LogModuleManager: Shutting down and abandoning module PropertyEditor (31)
[2026.08.26-18.27.31:154][856]LogModuleManager: Shutting down and abandoning module TextureCompressor (28)
[2026.08.26-18.27.31:154][856]LogModuleManager: Shutting down and abandoning module RenderCore (26)
[2026.08.26-18.27.31:154][856]LogModuleManager: Shutting down and abandoning module Landscape (24)
[2026.08.26-18.27.31:154][856]LogModuleManager: Shutting down and abandoning module SlateRHIRenderer (22)
[2026.08.26-18.27.31:156][856]LogModuleManager: Shutting down and abandoning module AnimGraphRuntime (20)
[2026.08.26-18.27.31:156][856]LogModuleManager: Shutting down and abandoning module Renderer (18)
[2026.08.26-18.27.31:156][856]LogModuleManager: Shutting down and abandoning module Engine (16)
[2026.08.26-18.27.31:156][856]LogModuleManager: Shutting down and abandoning module CoreUObject (14)
[2026.08.26-18.27.31:156][856]LogModuleManager: Shutting down and abandoning module NetworkFile (12)
[2026.08.26-18.27.31:156][856]LogModuleManager: Shutting down and abandoning module CookedIterativeFile (10)
[2026.08.26-18.27.31:156][856]LogModuleManager: Shutting down and abandoning module StreamingFile (8)
[2026.08.26-18.27.31:156][856]LogModuleManager: Shutting down and abandoning module SandboxFile (6)
[2026.08.26-18.27.31:156][856]LogModuleManager: Shutting down and abandoning module PakFile (4)
[2026.08.26-18.27.31:156][856]LogModuleManager: Shutting down and abandoning module RSA (3)
[2026.08.26-18.27.31:156][856]LogContentStreaming: Display: There are 1 unreleased StreamingManagers
[2026.08.26-18.27.31:188][856]LogD3D11RHI: Shutdown
[2026.08.26-18.27.31:188][856]LogD3D11RHI: CleanupD3DDevice
[2026.08.26-18.27.31:190][856]LogExit: Exiting.
[2026.08.26-18.27.31:202][856]Log file closed, 08/26/26 11:27:31
