Log file open, 08/23/26 17:26:03
LogWindows: Failed to load 'aqProf.dll' (GetLastError=126)
LogWindows: File 'aqProf.dll' does not exist
LogWindows: Failed to load 'VtuneApi.dll' (GetLastError=126)
LogWindows: File 'VtuneApi.dll' does not exist
LogWindows: Failed to load 'VtuneApi32e.dll' (GetLastError=126)
LogWindows: File 'VtuneApi32e.dll' does not exist
LogConsoleResponse: Display: Failed to find resolution value strings in scalability ini. Falling back to default.
LogConsoleResponse: Display: Failed to find resolution value strings in scalability ini. Falling back to default.
LogInit: Display: Running engine for game: BrackeysJam2026
LogPlatformFile: Not using cached read wrapper
LogTaskGraph: Started task graph with 5 named threads and 47 total threads with 3 sets of task threads.
LogStats: Stats thread started at 0.231396
LogICUInternationalization: ICU TimeZone Detection - Raw Offset: -3:00, Platform Override: ''
LogInit: Display: Loading text-based GConfig....
LogPluginManager: Mounting plugin MeshPainting
LogPluginManager: Mounting plugin XGEController
LogPluginManager: Mounting plugin Paper2D
LogPluginManager: Mounting plugin LightPropagationVolume
LogPluginManager: Mounting plugin AISupport
LogPluginManager: Mounting plugin CameraShakePreviewer
LogPluginManager: Mounting plugin OodleData
LogPluginManager: Mounting plugin OodleNetwork
LogPluginManager: Mounting plugin GameplayCameras
LogPluginManager: Mounting plugin EnvironmentQueryEditor
LogPluginManager: Mounting plugin LiveLink
LogPluginManager: Mounting plugin AnimationSharing
LogPluginManager: Mounting plugin CodeLiteSourceCodeAccess
LogPluginManager: Mounting plugin CLionSourceCodeAccess
LogPluginManager: Mounting plugin GitSourceControl
LogPluginManager: Mounting plugin KDevelopSourceCodeAccess
LogPluginManager: Mounting plugin PerforceSourceControl
LogPluginManager: Mounting plugin NullSourceCodeAccess
LogPluginManager: Mounting plugin PixWinPlugin
LogPluginManager: Mounting plugin PlasticSourceControl
LogPluginManager: Mounting plugin PluginUtils
LogPluginManager: Mounting plugin PropertyAccessNode
LogPluginManager: Mounting plugin RiderSourceCodeAccess
LogPluginManager: Mounting plugin SubversionSourceControl
LogPluginManager: Mounting plugin TextureFormatOodle
LogPluginManager: Mounting plugin DatasmithContent
LogPluginManager: Mounting plugin UObjectPlugin
LogPluginManager: Mounting plugin VisualStudioCodeSourceCodeAccess
LogPluginManager: Mounting plugin XCodeSourceCodeAccess
LogPluginManager: Mounting plugin VisualStudioSourceCodeAccess
LogPluginManager: Mounting plugin AssetManagerEditor
LogPluginManager: Mounting plugin VariantManagerContent
LogPluginManager: Mounting plugin CryptoKeys
LogPluginManager: Mounting plugin CurveEditorTools
LogPluginManager: Mounting plugin DataValidation
LogPluginManager: Mounting plugin AlembicImporter
LogPluginManager: Mounting plugin FacialAnimation
LogPluginManager: Mounting plugin AutomationUtils
LogPluginManager: Mounting plugin BackChannel
LogPluginManager: Mounting plugin GameplayTagsEditor
LogPluginManager: Mounting plugin GeometryMode
LogPluginManager: Mounting plugin MacGraphicsSwitching
LogPluginManager: Mounting plugin MaterialAnalyzer
LogPluginManager: Mounting plugin MobileLauncherProfileWizard
LogPluginManager: Mounting plugin PluginBrowser
LogPluginManager: Mounting plugin SpeedTreeImporter
LogPluginManager: Mounting plugin ChaosCloth
LogPluginManager: Mounting plugin ChaosClothEditor
LogPluginManager: Mounting plugin ChaosNiagara
LogPluginManager: Mounting plugin ChaosSolverPlugin
LogPluginManager: Mounting plugin CharacterAI
LogPluginManager: Mounting plugin ChaosEditor
LogPluginManager: Mounting plugin GeometryCache
LogPluginManager: Mounting plugin GeometryCollectionPlugin
LogPluginManager: Mounting plugin GeometryProcessing
LogPluginManager: Mounting plugin MotoSynth
LogPluginManager: Mounting plugin OpenImageDenoise
LogPluginManager: Mounting plugin PlanarCut
LogPluginManager: Mounting plugin PlatformCrypto
LogPluginManager: Mounting plugin ProxyLODPlugin
LogPluginManager: Mounting plugin PythonScriptPlugin
LogPluginManager: Mounting plugin Niagara
LogPluginManager: Mounting plugin LuminPlatformFeatures
LogPluginManager: Mounting plugin MagicLeap
LogPluginManager: Mounting plugin SkeletalReduction
LogPluginManager: Mounting plugin MagicLeapLightEstimation
LogPluginManager: Mounting plugin AndroidMedia
LogPluginManager: Mounting plugin MagicLeapMedia
LogPluginManager: Mounting plugin AvfMedia
LogPluginManager: Mounting plugin MagicLeapPassableWorld
LogPluginManager: Mounting plugin MLSDK
LogPluginManager: Mounting plugin ImgMedia
LogPluginManager: Mounting plugin MediaCompositing
LogPluginManager: Mounting plugin UdpMessaging
LogPluginManager: Mounting plugin TcpMessaging
LogPluginManager: Mounting plugin MediaPlayerEditor
LogPluginManager: Mounting plugin WebMMedia
LogPluginManager: Mounting plugin WmfMedia
LogPluginManager: Mounting plugin LevelSequenceEditor
LogPluginManager: Mounting plugin ActorSequence
LogPluginManager: Mounting plugin MatineeToLevelSequence
LogPluginManager: Mounting plugin TemplateSequence
LogPluginManager: Mounting plugin OnlineSubsystem
LogPluginManager: Mounting plugin LauncherChunkInstaller
LogPluginManager: Mounting plugin ActorLayerUtilities
LogPluginManager: Mounting plugin AndroidDeviceProfileSelector
LogPluginManager: Mounting plugin OnlineSubsystemNull
LogPluginManager: Mounting plugin AndroidMoviePlayer
LogPluginManager: Mounting plugin AndroidPermission
LogPluginManager: Mounting plugin OnlineSubsystemUtils
LogPluginManager: Mounting plugin AppleImageUtils
LogPluginManager: Mounting plugin AppleMoviePlayer
LogPluginManager: Mounting plugin ArchVisCharacter
LogPluginManager: Mounting plugin AssetTags
LogPluginManager: Mounting plugin CableComponent
LogPluginManager: Mounting plugin AudioCapture
LogPluginManager: Mounting plugin AudioSynesthesia
LogPluginManager: Mounting plugin CustomMeshComponent
LogPluginManager: Mounting plugin ChunkDownloader
LogPluginManager: Mounting plugin EditableMesh
LogPluginManager: Mounting plugin ExampleDeviceProfileSelector
LogPluginManager: Mounting plugin GoogleCloudMessaging
LogPluginManager: Mounting plugin GooglePAD
LogPluginManager: Mounting plugin IOSDeviceProfileSelector
LogPluginManager: Mounting plugin LinuxDeviceProfileSelector
LogPluginManager: Mounting plugin LocationServicesBPLibrary
LogPluginManager: Mounting plugin MobilePatchingUtils
LogPluginManager: Mounting plugin OpenXR
LogPluginManager: Mounting plugin OpenXREyeTracker
LogPluginManager: Mounting plugin OpenXRHandTracking
LogPluginManager: Mounting plugin PostSplashScreen
LogPluginManager: Mounting plugin PhysXVehicles
LogPluginManager: Mounting plugin PropertyAccessEditor
LogPluginManager: Mounting plugin ProceduralMeshComponent
LogPluginManager: Mounting plugin RuntimePhysXCooking
LogPluginManager: Mounting plugin SignificanceManager
LogPluginManager: Mounting plugin SoundFields
LogPluginManager: Mounting plugin Synthesis
LogPluginManager: Mounting plugin WebMMoviePlayer
LogPluginManager: Mounting plugin WindowsMoviePlayer
LogPluginManager: Mounting plugin ScreenshotTools
LogPluginManager: Mounting plugin Takes
LogPluginManager: Mounting plugin ContentBrowserAssetDataSource
LogPluginManager: Mounting plugin ContentBrowserFileDataSource
LogPluginManager: Mounting plugin ContentBrowserClassDataSource
LogPluginManager: Mounting plugin OnlineSubsystemIOS
LogPluginManager: Mounting plugin OnlineSubsystemGooglePlay
LogPluginManager: Mounting plugin OculusVR
LogPluginManager: Mounting plugin SteamVR
PixWinPlugin: PIX capture plugin failed to initialize! Check that the process is launched from PIX.
LogInit: Using libcurl 7.55.1-DEV
LogInit:  - built for x86_64-pc-win32
LogInit:  - supports SSL with OpenSSL/1.1.1
LogInit:  - supports HTTP deflate (compression) using libz 1.2.8
LogInit:  - other features:
LogInit:      CURL_VERSION_SSL
LogInit:      CURL_VERSION_LIBZ
LogInit:      CURL_VERSION_IPV6
LogInit:      CURL_VERSION_ASYNCHDNS
LogInit:      CURL_VERSION_LARGEFILE
LogInit:      CURL_VERSION_IDN
LogInit:  CurlRequestOptions (configurable via config and command line):
LogInit:  - bVerifyPeer = true  - Libcurl will verify peer certificate
LogInit:  - bUseHttpProxy = false  - Libcurl will NOT use HTTP proxy
LogInit:  - bDontReuseConnections = false  - Libcurl will reuse connections
LogInit:  - MaxHostConnections = 16  - Libcurl will limit the number of connections to a host
LogInit:  - LocalHostAddr = Default
LogInit:  - BufferSize = 65536
LogOnline: OSS: Creating online subsystem instance for: NULL
LogInit: WinSock: version 1.1 (2.2), MaxSocks=32767, MaxUdp=65467
LogOnline: OSS: TryLoadSubsystemAndSetDefault: Loaded subsystem for module [NULL]
LogOculusPluginWrapper: OculusPlugin initialized successfully
LogHMD: Failed initializing OVRPlugin 1.59.0
LogInit: Build: ++UE4+Release-4.27-CL-18319896
LogInit: Engine Version: 4.27.2-18319896+++UE4+Release-4.27
LogInit: Compatible Engine Version: 4.27.0-17155196+++UE4+Release-4.27
LogInit: Net CL: 17155196
LogInit: OS: Windows 10 (Release 2009) (), CPU: AMD Ryzen 7 5700G with Radeon Graphics         , GPU: AMD Radeon(TM) Graphics
LogInit: Compiled (64-bit): Nov 30 2021 07:12:08
LogInit: Compiled with Visual C++: 19.24.28315.00
LogInit: Build Configuration: Development
LogInit: Branch Name: ++UE4+Release-4.27
LogInit: Command Line:  -AUTH_LOGIN=unused -AUTH_PASSWORD=2f941637c5594aacbd4e94b91a4b4a66 -AUTH_TYPE=exchangecode -epicapp=UE_4.27 -epicenv=Prod -EpicPortal -epicusername=Calabronx -epicuserid=198bbedd46bc4b878aa121d60088e353 -epiclocale=en -epicsandboxid=ue
LogInit: Base Directory: D:/UnrealEngine/UE_4.27/Engine/Binaries/Win64/
LogInit: Allocator: TBB
LogInit: Installed Engine Build: 1
LogDevObjectVersion: Number of dev versions registered: 29
LogDevObjectVersion:   Dev-Blueprints (B0D832E4-1F89-4F0D-ACCF-7EB736FD4AA2): 10
LogDevObjectVersion:   Dev-Build (E1C64328-A22C-4D53-A36C-8E866417BD8C): 0
LogDevObjectVersion:   Dev-Core (375EC13C-06E4-48FB-B500-84F0262A717E): 4
LogDevObjectVersion:   Dev-Editor (E4B068ED-F494-42E9-A231-DA0B2E46BB41): 40
LogDevObjectVersion:   Dev-Framework (CFFC743F-43B0-4480-9391-14DF171D2073): 37
LogDevObjectVersion:   Dev-Mobile (B02B49B5-BB20-44E9-A304-32B752E40360): 3
LogDevObjectVersion:   Dev-Networking (A4E4105C-59A1-49B5-A7C5-40C4547EDFEE): 0
LogDevObjectVersion:   Dev-Online (39C831C9-5AE6-47DC-9A44-9C173E1C8E7C): 0
LogDevObjectVersion:   Dev-Physics (78F01B33-EBEA-4F98-B9B4-84EACCB95AA2): 14
LogDevObjectVersion:   Dev-Platform (6631380F-2D4D-43E0-8009-CF276956A95A): 0
LogDevObjectVersion:   Dev-Rendering (12F88B9F-8875-4AFC-A67C-D90C383ABD29): 45
LogDevObjectVersion:   Dev-Sequencer (7B5AE74C-D270-4C10-A958-57980B212A5A): 13
LogDevObjectVersion:   Dev-VR (D7296918-1DD6-4BDD-9DE2-64A83CC13884): 3
LogDevObjectVersion:   Dev-LoadTimes (C2A15278-BFE7-4AFE-6C17-90FF531DF755): 1
LogDevObjectVersion:   Private-Geometry (6EACA3D4-40EC-4CC1-B786-8BED09428FC5): 3
LogDevObjectVersion:   Dev-AnimPhys (29E575DD-E0A3-4627-9D10-D276232CDCEA): 17
LogDevObjectVersion:   Dev-Anim (AF43A65D-7FD3-4947-9873-3E8ED9C1BB05): 15
LogDevObjectVersion:   Dev-ReflectionCapture (6B266CEC-1EC7-4B8F-A30B-E4D90942FC07): 1
LogDevObjectVersion:   Dev-Automation (0DF73D61-A23F-47EA-B727-89E90C41499A): 1
LogDevObjectVersion:   FortniteMain (601D1886-AC64-4F84-AA16-D3DE0DEAC7D6): 47
LogDevObjectVersion:   FortniteRelease (E7086368-6B23-4C58-8439-1B7016265E91): 1
LogDevObjectVersion:   Dev-Enterprise (9DFFBCD6-494F-0158-E221-12823C92A888): 10
LogDevObjectVersion:   Dev-Niagara (F2AED0AC-9AFE-416F-8664-AA7FFA26D6FC): 1
LogDevObjectVersion:   Dev-Destruction (174F1F0B-B4C6-45A5-B13F-2EE8D0FB917D): 10
LogDevObjectVersion:   Dev-Physics-Ext (35F94A83-E258-406C-A318-09F59610247C): 41
LogDevObjectVersion:   Dev-PhysicsMaterial-Chaos (B68FC16E-8B1B-42E2-B453-215C058844FE): 1
LogDevObjectVersion:   Dev-CineCamera (B2E18506-4273-CFC2-A54E-F4BB758BBA07): 1
LogDevObjectVersion:   Dev-VirtualProduction (64F58936-FD1B-42BA-BA96-7289D5D0FA4E): 1
LogDevObjectVersion:   Dev-MediaFramework (6F0ED827-A609-4895-9C91-998D90180EA4): 2
LogInit: Presizing for max 25165824 objects, including 0 objects not considered by GC, pre-allocating 0 bytes for permanent pool.
LogConfig: Applying CVar settings from Section [/Script/Engine.StreamingSettings] File [D:/GameProgramming/BrackeysGameJam/Brackeys-2026/BrackeysJam2026/Saved/Config/Windows/Engine.ini]
LogConfig: Setting CVar [[s.MinBulkDataSizeForAsyncLoading:131072]]
LogConfig: Setting CVar [[s.AsyncLoadingThreadEnabled:0]]
LogConfig: Setting CVar [[s.EventDrivenLoaderEnabled:1]]
LogConfig: Setting CVar [[s.WarnIfTimeLimitExceeded:0]]
LogConfig: Setting CVar [[s.TimeLimitExceededMultiplier:1.5]]
LogConfig: Setting CVar [[s.TimeLimitExceededMinTime:0.005]]
LogConfig: Setting CVar [[s.UseBackgroundLevelStreaming:1]]
LogConfig: Setting CVar [[s.PriorityAsyncLoadingExtraTime:15.0]]
LogConfig: Setting CVar [[s.LevelStreamingActorsUpdateTimeLimit:5.0]]
LogConfig: Setting CVar [[s.PriorityLevelStreamingActorsUpdateExtraTime:5.0]]
LogConfig: Setting CVar [[s.LevelStreamingComponentsRegistrationGranularity:10]]
LogConfig: Setting CVar [[s.UnregisterComponentsTimeLimit:1.0]]
LogConfig: Setting CVar [[s.LevelStreamingComponentsUnregistrationGranularity:5]]
LogConfig: Setting CVar [[s.FlushStreamingOnExit:1]]
LogInit: Object subsystem initialized
LogConfig: Setting CVar [[con.DebugEarlyDefault:1]]
LogConfig: Setting CVar [[r.setres:1280x720]]
[2026.08.23-20.26.04:208][  0]LogConfig: Setting CVar [[r.VSync:0]]
[2026.08.23-20.26.04:208][  0]LogConfig: Setting CVar [[r.RHICmdBypass:0]]
[2026.08.23-20.26.04:208][  0]LogConfig: Applying CVar settings from Section [/Script/Engine.RendererSettings] File [D:/GameProgramming/BrackeysGameJam/Brackeys-2026/BrackeysJam2026/Saved/Config/Windows/Engine.ini]
[2026.08.23-20.26.04:208][  0]LogConfig: Setting CVar [[r.GPUCrashDebugging:0]]
[2026.08.23-20.26.04:208][  0]LogConfig: Setting CVar [[r.DefaultFeature.MotionBlur:0]]
[2026.08.23-20.26.04:208][  0]LogConfig: Applying CVar settings from Section [/Script/Engine.RendererOverrideSettings] File [D:/GameProgramming/BrackeysGameJam/Brackeys-2026/BrackeysJam2026/Saved/Config/Windows/Engine.ini]
[2026.08.23-20.26.04:208][  0]LogConfig: Applying CVar settings from Section [/Script/Engine.StreamingSettings] File [D:/GameProgramming/BrackeysGameJam/Brackeys-2026/BrackeysJam2026/Saved/Config/Windows/Engine.ini]
[2026.08.23-20.26.04:208][  0]LogConfig: Setting CVar [[s.MinBulkDataSizeForAsyncLoading:131072]]
[2026.08.23-20.26.04:208][  0]LogConfig: Setting CVar [[s.AsyncLoadingThreadEnabled:0]]
[2026.08.23-20.26.04:208][  0]LogConfig: Setting CVar [[s.EventDrivenLoaderEnabled:1]]
[2026.08.23-20.26.04:208][  0]LogConfig: Setting CVar [[s.WarnIfTimeLimitExceeded:0]]
[2026.08.23-20.26.04:208][  0]LogConfig: Setting CVar [[s.TimeLimitExceededMultiplier:1.5]]
[2026.08.23-20.26.04:208][  0]LogConfig: Setting CVar [[s.TimeLimitExceededMinTime:0.005]]
[2026.08.23-20.26.04:208][  0]LogConfig: Setting CVar [[s.UseBackgroundLevelStreaming:1]]
[2026.08.23-20.26.04:208][  0]LogConfig: Setting CVar [[s.PriorityAsyncLoadingExtraTime:15.0]]
[2026.08.23-20.26.04:208][  0]LogConfig: Setting CVar [[s.LevelStreamingActorsUpdateTimeLimit:5.0]]
[2026.08.23-20.26.04:208][  0]LogConfig: Setting CVar [[s.PriorityLevelStreamingActorsUpdateExtraTime:5.0]]
[2026.08.23-20.26.04:208][  0]LogConfig: Setting CVar [[s.LevelStreamingComponentsRegistrationGranularity:10]]
[2026.08.23-20.26.04:208][  0]LogConfig: Setting CVar [[s.UnregisterComponentsTimeLimit:1.0]]
[2026.08.23-20.26.04:208][  0]LogConfig: Setting CVar [[s.LevelStreamingComponentsUnregistrationGranularity:5]]
[2026.08.23-20.26.04:208][  0]LogConfig: Setting CVar [[s.FlushStreamingOnExit:1]]
[2026.08.23-20.26.04:208][  0]LogConfig: Applying CVar settings from Section [/Script/Engine.GarbageCollectionSettings] File [D:/GameProgramming/BrackeysGameJam/Brackeys-2026/BrackeysJam2026/Saved/Config/Windows/Engine.ini]
[2026.08.23-20.26.04:208][  0]LogConfig: Setting CVar [[gc.MaxObjectsNotConsideredByGC:1]]
[2026.08.23-20.26.04:208][  0]LogConfig: Setting CVar [[gc.SizeOfPermanentObjectPool:0]]
[2026.08.23-20.26.04:208][  0]LogConfig: Setting CVar [[gc.FlushStreamingOnGC:0]]
[2026.08.23-20.26.04:208][  0]LogConfig: Setting CVar [[gc.NumRetriesBeforeForcingGC:10]]
[2026.08.23-20.26.04:208][  0]LogConfig: Setting CVar [[gc.AllowParallelGC:1]]
[2026.08.23-20.26.04:208][  0]LogConfig: Setting CVar [[gc.TimeBetweenPurgingPendingKillObjects:61.1]]
[2026.08.23-20.26.04:208][  0]LogConfig: Setting CVar [[gc.MaxObjectsInEditor:25165824]]
[2026.08.23-20.26.04:208][  0]LogConfig: Setting CVar [[gc.IncrementalBeginDestroyEnabled:1]]
[2026.08.23-20.26.04:208][  0]LogConfig: Setting CVar [[gc.CreateGCClusters:1]]
[2026.08.23-20.26.04:208][  0]LogConfig: Setting CVar [[gc.MinGCClusterSize:5]]
[2026.08.23-20.26.04:208][  0]LogConfig: Setting CVar [[gc.ActorClusteringEnabled:0]]
[2026.08.23-20.26.04:208][  0]LogConfig: Setting CVar [[gc.BlueprintClusteringEnabled:0]]
[2026.08.23-20.26.04:208][  0]LogConfig: Setting CVar [[gc.UseDisregardForGCOnDedicatedServers:0]]
[2026.08.23-20.26.04:208][  0]LogConfig: Setting CVar [[gc.MultithreadedDestructionEnabled:1]]
[2026.08.23-20.26.04:208][  0]LogConfig: Applying CVar settings from Section [/Script/Engine.NetworkSettings] File [D:/GameProgramming/BrackeysGameJam/Brackeys-2026/BrackeysJam2026/Saved/Config/Windows/Engine.ini]
[2026.08.23-20.26.04:208][  0]LogConfig: Applying CVar settings from Section [/Script/UnrealEd.CookerSettings] File [D:/GameProgramming/BrackeysGameJam/Brackeys-2026/BrackeysJam2026/Saved/Config/Windows/Engine.ini]
[2026.08.23-20.26.04:216][  0]LogConfig: Applying CVar settings from Section [ViewDistanceQuality@3] File [D:/GameProgramming/BrackeysGameJam/Brackeys-2026/BrackeysJam2026/Saved/Config/Windows/Scalability.ini]
[2026.08.23-20.26.04:216][  0]LogConfig: Setting CVar [[r.SkeletalMeshLODBias:0]]
[2026.08.23-20.26.04:216][  0]LogConfig: Setting CVar [[r.ViewDistanceScale:1.0]]
[2026.08.23-20.26.04:216][  0]LogConfig: Applying CVar settings from Section [AntiAliasingQuality@3] File [D:/GameProgramming/BrackeysGameJam/Brackeys-2026/BrackeysJam2026/Saved/Config/Windows/Scalability.ini]
[2026.08.23-20.26.04:216][  0]LogConfig: Setting CVar [[r.PostProcessAAQuality:4]]
[2026.08.23-20.26.04:216][  0]LogConfig: Applying CVar settings from Section [ShadowQuality@3] File [D:/GameProgramming/BrackeysGameJam/Brackeys-2026/BrackeysJam2026/Saved/Config/Windows/Scalability.ini]
[2026.08.23-20.26.04:216][  0]LogConfig: Setting CVar [[r.LightFunctionQuality:1]]
[2026.08.23-20.26.04:216][  0]LogConfig: Setting CVar [[r.ShadowQuality:5]]
[2026.08.23-20.26.04:216][  0]LogConfig: Setting CVar [[r.Shadow.CSM.MaxCascades:10]]
[2026.08.23-20.26.04:216][  0]LogConfig: Setting CVar [[r.Shadow.MaxResolution:2048]]
[2026.08.23-20.26.04:216][  0]LogConfig: Setting CVar [[r.Shadow.MaxCSMResolution:2048]]
[2026.08.23-20.26.04:216][  0]LogConfig: Setting CVar [[r.Shadow.RadiusThreshold:0.01]]
[2026.08.23-20.26.04:216][  0]LogConfig: Setting CVar [[r.Shadow.DistanceScale:1.0]]
[2026.08.23-20.26.04:216][  0]LogConfig: Setting CVar [[r.Shadow.CSM.TransitionScale:1.0]]
[2026.08.23-20.26.04:216][  0]LogConfig: Setting CVar [[r.Shadow.PreShadowResolutionFactor:1.0]]
[2026.08.23-20.26.04:216][  0]LogConfig: Setting CVar [[r.DistanceFieldShadowing:1]]
[2026.08.23-20.26.04:216][  0]LogConfig: Setting CVar [[r.DistanceFieldAO:1]]
[2026.08.23-20.26.04:216][  0]LogConfig: Setting CVar [[r.AOQuality:2]]
[2026.08.23-20.26.04:216][  0]LogConfig: Setting CVar [[r.VolumetricFog:1]]
[2026.08.23-20.26.04:216][  0]LogConfig: Setting CVar [[r.VolumetricFog.GridPixelSize:8]]
[2026.08.23-20.26.04:216][  0]LogConfig: Setting CVar [[r.VolumetricFog.GridSizeZ:128]]
[2026.08.23-20.26.04:216][  0]LogConfig: Setting CVar [[r.VolumetricFog.HistoryMissSupersampleCount:4]]
[2026.08.23-20.26.04:216][  0]LogConfig: Setting CVar [[r.LightMaxDrawDistanceScale:1]]
[2026.08.23-20.26.04:216][  0]LogConfig: Setting CVar [[r.CapsuleShadows:1]]
[2026.08.23-20.26.04:216][  0]LogConfig: Applying CVar settings from Section [PostProcessQuality@3] File [D:/GameProgramming/BrackeysGameJam/Brackeys-2026/BrackeysJam2026/Saved/Config/Windows/Scalability.ini]
[2026.08.23-20.26.04:216][  0]LogConfig: Setting CVar [[r.MotionBlurQuality:4]]
[2026.08.23-20.26.04:216][  0]LogConfig: Setting CVar [[r.AmbientOcclusionMipLevelFactor:0.4]]
[2026.08.23-20.26.04:216][  0]LogConfig: Setting CVar [[r.AmbientOcclusionMaxQuality:100]]
[2026.08.23-20.26.04:216][  0]LogConfig: Setting CVar [[r.AmbientOcclusionLevels:-1]]
[2026.08.23-20.26.04:216][  0]LogConfig: Setting CVar [[r.AmbientOcclusionRadiusScale:1.0]]
[2026.08.23-20.26.04:216][  0]LogConfig: Setting CVar [[r.DepthOfFieldQuality:2]]
[2026.08.23-20.26.04:216][  0]LogConfig: Setting CVar [[r.RenderTargetPoolMin:400]]
[2026.08.23-20.26.04:216][  0]LogConfig: Setting CVar [[r.LensFlareQuality:2]]
[2026.08.23-20.26.04:216][  0]LogConfig: Setting CVar [[r.SceneColorFringeQuality:1]]
[2026.08.23-20.26.04:216][  0]LogConfig: Setting CVar [[r.EyeAdaptationQuality:2]]
[2026.08.23-20.26.04:216][  0]LogConfig: Setting CVar [[r.BloomQuality:5]]
[2026.08.23-20.26.04:216][  0]LogConfig: Setting CVar [[r.FastBlurThreshold:100]]
[2026.08.23-20.26.04:216][  0]LogConfig: Setting CVar [[r.Upscale.Quality:3]]
[2026.08.23-20.26.04:216][  0]LogConfig: Setting CVar [[r.Tonemapper.GrainQuantization:1]]
[2026.08.23-20.26.04:216][  0]LogConfig: Setting CVar [[r.LightShaftQuality:1]]
[2026.08.23-20.26.04:216][  0]LogConfig: Setting CVar [[r.Filter.SizeScale:1]]
[2026.08.23-20.26.04:216][  0]LogConfig: Setting CVar [[r.Tonemapper.Quality:5]]
[2026.08.23-20.26.04:216][  0]LogConfig: Setting CVar [[r.DOF.Gather.AccumulatorQuality:1        ; higher gathering accumulator quality]]
[2026.08.23-20.26.04:216][  0]LogConfig: Setting CVar [[r.DOF.Gather.PostfilterMethod:1          ; Median3x3 postfilering method]]
[2026.08.23-20.26.04:216][  0]LogConfig: Setting CVar [[r.DOF.Gather.EnableBokehSettings:0       ; no bokeh simulation when gathering]]
[2026.08.23-20.26.04:216][  0]LogConfig: Setting CVar [[r.DOF.Gather.RingCount:4                 ; medium number of samples when gathering]]
[2026.08.23-20.26.04:216][  0]LogConfig: Setting CVar [[r.DOF.Scatter.ForegroundCompositing:1    ; additive foreground scattering]]
[2026.08.23-20.26.04:216][  0]LogConfig: Setting CVar [[r.DOF.Scatter.BackgroundCompositing:2    ; additive background scattering]]
[2026.08.23-20.26.04:216][  0]LogConfig: Setting CVar [[r.DOF.Scatter.EnableBokehSettings:1      ; bokeh simulation when scattering]]
[2026.08.23-20.26.04:216][  0]LogConfig: Setting CVar [[r.DOF.Scatter.MaxSpriteRatio:0.1         ; only a maximum of 10% of scattered bokeh]]
[2026.08.23-20.26.04:216][  0]LogConfig: Setting CVar [[r.DOF.Recombine.Quality:1                ; cheap slight out of focus]]
[2026.08.23-20.26.04:216][  0]LogConfig: Setting CVar [[r.DOF.Recombine.EnableBokehSettings:0    ; no bokeh simulation on slight out of focus]]
[2026.08.23-20.26.04:216][  0]LogConfig: Setting CVar [[r.DOF.TemporalAAQuality:1                ; more stable temporal accumulation]]
[2026.08.23-20.26.04:217][  0]LogConfig: Setting CVar [[r.DOF.Kernel.MaxForegroundRadius:0.025]]
[2026.08.23-20.26.04:217][  0]LogConfig: Setting CVar [[r.DOF.Kernel.MaxBackgroundRadius:0.025]]
[2026.08.23-20.26.04:217][  0]LogConfig: Applying CVar settings from Section [TextureQuality@3] File [D:/GameProgramming/BrackeysGameJam/Brackeys-2026/BrackeysJam2026/Saved/Config/Windows/Scalability.ini]
[2026.08.23-20.26.04:217][  0]LogConfig: Setting CVar [[r.Streaming.MipBias:0]]
[2026.08.23-20.26.04:217][  0]LogConfig: Setting CVar [[r.Streaming.AmortizeCPUToGPUCopy:0]]
[2026.08.23-20.26.04:217][  0]LogConfig: Setting CVar [[r.Streaming.MaxNumTexturesToStreamPerFrame:0]]
[2026.08.23-20.26.04:217][  0]LogConfig: Setting CVar [[r.Streaming.Boost:1]]
[2026.08.23-20.26.04:217][  0]LogConfig: Setting CVar [[r.MaxAnisotropy:8]]
[2026.08.23-20.26.04:217][  0]LogConfig: Setting CVar [[r.VT.MaxAnisotropy:8]]
[2026.08.23-20.26.04:217][  0]LogConfig: Setting CVar [[r.Streaming.LimitPoolSizeToVRAM:0]]
[2026.08.23-20.26.04:217][  0]LogConfig: Setting CVar [[r.Streaming.PoolSize:1000]]
[2026.08.23-20.26.04:217][  0]LogConfig: Setting CVar [[r.Streaming.MaxEffectiveScreenSize:0]]
[2026.08.23-20.26.04:217][  0]LogConfig: Applying CVar settings from Section [EffectsQuality@3] File [D:/GameProgramming/BrackeysGameJam/Brackeys-2026/BrackeysJam2026/Saved/Config/Windows/Scalability.ini]
[2026.08.23-20.26.04:217][  0]LogConfig: Setting CVar [[r.TranslucencyLightingVolumeDim:64]]
[2026.08.23-20.26.04:217][  0]LogConfig: Setting CVar [[r.RefractionQuality:2]]
[2026.08.23-20.26.04:217][  0]LogConfig: Setting CVar [[r.SSR.Quality:3]]
[2026.08.23-20.26.04:217][  0]LogConfig: Setting CVar [[r.SSR.HalfResSceneColor:0]]
[2026.08.23-20.26.04:217][  0]LogConfig: Setting CVar [[r.SceneColorFormat:4]]
[2026.08.23-20.26.04:217][  0]LogConfig: Setting CVar [[r.DetailMode:2]]
[2026.08.23-20.26.04:217][  0]LogConfig: Setting CVar [[r.TranslucencyVolumeBlur:1]]
[2026.08.23-20.26.04:217][  0]LogConfig: Setting CVar [[r.MaterialQualityLevel:1 ; High quality]]
[2026.08.23-20.26.04:217][  0]LogConfig: Setting CVar [[r.AnisotropicMaterials:1]]
[2026.08.23-20.26.04:217][  0]LogConfig: Setting CVar [[r.SSS.Scale:1]]
[2026.08.23-20.26.04:217][  0]LogConfig: Setting CVar [[r.SSS.SampleSet:2]]
[2026.08.23-20.26.04:217][  0]LogConfig: Setting CVar [[r.SSS.Quality:1]]
[2026.08.23-20.26.04:217][  0]LogConfig: Setting CVar [[r.SSS.HalfRes:0]]
[2026.08.23-20.26.04:217][  0]LogConfig: Setting CVar [[r.SSGI.Quality:3]]
[2026.08.23-20.26.04:217][  0]LogConfig: Setting CVar [[r.EmitterSpawnRateScale:1.0]]
[2026.08.23-20.26.04:217][  0]LogConfig: Setting CVar [[r.ParticleLightQuality:2]]
[2026.08.23-20.26.04:217][  0]LogConfig: Setting CVar [[r.SkyAtmosphere.AerialPerspectiveLUT.FastApplyOnOpaque:1 ; Always have FastSkyLUT 1 in this case to avoid wrong sky]]
[2026.08.23-20.26.04:217][  0]LogConfig: Setting CVar [[r.SkyAtmosphere.AerialPerspectiveLUT.SampleCountMaxPerSlice:4]]
[2026.08.23-20.26.04:217][  0]LogConfig: Setting CVar [[r.SkyAtmosphere.AerialPerspectiveLUT.DepthResolution:16.0]]
[2026.08.23-20.26.04:217][  0]LogConfig: Setting CVar [[r.SkyAtmosphere.FastSkyLUT:1]]
[2026.08.23-20.26.04:217][  0]LogConfig: Setting CVar [[r.SkyAtmosphere.FastSkyLUT.SampleCountMin:4.0]]
[2026.08.23-20.26.04:217][  0]LogConfig: Setting CVar [[r.SkyAtmosphere.FastSkyLUT.SampleCountMax:128.0]]
[2026.08.23-20.26.04:217][  0]LogConfig: Setting CVar [[r.SkyAtmosphere.SampleCountMin:4.0]]
[2026.08.23-20.26.04:217][  0]LogConfig: Setting CVar [[r.SkyAtmosphere.SampleCountMax:128.0]]
[2026.08.23-20.26.04:217][  0]LogConfig: Setting CVar [[r.SkyAtmosphere.TransmittanceLUT.UseSmallFormat:0]]
[2026.08.23-20.26.04:217][  0]LogConfig: Setting CVar [[r.SkyAtmosphere.TransmittanceLUT.SampleCount:10.0]]
[2026.08.23-20.26.04:217][  0]LogConfig: Setting CVar [[r.SkyAtmosphere.MultiScatteringLUT.SampleCount:15.0]]
[2026.08.23-20.26.04:217][  0]LogConfig: Setting CVar [[r.SkyLight.RealTimeReflectionCapture:1]]
[2026.08.23-20.26.04:217][  0]LogConfig: Applying CVar settings from Section [FoliageQuality@3] File [D:/GameProgramming/BrackeysGameJam/Brackeys-2026/BrackeysJam2026/Saved/Config/Windows/Scalability.ini]
[2026.08.23-20.26.04:217][  0]LogConfig: Setting CVar [[foliage.DensityScale:1.0]]
[2026.08.23-20.26.04:217][  0]LogConfig: Setting CVar [[grass.DensityScale:1.0]]
[2026.08.23-20.26.04:217][  0]LogConfig: Applying CVar settings from Section [ShadingQuality@3] File [D:/GameProgramming/BrackeysGameJam/Brackeys-2026/BrackeysJam2026/Saved/Config/Windows/Scalability.ini]
[2026.08.23-20.26.04:217][  0]LogConfig: Setting CVar [[r.HairStrands.SkyLighting.IntegrationType:2]]
[2026.08.23-20.26.04:217][  0]LogConfig: Setting CVar [[r.HairStrands.SkyAO.SampleCount:4]]
[2026.08.23-20.26.04:217][  0]LogConfig: Setting CVar [[r.HairStrands.Visibility.MSAA.SamplePerPixel:4]]
[2026.08.23-20.26.04:217][  0]LogInit: Selected Device Profile: [Windows]
[2026.08.23-20.26.04:217][  0]LogInit: Applying CVar settings loaded from the selected device profile: [Windows]
[2026.08.23-20.26.04:217][  0]LogHAL: Display: Platform has ~ 14 GB [14920806400 / 17179869184 / 14], which maps to Larger [LargestMinGB=32, LargerMinGB=12, DefaultMinGB=8, SmallerMinGB=6, SmallestMinGB=0)
[2026.08.23-20.26.04:217][  0]LogInit: Going up to parent DeviceProfile []
[2026.08.23-20.26.04:217][  0]LogConfig: Applying CVar settings from Section [ViewDistanceQuality@3] File [D:/GameProgramming/BrackeysGameJam/Brackeys-2026/BrackeysJam2026/Saved/Config/Windows/Scalability.ini]
[2026.08.23-20.26.04:217][  0]LogConfig: Setting CVar [[r.SkeletalMeshLODBias:0]]
[2026.08.23-20.26.04:217][  0]LogConfig: Setting CVar [[r.ViewDistanceScale:1.0]]
[2026.08.23-20.26.04:217][  0]LogConfig: Applying CVar settings from Section [AntiAliasingQuality@3] File [D:/GameProgramming/BrackeysGameJam/Brackeys-2026/BrackeysJam2026/Saved/Config/Windows/Scalability.ini]
[2026.08.23-20.26.04:217][  0]LogConfig: Setting CVar [[r.PostProcessAAQuality:4]]
[2026.08.23-20.26.04:217][  0]LogConfig: Applying CVar settings from Section [ShadowQuality@3] File [D:/GameProgramming/BrackeysGameJam/Brackeys-2026/BrackeysJam2026/Saved/Config/Windows/Scalability.ini]
[2026.08.23-20.26.04:217][  0]LogConfig: Setting CVar [[r.LightFunctionQuality:1]]
[2026.08.23-20.26.04:217][  0]LogConfig: Setting CVar [[r.ShadowQuality:5]]
[2026.08.23-20.26.04:217][  0]LogConfig: Setting CVar [[r.Shadow.CSM.MaxCascades:10]]
[2026.08.23-20.26.04:217][  0]LogConfig: Setting CVar [[r.Shadow.MaxResolution:2048]]
[2026.08.23-20.26.04:217][  0]LogConfig: Setting CVar [[r.Shadow.MaxCSMResolution:2048]]
[2026.08.23-20.26.04:217][  0]LogConfig: Setting CVar [[r.Shadow.RadiusThreshold:0.01]]
[2026.08.23-20.26.04:217][  0]LogConfig: Setting CVar [[r.Shadow.DistanceScale:1.0]]
[2026.08.23-20.26.04:217][  0]LogConfig: Setting CVar [[r.Shadow.CSM.TransitionScale:1.0]]
[2026.08.23-20.26.04:217][  0]LogConfig: Setting CVar [[r.Shadow.PreShadowResolutionFactor:1.0]]
[2026.08.23-20.26.04:217][  0]LogConfig: Setting CVar [[r.DistanceFieldShadowing:1]]
[2026.08.23-20.26.04:217][  0]LogConfig: Setting CVar [[r.DistanceFieldAO:1]]
[2026.08.23-20.26.04:217][  0]LogConfig: Setting CVar [[r.AOQuality:2]]
[2026.08.23-20.26.04:217][  0]LogConfig: Setting CVar [[r.VolumetricFog:1]]
[2026.08.23-20.26.04:217][  0]LogConfig: Setting CVar [[r.VolumetricFog.GridPixelSize:8]]
[2026.08.23-20.26.04:217][  0]LogConfig: Setting CVar [[r.VolumetricFog.GridSizeZ:128]]
[2026.08.23-20.26.04:217][  0]LogConfig: Setting CVar [[r.VolumetricFog.HistoryMissSupersampleCount:4]]
[2026.08.23-20.26.04:217][  0]LogConfig: Setting CVar [[r.LightMaxDrawDistanceScale:1]]
[2026.08.23-20.26.04:217][  0]LogConfig: Setting CVar [[r.CapsuleShadows:1]]
[2026.08.23-20.26.04:217][  0]LogConfig: Applying CVar settings from Section [PostProcessQuality@3] File [D:/GameProgramming/BrackeysGameJam/Brackeys-2026/BrackeysJam2026/Saved/Config/Windows/Scalability.ini]
[2026.08.23-20.26.04:217][  0]LogConfig: Setting CVar [[r.MotionBlurQuality:4]]
[2026.08.23-20.26.04:217][  0]LogConfig: Setting CVar [[r.AmbientOcclusionMipLevelFactor:0.4]]
[2026.08.23-20.26.04:217][  0]LogConfig: Setting CVar [[r.AmbientOcclusionMaxQuality:100]]
[2026.08.23-20.26.04:217][  0]LogConfig: Setting CVar [[r.AmbientOcclusionLevels:-1]]
[2026.08.23-20.26.04:217][  0]LogConfig: Setting CVar [[r.AmbientOcclusionRadiusScale:1.0]]
[2026.08.23-20.26.04:217][  0]LogConfig: Setting CVar [[r.DepthOfFieldQuality:2]]
[2026.08.23-20.26.04:217][  0]LogConfig: Setting CVar [[r.RenderTargetPoolMin:400]]
[2026.08.23-20.26.04:217][  0]LogConfig: Setting CVar [[r.LensFlareQuality:2]]
[2026.08.23-20.26.04:217][  0]LogConfig: Setting CVar [[r.SceneColorFringeQuality:1]]
[2026.08.23-20.26.04:217][  0]LogConfig: Setting CVar [[r.EyeAdaptationQuality:2]]
[2026.08.23-20.26.04:217][  0]LogConfig: Setting CVar [[r.BloomQuality:5]]
[2026.08.23-20.26.04:217][  0]LogConfig: Setting CVar [[r.FastBlurThreshold:100]]
[2026.08.23-20.26.04:217][  0]LogConfig: Setting CVar [[r.Upscale.Quality:3]]
[2026.08.23-20.26.04:217][  0]LogConfig: Setting CVar [[r.Tonemapper.GrainQuantization:1]]
[2026.08.23-20.26.04:217][  0]LogConfig: Setting CVar [[r.LightShaftQuality:1]]
[2026.08.23-20.26.04:217][  0]LogConfig: Setting CVar [[r.Filter.SizeScale:1]]
[2026.08.23-20.26.04:217][  0]LogConfig: Setting CVar [[r.Tonemapper.Quality:5]]
[2026.08.23-20.26.04:217][  0]LogConfig: Setting CVar [[r.DOF.Gather.AccumulatorQuality:1        ; higher gathering accumulator quality]]
[2026.08.23-20.26.04:217][  0]LogConfig: Setting CVar [[r.DOF.Gather.PostfilterMethod:1          ; Median3x3 postfilering method]]
[2026.08.23-20.26.04:217][  0]LogConfig: Setting CVar [[r.DOF.Gather.EnableBokehSettings:0       ; no bokeh simulation when gathering]]
[2026.08.23-20.26.04:217][  0]LogConfig: Setting CVar [[r.DOF.Gather.RingCount:4                 ; medium number of samples when gathering]]
[2026.08.23-20.26.04:217][  0]LogConfig: Setting CVar [[r.DOF.Scatter.ForegroundCompositing:1    ; additive foreground scattering]]
[2026.08.23-20.26.04:217][  0]LogConfig: Setting CVar [[r.DOF.Scatter.BackgroundCompositing:2    ; additive background scattering]]
[2026.08.23-20.26.04:217][  0]LogConfig: Setting CVar [[r.DOF.Scatter.EnableBokehSettings:1      ; bokeh simulation when scattering]]
[2026.08.23-20.26.04:217][  0]LogConfig: Setting CVar [[r.DOF.Scatter.MaxSpriteRatio:0.1         ; only a maximum of 10% of scattered bokeh]]
[2026.08.23-20.26.04:217][  0]LogConfig: Setting CVar [[r.DOF.Recombine.Quality:1                ; cheap slight out of focus]]
[2026.08.23-20.26.04:217][  0]LogConfig: Setting CVar [[r.DOF.Recombine.EnableBokehSettings:0    ; no bokeh simulation on slight out of focus]]
[2026.08.23-20.26.04:217][  0]LogConfig: Setting CVar [[r.DOF.TemporalAAQuality:1                ; more stable temporal accumulation]]
[2026.08.23-20.26.04:217][  0]LogConfig: Setting CVar [[r.DOF.Kernel.MaxForegroundRadius:0.025]]
[2026.08.23-20.26.04:217][  0]LogConfig: Setting CVar [[r.DOF.Kernel.MaxBackgroundRadius:0.025]]
[2026.08.23-20.26.04:217][  0]LogConfig: Applying CVar settings from Section [TextureQuality@3] File [D:/GameProgramming/BrackeysGameJam/Brackeys-2026/BrackeysJam2026/Saved/Config/Windows/Scalability.ini]
[2026.08.23-20.26.04:217][  0]LogConfig: Setting CVar [[r.Streaming.MipBias:0]]
[2026.08.23-20.26.04:217][  0]LogConfig: Setting CVar [[r.Streaming.AmortizeCPUToGPUCopy:0]]
[2026.08.23-20.26.04:217][  0]LogConfig: Setting CVar [[r.Streaming.MaxNumTexturesToStreamPerFrame:0]]
[2026.08.23-20.26.04:217][  0]LogConfig: Setting CVar [[r.Streaming.Boost:1]]
[2026.08.23-20.26.04:217][  0]LogConfig: Setting CVar [[r.MaxAnisotropy:8]]
[2026.08.23-20.26.04:217][  0]LogConfig: Setting CVar [[r.VT.MaxAnisotropy:8]]
[2026.08.23-20.26.04:217][  0]LogConfig: Setting CVar [[r.Streaming.LimitPoolSizeToVRAM:0]]
[2026.08.23-20.26.04:217][  0]LogConfig: Setting CVar [[r.Streaming.PoolSize:1000]]
[2026.08.23-20.26.04:217][  0]LogConfig: Setting CVar [[r.Streaming.MaxEffectiveScreenSize:0]]
[2026.08.23-20.26.04:218][  0]LogConfig: Applying CVar settings from Section [EffectsQuality@3] File [D:/GameProgramming/BrackeysGameJam/Brackeys-2026/BrackeysJam2026/Saved/Config/Windows/Scalability.ini]
[2026.08.23-20.26.04:218][  0]LogConfig: Setting CVar [[r.TranslucencyLightingVolumeDim:64]]
[2026.08.23-20.26.04:218][  0]LogConfig: Setting CVar [[r.RefractionQuality:2]]
[2026.08.23-20.26.04:218][  0]LogConfig: Setting CVar [[r.SSR.Quality:3]]
[2026.08.23-20.26.04:218][  0]LogConfig: Setting CVar [[r.SSR.HalfResSceneColor:0]]
[2026.08.23-20.26.04:218][  0]LogConfig: Setting CVar [[r.SceneColorFormat:4]]
[2026.08.23-20.26.04:218][  0]LogConfig: Setting CVar [[r.DetailMode:2]]
[2026.08.23-20.26.04:218][  0]LogConfig: Setting CVar [[r.TranslucencyVolumeBlur:1]]
[2026.08.23-20.26.04:218][  0]LogConfig: Setting CVar [[r.MaterialQualityLevel:1 ; High quality]]
[2026.08.23-20.26.04:218][  0]LogConfig: Setting CVar [[r.AnisotropicMaterials:1]]
[2026.08.23-20.26.04:218][  0]LogConfig: Setting CVar [[r.SSS.Scale:1]]
[2026.08.23-20.26.04:218][  0]LogConfig: Setting CVar [[r.SSS.SampleSet:2]]
[2026.08.23-20.26.04:218][  0]LogConfig: Setting CVar [[r.SSS.Quality:1]]
[2026.08.23-20.26.04:218][  0]LogConfig: Setting CVar [[r.SSS.HalfRes:0]]
[2026.08.23-20.26.04:218][  0]LogConfig: Setting CVar [[r.SSGI.Quality:3]]
[2026.08.23-20.26.04:218][  0]LogConfig: Setting CVar [[r.EmitterSpawnRateScale:1.0]]
[2026.08.23-20.26.04:218][  0]LogConfig: Setting CVar [[r.ParticleLightQuality:2]]
[2026.08.23-20.26.04:218][  0]LogConfig: Setting CVar [[r.SkyAtmosphere.AerialPerspectiveLUT.FastApplyOnOpaque:1 ; Always have FastSkyLUT 1 in this case to avoid wrong sky]]
[2026.08.23-20.26.04:218][  0]LogConfig: Setting CVar [[r.SkyAtmosphere.AerialPerspectiveLUT.SampleCountMaxPerSlice:4]]
[2026.08.23-20.26.04:218][  0]LogConfig: Setting CVar [[r.SkyAtmosphere.AerialPerspectiveLUT.DepthResolution:16.0]]
[2026.08.23-20.26.04:218][  0]LogConfig: Setting CVar [[r.SkyAtmosphere.FastSkyLUT:1]]
[2026.08.23-20.26.04:218][  0]LogConfig: Setting CVar [[r.SkyAtmosphere.FastSkyLUT.SampleCountMin:4.0]]
[2026.08.23-20.26.04:218][  0]LogConfig: Setting CVar [[r.SkyAtmosphere.FastSkyLUT.SampleCountMax:128.0]]
[2026.08.23-20.26.04:218][  0]LogConfig: Setting CVar [[r.SkyAtmosphere.SampleCountMin:4.0]]
[2026.08.23-20.26.04:218][  0]LogConfig: Setting CVar [[r.SkyAtmosphere.SampleCountMax:128.0]]
[2026.08.23-20.26.04:218][  0]LogConfig: Setting CVar [[r.SkyAtmosphere.TransmittanceLUT.UseSmallFormat:0]]
[2026.08.23-20.26.04:218][  0]LogConfig: Setting CVar [[r.SkyAtmosphere.TransmittanceLUT.SampleCount:10.0]]
[2026.08.23-20.26.04:218][  0]LogConfig: Setting CVar [[r.SkyAtmosphere.MultiScatteringLUT.SampleCount:15.0]]
[2026.08.23-20.26.04:218][  0]LogConfig: Setting CVar [[r.SkyLight.RealTimeReflectionCapture:1]]
[2026.08.23-20.26.04:218][  0]LogConfig: Applying CVar settings from Section [FoliageQuality@3] File [D:/GameProgramming/BrackeysGameJam/Brackeys-2026/BrackeysJam2026/Saved/Config/Windows/Scalability.ini]
[2026.08.23-20.26.04:218][  0]LogConfig: Setting CVar [[foliage.DensityScale:1.0]]
[2026.08.23-20.26.04:218][  0]LogConfig: Setting CVar [[grass.DensityScale:1.0]]
[2026.08.23-20.26.04:218][  0]LogConfig: Applying CVar settings from Section [ShadingQuality@3] File [D:/GameProgramming/BrackeysGameJam/Brackeys-2026/BrackeysJam2026/Saved/Config/Windows/Scalability.ini]
[2026.08.23-20.26.04:218][  0]LogConfig: Setting CVar [[r.HairStrands.SkyLighting.IntegrationType:2]]
[2026.08.23-20.26.04:218][  0]LogConfig: Setting CVar [[r.HairStrands.SkyAO.SampleCount:4]]
[2026.08.23-20.26.04:218][  0]LogConfig: Setting CVar [[r.HairStrands.Visibility.MSAA.SamplePerPixel:4]]
[2026.08.23-20.26.04:218][  0]LogConfig: Applying CVar settings from Section [Startup] File [../../../Engine/Config/ConsoleVariables.ini]
[2026.08.23-20.26.04:218][  0]LogConfig: Setting CVar [[net.UseAdaptiveNetUpdateFrequency:0]]
[2026.08.23-20.26.04:218][  0]LogConfig: Setting CVar [[p.chaos.AllowCreatePhysxBodies:1]]
[2026.08.23-20.26.04:218][  0]LogConfig: Setting CVar [[fx.SkipVectorVMBackendOptimizations:1]]
[2026.08.23-20.26.04:218][  0]LogConfig: Applying CVar settings from Section [ConsoleVariables] File [D:/GameProgramming/BrackeysGameJam/Brackeys-2026/BrackeysJam2026/Saved/Config/Windows/Engine.ini]
[2026.08.23-20.26.04:218][  0]LogConfig: Applying CVar settings from Section [ConsoleVariables] File [D:/GameProgramming/BrackeysGameJam/Brackeys-2026/BrackeysJam2026/Saved/Config/Windows/Editor.ini]
[2026.08.23-20.26.04:218][  0]LogInit: Computer: SEBASTIANGMRPC
[2026.08.23-20.26.04:218][  0]LogInit: User: sebas
[2026.08.23-20.26.04:218][  0]LogInit: CPU Page size=4096, Cores=8
[2026.08.23-20.26.04:218][  0]LogInit: High frequency timer resolution =10.000000 MHz
[2026.08.23-20.26.04:218][  0]LogMemory: Memory total: Physical=13.9GB (14GB approx)
[2026.08.23-20.26.04:218][  0]LogMemory: Platform Memory Stats for Windows
[2026.08.23-20.26.04:218][  0]LogMemory: Process Physical Memory: 150.97 MB used, 150.97 MB peak
[2026.08.23-20.26.04:218][  0]LogMemory: Process Virtual Memory: 129.60 MB used, 129.60 MB peak
[2026.08.23-20.26.04:218][  0]LogMemory: Physical Memory: 10412.00 MB used,  3817.59 MB free, 14229.59 MB total
[2026.08.23-20.26.04:218][  0]LogMemory: Virtual Memory: 134215264.00 MB used,  2466.35 MB free, 134217728.00 MB total
[2026.08.23-20.26.04:225][  0]LogWindows: WindowsPlatformFeatures enabled
[2026.08.23-20.26.04:248][  0]LogInit: Physics initialised using underlying interface: PhysX
[2026.08.23-20.26.04:249][  0]LogInit: Using OS detected language (en-US).
[2026.08.23-20.26.04:249][  0]LogInit: Using OS detected locale (es-419).
[2026.08.23-20.26.04:251][  0]LogTextLocalizationManager: No specific localization for 'en-US' exists, so the 'en' localization will be used.
[2026.08.23-20.26.04:415][  0]LogInit: Setting process to per monitor DPI aware
[2026.08.23-20.26.04:424][  0]LogWindowsTextInputMethodSystem: Display: IME system deactivated.
[2026.08.23-20.26.04:437][  0]LogSlate: New Slate User Created.  User Index 0, Is Virtual User: 0
[2026.08.23-20.26.04:437][  0]LogSlate: Slate User Registered.  User Index 0, Is Virtual User: 0
[2026.08.23-20.26.04:619][  0]LogD3D11RHI: Loaded GFSDK_Aftermath_Lib.x64.dll
[2026.08.23-20.26.04:628][  0]LogHMD: Failed to initialize OpenVR with code 110
[2026.08.23-20.26.04:628][  0]LogD3D11RHI: D3D11 min allowed feature level: 11_0
[2026.08.23-20.26.04:628][  0]LogD3D11RHI: D3D11 max allowed feature level: 11_0
[2026.08.23-20.26.04:628][  0]LogD3D11RHI: D3D11 adapters:
[2026.08.23-20.26.04:674][  0]LogD3D11RHI:    0. 'AMD Radeon(TM) Graphics' (Feature Level 11_0)
[2026.08.23-20.26.04:674][  0]LogD3D11RHI:       2031/0/7114 MB DedicatedVideo/DedicatedSystem/SharedSystem, Outputs:2, VendorId:0x1002
[2026.08.23-20.26.04:677][  0]LogD3D11RHI:    1. 'Microsoft Basic Render Driver' (Feature Level 11_0)
[2026.08.23-20.26.04:677][  0]LogD3D11RHI:       0/0/7114 MB DedicatedVideo/DedicatedSystem/SharedSystem, Outputs:0, VendorId:0x1414
[2026.08.23-20.26.04:677][  0]LogD3D11RHI: Chosen D3D11 Adapter:
[2026.08.23-20.26.04:677][  0]LogD3D11RHI:     Description : AMD Radeon(TM) Graphics
[2026.08.23-20.26.04:677][  0]LogD3D11RHI:     VendorId    : 1002
[2026.08.23-20.26.04:677][  0]LogD3D11RHI:     DeviceId    : 1638
[2026.08.23-20.26.04:677][  0]LogD3D11RHI:     SubSysId    : 16361002
[2026.08.23-20.26.04:677][  0]LogD3D11RHI:     Revision    : 00c8
[2026.08.23-20.26.04:677][  0]LogD3D11RHI:     DedicatedVideoMemory : 2130460672 bytes
[2026.08.23-20.26.04:677][  0]LogD3D11RHI:     DedicatedSystemMemory : 0 bytes
[2026.08.23-20.26.04:677][  0]LogD3D11RHI:     SharedSystemMemory : 7460403200 bytes
[2026.08.23-20.26.04:677][  0]LogD3D11RHI:     AdapterLuid : 0 54580
[2026.08.23-20.26.04:682][  0]LogD3D11RHI: Creating new Direct3DDevice
[2026.08.23-20.26.04:682][  0]LogD3D11RHI:     GPU DeviceId: 0x1638 (for the marketing name, search the web for "GPU Device Id")
[2026.08.23-20.26.04:682][  0]LogWindows: EnumDisplayDevices:
[2026.08.23-20.26.04:682][  0]LogWindows:    0. 'AMD Radeon(TM) Graphics' (P:0 D:1)
[2026.08.23-20.26.04:683][  0]LogWindows:    1. 'AMD Radeon(TM) Graphics' (P:1 D:1)
[2026.08.23-20.26.04:683][  0]LogWindows:    2. 'AMD Radeon(TM) Graphics' (P:0 D:0)
[2026.08.23-20.26.04:684][  0]LogWindows:    3. 'AMD Radeon(TM) Graphics' (P:0 D:0)
[2026.08.23-20.26.04:684][  0]LogWindows:    4. 'AMD Radeon(TM) Graphics' (P:0 D:0)
[2026.08.23-20.26.04:684][  0]LogWindows: DebugString: FoundDriverCount:5 
[2026.08.23-20.26.04:684][  0]LogD3D11RHI:     Adapter Name: AMD Radeon(TM) Graphics
[2026.08.23-20.26.04:684][  0]LogD3D11RHI:   Driver Version: AMD Software: Adrenalin Edition 22.20.27.09 (internal:31.0.12027.9001, unified:31.0.12027.9001)
[2026.08.23-20.26.04:684][  0]LogD3D11RHI:      Driver Date: 3-30-2023
[2026.08.23-20.26.04:684][  0]LogRHI: Texture pool is 5903 MB (70% of 8433 MB)
[2026.08.23-20.26.04:712][  0]LogD3D11RHI: Creating D3DDevice with AMD AGS, using adapter:
[2026.08.23-20.26.04:712][  0]LogD3D11RHI:     Description : AMD Radeon(TM) Graphics
[2026.08.23-20.26.04:712][  0]LogD3D11RHI:     VendorId    : 1002
[2026.08.23-20.26.04:712][  0]LogD3D11RHI:     DeviceId    : 1638
[2026.08.23-20.26.04:712][  0]LogD3D11RHI:     SubSysId    : 16361002
[2026.08.23-20.26.04:712][  0]LogD3D11RHI:     Revision    : 00c8
[2026.08.23-20.26.04:712][  0]LogD3D11RHI:     DedicatedVideoMemory : 2130460672 bytes
[2026.08.23-20.26.04:712][  0]LogD3D11RHI:     DedicatedSystemMemory : 0 bytes
[2026.08.23-20.26.04:712][  0]LogD3D11RHI:     SharedSystemMemory : 7460403200 bytes
[2026.08.23-20.26.04:712][  0]LogD3D11RHI:     AdapterLuid : 0 54580
[2026.08.23-20.26.04:761][  0]LogD3D11RHI: Created device via AGS, feature level 11_0, supported extensions 1fffffbf.
[2026.08.23-20.26.04:761][  0]LogD3D11RHI: RHI has support for 64 bit atomics
[2026.08.23-20.26.04:761][  0]LogD3D11RHI: Async texture creation enabled
[2026.08.23-20.26.04:761][  0]LogD3D11RHI: Array index from any shader is supported
[2026.08.23-20.26.04:772][  0]LogD3D11RHI: GPU Timing Frequency: 100.000000 (Debug: 2 1)
[2026.08.23-20.26.05:011][  0]LogTargetPlatformManager: Display: Loaded TargetPlatform 'AllDesktop'
[2026.08.23-20.26.05:028][  0]LogTargetPlatformManager: Display: Loaded TargetPlatform 'Android'
[2026.08.23-20.26.05:028][  0]LogTargetPlatformManager: Display: Loaded TargetPlatform 'Android_ASTC'
[2026.08.23-20.26.05:028][  0]LogTargetPlatformManager: Display: Loaded TargetPlatform 'Android_DXT'
[2026.08.23-20.26.05:028][  0]LogTargetPlatformManager: Display: Loaded TargetPlatform 'Android_ETC2'
[2026.08.23-20.26.05:028][  0]LogTargetPlatformManager: Display: Loaded TargetPlatform 'AndroidClient'
[2026.08.23-20.26.05:028][  0]LogTargetPlatformManager: Display: Loaded TargetPlatform 'Android_ASTCClient'
[2026.08.23-20.26.05:028][  0]LogTargetPlatformManager: Display: Loaded TargetPlatform 'Android_DXTClient'
[2026.08.23-20.26.05:028][  0]LogTargetPlatformManager: Display: Loaded TargetPlatform 'Android_ETC2Client'
[2026.08.23-20.26.05:028][  0]LogTargetPlatformManager: Display: Loaded TargetPlatform 'Android_Multi'
[2026.08.23-20.26.05:028][  0]LogTargetPlatformManager: Display: Loaded TargetPlatform 'Android_MultiClient'
[2026.08.23-20.26.05:045][  0]LogTargetPlatformManager: Display: Loaded TargetPlatform 'IOSClient'
[2026.08.23-20.26.05:045][  0]LogTargetPlatformManager: Display: Loaded TargetPlatform 'IOS'
[2026.08.23-20.26.05:054][  0]LogTargetPlatformManager: Display: Loaded TargetPlatform 'Linux'
[2026.08.23-20.26.05:058][  0]LogTargetPlatformManager: Display: Loaded TargetPlatform 'LinuxNoEditor'
[2026.08.23-20.26.05:062][  0]LogTargetPlatformManager: Display: Loaded TargetPlatform 'LinuxClient'
[2026.08.23-20.26.05:066][  0]LogTargetPlatformManager: Display: Loaded TargetPlatform 'LinuxServer'
[2026.08.23-20.26.05:074][  0]LogTargetPlatformManager: Display: Loaded TargetPlatform 'LinuxAArch64NoEditor'
[2026.08.23-20.26.05:079][  0]LogTargetPlatformManager: Display: Loaded TargetPlatform 'LinuxAArch64Client'
[2026.08.23-20.26.05:082][  0]LogTargetPlatformManager: Display: Loaded TargetPlatform 'LinuxAArch64Server'
[2026.08.23-20.26.05:101][  0]LogTargetPlatformManager: Display: Loaded TargetPlatform 'Lumin'
[2026.08.23-20.26.05:101][  0]LogTargetPlatformManager: Display: Loaded TargetPlatform 'LuminClient'
[2026.08.23-20.26.05:108][  0]LogTargetPlatformManager: Display: Loaded TargetPlatform 'MacNoEditor'
[2026.08.23-20.26.05:112][  0]LogTargetPlatformManager: Display: Loaded TargetPlatform 'Mac'
[2026.08.23-20.26.05:116][  0]LogTargetPlatformManager: Display: Loaded TargetPlatform 'MacClient'
[2026.08.23-20.26.05:120][  0]LogTargetPlatformManager: Display: Loaded TargetPlatform 'MacServer'
[2026.08.23-20.26.05:129][  0]LogTargetPlatformManager: Display: Loaded TargetPlatform 'TVOSClient'
[2026.08.23-20.26.05:129][  0]LogTargetPlatformManager: Display: Loaded TargetPlatform 'TVOS'
[2026.08.23-20.26.05:137][  0]LogTargetPlatformManager: Display: Loaded TargetPlatform 'WindowsNoEditor'
[2026.08.23-20.26.05:141][  0]LogTargetPlatformManager: Display: Loaded TargetPlatform 'Windows'
[2026.08.23-20.26.05:145][  0]LogTargetPlatformManager: Display: Loaded TargetPlatform 'WindowsClient'
[2026.08.23-20.26.05:149][  0]LogTargetPlatformManager: Display: Loaded TargetPlatform 'WindowsServer'
[2026.08.23-20.26.05:149][  0]LogTargetPlatformManager: Display: Building Assets For Windows
[2026.08.23-20.26.05:157][  0]LogAudioDebug: Display: Lib vorbis DLL was dynamically loaded.
[2026.08.23-20.26.05:186][  0]LogTextureFormatOodle: Display: Oodle Texture 2.9.0 init RDO Off
[2026.08.23-20.26.05:217][  0]LogRendererCore: Ray tracing is disabled. Reason: r.RayTracing=0.
[2026.08.23-20.26.05:217][  0]LogShaderCompilers: Guid format shader working directory is -31 characters bigger than the processId version (../../../../../GameProgramming/BrackeysGameJam/Brackeys-2026/BrackeysJam2026/Intermediate/Shaders/WorkingDirectory/11812/).
[2026.08.23-20.26.05:218][  0]LogShaderCompilers: Cleaned the shader compiler working directory 'C:/Users/sebas/AppData/Local/Temp/UnrealShaderWorkingDir/9867E7DD4CDE09F798DE6AB6AC1C8E91/'.
[2026.08.23-20.26.05:218][  0]LogXGEController: Cannot use XGE Controller as Incredibuild is not installed on this machine.
[2026.08.23-20.26.05:218][  0]LogShaderCompilers: Cannot use XGE Shader Compiler as Incredibuild is not installed on this machine.
[2026.08.23-20.26.05:218][  0]LogShaderCompilers: Display: Using Local Shader Compiler.
[2026.08.23-20.26.05:789][  0]LogDerivedDataCache: Display: Max Cache Size: 512 MB
[2026.08.23-20.26.05:835][  0]LogDerivedDataCache: Loaded boot cache 0.05s 94MB C:/Users/sebas/AppData/Local/UnrealEngine/4.27/DerivedDataCache/Boot.ddc.
[2026.08.23-20.26.05:835][  0]LogDerivedDataCache: Display: Loaded Boot cache: C:/Users/sebas/AppData/Local/UnrealEngine/4.27/DerivedDataCache/Boot.ddc
[2026.08.23-20.26.05:835][  0]LogDerivedDataCache: FDerivedDataBackendGraph:  Pak pak cache file ../../../../../GameProgramming/BrackeysGameJam/Brackeys-2026/BrackeysJam2026/DerivedDataCache/DDC.ddp not found, will not use a pak cache.
[2026.08.23-20.26.05:835][  0]LogDerivedDataCache: Unable to find inner node Pak for hierarchical cache Hierarchy.
[2026.08.23-20.26.05:835][  0]LogDerivedDataCache: FDerivedDataBackendGraph:  CompressedPak pak cache file ../../../../../GameProgramming/BrackeysGameJam/Brackeys-2026/BrackeysJam2026/DerivedDataCache/Compressed.ddp not found, will not use a pak cache.
[2026.08.23-20.26.05:835][  0]LogDerivedDataCache: Unable to find inner node CompressedPak for hierarchical cache Hierarchy.
[2026.08.23-20.26.05:849][  0]LogDerivedDataCache: Display: Pak cache opened for reading ../../../Engine/DerivedDataCache/Compressed.ddp.
[2026.08.23-20.26.05:849][  0]LogDerivedDataCache: FDerivedDataBackendGraph:  EnterprisePak pak cache file ../../../Enterprise/DerivedDataCache/Compressed.ddp not found, will not use a pak cache.
[2026.08.23-20.26.05:849][  0]LogDerivedDataCache: Unable to find inner node EnterprisePak for hierarchical cache Hierarchy.
[2026.08.23-20.26.05:858][  0]LogDerivedDataCache: Speed tests for C:/Users/sebas/AppData/Local/UnrealEngine/Common/DerivedDataCache took 0.01 seconds
[2026.08.23-20.26.05:858][  0]LogDerivedDataCache: Display: Performance to C:/Users/sebas/AppData/Local/UnrealEngine/Common/DerivedDataCache: Latency=0.05ms. RandomReadSpeed=1020.63MBs, RandomWriteSpeed=154.43MBs. Assigned SpeedClass 'Local'
[2026.08.23-20.26.05:859][  0]LogDerivedDataCache: Using Local data cache path C:/Users/sebas/AppData/Local/UnrealEngine/Common/DerivedDataCache: Writable
[2026.08.23-20.26.05:859][  0]LogDerivedDataCache: Shared data cache path not found in *engine.ini, will not use an Shared cache.
[2026.08.23-20.26.05:859][  0]LogDerivedDataCache: Unable to find inner node Shared for hierarchical cache Hierarchy.
[2026.08.23-20.26.05:900][  0]LogSlate: Using FreeType 2.10.0
[2026.08.23-20.26.05:901][  0]LogSlate: SlateFontServices - WITH_FREETYPE: 1, WITH_HARFBUZZ: 1
[2026.08.23-20.26.05:920][  0]LogAssetRegistry: FAssetRegistry took 0.0024 seconds to start up
[2026.08.23-20.26.06:117][  0]LogInit: Selected Device Profile: [Windows]
[2026.08.23-20.26.06:117][  0]LogInit: Active device profile: [000002CB0D76BF00][000002CB04FB1740 49] Windows
[2026.08.23-20.26.06:117][  0]LogInit: Profiles: [000002CB0D76BF00][000002CB04FB1740 49] Windows, [000002CB0D77BF00][000002CB0A7AD8C0 49] WindowsNoEditor, [000002CB0D768200][000002CB0A7B1A40 49] WindowsServer, [000002CB0D779F00][000002CB0A7B5BC0 49] WindowsClient, [000002CB0D76A000][000002CB0A7B81C0 49] IOS, [000002CB0D77B700][000002CB0A7BC340 49] iPadAir, [000002CB0D768800][000002CB0A7C04C0 49] iPadAir2, [000002CB0D720900][000002CB0A7C8780 49] IPadPro, [000002CB0D720A00][000002CB0A7C47C0 49] iPadAir3, [000002CB0D768600][000002CB0A7CC940 49] iPadAir4, [000002CB0D720700][000002CB7F3BAA80 49] iPadMini2, [000002CB0D768B00][000002CB0B342BC0 49] iPadMini3, [000002CB0D721600][000002CB0B346D00 49] iPadMini4, [000002CB0D76AB00][000002CB0B34EE80 49] iPadMini5, [000002CB0D77A000][000002CB0B357140 49] iPhone6, [000002CB0D707F00][000002CB0B353180 49] iPodTouch6, [000002CB0D77BC00][000002CB0B35F440 49] iPhone7, [000002CB0D778500][000002CB0B35B480 49] iPodTouch7, [000002CB0D704700][000002CB0B363600 49] iPhone5S, [000002CB0D778C00][000002CB0B367780 49] iPhone6Plus, [000002CB0D707400][000002CB0B36B900 49] iPhone6S, [000002CB0D77AF00][000002CB0B36FA80 49] iPhone6SPlus, [000002CB0D704F00][000002CB0B373C00 49] iPhone7Plus, [000002CB0D779B00][000002CB0B376200 49] iPhoneSE, [000002CB0D706C00][000002CB0B37A380 49] iPhone8, [000002CB0D77A800][000002CB0B37E500 49] iPhone8Plus, [000002CB0D705600][000002CB0B382680 49] iPhoneX, [000002CB0D778800][000002CB0B386800 49] iPhoneXS, [000002CB0D706500][000002CB0B38A980 49] iPhoneXSMax, [000002CB0D77B900][000002CB0B38EB00 49] iPhoneXR, [000002CB0D705D00][000002CB0B34AC40 49] iPhone11, [000002CB0D77A200][000002CB0B392D80 49] iPhone11Pro, [000002CB0D707500][000002CB0B396EC0 49] iPhone11ProMax, [000002CB0D779400][000002CB0B39F040 49] iPhoneSE2, [000002CB0D704C00][000002CB0B3A31C0 49] iPhone12Mini, [000002CB0D77B100][000002CB0B3A7340 49] iPhone12, [000002CB0D706F00][000002CB0B3AB4C0 49] iPhone12Pro, [000002CB0D779C00][000002CB0B3AF640 49] iPhone12ProMax, [000002CB0D706900][000002CB0B3B37C0 49] iPadPro105, [000002CB0D77AD00][000002CB0B3B7940 49] iPadPro129, [000002CB0D705700][000002CB0B3BBAC0 49] iPadPro97, [000002CB0D779600][000002CB0B3BE0C0 49] iPadPro2_129, [000002CB0D704D00][000002CB0B3C2240 49] iPad5, [000002CB0D779500][000002CB0B3C63C0 49] iPad6, [000002CB0D706B00][000002CB0B3CA540 49] iPad7, [000002CB0D778A00][000002CB0B3CE6C0 49] iPad8, [000002CB0D704600][000002CB0B3D2840 49] iPadPro11, [000002CB0D77B000][000002CB0B3D69C0 49] iPadPro2_11, [000002CB0D704E00][000002CB0B3DAB40 49] iPadPro3_129, [000002CB0D778E00][000002CB0B3DECC0 49] iPadPro4_129, [000002CB0D705800][000002CB0B39AE00 49] AppleTV, [000002CB0D779900][000002CB0B3E2F40 49] AppleTV4K, [000002CB0D707E00][000002CB0B3E7080 49] TVOS, [000002CB0D779D00][000002CB0B3EB1C0 49] Mac, [000002CB0D706D00][000002CB0B3F3340 49] MacClient, [000002CB0D77A900][000002CB0B3F74C0 49] MacNoEditor, [000002CB0D705300][000002CB0B3FB640 49] MacServer, [000002CB0D77A100][000002CB0ABF17C0 49] Linux, [000002CB0D707A00][000002CB0ABF5940 49] LinuxAArch64, [000002CB0D77BA00][000002CB0ABF9AC0 49] LinuxNoEditor, [000002CB0D707C00][000002CB0ABFC0C0 49] LinuxAArch64NoEditor, [000002CB0D77AB00][000002CB0AC00240 49] LinuxClient, [000002CB0D707B00][000002CB0AC043C0 49] LinuxAArch64Client, [000002CB0D77BE00][000002CB0AC08540 49] LinuxServer, [000002CB0D707600][000002CB0AC0C6C0 49] LinuxAArch64Server, [000002CB0D779200][000002CB0AC10840 49] Android, [000002CB0D706600][000002CB0AC149C0 49] Android_Low, [000002CB0D77AC00][000002CB0AC18B40 49] Android_Mid, [000002CB0D707D00][000002CB0AC1CCC0 49] Android_High, [000002CB0D778400][000002CB0AC20E40 49] Android_Default, [000002CB0D7DED00][000002CB0B3EEF80 49] Android_Adreno4xx, [000002CB0D769E00][000002CB0AC250C0 49] Android_Adreno5xx_Low, [000002CB0D7DD200][000002CB0AC29200 49] Android_Adreno5xx, [000002CB0D76B500][000002CB0AC2D340 49] Android_Adreno6xx, [000002CB0D7DCF00][000002CB0AC354C0 49] Android_Adreno6xx_Vulkan, [000002CB0D769100][000002CB0AC39640 49] Android_Mali_T6xx, [000002CB0D7DE800][000002CB0AC3D7C0 49] Android_Mali_T7xx, [000002CB0D76A300][000002CB0AC41940 49] Android_Mali_T8xx, [000002CB0D7DCE00][000002CB0AC45AC0 49] Android_Mali_G71, [000002CB0D76B600][000002CB0AC480C0 49] Android_Mali_G72, [000002CB0D7DDF00][000002CB0AC4C240 49] Android_Mali_G72_Vulkan, [000002CB0D76AC00][000002CB0AC503C0 49] Android_Mali_G76, [000002CB0D7DDC00][000002CB0AC54540 49] Android_Mali_G76_Vulkan, [000002CB0D769F00][000002CB0AC586C0 49] Android_Mali_G77, [000002CB0D7DC800][000002CB0AC5C840 49] Android_Mali_G77_Vulkan, [000002CB0D769000][000002CB0AC609C0 49] Android_Mali_G78, [000002CB0D77AE00][000002CB0AC64B40 49] Android_Mali_G78_Vulkan, [000002CB0D76B800][000002CB0AC68CC0 49] Android_Mali_G710, [000002CB0D7DF000][000002CB0AC6CE40 49] Android_Mali_G710_Vulkan, [000002CB0D76B100][000002CB0AC70FC0 49] Android_Vulkan_SM5, [000002CB0D7DE300][000002CB0AC75140 49] Android_PowerVR_G6xxx, [000002CB0D705E00][000002CB0AC31280 49] Android_PowerVR_GT7xxx, [000002CB0D7DE100][000002CB0AC793C0 49] Android_PowerVR_GE8xxx, [000002CB0D705C00][000002CB0AC7D500 49] Android_PowerVR_GM9xxx, [000002CB0D7DD100][000002CB0AC85680 49] Android_PowerVR_GM9xxx_Vulkan, [000002CB0D705200][000002CB0AC89800 49] Android_TegraK1, [000002CB0D7DEC00][000002CB0AC8D980 49] Android_Unknown_Vulkan, [000002CB0D706A00][000002CB0AC91B00 49] Lumin, [000002CB0D7DE400][000002CB0AC94100 49] Lumin_Desktop, [000002CB0D706E00][000002CB0AC98280 49] HoloLens, 
[2026.08.23-20.26.06:450][  0]LogMeshReduction: Using QuadricMeshReduction for automatic static mesh reduction
[2026.08.23-20.26.06:451][  0]LogMeshReduction: Using SimplygonMeshReduction for automatic skeletal mesh reduction
[2026.08.23-20.26.06:451][  0]LogMeshReduction: Using ProxyLODMeshReduction for automatic mesh merging
[2026.08.23-20.26.06:451][  0]LogMeshReduction: No distributed automatic mesh merging module available
[2026.08.23-20.26.06:451][  0]LogMeshMerging: No distributed automatic mesh merging module available
[2026.08.23-20.26.06:465][  0]LogNetVersion: BrackeysJam2026 1.0.0, NetCL: 17155196, EngineNetVer: 17, GameNetVer: 0 (Checksum: 1239153582)
[2026.08.23-20.26.06:815][  0]LogTexture: Default maximum texture size for cubemaps generated from long-lat sources has been changed from 512 to unlimited. In order to preserve old behaiour for '/Engine/MapTemplates/Sky/DaylightAmbientCubemap.DaylightAmbientCubemap', its maximum texture size has been explicitly set to 512.
[2026.08.23-20.26.06:861][  0]LogHMD: PokeAHoleMaterial loaded successfully
[2026.08.23-20.26.06:867][  0]LogUObjectArray: 17178 objects as part of root set at end of initial load.
[2026.08.23-20.26.06:867][  0]LogUObjectAllocator: 4302048 out of 0 bytes used by permanent object pool.
[2026.08.23-20.26.06:867][  0]LogUObjectArray: CloseDisregardForGC: 0/0 objects in disregard for GC pool
[2026.08.23-20.26.07:170][  0]LogPython: Using Python 3.7.7
[2026.08.23-20.26.07:606][  0]LogNiagaraDebuggerClient: Niagara Debugger Client Initialized | Session: A444149740480AFCFD238D9A3AE4D98E | Instance: 6CA690C744E02A4EB5434CB220485298 (SEBASTIANGMRPC-11812).
[2026.08.23-20.26.07:756][  0]LogUdpMessaging: Initializing bridge on interface 0.0.0.0:0 to multicast group 230.0.0.1:6666.
[2026.08.23-20.26.07:764][  0]LogTcpMessaging: Initializing TcpMessaging bridge
[2026.08.23-20.26.07:926][  0]SourceControl: Source control is disabled
[2026.08.23-20.26.07:926][  0]SourceControl: Source control is disabled
[2026.08.23-20.26.07:929][  0]SourceControl: Source control is disabled
[2026.08.23-20.26.07:933][  0]SourceControl: Source control is disabled
[2026.08.23-20.26.07:944][  0]SourceControl: Source control is disabled
[2026.08.23-20.26.07:959][  0]LogUProjectInfo: Found projects:
[2026.08.23-20.26.08:166][  0]LogOpenImageDenoise: OIDN starting up
[2026.08.23-20.26.08:217][  0]LogAndroidPermission: UAndroidPermissionCallbackProxy::GetInstance
[2026.08.23-20.26.08:245][  0]LogAudioCaptureCore: Display: No Audio Capture implementations found. Audio input will be silent.
[2026.08.23-20.26.08:245][  0]LogAudioCaptureCore: Display: No Audio Capture implementations found. Audio input will be silent.
[2026.08.23-20.26.08:359][  0]LogCollectionManager: Loaded 0 collections in 0.000580 seconds
[2026.08.23-20.26.08:401][  0]LogFileCache: Scanning file cache for directory 'D:/GameProgramming/BrackeysGameJam/Brackeys-2026/BrackeysJam2026/Saved/Collections/' took 0.00s
[2026.08.23-20.26.08:401][  0]LogFileCache: Scanning file cache for directory 'D:/GameProgramming/BrackeysGameJam/Brackeys-2026/BrackeysJam2026/Content/Developers/sebas/Collections/' took 0.00s
[2026.08.23-20.26.08:401][  0]LogFileCache: Scanning file cache for directory 'D:/GameProgramming/BrackeysGameJam/Brackeys-2026/BrackeysJam2026/Content/Collections/' took 0.00s
[2026.08.23-20.26.08:401][  0]LogOcInput: OculusInput pre-init called
[2026.08.23-20.26.08:599][  0]LogEngine: Initializing Engine...
[2026.08.23-20.26.08:601][  0]LogHMD: Failed to enumerate extensions. Please check that you have a valid OpenXR runtime installed.
[2026.08.23-20.26.08:602][  0]LogHMD: Failed to initialize OpenVR with code 110
[2026.08.23-20.26.08:602][  0]LogMagicLeap: Warning: VR disabled because ZI is not enabled.  To enable, in the editor, Edit -> Project Settings -> Plugins -> Magic Leap Plugin -> Enable Zero Iteration
[2026.08.23-20.26.08:603][  0]LogStats: UGameplayTagsManager::InitializeManager -  0.000 s
[2026.08.23-20.26.08:697][  0]LogInit: Initializing FReadOnlyCVARCache
[2026.08.23-20.26.08:706][  0]LogAIModule: Creating AISystem for world Untitled
[2026.08.23-20.26.08:710][  0]LogAudio: Display: Initializing Audio Device Manager...
[2026.08.23-20.26.08:713][  0]LogAudio: Display: Loading Default Audio Settings Objects...
[2026.08.23-20.26.08:713][  0]LogAudio: Display: No default SoundConcurrencyObject specified (or failed to load).
[2026.08.23-20.26.08:715][  0]LogAudio: Display: Audio Device Manager Initialized
[2026.08.23-20.26.08:715][  0]LogAudio: Display: Creating Audio Device:                 Id: 1, Scope: Shared, Realtime: True
[2026.08.23-20.26.08:715][  0]LogAudioMixer: Display: Audio Mixer Platform Settings:
[2026.08.23-20.26.08:715][  0]LogAudioMixer: Display: 	Sample Rate:						  48000
[2026.08.23-20.26.08:715][  0]LogAudioMixer: Display: 	Callback Buffer Frame Size Requested: 1024
[2026.08.23-20.26.08:715][  0]LogAudioMixer: Display: 	Callback Buffer Frame Size To Use:	  1024
[2026.08.23-20.26.08:715][  0]LogAudioMixer: Display: 	Number of buffers to queue:			  2
[2026.08.23-20.26.08:715][  0]LogAudioMixer: Display: 	Max Channels (voices):				  32
[2026.08.23-20.26.08:715][  0]LogAudioMixer: Display: 	Number of Async Source Workers:		  0
[2026.08.23-20.26.08:715][  0]LogAudio: Display: AudioDevice MaxSources: 32
[2026.08.23-20.26.08:715][  0]LogAudio: Display: Audio Spatialization Plugin: None (built-in).
[2026.08.23-20.26.08:715][  0]LogAudio: Display: Audio Reverb Plugin: None (built-in).
[2026.08.23-20.26.08:715][  0]LogAudio: Display: Audio Occlusion Plugin: None (built-in).
[2026.08.23-20.26.08:715][  0]LogAudioMixer: Display: Initializing audio mixer.
[2026.08.23-20.26.08:724][  0]LogAudioMixer: Display: 0: FrontLeft
[2026.08.23-20.26.08:724][  0]LogAudioMixer: Display: 1: FrontRight
[2026.08.23-20.26.08:744][  0]LogAudioMixer: Display: Using Audio Device Altavoces (Realtek(R) Audio)
[2026.08.23-20.26.08:746][  0]LogAudioMixer: Display: Initializing Sound Submixes...
[2026.08.23-20.26.08:749][  0]LogAudioMixer: Display: Creating Master Submix 'MasterSubmixDefault'
[2026.08.23-20.26.08:749][  0]LogAudioMixer: Display: Creating Master Submix 'MasterReverbSubmixDefault'
[2026.08.23-20.26.08:750][  0]LogAudioMixer: Display: Creating Master Submix 'MasterEQSubmixDefault'
[2026.08.23-20.26.08:750][  0]LogAudioMixer: FMixerPlatformXAudio2::StartAudioStream() called
[2026.08.23-20.26.08:750][  0]LogAudioMixer: Display: Output buffers initialized: Frames=1024, Channels=2, Samples=2048
[2026.08.23-20.26.08:751][  0]LogAudioMixer: Display: Starting AudioMixerPlatformInterface::RunInternal()
[2026.08.23-20.26.08:751][  0]LogAudioMixer: Display: FMixerPlatformXAudio2::SubmitBuffer() called for the first time
[2026.08.23-20.26.08:751][  0]LogInit: FAudioDevice initialized.
[2026.08.23-20.26.08:751][  0]LogAudio: Display: Audio Device (ID: 1) registered with world 'Untitled'.
[2026.08.23-20.26.08:751][  0]LogNetVersion: Set ProjectVersion to 1.0.0.0. Version Checksum will be recalculated on next use.
[2026.08.23-20.26.08:853][  0]LogDerivedDataCache: Saved boot cache 0.10s 94MB C:/Users/sebas/AppData/Local/UnrealEngine/4.27/DerivedDataCache/Boot.ddc.
[2026.08.23-20.26.08:853][  0]LogInit: Texture streaming: Enabled
[2026.08.23-20.26.08:866][  0]LogAnalytics: Display: [UEEditor.Rocket.Release] APIServer = https://datarouter.ol.epicgames.com/. AppVersion = 4.27.2-18319896+++UE4+Release-4.27
[2026.08.23-20.26.08:870][  0]LogEngineSessionManager: EngineSessionManager initialized
[2026.08.23-20.26.08:870][  0]LogEditorSessionSummary: Verbose: Initializing EditorSessionSummaryWriter for editor session tracking
[2026.08.23-20.26.08:871][  0]LogEditorSessionSummary: EditorSessionSummaryWriter initialized
[2026.08.23-20.26.08:894][  0]LogInit: Transaction tracking system initialized
[2026.08.23-20.26.08:919][  0]BlueprintLog: New page: Editor Load
[2026.08.23-20.26.08:987][  0]LocalizationService: Localization service is disabled
[2026.08.23-20.26.09:013][  0]TimingProfiler: Initialize
[2026.08.23-20.26.09:013][  0]TimingProfiler: OnSessionChanged
[2026.08.23-20.26.09:013][  0]LoadingProfiler: Initialize
[2026.08.23-20.26.09:013][  0]LoadingProfiler: OnSessionChanged
[2026.08.23-20.26.09:013][  0]NetworkingProfiler: Initialize
[2026.08.23-20.26.09:013][  0]NetworkingProfiler: OnSessionChanged
[2026.08.23-20.26.09:013][  0]MemoryProfiler: Initialize
[2026.08.23-20.26.09:013][  0]MemoryProfiler: OnSessionChanged
[2026.08.23-20.26.09:164][  0]LogCook: Display: CookSettings for Memory: MemoryMaxUsedVirtual 0MiB, MemoryMaxUsedPhysical 16384MiB, MemoryMinFreeVirtual 0MiB, MemoryMinFreePhysical 1024MiB
[2026.08.23-20.26.09:164][  0]LogCook: Display: Mobile HDR setting 1
[2026.08.23-20.26.09:169][  0]LogFileCache: Scanning file cache for directory 'D:/GameProgramming/BrackeysGameJam/Brackeys-2026/BrackeysJam2026/Content/' took 0.01s
[2026.08.23-20.26.09:533][  0]LogInit: Display: Engine is initialized. Leaving FEngineLoop::Init()
[2026.08.23-20.26.09:536][  0]SourceControl: Source control is disabled
[2026.08.23-20.26.09:536][  0]LogUnrealEdMisc: Loading editor; pre map load, took 6.403
[2026.08.23-20.26.09:536][  0]Cmd: MAP LOAD FILE="../../../../../GameProgramming/BrackeysGameJam/Brackeys-2026/BrackeysJam2026/Content/Brackeys2026/Levels/Brackeys2026Map.umap" TEMPLATE=0 SHOWPROGRESS=1 FEATURELEVEL=3
[2026.08.23-20.26.09:593][  0]LightingResults: New page: Lighting Build
[2026.08.23-20.26.09:594][  0]LogWorld: UWorld::CleanupWorld for Untitled, bSessionEnded=true, bCleanupResources=true
[2026.08.23-20.26.09:595][  0]LogSlate: InvalidateAllWidgets triggered.  All widgets were invalidated
[2026.08.23-20.26.09:595][  0]MapCheck: New page: Map Check
[2026.08.23-20.26.09:595][  0]LightingResults: New page: Lighting Build
[2026.08.23-20.26.09:896][  0]LogAudio: Display: Audio Device unregistered from world 'None'.
[2026.08.23-20.26.09:899][  0]LogUObjectHash: Compacting FUObjectHashTables data took   0.70ms
[2026.08.23-20.26.10:080][  0]LogTexture: Display: Building textures: LQ_Lightmap_1_2 (OODLE_DXT1, 64X64)
[2026.08.23-20.26.10:080][  0]LogTexture: Display: Building textures: HQ_Lightmap1_2 (OODLE_AutoDXT, 64X64)
[2026.08.23-20.26.10:080][  0]LogTexture: Display: Building textures: LQ_Lightmap_1_1 (OODLE_DXT1, 256X256)
[2026.08.23-20.26.10:080][  0]LogTexture: Display: Building textures: HQ_Lightmap1_1 (OODLE_AutoDXT, 256X256)
[2026.08.23-20.26.10:080][  0]LogTexture: Display: Building textures: ShadowMapTexture2D_2 (G8, 128X128)
[2026.08.23-20.26.10:080][  0]LogTexture: Display: Building textures: ShadowMapTexture2D_3 (G8, 32X32)
[2026.08.23-20.26.10:080][  0]LogTexture: Display: Building textures: NewReflectionComponentTextureEB9CBE3C423008B5E8E130901E171C89 (BGRA8, 128X128)
[2026.08.23-20.26.10:082][  0]LogAudio: Display: Audio Device (ID: 1) registered with world 'Brackeys2026Map'.
[2026.08.23-20.26.10:083][  0]LogAIModule: Creating AISystem for world Brackeys2026Map
[2026.08.23-20.26.10:156][  0]LogEditorServer: Finished looking for orphan Actors (0.000 secs)
[2026.08.23-20.26.10:826][  0]LogUObjectHash: Compacting FUObjectHashTables data took   0.71ms
[2026.08.23-20.26.10:826][  0]Cmd: MAP CHECKDEP NOCLEARLOG
[2026.08.23-20.26.10:826][  0]MapCheck: Map check complete: 0 Error(s), 0 Warning(s), took 0.097ms to complete.
[2026.08.23-20.26.10:827][  0]LogFileHelpers: Loading map 'Brackeys2026Map' took 1.291
[2026.08.23-20.26.10:829][  0]LogUnrealEdMisc: Total Editor Startup Time, took 7.695
[2026.08.23-20.26.10:934][  0]LogSlate: Updating window title bar state: overlay mode, drag disabled, window buttons hidden, title bar hidden
[2026.08.23-20.26.10:939][  0]LogSlate: Updating window title bar state: overlay mode, drag disabled, window buttons hidden, title bar hidden
[2026.08.23-20.26.10:945][  0]LogSlate: Updating window title bar state: overlay mode, drag disabled, window buttons hidden, title bar hidden
[2026.08.23-20.26.10:950][  0]LogSlate: Updating window title bar state: overlay mode, drag disabled, window buttons hidden, title bar hidden
[2026.08.23-20.26.10:962][  0]LogNativeClassHierarchy: Verbose: Native class hierarchy populated in 0.0089 seconds. Added 3822 classes and 928 folders.
[2026.08.23-20.26.10:967][  0]LogNativeClassHierarchy: Verbose: Native class hierarchy updated for 'WidgetCarousel' in 0.0003 seconds. Added 0 classes and 0 folders.
[2026.08.23-20.26.10:968][  0]LogPakFile: PakFile PrimaryIndexSize=187
[2026.08.23-20.26.10:968][  0]LogPakFile: PakFile PathHashIndexSize=101
[2026.08.23-20.26.10:968][  0]LogPakFile: PakFile FullDirectoryIndexSize=148
[2026.08.23-20.26.10:968][  0]LogShaderLibrary: Display: ShaderCodeLibraryPakFileMountedCallback: PakFile 'D:/UnrealEngine/UE_4.27/FeaturePacks/FP_FirstPerson.upack' (chunk index -1, root 'root:/') mounted
[2026.08.23-20.26.10:968][  0]LogShaderLibrary: Display: ShaderCodeLibraryPakFileMountedCallback: pending pak file info (ChunkID:-1 Root:root:/ File:D:/UnrealEngine/UE_4.27/FeaturePacks/FP_FirstPerson.upack)
[2026.08.23-20.26.10:968][  0]LogPakFile: OnPakFileMounted2Time == 0.000057
[2026.08.23-20.26.10:969][  0]LogPakFile: PakFile PrimaryIndexSize=189
[2026.08.23-20.26.10:969][  0]LogPakFile: PakFile PathHashIndexSize=101
[2026.08.23-20.26.10:969][  0]LogPakFile: PakFile FullDirectoryIndexSize=152
[2026.08.23-20.26.10:969][  0]LogShaderLibrary: Display: ShaderCodeLibraryPakFileMountedCallback: PakFile 'D:/UnrealEngine/UE_4.27/FeaturePacks/FP_FirstPersonBP.upack' (chunk index -1, root 'root:/') mounted
[2026.08.23-20.26.10:969][  0]LogShaderLibrary: Display: ShaderCodeLibraryPakFileMountedCallback: pending pak file info (ChunkID:-1 Root:root:/ File:D:/UnrealEngine/UE_4.27/FeaturePacks/FP_FirstPersonBP.upack)
[2026.08.23-20.26.10:969][  0]LogPakFile: OnPakFileMounted2Time == 0.000033
[2026.08.23-20.26.10:970][  0]LogPakFile: PakFile PrimaryIndexSize=191
[2026.08.23-20.26.10:970][  0]LogPakFile: PakFile PathHashIndexSize=101
[2026.08.23-20.26.10:970][  0]LogPakFile: PakFile FullDirectoryIndexSize=160
[2026.08.23-20.26.10:970][  0]LogShaderLibrary: Display: ShaderCodeLibraryPakFileMountedCallback: PakFile 'D:/UnrealEngine/UE_4.27/FeaturePacks/MobileStarterContent.upack' (chunk index -1, root 'root:/') mounted
[2026.08.23-20.26.10:970][  0]LogShaderLibrary: Display: ShaderCodeLibraryPakFileMountedCallback: pending pak file info (ChunkID:-1 Root:root:/ File:D:/UnrealEngine/UE_4.27/FeaturePacks/MobileStarterContent.upack)
[2026.08.23-20.26.10:970][  0]LogPakFile: OnPakFileMounted2Time == 0.000027
[2026.08.23-20.26.10:971][  0]LogPakFile: PakFile PrimaryIndexSize=185
[2026.08.23-20.26.10:971][  0]LogPakFile: PakFile PathHashIndexSize=101
[2026.08.23-20.26.10:971][  0]LogPakFile: PakFile FullDirectoryIndexSize=148
[2026.08.23-20.26.10:971][  0]LogShaderLibrary: Display: ShaderCodeLibraryPakFileMountedCallback: PakFile 'D:/UnrealEngine/UE_4.27/FeaturePacks/StarterContent.upack' (chunk index -1, root 'root:/') mounted
[2026.08.23-20.26.10:971][  0]LogShaderLibrary: Display: ShaderCodeLibraryPakFileMountedCallback: pending pak file info (ChunkID:-1 Root:root:/ File:D:/UnrealEngine/UE_4.27/FeaturePacks/StarterContent.upack)
[2026.08.23-20.26.10:971][  0]LogPakFile: OnPakFileMounted2Time == 0.000029
[2026.08.23-20.26.10:972][  0]LogPakFile: PakFile PrimaryIndexSize=190
[2026.08.23-20.26.10:972][  0]LogPakFile: PakFile PathHashIndexSize=101
[2026.08.23-20.26.10:972][  0]LogPakFile: PakFile FullDirectoryIndexSize=154
[2026.08.23-20.26.10:972][  0]LogShaderLibrary: Display: ShaderCodeLibraryPakFileMountedCallback: PakFile 'D:/UnrealEngine/UE_4.27/FeaturePacks/TP_2DSideScroller.upack' (chunk index -1, root 'root:/') mounted
[2026.08.23-20.26.10:972][  0]LogShaderLibrary: Display: ShaderCodeLibraryPakFileMountedCallback: pending pak file info (ChunkID:-1 Root:root:/ File:D:/UnrealEngine/UE_4.27/FeaturePacks/TP_2DSideScroller.upack)
[2026.08.23-20.26.10:972][  0]LogPakFile: OnPakFileMounted2Time == 0.000030
[2026.08.23-20.26.10:972][  0]LogPakFile: PakFile PrimaryIndexSize=192
[2026.08.23-20.26.10:972][  0]LogPakFile: PakFile PathHashIndexSize=101
[2026.08.23-20.26.10:972][  0]LogPakFile: PakFile FullDirectoryIndexSize=158
[2026.08.23-20.26.10:972][  0]LogShaderLibrary: Display: ShaderCodeLibraryPakFileMountedCallback: PakFile 'D:/UnrealEngine/UE_4.27/FeaturePacks/TP_2DSideScrollerBP.upack' (chunk index -1, root 'root:/') mounted
[2026.08.23-20.26.10:972][  0]LogShaderLibrary: Display: ShaderCodeLibraryPakFileMountedCallback: pending pak file info (ChunkID:-1 Root:root:/ File:D:/UnrealEngine/UE_4.27/FeaturePacks/TP_2DSideScrollerBP.upack)
[2026.08.23-20.26.10:972][  0]LogPakFile: OnPakFileMounted2Time == 0.000028
[2026.08.23-20.26.10:973][  0]LogPakFile: PakFile PrimaryIndexSize=182
[2026.08.23-20.26.10:974][  0]LogPakFile: PakFile PathHashIndexSize=101
[2026.08.23-20.26.10:974][  0]LogPakFile: PakFile FullDirectoryIndexSize=138
[2026.08.23-20.26.10:974][  0]LogShaderLibrary: Display: ShaderCodeLibraryPakFileMountedCallback: PakFile 'D:/UnrealEngine/UE_4.27/FeaturePacks/TP_Flying.upack' (chunk index -1, root 'root:/') mounted
[2026.08.23-20.26.10:974][  0]LogShaderLibrary: Display: ShaderCodeLibraryPakFileMountedCallback: pending pak file info (ChunkID:-1 Root:root:/ File:D:/UnrealEngine/UE_4.27/FeaturePacks/TP_Flying.upack)
[2026.08.23-20.26.10:974][  0]LogPakFile: OnPakFileMounted2Time == 0.000023
[2026.08.23-20.26.10:974][  0]LogPakFile: PakFile PrimaryIndexSize=184
[2026.08.23-20.26.10:974][  0]LogPakFile: PakFile PathHashIndexSize=101
[2026.08.23-20.26.10:974][  0]LogPakFile: PakFile FullDirectoryIndexSize=142
[2026.08.23-20.26.10:974][  0]LogShaderLibrary: Display: ShaderCodeLibraryPakFileMountedCallback: PakFile 'D:/UnrealEngine/UE_4.27/FeaturePacks/TP_FlyingBP.upack' (chunk index -1, root 'root:/') mounted
[2026.08.23-20.26.10:974][  0]LogShaderLibrary: Display: ShaderCodeLibraryPakFileMountedCallback: pending pak file info (ChunkID:-1 Root:root:/ File:D:/UnrealEngine/UE_4.27/FeaturePacks/TP_FlyingBP.upack)
[2026.08.23-20.26.10:974][  0]LogPakFile: OnPakFileMounted2Time == 0.000024
[2026.08.23-20.26.10:975][  0]LogPakFile: PakFile PrimaryIndexSize=188
[2026.08.23-20.26.10:975][  0]LogPakFile: PakFile PathHashIndexSize=101
[2026.08.23-20.26.10:975][  0]LogPakFile: PakFile FullDirectoryIndexSize=150
[2026.08.23-20.26.10:975][  0]LogShaderLibrary: Display: ShaderCodeLibraryPakFileMountedCallback: PakFile 'D:/UnrealEngine/UE_4.27/FeaturePacks/TP_HandheldARBP.upack' (chunk index -1, root 'root:/') mounted
[2026.08.23-20.26.10:975][  0]LogShaderLibrary: Display: ShaderCodeLibraryPakFileMountedCallback: pending pak file info (ChunkID:-1 Root:root:/ File:D:/UnrealEngine/UE_4.27/FeaturePacks/TP_HandheldARBP.upack)
[2026.08.23-20.26.10:975][  0]LogPakFile: OnPakFileMounted2Time == 0.000023
[2026.08.23-20.26.10:976][  0]LogPakFile: PakFile PrimaryIndexSize=182
[2026.08.23-20.26.10:976][  0]LogPakFile: PakFile PathHashIndexSize=101
[2026.08.23-20.26.10:976][  0]LogPakFile: PakFile FullDirectoryIndexSize=138
[2026.08.23-20.26.10:976][  0]LogShaderLibrary: Display: ShaderCodeLibraryPakFileMountedCallback: PakFile 'D:/UnrealEngine/UE_4.27/FeaturePacks/TP_Puzzle.upack' (chunk index -1, root 'root:/') mounted
[2026.08.23-20.26.10:976][  0]LogShaderLibrary: Display: ShaderCodeLibraryPakFileMountedCallback: pending pak file info (ChunkID:-1 Root:root:/ File:D:/UnrealEngine/UE_4.27/FeaturePacks/TP_Puzzle.upack)
[2026.08.23-20.26.10:976][  0]LogPakFile: OnPakFileMounted2Time == 0.000024
[2026.08.23-20.26.10:976][  0]LogPakFile: PakFile PrimaryIndexSize=184
[2026.08.23-20.26.10:976][  0]LogPakFile: PakFile PathHashIndexSize=101
[2026.08.23-20.26.10:976][  0]LogPakFile: PakFile FullDirectoryIndexSize=142
[2026.08.23-20.26.10:976][  0]LogShaderLibrary: Display: ShaderCodeLibraryPakFileMountedCallback: PakFile 'D:/UnrealEngine/UE_4.27/FeaturePacks/TP_PuzzleBP.upack' (chunk index -1, root 'root:/') mounted
[2026.08.23-20.26.10:976][  0]LogShaderLibrary: Display: ShaderCodeLibraryPakFileMountedCallback: pending pak file info (ChunkID:-1 Root:root:/ File:D:/UnrealEngine/UE_4.27/FeaturePacks/TP_PuzzleBP.upack)
[2026.08.23-20.26.10:976][  0]LogPakFile: OnPakFileMounted2Time == 0.000023
[2026.08.23-20.26.10:977][  0]LogPakFile: PakFile PrimaryIndexSize=183
[2026.08.23-20.26.10:977][  0]LogPakFile: PakFile PathHashIndexSize=101
[2026.08.23-20.26.10:977][  0]LogPakFile: PakFile FullDirectoryIndexSize=140
[2026.08.23-20.26.10:977][  0]LogShaderLibrary: Display: ShaderCodeLibraryPakFileMountedCallback: PakFile 'D:/UnrealEngine/UE_4.27/FeaturePacks/TP_Rolling.upack' (chunk index -1, root 'root:/') mounted
[2026.08.23-20.26.10:977][  0]LogShaderLibrary: Display: ShaderCodeLibraryPakFileMountedCallback: pending pak file info (ChunkID:-1 Root:root:/ File:D:/UnrealEngine/UE_4.27/FeaturePacks/TP_Rolling.upack)
[2026.08.23-20.26.10:977][  0]LogPakFile: OnPakFileMounted2Time == 0.000028
[2026.08.23-20.26.10:978][  0]LogPakFile: PakFile PrimaryIndexSize=185
[2026.08.23-20.26.10:978][  0]LogPakFile: PakFile PathHashIndexSize=101
[2026.08.23-20.26.10:978][  0]LogPakFile: PakFile FullDirectoryIndexSize=144
[2026.08.23-20.26.10:978][  0]LogShaderLibrary: Display: ShaderCodeLibraryPakFileMountedCallback: PakFile 'D:/UnrealEngine/UE_4.27/FeaturePacks/TP_RollingBP.upack' (chunk index -1, root 'root:/') mounted
[2026.08.23-20.26.10:978][  0]LogShaderLibrary: Display: ShaderCodeLibraryPakFileMountedCallback: pending pak file info (ChunkID:-1 Root:root:/ File:D:/UnrealEngine/UE_4.27/FeaturePacks/TP_RollingBP.upack)
[2026.08.23-20.26.10:978][  0]LogPakFile: OnPakFileMounted2Time == 0.000023
[2026.08.23-20.26.10:978][  0]LogPakFile: PakFile PrimaryIndexSize=188
[2026.08.23-20.26.10:978][  0]LogPakFile: PakFile PathHashIndexSize=101
[2026.08.23-20.26.10:978][  0]LogPakFile: PakFile FullDirectoryIndexSize=150
[2026.08.23-20.26.10:978][  0]LogShaderLibrary: Display: ShaderCodeLibraryPakFileMountedCallback: PakFile 'D:/UnrealEngine/UE_4.27/FeaturePacks/TP_SideScroller.upack' (chunk index -1, root 'root:/') mounted
[2026.08.23-20.26.10:978][  0]LogShaderLibrary: Display: ShaderCodeLibraryPakFileMountedCallback: pending pak file info (ChunkID:-1 Root:root:/ File:D:/UnrealEngine/UE_4.27/FeaturePacks/TP_SideScroller.upack)
[2026.08.23-20.26.10:978][  0]LogPakFile: OnPakFileMounted2Time == 0.000023
[2026.08.23-20.26.10:979][  0]LogPakFile: PakFile PrimaryIndexSize=190
[2026.08.23-20.26.10:979][  0]LogPakFile: PakFile PathHashIndexSize=101
[2026.08.23-20.26.10:979][  0]LogPakFile: PakFile FullDirectoryIndexSize=154
[2026.08.23-20.26.10:979][  0]LogShaderLibrary: Display: ShaderCodeLibraryPakFileMountedCallback: PakFile 'D:/UnrealEngine/UE_4.27/FeaturePacks/TP_SideScrollerBP.upack' (chunk index -1, root 'root:/') mounted
[2026.08.23-20.26.10:979][  0]LogShaderLibrary: Display: ShaderCodeLibraryPakFileMountedCallback: pending pak file info (ChunkID:-1 Root:root:/ File:D:/UnrealEngine/UE_4.27/FeaturePacks/TP_SideScrollerBP.upack)
[2026.08.23-20.26.10:979][  0]LogPakFile: OnPakFileMounted2Time == 0.000023
[2026.08.23-20.26.10:980][  0]LogPakFile: PakFile PrimaryIndexSize=187
[2026.08.23-20.26.10:980][  0]LogPakFile: PakFile PathHashIndexSize=101
[2026.08.23-20.26.10:980][  0]LogPakFile: PakFile FullDirectoryIndexSize=148
[2026.08.23-20.26.10:980][  0]LogShaderLibrary: Display: ShaderCodeLibraryPakFileMountedCallback: PakFile 'D:/UnrealEngine/UE_4.27/FeaturePacks/TP_ThirdPerson.upack' (chunk index -1, root 'root:/') mounted
[2026.08.23-20.26.10:980][  0]LogShaderLibrary: Display: ShaderCodeLibraryPakFileMountedCallback: pending pak file info (ChunkID:-1 Root:root:/ File:D:/UnrealEngine/UE_4.27/FeaturePacks/TP_ThirdPerson.upack)
[2026.08.23-20.26.10:980][  0]LogPakFile: OnPakFileMounted2Time == 0.000028
[2026.08.23-20.26.10:981][  0]LogPakFile: PakFile PrimaryIndexSize=189
[2026.08.23-20.26.10:981][  0]LogPakFile: PakFile PathHashIndexSize=101
[2026.08.23-20.26.10:981][  0]LogPakFile: PakFile FullDirectoryIndexSize=152
[2026.08.23-20.26.10:981][  0]LogShaderLibrary: Display: ShaderCodeLibraryPakFileMountedCallback: PakFile 'D:/UnrealEngine/UE_4.27/FeaturePacks/TP_ThirdPersonBP.upack' (chunk index -1, root 'root:/') mounted
[2026.08.23-20.26.10:981][  0]LogShaderLibrary: Display: ShaderCodeLibraryPakFileMountedCallback: pending pak file info (ChunkID:-1 Root:root:/ File:D:/UnrealEngine/UE_4.27/FeaturePacks/TP_ThirdPersonBP.upack)
[2026.08.23-20.26.10:981][  0]LogPakFile: OnPakFileMounted2Time == 0.000024
[2026.08.23-20.26.10:981][  0]LogPakFile: PakFile PrimaryIndexSize=183
[2026.08.23-20.26.10:981][  0]LogPakFile: PakFile PathHashIndexSize=101
[2026.08.23-20.26.10:981][  0]LogPakFile: PakFile FullDirectoryIndexSize=140
[2026.08.23-20.26.10:981][  0]LogShaderLibrary: Display: ShaderCodeLibraryPakFileMountedCallback: PakFile 'D:/UnrealEngine/UE_4.27/FeaturePacks/TP_TopDown.upack' (chunk index -1, root 'root:/') mounted
[2026.08.23-20.26.10:981][  0]LogShaderLibrary: Display: ShaderCodeLibraryPakFileMountedCallback: pending pak file info (ChunkID:-1 Root:root:/ File:D:/UnrealEngine/UE_4.27/FeaturePacks/TP_TopDown.upack)
[2026.08.23-20.26.10:981][  0]LogPakFile: OnPakFileMounted2Time == 0.000035
[2026.08.23-20.26.10:982][  0]LogPakFile: PakFile PrimaryIndexSize=185
[2026.08.23-20.26.10:982][  0]LogPakFile: PakFile PathHashIndexSize=101
[2026.08.23-20.26.10:982][  0]LogPakFile: PakFile FullDirectoryIndexSize=144
[2026.08.23-20.26.10:982][  0]LogShaderLibrary: Display: ShaderCodeLibraryPakFileMountedCallback: PakFile 'D:/UnrealEngine/UE_4.27/FeaturePacks/TP_TopDownBP.upack' (chunk index -1, root 'root:/') mounted
[2026.08.23-20.26.10:982][  0]LogShaderLibrary: Display: ShaderCodeLibraryPakFileMountedCallback: pending pak file info (ChunkID:-1 Root:root:/ File:D:/UnrealEngine/UE_4.27/FeaturePacks/TP_TopDownBP.upack)
[2026.08.23-20.26.10:982][  0]LogPakFile: OnPakFileMounted2Time == 0.000025
[2026.08.23-20.26.10:982][  0]LogPakFile: PakFile PrimaryIndexSize=185
[2026.08.23-20.26.10:982][  0]LogPakFile: PakFile PathHashIndexSize=101
[2026.08.23-20.26.10:982][  0]LogPakFile: PakFile FullDirectoryIndexSize=144
[2026.08.23-20.26.10:982][  0]LogShaderLibrary: Display: ShaderCodeLibraryPakFileMountedCallback: PakFile 'D:/UnrealEngine/UE_4.27/FeaturePacks/TP_TwinStick.upack' (chunk index -1, root 'root:/') mounted
[2026.08.23-20.26.10:982][  0]LogShaderLibrary: Display: ShaderCodeLibraryPakFileMountedCallback: pending pak file info (ChunkID:-1 Root:root:/ File:D:/UnrealEngine/UE_4.27/FeaturePacks/TP_TwinStick.upack)
[2026.08.23-20.26.10:982][  0]LogPakFile: OnPakFileMounted2Time == 0.000023
[2026.08.23-20.26.10:983][  0]LogPakFile: PakFile PrimaryIndexSize=187
[2026.08.23-20.26.10:983][  0]LogPakFile: PakFile PathHashIndexSize=101
[2026.08.23-20.26.10:983][  0]LogPakFile: PakFile FullDirectoryIndexSize=148
[2026.08.23-20.26.10:983][  0]LogShaderLibrary: Display: ShaderCodeLibraryPakFileMountedCallback: PakFile 'D:/UnrealEngine/UE_4.27/FeaturePacks/TP_TwinStickBP.upack' (chunk index -1, root 'root:/') mounted
[2026.08.23-20.26.10:983][  0]LogShaderLibrary: Display: ShaderCodeLibraryPakFileMountedCallback: pending pak file info (ChunkID:-1 Root:root:/ File:D:/UnrealEngine/UE_4.27/FeaturePacks/TP_TwinStickBP.upack)
[2026.08.23-20.26.10:983][  0]LogPakFile: OnPakFileMounted2Time == 0.000026
[2026.08.23-20.26.10:984][  0]LogPakFile: PakFile PrimaryIndexSize=183
[2026.08.23-20.26.10:984][  0]LogPakFile: PakFile PathHashIndexSize=101
[2026.08.23-20.26.10:984][  0]LogPakFile: PakFile FullDirectoryIndexSize=140
[2026.08.23-20.26.10:984][  0]LogShaderLibrary: Display: ShaderCodeLibraryPakFileMountedCallback: PakFile 'D:/UnrealEngine/UE_4.27/FeaturePacks/TP_Vehicle.upack' (chunk index -1, root 'root:/') mounted
[2026.08.23-20.26.10:984][  0]LogShaderLibrary: Display: ShaderCodeLibraryPakFileMountedCallback: pending pak file info (ChunkID:-1 Root:root:/ File:D:/UnrealEngine/UE_4.27/FeaturePacks/TP_Vehicle.upack)
[2026.08.23-20.26.10:984][  0]LogPakFile: OnPakFileMounted2Time == 0.000026
[2026.08.23-20.26.10:984][  0]LogPakFile: PakFile PrimaryIndexSize=186
[2026.08.23-20.26.10:984][  0]LogPakFile: PakFile PathHashIndexSize=101
[2026.08.23-20.26.10:984][  0]LogPakFile: PakFile FullDirectoryIndexSize=146
[2026.08.23-20.26.10:984][  0]LogShaderLibrary: Display: ShaderCodeLibraryPakFileMountedCallback: PakFile 'D:/UnrealEngine/UE_4.27/FeaturePacks/TP_VehicleAdv.upack' (chunk index -1, root 'root:/') mounted
[2026.08.23-20.26.10:984][  0]LogShaderLibrary: Display: ShaderCodeLibraryPakFileMountedCallback: pending pak file info (ChunkID:-1 Root:root:/ File:D:/UnrealEngine/UE_4.27/FeaturePacks/TP_VehicleAdv.upack)
[2026.08.23-20.26.10:985][  0]LogPakFile: OnPakFileMounted2Time == 0.000046
[2026.08.23-20.26.10:985][  0]LogPakFile: PakFile PrimaryIndexSize=188
[2026.08.23-20.26.10:985][  0]LogPakFile: PakFile PathHashIndexSize=101
[2026.08.23-20.26.10:985][  0]LogPakFile: PakFile FullDirectoryIndexSize=150
[2026.08.23-20.26.10:985][  0]LogShaderLibrary: Display: ShaderCodeLibraryPakFileMountedCallback: PakFile 'D:/UnrealEngine/UE_4.27/FeaturePacks/TP_VehicleAdvBP.upack' (chunk index -1, root 'root:/') mounted
[2026.08.23-20.26.10:985][  0]LogShaderLibrary: Display: ShaderCodeLibraryPakFileMountedCallback: pending pak file info (ChunkID:-1 Root:root:/ File:D:/UnrealEngine/UE_4.27/FeaturePacks/TP_VehicleAdvBP.upack)
[2026.08.23-20.26.10:985][  0]LogPakFile: OnPakFileMounted2Time == 0.000024
[2026.08.23-20.26.10:986][  0]LogPakFile: PakFile PrimaryIndexSize=185
[2026.08.23-20.26.10:986][  0]LogPakFile: PakFile PathHashIndexSize=101
[2026.08.23-20.26.10:986][  0]LogPakFile: PakFile FullDirectoryIndexSize=144
[2026.08.23-20.26.10:986][  0]LogShaderLibrary: Display: ShaderCodeLibraryPakFileMountedCallback: PakFile 'D:/UnrealEngine/UE_4.27/FeaturePacks/TP_VehicleBP.upack' (chunk index -1, root 'root:/') mounted
[2026.08.23-20.26.10:986][  0]LogShaderLibrary: Display: ShaderCodeLibraryPakFileMountedCallback: pending pak file info (ChunkID:-1 Root:root:/ File:D:/UnrealEngine/UE_4.27/FeaturePacks/TP_VehicleBP.upack)
[2026.08.23-20.26.10:986][  0]LogPakFile: OnPakFileMounted2Time == 0.000023
[2026.08.23-20.26.10:987][  0]LogPakFile: PakFile PrimaryIndexSize=192
[2026.08.23-20.26.10:987][  0]LogPakFile: PakFile PathHashIndexSize=101
[2026.08.23-20.26.10:987][  0]LogPakFile: PakFile FullDirectoryIndexSize=158
[2026.08.23-20.26.10:987][  0]LogShaderLibrary: Display: ShaderCodeLibraryPakFileMountedCallback: PakFile 'D:/UnrealEngine/UE_4.27/FeaturePacks/TP_VirtualRealityBP.upack' (chunk index -1, root 'root:/') mounted
[2026.08.23-20.26.10:987][  0]LogShaderLibrary: Display: ShaderCodeLibraryPakFileMountedCallback: pending pak file info (ChunkID:-1 Root:root:/ File:D:/UnrealEngine/UE_4.27/FeaturePacks/TP_VirtualRealityBP.upack)
[2026.08.23-20.26.10:987][  0]LogPakFile: OnPakFileMounted2Time == 0.000023
[2026.08.23-20.26.11:053][  0]LogNativeClassHierarchy: Verbose: Native class hierarchy updated for 'AddContentDialog' in 0.0005 seconds. Added 0 classes and 0 folders.
[2026.08.23-20.26.11:058][  0]LogNativeClassHierarchy: Verbose: Native class hierarchy updated for 'SceneOutliner' in 0.0003 seconds. Added 2 classes and 0 folders.
[2026.08.23-20.26.11:086][  0]LogSlate: Took 0.000286 seconds to synchronously load lazily loaded font '../../../Engine/Content/Slate/Fonts/Roboto-Regular.ttf' (155K)
[2026.08.23-20.26.11:087][  0]LogSlate: Took 0.000322 seconds to synchronously load lazily loaded font '../../../Engine/Content/Editor/Slate/Fonts/FontAwesome.ttf' (139K)
[2026.08.23-20.26.11:088][  0]LogSlate: Took 0.000280 seconds to synchronously load lazily loaded font '../../../Engine/Content/Slate/Fonts/Roboto-Bold.ttf' (160K)
[2026.08.23-20.26.11:150][  0]LogRenderer: Reallocating scene render targets to support 1180x604 Format 10 NumSamples 1 (Frame:1).
[2026.08.23-20.26.11:672][  0]LogSlate: Took 0.000233 seconds to synchronously load lazily loaded font '../../../Engine/Content/Slate/Fonts/Roboto-Light.ttf' (167K)
[2026.08.23-20.26.11:733][  0]LogNativeClassHierarchy: Verbose: Native class hierarchy updated for 'HierarchicalLODOutliner' in 0.0004 seconds. Added 0 classes and 0 folders.
[2026.08.23-20.26.11:734][  0]LogLoad: (Engine Initialization) Total time: 8.60 seconds
[2026.08.23-20.26.11:734][  0]LogLoad: (Engine Initialization) Total Blueprint compile time: 0.00 seconds
[2026.08.23-20.26.11:759][  0]LogContentStreaming: Texture pool size now 1000 MB
[2026.08.23-20.26.12:884][ 87]LogSlate: Took 0.000215 seconds to synchronously load lazily loaded font '../../../Engine/Content/Slate/Fonts/Roboto-Light.ttf' (167K)
[2026.08.23-20.26.15:916][308]LogAssetRegistry: Asset discovery search completed in 9.9977 seconds
[2026.08.23-20.26.15:923][308]LogCollectionManager: Fixed up redirectors for 0 collections in 0.000006 seconds (updated 0 objects)
[2026.08.23-20.34.30:490][162]LogTemp: Repeating last play command: Selected Viewport
[2026.08.23-20.34.30:547][162]LogPlayLevel: PlayLevel: No blueprints needed recompiling
[2026.08.23-20.34.30:585][162]PIE: New page: PIE session: Brackeys2026Map (23 ago. 2026 14:34:30)
[2026.08.23-20.34.30:628][162]LogOnline: OSS: Creating online subsystem instance for: NULL
[2026.08.23-20.34.30:638][162]LogOnline: OSS: TryLoadSubsystemAndSetDefault: Loaded subsystem for module [NULL]
[2026.08.23-20.34.30:653][162]LogPlayLevel: Creating play world package: /Game/Brackeys2026/Levels/UEDPIE_0_Brackeys2026Map
[2026.08.23-20.34.30:668][162]LogPlayLevel: PIE: StaticDuplicateObject took: (0.014809s)
[2026.08.23-20.34.30:669][162]LogAIModule: Creating AISystem for world Brackeys2026Map
[2026.08.23-20.34.30:680][162]LogPlayLevel: PIE: World Init took: (0.013069s)
[2026.08.23-20.34.30:685][162]LogPlayLevel: PIE: Created PIE world by copying editor world from /Game/Brackeys2026/Levels/Brackeys2026Map.Brackeys2026Map to /Game/Brackeys2026/Levels/UEDPIE_0_Brackeys2026Map.Brackeys2026Map (0.032337s)
[2026.08.23-20.34.30:698][162]LogUObjectHash: Compacting FUObjectHashTables data took   0.65ms
[2026.08.23-20.34.30:716][162]LogAudio: Display: Creating Audio Device:                 Id: 2, Scope: Unique, Realtime: True
[2026.08.23-20.34.30:716][162]LogAudioMixer: Display: Audio Mixer Platform Settings:
[2026.08.23-20.34.30:716][162]LogAudioMixer: Display: 	Sample Rate:						  48000
[2026.08.23-20.34.30:716][162]LogAudioMixer: Display: 	Callback Buffer Frame Size Requested: 1024
[2026.08.23-20.34.30:716][162]LogAudioMixer: Display: 	Callback Buffer Frame Size To Use:	  1024
[2026.08.23-20.34.30:716][162]LogAudioMixer: Display: 	Number of buffers to queue:			  2
[2026.08.23-20.34.30:716][162]LogAudioMixer: Display: 	Max Channels (voices):				  32
[2026.08.23-20.34.30:716][162]LogAudioMixer: Display: 	Number of Async Source Workers:		  0
[2026.08.23-20.34.30:716][162]LogAudio: Display: AudioDevice MaxSources: 32
[2026.08.23-20.34.30:716][162]LogAudio: Display: Audio Spatialization Plugin: None (built-in).
[2026.08.23-20.34.30:717][162]LogAudio: Display: Audio Reverb Plugin: None (built-in).
[2026.08.23-20.34.30:717][162]LogAudio: Display: Audio Occlusion Plugin: None (built-in).
[2026.08.23-20.34.30:717][162]LogAudioMixer: Display: Initializing audio mixer.
[2026.08.23-20.34.30:729][162]LogAudioMixer: Display: 0: FrontLeft
[2026.08.23-20.34.30:729][162]LogAudioMixer: Display: 1: FrontRight
[2026.08.23-20.34.30:747][162]LogAudioMixer: Display: Using Audio Device Altavoces (Realtek(R) Audio)
[2026.08.23-20.34.30:747][162]LogAudioMixer: Display: Initializing Sound Submixes...
[2026.08.23-20.34.30:747][162]LogAudioMixer: Display: Creating Master Submix 'MasterSubmixDefault'
[2026.08.23-20.34.30:747][162]LogAudioMixer: Display: Creating Master Submix 'MasterReverbSubmixDefault'
[2026.08.23-20.34.30:748][162]LogAudioMixer: Display: Creating Master Submix 'MasterEQSubmixDefault'
[2026.08.23-20.34.30:748][162]LogAudioMixer: FMixerPlatformXAudio2::StartAudioStream() called
[2026.08.23-20.34.30:748][162]LogAudioMixer: Display: Output buffers initialized: Frames=1024, Channels=2, Samples=2048
[2026.08.23-20.34.30:748][162]LogAudioMixer: Display: Starting AudioMixerPlatformInterface::RunInternal()
[2026.08.23-20.34.30:748][162]LogAudioMixer: Display: FMixerPlatformXAudio2::SubmitBuffer() called for the first time
[2026.08.23-20.34.30:748][162]LogInit: FAudioDevice initialized.
[2026.08.23-20.34.30:748][162]LogAudio: Display: Audio Device (ID: 2) registered with world 'Brackeys2026Map'.
[2026.08.23-20.34.31:344][162]LogLoad: Game class is 'BrackeysGameMode_C'
[2026.08.23-20.34.31:407][162]LogWorld: Bringing World /Game/Brackeys2026/Levels/UEDPIE_0_Brackeys2026Map.Brackeys2026Map up for play (max tick rate 0) at 2026.08.23-17.34.31
[2026.08.23-20.34.31:421][162]LogWorld: Bringing up level for play took: 0.015643
[2026.08.23-20.34.31:437][162]LogOnline: OSS: Creating online subsystem instance for: :Context_1
[2026.08.23-20.34.31:592][162]LogNativeClassHierarchy: Verbose: Native class hierarchy updated for 'MovieSceneCapture' in 0.0004 seconds. Added 20 classes and 0 folders.
[2026.08.23-20.34.31:876][162]PIE: Server logged in
[2026.08.23-20.34.31:885][162]PIE: Play in editor total start time 1.375 seconds.
[2026.08.23-20.34.41:937][213]LogSlate: Updating window title bar state: overlay mode, drag disabled, window buttons hidden, title bar hidden
[2026.08.23-20.34.41:937][213]LogWorld: BeginTearingDown for /Game/Brackeys2026/Levels/UEDPIE_0_Brackeys2026Map
[2026.08.23-20.34.41:964][213]LogWorld: UWorld::CleanupWorld for Brackeys2026Map, bSessionEnded=true, bCleanupResources=true
[2026.08.23-20.34.41:964][213]LogSlate: InvalidateAllWidgets triggered.  All widgets were invalidated
[2026.08.23-20.34.41:993][213]LogPlayLevel: Display: Shutting down PIE online subsystems
[2026.08.23-20.34.41:995][213]LogSlate: InvalidateAllWidgets triggered.  All widgets were invalidated
[2026.08.23-20.34.42:006][213]LogAudio: Display: Audio Device unregistered from world 'None'.
[2026.08.23-20.34.42:020][213]LogAudioMixer: FMixerPlatformXAudio2::StopAudioStream() called
[2026.08.23-20.34.42:025][213]LogAudioMixer: FMixerPlatformXAudio2::StopAudioStream() called
[2026.08.23-20.34.42:044][213]LogSlate: Updating window title bar state: overlay mode, drag disabled, window buttons hidden, title bar hidden
[2026.08.23-20.34.42:119][213]LogUObjectHash: Compacting FUObjectHashTables data took   0.88ms
[2026.08.23-20.34.42:154][214]LogPlayLevel: Display: Destroying online subsystem :Context_1
[2026.08.23-20.34.49:506][823]LogAssetEditorSubsystem: Opening Asset editor for Blueprint /Game/Brackeys2026/Characters/Player/BrackeysPlayerCharacter.BrackeysPlayerCharacter
[2026.08.23-20.34.50:395][823]LogNativeClassHierarchy: Verbose: Native class hierarchy updated for 'BlueprintGraph' in 0.0006 seconds. Added 126 classes and 0 folders.
[2026.08.23-20.34.51:855][823]LogSlate: Took 0.010009 seconds to synchronously load lazily loaded font '../../../Engine/Content/Slate/Fonts/Roboto-BoldCondensed.ttf' (158K)
[2026.08.23-20.35.02:352][447]LogAssetEditorSubsystem: Opening Asset editor for Blueprint /Game/Brackeys2026/Characters/Player/BrackeysPlayerController.BrackeysPlayerController
[2026.08.23-20.35.05:834][677]LogSlate: Took 0.014292 seconds to synchronously load lazily loaded font '../../../Engine/Content/Slate/Fonts/Roboto-Italic.ttf' (157K)
[2026.08.23-20.35.19:204][492]LogTemp: Repeating last play command: Selected Viewport
[2026.08.23-20.35.19:208][492]LogPlayLevel: PlayLevel: No blueprints needed recompiling
[2026.08.23-20.35.19:208][492]PIE: New page: PIE session: Brackeys2026Map (23 ago. 2026 14:35:19)
[2026.08.23-20.35.19:233][492]LogPlayLevel: Creating play world package: /Game/Brackeys2026/Levels/UEDPIE_0_Brackeys2026Map
[2026.08.23-20.35.19:235][492]LogPlayLevel: PIE: StaticDuplicateObject took: (0.001859s)
[2026.08.23-20.35.19:236][492]LogAIModule: Creating AISystem for world Brackeys2026Map
[2026.08.23-20.35.19:236][492]LogPlayLevel: PIE: World Init took: (0.000995s)
[2026.08.23-20.35.19:236][492]LogPlayLevel: PIE: Created PIE world by copying editor world from /Game/Brackeys2026/Levels/Brackeys2026Map.Brackeys2026Map to /Game/Brackeys2026/Levels/UEDPIE_0_Brackeys2026Map.Brackeys2026Map (0.003044s)
[2026.08.23-20.35.19:265][492]LogUObjectHash: Compacting FUObjectHashTables data took   2.07ms
[2026.08.23-20.35.19:266][492]LogAudio: Display: Creating Audio Device:                 Id: 3, Scope: Unique, Realtime: True
[2026.08.23-20.35.19:266][492]LogAudioMixer: Display: Audio Mixer Platform Settings:
[2026.08.23-20.35.19:266][492]LogAudioMixer: Display: 	Sample Rate:						  48000
[2026.08.23-20.35.19:266][492]LogAudioMixer: Display: 	Callback Buffer Frame Size Requested: 1024
[2026.08.23-20.35.19:266][492]LogAudioMixer: Display: 	Callback Buffer Frame Size To Use:	  1024
[2026.08.23-20.35.19:266][492]LogAudioMixer: Display: 	Number of buffers to queue:			  2
[2026.08.23-20.35.19:266][492]LogAudioMixer: Display: 	Max Channels (voices):				  32
[2026.08.23-20.35.19:266][492]LogAudioMixer: Display: 	Number of Async Source Workers:		  0
[2026.08.23-20.35.19:266][492]LogAudio: Display: AudioDevice MaxSources: 32
[2026.08.23-20.35.19:266][492]LogAudio: Display: Audio Spatialization Plugin: None (built-in).
[2026.08.23-20.35.19:266][492]LogAudio: Display: Audio Reverb Plugin: None (built-in).
[2026.08.23-20.35.19:266][492]LogAudio: Display: Audio Occlusion Plugin: None (built-in).
[2026.08.23-20.35.19:266][492]LogAudioMixer: Display: Initializing audio mixer.
[2026.08.23-20.35.19:270][492]LogAudioMixer: Display: 0: FrontLeft
[2026.08.23-20.35.19:270][492]LogAudioMixer: Display: 1: FrontRight
[2026.08.23-20.35.19:285][492]LogAudioMixer: Display: Using Audio Device Altavoces (Realtek(R) Audio)
[2026.08.23-20.35.19:285][492]LogAudioMixer: Display: Initializing Sound Submixes...
[2026.08.23-20.35.19:285][492]LogAudioMixer: Display: Creating Master Submix 'MasterSubmixDefault'
[2026.08.23-20.35.19:285][492]LogAudioMixer: Display: Creating Master Submix 'MasterReverbSubmixDefault'
[2026.08.23-20.35.19:286][492]LogAudioMixer: Display: Creating Master Submix 'MasterEQSubmixDefault'
[2026.08.23-20.35.19:286][492]LogAudioMixer: FMixerPlatformXAudio2::StartAudioStream() called
[2026.08.23-20.35.19:286][492]LogAudioMixer: Display: Output buffers initialized: Frames=1024, Channels=2, Samples=2048
[2026.08.23-20.35.19:286][492]LogAudioMixer: Display: Starting AudioMixerPlatformInterface::RunInternal()
[2026.08.23-20.35.19:286][492]LogAudioMixer: Display: FMixerPlatformXAudio2::SubmitBuffer() called for the first time
[2026.08.23-20.35.19:286][492]LogInit: FAudioDevice initialized.
[2026.08.23-20.35.19:286][492]LogAudio: Display: Audio Device (ID: 3) registered with world 'Brackeys2026Map'.
[2026.08.23-20.35.19:298][492]LogLoad: Game class is 'BrackeysGameMode_C'
[2026.08.23-20.35.19:299][492]LogWorld: Bringing World /Game/Brackeys2026/Levels/UEDPIE_0_Brackeys2026Map.Brackeys2026Map up for play (max tick rate 0) at 2026.08.23-17.35.19
[2026.08.23-20.35.19:299][492]LogWorld: Bringing up level for play took: 0.000565
[2026.08.23-20.35.19:299][492]LogOnline: OSS: Creating online subsystem instance for: :Context_5
[2026.08.23-20.35.19:306][492]PIE: Server logged in
[2026.08.23-20.35.19:307][492]PIE: Play in editor total start time 0.1 seconds.
[2026.08.23-20.35.26:584][106]LogSlate: Updating window title bar state: overlay mode, drag disabled, window buttons hidden, title bar hidden
[2026.08.23-20.35.26:584][106]LogWorld: BeginTearingDown for /Game/Brackeys2026/Levels/UEDPIE_0_Brackeys2026Map
[2026.08.23-20.35.26:585][106]LogWorld: UWorld::CleanupWorld for Brackeys2026Map, bSessionEnded=true, bCleanupResources=true
[2026.08.23-20.35.26:585][106]LogSlate: InvalidateAllWidgets triggered.  All widgets were invalidated
[2026.08.23-20.35.26:594][106]LogPlayLevel: Display: Shutting down PIE online subsystems
[2026.08.23-20.35.26:596][106]LogSlate: InvalidateAllWidgets triggered.  All widgets were invalidated
[2026.08.23-20.35.26:613][106]LogAudio: Display: Audio Device unregistered from world 'None'.
[2026.08.23-20.35.26:613][106]LogAudioMixer: FMixerPlatformXAudio2::StopAudioStream() called
[2026.08.23-20.35.26:614][106]LogAudioMixer: FMixerPlatformXAudio2::StopAudioStream() called
[2026.08.23-20.35.26:617][106]LogSlate: Updating window title bar state: overlay mode, drag disabled, window buttons hidden, title bar hidden
[2026.08.23-20.35.26:619][106]LogUObjectHash: Compacting FUObjectHashTables data took   1.44ms
[2026.08.23-20.35.26:664][109]LogPlayLevel: Display: Destroying online subsystem :Context_5
[2026.08.23-20.37.20:286][679]LogTemp: Repeating last play command: Selected Viewport
[2026.08.23-20.37.20:290][679]LogPlayLevel: PlayLevel: No blueprints needed recompiling
[2026.08.23-20.37.20:290][679]PIE: New page: PIE session: Brackeys2026Map (23 ago. 2026 14:37:20)
[2026.08.23-20.37.20:290][679]LogPlayLevel: Creating play world package: /Game/Brackeys2026/Levels/UEDPIE_0_Brackeys2026Map
[2026.08.23-20.37.20:292][679]LogPlayLevel: PIE: StaticDuplicateObject took: (0.001778s)
[2026.08.23-20.37.20:292][679]LogAIModule: Creating AISystem for world Brackeys2026Map
[2026.08.23-20.37.20:298][679]LogPlayLevel: PIE: World Init took: (0.005305s)
[2026.08.23-20.37.20:298][679]LogPlayLevel: PIE: Created PIE world by copying editor world from /Game/Brackeys2026/Levels/Brackeys2026Map.Brackeys2026Map to /Game/Brackeys2026/Levels/UEDPIE_0_Brackeys2026Map.Brackeys2026Map (0.007209s)
[2026.08.23-20.37.20:317][679]LogUObjectHash: Compacting FUObjectHashTables data took   1.51ms
[2026.08.23-20.37.20:317][679]LogAudio: Display: Creating Audio Device:                 Id: 4, Scope: Unique, Realtime: True
[2026.08.23-20.37.20:318][679]LogAudioMixer: Display: Audio Mixer Platform Settings:
[2026.08.23-20.37.20:318][679]LogAudioMixer: Display: 	Sample Rate:						  48000
[2026.08.23-20.37.20:318][679]LogAudioMixer: Display: 	Callback Buffer Frame Size Requested: 1024
[2026.08.23-20.37.20:318][679]LogAudioMixer: Display: 	Callback Buffer Frame Size To Use:	  1024
[2026.08.23-20.37.20:318][679]LogAudioMixer: Display: 	Number of buffers to queue:			  2
[2026.08.23-20.37.20:318][679]LogAudioMixer: Display: 	Max Channels (voices):				  32
[2026.08.23-20.37.20:318][679]LogAudioMixer: Display: 	Number of Async Source Workers:		  0
[2026.08.23-20.37.20:318][679]LogAudio: Display: AudioDevice MaxSources: 32
[2026.08.23-20.37.20:318][679]LogAudio: Display: Audio Spatialization Plugin: None (built-in).
[2026.08.23-20.37.20:318][679]LogAudio: Display: Audio Reverb Plugin: None (built-in).
[2026.08.23-20.37.20:318][679]LogAudio: Display: Audio Occlusion Plugin: None (built-in).
[2026.08.23-20.37.20:318][679]LogAudioMixer: Display: Initializing audio mixer.
[2026.08.23-20.37.20:323][679]LogAudioMixer: Display: 0: FrontLeft
[2026.08.23-20.37.20:323][679]LogAudioMixer: Display: 1: FrontRight
[2026.08.23-20.37.20:338][679]LogAudioMixer: Display: Using Audio Device Altavoces (Realtek(R) Audio)
[2026.08.23-20.37.20:338][679]LogAudioMixer: Display: Initializing Sound Submixes...
[2026.08.23-20.37.20:338][679]LogAudioMixer: Display: Creating Master Submix 'MasterSubmixDefault'
[2026.08.23-20.37.20:338][679]LogAudioMixer: Display: Creating Master Submix 'MasterReverbSubmixDefault'
[2026.08.23-20.37.20:338][679]LogAudioMixer: Display: Creating Master Submix 'MasterEQSubmixDefault'
[2026.08.23-20.37.20:338][679]LogAudioMixer: FMixerPlatformXAudio2::StartAudioStream() called
[2026.08.23-20.37.20:338][679]LogAudioMixer: Display: Output buffers initialized: Frames=1024, Channels=2, Samples=2048
[2026.08.23-20.37.20:339][679]LogAudioMixer: Display: Starting AudioMixerPlatformInterface::RunInternal()
[2026.08.23-20.37.20:339][679]LogAudioMixer: Display: FMixerPlatformXAudio2::SubmitBuffer() called for the first time
[2026.08.23-20.37.20:339][679]LogInit: FAudioDevice initialized.
[2026.08.23-20.37.20:339][679]LogAudio: Display: Audio Device (ID: 4) registered with world 'Brackeys2026Map'.
[2026.08.23-20.37.20:344][679]LogLoad: Game class is 'BrackeysGameMode_C'
[2026.08.23-20.37.20:345][679]LogWorld: Bringing World /Game/Brackeys2026/Levels/UEDPIE_0_Brackeys2026Map.Brackeys2026Map up for play (max tick rate 0) at 2026.08.23-17.37.20
[2026.08.23-20.37.20:345][679]LogWorld: Bringing up level for play took: 0.000452
[2026.08.23-20.37.20:345][679]LogOnline: OSS: Creating online subsystem instance for: :Context_6
[2026.08.23-20.37.20:347][679]PIE: Server logged in
[2026.08.23-20.37.20:349][679]PIE: Play in editor total start time 0.059 seconds.
[2026.08.23-20.37.26:294][182]LogSlate: Updating window title bar state: overlay mode, drag disabled, window buttons hidden, title bar hidden
[2026.08.23-20.37.26:294][182]LogWorld: BeginTearingDown for /Game/Brackeys2026/Levels/UEDPIE_0_Brackeys2026Map
[2026.08.23-20.37.26:295][182]LogWorld: UWorld::CleanupWorld for Brackeys2026Map, bSessionEnded=true, bCleanupResources=true
[2026.08.23-20.37.26:295][182]LogSlate: InvalidateAllWidgets triggered.  All widgets were invalidated
[2026.08.23-20.37.26:307][182]LogPlayLevel: Display: Shutting down PIE online subsystems
[2026.08.23-20.37.26:309][182]LogSlate: InvalidateAllWidgets triggered.  All widgets were invalidated
[2026.08.23-20.37.26:325][182]LogSlate: Updating window title bar state: overlay mode, drag disabled, window buttons hidden, title bar hidden
[2026.08.23-20.37.26:325][182]LogAudioMixer: FMixerPlatformXAudio2::StopAudioStream() called
[2026.08.23-20.37.26:327][182]LogAudioMixer: FMixerPlatformXAudio2::StopAudioStream() called
[2026.08.23-20.37.26:331][182]LogUObjectHash: Compacting FUObjectHashTables data took   1.50ms
[2026.08.23-20.37.26:353][183]LogPlayLevel: Display: Destroying online subsystem :Context_6
[2026.08.23-20.37.27:606][277]LogTemp: Repeating last play command: Selected Viewport
[2026.08.23-20.37.27:611][277]LogPlayLevel: PlayLevel: No blueprints needed recompiling
[2026.08.23-20.37.27:611][277]PIE: New page: PIE session: Brackeys2026Map (23 ago. 2026 14:37:27)
[2026.08.23-20.37.27:643][277]LogPlayLevel: Creating play world package: /Game/Brackeys2026/Levels/UEDPIE_0_Brackeys2026Map
[2026.08.23-20.37.27:645][277]LogPlayLevel: PIE: StaticDuplicateObject took: (0.002012s)
[2026.08.23-20.37.27:646][277]LogAIModule: Creating AISystem for world Brackeys2026Map
[2026.08.23-20.37.27:646][277]LogPlayLevel: PIE: World Init took: (0.000899s)
[2026.08.23-20.37.27:646][277]LogPlayLevel: PIE: Created PIE world by copying editor world from /Game/Brackeys2026/Levels/Brackeys2026Map.Brackeys2026Map to /Game/Brackeys2026/Levels/UEDPIE_0_Brackeys2026Map.Brackeys2026Map (0.003086s)
[2026.08.23-20.37.27:664][277]LogUObjectHash: Compacting FUObjectHashTables data took   1.48ms
[2026.08.23-20.37.27:664][277]LogAudio: Display: Creating Audio Device:                 Id: 5, Scope: Unique, Realtime: True
[2026.08.23-20.37.27:664][277]LogAudioMixer: Display: Audio Mixer Platform Settings:
[2026.08.23-20.37.27:664][277]LogAudioMixer: Display: 	Sample Rate:						  48000
[2026.08.23-20.37.27:664][277]LogAudioMixer: Display: 	Callback Buffer Frame Size Requested: 1024
[2026.08.23-20.37.27:664][277]LogAudioMixer: Display: 	Callback Buffer Frame Size To Use:	  1024
[2026.08.23-20.37.27:664][277]LogAudioMixer: Display: 	Number of buffers to queue:			  2
[2026.08.23-20.37.27:664][277]LogAudioMixer: Display: 	Max Channels (voices):				  32
[2026.08.23-20.37.27:664][277]LogAudioMixer: Display: 	Number of Async Source Workers:		  0
[2026.08.23-20.37.27:664][277]LogAudio: Display: AudioDevice MaxSources: 32
[2026.08.23-20.37.27:664][277]LogAudio: Display: Audio Spatialization Plugin: None (built-in).
[2026.08.23-20.37.27:664][277]LogAudio: Display: Audio Reverb Plugin: None (built-in).
[2026.08.23-20.37.27:664][277]LogAudio: Display: Audio Occlusion Plugin: None (built-in).
[2026.08.23-20.37.27:664][277]LogAudioMixer: Display: Initializing audio mixer.
[2026.08.23-20.37.27:669][277]LogAudioMixer: Display: 0: FrontLeft
[2026.08.23-20.37.27:669][277]LogAudioMixer: Display: 1: FrontRight
[2026.08.23-20.37.27:685][277]LogAudioMixer: Display: Using Audio Device Altavoces (Realtek(R) Audio)
[2026.08.23-20.37.27:685][277]LogAudioMixer: Display: Initializing Sound Submixes...
[2026.08.23-20.37.27:685][277]LogAudioMixer: Display: Creating Master Submix 'MasterSubmixDefault'
[2026.08.23-20.37.27:685][277]LogAudioMixer: Display: Creating Master Submix 'MasterReverbSubmixDefault'
[2026.08.23-20.37.27:685][277]LogAudioMixer: Display: Creating Master Submix 'MasterEQSubmixDefault'
[2026.08.23-20.37.27:685][277]LogAudioMixer: FMixerPlatformXAudio2::StartAudioStream() called
[2026.08.23-20.37.27:685][277]LogAudioMixer: Display: Output buffers initialized: Frames=1024, Channels=2, Samples=2048
[2026.08.23-20.37.27:686][277]LogAudioMixer: Display: Starting AudioMixerPlatformInterface::RunInternal()
[2026.08.23-20.37.27:686][277]LogAudioMixer: Display: FMixerPlatformXAudio2::SubmitBuffer() called for the first time
[2026.08.23-20.37.27:686][277]LogInit: FAudioDevice initialized.
[2026.08.23-20.37.27:686][277]LogAudio: Display: Audio Device (ID: 5) registered with world 'Brackeys2026Map'.
[2026.08.23-20.37.27:690][277]LogLoad: Game class is 'BrackeysGameMode_C'
[2026.08.23-20.37.27:691][277]LogWorld: Bringing World /Game/Brackeys2026/Levels/UEDPIE_0_Brackeys2026Map.Brackeys2026Map up for play (max tick rate 0) at 2026.08.23-17.37.27
[2026.08.23-20.37.27:691][277]LogWorld: Bringing up level for play took: 0.000458
[2026.08.23-20.37.27:691][277]LogOnline: OSS: Creating online subsystem instance for: :Context_7
[2026.08.23-20.37.27:695][277]PIE: Server logged in
[2026.08.23-20.37.27:695][277]PIE: Play in editor total start time 0.084 seconds.
[2026.08.23-20.37.31:233][576]LogSlate: Updating window title bar state: overlay mode, drag disabled, window buttons hidden, title bar hidden
[2026.08.23-20.37.31:233][576]LogWorld: BeginTearingDown for /Game/Brackeys2026/Levels/UEDPIE_0_Brackeys2026Map
[2026.08.23-20.37.31:235][576]LogWorld: UWorld::CleanupWorld for Brackeys2026Map, bSessionEnded=true, bCleanupResources=true
[2026.08.23-20.37.31:235][576]LogSlate: InvalidateAllWidgets triggered.  All widgets were invalidated
[2026.08.23-20.37.31:249][576]LogPlayLevel: Display: Shutting down PIE online subsystems
[2026.08.23-20.37.31:251][576]LogSlate: InvalidateAllWidgets triggered.  All widgets were invalidated
[2026.08.23-20.37.31:268][576]LogSlate: Updating window title bar state: overlay mode, drag disabled, window buttons hidden, title bar hidden
[2026.08.23-20.37.31:268][576]LogAudioMixer: FMixerPlatformXAudio2::StopAudioStream() called
[2026.08.23-20.37.31:269][576]LogAudioMixer: FMixerPlatformXAudio2::StopAudioStream() called
[2026.08.23-20.37.31:274][576]LogUObjectHash: Compacting FUObjectHashTables data took   1.48ms
[2026.08.23-20.37.31:293][577]LogPlayLevel: Display: Destroying online subsystem :Context_7
[2026.08.23-20.38.01:576][603]LogTemp: Repeating last play command: Selected Viewport
[2026.08.23-20.38.01:581][603]LogPlayLevel: PlayLevel: No blueprints needed recompiling
[2026.08.23-20.38.01:581][603]PIE: New page: PIE session: Brackeys2026Map (23 ago. 2026 14:38:01)
[2026.08.23-20.38.01:603][603]LogPlayLevel: Creating play world package: /Game/Brackeys2026/Levels/UEDPIE_0_Brackeys2026Map
[2026.08.23-20.38.01:605][603]LogPlayLevel: PIE: StaticDuplicateObject took: (0.001969s)
[2026.08.23-20.38.01:606][603]LogAIModule: Creating AISystem for world Brackeys2026Map
[2026.08.23-20.38.01:606][603]LogPlayLevel: PIE: World Init took: (0.000872s)
[2026.08.23-20.38.01:606][603]LogPlayLevel: PIE: Created PIE world by copying editor world from /Game/Brackeys2026/Levels/Brackeys2026Map.Brackeys2026Map to /Game/Brackeys2026/Levels/UEDPIE_0_Brackeys2026Map.Brackeys2026Map (0.003018s)
[2026.08.23-20.38.01:624][603]LogUObjectHash: Compacting FUObjectHashTables data took   1.49ms
[2026.08.23-20.38.01:625][603]LogAudio: Display: Creating Audio Device:                 Id: 6, Scope: Unique, Realtime: True
[2026.08.23-20.38.01:625][603]LogAudioMixer: Display: Audio Mixer Platform Settings:
[2026.08.23-20.38.01:625][603]LogAudioMixer: Display: 	Sample Rate:						  48000
[2026.08.23-20.38.01:625][603]LogAudioMixer: Display: 	Callback Buffer Frame Size Requested: 1024
[2026.08.23-20.38.01:625][603]LogAudioMixer: Display: 	Callback Buffer Frame Size To Use:	  1024
[2026.08.23-20.38.01:625][603]LogAudioMixer: Display: 	Number of buffers to queue:			  2
[2026.08.23-20.38.01:625][603]LogAudioMixer: Display: 	Max Channels (voices):				  32
[2026.08.23-20.38.01:625][603]LogAudioMixer: Display: 	Number of Async Source Workers:		  0
[2026.08.23-20.38.01:625][603]LogAudio: Display: AudioDevice MaxSources: 32
[2026.08.23-20.38.01:625][603]LogAudio: Display: Audio Spatialization Plugin: None (built-in).
[2026.08.23-20.38.01:625][603]LogAudio: Display: Audio Reverb Plugin: None (built-in).
[2026.08.23-20.38.01:625][603]LogAudio: Display: Audio Occlusion Plugin: None (built-in).
[2026.08.23-20.38.01:625][603]LogAudioMixer: Display: Initializing audio mixer.
[2026.08.23-20.38.01:629][603]LogAudioMixer: Display: 0: FrontLeft
[2026.08.23-20.38.01:629][603]LogAudioMixer: Display: 1: FrontRight
[2026.08.23-20.38.01:645][603]LogAudioMixer: Display: Using Audio Device Altavoces (Realtek(R) Audio)
[2026.08.23-20.38.01:645][603]LogAudioMixer: Display: Initializing Sound Submixes...
[2026.08.23-20.38.01:645][603]LogAudioMixer: Display: Creating Master Submix 'MasterSubmixDefault'
[2026.08.23-20.38.01:645][603]LogAudioMixer: Display: Creating Master Submix 'MasterReverbSubmixDefault'
[2026.08.23-20.38.01:646][603]LogAudioMixer: Display: Creating Master Submix 'MasterEQSubmixDefault'
[2026.08.23-20.38.01:646][603]LogAudioMixer: FMixerPlatformXAudio2::StartAudioStream() called
[2026.08.23-20.38.01:646][603]LogAudioMixer: Display: Output buffers initialized: Frames=1024, Channels=2, Samples=2048
[2026.08.23-20.38.01:646][603]LogAudioMixer: Display: Starting AudioMixerPlatformInterface::RunInternal()
[2026.08.23-20.38.01:646][603]LogAudioMixer: Display: FMixerPlatformXAudio2::SubmitBuffer() called for the first time
[2026.08.23-20.38.01:646][603]LogInit: FAudioDevice initialized.
[2026.08.23-20.38.01:646][603]LogAudio: Display: Audio Device (ID: 6) registered with world 'Brackeys2026Map'.
[2026.08.23-20.38.01:657][603]LogLoad: Game class is 'BrackeysGameMode_C'
[2026.08.23-20.38.01:658][603]LogWorld: Bringing World /Game/Brackeys2026/Levels/UEDPIE_0_Brackeys2026Map.Brackeys2026Map up for play (max tick rate 0) at 2026.08.23-17.38.01
[2026.08.23-20.38.01:658][603]LogWorld: Bringing up level for play took: 0.000443
[2026.08.23-20.38.01:658][603]LogOnline: OSS: Creating online subsystem instance for: :Context_8
[2026.08.23-20.38.01:660][603]PIE: Server logged in
[2026.08.23-20.38.01:661][603]PIE: Play in editor total start time 0.08 seconds.
[2026.08.23-20.38.06:534][ 43]LogSlate: Updating window title bar state: overlay mode, drag disabled, window buttons hidden, title bar hidden
[2026.08.23-20.38.06:534][ 43]LogWorld: BeginTearingDown for /Game/Brackeys2026/Levels/UEDPIE_0_Brackeys2026Map
[2026.08.23-20.38.06:534][ 43]LogWorld: UWorld::CleanupWorld for Brackeys2026Map, bSessionEnded=true, bCleanupResources=true
[2026.08.23-20.38.06:534][ 43]LogSlate: InvalidateAllWidgets triggered.  All widgets were invalidated
[2026.08.23-20.38.06:549][ 43]LogPlayLevel: Display: Shutting down PIE online subsystems
[2026.08.23-20.38.06:552][ 43]LogSlate: InvalidateAllWidgets triggered.  All widgets were invalidated
[2026.08.23-20.38.06:569][ 43]LogSlate: Updating window title bar state: overlay mode, drag disabled, window buttons hidden, title bar hidden
[2026.08.23-20.38.06:569][ 43]LogAudioMixer: FMixerPlatformXAudio2::StopAudioStream() called
[2026.08.23-20.38.06:570][ 43]LogAudioMixer: FMixerPlatformXAudio2::StopAudioStream() called
[2026.08.23-20.38.06:575][ 43]LogUObjectHash: Compacting FUObjectHashTables data took   1.41ms
[2026.08.23-20.38.06:595][ 44]LogPlayLevel: Display: Destroying online subsystem :Context_8
[2026.08.23-20.44.57:114][358]LogSlate: Window 'Editor Preferences' being destroyed
[2026.08.23-20.44.57:128][358]LogSlate: Window 'Editor Preferences' being destroyed
[2026.08.23-20.45.00:625][660]Cmd: CLOSE_SLATE_MAINFRAME
[2026.08.23-20.45.00:656][660]LogUObjectHash: Compacting FUObjectHashTables data took   1.99ms
[2026.08.23-20.45.00:718][660]LogWorld: UWorld::CleanupWorld for World_1, bSessionEnded=true, bCleanupResources=true
[2026.08.23-20.45.00:719][660]LogSlate: InvalidateAllWidgets triggered.  All widgets were invalidated
[2026.08.23-20.45.00:811][660]LogSlate: Window 'BrackeysPlayerController' being destroyed
[2026.08.23-20.45.00:818][660]LogActorComponent: UnregisterComponent: (/Engine/Transient.EditorFloorComp) Not registered. Aborting.
[2026.08.23-20.45.00:818][660]LogWorld: UWorld::CleanupWorld for World_2, bSessionEnded=true, bCleanupResources=true
[2026.08.23-20.45.00:818][660]LogSlate: InvalidateAllWidgets triggered.  All widgets were invalidated
[2026.08.23-20.45.00:916][660]LogSlate: Window 'BrackeysJam2026 - Unreal Editor' being destroyed
[2026.08.23-20.45.01:103][661]Cmd: QUIT_EDITOR
[2026.08.23-20.45.01:103][661]LogCore: Engine exit requested (reason: UUnrealEdEngine::CloseEditor())
[2026.08.23-20.45.01:143][661]LogCore: Engine exit requested (reason: EngineExit() was called; note: exit was already requested)
[2026.08.23-20.45.01:798][661]LogAudio: Display: Beginning Audio Device Manager Shutdown (Module: AudioMixerXAudio2)...
[2026.08.23-20.45.01:798][661]LogAudio: Display: Destroying 1 Remaining Audio Device(s)...
[2026.08.23-20.45.01:798][661]LogAudio: Display: Audio Device unregistered from world 'Brackeys2026Map'.
[2026.08.23-20.45.01:805][661]LogAudioMixer: FMixerPlatformXAudio2::StopAudioStream() called
[2026.08.23-20.45.01:806][661]LogAudioMixer: FMixerPlatformXAudio2::StopAudioStream() called
[2026.08.23-20.45.01:814][661]LogAudio: Display: Audio Device Manager Shutdown
[2026.08.23-20.45.01:821][661]LogWindowsTextInputMethodSystem: Display: IME system deactivated.
[2026.08.23-20.45.01:834][661]LogExit: Preparing to exit.
[2026.08.23-20.45.02:395][661]LogUObjectHash: Compacting FUObjectHashTables data took   1.57ms
[2026.08.23-20.45.02:933][661]LogActorComponent: UnregisterComponent: (None.None) Not registered. Aborting.
[2026.08.23-20.45.02:933][661]LogActorComponent: UnregisterComponent: (None.None) Not registered. Aborting.
[2026.08.23-20.45.02:933][661]LogActorComponent: UnregisterComponent: (None.None) Not registered. Aborting.
[2026.08.23-20.45.02:933][661]LogActorComponent: UnregisterComponent: (None.None) Not registered. Aborting.
[2026.08.23-20.45.02:933][661]LogActorComponent: UnregisterComponent: (None.None) Not registered. Aborting.
[2026.08.23-20.45.02:933][661]LogActorComponent: UnregisterComponent: (None.None) Not registered. Aborting.
[2026.08.23-20.45.02:933][661]LogActorComponent: UnregisterComponent: (None.None) Not registered. Aborting.
[2026.08.23-20.45.02:933][661]LogWorld: UWorld::CleanupWorld for None, bSessionEnded=true, bCleanupResources=true
[2026.08.23-20.45.03:062][661]LogDemo: Cleaned up 0 splitscreen connections with owner deletion
[2026.08.23-20.45.03:114][661]LogExit: Transaction tracking system shut down
[2026.08.23-20.45.03:280][661]LogExit: Editor shut down
[2026.08.23-20.45.05:172][661]LogExit: Object subsystem successfully closed.
[2026.08.23-20.45.05:190][661]LogShaderCompilers: Display: === FShaderJobCache stats ===
[2026.08.23-20.45.05:190][661]LogShaderCompilers: Display: Total job queries 0, among them cache hits 0 (0.00%)
[2026.08.23-20.45.05:190][661]LogShaderCompilers: Display: Tracking 0 distinct input hashes that result in 0 distinct outputs (0.00%)
[2026.08.23-20.45.05:193][661]LogShaderCompilers: Display: RAM used: 0.00 MB (0.00 GB) of 716.80 MB (0.70 GB) budget. Usage: 0.00%
[2026.08.23-20.45.05:193][661]LogShaderCompilers: Display: ================================================
[2026.08.23-20.45.05:351][661]LogShaderCompilers: Display: Shaders left to compile 0
[2026.08.23-20.45.06:131][661]LogModuleManager: Shutting down and abandoning module BlueprintGraph (876)
[2026.08.23-20.45.06:131][661]LogModuleManager: Shutting down and abandoning module MovieSceneCapture (874)
[2026.08.23-20.45.06:131][661]LogModuleManager: Shutting down and abandoning module Voice (872)
[2026.08.23-20.45.06:145][661]LogModuleManager: Shutting down and abandoning module HierarchicalLODOutliner (870)
[2026.08.23-20.45.06:145][661]LogModuleManager: Shutting down and abandoning module SceneOutliner (868)
[2026.08.23-20.45.06:145][661]LogModuleManager: Shutting down and abandoning module AddContentDialog (866)
[2026.08.23-20.45.06:162][661]LogModuleManager: Shutting down and abandoning module WidgetCarousel (865)
[2026.08.23-20.45.06:163][661]LogModuleManager: Shutting down and abandoning module EditorWidgets (862)
[2026.08.23-20.45.06:163][661]LogModuleManager: Shutting down and abandoning module StatsViewer (860)
[2026.08.23-20.45.06:186][661]LogModuleManager: Shutting down and abandoning module PIEPreviewDeviceProfileSelector (858)
[2026.08.23-20.45.06:191][661]LogModuleManager: Shutting down and abandoning module SequenceRecorderSections (856)
[2026.08.23-20.45.06:205][661]LogModuleManager: Shutting down and abandoning module AutomationWorker (854)
[2026.08.23-20.45.06:212][661]LogModuleManager: Shutting down and abandoning module SteamVREditor (852)
[2026.08.23-20.45.06:212][661]LogModuleManager: Shutting down and abandoning module OculusMR (850)
[2026.08.23-20.45.06:212][661]LogModuleManager: Shutting down and abandoning module TakeRecorderSources (848)
[2026.08.23-20.45.06:240][661]LogModuleManager: Shutting down and abandoning module TakeRecorder (847)
[2026.08.23-20.45.06:255][661]LogModuleManager: Shutting down and abandoning module TakeTrackRecorders (844)
[2026.08.23-20.45.06:261][661]LogModuleManager: Shutting down and abandoning module TakesCore (842)
[2026.08.23-20.45.06:265][661]LogModuleManager: Shutting down and abandoning module OpenXRInput (840)
[2026.08.23-20.45.06:265][661]LogModuleManager: Shutting down and abandoning module GooglePADEditor (838)
[2026.08.23-20.45.06:265][661]LogModuleManager: Shutting down and abandoning module AudioCaptureEditor (836)
[2026.08.23-20.45.06:265][661]LogModuleManager: Shutting down and abandoning module TemplateSequenceEditor (834)
[2026.08.23-20.45.06:298][661]LogModuleManager: Shutting down and abandoning module MatineeToLevelSequence (832)
[2026.08.23-20.45.06:322][661]LogModuleManager: Shutting down and abandoning module ActorSequenceEditor (830)
[2026.08.23-20.45.06:340][661]LogModuleManager: Shutting down and abandoning module LevelSequenceEditor (828)
[2026.08.23-20.45.06:363][661]LogModuleManager: Shutting down and abandoning module WmfMediaFactory (826)
[2026.08.23-20.45.06:363][661]LogModuleManager: Shutting down and abandoning module WmfMediaEditor (824)
[2026.08.23-20.45.06:363][661]LogModuleManager: Shutting down and abandoning module WebMMediaFactory (822)
[2026.08.23-20.45.06:363][661]LogModuleManager: Shutting down and abandoning module WebMMediaEditor (820)
[2026.08.23-20.45.06:363][661]LogModuleManager: Shutting down and abandoning module WebMMedia (818)
[2026.08.23-20.45.06:377][661]LogModuleManager: Shutting down and abandoning module MediaPlayerEditor (816)
[2026.08.23-20.45.06:391][661]LogModuleManager: Shutting down and abandoning module MediaCompositingEditor (814)
[2026.08.23-20.45.06:430][661]LogModuleManager: Shutting down and abandoning module SequenceRecorder (813)
[2026.08.23-20.45.06:441][661]LogModuleManager: Shutting down and abandoning module OpenExrWrapper (810)
[2026.08.23-20.45.06:441][661]LogModuleManager: Shutting down and abandoning module ImgMediaFactory (808)
[2026.08.23-20.45.06:441][661]LogModuleManager: Shutting down and abandoning module ImgMediaEditor (806)
[2026.08.23-20.45.06:441][661]LogModuleManager: Shutting down and abandoning module AvfMediaFactory (804)
[2026.08.23-20.45.06:441][661]LogModuleManager: Shutting down and abandoning module AvfMediaEditor (802)
[2026.08.23-20.45.06:441][661]LogModuleManager: Shutting down and abandoning module MagicLeapMediaCodecFactory (800)
[2026.08.23-20.45.06:441][661]LogModuleManager: Shutting down and abandoning module MagicLeapMediaFactory (798)
[2026.08.23-20.45.06:441][661]LogModuleManager: Shutting down and abandoning module MagicLeapMediaEditor (796)
[2026.08.23-20.45.06:441][661]LogModuleManager: Shutting down and abandoning module AndroidMediaFactory (794)
[2026.08.23-20.45.06:441][661]LogModuleManager: Shutting down and abandoning module AndroidMediaEditor (792)
[2026.08.23-20.45.06:441][661]LogModuleManager: Shutting down and abandoning module PlanarCut (790)
[2026.08.23-20.45.06:459][661]LogModuleManager: Shutting down and abandoning module CharacterAI (788)
[2026.08.23-20.45.06:459][661]LogModuleManager: Shutting down and abandoning module TextureAlignMode (786)
[2026.08.23-20.45.06:459][661]LogModuleManager: Shutting down and abandoning module BspMode (784)
[2026.08.23-20.45.06:466][661]LogModuleManager: Shutting down and abandoning module GeometryMode (782)
[2026.08.23-20.45.06:476][661]LogModuleManager: Shutting down and abandoning module CameraShakePreviewer (780)
[2026.08.23-20.45.06:481][661]LogModuleManager: Shutting down and abandoning module SmartSnapping (778)
[2026.08.23-20.45.06:481][661]LogModuleManager: Shutting down and abandoning module SessionServices (776)
[2026.08.23-20.45.06:481][661]LogModuleManager: Shutting down and abandoning module MeshPaint (774)
[2026.08.23-20.45.06:520][661]LogModuleManager: Shutting down and abandoning module VirtualTexturingEditor (772)
[2026.08.23-20.45.06:533][661]LogModuleManager: Shutting down and abandoning module FoliageEdit (770)
[2026.08.23-20.45.06:545][661]LogModuleManager: Shutting down and abandoning module LandscapeEditor (768)
[2026.08.23-20.45.06:588][661]LogModuleManager: Shutting down and abandoning module MeshPaintMode (766)
[2026.08.23-20.45.06:588][661]LogModuleManager: Shutting down and abandoning module SceneDepthPickerMode (764)
[2026.08.23-20.45.06:588][661]LogModuleManager: Shutting down and abandoning module ActorPickerMode (762)
[2026.08.23-20.45.06:588][661]LogModuleManager: Shutting down and abandoning module PlacementMode (760)
[2026.08.23-20.45.06:588][661]LogModuleManager: Shutting down and abandoning module ViewportSnapping (758)
[2026.08.23-20.45.06:588][661]LogModuleManager: Shutting down and abandoning module ViewportInteraction (756)
[2026.08.23-20.45.06:588][661]LogModuleManager: Shutting down and abandoning module ClothPainter (754)
[2026.08.23-20.45.06:609][661]LogModuleManager: Shutting down and abandoning module SkeletalMeshEditor (753)
[2026.08.23-20.45.06:632][661]LogModuleManager: Shutting down and abandoning module LogVisualizer (750)
[2026.08.23-20.45.06:658][661]LogModuleManager: Shutting down and abandoning module IntroTutorials (748)
[2026.08.23-20.45.06:674][661]LogModuleManager: Shutting down and abandoning module GameProjectGeneration (747)
[2026.08.23-20.45.06:687][661]LogModuleManager: Shutting down and abandoning module LuminPlatformEditor (744)
[2026.08.23-20.45.06:687][661]LogModuleManager: Shutting down and abandoning module IOSPlatformEditor (742)
[2026.08.23-20.45.06:694][661]LogModuleManager: Shutting down and abandoning module AndroidPlatformEditor (740)
[2026.08.23-20.45.06:707][661]LogModuleManager: Shutting down and abandoning module AndroidDeviceDetection (739)
[2026.08.23-20.45.08:617][661]LogModuleManager: Shutting down and abandoning module WindowsPlatformEditor (736)
[2026.08.23-20.45.08:617][661]LogModuleManager: Shutting down and abandoning module LuminRuntimeSettings (734)
[2026.08.23-20.45.08:617][661]LogModuleManager: Shutting down and abandoning module IOSRuntimeSettings (732)
[2026.08.23-20.45.08:617][661]LogModuleManager: Shutting down and abandoning module AndroidRuntimeSettings (730)
[2026.08.23-20.45.08:617][661]LogModuleManager: Shutting down and abandoning module TraceInsights (728)
[2026.08.23-20.45.08:745][661]MemoryProfiler: Shutdown
[2026.08.23-20.45.08:745][661]NetworkingProfiler: Shutdown
[2026.08.23-20.45.08:745][661]LoadingProfiler: Shutdown
[2026.08.23-20.45.08:754][661]TimingProfiler: Shutdown
[2026.08.23-20.45.08:768][661]LogModuleManager: Shutting down and abandoning module TraceServices (727)
[2026.08.23-20.45.08:778][661]LogModuleManager: Shutting down and abandoning module EditorInteractiveToolsFramework (724)
[2026.08.23-20.45.08:779][661]LogModuleManager: Shutting down and abandoning module TimeManagementEditor (722)
[2026.08.23-20.45.08:779][661]LogModuleManager: Shutting down and abandoning module InputBindingEditor (720)
[2026.08.23-20.45.08:779][661]LogModuleManager: Shutting down and abandoning module MergeActors (718)
[2026.08.23-20.45.08:791][661]LogModuleManager: Shutting down and abandoning module LocalizationDashboard (716)
[2026.08.23-20.45.08:794][661]LogModuleManager: Shutting down and abandoning module LocalizationService (715)
[2026.08.23-20.45.08:798][661]LogModuleManager: Shutting down and abandoning module HardwareTargeting (712)
[2026.08.23-20.45.08:798][661]LogModuleManager: Shutting down and abandoning module DeviceProfileEditor (710)
[2026.08.23-20.45.08:802][661]LogModuleManager: Shutting down and abandoning module UndoHistory (708)
[2026.08.23-20.45.08:802][661]LogModuleManager: Shutting down and abandoning module XmlParser (706)
[2026.08.23-20.45.08:806][661]LogModuleManager: Shutting down and abandoning module Blutility (704)
[2026.08.23-20.45.08:806][661]LogModuleManager: Shutting down and abandoning module ProjectSettingsViewer (702)
[2026.08.23-20.45.08:806][661]LogModuleManager: Shutting down and abandoning module ProjectTargetPlatformEditor (701)
[2026.08.23-20.45.08:807][661]LogModuleManager: Shutting down and abandoning module EditorSettingsViewer (698)
[2026.08.23-20.45.08:807][661]LogModuleManager: Shutting down and abandoning module InternationalizationSettings (697)
[2026.08.23-20.45.08:807][661]LogModuleManager: Shutting down and abandoning module SettingsEditor (694)
[2026.08.23-20.45.08:807][661]LogModuleManager: Shutting down and abandoning module ProjectLauncher (692)
[2026.08.23-20.45.08:810][661]LogModuleManager: Shutting down and abandoning module SessionFrontend (690)
[2026.08.23-20.45.08:814][661]LogModuleManager: Shutting down and abandoning module ProfilerClient (688)
[2026.08.23-20.45.08:814][661]LogModuleManager: Shutting down and abandoning module DeviceManager (686)
[2026.08.23-20.45.08:822][661]LogModuleManager: Shutting down and abandoning module TargetDeviceServices (685)
[2026.08.23-20.45.08:854][661]LogModuleManager: Shutting down and abandoning module AutomationController (682)
[2026.08.23-20.45.08:864][661]LogModuleManager: Shutting down and abandoning module AutomationWindow (680)
[2026.08.23-20.45.08:869][661]LogModuleManager: Shutting down and abandoning module Layers (678)
[2026.08.23-20.45.08:890][661]LogModuleManager: Shutting down and abandoning module ComponentVisualizers (676)
[2026.08.23-20.45.08:891][661]LogModuleManager: Shutting down and abandoning module DetailCustomizations (674)
[2026.08.23-20.45.08:891][661]LogModuleManager: Shutting down and abandoning module PackagesDialog (672)
[2026.08.23-20.45.08:903][661]LogModuleManager: Shutting down and abandoning module AnimationBlueprintEditor (670)
[2026.08.23-20.45.08:911][661]LogModuleManager: Shutting down and abandoning module Persona (668)
[2026.08.23-20.45.08:925][661]LogModuleManager: Shutting down and abandoning module AdvancedPreviewScene (667)
[2026.08.23-20.45.08:926][661]LogModuleManager: Shutting down and abandoning module AnimGraph (665)
[2026.08.23-20.45.08:926][661]LogModuleManager: Shutting down and abandoning module Kismet (662)
[2026.08.23-20.45.08:936][661]LogModuleManager: Shutting down and abandoning module KismetWidgets (661)
[2026.08.23-20.45.08:936][661]LogModuleManager: Shutting down and abandoning module GraphEditor (658)
[2026.08.23-20.45.08:936][661]LogModuleManager: Shutting down and abandoning module StructViewer (656)
[2026.08.23-20.45.08:936][661]LogModuleManager: Shutting down and abandoning module ClassViewer (654)
[2026.08.23-20.45.08:936][661]LogModuleManager: Shutting down and abandoning module Toolbox (652)
[2026.08.23-20.45.08:936][661]LogModuleManager: Shutting down and abandoning module ModuleUI (650)
[2026.08.23-20.45.08:941][661]LogModuleManager: Shutting down and abandoning module OutputLog (648)
[2026.08.23-20.45.08:941][661]LogModuleManager: Shutting down and abandoning module GammaUI (646)
[2026.08.23-20.45.08:945][661]LogModuleManager: Shutting down and abandoning module Documentation (644)
[2026.08.23-20.45.08:945][661]LogModuleManager: Shutting down and abandoning module LiveCoding (642)
[2026.08.23-20.45.08:952][661]LogModuleManager: Shutting down and abandoning module LevelSequence (640)
[2026.08.23-20.45.08:952][661]LogModuleManager: Shutting down and abandoning module MovieSceneTracks (638)
[2026.08.23-20.45.08:952][661]LogModuleManager: Shutting down and abandoning module MovieScene (636)
[2026.08.23-20.45.08:967][661]LogModuleManager: Shutting down and abandoning module StreamingPauseRendering (634)
[2026.08.23-20.45.08:973][661]LogModuleManager: Shutting down and abandoning module LauncherPlatform (632)
[2026.08.23-20.45.08:973][661]LogModuleManager: Shutting down and abandoning module AnalyticsET (630)
[2026.08.23-20.45.08:973][661]LogModuleManager: Shutting down and abandoning module PortalServices (628)
[2026.08.23-20.45.08:973][661]LogModuleManager: Shutting down and abandoning module PortalRpc (626)
[2026.08.23-20.45.08:973][661]LogModuleManager: Shutting down and abandoning module MessagingRpc (624)
[2026.08.23-20.45.08:973][661]LogModuleManager: Shutting down and abandoning module AudioMixerXAudio2 (622)
[2026.08.23-20.45.08:973][661]LogModuleManager: Shutting down and abandoning module AudioMixerCore (621)
[2026.08.23-20.45.08:973][661]LogModuleManager: Shutting down and abandoning module AIModule (618)
[2026.08.23-20.45.08:975][661]LogModuleManager: Shutting down and abandoning module GameplayDebugger (617)
[2026.08.23-20.45.08:976][661]LogModuleManager: Shutting down and abandoning module AITestSuite (615)
[2026.08.23-20.45.08:978][661]LogModuleManager: Shutting down and abandoning module NavigationSystem (613)
[2026.08.23-20.45.08:978][661]LogModuleManager: Shutting down and abandoning module ImageWriteQueue (610)
[2026.08.23-20.45.08:984][661]LogModuleManager: Shutting down and abandoning module ProfilerService (608)
[2026.08.23-20.45.09:073][661]LogModuleManager: Shutting down and abandoning module TaskGraph (606)
[2026.08.23-20.45.09:088][661]LogModuleManager: Shutting down and abandoning module AudioSynesthesiaEditor (604)
[2026.08.23-20.45.09:088][661]LogModuleManager: Shutting down and abandoning module OculusEditor (602)
[2026.08.23-20.45.09:102][661]LogModuleManager: Shutting down and abandoning module OculusInput (600)
[2026.08.23-20.45.09:102][661]LogModuleManager: Shutting down and abandoning module ContentBrowserClassDataSource (598)
[2026.08.23-20.45.09:102][661]LogModuleManager: Shutting down and abandoning module ContentBrowserFileDataSource (596)
[2026.08.23-20.45.09:102][661]LogModuleManager: Shutting down and abandoning module ContentBrowserAssetDataSource (594)
[2026.08.23-20.45.09:102][661]LogModuleManager: Shutting down and abandoning module CollectionManager (593)
[2026.08.23-20.45.09:103][661]LogModuleManager: Shutting down and abandoning module TakeSequencer (590)
[2026.08.23-20.45.09:103][661]LogModuleManager: Shutting down and abandoning module TakeMovieScene (588)
[2026.08.23-20.45.09:103][661]LogModuleManager: Shutting down and abandoning module ScreenshotTools (586)
[2026.08.23-20.45.09:103][661]LogModuleManager: Shutting down and abandoning module SynthesisEditor (584)
[2026.08.23-20.45.09:103][661]LogModuleManager: Shutting down and abandoning module Synthesis (582)
[2026.08.23-20.45.09:110][661]LogModuleManager: Shutting down and abandoning module ProceduralMeshComponentEditor (580)
[2026.08.23-20.45.09:112][661]LogModuleManager: Shutting down and abandoning module ProceduralMeshComponent (578)
[2026.08.23-20.45.09:112][661]LogModuleManager: Shutting down and abandoning module OpenXREditor (576)
[2026.08.23-20.45.09:115][661]LogModuleManager: Shutting down and abandoning module MobilePatchingUtils (574)
[2026.08.23-20.45.09:115][661]LogModuleManager: Shutting down and abandoning module GooglePAD (572)
[2026.08.23-20.45.09:115][661]LogModuleManager: Shutting down and abandoning module EditableMesh (570)
[2026.08.23-20.45.09:116][661]LogModuleManager: Shutting down and abandoning module CustomMeshComponent (568)
[2026.08.23-20.45.09:116][661]LogModuleManager: Shutting down and abandoning module AudioCapture (566)
[2026.08.23-20.45.09:116][661]LogModuleManager: Shutting down and abandoning module AudioCaptureRtAudio (565)
[2026.08.23-20.45.09:117][661]LogModuleManager: Shutting down and abandoning module CableComponent (562)
[2026.08.23-20.45.09:117][661]LogModuleManager: Shutting down and abandoning module AssetTags (560)
[2026.08.23-20.45.09:117][661]LogModuleManager: Shutting down and abandoning module ArchVisCharacter (558)
[2026.08.23-20.45.09:117][661]LogModuleManager: Shutting down and abandoning module AppleImageUtilsBlueprintSupport (556)
[2026.08.23-20.45.09:117][661]LogModuleManager: Shutting down and abandoning module AppleImageUtils (554)
[2026.08.23-20.45.09:117][661]LogModuleManager: Shutting down and abandoning module AndroidPermission (552)
[2026.08.23-20.45.09:117][661]LogModuleManager: Shutting down and abandoning module ActorLayerUtilitiesEditor (550)
[2026.08.23-20.45.09:117][661]LogModuleManager: Shutting down and abandoning module ActorLayerUtilities (548)
[2026.08.23-20.45.09:117][661]LogModuleManager: Shutting down and abandoning module TemplateSequence (546)
[2026.08.23-20.45.09:117][661]LogModuleManager: Shutting down and abandoning module MediaCompositing (544)
[2026.08.23-20.45.09:117][661]LogModuleManager: Shutting down and abandoning module ImgMedia (542)
[2026.08.23-20.45.09:117][661]LogModuleManager: Shutting down and abandoning module MagicLeapSharedWorld (540)
[2026.08.23-20.45.09:117][661]LogModuleManager: Shutting down and abandoning module MagicLeapLightEstimation (538)
[2026.08.23-20.45.09:117][661]LogModuleManager: Shutting down and abandoning module MagicLeapHelperVulkan (536)
[2026.08.23-20.45.09:117][661]LogModuleManager: Shutting down and abandoning module MagicLeapHelperOpenGL (534)
[2026.08.23-20.45.09:117][661]LogModuleManager: Shutting down and abandoning module MagicLeapAudio (532)
[2026.08.23-20.45.09:117][661]LogModuleManager: Shutting down and abandoning module NiagaraEditorWidgets (530)
[2026.08.23-20.45.09:142][661]LogModuleManager: Shutting down and abandoning module OpenImageDenoise (528)
[2026.08.23-20.45.09:142][661]LogOpenImageDenoise: OIDN shutting down
[2026.08.23-20.45.09:142][661]LogModuleManager: Shutting down and abandoning module MotoSynthEditor (526)
[2026.08.23-20.45.09:142][661]LogModuleManager: Shutting down and abandoning module MotoSynth (524)
[2026.08.23-20.45.09:142][661]LogModuleManager: Shutting down and abandoning module MeshConversion (522)
[2026.08.23-20.45.09:146][661]LogModuleManager: Shutting down and abandoning module DynamicMesh (520)
[2026.08.23-20.45.09:153][661]LogModuleManager: Shutting down and abandoning module GeometryAlgorithms (518)
[2026.08.23-20.45.09:157][661]LogModuleManager: Shutting down and abandoning module GeometricObjects (516)
[2026.08.23-20.45.09:170][661]LogModuleManager: Shutting down and abandoning module GeometryCollectionTracks (514)
[2026.08.23-20.45.09:170][661]LogModuleManager: Shutting down and abandoning module GeometryCollectionSequencer (513)
[2026.08.23-20.45.09:170][661]LogModuleManager: Shutting down and abandoning module GeometryCollectionEditor (510)
[2026.08.23-20.45.09:170][661]LogModuleManager: Shutting down and abandoning module GeometryCacheTracks (508)
[2026.08.23-20.45.09:170][661]LogModuleManager: Shutting down and abandoning module GeometryCacheStreamer (506)
[2026.08.23-20.45.09:173][661]LogModuleManager: Shutting down and abandoning module GeometryCacheSequencer (504)
[2026.08.23-20.45.09:173][661]LogModuleManager: Shutting down and abandoning module FractureEditor (502)
[2026.08.23-20.45.09:180][661]LogModuleManager: Shutting down and abandoning module ChaosSolverEditor (500)
[2026.08.23-20.45.09:180][661]LogModuleManager: Shutting down and abandoning module ChaosNiagara (498)
[2026.08.23-20.45.09:182][661]LogModuleManager: Shutting down and abandoning module FieldSystemEngine (497)
[2026.08.23-20.45.09:182][661]LogModuleManager: Shutting down and abandoning module ChaosClothEditor (494)
[2026.08.23-20.45.09:188][661]LogModuleManager: Shutting down and abandoning module SpeedTreeImporter (492)
[2026.08.23-20.45.09:188][661]LogModuleManager: Shutting down and abandoning module PluginBrowser (490)
[2026.08.23-20.45.09:198][661]LogModuleManager: Shutting down and abandoning module MobileLauncherProfileWizard (488)
[2026.08.23-20.45.09:208][661]LogModuleManager: Shutting down and abandoning module MaterialAnalyzer (486)
[2026.08.23-20.45.09:211][661]LogModuleManager: Shutting down and abandoning module BackChannel (484)
[2026.08.23-20.45.09:215][661]LogModuleManager: Shutting down and abandoning module AutomationUtilsEditor (482)
[2026.08.23-20.45.09:215][661]LogModuleManager: Shutting down and abandoning module AutomationUtils (480)
[2026.08.23-20.45.09:215][661]LogModuleManager: Shutting down and abandoning module AlembicImporter (478)
[2026.08.23-20.45.09:215][661]LogModuleManager: Shutting down and abandoning module AlembicLibrary (477)
[2026.08.23-20.45.09:215][661]LogModuleManager: Shutting down and abandoning module GeometryCache (476)
[2026.08.23-20.45.09:215][661]LogModuleManager: Shutting down and abandoning module GeometryCacheEd (475)
[2026.08.23-20.45.09:215][661]LogModuleManager: Shutting down and abandoning module CurveEditorTools (470)
[2026.08.23-20.45.09:230][661]LogModuleManager: Shutting down and abandoning module CryptoKeysOpenSSL (468)
[2026.08.23-20.45.09:230][661]LogModuleManager: Shutting down and abandoning module CryptoKeys (466)
[2026.08.23-20.45.09:230][661]LogModuleManager: Shutting down and abandoning module VariantManagerContentEditor (464)
[2026.08.23-20.45.09:230][661]LogModuleManager: Shutting down and abandoning module VisualStudioSourceCodeAccess (462)
[2026.08.23-20.45.09:230][661]LogModuleManager: Shutting down and abandoning module VisualStudioCodeSourceCodeAccess (460)
[2026.08.23-20.45.09:230][661]LogModuleManager: Shutting down and abandoning module UObjectPlugin (458)
[2026.08.23-20.45.09:230][661]LogModuleManager: Shutting down and abandoning module DatasmithContentEditor (456)
[2026.08.23-20.45.09:231][661]LogModuleManager: Shutting down and abandoning module SubversionSourceControl (454)
[2026.08.23-20.45.09:244][661]LogModuleManager: Shutting down and abandoning module RiderSourceCodeAccess (452)
[2026.08.23-20.45.09:244][661]LogModuleManager: Shutting down and abandoning module PluginUtils (450)
[2026.08.23-20.45.09:247][661]LogModuleManager: Shutting down and abandoning module PlasticSourceControl (448)
[2026.08.23-20.45.09:250][661]LogModuleManager: Shutting down and abandoning module PerforceSourceControl (446)
[2026.08.23-20.45.09:277][661]LogModuleManager: Shutting down and abandoning module GitSourceControl (444)
[2026.08.23-20.45.09:293][661]LogModuleManager: Shutting down and abandoning module SourceControl (443)
[2026.08.23-20.45.09:301][661]LogModuleManager: Shutting down and abandoning module CLionSourceCodeAccess (440)
[2026.08.23-20.45.09:301][661]LogModuleManager: Shutting down and abandoning module AnimationSharingEd (438)
[2026.08.23-20.45.09:301][661]LogModuleManager: Shutting down and abandoning module LiveLinkSequencer (436)
[2026.08.23-20.45.09:301][661]LogModuleManager: Shutting down and abandoning module LiveLinkMovieScene (434)
[2026.08.23-20.45.09:301][661]LogModuleManager: Shutting down and abandoning module LiveLinkGraphNode (432)
[2026.08.23-20.45.09:301][661]LogModuleManager: Shutting down and abandoning module LiveLinkEditor (430)
[2026.08.23-20.45.09:304][661]LogModuleManager: Shutting down and abandoning module LiveLinkComponents (428)
[2026.08.23-20.45.09:304][661]LogModuleManager: Shutting down and abandoning module LiveLink (426)
[2026.08.23-20.45.09:431][661]LogModuleManager: Shutting down and abandoning module OodleNetworkHandlerComponent (424)
[2026.08.23-20.45.09:431][661]LogModuleManager: Shutting down and abandoning module LightPropagationVolumeEditor (422)
[2026.08.23-20.45.09:431][661]LogModuleManager: Shutting down and abandoning module PaperTiledImporter (420)
[2026.08.23-20.45.09:431][661]LogModuleManager: Shutting down and abandoning module PaperSpriteSheetImporter (418)
[2026.08.23-20.45.09:434][661]LogModuleManager: Shutting down and abandoning module Paper2DEditor (416)
[2026.08.23-20.45.09:446][661]LogModuleManager: Shutting down and abandoning module MeshPaintingToolset (414)
[2026.08.23-20.45.09:451][661]LogModuleManager: Shutting down and abandoning module MeshPaintEditorMode (412)
[2026.08.23-20.45.09:463][661]LogModuleManager: Shutting down and abandoning module SoundFields (410)
[2026.08.23-20.45.09:463][661]LogModuleManager: Shutting down and abandoning module SignificanceManager (408)
[2026.08.23-20.45.09:463][661]LogModuleManager: Shutting down and abandoning module RuntimePhysXCooking (406)
[2026.08.23-20.45.09:463][661]LogModuleManager: Shutting down and abandoning module PropertyAccessEditor (404)
[2026.08.23-20.45.09:471][661]LogModuleManager: Shutting down and abandoning module PhysXVehiclesEditor (402)
[2026.08.23-20.45.09:471][661]LogModuleManager: Shutting down and abandoning module LocationServicesBPLibrary (398)
[2026.08.23-20.45.09:471][661]LogModuleManager: Shutting down and abandoning module AudioSynesthesia (396)
[2026.08.23-20.45.09:471][661]LogModuleManager: Shutting down and abandoning module AudioSynesthesiaCore (394)
[2026.08.23-20.45.09:471][661]LogModuleManager: Shutting down and abandoning module ActorSequence (392)
[2026.08.23-20.45.09:471][661]LogModuleManager: Shutting down and abandoning module TcpMessaging (390)
[2026.08.23-20.45.09:576][661]LogModuleManager: Shutting down and abandoning module UdpMessaging (388)
[2026.08.23-20.45.09:677][661]LogModuleManager: Shutting down and abandoning module ImgMediaEngine (386)
[2026.08.23-20.45.09:677][661]LogModuleManager: Shutting down and abandoning module MagicLeapARPin (384)
[2026.08.23-20.45.09:677][661]LogModuleManager: Shutting down and abandoning module MagicLeapHandMeshing (382)
[2026.08.23-20.45.09:677][661]LogModuleManager: Shutting down and abandoning module MagicLeapSecureStorage (380)
[2026.08.23-20.45.09:677][661]LogModuleManager: Shutting down and abandoning module MagicLeapPrivileges (378)
[2026.08.23-20.45.09:677][661]LogModuleManager: Shutting down and abandoning module MagicLeapPlanes (376)
[2026.08.23-20.45.09:679][661]LogMagicLeapPlanes: Planes tracker already destroyed.
[2026.08.23-20.45.09:679][661]LogModuleManager: Shutting down and abandoning module MagicLeapImageTracker (374)
[2026.08.23-20.45.09:679][661]LogModuleManager: Shutting down and abandoning module MagicLeapIdentity (372)
[2026.08.23-20.45.09:679][661]LogModuleManager: Shutting down and abandoning module MagicLeapHandTracking (370)
[2026.08.23-20.45.09:681][661]LogModuleManager: Shutting down and abandoning module MagicLeapEyeTracker (368)
[2026.08.23-20.45.09:681][661]LogModuleManager: Shutting down and abandoning module MagicLeapController (366)
[2026.08.23-20.45.09:681][661]LogModuleManager: Shutting down and abandoning module MagicLeapARPinImpl (364)
[2026.08.23-20.45.09:681][661]LogModuleManager: Shutting down and abandoning module MagicLeapAR (362)
[2026.08.23-20.45.09:681][661]LogModuleManager: Shutting down and abandoning module NiagaraAnimNotifies (360)
[2026.08.23-20.45.09:682][661]LogModuleManager: Shutting down and abandoning module Niagara (358)
[2026.08.23-20.45.09:692][661]LogModuleManager: Shutting down and abandoning module SignalProcessing (357)
[2026.08.23-20.45.09:692][661]LogModuleManager: Shutting down and abandoning module NiagaraEditor (355)
[2026.08.23-20.45.09:703][661]LogModuleManager: Shutting down and abandoning module NiagaraCore (352)
[2026.08.23-20.45.09:703][661]LogModuleManager: Shutting down and abandoning module PythonScriptPlugin (350)
[2026.08.23-20.45.09:703][661]LogModuleManager: Shutting down and abandoning module GameplayTagsEditor (348)
[2026.08.23-20.45.09:709][661]LogModuleManager: Shutting down and abandoning module FacialAnimationEditor (346)
[2026.08.23-20.45.09:709][661]LogModuleManager: Shutting down and abandoning module FacialAnimation (344)
[2026.08.23-20.45.09:709][661]LogModuleManager: Shutting down and abandoning module DataValidation (342)
[2026.08.23-20.45.09:709][661]LogModuleManager: Shutting down and abandoning module AssetManagerEditor (340)
[2026.08.23-20.45.09:716][661]LogModuleManager: Shutting down and abandoning module LevelEditor (339)
[2026.08.23-20.45.09:724][661]LogModuleManager: Shutting down and abandoning module PixelInspectorModule (338)
[2026.08.23-20.45.09:726][661]LogModuleManager: Shutting down and abandoning module CommonMenuExtensions (336)
[2026.08.23-20.45.09:726][661]LogModuleManager: Shutting down and abandoning module MainFrame (334)
[2026.08.23-20.45.09:726][661]LogModuleManager: Shutting down and abandoning module HotReload (333)
[2026.08.23-20.45.09:727][661]LogModuleManager: Shutting down and abandoning module ToolMenus (329)
[2026.08.23-20.45.09:727][661]LogModuleManager: Shutting down and abandoning module ContentBrowser (327)
[2026.08.23-20.45.09:727][661]LogModuleManager: Shutting down and abandoning module ContentBrowserData (326)
[2026.08.23-20.45.09:727][661]LogModuleManager: Shutting down and abandoning module TreeMap (323)
[2026.08.23-20.45.09:733][661]LogModuleManager: Shutting down and abandoning module PropertyAccessNode (320)
[2026.08.23-20.45.09:733][661]LogModuleManager: Shutting down and abandoning module AnimationSharing (318)
[2026.08.23-20.45.09:733][661]LogModuleManager: Shutting down and abandoning module EnvironmentQueryEditor (316)
[2026.08.23-20.45.09:746][661]LogModuleManager: Shutting down and abandoning module GameplayCameras (314)
[2026.08.23-20.45.09:746][661]LogModuleManager: Shutting down and abandoning module LightPropagationVolumeRuntime (312)
[2026.08.23-20.45.09:746][661]LogModuleManager: Shutting down and abandoning module Paper2D (310)
[2026.08.23-20.45.09:750][661]LogModuleManager: Shutting down and abandoning module WindowsMoviePlayer (308)
[2026.08.23-20.45.09:750][661]LogModuleManager: Shutting down and abandoning module WebMMoviePlayer (306)
[2026.08.23-20.45.09:751][661]LogModuleManager: Shutting down and abandoning module NetworkReplayStreaming (304)
[2026.08.23-20.45.09:751][661]LogModuleManager: Shutting down and abandoning module PacketHandler (302)
[2026.08.23-20.45.09:751][661]LogModuleManager: Shutting down and abandoning module ClothingSystemEditor (300)
[2026.08.23-20.45.09:751][661]LogModuleManager: Shutting down and abandoning module ClothingSystemRuntimeNv (298)
[2026.08.23-20.45.09:757][661]LogModuleManager: Shutting down and abandoning module MediaAssets (296)
[2026.08.23-20.45.09:757][661]LogModuleManager: Shutting down and abandoning module Overlay (294)
[2026.08.23-20.45.09:757][661]LogModuleManager: Shutting down and abandoning module OverlayEditor (293)
[2026.08.23-20.45.09:757][661]LogModuleManager: Shutting down and abandoning module VREditor (290)
[2026.08.23-20.45.09:769][661]LogModuleManager: Shutting down and abandoning module StringTableEditor (288)
[2026.08.23-20.45.09:772][661]LogModuleManager: Shutting down and abandoning module GameplayTasksEditor (286)
[2026.08.23-20.45.09:772][661]LogModuleManager: Shutting down and abandoning module BehaviorTreeEditor (284)
[2026.08.23-20.45.09:783][661]LogModuleManager: Shutting down and abandoning module FunctionalTesting (282)
[2026.08.23-20.45.09:790][661]LogModuleManager: Shutting down and abandoning module CollisionAnalyzer (280)
[2026.08.23-20.45.09:798][661]LogModuleManager: Shutting down and abandoning module WorkspaceMenuStructure (279)
[2026.08.23-20.45.09:798][661]LogModuleManager: Shutting down and abandoning module UMG (276)
[2026.08.23-20.45.09:805][661]LogModuleManager: Shutting down and abandoning module UMGEditor (275)
[2026.08.23-20.45.09:821][661]LogModuleManager: Shutting down and abandoning module MessageLog (273)
[2026.08.23-20.45.09:821][661]LogModuleManager: Shutting down and abandoning module SlateReflector (268)
[2026.08.23-20.45.09:859][661]LogModuleManager: Shutting down and abandoning module Slate (266)
[2026.08.23-20.45.09:859][661]LogModuleManager: Shutting down and abandoning module SlateCore (264)
[2026.08.23-20.45.09:860][661]LogModuleManager: Shutting down and abandoning module LandscapeEditorUtilities (262)
[2026.08.23-20.45.09:860][661]LogModuleManager: Shutting down and abandoning module UnrealEd (260)
[2026.08.23-20.45.09:866][661]LogModuleManager: Shutting down and abandoning module MRMesh (258)
[2026.08.23-20.45.09:866][661]LogModuleManager: Shutting down and abandoning module SourceCodeAccess (256)
[2026.08.23-20.45.09:866][661]LogModuleManager: Shutting down and abandoning module HeadMountedDisplay (254)
[2026.08.23-20.45.09:866][661]LogModuleManager: Shutting down and abandoning module XAudio2 (252)
[2026.08.23-20.45.09:869][661]LogModuleManager: Shutting down and abandoning module Networking (250)
[2026.08.23-20.45.09:869][661]LogModuleManager: Shutting down and abandoning module Core (248)
[2026.08.23-20.45.09:869][661]LogModuleManager: Shutting down and abandoning module MaterialEditor (246)
[2026.08.23-20.45.09:877][661]LogModuleManager: Shutting down and abandoning module MovieSceneTools (244)
[2026.08.23-20.45.09:890][661]LogModuleManager: Shutting down and abandoning module CurveEditor (243)
[2026.08.23-20.45.09:899][661]LogModuleManager: Shutting down and abandoning module Sequencer (241)
[2026.08.23-20.45.09:921][661]LogModuleManager: Shutting down and abandoning module EditorStyle (240)
[2026.08.23-20.45.09:922][661]LogModuleManager: Shutting down and abandoning module KismetCompiler (236)
[2026.08.23-20.45.09:922][661]LogModuleManager: Shutting down and abandoning module MeshBuilder (234)
[2026.08.23-20.45.09:928][661]LogModuleManager: Shutting down and abandoning module MeshUtilities (232)
[2026.08.23-20.45.09:936][661]LogModuleManager: Shutting down and abandoning module MeshMergeUtilities (231)
[2026.08.23-20.45.09:940][661]LogModuleManager: Shutting down and abandoning module MeshReductionInterface (230)
[2026.08.23-20.45.09:940][661]LogModuleManager: Shutting down and abandoning module MeshBoneReduction (229)
[2026.08.23-20.45.09:948][661]LogModuleManager: Shutting down and abandoning module SkeletalMeshReduction (227)
[2026.08.23-20.45.09:954][661]LogModuleManager: Shutting down and abandoning module ProxyLODMeshReduction (225)
[2026.08.23-20.45.09:961][661]LogModuleManager: Shutting down and abandoning module QuadricMeshReduction (223)
[2026.08.23-20.45.09:970][661]LogModuleManager: Shutting down and abandoning module MaterialBaking (219)
[2026.08.23-20.45.09:971][661]LogModuleManager: Shutting down and abandoning module NullInstallBundleManager (214)
[2026.08.23-20.45.09:971][661]LogModuleManager: Shutting down and abandoning module DerivedDataCache (212)
[2026.08.23-20.45.09:973][661]LogModuleManager: Shutting down and abandoning module TargetPlatform (210)
[2026.08.23-20.45.09:973][661]LogModuleManager: Shutting down and abandoning module VulkanShaderFormat (209)
[2026.08.23-20.45.09:979][661]LogModuleManager: Shutting down and abandoning module ShaderFormatVectorVM (207)
[2026.08.23-20.45.09:979][661]LogModuleManager: Shutting down and abandoning module ShaderFormatOpenGL (205)
[2026.08.23-20.45.09:979][661]LogModuleManager: Shutting down and abandoning module ShaderFormatD3D (203)
[2026.08.23-20.45.09:979][661]LogModuleManager: Shutting down and abandoning module MetalShaderFormat (201)
[2026.08.23-20.45.09:979][661]LogModuleManager: Shutting down and abandoning module TextureFormatOodle (199)
[2026.08.23-20.45.09:979][661]LogModuleManager: Shutting down and abandoning module TextureFormatUncompressed (197)
[2026.08.23-20.45.09:979][661]LogModuleManager: Shutting down and abandoning module TextureFormatPVR (195)
[2026.08.23-20.45.09:979][661]LogModuleManager: Shutting down and abandoning module TextureFormatETC2 (193)
[2026.08.23-20.45.09:979][661]LogModuleManager: Shutting down and abandoning module TextureFormatDXT (191)
[2026.08.23-20.45.09:979][661]LogModuleManager: Shutting down and abandoning module TextureFormatIntelISPCTexComp (189)
[2026.08.23-20.45.09:979][661]LogModuleManager: Shutting down and abandoning module TextureFormatASTC (187)
[2026.08.23-20.45.09:979][661]LogModuleManager: Shutting down and abandoning module ImageWrapper (186)
[2026.08.23-20.45.09:979][661]LogModuleManager: Shutting down and abandoning module AudioFormatOpus (183)
[2026.08.23-20.45.09:979][661]LogModuleManager: Shutting down and abandoning module AudioFormatOgg (181)
[2026.08.23-20.45.09:979][661]LogModuleManager: Shutting down and abandoning module AudioFormatADPCM (179)
[2026.08.23-20.45.09:979][661]LogModuleManager: Shutting down and abandoning module WindowsServerTargetPlatform (177)
[2026.08.23-20.45.09:979][661]LogModuleManager: Shutting down and abandoning module WindowsClientTargetPlatform (175)
[2026.08.23-20.45.09:979][661]LogModuleManager: Shutting down and abandoning module WindowsTargetPlatform (173)
[2026.08.23-20.45.09:979][661]LogModuleManager: Shutting down and abandoning module WindowsNoEditorTargetPlatform (171)
[2026.08.23-20.45.09:979][661]LogModuleManager: Shutting down and abandoning module TVOSTargetPlatform (169)
[2026.08.23-20.45.09:980][661]LogModuleManager: Shutting down and abandoning module MacServerTargetPlatform (167)
[2026.08.23-20.45.09:980][661]LogModuleManager: Shutting down and abandoning module MacClientTargetPlatform (165)
[2026.08.23-20.45.09:980][661]LogModuleManager: Shutting down and abandoning module MacTargetPlatform (163)
[2026.08.23-20.45.09:980][661]LogModuleManager: Shutting down and abandoning module MacNoEditorTargetPlatform (161)
[2026.08.23-20.45.09:980][661]LogModuleManager: Shutting down and abandoning module LuminTargetPlatform (159)
[2026.08.23-20.45.09:981][661]LogModuleManager: Shutting down and abandoning module LinuxAArch64ServerTargetPlatform (157)
[2026.08.23-20.45.09:981][661]LogModuleManager: Shutting down and abandoning module LinuxAArch64ClientTargetPlatform (155)
[2026.08.23-20.45.09:981][661]LogModuleManager: Shutting down and abandoning module LinuxAArch64NoEditorTargetPlatform (153)
[2026.08.23-20.45.09:981][661]LogModuleManager: Shutting down and abandoning module LinuxServerTargetPlatform (151)
[2026.08.23-20.45.09:981][661]LogModuleManager: Shutting down and abandoning module LinuxClientTargetPlatform (149)
[2026.08.23-20.45.09:981][661]LogModuleManager: Shutting down and abandoning module LinuxNoEditorTargetPlatform (147)
[2026.08.23-20.45.09:981][661]LogModuleManager: Shutting down and abandoning module LinuxTargetPlatform (145)
[2026.08.23-20.45.09:981][661]LogModuleManager: Shutting down and abandoning module Messaging (143)
[2026.08.23-20.45.09:981][661]LogModuleManager: Shutting down and abandoning module IOSTargetPlatform (141)
[2026.08.23-20.45.09:981][661]LogModuleManager: Shutting down and abandoning module AndroidTargetPlatform (139)
[2026.08.23-20.45.09:984][661]LogModuleManager: Shutting down and abandoning module AllDesktopTargetPlatform (137)
[2026.08.23-20.45.09:984][661]LogModuleManager: Shutting down and abandoning module D3D11RHI (134)
[2026.08.23-20.45.09:984][661]LogModuleManager: Shutting down and abandoning module InputCore (132)
[2026.08.23-20.45.09:984][661]LogModuleManager: Shutting down and abandoning module Settings (130)
[2026.08.23-20.45.09:984][661]LogModuleManager: Shutting down and abandoning module DirectoryWatcher (128)
[2026.08.23-20.45.09:984][661]LogModuleManager: Shutting down and abandoning module PhysXCooking (126)
[2026.08.23-20.45.09:984][661]LogModuleManager: Shutting down and abandoning module Chaos (124)
[2026.08.23-20.45.09:986][661]LogModuleManager: Shutting down and abandoning module WindowsPlatformFeatures (122)
[2026.08.23-20.45.09:986][661]LogModuleManager: Shutting down and abandoning module GameplayMediaEncoder (121)
[2026.08.23-20.45.09:987][661]LogModuleManager: Shutting down and abandoning module AVEncoder (120)
[2026.08.23-20.45.09:987][661]LogModuleManager: Shutting down and abandoning module SteamVRInputDevice (116)
[2026.08.23-20.45.09:987][661]LogModuleManager: Shutting down and abandoning module SteamVRInput (114)
[2026.08.23-20.45.09:987][661]LogModuleManager: Shutting down and abandoning module SteamVR (112)
[2026.08.23-20.45.09:994][661]LogHMD: Freeing OpenVRDLLHandle.
[2026.08.23-20.45.09:994][661]LogModuleManager: Shutting down and abandoning module OculusHMD (110)
[2026.08.23-20.45.10:000][661]LogModuleManager: Shutting down and abandoning module OpenXRHandTracking (108)
[2026.08.23-20.45.10:000][661]LogSlate: Slate User Destroyed.  User Index 0, Is Virtual User: 0
[2026.08.23-20.45.10:000][661]LogModuleManager: Shutting down and abandoning module OpenXREyeTracker (106)
[2026.08.23-20.45.10:000][661]LogModuleManager: Shutting down and abandoning module OpenXRAR (104)
[2026.08.23-20.45.10:000][661]LogModuleManager: Shutting down and abandoning module AugmentedReality (103)
[2026.08.23-20.45.10:000][661]LogModuleManager: Shutting down and abandoning module OpenXRHMD (100)
[2026.08.23-20.45.10:006][661]LogModuleManager: Shutting down and abandoning module ExampleDeviceProfileSelector (98)
[2026.08.23-20.45.10:006][661]LogModuleManager: Shutting down and abandoning module ChunkDownloader (96)
[2026.08.23-20.45.10:006][661]LogModuleManager: Shutting down and abandoning module OnlineBlueprintSupport (94)
[2026.08.23-20.45.10:006][661]LogModuleManager: Shutting down and abandoning module LauncherChunkInstaller (90)
[2026.08.23-20.45.10:006][661]LogModuleManager: Shutting down and abandoning module OnlineSubsystem (88)
[2026.08.23-20.45.10:011][661]LogModuleManager: Shutting down and abandoning module XMPP (83)
[2026.08.23-20.45.10:027][661]LogModuleManager: Shutting down and abandoning module WebSockets (82)
[2026.08.23-20.45.10:083][661]LogModuleManager: Shutting down and abandoning module HTTP (79)
[2026.08.23-20.45.10:083][661]LogHttp: Display: Http module shutting down, but needs to wait on 1 outstanding Http requests:
[2026.08.23-20.45.10:090][661]LogHttp: Display: 	verb=[POST] url=[https://datarouter.ol.epicgames.com/datarouter/api/v1/public/data?SessionID=%7B06959896-4B49-2300-BE29-50B1EA64E845%7D&AppID=UEEditor.Rocket.Release&AppVersion=4.27.2-18319896%2B%2B%2BUE4%2BRelease-4.27&UserID=60b75713464f031676f51481a1296902%7C198bbedd46bc4b878aa121d60088e353%7Cc78fdb99-6d09-4342-84a5-0980ff697c8a&AppEnvironment=datacollector-binary&UploadType=eteventstream] refs=[1] status=Processing
[2026.08.23-20.45.10:090][661]LogHttp: Display: cleaning up 1 outstanding Http requests.
[2026.08.23-20.45.10:143][661]LogModuleManager: Shutting down and abandoning module SSL (78)
[2026.08.23-20.45.10:144][661]LogModuleManager: Shutting down and abandoning module WmfMedia (74)
[2026.08.23-20.45.10:150][661]LogModuleManager: Shutting down and abandoning module Media (73)
[2026.08.23-20.45.10:151][661]LogModuleManager: Shutting down and abandoning module MediaInfo (72)
[2026.08.23-20.45.10:151][661]LogModuleManager: Shutting down and abandoning module ExrReaderGpu (68)
[2026.08.23-20.45.10:151][661]LogModuleManager: Shutting down and abandoning module MLSDK (66)
[2026.08.23-20.45.10:151][661]LogModuleManager: Shutting down and abandoning module MagicLeap (64)
[2026.08.23-20.45.10:151][661]LogModuleManager: Shutting down and abandoning module NiagaraVertexFactories (62)
[2026.08.23-20.45.10:151][661]LogModuleManager: Shutting down and abandoning module NiagaraShader (60)
[2026.08.23-20.45.10:151][661]LogModuleManager: Shutting down and abandoning module ChaosCloth (58)
[2026.08.23-20.45.10:154][661]LogModuleManager: Shutting down and abandoning module VariantManagerContent (56)
[2026.08.23-20.45.10:154][661]LogModuleManager: Shutting down and abandoning module DatasmithContent (54)
[2026.08.23-20.45.10:154][661]LogModuleManager: Shutting down and abandoning module PixWinPlugin (52)
[2026.08.23-20.45.10:154][661]LogModuleManager: Shutting down and abandoning module AISupportModule (50)
[2026.08.23-20.45.10:154][661]LogModuleManager: Shutting down and abandoning module DesktopPlatform (48)
[2026.08.23-20.45.10:154][661]LogModuleManager: Shutting down and abandoning module PythonScriptPluginPreload (46)
[2026.08.23-20.45.10:154][661]LogModuleManager: Shutting down and abandoning module PlatformCryptoOpenSSL (44)
[2026.08.23-20.45.10:160][661]LogModuleManager: Shutting down and abandoning module PlatformCryptoTypes (42)
[2026.08.23-20.45.10:160][661]LogModuleManager: Shutting down and abandoning module PlatformCrypto (40)
[2026.08.23-20.45.10:160][661]LogModuleManager: Shutting down and abandoning module OodleDataCompressionFormat (38)
[2026.08.23-20.45.10:160][661]LogModuleManager: Shutting down and abandoning module XGEController (36)
[2026.08.23-20.45.10:160][661]LogModuleManager: Shutting down and abandoning module AnimationModifiers (34)
[2026.08.23-20.45.10:160][661]LogModuleManager: Shutting down and abandoning module AudioEditor (32)
[2026.08.23-20.45.10:173][661]LogModuleManager: Shutting down and abandoning module PropertyEditor (31)
[2026.08.23-20.45.10:174][661]LogModuleManager: Shutting down and abandoning module TextureCompressor (28)
[2026.08.23-20.45.10:174][661]LogModuleManager: Shutting down and abandoning module RenderCore (26)
[2026.08.23-20.45.10:174][661]LogModuleManager: Shutting down and abandoning module Landscape (24)
[2026.08.23-20.45.10:174][661]LogModuleManager: Shutting down and abandoning module SlateRHIRenderer (22)
[2026.08.23-20.45.10:187][661]LogModuleManager: Shutting down and abandoning module AnimGraphRuntime (20)
[2026.08.23-20.45.10:197][661]LogModuleManager: Shutting down and abandoning module Renderer (18)
[2026.08.23-20.45.10:201][661]LogModuleManager: Shutting down and abandoning module Engine (16)
[2026.08.23-20.45.10:201][661]LogModuleManager: Shutting down and abandoning module CoreUObject (14)
[2026.08.23-20.45.10:201][661]LogModuleManager: Shutting down and abandoning module NetworkFile (12)
[2026.08.23-20.45.10:201][661]LogModuleManager: Shutting down and abandoning module CookedIterativeFile (10)
[2026.08.23-20.45.10:201][661]LogModuleManager: Shutting down and abandoning module StreamingFile (8)
[2026.08.23-20.45.10:201][661]LogModuleManager: Shutting down and abandoning module SandboxFile (6)
[2026.08.23-20.45.10:201][661]LogModuleManager: Shutting down and abandoning module PakFile (4)
[2026.08.23-20.45.10:201][661]LogModuleManager: Shutting down and abandoning module RSA (3)
[2026.08.23-20.45.10:207][661]LogContentStreaming: Display: There are 1 unreleased StreamingManagers
[2026.08.23-20.45.10:236][661]LogD3D11RHI: Shutdown
[2026.08.23-20.45.10:236][661]LogD3D11RHI: CleanupD3DDevice
[2026.08.23-20.45.10:271][661]LogExit: Exiting.
[2026.08.23-20.45.10:282][661]Log file closed, 08/23/26 17:45:10
