Log file open, 08/25/26 16:13:15
LogWindows: Failed to load 'aqProf.dll' (GetLastError=126)
LogWindows: File 'aqProf.dll' does not exist
LogWindows: Failed to load 'VtuneApi.dll' (GetLastError=126)
LogWindows: File 'VtuneApi.dll' does not exist
LogWindows: Failed to load 'VtuneApi32e.dll' (GetLastError=126)
LogWindows: File 'VtuneApi32e.dll' does not exist
LogConsoleResponse: Display: Failed to find resolution value strings in scalability ini. Falling back to default.
LogConsoleResponse: Display: Failed to find resolution value strings in scalability ini. Falling back to default.
LogInit: Display: Running engine for game: BrackeysJam2026
LogPlatformFile: Not using cached read wrapper
LogTaskGraph: Started task graph with 5 named threads and 47 total threads with 3 sets of task threads.
LogStats: Stats thread started at 0.231375
LogICUInternationalization: ICU TimeZone Detection - Raw Offset: -8:00, Platform Override: ''
LogInit: Display: Loading text-based GConfig....
LogPluginManager: Mounting plugin MeshPainting
LogPluginManager: Mounting plugin XGEController
LogPluginManager: Mounting plugin LiveLink
LogPluginManager: Mounting plugin Paper2D
LogPluginManager: Mounting plugin AISupport
LogPluginManager: Mounting plugin LightPropagationVolume
LogPluginManager: Mounting plugin EnvironmentQueryEditor
LogPluginManager: Mounting plugin GameplayCameras
LogPluginManager: Mounting plugin CameraShakePreviewer
LogPluginManager: Mounting plugin AnimationSharing
LogPluginManager: Mounting plugin OodleData
LogPluginManager: Mounting plugin CLionSourceCodeAccess
LogPluginManager: Mounting plugin OodleNetwork
LogPluginManager: Mounting plugin GitSourceControl
LogPluginManager: Mounting plugin KDevelopSourceCodeAccess
LogPluginManager: Mounting plugin PlasticSourceControl
LogPluginManager: Mounting plugin PropertyAccessNode
LogPluginManager: Mounting plugin CodeLiteSourceCodeAccess
LogPluginManager: Mounting plugin NullSourceCodeAccess
LogPluginManager: Mounting plugin PluginUtils
LogPluginManager: Mounting plugin TextureFormatOodle
LogPluginManager: Mounting plugin SubversionSourceControl
LogPluginManager: Mounting plugin RiderSourceCodeAccess
LogPluginManager: Mounting plugin PixWinPlugin
LogPluginManager: Mounting plugin UObjectPlugin
LogPluginManager: Mounting plugin AlembicImporter
LogPluginManager: Mounting plugin BackChannel
LogPluginManager: Mounting plugin AutomationUtils
LogPluginManager: Mounting plugin PerforceSourceControl
LogPluginManager: Mounting plugin ChaosCloth
LogPluginManager: Mounting plugin ChaosEditor
LogPluginManager: Mounting plugin ChaosClothEditor
LogPluginManager: Mounting plugin ChaosNiagara
LogPluginManager: Mounting plugin VisualStudioSourceCodeAccess
LogPluginManager: Mounting plugin ChaosSolverPlugin
LogPluginManager: Mounting plugin XCodeSourceCodeAccess
LogPluginManager: Mounting plugin VisualStudioCodeSourceCodeAccess
LogPluginManager: Mounting plugin AssetManagerEditor
LogPluginManager: Mounting plugin CharacterAI
LogPluginManager: Mounting plugin CryptoKeys
LogPluginManager: Mounting plugin DataValidation
LogPluginManager: Mounting plugin FacialAnimation
LogPluginManager: Mounting plugin GeometryMode
LogPluginManager: Mounting plugin CurveEditorTools
LogPluginManager: Mounting plugin MacGraphicsSwitching
LogPluginManager: Mounting plugin GameplayTagsEditor
LogPluginManager: Mounting plugin Niagara
LogPluginManager: Mounting plugin MobileLauncherProfileWizard
LogPluginManager: Mounting plugin SpeedTreeImporter
LogPluginManager: Mounting plugin MaterialAnalyzer
LogPluginManager: Mounting plugin PluginBrowser
LogPluginManager: Mounting plugin DatasmithContent
LogPluginManager: Mounting plugin VariantManagerContent
LogPluginManager: Mounting plugin AndroidMedia
LogPluginManager: Mounting plugin AvfMedia
LogPluginManager: Mounting plugin ImgMedia
LogPluginManager: Mounting plugin MediaCompositing
LogPluginManager: Mounting plugin LuminPlatformFeatures
LogPluginManager: Mounting plugin MediaPlayerEditor
LogPluginManager: Mounting plugin MagicLeap
LogPluginManager: Mounting plugin WebMMedia
LogPluginManager: Mounting plugin WmfMedia
LogPluginManager: Mounting plugin MagicLeapLightEstimation
LogPluginManager: Mounting plugin MagicLeapMedia
LogPluginManager: Mounting plugin MagicLeapPassableWorld
LogPluginManager: Mounting plugin MLSDK
LogPluginManager: Mounting plugin GeometryCache
LogPluginManager: Mounting plugin GeometryCollectionPlugin
LogPluginManager: Mounting plugin GeometryProcessing
LogPluginManager: Mounting plugin MotoSynth
LogPluginManager: Mounting plugin OpenImageDenoise
LogPluginManager: Mounting plugin PlanarCut
LogPluginManager: Mounting plugin PlatformCrypto
LogPluginManager: Mounting plugin PythonScriptPlugin
LogPluginManager: Mounting plugin ProxyLODPlugin
LogPluginManager: Mounting plugin SkeletalReduction
LogPluginManager: Mounting plugin TcpMessaging
LogPluginManager: Mounting plugin UdpMessaging
LogPluginManager: Mounting plugin ActorSequence
LogPluginManager: Mounting plugin MatineeToLevelSequence
LogPluginManager: Mounting plugin LevelSequenceEditor
LogPluginManager: Mounting plugin TemplateSequence
LogPluginManager: Mounting plugin OnlineSubsystem
LogPluginManager: Mounting plugin OnlineSubsystemNull
LogPluginManager: Mounting plugin OnlineSubsystemUtils
LogPluginManager: Mounting plugin LauncherChunkInstaller
LogPluginManager: Mounting plugin ActorLayerUtilities
LogPluginManager: Mounting plugin AndroidDeviceProfileSelector
LogPluginManager: Mounting plugin AndroidMoviePlayer
LogPluginManager: Mounting plugin ArchVisCharacter
LogPluginManager: Mounting plugin AudioCapture
LogPluginManager: Mounting plugin AppleImageUtils
LogPluginManager: Mounting plugin AppleMoviePlayer
LogPluginManager: Mounting plugin AndroidPermission
LogPluginManager: Mounting plugin AudioSynesthesia
LogPluginManager: Mounting plugin CableComponent
LogPluginManager: Mounting plugin CustomMeshComponent
LogPluginManager: Mounting plugin ChunkDownloader
LogPluginManager: Mounting plugin ExampleDeviceProfileSelector
LogPluginManager: Mounting plugin EditableMesh
LogPluginManager: Mounting plugin GoogleCloudMessaging
LogPluginManager: Mounting plugin AssetTags
LogPluginManager: Mounting plugin ScreenshotTools
LogPluginManager: Mounting plugin GooglePAD
LogPluginManager: Mounting plugin IOSDeviceProfileSelector
LogPluginManager: Mounting plugin LinuxDeviceProfileSelector
LogPluginManager: Mounting plugin LocationServicesBPLibrary
LogPluginManager: Mounting plugin MobilePatchingUtils
LogPluginManager: Mounting plugin OpenXR
LogPluginManager: Mounting plugin OpenXREyeTracker
LogPluginManager: Mounting plugin OpenXRHandTracking
LogPluginManager: Mounting plugin Takes
LogPluginManager: Mounting plugin PropertyAccessEditor
LogPluginManager: Mounting plugin PostSplashScreen
LogPluginManager: Mounting plugin PhysXVehicles
LogPluginManager: Mounting plugin SoundFields
LogPluginManager: Mounting plugin RuntimePhysXCooking
LogPluginManager: Mounting plugin SignificanceManager
LogPluginManager: Mounting plugin ProceduralMeshComponent
LogPluginManager: Mounting plugin Synthesis
LogPluginManager: Mounting plugin WebMMoviePlayer
LogPluginManager: Mounting plugin WindowsMoviePlayer
LogPluginManager: Mounting plugin ContentBrowserAssetDataSource
LogPluginManager: Mounting plugin ContentBrowserClassDataSource
LogPluginManager: Mounting plugin ContentBrowserFileDataSource
LogPluginManager: Mounting plugin OnlineSubsystemGooglePlay
LogPluginManager: Mounting plugin OnlineSubsystemIOS
LogPluginManager: Mounting plugin OculusVR
LogPluginManager: Mounting plugin SteamVR
PixWinPlugin: PIX capture plugin failed to initialize! Check that the process is launched from PIX.
LogInit: Using libcurl 7.55.1-DEV
LogInit:  - built for x86_64-pc-win32
LogInit:  - supports SSL with OpenSSL/1.1.1
LogInit:  - supports HTTP deflate (compression) using libz 1.2.8
LogInit:  - other features:
LogInit:      CURL_VERSION_SSL
LogInit:      CURL_VERSION_LIBZ
LogInit:      CURL_VERSION_IPV6
LogInit:      CURL_VERSION_ASYNCHDNS
LogInit:      CURL_VERSION_LARGEFILE
LogInit:      CURL_VERSION_IDN
LogInit:  CurlRequestOptions (configurable via config and command line):
LogInit:  - bVerifyPeer = true  - Libcurl will verify peer certificate
LogInit:  - bUseHttpProxy = false  - Libcurl will NOT use HTTP proxy
LogInit:  - bDontReuseConnections = false  - Libcurl will reuse connections
LogInit:  - MaxHostConnections = 16  - Libcurl will limit the number of connections to a host
LogInit:  - LocalHostAddr = Default
LogInit:  - BufferSize = 65536
LogOnline: OSS: Creating online subsystem instance for: NULL
LogInit: WinSock: version 1.1 (2.2), MaxSocks=32767, MaxUdp=65467
LogOnline: OSS: TryLoadSubsystemAndSetDefault: Loaded subsystem for module [NULL]
LogOculusPluginWrapper: OculusPlugin initialized successfully
LogHMD: Failed initializing OVRPlugin 1.59.0
LogInit: Build: ++UE4+Release-4.27-CL-18319896
LogInit: Engine Version: 4.27.2-18319896+++UE4+Release-4.27
LogInit: Compatible Engine Version: 4.27.0-17155196+++UE4+Release-4.27
LogInit: Net CL: 17155196
LogInit: OS: Windows 10 (Release 2009) (), CPU: AMD Ryzen 7 PRO 8845HS w/ Radeon 780M Graphics, GPU: AMD Radeon 780M Graphics
LogInit: Compiled (64-bit): Nov 30 2021 07:12:08
LogInit: Compiled with Visual C++: 19.24.28315.00
LogInit: Build Configuration: Development
LogInit: Branch Name: ++UE4+Release-4.27
LogInit: Command Line: 
LogInit: Base Directory: C:/Program Files/Epic Games/UE_4.27/Engine/Binaries/Win64/
LogInit: Allocator: TBB
LogInit: Installed Engine Build: 1
LogDevObjectVersion: Number of dev versions registered: 29
LogDevObjectVersion:   Dev-Blueprints (B0D832E4-1F89-4F0D-ACCF-7EB736FD4AA2): 10
LogDevObjectVersion:   Dev-Build (E1C64328-A22C-4D53-A36C-8E866417BD8C): 0
LogDevObjectVersion:   Dev-Core (375EC13C-06E4-48FB-B500-84F0262A717E): 4
LogDevObjectVersion:   Dev-Editor (E4B068ED-F494-42E9-A231-DA0B2E46BB41): 40
LogDevObjectVersion:   Dev-Framework (CFFC743F-43B0-4480-9391-14DF171D2073): 37
LogDevObjectVersion:   Dev-Mobile (B02B49B5-BB20-44E9-A304-32B752E40360): 3
LogDevObjectVersion:   Dev-Networking (A4E4105C-59A1-49B5-A7C5-40C4547EDFEE): 0
LogDevObjectVersion:   Dev-Online (39C831C9-5AE6-47DC-9A44-9C173E1C8E7C): 0
LogDevObjectVersion:   Dev-Physics (78F01B33-EBEA-4F98-B9B4-84EACCB95AA2): 14
LogDevObjectVersion:   Dev-Platform (6631380F-2D4D-43E0-8009-CF276956A95A): 0
LogDevObjectVersion:   Dev-Rendering (12F88B9F-8875-4AFC-A67C-D90C383ABD29): 45
LogDevObjectVersion:   Dev-Sequencer (7B5AE74C-D270-4C10-A958-57980B212A5A): 13
LogDevObjectVersion:   Dev-VR (D7296918-1DD6-4BDD-9DE2-64A83CC13884): 3
LogDevObjectVersion:   Dev-LoadTimes (C2A15278-BFE7-4AFE-6C17-90FF531DF755): 1
LogDevObjectVersion:   Private-Geometry (6EACA3D4-40EC-4CC1-B786-8BED09428FC5): 3
LogDevObjectVersion:   Dev-AnimPhys (29E575DD-E0A3-4627-9D10-D276232CDCEA): 17
LogDevObjectVersion:   Dev-Anim (AF43A65D-7FD3-4947-9873-3E8ED9C1BB05): 15
LogDevObjectVersion:   Dev-ReflectionCapture (6B266CEC-1EC7-4B8F-A30B-E4D90942FC07): 1
LogDevObjectVersion:   Dev-Automation (0DF73D61-A23F-47EA-B727-89E90C41499A): 1
LogDevObjectVersion:   FortniteMain (601D1886-AC64-4F84-AA16-D3DE0DEAC7D6): 47
LogDevObjectVersion:   FortniteRelease (E7086368-6B23-4C58-8439-1B7016265E91): 1
LogDevObjectVersion:   Dev-Enterprise (9DFFBCD6-494F-0158-E221-12823C92A888): 10
LogDevObjectVersion:   Dev-Niagara (F2AED0AC-9AFE-416F-8664-AA7FFA26D6FC): 1
LogDevObjectVersion:   Dev-Destruction (174F1F0B-B4C6-45A5-B13F-2EE8D0FB917D): 10
LogDevObjectVersion:   Dev-Physics-Ext (35F94A83-E258-406C-A318-09F59610247C): 41
LogDevObjectVersion:   Dev-PhysicsMaterial-Chaos (B68FC16E-8B1B-42E2-B453-215C058844FE): 1
LogDevObjectVersion:   Dev-CineCamera (B2E18506-4273-CFC2-A54E-F4BB758BBA07): 1
LogDevObjectVersion:   Dev-VirtualProduction (64F58936-FD1B-42BA-BA96-7289D5D0FA4E): 1
LogDevObjectVersion:   Dev-MediaFramework (6F0ED827-A609-4895-9C91-998D90180EA4): 2
LogInit: Presizing for max 25165824 objects, including 0 objects not considered by GC, pre-allocating 0 bytes for permanent pool.
LogConfig: Applying CVar settings from Section [/Script/Engine.StreamingSettings] File [E:/_Alex's Data/Unreal Engine/Unreal Projects/Brackeys2026/Brackeys-2026/BrackeysJam2026/Saved/Config/Windows/Engine.ini]
LogConfig: Setting CVar [[s.MinBulkDataSizeForAsyncLoading:131072]]
LogConfig: Setting CVar [[s.AsyncLoadingThreadEnabled:0]]
LogConfig: Setting CVar [[s.EventDrivenLoaderEnabled:1]]
LogConfig: Setting CVar [[s.WarnIfTimeLimitExceeded:0]]
LogConfig: Setting CVar [[s.TimeLimitExceededMultiplier:1.5]]
LogConfig: Setting CVar [[s.TimeLimitExceededMinTime:0.005]]
LogConfig: Setting CVar [[s.UseBackgroundLevelStreaming:1]]
LogConfig: Setting CVar [[s.PriorityAsyncLoadingExtraTime:15.0]]
LogConfig: Setting CVar [[s.LevelStreamingActorsUpdateTimeLimit:5.0]]
LogConfig: Setting CVar [[s.PriorityLevelStreamingActorsUpdateExtraTime:5.0]]
LogConfig: Setting CVar [[s.LevelStreamingComponentsRegistrationGranularity:10]]
LogConfig: Setting CVar [[s.UnregisterComponentsTimeLimit:1.0]]
LogConfig: Setting CVar [[s.LevelStreamingComponentsUnregistrationGranularity:5]]
LogConfig: Setting CVar [[s.FlushStreamingOnExit:1]]
LogInit: Object subsystem initialized
LogConfig: Setting CVar [[con.DebugEarlyDefault:1]]
LogConfig: Setting CVar [[r.setres:1280x720]]
[2026.08.25-23.13.16:062][  0]LogConfig: Setting CVar [[r.VSync:0]]
[2026.08.25-23.13.16:062][  0]LogConfig: Setting CVar [[r.RHICmdBypass:0]]
[2026.08.25-23.13.16:062][  0]LogConfig: Applying CVar settings from Section [/Script/Engine.RendererSettings] File [E:/_Alex's Data/Unreal Engine/Unreal Projects/Brackeys2026/Brackeys-2026/BrackeysJam2026/Saved/Config/Windows/Engine.ini]
[2026.08.25-23.13.16:062][  0]LogConfig: Setting CVar [[r.GPUCrashDebugging:0]]
[2026.08.25-23.13.16:062][  0]LogConfig: Setting CVar [[r.DefaultFeature.MotionBlur:0]]
[2026.08.25-23.13.16:062][  0]LogConfig: Applying CVar settings from Section [/Script/Engine.RendererOverrideSettings] File [E:/_Alex's Data/Unreal Engine/Unreal Projects/Brackeys2026/Brackeys-2026/BrackeysJam2026/Saved/Config/Windows/Engine.ini]
[2026.08.25-23.13.16:062][  0]LogConfig: Applying CVar settings from Section [/Script/Engine.StreamingSettings] File [E:/_Alex's Data/Unreal Engine/Unreal Projects/Brackeys2026/Brackeys-2026/BrackeysJam2026/Saved/Config/Windows/Engine.ini]
[2026.08.25-23.13.16:062][  0]LogConfig: Setting CVar [[s.MinBulkDataSizeForAsyncLoading:131072]]
[2026.08.25-23.13.16:062][  0]LogConfig: Setting CVar [[s.AsyncLoadingThreadEnabled:0]]
[2026.08.25-23.13.16:062][  0]LogConfig: Setting CVar [[s.EventDrivenLoaderEnabled:1]]
[2026.08.25-23.13.16:062][  0]LogConfig: Setting CVar [[s.WarnIfTimeLimitExceeded:0]]
[2026.08.25-23.13.16:062][  0]LogConfig: Setting CVar [[s.TimeLimitExceededMultiplier:1.5]]
[2026.08.25-23.13.16:062][  0]LogConfig: Setting CVar [[s.TimeLimitExceededMinTime:0.005]]
[2026.08.25-23.13.16:063][  0]LogConfig: Setting CVar [[s.UseBackgroundLevelStreaming:1]]
[2026.08.25-23.13.16:063][  0]LogConfig: Setting CVar [[s.PriorityAsyncLoadingExtraTime:15.0]]
[2026.08.25-23.13.16:063][  0]LogConfig: Setting CVar [[s.LevelStreamingActorsUpdateTimeLimit:5.0]]
[2026.08.25-23.13.16:063][  0]LogConfig: Setting CVar [[s.PriorityLevelStreamingActorsUpdateExtraTime:5.0]]
[2026.08.25-23.13.16:063][  0]LogConfig: Setting CVar [[s.LevelStreamingComponentsRegistrationGranularity:10]]
[2026.08.25-23.13.16:063][  0]LogConfig: Setting CVar [[s.UnregisterComponentsTimeLimit:1.0]]
[2026.08.25-23.13.16:063][  0]LogConfig: Setting CVar [[s.LevelStreamingComponentsUnregistrationGranularity:5]]
[2026.08.25-23.13.16:063][  0]LogConfig: Setting CVar [[s.FlushStreamingOnExit:1]]
[2026.08.25-23.13.16:063][  0]LogConfig: Applying CVar settings from Section [/Script/Engine.GarbageCollectionSettings] File [E:/_Alex's Data/Unreal Engine/Unreal Projects/Brackeys2026/Brackeys-2026/BrackeysJam2026/Saved/Config/Windows/Engine.ini]
[2026.08.25-23.13.16:063][  0]LogConfig: Setting CVar [[gc.MaxObjectsNotConsideredByGC:1]]
[2026.08.25-23.13.16:063][  0]LogConfig: Setting CVar [[gc.SizeOfPermanentObjectPool:0]]
[2026.08.25-23.13.16:063][  0]LogConfig: Setting CVar [[gc.FlushStreamingOnGC:0]]
[2026.08.25-23.13.16:063][  0]LogConfig: Setting CVar [[gc.NumRetriesBeforeForcingGC:10]]
[2026.08.25-23.13.16:063][  0]LogConfig: Setting CVar [[gc.AllowParallelGC:1]]
[2026.08.25-23.13.16:063][  0]LogConfig: Setting CVar [[gc.TimeBetweenPurgingPendingKillObjects:61.1]]
[2026.08.25-23.13.16:063][  0]LogConfig: Setting CVar [[gc.MaxObjectsInEditor:25165824]]
[2026.08.25-23.13.16:063][  0]LogConfig: Setting CVar [[gc.IncrementalBeginDestroyEnabled:1]]
[2026.08.25-23.13.16:063][  0]LogConfig: Setting CVar [[gc.CreateGCClusters:1]]
[2026.08.25-23.13.16:063][  0]LogConfig: Setting CVar [[gc.MinGCClusterSize:5]]
[2026.08.25-23.13.16:063][  0]LogConfig: Setting CVar [[gc.ActorClusteringEnabled:0]]
[2026.08.25-23.13.16:063][  0]LogConfig: Setting CVar [[gc.BlueprintClusteringEnabled:0]]
[2026.08.25-23.13.16:063][  0]LogConfig: Setting CVar [[gc.UseDisregardForGCOnDedicatedServers:0]]
[2026.08.25-23.13.16:063][  0]LogConfig: Setting CVar [[gc.MultithreadedDestructionEnabled:1]]
[2026.08.25-23.13.16:063][  0]LogConfig: Applying CVar settings from Section [/Script/Engine.NetworkSettings] File [E:/_Alex's Data/Unreal Engine/Unreal Projects/Brackeys2026/Brackeys-2026/BrackeysJam2026/Saved/Config/Windows/Engine.ini]
[2026.08.25-23.13.16:063][  0]LogConfig: Applying CVar settings from Section [/Script/UnrealEd.CookerSettings] File [E:/_Alex's Data/Unreal Engine/Unreal Projects/Brackeys2026/Brackeys-2026/BrackeysJam2026/Saved/Config/Windows/Engine.ini]
[2026.08.25-23.13.16:068][  0]LogConfig: Applying CVar settings from Section [ViewDistanceQuality@3] File [E:/_Alex's Data/Unreal Engine/Unreal Projects/Brackeys2026/Brackeys-2026/BrackeysJam2026/Saved/Config/Windows/Scalability.ini]
[2026.08.25-23.13.16:068][  0]LogConfig: Setting CVar [[r.SkeletalMeshLODBias:0]]
[2026.08.25-23.13.16:068][  0]LogConfig: Setting CVar [[r.ViewDistanceScale:1.0]]
[2026.08.25-23.13.16:068][  0]LogConfig: Applying CVar settings from Section [AntiAliasingQuality@3] File [E:/_Alex's Data/Unreal Engine/Unreal Projects/Brackeys2026/Brackeys-2026/BrackeysJam2026/Saved/Config/Windows/Scalability.ini]
[2026.08.25-23.13.16:068][  0]LogConfig: Setting CVar [[r.PostProcessAAQuality:4]]
[2026.08.25-23.13.16:068][  0]LogConfig: Applying CVar settings from Section [ShadowQuality@3] File [E:/_Alex's Data/Unreal Engine/Unreal Projects/Brackeys2026/Brackeys-2026/BrackeysJam2026/Saved/Config/Windows/Scalability.ini]
[2026.08.25-23.13.16:068][  0]LogConfig: Setting CVar [[r.LightFunctionQuality:1]]
[2026.08.25-23.13.16:068][  0]LogConfig: Setting CVar [[r.ShadowQuality:5]]
[2026.08.25-23.13.16:068][  0]LogConfig: Setting CVar [[r.Shadow.CSM.MaxCascades:10]]
[2026.08.25-23.13.16:068][  0]LogConfig: Setting CVar [[r.Shadow.MaxResolution:2048]]
[2026.08.25-23.13.16:068][  0]LogConfig: Setting CVar [[r.Shadow.MaxCSMResolution:2048]]
[2026.08.25-23.13.16:068][  0]LogConfig: Setting CVar [[r.Shadow.RadiusThreshold:0.01]]
[2026.08.25-23.13.16:068][  0]LogConfig: Setting CVar [[r.Shadow.DistanceScale:1.0]]
[2026.08.25-23.13.16:068][  0]LogConfig: Setting CVar [[r.Shadow.CSM.TransitionScale:1.0]]
[2026.08.25-23.13.16:068][  0]LogConfig: Setting CVar [[r.Shadow.PreShadowResolutionFactor:1.0]]
[2026.08.25-23.13.16:068][  0]LogConfig: Setting CVar [[r.DistanceFieldShadowing:1]]
[2026.08.25-23.13.16:068][  0]LogConfig: Setting CVar [[r.DistanceFieldAO:1]]
[2026.08.25-23.13.16:068][  0]LogConfig: Setting CVar [[r.AOQuality:2]]
[2026.08.25-23.13.16:068][  0]LogConfig: Setting CVar [[r.VolumetricFog:1]]
[2026.08.25-23.13.16:068][  0]LogConfig: Setting CVar [[r.VolumetricFog.GridPixelSize:8]]
[2026.08.25-23.13.16:068][  0]LogConfig: Setting CVar [[r.VolumetricFog.GridSizeZ:128]]
[2026.08.25-23.13.16:068][  0]LogConfig: Setting CVar [[r.VolumetricFog.HistoryMissSupersampleCount:4]]
[2026.08.25-23.13.16:068][  0]LogConfig: Setting CVar [[r.LightMaxDrawDistanceScale:1]]
[2026.08.25-23.13.16:068][  0]LogConfig: Setting CVar [[r.CapsuleShadows:1]]
[2026.08.25-23.13.16:068][  0]LogConfig: Applying CVar settings from Section [PostProcessQuality@3] File [E:/_Alex's Data/Unreal Engine/Unreal Projects/Brackeys2026/Brackeys-2026/BrackeysJam2026/Saved/Config/Windows/Scalability.ini]
[2026.08.25-23.13.16:068][  0]LogConfig: Setting CVar [[r.MotionBlurQuality:4]]
[2026.08.25-23.13.16:068][  0]LogConfig: Setting CVar [[r.AmbientOcclusionMipLevelFactor:0.4]]
[2026.08.25-23.13.16:068][  0]LogConfig: Setting CVar [[r.AmbientOcclusionMaxQuality:100]]
[2026.08.25-23.13.16:068][  0]LogConfig: Setting CVar [[r.AmbientOcclusionLevels:-1]]
[2026.08.25-23.13.16:068][  0]LogConfig: Setting CVar [[r.AmbientOcclusionRadiusScale:1.0]]
[2026.08.25-23.13.16:068][  0]LogConfig: Setting CVar [[r.DepthOfFieldQuality:2]]
[2026.08.25-23.13.16:068][  0]LogConfig: Setting CVar [[r.RenderTargetPoolMin:400]]
[2026.08.25-23.13.16:068][  0]LogConfig: Setting CVar [[r.LensFlareQuality:2]]
[2026.08.25-23.13.16:068][  0]LogConfig: Setting CVar [[r.SceneColorFringeQuality:1]]
[2026.08.25-23.13.16:068][  0]LogConfig: Setting CVar [[r.EyeAdaptationQuality:2]]
[2026.08.25-23.13.16:068][  0]LogConfig: Setting CVar [[r.BloomQuality:5]]
[2026.08.25-23.13.16:068][  0]LogConfig: Setting CVar [[r.FastBlurThreshold:100]]
[2026.08.25-23.13.16:068][  0]LogConfig: Setting CVar [[r.Upscale.Quality:3]]
[2026.08.25-23.13.16:068][  0]LogConfig: Setting CVar [[r.Tonemapper.GrainQuantization:1]]
[2026.08.25-23.13.16:068][  0]LogConfig: Setting CVar [[r.LightShaftQuality:1]]
[2026.08.25-23.13.16:068][  0]LogConfig: Setting CVar [[r.Filter.SizeScale:1]]
[2026.08.25-23.13.16:068][  0]LogConfig: Setting CVar [[r.Tonemapper.Quality:5]]
[2026.08.25-23.13.16:068][  0]LogConfig: Setting CVar [[r.DOF.Gather.AccumulatorQuality:1        ; higher gathering accumulator quality]]
[2026.08.25-23.13.16:068][  0]LogConfig: Setting CVar [[r.DOF.Gather.PostfilterMethod:1          ; Median3x3 postfilering method]]
[2026.08.25-23.13.16:068][  0]LogConfig: Setting CVar [[r.DOF.Gather.EnableBokehSettings:0       ; no bokeh simulation when gathering]]
[2026.08.25-23.13.16:068][  0]LogConfig: Setting CVar [[r.DOF.Gather.RingCount:4                 ; medium number of samples when gathering]]
[2026.08.25-23.13.16:068][  0]LogConfig: Setting CVar [[r.DOF.Scatter.ForegroundCompositing:1    ; additive foreground scattering]]
[2026.08.25-23.13.16:068][  0]LogConfig: Setting CVar [[r.DOF.Scatter.BackgroundCompositing:2    ; additive background scattering]]
[2026.08.25-23.13.16:068][  0]LogConfig: Setting CVar [[r.DOF.Scatter.EnableBokehSettings:1      ; bokeh simulation when scattering]]
[2026.08.25-23.13.16:068][  0]LogConfig: Setting CVar [[r.DOF.Scatter.MaxSpriteRatio:0.1         ; only a maximum of 10% of scattered bokeh]]
[2026.08.25-23.13.16:068][  0]LogConfig: Setting CVar [[r.DOF.Recombine.Quality:1                ; cheap slight out of focus]]
[2026.08.25-23.13.16:068][  0]LogConfig: Setting CVar [[r.DOF.Recombine.EnableBokehSettings:0    ; no bokeh simulation on slight out of focus]]
[2026.08.25-23.13.16:068][  0]LogConfig: Setting CVar [[r.DOF.TemporalAAQuality:1                ; more stable temporal accumulation]]
[2026.08.25-23.13.16:068][  0]LogConfig: Setting CVar [[r.DOF.Kernel.MaxForegroundRadius:0.025]]
[2026.08.25-23.13.16:068][  0]LogConfig: Setting CVar [[r.DOF.Kernel.MaxBackgroundRadius:0.025]]
[2026.08.25-23.13.16:068][  0]LogConfig: Applying CVar settings from Section [TextureQuality@3] File [E:/_Alex's Data/Unreal Engine/Unreal Projects/Brackeys2026/Brackeys-2026/BrackeysJam2026/Saved/Config/Windows/Scalability.ini]
[2026.08.25-23.13.16:068][  0]LogConfig: Setting CVar [[r.Streaming.MipBias:0]]
[2026.08.25-23.13.16:068][  0]LogConfig: Setting CVar [[r.Streaming.AmortizeCPUToGPUCopy:0]]
[2026.08.25-23.13.16:068][  0]LogConfig: Setting CVar [[r.Streaming.MaxNumTexturesToStreamPerFrame:0]]
[2026.08.25-23.13.16:068][  0]LogConfig: Setting CVar [[r.Streaming.Boost:1]]
[2026.08.25-23.13.16:068][  0]LogConfig: Setting CVar [[r.MaxAnisotropy:8]]
[2026.08.25-23.13.16:068][  0]LogConfig: Setting CVar [[r.VT.MaxAnisotropy:8]]
[2026.08.25-23.13.16:068][  0]LogConfig: Setting CVar [[r.Streaming.LimitPoolSizeToVRAM:0]]
[2026.08.25-23.13.16:068][  0]LogConfig: Setting CVar [[r.Streaming.PoolSize:1000]]
[2026.08.25-23.13.16:068][  0]LogConfig: Setting CVar [[r.Streaming.MaxEffectiveScreenSize:0]]
[2026.08.25-23.13.16:068][  0]LogConfig: Applying CVar settings from Section [EffectsQuality@3] File [E:/_Alex's Data/Unreal Engine/Unreal Projects/Brackeys2026/Brackeys-2026/BrackeysJam2026/Saved/Config/Windows/Scalability.ini]
[2026.08.25-23.13.16:068][  0]LogConfig: Setting CVar [[r.TranslucencyLightingVolumeDim:64]]
[2026.08.25-23.13.16:068][  0]LogConfig: Setting CVar [[r.RefractionQuality:2]]
[2026.08.25-23.13.16:068][  0]LogConfig: Setting CVar [[r.SSR.Quality:3]]
[2026.08.25-23.13.16:068][  0]LogConfig: Setting CVar [[r.SSR.HalfResSceneColor:0]]
[2026.08.25-23.13.16:068][  0]LogConfig: Setting CVar [[r.SceneColorFormat:4]]
[2026.08.25-23.13.16:068][  0]LogConfig: Setting CVar [[r.DetailMode:2]]
[2026.08.25-23.13.16:068][  0]LogConfig: Setting CVar [[r.TranslucencyVolumeBlur:1]]
[2026.08.25-23.13.16:068][  0]LogConfig: Setting CVar [[r.MaterialQualityLevel:1 ; High quality]]
[2026.08.25-23.13.16:068][  0]LogConfig: Setting CVar [[r.AnisotropicMaterials:1]]
[2026.08.25-23.13.16:068][  0]LogConfig: Setting CVar [[r.SSS.Scale:1]]
[2026.08.25-23.13.16:068][  0]LogConfig: Setting CVar [[r.SSS.SampleSet:2]]
[2026.08.25-23.13.16:068][  0]LogConfig: Setting CVar [[r.SSS.Quality:1]]
[2026.08.25-23.13.16:068][  0]LogConfig: Setting CVar [[r.SSS.HalfRes:0]]
[2026.08.25-23.13.16:068][  0]LogConfig: Setting CVar [[r.SSGI.Quality:3]]
[2026.08.25-23.13.16:068][  0]LogConfig: Setting CVar [[r.EmitterSpawnRateScale:1.0]]
[2026.08.25-23.13.16:068][  0]LogConfig: Setting CVar [[r.ParticleLightQuality:2]]
[2026.08.25-23.13.16:068][  0]LogConfig: Setting CVar [[r.SkyAtmosphere.AerialPerspectiveLUT.FastApplyOnOpaque:1 ; Always have FastSkyLUT 1 in this case to avoid wrong sky]]
[2026.08.25-23.13.16:068][  0]LogConfig: Setting CVar [[r.SkyAtmosphere.AerialPerspectiveLUT.SampleCountMaxPerSlice:4]]
[2026.08.25-23.13.16:068][  0]LogConfig: Setting CVar [[r.SkyAtmosphere.AerialPerspectiveLUT.DepthResolution:16.0]]
[2026.08.25-23.13.16:068][  0]LogConfig: Setting CVar [[r.SkyAtmosphere.FastSkyLUT:1]]
[2026.08.25-23.13.16:068][  0]LogConfig: Setting CVar [[r.SkyAtmosphere.FastSkyLUT.SampleCountMin:4.0]]
[2026.08.25-23.13.16:068][  0]LogConfig: Setting CVar [[r.SkyAtmosphere.FastSkyLUT.SampleCountMax:128.0]]
[2026.08.25-23.13.16:068][  0]LogConfig: Setting CVar [[r.SkyAtmosphere.SampleCountMin:4.0]]
[2026.08.25-23.13.16:068][  0]LogConfig: Setting CVar [[r.SkyAtmosphere.SampleCountMax:128.0]]
[2026.08.25-23.13.16:068][  0]LogConfig: Setting CVar [[r.SkyAtmosphere.TransmittanceLUT.UseSmallFormat:0]]
[2026.08.25-23.13.16:068][  0]LogConfig: Setting CVar [[r.SkyAtmosphere.TransmittanceLUT.SampleCount:10.0]]
[2026.08.25-23.13.16:068][  0]LogConfig: Setting CVar [[r.SkyAtmosphere.MultiScatteringLUT.SampleCount:15.0]]
[2026.08.25-23.13.16:068][  0]LogConfig: Setting CVar [[r.SkyLight.RealTimeReflectionCapture:1]]
[2026.08.25-23.13.16:068][  0]LogConfig: Applying CVar settings from Section [FoliageQuality@3] File [E:/_Alex's Data/Unreal Engine/Unreal Projects/Brackeys2026/Brackeys-2026/BrackeysJam2026/Saved/Config/Windows/Scalability.ini]
[2026.08.25-23.13.16:068][  0]LogConfig: Setting CVar [[foliage.DensityScale:1.0]]
[2026.08.25-23.13.16:068][  0]LogConfig: Setting CVar [[grass.DensityScale:1.0]]
[2026.08.25-23.13.16:068][  0]LogConfig: Applying CVar settings from Section [ShadingQuality@3] File [E:/_Alex's Data/Unreal Engine/Unreal Projects/Brackeys2026/Brackeys-2026/BrackeysJam2026/Saved/Config/Windows/Scalability.ini]
[2026.08.25-23.13.16:068][  0]LogConfig: Setting CVar [[r.HairStrands.SkyLighting.IntegrationType:2]]
[2026.08.25-23.13.16:068][  0]LogConfig: Setting CVar [[r.HairStrands.SkyAO.SampleCount:4]]
[2026.08.25-23.13.16:068][  0]LogConfig: Setting CVar [[r.HairStrands.Visibility.MSAA.SamplePerPixel:4]]
[2026.08.25-23.13.16:068][  0]LogInit: Selected Device Profile: [Windows]
[2026.08.25-23.13.16:069][  0]LogInit: Applying CVar settings loaded from the selected device profile: [Windows]
[2026.08.25-23.13.16:069][  0]LogHAL: Display: Platform has ~ 32 GB [33639129088 / 34359738368 / 32], which maps to Largest [LargestMinGB=32, LargerMinGB=12, DefaultMinGB=8, SmallerMinGB=6, SmallestMinGB=0)
[2026.08.25-23.13.16:069][  0]LogInit: Going up to parent DeviceProfile []
[2026.08.25-23.13.16:069][  0]LogConfig: Applying CVar settings from Section [ViewDistanceQuality@3] File [E:/_Alex's Data/Unreal Engine/Unreal Projects/Brackeys2026/Brackeys-2026/BrackeysJam2026/Saved/Config/Windows/Scalability.ini]
[2026.08.25-23.13.16:069][  0]LogConfig: Setting CVar [[r.SkeletalMeshLODBias:0]]
[2026.08.25-23.13.16:069][  0]LogConfig: Setting CVar [[r.ViewDistanceScale:1.0]]
[2026.08.25-23.13.16:069][  0]LogConfig: Applying CVar settings from Section [AntiAliasingQuality@3] File [E:/_Alex's Data/Unreal Engine/Unreal Projects/Brackeys2026/Brackeys-2026/BrackeysJam2026/Saved/Config/Windows/Scalability.ini]
[2026.08.25-23.13.16:069][  0]LogConfig: Setting CVar [[r.PostProcessAAQuality:4]]
[2026.08.25-23.13.16:069][  0]LogConfig: Applying CVar settings from Section [ShadowQuality@3] File [E:/_Alex's Data/Unreal Engine/Unreal Projects/Brackeys2026/Brackeys-2026/BrackeysJam2026/Saved/Config/Windows/Scalability.ini]
[2026.08.25-23.13.16:069][  0]LogConfig: Setting CVar [[r.LightFunctionQuality:1]]
[2026.08.25-23.13.16:069][  0]LogConfig: Setting CVar [[r.ShadowQuality:5]]
[2026.08.25-23.13.16:069][  0]LogConfig: Setting CVar [[r.Shadow.CSM.MaxCascades:10]]
[2026.08.25-23.13.16:069][  0]LogConfig: Setting CVar [[r.Shadow.MaxResolution:2048]]
[2026.08.25-23.13.16:069][  0]LogConfig: Setting CVar [[r.Shadow.MaxCSMResolution:2048]]
[2026.08.25-23.13.16:069][  0]LogConfig: Setting CVar [[r.Shadow.RadiusThreshold:0.01]]
[2026.08.25-23.13.16:069][  0]LogConfig: Setting CVar [[r.Shadow.DistanceScale:1.0]]
[2026.08.25-23.13.16:069][  0]LogConfig: Setting CVar [[r.Shadow.CSM.TransitionScale:1.0]]
[2026.08.25-23.13.16:069][  0]LogConfig: Setting CVar [[r.Shadow.PreShadowResolutionFactor:1.0]]
[2026.08.25-23.13.16:069][  0]LogConfig: Setting CVar [[r.DistanceFieldShadowing:1]]
[2026.08.25-23.13.16:069][  0]LogConfig: Setting CVar [[r.DistanceFieldAO:1]]
[2026.08.25-23.13.16:069][  0]LogConfig: Setting CVar [[r.AOQuality:2]]
[2026.08.25-23.13.16:069][  0]LogConfig: Setting CVar [[r.VolumetricFog:1]]
[2026.08.25-23.13.16:069][  0]LogConfig: Setting CVar [[r.VolumetricFog.GridPixelSize:8]]
[2026.08.25-23.13.16:069][  0]LogConfig: Setting CVar [[r.VolumetricFog.GridSizeZ:128]]
[2026.08.25-23.13.16:069][  0]LogConfig: Setting CVar [[r.VolumetricFog.HistoryMissSupersampleCount:4]]
[2026.08.25-23.13.16:069][  0]LogConfig: Setting CVar [[r.LightMaxDrawDistanceScale:1]]
[2026.08.25-23.13.16:069][  0]LogConfig: Setting CVar [[r.CapsuleShadows:1]]
[2026.08.25-23.13.16:069][  0]LogConfig: Applying CVar settings from Section [PostProcessQuality@3] File [E:/_Alex's Data/Unreal Engine/Unreal Projects/Brackeys2026/Brackeys-2026/BrackeysJam2026/Saved/Config/Windows/Scalability.ini]
[2026.08.25-23.13.16:069][  0]LogConfig: Setting CVar [[r.MotionBlurQuality:4]]
[2026.08.25-23.13.16:069][  0]LogConfig: Setting CVar [[r.AmbientOcclusionMipLevelFactor:0.4]]
[2026.08.25-23.13.16:069][  0]LogConfig: Setting CVar [[r.AmbientOcclusionMaxQuality:100]]
[2026.08.25-23.13.16:069][  0]LogConfig: Setting CVar [[r.AmbientOcclusionLevels:-1]]
[2026.08.25-23.13.16:069][  0]LogConfig: Setting CVar [[r.AmbientOcclusionRadiusScale:1.0]]
[2026.08.25-23.13.16:069][  0]LogConfig: Setting CVar [[r.DepthOfFieldQuality:2]]
[2026.08.25-23.13.16:069][  0]LogConfig: Setting CVar [[r.RenderTargetPoolMin:400]]
[2026.08.25-23.13.16:069][  0]LogConfig: Setting CVar [[r.LensFlareQuality:2]]
[2026.08.25-23.13.16:069][  0]LogConfig: Setting CVar [[r.SceneColorFringeQuality:1]]
[2026.08.25-23.13.16:069][  0]LogConfig: Setting CVar [[r.EyeAdaptationQuality:2]]
[2026.08.25-23.13.16:069][  0]LogConfig: Setting CVar [[r.BloomQuality:5]]
[2026.08.25-23.13.16:069][  0]LogConfig: Setting CVar [[r.FastBlurThreshold:100]]
[2026.08.25-23.13.16:069][  0]LogConfig: Setting CVar [[r.Upscale.Quality:3]]
[2026.08.25-23.13.16:069][  0]LogConfig: Setting CVar [[r.Tonemapper.GrainQuantization:1]]
[2026.08.25-23.13.16:069][  0]LogConfig: Setting CVar [[r.LightShaftQuality:1]]
[2026.08.25-23.13.16:069][  0]LogConfig: Setting CVar [[r.Filter.SizeScale:1]]
[2026.08.25-23.13.16:069][  0]LogConfig: Setting CVar [[r.Tonemapper.Quality:5]]
[2026.08.25-23.13.16:069][  0]LogConfig: Setting CVar [[r.DOF.Gather.AccumulatorQuality:1        ; higher gathering accumulator quality]]
[2026.08.25-23.13.16:069][  0]LogConfig: Setting CVar [[r.DOF.Gather.PostfilterMethod:1          ; Median3x3 postfilering method]]
[2026.08.25-23.13.16:069][  0]LogConfig: Setting CVar [[r.DOF.Gather.EnableBokehSettings:0       ; no bokeh simulation when gathering]]
[2026.08.25-23.13.16:069][  0]LogConfig: Setting CVar [[r.DOF.Gather.RingCount:4                 ; medium number of samples when gathering]]
[2026.08.25-23.13.16:069][  0]LogConfig: Setting CVar [[r.DOF.Scatter.ForegroundCompositing:1    ; additive foreground scattering]]
[2026.08.25-23.13.16:069][  0]LogConfig: Setting CVar [[r.DOF.Scatter.BackgroundCompositing:2    ; additive background scattering]]
[2026.08.25-23.13.16:069][  0]LogConfig: Setting CVar [[r.DOF.Scatter.EnableBokehSettings:1      ; bokeh simulation when scattering]]
[2026.08.25-23.13.16:069][  0]LogConfig: Setting CVar [[r.DOF.Scatter.MaxSpriteRatio:0.1         ; only a maximum of 10% of scattered bokeh]]
[2026.08.25-23.13.16:069][  0]LogConfig: Setting CVar [[r.DOF.Recombine.Quality:1                ; cheap slight out of focus]]
[2026.08.25-23.13.16:069][  0]LogConfig: Setting CVar [[r.DOF.Recombine.EnableBokehSettings:0    ; no bokeh simulation on slight out of focus]]
[2026.08.25-23.13.16:069][  0]LogConfig: Setting CVar [[r.DOF.TemporalAAQuality:1                ; more stable temporal accumulation]]
[2026.08.25-23.13.16:069][  0]LogConfig: Setting CVar [[r.DOF.Kernel.MaxForegroundRadius:0.025]]
[2026.08.25-23.13.16:069][  0]LogConfig: Setting CVar [[r.DOF.Kernel.MaxBackgroundRadius:0.025]]
[2026.08.25-23.13.16:069][  0]LogConfig: Applying CVar settings from Section [TextureQuality@3] File [E:/_Alex's Data/Unreal Engine/Unreal Projects/Brackeys2026/Brackeys-2026/BrackeysJam2026/Saved/Config/Windows/Scalability.ini]
[2026.08.25-23.13.16:069][  0]LogConfig: Setting CVar [[r.Streaming.MipBias:0]]
[2026.08.25-23.13.16:069][  0]LogConfig: Setting CVar [[r.Streaming.AmortizeCPUToGPUCopy:0]]
[2026.08.25-23.13.16:069][  0]LogConfig: Setting CVar [[r.Streaming.MaxNumTexturesToStreamPerFrame:0]]
[2026.08.25-23.13.16:069][  0]LogConfig: Setting CVar [[r.Streaming.Boost:1]]
[2026.08.25-23.13.16:069][  0]LogConfig: Setting CVar [[r.MaxAnisotropy:8]]
[2026.08.25-23.13.16:069][  0]LogConfig: Setting CVar [[r.VT.MaxAnisotropy:8]]
[2026.08.25-23.13.16:069][  0]LogConfig: Setting CVar [[r.Streaming.LimitPoolSizeToVRAM:0]]
[2026.08.25-23.13.16:069][  0]LogConfig: Setting CVar [[r.Streaming.PoolSize:1000]]
[2026.08.25-23.13.16:069][  0]LogConfig: Setting CVar [[r.Streaming.MaxEffectiveScreenSize:0]]
[2026.08.25-23.13.16:069][  0]LogConfig: Applying CVar settings from Section [EffectsQuality@3] File [E:/_Alex's Data/Unreal Engine/Unreal Projects/Brackeys2026/Brackeys-2026/BrackeysJam2026/Saved/Config/Windows/Scalability.ini]
[2026.08.25-23.13.16:069][  0]LogConfig: Setting CVar [[r.TranslucencyLightingVolumeDim:64]]
[2026.08.25-23.13.16:069][  0]LogConfig: Setting CVar [[r.RefractionQuality:2]]
[2026.08.25-23.13.16:069][  0]LogConfig: Setting CVar [[r.SSR.Quality:3]]
[2026.08.25-23.13.16:069][  0]LogConfig: Setting CVar [[r.SSR.HalfResSceneColor:0]]
[2026.08.25-23.13.16:069][  0]LogConfig: Setting CVar [[r.SceneColorFormat:4]]
[2026.08.25-23.13.16:069][  0]LogConfig: Setting CVar [[r.DetailMode:2]]
[2026.08.25-23.13.16:069][  0]LogConfig: Setting CVar [[r.TranslucencyVolumeBlur:1]]
[2026.08.25-23.13.16:069][  0]LogConfig: Setting CVar [[r.MaterialQualityLevel:1 ; High quality]]
[2026.08.25-23.13.16:069][  0]LogConfig: Setting CVar [[r.AnisotropicMaterials:1]]
[2026.08.25-23.13.16:069][  0]LogConfig: Setting CVar [[r.SSS.Scale:1]]
[2026.08.25-23.13.16:069][  0]LogConfig: Setting CVar [[r.SSS.SampleSet:2]]
[2026.08.25-23.13.16:069][  0]LogConfig: Setting CVar [[r.SSS.Quality:1]]
[2026.08.25-23.13.16:069][  0]LogConfig: Setting CVar [[r.SSS.HalfRes:0]]
[2026.08.25-23.13.16:069][  0]LogConfig: Setting CVar [[r.SSGI.Quality:3]]
[2026.08.25-23.13.16:069][  0]LogConfig: Setting CVar [[r.EmitterSpawnRateScale:1.0]]
[2026.08.25-23.13.16:069][  0]LogConfig: Setting CVar [[r.ParticleLightQuality:2]]
[2026.08.25-23.13.16:069][  0]LogConfig: Setting CVar [[r.SkyAtmosphere.AerialPerspectiveLUT.FastApplyOnOpaque:1 ; Always have FastSkyLUT 1 in this case to avoid wrong sky]]
[2026.08.25-23.13.16:069][  0]LogConfig: Setting CVar [[r.SkyAtmosphere.AerialPerspectiveLUT.SampleCountMaxPerSlice:4]]
[2026.08.25-23.13.16:069][  0]LogConfig: Setting CVar [[r.SkyAtmosphere.AerialPerspectiveLUT.DepthResolution:16.0]]
[2026.08.25-23.13.16:069][  0]LogConfig: Setting CVar [[r.SkyAtmosphere.FastSkyLUT:1]]
[2026.08.25-23.13.16:069][  0]LogConfig: Setting CVar [[r.SkyAtmosphere.FastSkyLUT.SampleCountMin:4.0]]
[2026.08.25-23.13.16:069][  0]LogConfig: Setting CVar [[r.SkyAtmosphere.FastSkyLUT.SampleCountMax:128.0]]
[2026.08.25-23.13.16:069][  0]LogConfig: Setting CVar [[r.SkyAtmosphere.SampleCountMin:4.0]]
[2026.08.25-23.13.16:069][  0]LogConfig: Setting CVar [[r.SkyAtmosphere.SampleCountMax:128.0]]
[2026.08.25-23.13.16:069][  0]LogConfig: Setting CVar [[r.SkyAtmosphere.TransmittanceLUT.UseSmallFormat:0]]
[2026.08.25-23.13.16:069][  0]LogConfig: Setting CVar [[r.SkyAtmosphere.TransmittanceLUT.SampleCount:10.0]]
[2026.08.25-23.13.16:069][  0]LogConfig: Setting CVar [[r.SkyAtmosphere.MultiScatteringLUT.SampleCount:15.0]]
[2026.08.25-23.13.16:069][  0]LogConfig: Setting CVar [[r.SkyLight.RealTimeReflectionCapture:1]]
[2026.08.25-23.13.16:069][  0]LogConfig: Applying CVar settings from Section [FoliageQuality@3] File [E:/_Alex's Data/Unreal Engine/Unreal Projects/Brackeys2026/Brackeys-2026/BrackeysJam2026/Saved/Config/Windows/Scalability.ini]
[2026.08.25-23.13.16:069][  0]LogConfig: Setting CVar [[foliage.DensityScale:1.0]]
[2026.08.25-23.13.16:069][  0]LogConfig: Setting CVar [[grass.DensityScale:1.0]]
[2026.08.25-23.13.16:069][  0]LogConfig: Applying CVar settings from Section [ShadingQuality@3] File [E:/_Alex's Data/Unreal Engine/Unreal Projects/Brackeys2026/Brackeys-2026/BrackeysJam2026/Saved/Config/Windows/Scalability.ini]
[2026.08.25-23.13.16:069][  0]LogConfig: Setting CVar [[r.HairStrands.SkyLighting.IntegrationType:2]]
[2026.08.25-23.13.16:069][  0]LogConfig: Setting CVar [[r.HairStrands.SkyAO.SampleCount:4]]
[2026.08.25-23.13.16:069][  0]LogConfig: Setting CVar [[r.HairStrands.Visibility.MSAA.SamplePerPixel:4]]
[2026.08.25-23.13.16:069][  0]LogConfig: Applying CVar settings from Section [Startup] File [../../../Engine/Config/ConsoleVariables.ini]
[2026.08.25-23.13.16:069][  0]LogConfig: Setting CVar [[net.UseAdaptiveNetUpdateFrequency:0]]
[2026.08.25-23.13.16:069][  0]LogConfig: Setting CVar [[p.chaos.AllowCreatePhysxBodies:1]]
[2026.08.25-23.13.16:069][  0]LogConfig: Setting CVar [[fx.SkipVectorVMBackendOptimizations:1]]
[2026.08.25-23.13.16:069][  0]LogConfig: Applying CVar settings from Section [ConsoleVariables] File [E:/_Alex's Data/Unreal Engine/Unreal Projects/Brackeys2026/Brackeys-2026/BrackeysJam2026/Saved/Config/Windows/Engine.ini]
[2026.08.25-23.13.16:069][  0]LogConfig: Applying CVar settings from Section [ConsoleVariables] File [E:/_Alex's Data/Unreal Engine/Unreal Projects/Brackeys2026/Brackeys-2026/BrackeysJam2026/Saved/Config/Windows/Editor.ini]
[2026.08.25-23.13.16:069][  0]LogInit: Computer: LAPTOP-EB09ONFM
[2026.08.25-23.13.16:069][  0]LogInit: User: AlexT
[2026.08.25-23.13.16:069][  0]LogInit: CPU Page size=4096, Cores=8
[2026.08.25-23.13.16:069][  0]LogInit: High frequency timer resolution =10.000000 MHz
[2026.08.25-23.13.16:071][  0]LogMemory: Memory total: Physical=31.3GB (32GB approx)
[2026.08.25-23.13.16:071][  0]LogMemory: Platform Memory Stats for Windows
[2026.08.25-23.13.16:071][  0]LogMemory: Process Physical Memory: 155.83 MB used, 155.83 MB peak
[2026.08.25-23.13.16:071][  0]LogMemory: Process Virtual Memory: 129.21 MB used, 129.21 MB peak
[2026.08.25-23.13.16:071][  0]LogMemory: Physical Memory: 13957.33 MB used,  18123.45 MB free, 32080.77 MB total
[2026.08.25-23.13.16:071][  0]LogMemory: Virtual Memory: 134196544.00 MB used,  21180.61 MB free, 134217728.00 MB total
[2026.08.25-23.13.16:075][  0]LogWindows: WindowsPlatformFeatures enabled
[2026.08.25-23.13.16:091][  0]LogInit: Physics initialised using underlying interface: PhysX
[2026.08.25-23.13.16:091][  0]LogInit: Using OS detected language (en-US).
[2026.08.25-23.13.16:091][  0]LogInit: Using OS detected locale (en-US).
[2026.08.25-23.13.16:095][  0]LogTextLocalizationManager: No specific localization for 'en-US' exists, so the 'en' localization will be used.
[2026.08.25-23.13.16:220][  0]LogInit: Setting process to per monitor DPI aware
[2026.08.25-23.13.16:231][  0]LogWindowsTextInputMethodSystem: Display: IME system deactivated.
[2026.08.25-23.13.16:241][  0]LogSlate: New Slate User Created.  User Index 0, Is Virtual User: 0
[2026.08.25-23.13.16:241][  0]LogSlate: Slate User Registered.  User Index 0, Is Virtual User: 0
[2026.08.25-23.13.16:333][  0]LogD3D11RHI: Loaded GFSDK_Aftermath_Lib.x64.dll
[2026.08.25-23.13.16:354][  0]LogHMD: Failed to initialize OpenVR with code 110
[2026.08.25-23.13.16:354][  0]LogD3D11RHI: D3D11 min allowed feature level: 11_0
[2026.08.25-23.13.16:354][  0]LogD3D11RHI: D3D11 max allowed feature level: 11_0
[2026.08.25-23.13.16:354][  0]LogD3D11RHI: D3D11 adapters:
[2026.08.25-23.13.16:457][  0]LogD3D11RHI:    0. 'AMD Radeon 780M Graphics' (Feature Level 11_0)
[2026.08.25-23.13.16:457][  0]LogD3D11RHI:       421/0/16040 MB DedicatedVideo/DedicatedSystem/SharedSystem, Outputs:1, VendorId:0x1002
[2026.08.25-23.13.16:463][  0]LogD3D11RHI:    1. 'Microsoft Basic Render Driver' (Feature Level 11_0)
[2026.08.25-23.13.16:463][  0]LogD3D11RHI:       0/0/16040 MB DedicatedVideo/DedicatedSystem/SharedSystem, Outputs:0, VendorId:0x1414
[2026.08.25-23.13.16:463][  0]LogD3D11RHI: Chosen D3D11 Adapter:
[2026.08.25-23.13.16:463][  0]LogD3D11RHI:     Description : AMD Radeon 780M Graphics
[2026.08.25-23.13.16:463][  0]LogD3D11RHI:     VendorId    : 1002
[2026.08.25-23.13.16:463][  0]LogD3D11RHI:     DeviceId    : 1900
[2026.08.25-23.13.16:463][  0]LogD3D11RHI:     SubSysId    : 1241002
[2026.08.25-23.13.16:463][  0]LogD3D11RHI:     Revision    : 00d5
[2026.08.25-23.13.16:463][  0]LogD3D11RHI:     DedicatedVideoMemory : 441671680 bytes
[2026.08.25-23.13.16:463][  0]LogD3D11RHI:     DedicatedSystemMemory : 0 bytes
[2026.08.25-23.13.16:463][  0]LogD3D11RHI:     SharedSystemMemory : 16819564544 bytes
[2026.08.25-23.13.16:463][  0]LogD3D11RHI:     AdapterLuid : 0 66722
[2026.08.25-23.13.16:473][  0]LogD3D11RHI: Creating new Direct3DDevice
[2026.08.25-23.13.16:473][  0]LogD3D11RHI:     GPU DeviceId: 0x1900 (for the marketing name, search the web for "GPU Device Id")
[2026.08.25-23.13.16:473][  0]LogWindows: EnumDisplayDevices:
[2026.08.25-23.13.16:473][  0]LogWindows:    0. 'AMD Radeon 780M Graphics' (P:1 D:1)
[2026.08.25-23.13.16:474][  0]LogWindows:    1. 'AMD Radeon 780M Graphics' (P:0 D:0)
[2026.08.25-23.13.16:474][  0]LogWindows:    2. 'AMD Radeon 780M Graphics' (P:0 D:0)
[2026.08.25-23.13.16:475][  0]LogWindows:    3. 'AMD Radeon 780M Graphics' (P:0 D:0)
[2026.08.25-23.13.16:475][  0]LogWindows:    4. 'AMD Radeon 780M Graphics' (P:0 D:0)
[2026.08.25-23.13.16:475][  0]LogWindows: DebugString: FoundDriverCount:5 
[2026.08.25-23.13.16:475][  0]LogD3D11RHI:     Adapter Name: AMD Radeon 780M Graphics
[2026.08.25-23.13.16:475][  0]LogD3D11RHI:   Driver Version: AMD Software: Adrenalin Edition 26.7.1 (internal:32.0.31035.1003, unified:32.0.31035.1003)
[2026.08.25-23.13.16:475][  0]LogD3D11RHI:      Driver Date: 7-24-2026
[2026.08.25-23.13.16:475][  0]LogRHI: Texture pool is 10985 MB (70% of 15693 MB)
[2026.08.25-23.13.16:503][  0]LogD3D11RHI: Creating D3DDevice with AMD AGS, using adapter:
[2026.08.25-23.13.16:503][  0]LogD3D11RHI:     Description : AMD Radeon 780M Graphics
[2026.08.25-23.13.16:503][  0]LogD3D11RHI:     VendorId    : 1002
[2026.08.25-23.13.16:503][  0]LogD3D11RHI:     DeviceId    : 1900
[2026.08.25-23.13.16:503][  0]LogD3D11RHI:     SubSysId    : 1241002
[2026.08.25-23.13.16:503][  0]LogD3D11RHI:     Revision    : 00d5
[2026.08.25-23.13.16:503][  0]LogD3D11RHI:     DedicatedVideoMemory : 441671680 bytes
[2026.08.25-23.13.16:503][  0]LogD3D11RHI:     DedicatedSystemMemory : 0 bytes
[2026.08.25-23.13.16:503][  0]LogD3D11RHI:     SharedSystemMemory : 16819564544 bytes
[2026.08.25-23.13.16:503][  0]LogD3D11RHI:     AdapterLuid : 0 66722
[2026.08.25-23.13.16:597][  0]LogD3D11RHI: Created device via AGS, feature level 11_0, supported extensions 1fffffbf.
[2026.08.25-23.13.16:597][  0]LogD3D11RHI: RHI has support for 64 bit atomics
[2026.08.25-23.13.16:597][  0]LogD3D11RHI: Async texture creation enabled
[2026.08.25-23.13.16:597][  0]LogD3D11RHI: Array index from any shader is supported
[2026.08.25-23.13.16:609][  0]LogD3D11RHI: GPU Timing Frequency: 100.000000 (Debug: 2 1)
[2026.08.25-23.13.16:852][  0]LogTargetPlatformManager: Display: Loaded TargetPlatform 'AllDesktop'
[2026.08.25-23.13.16:866][  0]LogTargetPlatformManager: Display: Loaded TargetPlatform 'Android'
[2026.08.25-23.13.16:866][  0]LogTargetPlatformManager: Display: Loaded TargetPlatform 'Android_ASTC'
[2026.08.25-23.13.16:866][  0]LogTargetPlatformManager: Display: Loaded TargetPlatform 'Android_DXT'
[2026.08.25-23.13.16:866][  0]LogTargetPlatformManager: Display: Loaded TargetPlatform 'Android_ETC2'
[2026.08.25-23.13.16:866][  0]LogTargetPlatformManager: Display: Loaded TargetPlatform 'AndroidClient'
[2026.08.25-23.13.16:866][  0]LogTargetPlatformManager: Display: Loaded TargetPlatform 'Android_ASTCClient'
[2026.08.25-23.13.16:866][  0]LogTargetPlatformManager: Display: Loaded TargetPlatform 'Android_DXTClient'
[2026.08.25-23.13.16:866][  0]LogTargetPlatformManager: Display: Loaded TargetPlatform 'Android_ETC2Client'
[2026.08.25-23.13.16:866][  0]LogTargetPlatformManager: Display: Loaded TargetPlatform 'Android_Multi'
[2026.08.25-23.13.16:866][  0]LogTargetPlatformManager: Display: Loaded TargetPlatform 'Android_MultiClient'
[2026.08.25-23.13.16:881][  0]LogTargetPlatformManager: Display: Loaded TargetPlatform 'IOSClient'
[2026.08.25-23.13.16:881][  0]LogTargetPlatformManager: Display: Loaded TargetPlatform 'IOS'
[2026.08.25-23.13.16:887][  0]LogTargetPlatformManager: Display: Loaded TargetPlatform 'Linux'
[2026.08.25-23.13.16:890][  0]LogTargetPlatformManager: Display: Loaded TargetPlatform 'LinuxNoEditor'
[2026.08.25-23.13.16:894][  0]LogTargetPlatformManager: Display: Loaded TargetPlatform 'LinuxClient'
[2026.08.25-23.13.16:897][  0]LogTargetPlatformManager: Display: Loaded TargetPlatform 'LinuxServer'
[2026.08.25-23.13.16:903][  0]LogTargetPlatformManager: Display: Loaded TargetPlatform 'LinuxAArch64NoEditor'
[2026.08.25-23.13.16:906][  0]LogTargetPlatformManager: Display: Loaded TargetPlatform 'LinuxAArch64Client'
[2026.08.25-23.13.16:909][  0]LogTargetPlatformManager: Display: Loaded TargetPlatform 'LinuxAArch64Server'
[2026.08.25-23.13.16:923][  0]LogTargetPlatformManager: Display: Loaded TargetPlatform 'Lumin'
[2026.08.25-23.13.16:923][  0]LogTargetPlatformManager: Display: Loaded TargetPlatform 'LuminClient'
[2026.08.25-23.13.16:929][  0]LogTargetPlatformManager: Display: Loaded TargetPlatform 'MacNoEditor'
[2026.08.25-23.13.16:931][  0]LogTargetPlatformManager: Display: Loaded TargetPlatform 'Mac'
[2026.08.25-23.13.16:934][  0]LogTargetPlatformManager: Display: Loaded TargetPlatform 'MacClient'
[2026.08.25-23.13.16:937][  0]LogTargetPlatformManager: Display: Loaded TargetPlatform 'MacServer'
[2026.08.25-23.13.16:944][  0]LogTargetPlatformManager: Display: Loaded TargetPlatform 'TVOSClient'
[2026.08.25-23.13.16:944][  0]LogTargetPlatformManager: Display: Loaded TargetPlatform 'TVOS'
[2026.08.25-23.13.16:950][  0]LogTargetPlatformManager: Display: Loaded TargetPlatform 'WindowsNoEditor'
[2026.08.25-23.13.16:953][  0]LogTargetPlatformManager: Display: Loaded TargetPlatform 'Windows'
[2026.08.25-23.13.16:956][  0]LogTargetPlatformManager: Display: Loaded TargetPlatform 'WindowsClient'
[2026.08.25-23.13.16:960][  0]LogTargetPlatformManager: Display: Loaded TargetPlatform 'WindowsServer'
[2026.08.25-23.13.16:960][  0]LogTargetPlatformManager: Display: Building Assets For Windows
[2026.08.25-23.13.16:965][  0]LogAudioDebug: Display: Lib vorbis DLL was dynamically loaded.
[2026.08.25-23.13.16:986][  0]LogTextureFormatOodle: Display: Oodle Texture 2.9.0 init RDO Off
[2026.08.25-23.13.17:008][  0]LogRendererCore: Ray tracing is disabled. Reason: r.RayTracing=0.
[2026.08.25-23.13.17:008][  0]LogShaderCompilers: Guid format shader working directory is -42 characters bigger than the processId version (E:/_Alex's Data/Unreal Engine/Unreal Projects/Brackeys2026/Brackeys-2026/BrackeysJam2026/Intermediate/Shaders/WorkingDirectory/25572/).
[2026.08.25-23.13.17:008][  0]LogShaderCompilers: Cleaned the shader compiler working directory 'C:/Users/Alex T/AppData/Local/Temp/UnrealShaderWorkingDir/559F418541AEFAFD943886869D414360/'.
[2026.08.25-23.13.17:008][  0]LogXGEController: Cannot use XGE Controller as Incredibuild is not installed on this machine.
[2026.08.25-23.13.17:008][  0]LogShaderCompilers: Cannot use XGE Shader Compiler as Incredibuild is not installed on this machine.
[2026.08.25-23.13.17:008][  0]LogShaderCompilers: Display: Using Local Shader Compiler.
[2026.08.25-23.13.17:469][  0]LogDerivedDataCache: Display: Max Cache Size: 512 MB
[2026.08.25-23.13.17:503][  0]LogDerivedDataCache: Loaded boot cache 0.03s 99MB C:/Users/Alex T/AppData/Local/UnrealEngine/4.27/DerivedDataCache/Boot.ddc.
[2026.08.25-23.13.17:503][  0]LogDerivedDataCache: Display: Loaded Boot cache: C:/Users/Alex T/AppData/Local/UnrealEngine/4.27/DerivedDataCache/Boot.ddc
[2026.08.25-23.13.17:503][  0]LogDerivedDataCache: FDerivedDataBackendGraph:  Pak pak cache file E:/_Alex's Data/Unreal Engine/Unreal Projects/Brackeys2026/Brackeys-2026/BrackeysJam2026/DerivedDataCache/DDC.ddp not found, will not use a pak cache.
[2026.08.25-23.13.17:503][  0]LogDerivedDataCache: Unable to find inner node Pak for hierarchical cache Hierarchy.
[2026.08.25-23.13.17:503][  0]LogDerivedDataCache: FDerivedDataBackendGraph:  CompressedPak pak cache file E:/_Alex's Data/Unreal Engine/Unreal Projects/Brackeys2026/Brackeys-2026/BrackeysJam2026/DerivedDataCache/Compressed.ddp not found, will not use a pak cache.
[2026.08.25-23.13.17:504][  0]LogDerivedDataCache: Unable to find inner node CompressedPak for hierarchical cache Hierarchy.
[2026.08.25-23.13.17:516][  0]LogDerivedDataCache: Display: Pak cache opened for reading ../../../Engine/DerivedDataCache/Compressed.ddp.
[2026.08.25-23.13.17:516][  0]LogDerivedDataCache: FDerivedDataBackendGraph:  EnterprisePak pak cache file ../../../Enterprise/DerivedDataCache/Compressed.ddp not found, will not use a pak cache.
[2026.08.25-23.13.17:517][  0]LogDerivedDataCache: Unable to find inner node EnterprisePak for hierarchical cache Hierarchy.
[2026.08.25-23.13.17:529][  0]LogDerivedDataCache: Speed tests for C:/Users/Alex T/AppData/Local/UnrealEngine/Common/DerivedDataCache took 0.01 seconds
[2026.08.25-23.13.17:529][  0]LogDerivedDataCache: Display: Performance to C:/Users/Alex T/AppData/Local/UnrealEngine/Common/DerivedDataCache: Latency=0.02ms. RandomReadSpeed=1561.45MBs, RandomWriteSpeed=85.89MBs. Assigned SpeedClass 'Local'
[2026.08.25-23.13.17:529][  0]LogDerivedDataCache: Using Local data cache path C:/Users/Alex T/AppData/Local/UnrealEngine/Common/DerivedDataCache: Writable
[2026.08.25-23.13.17:529][  0]LogDerivedDataCache: Shared data cache path not found in *engine.ini, will not use an Shared cache.
[2026.08.25-23.13.17:529][  0]LogDerivedDataCache: Unable to find inner node Shared for hierarchical cache Hierarchy.
[2026.08.25-23.13.17:563][  0]LogSlate: Using FreeType 2.10.0
[2026.08.25-23.13.17:563][  0]LogSlate: SlateFontServices - WITH_FREETYPE: 1, WITH_HARFBUZZ: 1
[2026.08.25-23.13.17:581][  0]LogAssetRegistry: FAssetRegistry took 0.0023 seconds to start up
[2026.08.25-23.13.17:744][  0]LogInit: Selected Device Profile: [Windows]
[2026.08.25-23.13.17:744][  0]LogInit: Active device profile: [000001BE4EA7A800][000001BE4D63B680 49] Windows
[2026.08.25-23.13.17:744][  0]LogInit: Profiles: [000001BE4EA7A800][000001BE4D63B680 49] Windows, [000001BE4EA31A00][000001BE4D643940 49] WindowsNoEditor, [000001BE4EA79A00][000001BE4D647C00 49] WindowsServer, [000001BE4EA32900][000001BE4D64A340 49] WindowsClient, [000001BE4EA7AB00][000001BE4D64E600 49] IOS, [000001BE4EA31400][000001BE4D6528C0 49] iPadAir, [000001BE4EA7B300][000001BE4D63EB40 49] iPadAir2, [000001BE4E9DB100][000001BE4D66B040 49] IPadPro, [000001BE4E9DB200][000001BE4D657080 49] iPadAir3, [000001BE4EA7A900][000001BE4D663340 49] iPadAir4, [000001BE4E9D9F00][000001BE4D65F600 49] iPadMini2, [000001BE4EA7A200][000001BE4D6678C0 49] iPadMini3, [000001BE4E9D9A00][000001BE4D66FB80 49] iPadMini4, [000001BE4EA7AC00][000001BE4D6722C0 49] iPadMini5, [000001BE4EA22700][000001BE4D686800 49] iPhone6, [000001BE4EA22800][000001BE4D676840 49] iPodTouch6, [000001BE4E9D8F00][000001BE4D68AD40 49] iPhone7, [000001BE4E9D8E00][000001BE4D67ED80 49] iPodTouch7, [000001BE4EA21E00][000001BE4D65B000 49] iPhone5S, [000001BE4E9DB800][000001BE4D67B2C0 49] iPhone6Plus, [000001BE4EA21A00][000001BE4D68F580 49] iPhone6S, [000001BE4E9DA300][000001BE4D693840 49] iPhone6SPlus, [000001BE4EA22900][000001BE4D697B00 49] iPhone7Plus, [000001BE4E9D8B00][000001BE4D69A240 49] iPhoneSE, [000001BE4EA21800][000001BE4D69E500 49] iPhone8, [000001BE4E9D9800][000001BE4D6A27C0 49] iPhone8Plus, [000001BE4EA22500][000001BE4D6A6A80 49] iPhoneX, [000001BE4E9DA100][000001BE4D6AAD40 49] iPhoneXS, [000001BE4EA20500][000001BE4D682FC0 49] iPhoneXSMax, [000001BE4E9DBA00][000001BE4D6B3240 49] iPhoneXR, [000001BE4EA23400][000001BE4D6CF500 49] iPhone11, [000001BE4E9D8400][000001BE4D6D37C0 49] iPhone11Pro, [000001BE4EA20F00][000001BE4D6D7A80 49] iPhone11ProMax, [000001BE4E9DAA00][000001BE4D6DA1C0 49] iPhoneSE2, [000001BE4EA23800][000001BE4D6DE480 49] iPhone12Mini, [000001BE4E9D9900][000001BE4D6E2740 49] iPhone12, [000001BE4EA22D00][000001BE4D6E6A00 49] iPhone12Pro, [000001BE4E9DAB00][000001BE4D6EACC0 49] iPhone12ProMax, [000001BE4EA20200][000001BE4D6EEF80 49] iPadPro105, [000001BE4E9D9100][000001BE4D6CB200 49] iPadPro129, [000001BE4EA22100][000001BE4D6F3480 49] iPadPro97, [000001BE4E9DAC00][000001BE4D6FB740 49] iPadPro2_129, [000001BE4EA23000][000001BE4D6FFA00 49] iPad5, [000001BE4E9D9700][000001BE4D702140 49] iPad6, [000001BE4EA21F00][000001BE4D706400 49] iPad7, [000001BE4E9D8800][000001BE4D70A6C0 49] iPad8, [000001BE4EA21C00][000001BE4F78C980 49] iPadPro11, [000001BE4EA33E00][000001BE4F790C40 49] iPadPro2_11, [000001BE4EAAC300][000001BE4F794F00 49] iPadPro3_129, [000001BE4EA32F00][000001BE4F7991C0 49] iPadPro4_129, [000001BE4EAAC900][000001BE4D6F7440 49] AppleTV, [000001BE4EA33800][000001BE4F79D6C0 49] AppleTV4K, [000001BE4EAAD500][000001BE4F7A5980 49] TVOS, [000001BE4EA32800][000001BE4F7A80C0 49] Mac, [000001BE4EAAD300][000001BE4F7AC380 49] MacClient, [000001BE4EA30300][000001BE4F7B0640 49] MacNoEditor, [000001BE4EAAD200][000001BE4F7B4900 49] MacServer, [000001BE4EA31300][000001BE4F7B8BC0 49] Linux, [000001BE4EAAC700][000001BE4F7BCE80 49] LinuxAArch64, [000001BE4EA20700][000001BE4F7C1140 49] LinuxNoEditor, [000001BE4E9DB700][000001BE4F7C5400 49] LinuxAArch64NoEditor, [000001BE4EA20900][000001BE4F7A1680 49] LinuxClient, [000001BE4E9DBF00][000001BE4F7C9900 49] LinuxAArch64Client, [000001BE4EA23D00][000001BE4F7D1BC0 49] LinuxServer, [000001BE4E9DAD00][000001BE4F7D4300 49] LinuxAArch64Server, [000001BE4EA21000][000001BE4F7D85C0 49] Android, [000001BE4E9DB900][000001BE4F7DC880 49] Android_Low, [000001BE4EA23600][000001BE4F7E0B40 49] Android_Mid, [000001BE4E9D9C00][000001BE4F7E4E00 49] Android_High, [000001BE4EA20800][000001BE4F7E90C0 49] Android_Default, [000001BE4E9DA800][000001BE4F7ED380 49] Android_Adreno4xx, [000001BE4EA23700][000001BE4F7F1640 49] Android_Adreno5xx_Low, [000001BE4E9D9300][000001BE4F7CD8C0 49] Android_Adreno5xx, [000001BE4EA20100][000001BE4F7F5B40 49] Android_Adreno6xx, [000001BE4E9DA700][000001BE4F7FC280 49] Android_Adreno6xx_Vulkan, [000001BE4EA22200][000001BE4F800540 49] Android_Mali_T6xx, [000001BE4E9D8A00][000001BE4F804800 49] Android_Mali_T7xx, [000001BE4EA23B00][000001BE4F808AC0 49] Android_Mali_T8xx, [000001BE4E9D8600][000001BE4F80CD80 49] Android_Mali_G71, [000001BE4EA23500][000001BE4F811040 49] Android_Mali_G72, [000001BE4E9DBB00][000001BE4F815300 49] Android_Mali_G72_Vulkan, [000001BE4EA22B00][000001BE4F8195C0 49] Android_Mali_G76, [000001BE4E9DB400][000001BE4F81D880 49] Android_Mali_G76_Vulkan, [000001BE4EA22600][000001BE4F7F9B00 49] Android_Mali_G77, [000001BE4E9D9200][000001BE4F820200 49] Android_Mali_G77_Vulkan, [000001BE4EA22000][000001BE4F8284C0 49] Android_Mali_G78, [000001BE4E9D8C00][000001BE4F82C780 49] Android_Mali_G78_Vulkan, [000001BE4EA21300][000001BE4F830A40 49] Android_Mali_G710, [000001BE4E9DA600][000001BE4F834D00 49] Android_Mali_G710_Vulkan, [000001BE4EAAD100][000001BE4F838FC0 49] Android_Vulkan_SM5, [000001BE4E9DB000][000001BE4F83D280 49] Android_PowerVR_G6xxx, [000001BE4EA7A000][000001BE4F841540 49] Android_PowerVR_GT7xxx, [000001BE4EA33200][000001BE4F845800 49] Android_PowerVR_GE8xxx, [000001BE4EA79800][000001BE4F849AC0 49] Android_PowerVR_GM9xxx, [000001BE4EA30500][000001BE4F8241C0 49] Android_PowerVR_GM9xxx_Vulkan, [000001BE4EA79100][000001BE4F84C440 49] Android_TegraK1, [000001BE4EA33D00][000001BE4F854700 49] Android_Unknown_Vulkan, [000001BE4EA78200][000001BE4F8589C0 49] Lumin, [000001BE4EA30600][000001BE4F85CC80 49] Lumin_Desktop, [000001BE4EA7BD00][000001BE4F860F40 49] HoloLens, 
[2026.08.25-23.13.17:878][  0]LogMeshReduction: Using QuadricMeshReduction for automatic static mesh reduction
[2026.08.25-23.13.17:878][  0]LogMeshReduction: Using SimplygonMeshReduction for automatic skeletal mesh reduction
[2026.08.25-23.13.17:879][  0]LogMeshReduction: Using ProxyLODMeshReduction for automatic mesh merging
[2026.08.25-23.13.17:879][  0]LogMeshReduction: No distributed automatic mesh merging module available
[2026.08.25-23.13.17:879][  0]LogMeshMerging: No distributed automatic mesh merging module available
[2026.08.25-23.13.17:893][  0]LogNetVersion: BrackeysJam2026 1.0.0, NetCL: 17155196, EngineNetVer: 17, GameNetVer: 0 (Checksum: 1239153582)
[2026.08.25-23.13.18:174][  0]LogTexture: Default maximum texture size for cubemaps generated from long-lat sources has been changed from 512 to unlimited. In order to preserve old behaiour for '/Engine/MapTemplates/Sky/DaylightAmbientCubemap.DaylightAmbientCubemap', its maximum texture size has been explicitly set to 512.
[2026.08.25-23.13.18:217][  0]LogHMD: PokeAHoleMaterial loaded successfully
[2026.08.25-23.13.18:220][  0]LogUObjectArray: 17179 objects as part of root set at end of initial load.
[2026.08.25-23.13.18:221][  0]LogUObjectAllocator: 4302256 out of 0 bytes used by permanent object pool.
[2026.08.25-23.13.18:221][  0]LogUObjectArray: CloseDisregardForGC: 0/0 objects in disregard for GC pool
[2026.08.25-23.13.18:474][  0]LogNiagaraDebuggerClient: Niagara Debugger Client Initialized | Session: C87CBD5E44A850E46E7F3DA7AC6A933D | Instance: F21C8A1E4F178271F9EB669F3CCE75A4 (LAPTOP-EB09ONFM-25572).
[2026.08.25-23.13.18:602][  0]LogPython: Using Python 3.7.7
[2026.08.25-23.13.19:103][  0]LogTcpMessaging: Initializing TcpMessaging bridge
[2026.08.25-23.13.19:107][  0]LogUdpMessaging: Initializing bridge on interface 0.0.0.0:0 to multicast group 230.0.0.1:6666.
[2026.08.25-23.13.19:881][  0]SourceControl: Source control is disabled
[2026.08.25-23.13.19:881][  0]SourceControl: Source control is disabled
[2026.08.25-23.13.19:887][  0]SourceControl: Source control is disabled
[2026.08.25-23.13.19:895][  0]SourceControl: Source control is disabled
[2026.08.25-23.13.19:948][  0]SourceControl: Source control is disabled
[2026.08.25-23.13.20:010][  0]LogUProjectInfo: Found projects:
[2026.08.25-23.13.20:180][  0]LogOpenImageDenoise: OIDN starting up
[2026.08.25-23.13.20:201][  0]LogAudioCaptureCore: Display: No Audio Capture implementations found. Audio input will be silent.
[2026.08.25-23.13.20:201][  0]LogAudioCaptureCore: Display: No Audio Capture implementations found. Audio input will be silent.
[2026.08.25-23.13.20:216][  0]LogAndroidPermission: UAndroidPermissionCallbackProxy::GetInstance
[2026.08.25-23.13.20:345][  0]LogCollectionManager: Loaded 0 collections in 0.001826 seconds
[2026.08.25-23.13.20:372][  0]LogFileCache: Scanning file cache for directory 'E:/_Alex's Data/Unreal Engine/Unreal Projects/Brackeys2026/Brackeys-2026/BrackeysJam2026/Saved/Collections/' took 0.00s
[2026.08.25-23.13.20:372][  0]LogFileCache: Scanning file cache for directory 'E:/_Alex's Data/Unreal Engine/Unreal Projects/Brackeys2026/Brackeys-2026/BrackeysJam2026/Content/Developers/AlexT/Collections/' took 0.00s
[2026.08.25-23.13.20:372][  0]LogFileCache: Scanning file cache for directory 'E:/_Alex's Data/Unreal Engine/Unreal Projects/Brackeys2026/Brackeys-2026/BrackeysJam2026/Content/Collections/' took 0.00s
[2026.08.25-23.13.20:372][  0]LogOcInput: OculusInput pre-init called
[2026.08.25-23.13.20:612][  0]LogEngine: Initializing Engine...
[2026.08.25-23.13.20:620][  0]LogHMD: Failed to enumerate extensions. Please check that you have a valid OpenXR runtime installed.
[2026.08.25-23.13.20:620][  0]LogHMD: Failed to initialize OpenVR with code 110
[2026.08.25-23.13.20:621][  0]LogMagicLeap: Warning: VR disabled because ZI is not enabled.  To enable, in the editor, Edit -> Project Settings -> Plugins -> Magic Leap Plugin -> Enable Zero Iteration
[2026.08.25-23.13.20:621][  0]LogStats: UGameplayTagsManager::InitializeManager -  0.000 s
[2026.08.25-23.13.20:745][  0]LogInit: Initializing FReadOnlyCVARCache
[2026.08.25-23.13.20:754][  0]LogAIModule: Creating AISystem for world Untitled
[2026.08.25-23.13.20:755][  0]LogAudio: Display: Initializing Audio Device Manager...
[2026.08.25-23.13.20:759][  0]LogAudio: Display: Loading Default Audio Settings Objects...
[2026.08.25-23.13.20:760][  0]LogAudio: Display: No default SoundConcurrencyObject specified (or failed to load).
[2026.08.25-23.13.20:760][  0]LogAudio: Display: Audio Device Manager Initialized
[2026.08.25-23.13.20:760][  0]LogAudio: Display: Creating Audio Device:                 Id: 1, Scope: Shared, Realtime: True
[2026.08.25-23.13.20:761][  0]LogAudioMixer: Display: Audio Mixer Platform Settings:
[2026.08.25-23.13.20:761][  0]LogAudioMixer: Display: 	Sample Rate:						  48000
[2026.08.25-23.13.20:761][  0]LogAudioMixer: Display: 	Callback Buffer Frame Size Requested: 1024
[2026.08.25-23.13.20:761][  0]LogAudioMixer: Display: 	Callback Buffer Frame Size To Use:	  1024
[2026.08.25-23.13.20:761][  0]LogAudioMixer: Display: 	Number of buffers to queue:			  2
[2026.08.25-23.13.20:761][  0]LogAudioMixer: Display: 	Max Channels (voices):				  32
[2026.08.25-23.13.20:761][  0]LogAudioMixer: Display: 	Number of Async Source Workers:		  0
[2026.08.25-23.13.20:761][  0]LogAudio: Display: AudioDevice MaxSources: 32
[2026.08.25-23.13.20:761][  0]LogAudio: Display: Audio Spatialization Plugin: None (built-in).
[2026.08.25-23.13.20:761][  0]LogAudio: Display: Audio Reverb Plugin: None (built-in).
[2026.08.25-23.13.20:761][  0]LogAudio: Display: Audio Occlusion Plugin: None (built-in).
[2026.08.25-23.13.20:761][  0]LogAudioMixer: Display: Initializing audio mixer.
[2026.08.25-23.13.20:776][  0]LogAudioMixer: Display: 0: FrontLeft
[2026.08.25-23.13.20:776][  0]LogAudioMixer: Display: 1: FrontRight
[2026.08.25-23.13.20:809][  0]LogAudioMixer: Display: Using Audio Device Realtek HD Audio 2nd output (Realtek(R) Audio)
[2026.08.25-23.13.20:811][  0]LogAudioMixer: Display: Initializing Sound Submixes...
[2026.08.25-23.13.20:813][  0]LogAudioMixer: Display: Creating Master Submix 'MasterSubmixDefault'
[2026.08.25-23.13.20:813][  0]LogAudioMixer: Display: Creating Master Submix 'MasterReverbSubmixDefault'
[2026.08.25-23.13.20:814][  0]LogAudioMixer: Display: Creating Master Submix 'MasterEQSubmixDefault'
[2026.08.25-23.13.20:814][  0]LogAudioMixer: FMixerPlatformXAudio2::StartAudioStream() called
[2026.08.25-23.13.20:814][  0]LogAudioMixer: Display: Output buffers initialized: Frames=1024, Channels=2, Samples=2048
[2026.08.25-23.13.20:816][  0]LogAudioMixer: Display: Starting AudioMixerPlatformInterface::RunInternal()
[2026.08.25-23.13.20:816][  0]LogAudioMixer: Display: FMixerPlatformXAudio2::SubmitBuffer() called for the first time
[2026.08.25-23.13.20:816][  0]LogInit: FAudioDevice initialized.
[2026.08.25-23.13.20:816][  0]LogAudio: Display: Audio Device (ID: 1) registered with world 'Untitled'.
[2026.08.25-23.13.20:816][  0]LogNetVersion: Set ProjectVersion to 1.0.0.0. Version Checksum will be recalculated on next use.
[2026.08.25-23.13.20:861][  0]LogDerivedDataCache: Saved boot cache 0.05s 99MB C:/Users/Alex T/AppData/Local/UnrealEngine/4.27/DerivedDataCache/Boot.ddc.
[2026.08.25-23.13.20:861][  0]LogInit: Texture streaming: Enabled
[2026.08.25-23.13.20:874][  0]LogAnalytics: Display: [UEEditor.Rocket.Release] APIServer = https://datarouter.ol.epicgames.com/. AppVersion = 4.27.2-18319896+++UE4+Release-4.27
[2026.08.25-23.13.20:879][  0]LogEngineSessionManager: EngineSessionManager initialized
[2026.08.25-23.13.20:879][  0]LogEditorSessionSummary: Verbose: Initializing EditorSessionSummaryWriter for editor session tracking
[2026.08.25-23.13.20:885][  0]LogEditorSessionSummary: EditorSessionSummaryWriter initialized
[2026.08.25-23.13.21:322][  0]LogInit: Transaction tracking system initialized
[2026.08.25-23.13.21:347][  0]BlueprintLog: New page: Editor Load
[2026.08.25-23.13.21:411][  0]LocalizationService: Localization service is disabled
[2026.08.25-23.13.21:442][  0]TimingProfiler: Initialize
[2026.08.25-23.13.21:442][  0]TimingProfiler: OnSessionChanged
[2026.08.25-23.13.21:442][  0]LoadingProfiler: Initialize
[2026.08.25-23.13.21:442][  0]LoadingProfiler: OnSessionChanged
[2026.08.25-23.13.21:442][  0]NetworkingProfiler: Initialize
[2026.08.25-23.13.21:442][  0]NetworkingProfiler: OnSessionChanged
[2026.08.25-23.13.21:442][  0]MemoryProfiler: Initialize
[2026.08.25-23.13.21:442][  0]MemoryProfiler: OnSessionChanged
[2026.08.25-23.13.21:641][  0]LogCook: Display: CookSettings for Memory: MemoryMaxUsedVirtual 0MiB, MemoryMaxUsedPhysical 16384MiB, MemoryMinFreeVirtual 0MiB, MemoryMinFreePhysical 1024MiB
[2026.08.25-23.13.21:641][  0]LogCook: Display: Mobile HDR setting 1
[2026.08.25-23.13.21:783][  0]LogFileCache: Scanning file cache for directory 'E:/_Alex's Data/Unreal Engine/Unreal Projects/Brackeys2026/Brackeys-2026/BrackeysJam2026/Content/' took 0.01s
[2026.08.25-23.13.21:967][  0]LogInit: Display: Engine is initialized. Leaving FEngineLoop::Init()
[2026.08.25-23.13.21:972][  0]SourceControl: Source control is disabled
[2026.08.25-23.13.21:972][  0]LogUnrealEdMisc: Loading editor; pre map load, took 6.860
[2026.08.25-23.13.21:972][  0]Cmd: MAP LOAD FILE="E:/_Alex's Data/Unreal Engine/Unreal Projects/Brackeys2026/Brackeys-2026/BrackeysJam2026/Content/Brackeys2026/Levels/Brackeys2026Map.umap" TEMPLATE=0 SHOWPROGRESS=1 FEATURELEVEL=3
[2026.08.25-23.13.21:975][  0]LightingResults: New page: Lighting Build
[2026.08.25-23.13.21:977][  0]LogWorld: UWorld::CleanupWorld for Untitled, bSessionEnded=true, bCleanupResources=true
[2026.08.25-23.13.21:977][  0]LogSlate: InvalidateAllWidgets triggered.  All widgets were invalidated
[2026.08.25-23.13.21:977][  0]MapCheck: New page: Map Check
[2026.08.25-23.13.21:977][  0]LightingResults: New page: Lighting Build
[2026.08.25-23.13.21:997][  0]LogAudio: Display: Audio Device unregistered from world 'None'.
[2026.08.25-23.13.22:000][  0]LogUObjectHash: Compacting FUObjectHashTables data took   0.63ms
[2026.08.25-23.13.22:182][  0]LogAudio: Display: Audio Device (ID: 1) registered with world 'Brackeys2026Map'.
[2026.08.25-23.13.22:182][  0]LogAIModule: Creating AISystem for world Brackeys2026Map
[2026.08.25-23.13.22:188][  0]LogEditorServer: Finished looking for orphan Actors (0.000 secs)
[2026.08.25-23.13.22:202][  0]LogUObjectHash: Compacting FUObjectHashTables data took   0.67ms
[2026.08.25-23.13.22:202][  0]Cmd: MAP CHECKDEP NOCLEARLOG
[2026.08.25-23.13.22:202][  0]MapCheck: Map check complete: 0 Error(s), 0 Warning(s), took 0.123ms to complete.
[2026.08.25-23.13.22:202][  0]LogFileHelpers: Loading map 'Brackeys2026Map' took 0.231
[2026.08.25-23.13.22:205][  0]LogUnrealEdMisc: Total Editor Startup Time, took 7.094
[2026.08.25-23.13.22:327][  0]LogSlate: The tab "Cesium" attempted to spawn in layout 'LevelEditor_Layout_v1.2' but failed for some reason. It will not be displayed.
[2026.08.25-23.13.22:373][  0]LogSlate: Updating window title bar state: overlay mode, drag disabled, window buttons hidden, title bar hidden
[2026.08.25-23.13.22:379][  0]LogSlate: Updating window title bar state: overlay mode, drag disabled, window buttons hidden, title bar hidden
[2026.08.25-23.13.22:383][  0]LogSlate: Updating window title bar state: overlay mode, drag disabled, window buttons hidden, title bar hidden
[2026.08.25-23.13.22:388][  0]LogSlate: Updating window title bar state: overlay mode, drag disabled, window buttons hidden, title bar hidden
[2026.08.25-23.13.22:821][  0]LogSlate: Only BGRA pngs, bmps or icos are supported in by External Image Picker
[2026.08.25-23.13.22:913][  0]LogNativeClassHierarchy: Verbose: Native class hierarchy populated in 0.0139 seconds. Added 3827 classes and 934 folders.
[2026.08.25-23.13.22:918][  0]LogNativeClassHierarchy: Verbose: Native class hierarchy updated for 'WidgetCarousel' in 0.0003 seconds. Added 0 classes and 0 folders.
[2026.08.25-23.13.22:921][  0]LogPakFile: PakFile PrimaryIndexSize=187
[2026.08.25-23.13.22:921][  0]LogPakFile: PakFile PathHashIndexSize=101
[2026.08.25-23.13.22:921][  0]LogPakFile: PakFile FullDirectoryIndexSize=148
[2026.08.25-23.13.22:921][  0]LogShaderLibrary: Display: ShaderCodeLibraryPakFileMountedCallback: PakFile 'C:/Program Files/Epic Games/UE_4.27/FeaturePacks/FP_FirstPerson.upack' (chunk index -1, root 'root:/') mounted
[2026.08.25-23.13.22:921][  0]LogShaderLibrary: Display: ShaderCodeLibraryPakFileMountedCallback: pending pak file info (ChunkID:-1 Root:root:/ File:C:/Program Files/Epic Games/UE_4.27/FeaturePacks/FP_FirstPerson.upack)
[2026.08.25-23.13.22:921][  0]LogPakFile: OnPakFileMounted2Time == 0.000070
[2026.08.25-23.13.22:923][  0]LogPakFile: PakFile PrimaryIndexSize=189
[2026.08.25-23.13.22:923][  0]LogPakFile: PakFile PathHashIndexSize=101
[2026.08.25-23.13.22:923][  0]LogPakFile: PakFile FullDirectoryIndexSize=152
[2026.08.25-23.13.22:923][  0]LogShaderLibrary: Display: ShaderCodeLibraryPakFileMountedCallback: PakFile 'C:/Program Files/Epic Games/UE_4.27/FeaturePacks/FP_FirstPersonBP.upack' (chunk index -1, root 'root:/') mounted
[2026.08.25-23.13.22:923][  0]LogShaderLibrary: Display: ShaderCodeLibraryPakFileMountedCallback: pending pak file info (ChunkID:-1 Root:root:/ File:C:/Program Files/Epic Games/UE_4.27/FeaturePacks/FP_FirstPersonBP.upack)
[2026.08.25-23.13.22:923][  0]LogPakFile: OnPakFileMounted2Time == 0.000033
[2026.08.25-23.13.22:924][  0]LogPakFile: PakFile PrimaryIndexSize=191
[2026.08.25-23.13.22:924][  0]LogPakFile: PakFile PathHashIndexSize=101
[2026.08.25-23.13.22:924][  0]LogPakFile: PakFile FullDirectoryIndexSize=160
[2026.08.25-23.13.22:924][  0]LogShaderLibrary: Display: ShaderCodeLibraryPakFileMountedCallback: PakFile 'C:/Program Files/Epic Games/UE_4.27/FeaturePacks/MobileStarterContent.upack' (chunk index -1, root 'root:/') mounted
[2026.08.25-23.13.22:924][  0]LogShaderLibrary: Display: ShaderCodeLibraryPakFileMountedCallback: pending pak file info (ChunkID:-1 Root:root:/ File:C:/Program Files/Epic Games/UE_4.27/FeaturePacks/MobileStarterContent.upack)
[2026.08.25-23.13.22:924][  0]LogPakFile: OnPakFileMounted2Time == 0.000040
[2026.08.25-23.13.22:925][  0]LogPakFile: PakFile PrimaryIndexSize=185
[2026.08.25-23.13.22:925][  0]LogPakFile: PakFile PathHashIndexSize=101
[2026.08.25-23.13.22:925][  0]LogPakFile: PakFile FullDirectoryIndexSize=148
[2026.08.25-23.13.22:925][  0]LogShaderLibrary: Display: ShaderCodeLibraryPakFileMountedCallback: PakFile 'C:/Program Files/Epic Games/UE_4.27/FeaturePacks/StarterContent.upack' (chunk index -1, root 'root:/') mounted
[2026.08.25-23.13.22:925][  0]LogShaderLibrary: Display: ShaderCodeLibraryPakFileMountedCallback: pending pak file info (ChunkID:-1 Root:root:/ File:C:/Program Files/Epic Games/UE_4.27/FeaturePacks/StarterContent.upack)
[2026.08.25-23.13.22:925][  0]LogPakFile: OnPakFileMounted2Time == 0.000079
[2026.08.25-23.13.22:927][  0]LogPakFile: PakFile PrimaryIndexSize=190
[2026.08.25-23.13.22:927][  0]LogPakFile: PakFile PathHashIndexSize=101
[2026.08.25-23.13.22:927][  0]LogPakFile: PakFile FullDirectoryIndexSize=154
[2026.08.25-23.13.22:927][  0]LogShaderLibrary: Display: ShaderCodeLibraryPakFileMountedCallback: PakFile 'C:/Program Files/Epic Games/UE_4.27/FeaturePacks/TP_2DSideScroller.upack' (chunk index -1, root 'root:/') mounted
[2026.08.25-23.13.22:927][  0]LogShaderLibrary: Display: ShaderCodeLibraryPakFileMountedCallback: pending pak file info (ChunkID:-1 Root:root:/ File:C:/Program Files/Epic Games/UE_4.27/FeaturePacks/TP_2DSideScroller.upack)
[2026.08.25-23.13.22:927][  0]LogPakFile: OnPakFileMounted2Time == 0.000040
[2026.08.25-23.13.22:928][  0]LogPakFile: PakFile PrimaryIndexSize=192
[2026.08.25-23.13.22:928][  0]LogPakFile: PakFile PathHashIndexSize=101
[2026.08.25-23.13.22:928][  0]LogPakFile: PakFile FullDirectoryIndexSize=158
[2026.08.25-23.13.22:928][  0]LogShaderLibrary: Display: ShaderCodeLibraryPakFileMountedCallback: PakFile 'C:/Program Files/Epic Games/UE_4.27/FeaturePacks/TP_2DSideScrollerBP.upack' (chunk index -1, root 'root:/') mounted
[2026.08.25-23.13.22:928][  0]LogShaderLibrary: Display: ShaderCodeLibraryPakFileMountedCallback: pending pak file info (ChunkID:-1 Root:root:/ File:C:/Program Files/Epic Games/UE_4.27/FeaturePacks/TP_2DSideScrollerBP.upack)
[2026.08.25-23.13.22:928][  0]LogPakFile: OnPakFileMounted2Time == 0.000033
[2026.08.25-23.13.22:929][  0]LogPakFile: PakFile PrimaryIndexSize=182
[2026.08.25-23.13.22:929][  0]LogPakFile: PakFile PathHashIndexSize=101
[2026.08.25-23.13.22:930][  0]LogPakFile: PakFile FullDirectoryIndexSize=138
[2026.08.25-23.13.22:930][  0]LogShaderLibrary: Display: ShaderCodeLibraryPakFileMountedCallback: PakFile 'C:/Program Files/Epic Games/UE_4.27/FeaturePacks/TP_Flying.upack' (chunk index -1, root 'root:/') mounted
[2026.08.25-23.13.22:930][  0]LogShaderLibrary: Display: ShaderCodeLibraryPakFileMountedCallback: pending pak file info (ChunkID:-1 Root:root:/ File:C:/Program Files/Epic Games/UE_4.27/FeaturePacks/TP_Flying.upack)
[2026.08.25-23.13.22:930][  0]LogPakFile: OnPakFileMounted2Time == 0.000036
[2026.08.25-23.13.22:930][  0]LogPakFile: PakFile PrimaryIndexSize=184
[2026.08.25-23.13.22:931][  0]LogPakFile: PakFile PathHashIndexSize=101
[2026.08.25-23.13.22:931][  0]LogPakFile: PakFile FullDirectoryIndexSize=142
[2026.08.25-23.13.22:931][  0]LogShaderLibrary: Display: ShaderCodeLibraryPakFileMountedCallback: PakFile 'C:/Program Files/Epic Games/UE_4.27/FeaturePacks/TP_FlyingBP.upack' (chunk index -1, root 'root:/') mounted
[2026.08.25-23.13.22:931][  0]LogShaderLibrary: Display: ShaderCodeLibraryPakFileMountedCallback: pending pak file info (ChunkID:-1 Root:root:/ File:C:/Program Files/Epic Games/UE_4.27/FeaturePacks/TP_FlyingBP.upack)
[2026.08.25-23.13.22:931][  0]LogPakFile: OnPakFileMounted2Time == 0.000034
[2026.08.25-23.13.22:932][  0]LogPakFile: PakFile PrimaryIndexSize=188
[2026.08.25-23.13.22:932][  0]LogPakFile: PakFile PathHashIndexSize=101
[2026.08.25-23.13.22:932][  0]LogPakFile: PakFile FullDirectoryIndexSize=150
[2026.08.25-23.13.22:932][  0]LogShaderLibrary: Display: ShaderCodeLibraryPakFileMountedCallback: PakFile 'C:/Program Files/Epic Games/UE_4.27/FeaturePacks/TP_HandheldARBP.upack' (chunk index -1, root 'root:/') mounted
[2026.08.25-23.13.22:932][  0]LogShaderLibrary: Display: ShaderCodeLibraryPakFileMountedCallback: pending pak file info (ChunkID:-1 Root:root:/ File:C:/Program Files/Epic Games/UE_4.27/FeaturePacks/TP_HandheldARBP.upack)
[2026.08.25-23.13.22:932][  0]LogPakFile: OnPakFileMounted2Time == 0.000054
[2026.08.25-23.13.22:934][  0]LogPakFile: PakFile PrimaryIndexSize=182
[2026.08.25-23.13.22:934][  0]LogPakFile: PakFile PathHashIndexSize=101
[2026.08.25-23.13.22:934][  0]LogPakFile: PakFile FullDirectoryIndexSize=138
[2026.08.25-23.13.22:934][  0]LogShaderLibrary: Display: ShaderCodeLibraryPakFileMountedCallback: PakFile 'C:/Program Files/Epic Games/UE_4.27/FeaturePacks/TP_Puzzle.upack' (chunk index -1, root 'root:/') mounted
[2026.08.25-23.13.22:934][  0]LogShaderLibrary: Display: ShaderCodeLibraryPakFileMountedCallback: pending pak file info (ChunkID:-1 Root:root:/ File:C:/Program Files/Epic Games/UE_4.27/FeaturePacks/TP_Puzzle.upack)
[2026.08.25-23.13.22:934][  0]LogPakFile: OnPakFileMounted2Time == 0.000029
[2026.08.25-23.13.22:935][  0]LogPakFile: PakFile PrimaryIndexSize=184
[2026.08.25-23.13.22:935][  0]LogPakFile: PakFile PathHashIndexSize=101
[2026.08.25-23.13.22:935][  0]LogPakFile: PakFile FullDirectoryIndexSize=142
[2026.08.25-23.13.22:935][  0]LogShaderLibrary: Display: ShaderCodeLibraryPakFileMountedCallback: PakFile 'C:/Program Files/Epic Games/UE_4.27/FeaturePacks/TP_PuzzleBP.upack' (chunk index -1, root 'root:/') mounted
[2026.08.25-23.13.22:935][  0]LogShaderLibrary: Display: ShaderCodeLibraryPakFileMountedCallback: pending pak file info (ChunkID:-1 Root:root:/ File:C:/Program Files/Epic Games/UE_4.27/FeaturePacks/TP_PuzzleBP.upack)
[2026.08.25-23.13.22:935][  0]LogPakFile: OnPakFileMounted2Time == 0.000033
[2026.08.25-23.13.22:936][  0]LogPakFile: PakFile PrimaryIndexSize=183
[2026.08.25-23.13.22:936][  0]LogPakFile: PakFile PathHashIndexSize=101
[2026.08.25-23.13.22:936][  0]LogPakFile: PakFile FullDirectoryIndexSize=140
[2026.08.25-23.13.22:936][  0]LogShaderLibrary: Display: ShaderCodeLibraryPakFileMountedCallback: PakFile 'C:/Program Files/Epic Games/UE_4.27/FeaturePacks/TP_Rolling.upack' (chunk index -1, root 'root:/') mounted
[2026.08.25-23.13.22:936][  0]LogShaderLibrary: Display: ShaderCodeLibraryPakFileMountedCallback: pending pak file info (ChunkID:-1 Root:root:/ File:C:/Program Files/Epic Games/UE_4.27/FeaturePacks/TP_Rolling.upack)
[2026.08.25-23.13.22:936][  0]LogPakFile: OnPakFileMounted2Time == 0.000037
[2026.08.25-23.13.22:937][  0]LogPakFile: PakFile PrimaryIndexSize=185
[2026.08.25-23.13.22:937][  0]LogPakFile: PakFile PathHashIndexSize=101
[2026.08.25-23.13.22:937][  0]LogPakFile: PakFile FullDirectoryIndexSize=144
[2026.08.25-23.13.22:937][  0]LogShaderLibrary: Display: ShaderCodeLibraryPakFileMountedCallback: PakFile 'C:/Program Files/Epic Games/UE_4.27/FeaturePacks/TP_RollingBP.upack' (chunk index -1, root 'root:/') mounted
[2026.08.25-23.13.22:937][  0]LogShaderLibrary: Display: ShaderCodeLibraryPakFileMountedCallback: pending pak file info (ChunkID:-1 Root:root:/ File:C:/Program Files/Epic Games/UE_4.27/FeaturePacks/TP_RollingBP.upack)
[2026.08.25-23.13.22:937][  0]LogPakFile: OnPakFileMounted2Time == 0.000039
[2026.08.25-23.13.22:938][  0]LogPakFile: PakFile PrimaryIndexSize=188
[2026.08.25-23.13.22:938][  0]LogPakFile: PakFile PathHashIndexSize=101
[2026.08.25-23.13.22:938][  0]LogPakFile: PakFile FullDirectoryIndexSize=150
[2026.08.25-23.13.22:938][  0]LogShaderLibrary: Display: ShaderCodeLibraryPakFileMountedCallback: PakFile 'C:/Program Files/Epic Games/UE_4.27/FeaturePacks/TP_SideScroller.upack' (chunk index -1, root 'root:/') mounted
[2026.08.25-23.13.22:938][  0]LogShaderLibrary: Display: ShaderCodeLibraryPakFileMountedCallback: pending pak file info (ChunkID:-1 Root:root:/ File:C:/Program Files/Epic Games/UE_4.27/FeaturePacks/TP_SideScroller.upack)
[2026.08.25-23.13.22:938][  0]LogPakFile: OnPakFileMounted2Time == 0.000029
[2026.08.25-23.13.22:939][  0]LogPakFile: PakFile PrimaryIndexSize=190
[2026.08.25-23.13.22:939][  0]LogPakFile: PakFile PathHashIndexSize=101
[2026.08.25-23.13.22:939][  0]LogPakFile: PakFile FullDirectoryIndexSize=154
[2026.08.25-23.13.22:939][  0]LogShaderLibrary: Display: ShaderCodeLibraryPakFileMountedCallback: PakFile 'C:/Program Files/Epic Games/UE_4.27/FeaturePacks/TP_SideScrollerBP.upack' (chunk index -1, root 'root:/') mounted
[2026.08.25-23.13.22:939][  0]LogShaderLibrary: Display: ShaderCodeLibraryPakFileMountedCallback: pending pak file info (ChunkID:-1 Root:root:/ File:C:/Program Files/Epic Games/UE_4.27/FeaturePacks/TP_SideScrollerBP.upack)
[2026.08.25-23.13.22:939][  0]LogPakFile: OnPakFileMounted2Time == 0.000042
[2026.08.25-23.13.22:940][  0]LogPakFile: PakFile PrimaryIndexSize=187
[2026.08.25-23.13.22:940][  0]LogPakFile: PakFile PathHashIndexSize=101
[2026.08.25-23.13.22:940][  0]LogPakFile: PakFile FullDirectoryIndexSize=148
[2026.08.25-23.13.22:941][  0]LogShaderLibrary: Display: ShaderCodeLibraryPakFileMountedCallback: PakFile 'C:/Program Files/Epic Games/UE_4.27/FeaturePacks/TP_ThirdPerson.upack' (chunk index -1, root 'root:/') mounted
[2026.08.25-23.13.22:941][  0]LogShaderLibrary: Display: ShaderCodeLibraryPakFileMountedCallback: pending pak file info (ChunkID:-1 Root:root:/ File:C:/Program Files/Epic Games/UE_4.27/FeaturePacks/TP_ThirdPerson.upack)
[2026.08.25-23.13.22:941][  0]LogPakFile: OnPakFileMounted2Time == 0.000036
[2026.08.25-23.13.22:941][  0]LogPakFile: PakFile PrimaryIndexSize=189
[2026.08.25-23.13.22:942][  0]LogPakFile: PakFile PathHashIndexSize=101
[2026.08.25-23.13.22:942][  0]LogPakFile: PakFile FullDirectoryIndexSize=152
[2026.08.25-23.13.22:942][  0]LogShaderLibrary: Display: ShaderCodeLibraryPakFileMountedCallback: PakFile 'C:/Program Files/Epic Games/UE_4.27/FeaturePacks/TP_ThirdPersonBP.upack' (chunk index -1, root 'root:/') mounted
[2026.08.25-23.13.22:942][  0]LogShaderLibrary: Display: ShaderCodeLibraryPakFileMountedCallback: pending pak file info (ChunkID:-1 Root:root:/ File:C:/Program Files/Epic Games/UE_4.27/FeaturePacks/TP_ThirdPersonBP.upack)
[2026.08.25-23.13.22:942][  0]LogPakFile: OnPakFileMounted2Time == 0.000037
[2026.08.25-23.13.22:943][  0]LogPakFile: PakFile PrimaryIndexSize=183
[2026.08.25-23.13.22:943][  0]LogPakFile: PakFile PathHashIndexSize=101
[2026.08.25-23.13.22:943][  0]LogPakFile: PakFile FullDirectoryIndexSize=140
[2026.08.25-23.13.22:943][  0]LogShaderLibrary: Display: ShaderCodeLibraryPakFileMountedCallback: PakFile 'C:/Program Files/Epic Games/UE_4.27/FeaturePacks/TP_TopDown.upack' (chunk index -1, root 'root:/') mounted
[2026.08.25-23.13.22:943][  0]LogShaderLibrary: Display: ShaderCodeLibraryPakFileMountedCallback: pending pak file info (ChunkID:-1 Root:root:/ File:C:/Program Files/Epic Games/UE_4.27/FeaturePacks/TP_TopDown.upack)
[2026.08.25-23.13.22:943][  0]LogPakFile: OnPakFileMounted2Time == 0.000039
[2026.08.25-23.13.22:945][  0]LogPakFile: PakFile PrimaryIndexSize=185
[2026.08.25-23.13.22:945][  0]LogPakFile: PakFile PathHashIndexSize=101
[2026.08.25-23.13.22:945][  0]LogPakFile: PakFile FullDirectoryIndexSize=144
[2026.08.25-23.13.22:945][  0]LogShaderLibrary: Display: ShaderCodeLibraryPakFileMountedCallback: PakFile 'C:/Program Files/Epic Games/UE_4.27/FeaturePacks/TP_TopDownBP.upack' (chunk index -1, root 'root:/') mounted
[2026.08.25-23.13.22:945][  0]LogShaderLibrary: Display: ShaderCodeLibraryPakFileMountedCallback: pending pak file info (ChunkID:-1 Root:root:/ File:C:/Program Files/Epic Games/UE_4.27/FeaturePacks/TP_TopDownBP.upack)
[2026.08.25-23.13.22:945][  0]LogPakFile: OnPakFileMounted2Time == 0.000030
[2026.08.25-23.13.22:945][  0]LogPakFile: PakFile PrimaryIndexSize=185
[2026.08.25-23.13.22:945][  0]LogPakFile: PakFile PathHashIndexSize=101
[2026.08.25-23.13.22:945][  0]LogPakFile: PakFile FullDirectoryIndexSize=144
[2026.08.25-23.13.22:945][  0]LogShaderLibrary: Display: ShaderCodeLibraryPakFileMountedCallback: PakFile 'C:/Program Files/Epic Games/UE_4.27/FeaturePacks/TP_TwinStick.upack' (chunk index -1, root 'root:/') mounted
[2026.08.25-23.13.22:945][  0]LogShaderLibrary: Display: ShaderCodeLibraryPakFileMountedCallback: pending pak file info (ChunkID:-1 Root:root:/ File:C:/Program Files/Epic Games/UE_4.27/FeaturePacks/TP_TwinStick.upack)
[2026.08.25-23.13.22:945][  0]LogPakFile: OnPakFileMounted2Time == 0.000042
[2026.08.25-23.13.22:946][  0]LogPakFile: PakFile PrimaryIndexSize=187
[2026.08.25-23.13.22:946][  0]LogPakFile: PakFile PathHashIndexSize=101
[2026.08.25-23.13.22:946][  0]LogPakFile: PakFile FullDirectoryIndexSize=148
[2026.08.25-23.13.22:946][  0]LogShaderLibrary: Display: ShaderCodeLibraryPakFileMountedCallback: PakFile 'C:/Program Files/Epic Games/UE_4.27/FeaturePacks/TP_TwinStickBP.upack' (chunk index -1, root 'root:/') mounted
[2026.08.25-23.13.22:946][  0]LogShaderLibrary: Display: ShaderCodeLibraryPakFileMountedCallback: pending pak file info (ChunkID:-1 Root:root:/ File:C:/Program Files/Epic Games/UE_4.27/FeaturePacks/TP_TwinStickBP.upack)
[2026.08.25-23.13.22:946][  0]LogPakFile: OnPakFileMounted2Time == 0.000044
[2026.08.25-23.13.22:947][  0]LogPakFile: PakFile PrimaryIndexSize=183
[2026.08.25-23.13.22:947][  0]LogPakFile: PakFile PathHashIndexSize=101
[2026.08.25-23.13.22:947][  0]LogPakFile: PakFile FullDirectoryIndexSize=140
[2026.08.25-23.13.22:947][  0]LogShaderLibrary: Display: ShaderCodeLibraryPakFileMountedCallback: PakFile 'C:/Program Files/Epic Games/UE_4.27/FeaturePacks/TP_Vehicle.upack' (chunk index -1, root 'root:/') mounted
[2026.08.25-23.13.22:947][  0]LogShaderLibrary: Display: ShaderCodeLibraryPakFileMountedCallback: pending pak file info (ChunkID:-1 Root:root:/ File:C:/Program Files/Epic Games/UE_4.27/FeaturePacks/TP_Vehicle.upack)
[2026.08.25-23.13.22:947][  0]LogPakFile: OnPakFileMounted2Time == 0.000032
[2026.08.25-23.13.22:950][  0]LogPakFile: PakFile PrimaryIndexSize=186
[2026.08.25-23.13.22:950][  0]LogPakFile: PakFile PathHashIndexSize=101
[2026.08.25-23.13.22:950][  0]LogPakFile: PakFile FullDirectoryIndexSize=146
[2026.08.25-23.13.22:950][  0]LogShaderLibrary: Display: ShaderCodeLibraryPakFileMountedCallback: PakFile 'C:/Program Files/Epic Games/UE_4.27/FeaturePacks/TP_VehicleAdv.upack' (chunk index -1, root 'root:/') mounted
[2026.08.25-23.13.22:950][  0]LogShaderLibrary: Display: ShaderCodeLibraryPakFileMountedCallback: pending pak file info (ChunkID:-1 Root:root:/ File:C:/Program Files/Epic Games/UE_4.27/FeaturePacks/TP_VehicleAdv.upack)
[2026.08.25-23.13.22:950][  0]LogPakFile: OnPakFileMounted2Time == 0.000046
[2026.08.25-23.13.22:950][  0]LogPakFile: PakFile PrimaryIndexSize=188
[2026.08.25-23.13.22:950][  0]LogPakFile: PakFile PathHashIndexSize=101
[2026.08.25-23.13.22:950][  0]LogPakFile: PakFile FullDirectoryIndexSize=150
[2026.08.25-23.13.22:950][  0]LogShaderLibrary: Display: ShaderCodeLibraryPakFileMountedCallback: PakFile 'C:/Program Files/Epic Games/UE_4.27/FeaturePacks/TP_VehicleAdvBP.upack' (chunk index -1, root 'root:/') mounted
[2026.08.25-23.13.22:950][  0]LogShaderLibrary: Display: ShaderCodeLibraryPakFileMountedCallback: pending pak file info (ChunkID:-1 Root:root:/ File:C:/Program Files/Epic Games/UE_4.27/FeaturePacks/TP_VehicleAdvBP.upack)
[2026.08.25-23.13.22:950][  0]LogPakFile: OnPakFileMounted2Time == 0.000028
[2026.08.25-23.13.22:951][  0]LogPakFile: PakFile PrimaryIndexSize=185
[2026.08.25-23.13.22:952][  0]LogPakFile: PakFile PathHashIndexSize=101
[2026.08.25-23.13.22:952][  0]LogPakFile: PakFile FullDirectoryIndexSize=144
[2026.08.25-23.13.22:952][  0]LogShaderLibrary: Display: ShaderCodeLibraryPakFileMountedCallback: PakFile 'C:/Program Files/Epic Games/UE_4.27/FeaturePacks/TP_VehicleBP.upack' (chunk index -1, root 'root:/') mounted
[2026.08.25-23.13.22:952][  0]LogShaderLibrary: Display: ShaderCodeLibraryPakFileMountedCallback: pending pak file info (ChunkID:-1 Root:root:/ File:C:/Program Files/Epic Games/UE_4.27/FeaturePacks/TP_VehicleBP.upack)
[2026.08.25-23.13.22:952][  0]LogPakFile: OnPakFileMounted2Time == 0.000030
[2026.08.25-23.13.22:953][  0]LogPakFile: PakFile PrimaryIndexSize=192
[2026.08.25-23.13.22:953][  0]LogPakFile: PakFile PathHashIndexSize=101
[2026.08.25-23.13.22:953][  0]LogPakFile: PakFile FullDirectoryIndexSize=158
[2026.08.25-23.13.22:953][  0]LogShaderLibrary: Display: ShaderCodeLibraryPakFileMountedCallback: PakFile 'C:/Program Files/Epic Games/UE_4.27/FeaturePacks/TP_VirtualRealityBP.upack' (chunk index -1, root 'root:/') mounted
[2026.08.25-23.13.22:953][  0]LogShaderLibrary: Display: ShaderCodeLibraryPakFileMountedCallback: pending pak file info (ChunkID:-1 Root:root:/ File:C:/Program Files/Epic Games/UE_4.27/FeaturePacks/TP_VirtualRealityBP.upack)
[2026.08.25-23.13.22:953][  0]LogPakFile: OnPakFileMounted2Time == 0.000030
[2026.08.25-23.13.23:071][  0]LogNativeClassHierarchy: Verbose: Native class hierarchy updated for 'AddContentDialog' in 0.0003 seconds. Added 0 classes and 0 folders.
[2026.08.25-23.13.23:110][  0]LogSlate: Took 0.000597 seconds to synchronously load lazily loaded font '../../../Engine/Content/Slate/Fonts/Roboto-Regular.ttf' (155K)
[2026.08.25-23.13.23:112][  0]LogSlate: Took 0.000551 seconds to synchronously load lazily loaded font '../../../Engine/Content/Editor/Slate/Fonts/FontAwesome.ttf' (139K)
[2026.08.25-23.13.23:113][  0]LogSlate: Took 0.000139 seconds to synchronously load lazily loaded font '../../../Engine/Content/Slate/Fonts/Roboto-Bold.ttf' (160K)
[2026.08.25-23.13.23:183][  0]LogRenderer: Reallocating scene render targets to support 1180x840 Format 10 NumSamples 1 (Frame:1).
[2026.08.25-23.13.23:307][  0]LogNativeClassHierarchy: Verbose: Native class hierarchy updated for 'HierarchicalLODOutliner' in 0.0003 seconds. Added 0 classes and 0 folders.
[2026.08.25-23.13.23:307][  0]LogLoad: (Engine Initialization) Total time: 8.20 seconds
[2026.08.25-23.13.23:307][  0]LogLoad: (Engine Initialization) Total Blueprint compile time: 0.00 seconds
[2026.08.25-23.13.23:362][  0]LogAssetRegistry: Asset discovery search completed in 5.7813 seconds
[2026.08.25-23.13.23:366][  0]LogCollectionManager: Fixed up redirectors for 0 collections in 0.000004 seconds (updated 0 objects)
[2026.08.25-23.13.23:369][  0]LogContentStreaming: Texture pool size now 1000 MB
[2026.08.25-23.13.24:661][  4]LogSlate: Took 0.000898 seconds to synchronously load lazily loaded font '../../../Engine/Content/Slate/Fonts/Roboto-Light.ttf' (167K)
[2026.08.25-23.13.26:935][143]LogAssetEditorSubsystem: Opening Asset editor for Blueprint /Game/Brackeys2026/Levels/BrackeysGameMode.BrackeysGameMode
[2026.08.25-23.13.27:179][143]LogNativeClassHierarchy: Verbose: Native class hierarchy updated for 'BlueprintGraph' in 0.0010 seconds. Added 126 classes and 0 folders.
[2026.08.25-23.13.27:849][143]LogAssetEditorSubsystem: Opening Asset editor for Blueprint /Game/Brackeys2026/Characters/Player/BP_Player.BP_Player
[2026.08.25-23.13.28:132][143]LogAssetEditorSubsystem: Opening Asset editor for Blueprint /Game/Brackeys2026/Characters/Player/BP_PlayerController.BP_PlayerController
[2026.08.25-23.13.28:364][143]LogAssetEditorSubsystem: Opening Asset editor for Blueprint /Game/Brackeys2026/Characters/Opponent/BP_Opponent.BP_Opponent
[2026.08.25-23.13.28:647][143]LogAssetEditorSubsystem: Opening Asset editor for Blueprint /Game/Brackeys2026/Objects/Revolver/BP_Revolver.BP_Revolver
[2026.08.25-23.13.28:931][143]LogAssetEditorSubsystem: Opening Asset editor for WidgetBlueprint /Game/Brackeys2026/UI/BP_UI.BP_UI
[2026.08.25-23.13.29:265][143]LogAssetEditorSubsystem: Opening Asset editor for Blueprint /Game/Brackeys2026/Objects/Phone/BP_Phone.BP_Phone
[2026.08.25-23.13.29:752][143]LogSlate: Took 0.000195 seconds to synchronously load lazily loaded font '../../../Engine/Content/Slate/Fonts/Roboto-BoldCondensed.ttf' (158K)
[2026.08.25-23.13.32:051][373]LogSlate: Took 0.001060 seconds to synchronously load lazily loaded font '../../../Engine/Content/Slate/Fonts/Roboto-Italic.ttf' (157K)
[2026.08.25-23.13.36:382][788]LogSlate: Window 'BP_UI' being destroyed
[2026.08.25-23.13.45:603][870]LogSlate: Took 0.000164 seconds to synchronously load lazily loaded font '../../../Engine/Content/Slate/Fonts/Roboto-Light.ttf' (167K)
[2026.08.25-23.13.53:552][791]LogUObjectHash: Compacting FUObjectHashTables data took   2.58ms
[2026.08.25-23.13.56:295][791]LogSlate: Window 'Delete Assets' being destroyed
[2026.08.25-23.13.56:376][791]LogUObjectHash: Compacting FUObjectHashTables data took   1.65ms
[2026.08.25-23.13.56:410][791]LogUObjectHash: Compacting FUObjectHashTables data took   1.55ms
[2026.08.25-23.13.56:437][791]LogUObjectHash: Compacting FUObjectHashTables data took   0.55ms
[2026.08.25-23.14.12:570][197]LogFactory: FactoryCreateFile: StaticMesh with FbxFactory (0 0 ../../../../../../Users/Alex T/Downloads/Phone.fbx)
[2026.08.25-23.14.12:586][197]LogFbx: Loading FBX Scene from ../../../../../../Users/Alex T/Downloads/Phone.fbx
[2026.08.25-23.14.12:596][197]LogFbx: FBX Scene Loaded Succesfully
[2026.08.25-23.14.13:708][197]LogSlate: Window 'FBX Import Options' being destroyed
[2026.08.25-23.14.13:732][197]LogFbxMaterialImport: Display: Unable to find Texture file C:\Users\sammy\OneDrive\Desktop\Blender\Projects\messin around\gamejam\phone\textures\Blender\DefaultMaterial_BaseColor.png
[2026.08.25-23.14.13:733][197]LogFbxMaterialImport: Display: Unable to find Texture file C:\Users\sammy\OneDrive\Desktop\Blender\Projects\messin around\gamejam\phone\textures\Blender\DefaultMaterial_Roughness.png
[2026.08.25-23.14.13:733][197]LogFbxMaterialImport: Display: Unable to find Texture file C:\Users\sammy\OneDrive\Desktop\Blender\Projects\messin around\gamejam\phone\textures\Blender\DefaultMaterial_Normal.png
[2026.08.25-23.14.13:734][197]LogMaterial: Display: Missing cached shadermap for Material_001 in PCD3D_SM5, Default, SM5 (DDC key hash: 5249AFAD6A9CD1D90FA4E1687CCE0280AAC3E5DC), compiling. 
[2026.08.25-23.14.13:736][197]LogFbx: Display: Triangulating static mesh lowpoly
[2026.08.25-23.14.13:821][197]LogStaticMesh: Building static mesh Phone_lowpoly...
[2026.08.25-23.14.13:861][197]LogStaticMesh: Built static mesh [0.04s] /Game/Brackeys2026/Objects/Phone/Phone_lowpoly.Phone_lowpoly
[2026.08.25-23.14.13:881][197]LogFbx: Display: Triangulating static mesh lowpoly.002
[2026.08.25-23.14.13:883][197]LogStaticMesh: Building static mesh Phone_lowpoly_002...
[2026.08.25-23.14.13:885][197]LogStaticMesh: Built static mesh [0.00s] /Game/Brackeys2026/Objects/Phone/Phone_lowpoly_002.Phone_lowpoly_002
[2026.08.25-23.14.13:894][197]FBXImport: Warning: No smoothing group information was found in this FBX scene.  Please make sure to enable the 'Export Smoothing Groups' option in the FBX Exporter plug-in before exporting the file.  Even for tools that don't support smoothing groups, the FBX Exporter will generate appropriate smoothing data at export-time so that correct vertex normals can be inferred while importing. 
[2026.08.25-23.14.14:006][197]LogSlate: Took 0.000332 seconds to synchronously load lazily loaded font '../../../Engine/Content/Slate/Fonts/DroidSansMono.ttf' (77K)
[2026.08.25-23.14.14:072][202]LogShaderCompilers: Display: Submitted 2 shader compile jobs with 'ForceLocal' priority
[2026.08.25-23.14.14:072][202]LogShaderCompilers: Display: Worker (1/13): shaders left to compile 2
[2026.08.25-23.14.14:072][202]LogShaderCompilers: Display: Worker (2/13): shaders left to compile 1
[2026.08.25-23.14.14:072][202]LogShaderCompilers: Display: Started 2 'Local' shader compile jobs with 'ForceLocal' priority
[2026.08.25-23.14.14:093][202]LogShaderCompilers: Display: Submitted 14 shader compile jobs with 'Normal' priority
[2026.08.25-23.14.14:105][202]LogShaderCompilers: Display: Worker (3/13): shaders left to compile 14
[2026.08.25-23.14.14:105][202]LogShaderCompilers: Display: Worker (4/13): shaders left to compile 12
[2026.08.25-23.14.14:105][202]LogShaderCompilers: Display: Worker (5/13): shaders left to compile 10
[2026.08.25-23.14.14:105][202]LogShaderCompilers: Display: Worker (6/13): shaders left to compile 8
[2026.08.25-23.14.14:105][202]LogShaderCompilers: Display: Worker (7/13): shaders left to compile 6
[2026.08.25-23.14.14:105][202]LogShaderCompilers: Display: Worker (8/13): shaders left to compile 4
[2026.08.25-23.14.14:105][202]LogShaderCompilers: Display: Worker (9/13): shaders left to compile 2
[2026.08.25-23.14.14:105][202]LogShaderCompilers: Display: Started 14 'Local' shader compile jobs with 'Normal' priority
[2026.08.25-23.14.15:483][345]LogSlate: Window 'Message Log' being destroyed
[2026.08.25-23.14.15:488][345]LogSlate: Window 'Message Log' being destroyed
[2026.08.25-23.14.17:918][574]LogAssetEditorSubsystem: Opening Asset editor for Material /Game/Brackeys2026/Objects/Phone/Material_001.Material_001
[2026.08.25-23.14.17:922][574]LogMaterial: Display: Missing cached shadermap for Material_001 in PCD3D_SM5, Default, SM5 (DDC key hash: AF59270DD77712062EC247E378DB1881308624DC), compiling. 
[2026.08.25-23.14.17:941][574]LogTexture: Default maximum texture size for cubemaps generated from long-lat sources has been changed from 512 to unlimited. In order to preserve old behaiour for '/Engine/EditorMaterials/AssetViewer/EpicQuadPanorama_CC+EV1.EpicQuadPanorama_CC+EV1', its maximum texture size has been explicitly set to 512.
[2026.08.25-23.14.17:998][574]LogTexture: Default maximum texture size for cubemaps generated from long-lat sources has been changed from 512 to unlimited. In order to preserve old behaiour for '/Engine/MapTemplates/Sky/SunsetAmbientCubemap.SunsetAmbientCubemap', its maximum texture size has been explicitly set to 512.
[2026.08.25-23.14.18:108][574]LogMaterial: Display: Missing cached shadermap for Material_001 in PCD3D_SM5, Default, SM5 (DDC key hash: 7ED0DD1D8D71560C625FBC04AB7C4224DDFCD8EB), compiling. 
[2026.08.25-23.14.18:109][574]LogMaterial: Display: Missing cached shadermap for FMatExpressionPreview MaterialExpressionVectorParameter_0 in PCD3D_SM5, Default, SM5 (DDC key hash: 583A5A485753A6E2E8E61A2B48D49FC8CA809E2E), compiling. 
[2026.08.25-23.14.18:142][574]MaterialEditorStats: Texture samplers: 0/16
[2026.08.25-23.14.18:221][575]LogShaderCompilers: Display: Submitted 2 shader compile jobs with 'ForceLocal' priority
[2026.08.25-23.14.18:227][575]LogShaderCompilers: Display: Worker (1/13): shaders left to compile 2
[2026.08.25-23.14.18:227][575]LogShaderCompilers: Display: Worker (2/13): shaders left to compile 1
[2026.08.25-23.14.18:227][575]LogShaderCompilers: Display: Started 2 'Local' shader compile jobs with 'ForceLocal' priority
[2026.08.25-23.14.18:227][575]MaterialEditorStats: Base pass shader: 119 instructions
[2026.08.25-23.14.18:227][575]MaterialEditorStats: Base pass shader with Volumetric Lightmap: 193 instructions
[2026.08.25-23.14.18:227][575]MaterialEditorStats: Base pass vertex shader: 42 instructions
[2026.08.25-23.14.18:227][575]MaterialEditorStats: Texture samplers: 2/16
[2026.08.25-23.14.40:777][979]LogMaterial: Display: Missing cached shadermap for Material_001 in PCD3D_SM5, Default, SM5 (DDC key hash: 8DF5FD5AE67B7A117D51E9AEF66D45C0DF00803F), compiling. 
[2026.08.25-23.14.40:779][979]LogMaterial: Display: Missing cached shadermap for Material_001 in PCD3D_SM5, Default, SM5 (DDC key hash: B5E35F5B648713944C3096060C06DD471AD52CE1), compiling. 
[2026.08.25-23.14.40:780][979]LogMaterial: Display: Missing cached shadermap for FMatExpressionPreview MaterialExpressionVectorParameter_0 in PCD3D_SM5, Default, SM5 (DDC key hash: 91D4410D9C0F4F39D405A87BB3220E47E15E0327), compiling. 
[2026.08.25-23.14.40:785][979]MaterialEditorStats: Texture samplers: 0/16
[2026.08.25-23.14.40:812][981]MaterialEditorStats: Base pass shader: 119 instructions
[2026.08.25-23.14.40:812][981]MaterialEditorStats: Base pass shader with Volumetric Lightmap: 193 instructions
[2026.08.25-23.14.40:812][981]MaterialEditorStats: Base pass vertex shader: 42 instructions
[2026.08.25-23.14.40:812][981]MaterialEditorStats: Texture samplers: 2/16
[2026.08.25-23.14.46:808][675]LogMaterial: Display: Missing cached shadermap for Material_001 in PCD3D_SM5, Default, SM5 (DDC key hash: DF390AFEE6FE0A9E4CB8D9962D07158ABB0E1EBB), compiling. 
[2026.08.25-23.14.46:810][675]LogMaterial: Display: Missing cached shadermap for Material_001 in PCD3D_SM5, Default, SM5 (DDC key hash: 422FC3DD54365F15A4A07979953308CDEE3C1D34), compiling. 
[2026.08.25-23.14.46:814][675]MaterialEditorStats: Texture samplers: 0/16
[2026.08.25-23.14.46:856][677]MaterialEditorStats: Base pass shader: 119 instructions
[2026.08.25-23.14.46:856][677]MaterialEditorStats: Base pass shader with Volumetric Lightmap: 193 instructions
[2026.08.25-23.14.46:856][677]MaterialEditorStats: Base pass vertex shader: 42 instructions
[2026.08.25-23.14.46:856][677]MaterialEditorStats: Texture samplers: 2/16
[2026.08.25-23.14.51:210][187]LogMaterial: Display: Missing cached shadermap for Material_001 in PCD3D_SM5, Default, SM5 (DDC key hash: AB632E23877FDD2D64F762D759ED76D9B544AABF), compiling. 
[2026.08.25-23.14.51:214][187]MaterialEditorStats: Texture samplers: 0/16
[2026.08.25-23.14.51:222][188]LogShaderCompilers: Display: Submitted 2 shader compile jobs with 'ForceLocal' priority
[2026.08.25-23.14.51:222][188]LogShaderCompilers: Display: Worker (1/13): shaders left to compile 2
[2026.08.25-23.14.51:222][188]LogShaderCompilers: Display: Worker (2/13): shaders left to compile 1
[2026.08.25-23.14.51:222][188]LogShaderCompilers: Display: Started 2 'Local' shader compile jobs with 'ForceLocal' priority
[2026.08.25-23.14.51:222][188]LogShaderCompilers: Display: Submitted 8 shader compile jobs with 'Normal' priority
[2026.08.25-23.14.51:246][191]LogShaderCompilers: Display: Worker (3/13): shaders left to compile 8
[2026.08.25-23.14.51:246][191]LogShaderCompilers: Display: Worker (4/13): shaders left to compile 7
[2026.08.25-23.14.51:246][191]LogShaderCompilers: Display: Worker (5/13): shaders left to compile 6
[2026.08.25-23.14.51:246][191]LogShaderCompilers: Display: Worker (6/13): shaders left to compile 5
[2026.08.25-23.14.51:246][191]LogShaderCompilers: Display: Worker (7/13): shaders left to compile 4
[2026.08.25-23.14.51:246][191]LogShaderCompilers: Display: Worker (8/13): shaders left to compile 3
[2026.08.25-23.14.51:246][191]LogShaderCompilers: Display: Worker (9/13): shaders left to compile 2
[2026.08.25-23.14.51:246][191]LogShaderCompilers: Display: Worker (10/13): shaders left to compile 1
[2026.08.25-23.14.51:246][191]LogShaderCompilers: Display: Started 8 'Local' shader compile jobs with 'Normal' priority
[2026.08.25-23.14.51:778][229]MaterialEditorStats: Texture samplers: 2/16
[2026.08.25-23.14.52:001][254]MaterialEditorStats: Base pass shader: 119 instructions
[2026.08.25-23.14.52:001][254]MaterialEditorStats: Base pass shader with Volumetric Lightmap: 193 instructions
[2026.08.25-23.14.52:001][254]MaterialEditorStats: Base pass vertex shader: 42 instructions
[2026.08.25-23.14.52:001][254]MaterialEditorStats: Texture samplers: 2/16
[2026.08.25-23.14.55:009][611]LogMaterial: Display: Missing cached shadermap for Material_001 in PCD3D_SM5, Default, SM5 (DDC key hash: 3AA06F8C742E45AB88915B7D2BE5FF72210F5979), compiling. 
[2026.08.25-23.14.55:015][611]LogMaterial: Display: Missing cached shadermap for Material_001 in PCD3D_SM5, Default, SM5 (DDC key hash: FE075F38056215589D92E939A59DF80D34D68EDD), compiling. 
[2026.08.25-23.14.55:016][611]MaterialEditorStats: Texture samplers: 0/16
[2026.08.25-23.14.55:038][613]MaterialEditorStats: Base pass shader: 119 instructions
[2026.08.25-23.14.55:038][613]MaterialEditorStats: Base pass shader with Volumetric Lightmap: 193 instructions
[2026.08.25-23.14.55:038][613]MaterialEditorStats: Base pass vertex shader: 42 instructions
[2026.08.25-23.14.55:038][613]MaterialEditorStats: Texture samplers: 2/16
[2026.08.25-23.14.57:707][918]LogMaterialEditor: Applying material Material_001
[2026.08.25-23.14.57:893][918]LogMaterial: Display: Missing cached shadermap for Material_001 in PCD3D_SM5, Default, SM5 (DDC key hash: 720719C250FAEA173550CB2C63A05F37543BA7FB), compiling. 
[2026.08.25-23.14.57:922][918]LogMaterial: Display: Missing cached shadermap for Material_001 in PCD3D_SM5, Default, SM5 (DDC key hash: F7AADFC21990AC405D4AD66E308639A4F398EF6E), compiling. 
[2026.08.25-23.14.57:955][918]LogUObjectHash: Compacting FUObjectHashTables data took   1.68ms
[2026.08.25-23.14.57:959][918]LogShaderCompilers: Display: Submitted 1 shader compile jobs with 'ForceLocal' priority
[2026.08.25-23.14.58:090][918]LogShaderCompilers: Display: Worker (1/13): shaders left to compile 1
[2026.08.25-23.14.58:090][918]LogShaderCompilers: Display: Started 1 'Local' shader compile jobs with 'ForceLocal' priority
[2026.08.25-23.14.58:090][918]LogUObjectHash: Compacting FUObjectHashTables data took   0.50ms
[2026.08.25-23.14.58:106][918]MaterialEditorStats: Texture samplers: 0/16
[2026.08.25-23.14.58:130][919]LogShaderCompilers: Display: Submitted 5 shader compile jobs with 'Normal' priority
[2026.08.25-23.14.58:130][919]LogShaderCompilers: Display: Worker (1/13): shaders left to compile 5
[2026.08.25-23.14.58:130][919]LogShaderCompilers: Display: Worker (2/13): shaders left to compile 4
[2026.08.25-23.14.58:130][919]LogShaderCompilers: Display: Worker (3/13): shaders left to compile 3
[2026.08.25-23.14.58:130][919]LogShaderCompilers: Display: Worker (4/13): shaders left to compile 2
[2026.08.25-23.14.58:130][919]LogShaderCompilers: Display: Worker (5/13): shaders left to compile 1
[2026.08.25-23.14.58:130][919]LogShaderCompilers: Display: Started 5 'Local' shader compile jobs with 'Normal' priority
[2026.08.25-23.14.58:141][920]MaterialEditorStats: Texture samplers: 2/16
[2026.08.25-23.14.58:337][942]LogMaterialEditor: Saving and Compiling material Material_001
[2026.08.25-23.14.58:454][942]LogSavePackage: Moving 'E:/_Alex's Data/Unreal Engine/Unreal Projects/Brackeys2026/Brackeys-2026/BrackeysJam2026/Saved/Material_001165DF8E4458505F471860B9A30DBDF7D.tmp' to 'E:/_Alex's Data/Unreal Engine/Unreal Projects/Brackeys2026/Brackeys-2026/BrackeysJam2026/Content/Brackeys2026/Objects/Phone/Material_001.uasset'
[2026.08.25-23.14.58:472][942]AssetCheck: New page: Asset Save: Material_001
[2026.08.25-23.14.58:472][942]LogContentValidation: Display: Validating Material /Game/Brackeys2026/Objects/Phone/Material_001.Material_001
[2026.08.25-23.14.58:474][942]MaterialEditorStats: Base pass shader: 119 instructions
[2026.08.25-23.14.58:474][942]MaterialEditorStats: Base pass shader with Volumetric Lightmap: 193 instructions
[2026.08.25-23.14.58:474][942]MaterialEditorStats: Base pass vertex shader: 42 instructions
[2026.08.25-23.14.58:474][942]MaterialEditorStats: Texture samplers: 3/16
[2026.08.25-23.15.11:735][570]LogMaterial: Display: Missing cached shadermap for Material_001 in PCD3D_SM5, Default, SM5 (DDC key hash: 97212BB71EFF3825640E0F1327E754BE6D2F9D3F), compiling. 
[2026.08.25-23.15.11:736][570]MaterialEditorStats: Texture samplers: 0/16
[2026.08.25-23.15.11:757][571]LogShaderCompilers: Display: Submitted 2 shader compile jobs with 'ForceLocal' priority
[2026.08.25-23.15.11:757][571]LogShaderCompilers: Display: Worker (1/13): shaders left to compile 2
[2026.08.25-23.15.11:757][571]LogShaderCompilers: Display: Worker (2/13): shaders left to compile 1
[2026.08.25-23.15.11:757][571]LogShaderCompilers: Display: Started 2 'Local' shader compile jobs with 'ForceLocal' priority
[2026.08.25-23.15.11:757][571]LogShaderCompilers: Display: Submitted 8 shader compile jobs with 'Normal' priority
[2026.08.25-23.15.11:757][571]LogShaderCompilers: Display: Worker (3/13): shaders left to compile 8
[2026.08.25-23.15.11:757][571]LogShaderCompilers: Display: Worker (4/13): shaders left to compile 7
[2026.08.25-23.15.11:757][571]LogShaderCompilers: Display: Worker (5/13): shaders left to compile 6
[2026.08.25-23.15.11:757][571]LogShaderCompilers: Display: Worker (6/13): shaders left to compile 5
[2026.08.25-23.15.11:757][571]LogShaderCompilers: Display: Worker (7/13): shaders left to compile 4
[2026.08.25-23.15.11:757][571]LogShaderCompilers: Display: Worker (8/13): shaders left to compile 3
[2026.08.25-23.15.11:757][571]LogShaderCompilers: Display: Worker (9/13): shaders left to compile 2
[2026.08.25-23.15.11:757][571]LogShaderCompilers: Display: Worker (10/13): shaders left to compile 1
[2026.08.25-23.15.11:757][571]LogShaderCompilers: Display: Started 8 'Local' shader compile jobs with 'Normal' priority
[2026.08.25-23.15.12:256][616]MaterialEditorStats: Texture samplers: 2/16
[2026.08.25-23.15.12:375][630]MaterialEditorStats: Base pass shader: 117 instructions
[2026.08.25-23.15.12:375][630]MaterialEditorStats: Base pass shader with Volumetric Lightmap: 191 instructions
[2026.08.25-23.15.12:375][630]MaterialEditorStats: Base pass vertex shader: 42 instructions
[2026.08.25-23.15.12:375][630]MaterialEditorStats: Texture samplers: 2/16
[2026.08.25-23.15.14:661][897]LogMaterial: Display: Missing cached shadermap for Material_001 in PCD3D_SM5, Default, SM5 (DDC key hash: DEE3343ADC435187708472A779FBFE73EFC47373), compiling. 
[2026.08.25-23.15.14:662][897]LogMaterial: Display: Missing cached shadermap for FMatExpressionPreview MaterialExpressionVectorParameter_0 in PCD3D_SM5, Default, SM5 (DDC key hash: 8989A98F45FE264933415D71AC08864BA0A2ADB8), compiling. 
[2026.08.25-23.15.14:666][897]MaterialEditorStats: Texture samplers: 0/16
[2026.08.25-23.15.14:686][899]MaterialEditorStats: Base pass shader: 119 instructions
[2026.08.25-23.15.14:686][899]MaterialEditorStats: Base pass shader with Volumetric Lightmap: 193 instructions
[2026.08.25-23.15.14:686][899]MaterialEditorStats: Base pass vertex shader: 42 instructions
[2026.08.25-23.15.14:686][899]MaterialEditorStats: Texture samplers: 2/16
[2026.08.25-23.16.23:996][743]LogFactory: FactoryCreateFile: Texture with ReimportTextureFactory (0 0 ../../../../../../Users/Alex T/Downloads/Phone/Phone/Unreal/lowpoly_DefaultMaterial_BaseColor.png)
[2026.08.25-23.16.24:358][743]LogTexture: Display: Building textures: lowpoly_DefaultMaterial_BaseColor (OODLE_AutoDXT, 4096X4096)
[2026.08.25-23.16.24:866][743]LogTextureFormatOodle: Display: non-RDO encode 1024 x 1024 x 1 to format OODLE_AutoDXT (Oodle OodleTex_BC3) lambda=0 effort=20 
[2026.08.25-23.16.24:866][743]LogTextureFormatOodle: Display: non-RDO encode 4096 x 4096 x 1 to format OODLE_AutoDXT (Oodle OodleTex_BC3) lambda=0 effort=20 
[2026.08.25-23.16.24:866][743]LogTextureFormatOodle: Display: non-RDO encode 2048 x 2048 x 1 to format OODLE_AutoDXT (Oodle OodleTex_BC3) lambda=0 effort=20 
[2026.08.25-23.16.24:910][743]LogFactory: FactoryCreateFile: Texture with ReimportTextureFactory (0 0 ../../../../../../Users/Alex T/Downloads/Phone/Phone/Unreal/lowpoly_DefaultMaterial_Normal.png)
[2026.08.25-23.16.25:324][743]LogTexture: Display: Building textures: lowpoly_DefaultMaterial_Normal (OODLE_BC5, 4096X4096)
[2026.08.25-23.16.25:568][743]LogTextureFormatOodle: Display: non-RDO encode 2048 x 2048 x 1 to format OODLE_BC5 (Oodle OodleTex_BC5U) lambda=0 effort=20 
[2026.08.25-23.16.25:568][743]LogTextureFormatOodle: Display: non-RDO encode 4096 x 4096 x 1 to format OODLE_BC5 (Oodle OodleTex_BC5U) lambda=0 effort=20 
[2026.08.25-23.16.25:568][743]LogTextureFormatOodle: Display: non-RDO encode 1024 x 1024 x 1 to format OODLE_BC5 (Oodle OodleTex_BC5U) lambda=0 effort=20 
[2026.08.25-23.16.25:618][743]LogFactory: FactoryCreateFile: Texture with ReimportTextureFactory (0 0 ../../../../../../Users/Alex T/Downloads/Phone/Phone/Unreal/lowpoly_DefaultMaterial_OcclusionRoughnessMetallic.png)
[2026.08.25-23.16.25:919][743]LogTexture: Display: Building textures: lowpoly_DefaultMaterial_OcclusionRoughnessMetallic (OODLE_AutoDXT, 4096X4096)
[2026.08.25-23.16.26:414][743]LogTextureFormatOodle: Display: non-RDO encode 2048 x 2048 x 1 to format OODLE_AutoDXT (Oodle OodleTex_BC1_WithTransparency) lambda=0 effort=20 
[2026.08.25-23.16.26:414][743]LogTextureFormatOodle: Display: non-RDO encode 1024 x 1024 x 1 to format OODLE_AutoDXT (Oodle OodleTex_BC1_WithTransparency) lambda=0 effort=20 
[2026.08.25-23.16.26:414][743]LogTextureFormatOodle: Display: non-RDO encode 4096 x 4096 x 1 to format OODLE_AutoDXT (Oodle OodleTex_BC1_WithTransparency) lambda=0 effort=20 
[2026.08.25-23.16.30:186][137]LogMaterial: Display: Missing cached shadermap for Material_001 in PCD3D_SM5, Default, SM5 (DDC key hash: 35F7F19BA59814EF5D2EE6EC252FFAC458DC6E2D), compiling. 
[2026.08.25-23.16.30:188][137]LogMaterial: Display: Missing cached shadermap for FMatExpressionPreview MaterialExpressionTextureSample_0 in PCD3D_SM5, Default, SM5 (DDC key hash: 5CF0DDF59091906409A09DAD0A912CACE7FC8CE1), compiling. 
[2026.08.25-23.16.30:189][137]LogMaterial: Display: Missing cached shadermap for FMatExpressionPreview MaterialExpressionVectorParameter_0 in PCD3D_SM5, Default, SM5 (DDC key hash: 7CF02AF6EF1497A1522A7A600D86F54158FF4894), compiling. 
[2026.08.25-23.16.30:190][137]LogMaterial: Display: Missing cached shadermap for FMatExpressionPreview MaterialExpressionTextureSample_0 in PCD3D_SM5, Default, SM5 (DDC key hash: 3F66D53825AD2D7C92EE5420B464F1EC073CEF69), compiling. 
[2026.08.25-23.16.30:198][137]LogMaterial: Display: Missing cached shadermap for Material_001 in PCD3D_SM5, Default, SM5 (DDC key hash: 0A7BA944CAAE84AA5BF412EA528FB753B0153FF9), compiling. 
[2026.08.25-23.16.30:199][137]LogMaterial: Display: Missing cached shadermap for FMatExpressionPreview MaterialExpressionTextureSample_1 in PCD3D_SM5, Default, SM5 (DDC key hash: 74789D594289D45A763F530BA06EE468EFFE73EA), compiling. 
[2026.08.25-23.16.30:199][137]LogMaterial: Display: Missing cached shadermap for FMatExpressionPreview MaterialExpressionVectorParameter_0 in PCD3D_SM5, Default, SM5 (DDC key hash: 684F6BBB0F3AA45D406B48B576194D1C503DDEAB), compiling. 
[2026.08.25-23.16.30:200][137]LogMaterial: Display: Missing cached shadermap for FMatExpressionPreview MaterialExpressionTextureSample_0 in PCD3D_SM5, Default, SM5 (DDC key hash: FA6526D447888A0CCE74B40C8DA51F6D81E16579), compiling. 
[2026.08.25-23.16.30:201][137]LogMaterial: Display: Missing cached shadermap for FMatExpressionPreview MaterialExpressionTextureSample_1 in PCD3D_SM5, Default, SM5 (DDC key hash: 1937556F70D33C9BBD39C6C73A5291CAACC1175A), compiling. 
[2026.08.25-23.16.30:210][137]LogMaterial: Display: Missing cached shadermap for Material_001 in PCD3D_SM5, Default, SM5 (DDC key hash: F59DB0E0038F4C1D10E95C29BD20CCF4C8E4514F), compiling. 
[2026.08.25-23.16.30:210][137]LogMaterial: Display: Missing cached shadermap for FMatExpressionPreview MaterialExpressionTextureSample_2 in PCD3D_SM5, Default, SM5 (DDC key hash: 1CD5C4E25AC430F7D89707AEF015B566FA8EA1E0), compiling. 
[2026.08.25-23.16.30:212][137]LogMaterial: Display: Missing cached shadermap for FMatExpressionPreview MaterialExpressionVectorParameter_0 in PCD3D_SM5, Default, SM5 (DDC key hash: 37DADABC9F00AB06E525585C47E785A821094476), compiling. 
[2026.08.25-23.16.30:213][137]LogMaterial: Display: Missing cached shadermap for FMatExpressionPreview MaterialExpressionTextureSample_0 in PCD3D_SM5, Default, SM5 (DDC key hash: 8A04D4B8CA58DCE2F04F203936C0FA82882D94DD), compiling. 
[2026.08.25-23.16.30:214][137]LogMaterial: Display: Missing cached shadermap for FMatExpressionPreview MaterialExpressionTextureSample_1 in PCD3D_SM5, Default, SM5 (DDC key hash: CB34996F1EF7163240B755B90334305BCF2757AA), compiling. 
[2026.08.25-23.16.30:215][137]LogMaterial: Display: Missing cached shadermap for FMatExpressionPreview MaterialExpressionTextureSample_2 in PCD3D_SM5, Default, SM5 (DDC key hash: 758722D52802BD85DB5D9724AD3DAE3AAD85FEAE), compiling. 
[2026.08.25-23.16.30:219][137]MaterialEditorStats: Texture samplers: 0/16
[2026.08.25-23.16.30:244][138]LogShaderCompilers: Display: === FShaderJobCache stats ===
[2026.08.25-23.16.30:244][138]LogShaderCompilers: Display: Total job queries 147, among them cache hits 103 (70.07%)
[2026.08.25-23.16.30:244][138]LogShaderCompilers: Display: Tracking 44 distinct input hashes that result in 31 distinct outputs (70.45%)
[2026.08.25-23.16.30:244][138]LogShaderCompilers: Display: RAM used: 0.17 MB (0.00 GB) of 1638.40 MB (1.60 GB) budget. Usage: 0.01%
[2026.08.25-23.16.30:245][138]LogShaderCompilers: Display: ================================================
[2026.08.25-23.16.30:245][138]LogShaderCompilers: Display: Submitted 2 shader compile jobs with 'ForceLocal' priority
[2026.08.25-23.16.30:245][138]MaterialEditorStats: Base pass shader: 119 instructions
[2026.08.25-23.16.30:245][138]MaterialEditorStats: Base pass shader with Volumetric Lightmap: 193 instructions
[2026.08.25-23.16.30:245][138]MaterialEditorStats: Base pass vertex shader: 42 instructions
[2026.08.25-23.16.30:245][138]MaterialEditorStats: Texture samplers: 2/16
[2026.08.25-23.16.30:260][139]LogShaderCompilers: Display: Worker (1/13): shaders left to compile 2
[2026.08.25-23.16.30:260][139]LogShaderCompilers: Display: Worker (2/13): shaders left to compile 1
[2026.08.25-23.16.30:260][139]LogShaderCompilers: Display: Started 2 'Local' shader compile jobs with 'ForceLocal' priority
[2026.08.25-23.16.30:260][139]LogShaderCompilers: Display: Submitted 2 shader compile jobs with 'ForceLocal' priority
[2026.08.25-23.16.30:260][139]LogShaderCompilers: Display: Submitted 2 shader compile jobs with 'ForceLocal' priority
[2026.08.25-23.16.30:277][141]LogShaderCompilers: Display: Worker (3/13): shaders left to compile 4
[2026.08.25-23.16.30:277][141]LogShaderCompilers: Display: Worker (4/13): shaders left to compile 3
[2026.08.25-23.16.30:277][141]LogShaderCompilers: Display: Worker (5/13): shaders left to compile 2
[2026.08.25-23.16.30:277][141]LogShaderCompilers: Display: Worker (6/13): shaders left to compile 1
[2026.08.25-23.16.30:277][141]LogShaderCompilers: Display: Started 4 'Local' shader compile jobs with 'ForceLocal' priority
[2026.08.25-23.16.33:680][532]LogMaterial: Display: Missing cached shadermap for Material_001 in PCD3D_SM5, Default, SM5 (DDC key hash: D54C411ABC8B0C469107076DF6AF8BE35FE0F339), compiling. 
[2026.08.25-23.16.33:682][532]LogMaterial: Display: Missing cached shadermap for FMatExpressionPreview MaterialExpressionTextureSample_0 in PCD3D_SM5, Default, SM5 (DDC key hash: 4B6BB4776E4CBAC14E61190011966C402AF4FE2A), compiling. 
[2026.08.25-23.16.33:687][532]MaterialEditorStats: Texture samplers: 0/16
[2026.08.25-23.16.33:687][532]MaterialEditorStats: Texture Lookups (Est.): VS(0), PS(1)
[2026.08.25-23.16.33:687][532]MaterialEditorStats: User interpolators: 2/4 Scalars (1/4 Vectors) (TexCoords: 2, Custom: 0)
[2026.08.25-23.16.33:693][533]LogShaderCompilers: Display: Submitted 2 shader compile jobs with 'ForceLocal' priority
[2026.08.25-23.16.33:693][533]LogShaderCompilers: Display: Submitted 8 shader compile jobs with 'Normal' priority
[2026.08.25-23.16.33:702][534]LogShaderCompilers: Display: Worker (1/13): shaders left to compile 2
[2026.08.25-23.16.33:702][534]LogShaderCompilers: Display: Worker (2/13): shaders left to compile 1
[2026.08.25-23.16.33:702][534]LogShaderCompilers: Display: Worker (3/13): shaders left to compile 8
[2026.08.25-23.16.33:702][534]LogShaderCompilers: Display: Worker (4/13): shaders left to compile 7
[2026.08.25-23.16.33:702][534]LogShaderCompilers: Display: Worker (5/13): shaders left to compile 6
[2026.08.25-23.16.33:702][534]LogShaderCompilers: Display: Worker (6/13): shaders left to compile 5
[2026.08.25-23.16.33:702][534]LogShaderCompilers: Display: Worker (7/13): shaders left to compile 4
[2026.08.25-23.16.33:702][534]LogShaderCompilers: Display: Worker (8/13): shaders left to compile 3
[2026.08.25-23.16.33:702][534]LogShaderCompilers: Display: Worker (9/13): shaders left to compile 2
[2026.08.25-23.16.33:702][534]LogShaderCompilers: Display: Worker (10/13): shaders left to compile 1
[2026.08.25-23.16.33:702][534]LogShaderCompilers: Display: Started 8 'Local' shader compile jobs with 'Normal' priority
[2026.08.25-23.16.33:702][534]LogShaderCompilers: Display: Started 2 'Local' shader compile jobs with 'ForceLocal' priority
[2026.08.25-23.16.34:079][560]MaterialEditorStats: Texture samplers: 3/16
[2026.08.25-23.16.34:079][560]MaterialEditorStats: Texture Lookups (Est.): VS(0), PS(1)
[2026.08.25-23.16.34:079][560]MaterialEditorStats: User interpolators: 2/4 Scalars (1/4 Vectors) (TexCoords: 2, Custom: 0)
[2026.08.25-23.16.34:308][585]MaterialEditorStats: Base pass shader: 120 instructions
[2026.08.25-23.16.34:308][585]MaterialEditorStats: Base pass shader with Volumetric Lightmap: 194 instructions
[2026.08.25-23.16.34:308][585]MaterialEditorStats: Base pass vertex shader: 46 instructions
[2026.08.25-23.16.34:308][585]MaterialEditorStats: Texture samplers: 3/16
[2026.08.25-23.16.34:309][585]MaterialEditorStats: Texture Lookups (Est.): VS(0), PS(1)
[2026.08.25-23.16.34:309][585]MaterialEditorStats: User interpolators: 2/4 Scalars (1/4 Vectors) (TexCoords: 2, Custom: 0)
[2026.08.25-23.16.49:986][774]LogMaterial: Display: Missing cached shadermap for Material_001 in PCD3D_SM5, Default, SM5 (DDC key hash: D7118CF0DA67EB81031AD7100067BD1F9E4DF513), compiling. 
[2026.08.25-23.16.49:988][774]LogMaterial: Display: Missing cached shadermap for FMatExpressionPreview MaterialExpressionTextureSample_1 in PCD3D_SM5, Default, SM5 (DDC key hash: 42451B202AEF92A8AB351F26FD66AE2260C10BF2), compiling. 
[2026.08.25-23.16.49:992][774]MaterialEditorStats: Texture samplers: 0/16
[2026.08.25-23.16.49:992][774]MaterialEditorStats: Texture Lookups (Est.): VS(0), PS(2)
[2026.08.25-23.16.49:992][774]MaterialEditorStats: User interpolators: 2/4 Scalars (1/4 Vectors) (TexCoords: 2, Custom: 0)
[2026.08.25-23.16.50:001][775]LogShaderCompilers: Display: Submitted 2 shader compile jobs with 'ForceLocal' priority
[2026.08.25-23.16.50:001][775]LogShaderCompilers: Display: Worker (1/13): shaders left to compile 2
[2026.08.25-23.16.50:001][775]LogShaderCompilers: Display: Worker (2/13): shaders left to compile 1
[2026.08.25-23.16.50:001][775]LogShaderCompilers: Display: Started 2 'Local' shader compile jobs with 'ForceLocal' priority
[2026.08.25-23.16.50:001][775]LogShaderCompilers: Display: Submitted 8 shader compile jobs with 'Normal' priority
[2026.08.25-23.16.50:001][775]LogShaderCompilers: Display: Worker (3/13): shaders left to compile 8
[2026.08.25-23.16.50:001][775]LogShaderCompilers: Display: Worker (4/13): shaders left to compile 7
[2026.08.25-23.16.50:001][775]LogShaderCompilers: Display: Worker (5/13): shaders left to compile 6
[2026.08.25-23.16.50:001][775]LogShaderCompilers: Display: Worker (6/13): shaders left to compile 5
[2026.08.25-23.16.50:001][775]LogShaderCompilers: Display: Worker (7/13): shaders left to compile 4
[2026.08.25-23.16.50:001][775]LogShaderCompilers: Display: Worker (8/13): shaders left to compile 3
[2026.08.25-23.16.50:001][775]LogShaderCompilers: Display: Worker (9/13): shaders left to compile 2
[2026.08.25-23.16.50:001][775]LogShaderCompilers: Display: Worker (10/13): shaders left to compile 1
[2026.08.25-23.16.50:001][775]LogShaderCompilers: Display: Started 8 'Local' shader compile jobs with 'Normal' priority
[2026.08.25-23.16.50:424][806]MaterialEditorStats: Texture samplers: 4/16
[2026.08.25-23.16.50:424][806]MaterialEditorStats: Texture Lookups (Est.): VS(0), PS(2)
[2026.08.25-23.16.50:424][806]MaterialEditorStats: User interpolators: 2/4 Scalars (1/4 Vectors) (TexCoords: 2, Custom: 0)
[2026.08.25-23.16.50:500][814]MaterialEditorStats: Base pass shader: 126 instructions
[2026.08.25-23.16.50:500][814]MaterialEditorStats: Base pass shader with Volumetric Lightmap: 200 instructions
[2026.08.25-23.16.50:500][814]MaterialEditorStats: Base pass vertex shader: 46 instructions
[2026.08.25-23.16.50:500][814]MaterialEditorStats: Texture samplers: 4/16
[2026.08.25-23.16.50:500][814]MaterialEditorStats: Texture Lookups (Est.): VS(0), PS(2)
[2026.08.25-23.16.50:500][814]MaterialEditorStats: User interpolators: 2/4 Scalars (1/4 Vectors) (TexCoords: 2, Custom: 0)
[2026.08.25-23.16.51:853][965]LogMaterial: Display: Missing cached shadermap for Material_001 in PCD3D_SM5, Default, SM5 (DDC key hash: 81534DDDBA050E7F8420DF982B73F1B45E3C126D), compiling. 
[2026.08.25-23.16.51:854][965]LogMaterial: Display: Missing cached shadermap for FMatExpressionPreview MaterialExpressionTextureSample_2 in PCD3D_SM5, Default, SM5 (DDC key hash: 887D18E7C325720FD0955D02C67162800FF6094E), compiling. 
[2026.08.25-23.16.51:857][965]MaterialEditorStats: Texture samplers: 0/16
[2026.08.25-23.16.51:857][965]MaterialEditorStats: Texture Lookups (Est.): VS(0), PS(3)
[2026.08.25-23.16.51:857][965]MaterialEditorStats: User interpolators: 2/4 Scalars (1/4 Vectors) (TexCoords: 2, Custom: 0)
[2026.08.25-23.16.51:865][966]LogShaderCompilers: Display: Submitted 2 shader compile jobs with 'ForceLocal' priority
[2026.08.25-23.16.51:865][966]LogShaderCompilers: Display: Worker (1/13): shaders left to compile 2
[2026.08.25-23.16.51:865][966]LogShaderCompilers: Display: Worker (2/13): shaders left to compile 1
[2026.08.25-23.16.51:865][966]LogShaderCompilers: Display: Started 2 'Local' shader compile jobs with 'ForceLocal' priority
[2026.08.25-23.16.51:873][967]LogShaderCompilers: Display: Submitted 8 shader compile jobs with 'Normal' priority
[2026.08.25-23.16.51:873][967]LogShaderCompilers: Display: Worker (3/13): shaders left to compile 8
[2026.08.25-23.16.51:873][967]LogShaderCompilers: Display: Worker (4/13): shaders left to compile 7
[2026.08.25-23.16.51:873][967]LogShaderCompilers: Display: Worker (5/13): shaders left to compile 6
[2026.08.25-23.16.51:873][967]LogShaderCompilers: Display: Worker (6/13): shaders left to compile 5
[2026.08.25-23.16.51:873][967]LogShaderCompilers: Display: Worker (7/13): shaders left to compile 4
[2026.08.25-23.16.51:873][967]LogShaderCompilers: Display: Worker (8/13): shaders left to compile 3
[2026.08.25-23.16.51:873][967]LogShaderCompilers: Display: Worker (9/13): shaders left to compile 2
[2026.08.25-23.16.51:873][967]LogShaderCompilers: Display: Worker (10/13): shaders left to compile 1
[2026.08.25-23.16.51:873][967]LogShaderCompilers: Display: Started 8 'Local' shader compile jobs with 'Normal' priority
[2026.08.25-23.16.52:377][  1]MaterialEditorStats: Texture samplers: 5/16
[2026.08.25-23.16.52:377][  1]MaterialEditorStats: Texture Lookups (Est.): VS(0), PS(3)
[2026.08.25-23.16.52:377][  1]MaterialEditorStats: User interpolators: 2/4 Scalars (1/4 Vectors) (TexCoords: 2, Custom: 0)
[2026.08.25-23.16.52:474][ 11]MaterialEditorStats: Base pass shader: 128 instructions
[2026.08.25-23.16.52:474][ 11]MaterialEditorStats: Base pass shader with Volumetric Lightmap: 202 instructions
[2026.08.25-23.16.52:474][ 11]MaterialEditorStats: Base pass vertex shader: 46 instructions
[2026.08.25-23.16.52:474][ 11]MaterialEditorStats: Texture samplers: 5/16
[2026.08.25-23.16.52:474][ 11]MaterialEditorStats: Texture Lookups (Est.): VS(0), PS(3)
[2026.08.25-23.16.52:474][ 11]MaterialEditorStats: User interpolators: 2/4 Scalars (1/4 Vectors) (TexCoords: 2, Custom: 0)
[2026.08.25-23.16.53:480][129]LogMaterialEditor: Applying material Material_001
[2026.08.25-23.16.53:677][129]LogMaterial: Display: Missing cached shadermap for Material_001 in PCD3D_SM5, Default, SM5 (DDC key hash: E7CFBA8807748EC74B43D75B5733528386B36E86), compiling. 
[2026.08.25-23.16.53:708][129]LogMaterial: Display: Missing cached shadermap for Material_001 in PCD3D_SM5, Default, SM5 (DDC key hash: BF2B12605033B93AD6FAB571D591C1A8551494A4), compiling. 
[2026.08.25-23.16.53:743][129]LogUObjectHash: Compacting FUObjectHashTables data took   2.08ms
[2026.08.25-23.16.53:748][129]LogShaderCompilers: Display: Submitted 1 shader compile jobs with 'ForceLocal' priority
[2026.08.25-23.16.53:956][129]LogShaderCompilers: Display: Worker (1/13): shaders left to compile 1
[2026.08.25-23.16.53:956][129]LogShaderCompilers: Display: Started 1 'Local' shader compile jobs with 'ForceLocal' priority
[2026.08.25-23.16.53:998][129]LogUObjectHash: Compacting FUObjectHashTables data took   0.42ms
[2026.08.25-23.16.54:005][129]MaterialEditorStats: Texture samplers: 3/16
[2026.08.25-23.16.54:005][129]MaterialEditorStats: Texture Lookups (Est.): VS(0), PS(3)
[2026.08.25-23.16.54:005][129]MaterialEditorStats: User interpolators: 2/4 Scalars (1/4 Vectors) (TexCoords: 2, Custom: 0)
[2026.08.25-23.16.54:018][131]LogShaderCompilers: Display: Submitted 5 shader compile jobs with 'Normal' priority
[2026.08.25-23.16.54:026][131]LogShaderCompilers: Display: Worker (1/13): shaders left to compile 5
[2026.08.25-23.16.54:026][131]LogShaderCompilers: Display: Worker (2/13): shaders left to compile 4
[2026.08.25-23.16.54:026][131]LogShaderCompilers: Display: Worker (3/13): shaders left to compile 3
[2026.08.25-23.16.54:026][131]LogShaderCompilers: Display: Worker (4/13): shaders left to compile 2
[2026.08.25-23.16.54:026][131]LogShaderCompilers: Display: Worker (5/13): shaders left to compile 1
[2026.08.25-23.16.54:026][131]LogShaderCompilers: Display: Started 5 'Local' shader compile jobs with 'Normal' priority
[2026.08.25-23.16.54:031][131]MaterialEditorStats: Texture samplers: 5/16
[2026.08.25-23.16.54:031][131]MaterialEditorStats: Texture Lookups (Est.): VS(0), PS(3)
[2026.08.25-23.16.54:031][131]MaterialEditorStats: User interpolators: 2/4 Scalars (1/4 Vectors) (TexCoords: 2, Custom: 0)
[2026.08.25-23.16.54:374][164]MaterialEditorStats: Texture samplers: 6/16
[2026.08.25-23.16.54:374][164]MaterialEditorStats: Texture Lookups (Est.): VS(0), PS(3)
[2026.08.25-23.16.54:374][164]MaterialEditorStats: User interpolators: 2/4 Scalars (1/4 Vectors) (TexCoords: 2, Custom: 0)
[2026.08.25-23.16.54:385][165]MaterialEditorStats: Base pass shader: 128 instructions
[2026.08.25-23.16.54:385][165]MaterialEditorStats: Base pass shader with Volumetric Lightmap: 202 instructions
[2026.08.25-23.16.54:385][165]MaterialEditorStats: Base pass vertex shader: 46 instructions
[2026.08.25-23.16.54:385][165]MaterialEditorStats: Texture samplers: 6/16
[2026.08.25-23.16.54:385][165]MaterialEditorStats: Texture Lookups (Est.): VS(0), PS(3)
[2026.08.25-23.16.54:385][165]MaterialEditorStats: User interpolators: 2/4 Scalars (1/4 Vectors) (TexCoords: 2, Custom: 0)
[2026.08.25-23.16.56:434][379]LogAssetEditorSubsystem: Opening Asset editor for StaticMesh /Game/Brackeys2026/Objects/Phone/Phone_lowpoly.Phone_lowpoly
[2026.08.25-23.16.56:853][380]LogRenderer: Reallocating scene render targets to support 1432x912 Format 10 NumSamples 1 (Frame:1).
[2026.08.25-23.17.00:931][792]LogAssetEditorSubsystem: Opening Asset editor for StaticMesh /Game/Brackeys2026/Objects/Phone/Phone_lowpoly_002.Phone_lowpoly_002
[2026.08.25-23.17.05:387][119]LogWorld: UWorld::CleanupWorld for World_13, bSessionEnded=true, bCleanupResources=true
[2026.08.25-23.17.05:387][119]LogSlate: InvalidateAllWidgets triggered.  All widgets were invalidated
[2026.08.25-23.17.06:169][198]LogWorld: UWorld::CleanupWorld for World_14, bSessionEnded=true, bCleanupResources=true
[2026.08.25-23.17.06:169][198]LogSlate: InvalidateAllWidgets triggered.  All widgets were invalidated
[2026.08.25-23.17.07:062][290]LogWorld: UWorld::CleanupWorld for World_12, bSessionEnded=true, bCleanupResources=true
[2026.08.25-23.17.07:063][290]LogSlate: InvalidateAllWidgets triggered.  All widgets were invalidated
[2026.08.25-23.17.29:647][824]LogEditorTransaction: Undo Modify Component(s)
[2026.08.25-23.17.34:346][332]BlueprintLog: New page: Compile BP_Phone
[2026.08.25-23.17.34:449][332]LogUObjectHash: Compacting FUObjectHashTables data took   2.83ms
[2026.08.25-23.17.34:951][368]LogSavePackage: Moving 'E:/_Alex's Data/Unreal Engine/Unreal Projects/Brackeys2026/Brackeys-2026/BrackeysJam2026/Saved/BP_Phone2FCB4DE64820A1D1907B528F2073E725.tmp' to 'E:/_Alex's Data/Unreal Engine/Unreal Projects/Brackeys2026/Brackeys-2026/BrackeysJam2026/Content/Brackeys2026/Objects/Phone/BP_Phone.uasset'
[2026.08.25-23.17.34:973][368]AssetCheck: New page: Asset Save: BP_Phone
[2026.08.25-23.17.34:973][368]LogContentValidation: Display: Validating Blueprint /Game/Brackeys2026/Objects/Phone/BP_Phone.BP_Phone
[2026.08.25-23.18.10:573][301]BlueprintLog: New page: Compile BP_Phone
[2026.08.25-23.18.10:657][301]LogUObjectHash: Compacting FUObjectHashTables data took   2.56ms
[2026.08.25-23.18.11:121][340]LogSavePackage: Moving 'E:/_Alex's Data/Unreal Engine/Unreal Projects/Brackeys2026/Brackeys-2026/BrackeysJam2026/Saved/BP_Phone8DA8A3E14C99AF329872AEB40C472BB1.tmp' to 'E:/_Alex's Data/Unreal Engine/Unreal Projects/Brackeys2026/Brackeys-2026/BrackeysJam2026/Content/Brackeys2026/Objects/Phone/BP_Phone.uasset'
[2026.08.25-23.18.11:146][340]AssetCheck: New page: Asset Save: BP_Phone
[2026.08.25-23.18.11:146][340]LogContentValidation: Display: Validating Blueprint /Game/Brackeys2026/Objects/Phone/BP_Phone.BP_Phone
[2026.08.25-23.18.15:202][799]LogEditorViewport: Clicking on Actor (LMB): BP_Phone_C (BP_Phone)
[2026.08.25-23.18.16:960][  7]LogPhysics: Warning: Scale for /Game/Brackeys2026/Levels/Brackeys2026Map.Brackeys2026Map:PersistentLevel.BP_Phone_2.Phone_phone has a component set to zero, which will result in a bad body instance. Scale:X=0.000 Y=0.000 Z=0.000
[2026.08.25-23.18.16:960][  7]LogPhysics: Warning: Initialising Body : Scale3D is (nearly) zero: Component: '/Game/Brackeys2026/Levels/Brackeys2026Map.Brackeys2026Map:PersistentLevel.BP_Phone_2.Phone_phone' 
[2026.08.25-23.18.16:960][  7]LogPhysics: Warning: Scale for /Game/Brackeys2026/Levels/Brackeys2026Map.Brackeys2026Map:PersistentLevel.BP_Phone_2.Phone_screen has a component set to zero, which will result in a bad body instance. Scale:X=0.000 Y=0.000 Z=0.000
[2026.08.25-23.18.16:960][  7]LogPhysics: Warning: Initialising Body : Scale3D is (nearly) zero: Component: '/Game/Brackeys2026/Levels/Brackeys2026Map.Brackeys2026Map:PersistentLevel.BP_Phone_2.Phone_screen' 
[2026.08.25-23.18.16:960][  7]LogPhysics: Warning: Scale for /Game/Brackeys2026/Levels/Brackeys2026Map.Brackeys2026Map:PersistentLevel.BP_Phone_2.Phone_phone has a component set to zero, which will result in a bad body instance. Scale:X=0.000 Y=0.000 Z=0.000
[2026.08.25-23.18.16:960][  7]LogPhysics: Warning: Initialising Body : Scale3D is (nearly) zero: Component: '/Game/Brackeys2026/Levels/Brackeys2026Map.Brackeys2026Map:PersistentLevel.BP_Phone_2.Phone_phone' 
[2026.08.25-23.18.16:960][  7]LogPhysics: Warning: Scale for /Game/Brackeys2026/Levels/Brackeys2026Map.Brackeys2026Map:PersistentLevel.BP_Phone_2.Phone_phone has a component set to zero, which will result in a bad body instance. Scale:X=0.000 Y=0.000 Z=0.000
[2026.08.25-23.18.16:960][  7]LogPhysics: Warning: Initialising Body : Scale3D is (nearly) zero: Component: '/Game/Brackeys2026/Levels/Brackeys2026Map.Brackeys2026Map:PersistentLevel.BP_Phone_2.Phone_phone' 
[2026.08.25-23.18.16:960][  7]LogPhysics: Warning: Scale for /Game/Brackeys2026/Levels/Brackeys2026Map.Brackeys2026Map:PersistentLevel.BP_Phone_2.Phone_screen has a component set to zero, which will result in a bad body instance. Scale:X=0.000 Y=0.000 Z=0.000
[2026.08.25-23.18.16:960][  7]LogPhysics: Warning: Initialising Body : Scale3D is (nearly) zero: Component: '/Game/Brackeys2026/Levels/Brackeys2026Map.Brackeys2026Map:PersistentLevel.BP_Phone_2.Phone_screen' 
[2026.08.25-23.18.16:960][  7]LogPhysics: Warning: Scale for /Game/Brackeys2026/Levels/Brackeys2026Map.Brackeys2026Map:PersistentLevel.BP_Phone_2.Phone_screen has a component set to zero, which will result in a bad body instance. Scale:X=0.000 Y=0.000 Z=0.000
[2026.08.25-23.18.16:960][  7]LogPhysics: Warning: Initialising Body : Scale3D is (nearly) zero: Component: '/Game/Brackeys2026/Levels/Brackeys2026Map.Brackeys2026Map:PersistentLevel.BP_Phone_2.Phone_screen' 
[2026.08.25-23.18.16:967][  8]LogNavigationDirtyArea: Warning: Skipping dirty area creation because of empty bounds (object: StaticMeshComponent /Game/Brackeys2026/Levels/Brackeys2026Map.Brackeys2026Map:PersistentLevel.BP_Phone_2.Phone_phone)
[2026.08.25-23.18.16:967][  8]LogNavigationDirtyArea: Warning: Skipping dirty area creation because of empty bounds (object: StaticMeshComponent /Game/Brackeys2026/Levels/Brackeys2026Map.Brackeys2026Map:PersistentLevel.BP_Phone_2.Phone_screen)
[2026.08.25-23.18.17:234][ 40]LogNavigationDirtyArea: Warning: Skipping dirty area creation because of empty bounds (object: StaticMeshComponent /Game/Brackeys2026/Levels/Brackeys2026Map.Brackeys2026Map:PersistentLevel.BP_Phone_2.Phone_screen)
[2026.08.25-23.18.17:234][ 40]LogNavigationDirtyArea: Warning: Skipping dirty area creation because of empty bounds (object: StaticMeshComponent /Game/Brackeys2026/Levels/Brackeys2026Map.Brackeys2026Map:PersistentLevel.BP_Phone_2.Phone_phone)
[2026.08.25-23.18.24:952][951]LogTemp: Repeating last play command: Selected Viewport
[2026.08.25-23.18.24:964][951]LogPlayLevel: PlayLevel: No blueprints needed recompiling
[2026.08.25-23.18.24:965][951]PIE: New page: PIE session: Brackeys2026Map (Aug 25, 2026, 9:18:24 AM)
[2026.08.25-23.18.24:967][951]LogOnline: OSS: Creating online subsystem instance for: NULL
[2026.08.25-23.18.24:969][951]LogOnline: OSS: TryLoadSubsystemAndSetDefault: Loaded subsystem for module [NULL]
[2026.08.25-23.18.24:969][951]LogPlayLevel: Creating play world package: /Game/Brackeys2026/Levels/UEDPIE_0_Brackeys2026Map
[2026.08.25-23.18.24:972][951]LogPlayLevel: PIE: StaticDuplicateObject took: (0.003345s)
[2026.08.25-23.18.24:973][951]LogAIModule: Creating AISystem for world Brackeys2026Map
[2026.08.25-23.18.24:974][951]LogPlayLevel: PIE: World Init took: (0.001489s)
[2026.08.25-23.18.24:974][951]LogPlayLevel: PIE: Created PIE world by copying editor world from /Game/Brackeys2026/Levels/Brackeys2026Map.Brackeys2026Map to /Game/Brackeys2026/Levels/UEDPIE_0_Brackeys2026Map.Brackeys2026Map (0.004993s)
[2026.08.25-23.18.25:005][951]LogUObjectHash: Compacting FUObjectHashTables data took   2.08ms
[2026.08.25-23.18.25:008][951]LogAudio: Display: Creating Audio Device:                 Id: 2, Scope: Unique, Realtime: True
[2026.08.25-23.18.25:008][951]LogAudioMixer: Display: Audio Mixer Platform Settings:
[2026.08.25-23.18.25:008][951]LogAudioMixer: Display: 	Sample Rate:						  48000
[2026.08.25-23.18.25:008][951]LogAudioMixer: Display: 	Callback Buffer Frame Size Requested: 1024
[2026.08.25-23.18.25:008][951]LogAudioMixer: Display: 	Callback Buffer Frame Size To Use:	  1024
[2026.08.25-23.18.25:008][951]LogAudioMixer: Display: 	Number of buffers to queue:			  2
[2026.08.25-23.18.25:008][951]LogAudioMixer: Display: 	Max Channels (voices):				  32
[2026.08.25-23.18.25:008][951]LogAudioMixer: Display: 	Number of Async Source Workers:		  0
[2026.08.25-23.18.25:008][951]LogAudio: Display: AudioDevice MaxSources: 32
[2026.08.25-23.18.25:009][951]LogAudio: Display: Audio Spatialization Plugin: None (built-in).
[2026.08.25-23.18.25:009][951]LogAudio: Display: Audio Reverb Plugin: None (built-in).
[2026.08.25-23.18.25:009][951]LogAudio: Display: Audio Occlusion Plugin: None (built-in).
[2026.08.25-23.18.25:009][951]LogAudioMixer: Display: Initializing audio mixer.
[2026.08.25-23.18.25:014][951]LogAudioMixer: Display: 0: FrontLeft
[2026.08.25-23.18.25:014][951]LogAudioMixer: Display: 1: FrontRight
[2026.08.25-23.18.25:030][951]LogAudioMixer: Display: Using Audio Device Realtek HD Audio 2nd output (Realtek(R) Audio)
[2026.08.25-23.18.25:032][951]LogAudioMixer: Display: Initializing Sound Submixes...
[2026.08.25-23.18.25:032][951]LogAudioMixer: Display: Creating Master Submix 'MasterSubmixDefault'
[2026.08.25-23.18.25:032][951]LogAudioMixer: Display: Creating Master Submix 'MasterReverbSubmixDefault'
[2026.08.25-23.18.25:032][951]LogAudioMixer: Display: Creating Master Submix 'MasterEQSubmixDefault'
[2026.08.25-23.18.25:032][951]LogAudioMixer: FMixerPlatformXAudio2::StartAudioStream() called
[2026.08.25-23.18.25:032][951]LogAudioMixer: Display: Output buffers initialized: Frames=1024, Channels=2, Samples=2048
[2026.08.25-23.18.25:033][951]LogAudioMixer: Display: Starting AudioMixerPlatformInterface::RunInternal()
[2026.08.25-23.18.25:033][951]LogAudioMixer: Display: FMixerPlatformXAudio2::SubmitBuffer() called for the first time
[2026.08.25-23.18.25:033][951]LogInit: FAudioDevice initialized.
[2026.08.25-23.18.25:033][951]LogAudio: Display: Audio Device (ID: 2) registered with world 'Brackeys2026Map'.
[2026.08.25-23.18.25:043][951]LogLoad: Game class is 'BrackeysGameMode_C'
[2026.08.25-23.18.25:043][951]LogWorld: Bringing World /Game/Brackeys2026/Levels/UEDPIE_0_Brackeys2026Map.Brackeys2026Map up for play (max tick rate 0) at 2026.08.25-16.18.25
[2026.08.25-23.18.25:043][951]LogWorld: Bringing up level for play took: 0.000552
[2026.08.25-23.18.25:043][951]LogOnline: OSS: Creating online subsystem instance for: :Context_16
[2026.08.25-23.18.25:052][951]LogNativeClassHierarchy: Verbose: Native class hierarchy updated for 'MovieSceneCapture' in 0.0004 seconds. Added 20 classes and 0 folders.
[2026.08.25-23.18.25:054][951]LogBlueprintUserMessages: [BP_CoinGun_2] false
[2026.08.25-23.18.25:054][951]LogBlueprintUserMessages: [BP_CoinGun_2] false
[2026.08.25-23.18.25:054][951]LogBlueprintUserMessages: [BP_CoinGun_2] false
[2026.08.25-23.18.25:054][951]LogBlueprintUserMessages: [BP_CoinGun_2] false
[2026.08.25-23.18.25:054][951]LogBlueprintUserMessages: [BP_CoinGun_2] true
[2026.08.25-23.18.25:054][951]LogBlueprintUserMessages: [BP_CoinGun_2] false
[2026.08.25-23.18.25:054][951]PIE: Server logged in
[2026.08.25-23.18.25:057][951]PIE: Play in editor total start time 0.099 seconds.
[2026.08.25-23.18.28:435][327]LogSlate: Updating window title bar state: overlay mode, drag disabled, window buttons hidden, title bar hidden
[2026.08.25-23.18.28:435][327]LogWorld: BeginTearingDown for /Game/Brackeys2026/Levels/UEDPIE_0_Brackeys2026Map
[2026.08.25-23.18.28:435][327]LogWorld: UWorld::CleanupWorld for Brackeys2026Map, bSessionEnded=true, bCleanupResources=true
[2026.08.25-23.18.28:436][327]LogSlate: InvalidateAllWidgets triggered.  All widgets were invalidated
[2026.08.25-23.18.28:448][327]LogPlayLevel: Display: Shutting down PIE online subsystems
[2026.08.25-23.18.28:456][327]LogSlate: InvalidateAllWidgets triggered.  All widgets were invalidated
[2026.08.25-23.18.28:488][327]LogAudio: Display: Audio Device unregistered from world 'None'.
[2026.08.25-23.18.28:490][327]LogAudioMixer: FMixerPlatformXAudio2::StopAudioStream() called
[2026.08.25-23.18.28:492][327]LogAudioMixer: FMixerPlatformXAudio2::StopAudioStream() called
[2026.08.25-23.18.28:493][327]LogSlate: Updating window title bar state: overlay mode, drag disabled, window buttons hidden, title bar hidden
[2026.08.25-23.18.28:529][327]LogUObjectHash: Compacting FUObjectHashTables data took   2.61ms
[2026.08.25-23.18.28:544][328]LogPlayLevel: Display: Destroying online subsystem :Context_16
[2026.08.25-23.18.29:796][461]LogTemp: Repeating last play command: Selected Viewport
[2026.08.25-23.18.29:805][461]LogPlayLevel: PlayLevel: No blueprints needed recompiling
[2026.08.25-23.18.29:806][461]PIE: New page: PIE session: Brackeys2026Map (Aug 25, 2026, 9:18:29 AM)
[2026.08.25-23.18.29:842][461]LogPlayLevel: Creating play world package: /Game/Brackeys2026/Levels/UEDPIE_0_Brackeys2026Map
[2026.08.25-23.18.29:844][461]LogPlayLevel: PIE: StaticDuplicateObject took: (0.001960s)
[2026.08.25-23.18.29:844][461]LogAIModule: Creating AISystem for world Brackeys2026Map
[2026.08.25-23.18.29:844][461]LogPlayLevel: PIE: World Init took: (0.000877s)
[2026.08.25-23.18.29:844][461]LogPlayLevel: PIE: Created PIE world by copying editor world from /Game/Brackeys2026/Levels/Brackeys2026Map.Brackeys2026Map to /Game/Brackeys2026/Levels/UEDPIE_0_Brackeys2026Map.Brackeys2026Map (0.003027s)
[2026.08.25-23.18.29:896][461]LogUObjectHash: Compacting FUObjectHashTables data took   2.73ms
[2026.08.25-23.18.29:898][461]LogAudio: Display: Creating Audio Device:                 Id: 3, Scope: Unique, Realtime: True
[2026.08.25-23.18.29:898][461]LogAudioMixer: Display: Audio Mixer Platform Settings:
[2026.08.25-23.18.29:898][461]LogAudioMixer: Display: 	Sample Rate:						  48000
[2026.08.25-23.18.29:898][461]LogAudioMixer: Display: 	Callback Buffer Frame Size Requested: 1024
[2026.08.25-23.18.29:898][461]LogAudioMixer: Display: 	Callback Buffer Frame Size To Use:	  1024
[2026.08.25-23.18.29:898][461]LogAudioMixer: Display: 	Number of buffers to queue:			  2
[2026.08.25-23.18.29:898][461]LogAudioMixer: Display: 	Max Channels (voices):				  32
[2026.08.25-23.18.29:898][461]LogAudioMixer: Display: 	Number of Async Source Workers:		  0
[2026.08.25-23.18.29:898][461]LogAudio: Display: AudioDevice MaxSources: 32
[2026.08.25-23.18.29:898][461]LogAudio: Display: Audio Spatialization Plugin: None (built-in).
[2026.08.25-23.18.29:898][461]LogAudio: Display: Audio Reverb Plugin: None (built-in).
[2026.08.25-23.18.29:898][461]LogAudio: Display: Audio Occlusion Plugin: None (built-in).
[2026.08.25-23.18.29:898][461]LogAudioMixer: Display: Initializing audio mixer.
[2026.08.25-23.18.29:903][461]LogAudioMixer: Display: 0: FrontLeft
[2026.08.25-23.18.29:903][461]LogAudioMixer: Display: 1: FrontRight
[2026.08.25-23.18.29:916][461]LogAudioMixer: Display: Using Audio Device Realtek HD Audio 2nd output (Realtek(R) Audio)
[2026.08.25-23.18.29:917][461]LogAudioMixer: Display: Initializing Sound Submixes...
[2026.08.25-23.18.29:917][461]LogAudioMixer: Display: Creating Master Submix 'MasterSubmixDefault'
[2026.08.25-23.18.29:917][461]LogAudioMixer: Display: Creating Master Submix 'MasterReverbSubmixDefault'
[2026.08.25-23.18.29:917][461]LogAudioMixer: Display: Creating Master Submix 'MasterEQSubmixDefault'
[2026.08.25-23.18.29:917][461]LogAudioMixer: FMixerPlatformXAudio2::StartAudioStream() called
[2026.08.25-23.18.29:917][461]LogAudioMixer: Display: Output buffers initialized: Frames=1024, Channels=2, Samples=2048
[2026.08.25-23.18.29:918][461]LogAudioMixer: Display: Starting AudioMixerPlatformInterface::RunInternal()
[2026.08.25-23.18.29:918][461]LogAudioMixer: Display: FMixerPlatformXAudio2::SubmitBuffer() called for the first time
[2026.08.25-23.18.29:918][461]LogInit: FAudioDevice initialized.
[2026.08.25-23.18.29:918][461]LogAudio: Display: Audio Device (ID: 3) registered with world 'Brackeys2026Map'.
[2026.08.25-23.18.29:927][461]LogLoad: Game class is 'BrackeysGameMode_C'
[2026.08.25-23.18.29:928][461]LogWorld: Bringing World /Game/Brackeys2026/Levels/UEDPIE_0_Brackeys2026Map.Brackeys2026Map up for play (max tick rate 0) at 2026.08.25-16.18.29
[2026.08.25-23.18.29:928][461]LogWorld: Bringing up level for play took: 0.000578
[2026.08.25-23.18.29:928][461]LogOnline: OSS: Creating online subsystem instance for: :Context_17
[2026.08.25-23.18.29:930][461]LogBlueprintUserMessages: [BP_CoinGun_2] false
[2026.08.25-23.18.29:930][461]LogBlueprintUserMessages: [BP_CoinGun_2] true
[2026.08.25-23.18.29:930][461]LogBlueprintUserMessages: [BP_CoinGun_2] false
[2026.08.25-23.18.29:930][461]LogBlueprintUserMessages: [BP_CoinGun_2] false
[2026.08.25-23.18.29:930][461]LogBlueprintUserMessages: [BP_CoinGun_2] false
[2026.08.25-23.18.29:930][461]LogBlueprintUserMessages: [BP_CoinGun_2] false
[2026.08.25-23.18.29:931][461]PIE: Server logged in
[2026.08.25-23.18.29:931][461]PIE: Play in editor total start time 0.129 seconds.
[2026.08.25-23.18.34:917][ 52]LogSlate: Updating window title bar state: overlay mode, drag disabled, window buttons hidden, title bar hidden
[2026.08.25-23.18.34:917][ 52]LogWorld: BeginTearingDown for /Game/Brackeys2026/Levels/UEDPIE_0_Brackeys2026Map
[2026.08.25-23.18.34:917][ 52]LogWorld: UWorld::CleanupWorld for Brackeys2026Map, bSessionEnded=true, bCleanupResources=true
[2026.08.25-23.18.34:918][ 52]LogSlate: InvalidateAllWidgets triggered.  All widgets were invalidated
[2026.08.25-23.18.34:926][ 52]LogPlayLevel: Display: Shutting down PIE online subsystems
[2026.08.25-23.18.34:934][ 52]LogSlate: InvalidateAllWidgets triggered.  All widgets were invalidated
[2026.08.25-23.18.34:958][ 52]LogAudio: Display: Audio Device unregistered from world 'None'.
[2026.08.25-23.18.34:958][ 52]LogAudioMixer: FMixerPlatformXAudio2::StopAudioStream() called
[2026.08.25-23.18.34:960][ 52]LogAudioMixer: FMixerPlatformXAudio2::StopAudioStream() called
[2026.08.25-23.18.34:963][ 52]LogSlate: Updating window title bar state: overlay mode, drag disabled, window buttons hidden, title bar hidden
[2026.08.25-23.18.34:965][ 52]LogUObjectHash: Compacting FUObjectHashTables data took   1.46ms
[2026.08.25-23.18.34:979][ 53]LogPlayLevel: Display: Destroying online subsystem :Context_17
[2026.08.25-23.18.45:508][274]LogContentBrowser: Deferred new asset file creation: Material_002
[2026.08.25-23.18.45:540][274]LogContentBrowser: Creating deferred item: Material_002
[2026.08.25-23.18.48:020][569]LogContentBrowser: Attempting asset rename: Material_002 -> Material_002
[2026.08.25-23.18.48:025][569]LogMaterial: Display: Missing cached shadermap for Material_002 in PCD3D_SM5, Default, SM5 (DDC key hash: C19D02DFCDD7E7FA500691FE15DF358B0702E0E6), compiling. 
[2026.08.25-23.18.48:032][569]LogShaderCompilers: Display: Submitted 16 shader compile jobs with 'Low' priority
[2026.08.25-23.18.48:033][569]LogContentBrowser: End creating deferred item Material_002
[2026.08.25-23.18.48:042][570]LogShaderCompilers: Display: Worker (1/13): shaders left to compile 16
[2026.08.25-23.18.48:042][570]LogShaderCompilers: Display: Worker (2/13): shaders left to compile 14
[2026.08.25-23.18.48:042][570]LogShaderCompilers: Display: Worker (3/13): shaders left to compile 12
[2026.08.25-23.18.48:042][570]LogShaderCompilers: Display: Worker (4/13): shaders left to compile 10
[2026.08.25-23.18.48:042][570]LogShaderCompilers: Display: Worker (5/13): shaders left to compile 8
[2026.08.25-23.18.48:043][570]LogShaderCompilers: Display: Worker (6/13): shaders left to compile 6
[2026.08.25-23.18.48:043][570]LogShaderCompilers: Display: Worker (7/13): shaders left to compile 4
[2026.08.25-23.18.48:043][570]LogShaderCompilers: Display: Worker (8/13): shaders left to compile 2
[2026.08.25-23.18.48:043][570]LogShaderCompilers: Display: Started 16 'Local' shader compile jobs with 'Low' priority
[2026.08.25-23.18.49:285][681]LogAssetEditorSubsystem: Opening Asset editor for Material /Game/Brackeys2026/Objects/Phone/Material_002.Material_002
[2026.08.25-23.18.49:286][681]LogMaterial: Display: Missing cached shadermap for Material_002 in PCD3D_SM5, Default, SM5 (DDC key hash: 4B05B88CE8B6125BF5941221419051DFADB5784F), compiling. 
[2026.08.25-23.18.49:352][681]LogMaterial: Display: Missing cached shadermap for Material_002 in PCD3D_SM5, Default, SM5 (DDC key hash: BB8365B1C541D3F708FA08D6B7C6A35EA6E2050D), compiling. 
[2026.08.25-23.18.49:354][681]LogMaterial: Display: Missing cached shadermap for Material_002 in PCD3D_SM5, Default, SM5 (DDC key hash: 1FE117FDB78F85C49123DA6D164B16AD817965C5), compiling. 
[2026.08.25-23.18.49:355][681]LogMaterial: Display: Missing cached shadermap for FMatExpressionPreview MaterialExpressionTextureSample_0 in PCD3D_SM5, Default, SM5 (DDC key hash: 465600CA2DA1F7F36DE4D1B77B1332875DE0E86C), compiling. 
[2026.08.25-23.18.49:356][681]LogMaterial: Display: Missing cached shadermap for FMatExpressionPreview MaterialExpressionTextureSample_2 in PCD3D_SM5, Default, SM5 (DDC key hash: A4EBCAA61C72D5857694DA7916817E01C8026993), compiling. 
[2026.08.25-23.18.49:357][681]LogMaterial: Display: Missing cached shadermap for FMatExpressionPreview MaterialExpressionTextureSample_1 in PCD3D_SM5, Default, SM5 (DDC key hash: E020BCEC80BF299005B5C7292A9F05B9E69DD0B1), compiling. 
[2026.08.25-23.18.49:357][681]LogMaterial: Display: Missing cached shadermap for FMatExpressionPreview MaterialExpressionVectorParameter_0 in PCD3D_SM5, Default, SM5 (DDC key hash: E8DEC588BB42FD9F5A238A2789CF67A435746EFF), compiling. 
[2026.08.25-23.18.49:378][681]MaterialEditorStats: Texture samplers: 0/16
[2026.08.25-23.18.49:378][681]MaterialEditorStats: Texture Lookups (Est.): VS(0), PS(3)
[2026.08.25-23.18.49:378][681]MaterialEditorStats: User interpolators: 2/4 Scalars (1/4 Vectors) (TexCoords: 2, Custom: 0)
[2026.08.25-23.18.49:421][682]LogShaderCompilers: Display: Submitted 2 shader compile jobs with 'ForceLocal' priority
[2026.08.25-23.18.49:421][682]LogShaderCompilers: Display: Submitted 8 shader compile jobs with 'Normal' priority
[2026.08.25-23.18.49:421][682]LogShaderCompilers: Display: Worker (1/13): shaders left to compile 2
[2026.08.25-23.18.49:421][682]LogShaderCompilers: Display: Worker (2/13): shaders left to compile 1
[2026.08.25-23.18.49:421][682]LogShaderCompilers: Display: Worker (3/13): shaders left to compile 8
[2026.08.25-23.18.49:421][682]LogShaderCompilers: Display: Worker (4/13): shaders left to compile 7
[2026.08.25-23.18.49:421][682]LogShaderCompilers: Display: Worker (5/13): shaders left to compile 6
[2026.08.25-23.18.49:421][682]LogShaderCompilers: Display: Worker (6/13): shaders left to compile 5
[2026.08.25-23.18.49:421][682]LogShaderCompilers: Display: Worker (7/13): shaders left to compile 4
[2026.08.25-23.18.49:421][682]LogShaderCompilers: Display: Worker (8/13): shaders left to compile 3
[2026.08.25-23.18.49:421][682]LogShaderCompilers: Display: Worker (9/13): shaders left to compile 2
[2026.08.25-23.18.49:421][682]LogShaderCompilers: Display: Worker (10/13): shaders left to compile 1
[2026.08.25-23.18.49:421][682]LogShaderCompilers: Display: Started 8 'Local' shader compile jobs with 'Normal' priority
[2026.08.25-23.18.49:421][682]LogShaderCompilers: Display: Started 2 'Local' shader compile jobs with 'ForceLocal' priority
[2026.08.25-23.18.49:450][684]LogShaderCompilers: Display: Submitted 2 shader compile jobs with 'ForceLocal' priority
[2026.08.25-23.18.49:467][685]LogShaderCompilers: Display: Worker (11/13): shaders left to compile 2
[2026.08.25-23.18.49:467][685]LogShaderCompilers: Display: Worker (12/13): shaders left to compile 1
[2026.08.25-23.18.49:467][685]LogShaderCompilers: Display: Started 2 'Local' shader compile jobs with 'ForceLocal' priority
[2026.08.25-23.18.49:478][686]LogShaderCompilers: Display: Submitted 2 shader compile jobs with 'ForceLocal' priority
[2026.08.25-23.18.49:720][704]LogShaderCompilers: Display: Worker (3/13): shaders left to compile 2
[2026.08.25-23.18.49:721][704]LogShaderCompilers: Display: Started 1 'Local' shader compile jobs with 'ForceLocal' priority
[2026.08.25-23.18.49:778][708]LogShaderCompilers: Display: Worker (2/13): shaders left to compile 1
[2026.08.25-23.18.49:778][708]LogShaderCompilers: Display: Started 1 'Local' shader compile jobs with 'ForceLocal' priority
[2026.08.25-23.18.49:907][716]MaterialEditorStats: Texture samplers: 5/16
[2026.08.25-23.18.49:907][716]MaterialEditorStats: Texture Lookups (Est.): VS(0), PS(3)
[2026.08.25-23.18.49:907][716]MaterialEditorStats: User interpolators: 2/4 Scalars (1/4 Vectors) (TexCoords: 2, Custom: 0)
[2026.08.25-23.18.50:100][735]MaterialEditorStats: Base pass shader: 128 instructions
[2026.08.25-23.18.50:100][735]MaterialEditorStats: Base pass shader with Volumetric Lightmap: 202 instructions
[2026.08.25-23.18.50:100][735]MaterialEditorStats: Base pass vertex shader: 46 instructions
[2026.08.25-23.18.50:100][735]MaterialEditorStats: Texture samplers: 5/16
[2026.08.25-23.18.50:100][735]MaterialEditorStats: Texture Lookups (Est.): VS(0), PS(3)
[2026.08.25-23.18.50:100][735]MaterialEditorStats: User interpolators: 2/4 Scalars (1/4 Vectors) (TexCoords: 2, Custom: 0)
[2026.08.25-23.18.54:818][288]LogMaterial: Display: Missing cached shadermap for Material_002 in PCD3D_SM5, Default, SM5 (DDC key hash: 1C32CDECC2CA23EC32C5C553446CD52B4D9FAE4D), compiling. 
[2026.08.25-23.18.54:819][288]LogMaterial: Display: Missing cached shadermap for FMatExpressionPreview MaterialExpressionVectorParameter_0 in PCD3D_SM5, Default, SM5 (DDC key hash: E5DAFAAAEED0CF0A97875C982D1106F6FE5FD146), compiling. 
[2026.08.25-23.18.54:822][288]MaterialEditorStats: Texture samplers: 0/16
[2026.08.25-23.18.54:822][288]MaterialEditorStats: Texture Lookups (Est.): VS(0), PS(3)
[2026.08.25-23.18.54:822][288]MaterialEditorStats: User interpolators: 2/4 Scalars (1/4 Vectors) (TexCoords: 2, Custom: 0)
[2026.08.25-23.18.54:827][289]LogShaderCompilers: Display: Submitted 2 shader compile jobs with 'ForceLocal' priority
[2026.08.25-23.18.54:835][290]LogShaderCompilers: Display: Submitted 8 shader compile jobs with 'Normal' priority
[2026.08.25-23.18.54:835][290]LogShaderCompilers: Display: Worker (1/13): shaders left to compile 2
[2026.08.25-23.18.54:835][290]LogShaderCompilers: Display: Worker (2/13): shaders left to compile 1
[2026.08.25-23.18.54:835][290]LogShaderCompilers: Display: Worker (3/13): shaders left to compile 8
[2026.08.25-23.18.54:835][290]LogShaderCompilers: Display: Worker (4/13): shaders left to compile 7
[2026.08.25-23.18.54:835][290]LogShaderCompilers: Display: Worker (5/13): shaders left to compile 6
[2026.08.25-23.18.54:835][290]LogShaderCompilers: Display: Worker (6/13): shaders left to compile 5
[2026.08.25-23.18.54:835][290]LogShaderCompilers: Display: Worker (7/13): shaders left to compile 4
[2026.08.25-23.18.54:835][290]LogShaderCompilers: Display: Worker (8/13): shaders left to compile 3
[2026.08.25-23.18.54:835][290]LogShaderCompilers: Display: Worker (9/13): shaders left to compile 2
[2026.08.25-23.18.54:835][290]LogShaderCompilers: Display: Worker (10/13): shaders left to compile 1
[2026.08.25-23.18.54:835][290]LogShaderCompilers: Display: Started 8 'Local' shader compile jobs with 'Normal' priority
[2026.08.25-23.18.54:835][290]LogShaderCompilers: Display: Started 2 'Local' shader compile jobs with 'ForceLocal' priority
[2026.08.25-23.18.55:252][321]MaterialEditorStats: Texture samplers: 5/16
[2026.08.25-23.18.55:252][321]MaterialEditorStats: Texture Lookups (Est.): VS(0), PS(3)
[2026.08.25-23.18.55:252][321]MaterialEditorStats: User interpolators: 2/4 Scalars (1/4 Vectors) (TexCoords: 2, Custom: 0)
[2026.08.25-23.18.55:325][328]MaterialEditorStats: Base pass shader: 129 instructions
[2026.08.25-23.18.55:325][328]MaterialEditorStats: Base pass shader with Volumetric Lightmap: 203 instructions
[2026.08.25-23.18.55:325][328]MaterialEditorStats: Base pass vertex shader: 46 instructions
[2026.08.25-23.18.55:325][328]MaterialEditorStats: Texture samplers: 5/16
[2026.08.25-23.18.55:325][328]MaterialEditorStats: Texture Lookups (Est.): VS(0), PS(3)
[2026.08.25-23.18.55:325][328]MaterialEditorStats: User interpolators: 2/4 Scalars (1/4 Vectors) (TexCoords: 2, Custom: 0)
[2026.08.25-23.18.59:594][822]LogMaterial: Display: Missing cached shadermap for Material_002 in PCD3D_SM5, Default, SM5 (DDC key hash: 5E79D4C0CF232489A380B72A9C3C732FA3A45869), compiling. 
[2026.08.25-23.18.59:598][822]LogMaterial: Display: Missing cached shadermap for FMatExpressionPreview MaterialExpressionVectorParameter_0 in PCD3D_SM5, Default, SM5 (DDC key hash: 94F0103813B9A587C4F5A8E6F95E3E31CE678E70), compiling. 
[2026.08.25-23.18.59:599][822]LogMaterial: Display: Missing cached shadermap for FMatExpressionPreview MaterialExpressionTextureSample_0 in PCD3D_SM5, Default, SM5 (DDC key hash: 4027402B7B92C08B48FA9F43D8A60AB002CBC5C6), compiling. 
[2026.08.25-23.18.59:600][822]LogMaterial: Display: Missing cached shadermap for FMatExpressionPreview MaterialExpressionTextureSample_2 in PCD3D_SM5, Default, SM5 (DDC key hash: 4F07DB479535F9B972B5B738DDF76932FCA27F4B), compiling. 
[2026.08.25-23.18.59:600][822]LogMaterial: Display: Missing cached shadermap for FMatExpressionPreview MaterialExpressionTextureSample_1 in PCD3D_SM5, Default, SM5 (DDC key hash: 55F5D08A3D8E8D489061AA4A04D732167A6A39ED), compiling. 
[2026.08.25-23.18.59:601][822]LogMaterial: Display: Missing cached shadermap for FMatExpressionPreview MaterialExpressionVectorParameter_0 in PCD3D_SM5, Default, SM5 (DDC key hash: CAA2387849B928221920C89C452F119943F9982B), compiling. 
[2026.08.25-23.18.59:602][822]LogMaterial: Display: Missing cached shadermap for Material_002 in PCD3D_SM5, Default, SM5 (DDC key hash: 2347235E0FE01B4D91F56D0F4A562AE129E8D5FE), compiling. 
[2026.08.25-23.18.59:603][822]LogMaterial: Display: Missing cached shadermap for FMatExpressionPreview MaterialExpressionTextureSample_0 in PCD3D_SM5, Default, SM5 (DDC key hash: 819EAAE459739C5BBD985B3AF592B19CD65B624D), compiling. 
[2026.08.25-23.18.59:605][822]LogMaterial: Display: Missing cached shadermap for FMatExpressionPreview MaterialExpressionTextureSample_2 in PCD3D_SM5, Default, SM5 (DDC key hash: 4DCE0733445F1D44B321F4D3014A9C83F623EAD9), compiling. 
[2026.08.25-23.18.59:606][822]LogMaterial: Display: Missing cached shadermap for FMatExpressionPreview MaterialExpressionTextureSample_1 in PCD3D_SM5, Default, SM5 (DDC key hash: 1DEDF3D2686D4DAA64B97E0CCE7F67F9EC04A4C1), compiling. 
[2026.08.25-23.18.59:606][822]LogMaterial: Display: Missing cached shadermap for FMatExpressionPreview MaterialExpressionVectorParameter_0 in PCD3D_SM5, Default, SM5 (DDC key hash: 9600DA234A44F76C43840EA69FD982C45906E44E), compiling. 
[2026.08.25-23.18.59:607][822]LogMaterial: Display: Missing cached shadermap for Material_002 in PCD3D_SM5, Default, SM5 (DDC key hash: 5A7A12D511EB62FA018375CED6FEC887288AA8A4), compiling. 
[2026.08.25-23.18.59:608][822]LogSlate: Window 'Color Picker' being destroyed
[2026.08.25-23.18.59:618][822]MaterialEditorStats: Texture samplers: 0/16
[2026.08.25-23.18.59:618][822]MaterialEditorStats: Texture Lookups (Est.): VS(0), PS(3)
[2026.08.25-23.18.59:618][822]MaterialEditorStats: User interpolators: 2/4 Scalars (1/4 Vectors) (TexCoords: 2, Custom: 0)
[2026.08.25-23.18.59:637][824]MaterialEditorStats: Texture samplers: 5/16
[2026.08.25-23.18.59:637][824]MaterialEditorStats: Texture Lookups (Est.): VS(0), PS(3)
[2026.08.25-23.18.59:637][824]MaterialEditorStats: User interpolators: 2/4 Scalars (1/4 Vectors) (TexCoords: 2, Custom: 0)
[2026.08.25-23.18.59:653][825]MaterialEditorStats: Base pass shader: 129 instructions
[2026.08.25-23.18.59:653][825]MaterialEditorStats: Base pass shader with Volumetric Lightmap: 203 instructions
[2026.08.25-23.18.59:653][825]MaterialEditorStats: Base pass vertex shader: 46 instructions
[2026.08.25-23.18.59:653][825]MaterialEditorStats: Texture samplers: 5/16
[2026.08.25-23.18.59:653][825]MaterialEditorStats: Texture Lookups (Est.): VS(0), PS(3)
[2026.08.25-23.18.59:653][825]MaterialEditorStats: User interpolators: 2/4 Scalars (1/4 Vectors) (TexCoords: 2, Custom: 0)
[2026.08.25-23.19.04:794][431]LogMaterialEditor: Applying material Material_002
[2026.08.25-23.19.04:985][431]LogMaterial: Display: Missing cached shadermap for Material_002 in PCD3D_SM5, Default, SM5 (DDC key hash: 319235572C0A6E91B13ABF8852D42A34E36A7263), compiling. 
[2026.08.25-23.19.05:008][431]LogMaterial: Display: Missing cached shadermap for Material_002 in PCD3D_SM5, Default, SM5 (DDC key hash: 79E8C33A6292B9A152961126EEC382310E9AEC68), compiling. 
[2026.08.25-23.19.05:042][431]LogUObjectHash: Compacting FUObjectHashTables data took   2.03ms
[2026.08.25-23.19.05:047][431]LogShaderCompilers: Display: Submitted 1 shader compile jobs with 'ForceLocal' priority
[2026.08.25-23.19.05:253][431]LogShaderCompilers: Display: Worker (1/13): shaders left to compile 1
[2026.08.25-23.19.05:253][431]LogShaderCompilers: Display: Started 1 'Local' shader compile jobs with 'ForceLocal' priority
[2026.08.25-23.19.05:292][431]LogUObjectHash: Compacting FUObjectHashTables data took   0.49ms
[2026.08.25-23.19.05:298][431]MaterialEditorStats: Texture samplers: 3/16
[2026.08.25-23.19.05:298][431]MaterialEditorStats: Texture Lookups (Est.): VS(0), PS(3)
[2026.08.25-23.19.05:298][431]MaterialEditorStats: User interpolators: 2/4 Scalars (1/4 Vectors) (TexCoords: 2, Custom: 0)
[2026.08.25-23.19.05:312][433]LogShaderCompilers: Display: Submitted 5 shader compile jobs with 'Normal' priority
[2026.08.25-23.19.05:324][433]LogShaderCompilers: Display: Worker (1/13): shaders left to compile 5
[2026.08.25-23.19.05:324][433]LogShaderCompilers: Display: Worker (2/13): shaders left to compile 4
[2026.08.25-23.19.05:324][433]LogShaderCompilers: Display: Worker (3/13): shaders left to compile 3
[2026.08.25-23.19.05:324][433]LogShaderCompilers: Display: Worker (4/13): shaders left to compile 2
[2026.08.25-23.19.05:324][433]LogShaderCompilers: Display: Worker (5/13): shaders left to compile 1
[2026.08.25-23.19.05:324][433]LogShaderCompilers: Display: Started 5 'Local' shader compile jobs with 'Normal' priority
[2026.08.25-23.19.05:324][433]MaterialEditorStats: Texture samplers: 5/16
[2026.08.25-23.19.05:324][433]MaterialEditorStats: Texture Lookups (Est.): VS(0), PS(3)
[2026.08.25-23.19.05:324][433]MaterialEditorStats: User interpolators: 2/4 Scalars (1/4 Vectors) (TexCoords: 2, Custom: 0)
[2026.08.25-23.19.05:697][468]MaterialEditorStats: Base pass shader: 129 instructions
[2026.08.25-23.19.05:697][468]MaterialEditorStats: Base pass shader with Volumetric Lightmap: 203 instructions
[2026.08.25-23.19.05:697][468]MaterialEditorStats: Base pass vertex shader: 46 instructions
[2026.08.25-23.19.05:697][468]MaterialEditorStats: Texture samplers: 6/16
[2026.08.25-23.19.05:697][468]MaterialEditorStats: Texture Lookups (Est.): VS(0), PS(3)
[2026.08.25-23.19.05:697][468]MaterialEditorStats: User interpolators: 2/4 Scalars (1/4 Vectors) (TexCoords: 2, Custom: 0)
[2026.08.25-23.19.12:977][109]LogEditorTransaction: Undo Replace component used material
[2026.08.25-23.19.12:988][109]LogMaterial: Display: Missing cached shadermap for Material_002 in PCD3D_SM5, Default, SM5 (DDC key hash: A89CE93E1AE4DB00CE66297A025E94E7329F88C3), compiling. 
[2026.08.25-23.19.12:998][109]MaterialEditorStats: Texture samplers: 0/16
[2026.08.25-23.19.12:998][109]MaterialEditorStats: Texture Lookups (Est.): VS(0), PS(3)
[2026.08.25-23.19.12:998][109]MaterialEditorStats: User interpolators: 2/4 Scalars (1/4 Vectors) (TexCoords: 2, Custom: 0)
[2026.08.25-23.19.13:113][112]MaterialEditorStats: Base pass shader: 129 instructions
[2026.08.25-23.19.13:113][112]MaterialEditorStats: Base pass shader with Volumetric Lightmap: 203 instructions
[2026.08.25-23.19.13:113][112]MaterialEditorStats: Base pass vertex shader: 46 instructions
[2026.08.25-23.19.13:113][112]MaterialEditorStats: Texture samplers: 5/16
[2026.08.25-23.19.13:113][112]MaterialEditorStats: Texture Lookups (Est.): VS(0), PS(3)
[2026.08.25-23.19.13:113][112]MaterialEditorStats: User interpolators: 2/4 Scalars (1/4 Vectors) (TexCoords: 2, Custom: 0)
[2026.08.25-23.19.31:060][ 23]LogMaterial: Display: Missing cached shadermap for Material_002 in PCD3D_SM5, Default, SM5 (DDC key hash: C6686ED978AB5259A30E1FEB4F76B02715DF3F10), compiling. 
[2026.08.25-23.19.31:062][ 23]LogMaterial: Display: Missing cached shadermap for Material_002 in PCD3D_SM5, Default, SM5 (DDC key hash: 1840B514ADA338897A3BD0AE68E3DE29DD921836), compiling. 
[2026.08.25-23.19.31:064][ 23]LogMaterial: Display: Missing cached shadermap for FMatExpressionPreview MaterialExpressionVectorParameter_0 in PCD3D_SM5, Default, SM5 (DDC key hash: B263D099A77E3D4FED0AA516827FFD216421390C), compiling. 
[2026.08.25-23.19.31:066][ 23]MaterialEditorStats: Texture samplers: 0/16
[2026.08.25-23.19.31:066][ 23]MaterialEditorStats: Texture Lookups (Est.): VS(0), PS(3)
[2026.08.25-23.19.31:066][ 23]MaterialEditorStats: User interpolators: 2/4 Scalars (1/4 Vectors) (TexCoords: 2, Custom: 0)
[2026.08.25-23.19.31:097][ 24]LogShaderCompilers: Display: === FShaderJobCache stats ===
[2026.08.25-23.19.31:097][ 24]LogShaderCompilers: Display: Total job queries 378, among them cache hits 244 (64.55%)
[2026.08.25-23.19.31:097][ 24]LogShaderCompilers: Display: Tracking 132 distinct input hashes that result in 70 distinct outputs (53.03%)
[2026.08.25-23.19.31:097][ 24]LogShaderCompilers: Display: RAM used: 0.41 MB (0.00 GB) of 1638.40 MB (1.60 GB) budget. Usage: 0.02%
[2026.08.25-23.19.31:097][ 24]LogShaderCompilers: Display: ================================================
[2026.08.25-23.19.31:102][ 25]MaterialEditorStats: Base pass shader: 129 instructions
[2026.08.25-23.19.31:102][ 25]MaterialEditorStats: Base pass shader with Volumetric Lightmap: 203 instructions
[2026.08.25-23.19.31:102][ 25]MaterialEditorStats: Base pass vertex shader: 46 instructions
[2026.08.25-23.19.31:102][ 25]MaterialEditorStats: Texture samplers: 5/16
[2026.08.25-23.19.31:102][ 25]MaterialEditorStats: Texture Lookups (Est.): VS(0), PS(3)
[2026.08.25-23.19.31:102][ 25]MaterialEditorStats: User interpolators: 2/4 Scalars (1/4 Vectors) (TexCoords: 2, Custom: 0)
[2026.08.25-23.19.33:053][256]LogMaterial: Display: Missing cached shadermap for Material_002 in PCD3D_SM5, Default, SM5 (DDC key hash: FDEBA0217CF2CF751C4026A4173F2C48E5D965AC), compiling. 
[2026.08.25-23.19.33:055][256]MaterialEditorStats: Texture samplers: 0/16
[2026.08.25-23.19.33:055][256]MaterialEditorStats: Texture Lookups (Est.): VS(0), PS(3)
[2026.08.25-23.19.33:055][256]MaterialEditorStats: User interpolators: 2/4 Scalars (1/4 Vectors) (TexCoords: 2, Custom: 0)
[2026.08.25-23.19.33:089][258]MaterialEditorStats: Base pass shader: 128 instructions
[2026.08.25-23.19.33:089][258]MaterialEditorStats: Base pass shader with Volumetric Lightmap: 202 instructions
[2026.08.25-23.19.33:089][258]MaterialEditorStats: Base pass vertex shader: 46 instructions
[2026.08.25-23.19.33:089][258]MaterialEditorStats: Texture samplers: 5/16
[2026.08.25-23.19.33:089][258]MaterialEditorStats: Texture Lookups (Est.): VS(0), PS(3)
[2026.08.25-23.19.33:089][258]MaterialEditorStats: User interpolators: 2/4 Scalars (1/4 Vectors) (TexCoords: 2, Custom: 0)
[2026.08.25-23.19.35:411][524]LogMaterial: Display: Missing cached shadermap for Material_002 in PCD3D_SM5, Default, SM5 (DDC key hash: 1E680E48F2D9CE76A0B3F08C704560E03AC7D4BB), compiling. 
[2026.08.25-23.19.35:413][524]LogMaterial: Display: Missing cached shadermap for Material_002 in PCD3D_SM5, Default, SM5 (DDC key hash: 0A63CAF06F879A5940CF4F360E66DE5D2BE73832), compiling. 
[2026.08.25-23.19.35:414][524]LogMaterial: Display: Missing cached shadermap for FMatExpressionPreview MaterialExpressionVectorParameter_0 in PCD3D_SM5, Default, SM5 (DDC key hash: 73A43B4D8CB53508666178888F67765464221998), compiling. 
[2026.08.25-23.19.35:417][524]MaterialEditorStats: Texture samplers: 0/16
[2026.08.25-23.19.35:417][524]MaterialEditorStats: Texture Lookups (Est.): VS(0), PS(3)
[2026.08.25-23.19.35:417][524]MaterialEditorStats: User interpolators: 2/4 Scalars (1/4 Vectors) (TexCoords: 2, Custom: 0)
[2026.08.25-23.19.35:444][526]MaterialEditorStats: Base pass shader: 128 instructions
[2026.08.25-23.19.35:444][526]MaterialEditorStats: Base pass shader with Volumetric Lightmap: 202 instructions
[2026.08.25-23.19.35:444][526]MaterialEditorStats: Base pass vertex shader: 46 instructions
[2026.08.25-23.19.35:444][526]MaterialEditorStats: Texture samplers: 5/16
[2026.08.25-23.19.35:444][526]MaterialEditorStats: Texture Lookups (Est.): VS(0), PS(3)
[2026.08.25-23.19.35:444][526]MaterialEditorStats: User interpolators: 2/4 Scalars (1/4 Vectors) (TexCoords: 2, Custom: 0)
[2026.08.25-23.19.37:176][724]LogMaterial: Display: Missing cached shadermap for Material_002 in PCD3D_SM5, Default, SM5 (DDC key hash: 5DF32B30BAE91D59973773E557E216250CA2D933), compiling. 
[2026.08.25-23.19.37:180][724]LogMaterial: Display: Missing cached shadermap for Material_002 in PCD3D_SM5, Default, SM5 (DDC key hash: CEC2AD08A84E5B5B38487979FE60FE333E6F20A8), compiling. 
[2026.08.25-23.19.37:186][724]MaterialEditorStats: Texture samplers: 0/16
[2026.08.25-23.19.37:187][724]MaterialEditorStats: Texture Lookups (Est.): VS(0), PS(3)
[2026.08.25-23.19.37:187][724]MaterialEditorStats: User interpolators: 2/4 Scalars (1/4 Vectors) (TexCoords: 2, Custom: 0)
[2026.08.25-23.19.37:224][726]MaterialEditorStats: Base pass shader: 128 instructions
[2026.08.25-23.19.37:224][726]MaterialEditorStats: Base pass shader with Volumetric Lightmap: 202 instructions
[2026.08.25-23.19.37:224][726]MaterialEditorStats: Base pass vertex shader: 46 instructions
[2026.08.25-23.19.37:224][726]MaterialEditorStats: Texture samplers: 5/16
[2026.08.25-23.19.37:224][726]MaterialEditorStats: Texture Lookups (Est.): VS(0), PS(3)
[2026.08.25-23.19.37:224][726]MaterialEditorStats: User interpolators: 2/4 Scalars (1/4 Vectors) (TexCoords: 2, Custom: 0)
[2026.08.25-23.19.47:227][879]LogMaterial: Display: Missing cached shadermap for Material_002 in PCD3D_SM5, Default, SM5 (DDC key hash: 56DEFEA4DDFA016EED1E4A19970FD6AA3618BF2D), compiling. 
[2026.08.25-23.19.47:231][879]MaterialEditorStats: Texture samplers: 0/16
[2026.08.25-23.19.47:231][879]MaterialEditorStats: Texture Lookups (Est.): VS(0), PS(3)
[2026.08.25-23.19.47:231][879]MaterialEditorStats: User interpolators: 2/4 Scalars (1/4 Vectors) (TexCoords: 2, Custom: 0)
[2026.08.25-23.19.47:236][880]LogShaderCompilers: Display: Submitted 2 shader compile jobs with 'ForceLocal' priority
[2026.08.25-23.19.47:243][881]LogShaderCompilers: Display: Submitted 8 shader compile jobs with 'Normal' priority
[2026.08.25-23.19.47:243][881]LogShaderCompilers: Display: Worker (1/13): shaders left to compile 2
[2026.08.25-23.19.47:243][881]LogShaderCompilers: Display: Worker (2/13): shaders left to compile 1
[2026.08.25-23.19.47:243][881]LogShaderCompilers: Display: Worker (3/13): shaders left to compile 8
[2026.08.25-23.19.47:243][881]LogShaderCompilers: Display: Worker (4/13): shaders left to compile 7
[2026.08.25-23.19.47:243][881]LogShaderCompilers: Display: Worker (5/13): shaders left to compile 6
[2026.08.25-23.19.47:243][881]LogShaderCompilers: Display: Worker (6/13): shaders left to compile 5
[2026.08.25-23.19.47:243][881]LogShaderCompilers: Display: Worker (7/13): shaders left to compile 4
[2026.08.25-23.19.47:243][881]LogShaderCompilers: Display: Worker (8/13): shaders left to compile 3
[2026.08.25-23.19.47:243][881]LogShaderCompilers: Display: Worker (9/13): shaders left to compile 2
[2026.08.25-23.19.47:243][881]LogShaderCompilers: Display: Worker (10/13): shaders left to compile 1
[2026.08.25-23.19.47:243][881]LogShaderCompilers: Display: Started 8 'Local' shader compile jobs with 'Normal' priority
[2026.08.25-23.19.47:243][881]LogShaderCompilers: Display: Started 2 'Local' shader compile jobs with 'ForceLocal' priority
[2026.08.25-23.19.47:806][926]MaterialEditorStats: Texture samplers: 5/16
[2026.08.25-23.19.47:806][926]MaterialEditorStats: Texture Lookups (Est.): VS(0), PS(3)
[2026.08.25-23.19.47:806][926]MaterialEditorStats: User interpolators: 2/4 Scalars (1/4 Vectors) (TexCoords: 2, Custom: 0)
[2026.08.25-23.19.47:909][937]MaterialEditorStats: Base pass shader: 129 instructions
[2026.08.25-23.19.47:909][937]MaterialEditorStats: Base pass shader with Volumetric Lightmap: 203 instructions
[2026.08.25-23.19.47:909][937]MaterialEditorStats: Base pass vertex shader: 46 instructions
[2026.08.25-23.19.47:909][937]MaterialEditorStats: Texture samplers: 5/16
[2026.08.25-23.19.47:909][937]MaterialEditorStats: Texture Lookups (Est.): VS(0), PS(3)
[2026.08.25-23.19.47:909][937]MaterialEditorStats: User interpolators: 2/4 Scalars (1/4 Vectors) (TexCoords: 2, Custom: 0)
[2026.08.25-23.19.51:245][335]LogMaterial: Display: Missing cached shadermap for Material_002 in PCD3D_SM5, Default, SM5 (DDC key hash: 6C84EAFD1F109899A68E45150951EEF925699D26), compiling. 
[2026.08.25-23.19.51:247][335]LogMaterial: Display: Missing cached shadermap for Material_002 in PCD3D_SM5, Default, SM5 (DDC key hash: CA7A9C405223EEA179AA3A123C5D0BADF64416F8), compiling. 
[2026.08.25-23.19.51:249][335]MaterialEditorStats: Texture samplers: 0/16
[2026.08.25-23.19.51:249][335]MaterialEditorStats: Texture Lookups (Est.): VS(0), PS(3)
[2026.08.25-23.19.51:249][335]MaterialEditorStats: User interpolators: 2/4 Scalars (1/4 Vectors) (TexCoords: 2, Custom: 0)
[2026.08.25-23.19.51:270][337]MaterialEditorStats: Base pass shader: 129 instructions
[2026.08.25-23.19.51:271][337]MaterialEditorStats: Base pass shader with Volumetric Lightmap: 203 instructions
[2026.08.25-23.19.51:271][337]MaterialEditorStats: Base pass vertex shader: 46 instructions
[2026.08.25-23.19.51:271][337]MaterialEditorStats: Texture samplers: 5/16
[2026.08.25-23.19.51:271][337]MaterialEditorStats: Texture Lookups (Est.): VS(0), PS(3)
[2026.08.25-23.19.51:271][337]MaterialEditorStats: User interpolators: 2/4 Scalars (1/4 Vectors) (TexCoords: 2, Custom: 0)
[2026.08.25-23.19.53:418][592]LogMaterialEditor: Applying material Material_002
[2026.08.25-23.19.53:606][592]LogMaterial: Display: Missing cached shadermap for Material_002 in PCD3D_SM5, Default, SM5 (DDC key hash: A21C9A2803FDF1CDA1FED82F4F7FFD7A66FA22EC), compiling. 
[2026.08.25-23.19.53:638][592]LogMaterial: Display: Missing cached shadermap for Material_002 in PCD3D_SM5, Default, SM5 (DDC key hash: D8E256F95C9695CC0CF759DFAB73BBA219CAC48A), compiling. 
[2026.08.25-23.19.53:680][592]LogShaderCompilers: Display: Submitted 6 shader compile jobs with 'Normal' priority
[2026.08.25-23.19.53:680][592]LogShaderCompilers: Display: Worker (1/13): shaders left to compile 6
[2026.08.25-23.19.53:680][592]LogShaderCompilers: Display: Worker (2/13): shaders left to compile 5
[2026.08.25-23.19.53:680][592]LogShaderCompilers: Display: Worker (3/13): shaders left to compile 4
[2026.08.25-23.19.53:680][592]LogShaderCompilers: Display: Worker (4/13): shaders left to compile 3
[2026.08.25-23.19.53:680][592]LogShaderCompilers: Display: Worker (5/13): shaders left to compile 2
[2026.08.25-23.19.53:680][592]LogShaderCompilers: Display: Worker (6/13): shaders left to compile 1
[2026.08.25-23.19.53:680][592]LogShaderCompilers: Display: Started 6 'Local' shader compile jobs with 'Normal' priority
[2026.08.25-23.19.53:717][592]LogUObjectHash: Compacting FUObjectHashTables data took   3.20ms
[2026.08.25-23.19.53:889][592]LogUObjectHash: Compacting FUObjectHashTables data took   1.88ms
[2026.08.25-23.19.53:907][592]MaterialEditorStats: Texture samplers: 5/16
[2026.08.25-23.19.53:907][592]MaterialEditorStats: Texture Lookups (Est.): VS(0), PS(3)
[2026.08.25-23.19.53:907][592]MaterialEditorStats: User interpolators: 2/4 Scalars (1/4 Vectors) (TexCoords: 2, Custom: 0)
[2026.08.25-23.19.53:953][597]MaterialEditorStats: Texture samplers: 6/16
[2026.08.25-23.19.53:953][597]MaterialEditorStats: Texture Lookups (Est.): VS(0), PS(3)
[2026.08.25-23.19.53:953][597]MaterialEditorStats: User interpolators: 2/4 Scalars (1/4 Vectors) (TexCoords: 2, Custom: 0)
[2026.08.25-23.19.53:962][598]MaterialEditorStats: Base pass shader: 129 instructions
[2026.08.25-23.19.53:962][598]MaterialEditorStats: Base pass shader with Volumetric Lightmap: 203 instructions
[2026.08.25-23.19.53:962][598]MaterialEditorStats: Base pass vertex shader: 46 instructions
[2026.08.25-23.19.53:962][598]MaterialEditorStats: Texture samplers: 6/16
[2026.08.25-23.19.53:962][598]MaterialEditorStats: Texture Lookups (Est.): VS(0), PS(3)
[2026.08.25-23.19.53:962][598]MaterialEditorStats: User interpolators: 2/4 Scalars (1/4 Vectors) (TexCoords: 2, Custom: 0)
[2026.08.25-23.21.20:156][772]LogMaterial: Display: Missing cached shadermap for Material_002 in PCD3D_SM5, Default, SM5 (DDC key hash: 8480318A3853AF09660E8B08A8D3B34C37F33A60), compiling. 
[2026.08.25-23.21.20:158][772]LogMaterial: Display: Missing cached shadermap for Material_002 in PCD3D_SM5, Default, SM5 (DDC key hash: 8D1429A44C512A8D4A9851344952836D44AB6D00), compiling. 
[2026.08.25-23.21.20:160][772]MaterialEditorStats: Texture samplers: 0/16
[2026.08.25-23.21.20:160][772]MaterialEditorStats: Texture Lookups (Est.): VS(0), PS(3)
[2026.08.25-23.21.20:160][772]MaterialEditorStats: User interpolators: 2/4 Scalars (1/4 Vectors) (TexCoords: 2, Custom: 0)
[2026.08.25-23.21.20:179][774]MaterialEditorStats: Texture samplers: 5/16
[2026.08.25-23.21.20:179][774]MaterialEditorStats: Texture Lookups (Est.): VS(0), PS(3)
[2026.08.25-23.21.20:179][774]MaterialEditorStats: User interpolators: 2/4 Scalars (1/4 Vectors) (TexCoords: 2, Custom: 0)
[2026.08.25-23.21.20:188][775]MaterialEditorStats: Base pass shader: 129 instructions
[2026.08.25-23.21.20:189][775]MaterialEditorStats: Base pass shader with Volumetric Lightmap: 203 instructions
[2026.08.25-23.21.20:189][775]MaterialEditorStats: Base pass vertex shader: 46 instructions
[2026.08.25-23.21.20:189][775]MaterialEditorStats: Texture samplers: 5/16
[2026.08.25-23.21.20:189][775]MaterialEditorStats: Texture Lookups (Est.): VS(0), PS(3)
[2026.08.25-23.21.20:189][775]MaterialEditorStats: User interpolators: 2/4 Scalars (1/4 Vectors) (TexCoords: 2, Custom: 0)
[2026.08.25-23.21.21:792][959]LogMaterialEditor: Applying material Material_002
[2026.08.25-23.21.21:977][959]LogMaterial: Display: Missing cached shadermap for Material_002 in PCD3D_SM5, Default, SM5 (DDC key hash: B46CCAD5B370BAD1BCAD4DADAB063033EE81DCBD), compiling. 
[2026.08.25-23.21.22:008][959]LogMaterial: Display: Missing cached shadermap for Material_002 in PCD3D_SM5, Default, SM5 (DDC key hash: 482ACCFD20E1BA9464C5C6FEFB715DE2C02BDFC8), compiling. 
[2026.08.25-23.21.22:040][959]LogUObjectHash: Compacting FUObjectHashTables data took   1.26ms
[2026.08.25-23.21.22:186][959]LogUObjectHash: Compacting FUObjectHashTables data took   0.40ms
[2026.08.25-23.21.22:197][959]MaterialEditorStats: Base pass shader: 129 instructions
[2026.08.25-23.21.22:198][959]MaterialEditorStats: Base pass shader with Volumetric Lightmap: 203 instructions
[2026.08.25-23.21.22:198][959]MaterialEditorStats: Base pass vertex shader: 46 instructions
[2026.08.25-23.21.22:198][959]MaterialEditorStats: Texture samplers: 6/16
[2026.08.25-23.21.22:198][959]MaterialEditorStats: Texture Lookups (Est.): VS(0), PS(3)
[2026.08.25-23.21.22:198][959]MaterialEditorStats: User interpolators: 2/4 Scalars (1/4 Vectors) (TexCoords: 2, Custom: 0)
[2026.08.25-23.21.22:318][973]LogMaterialEditor: Saving and Compiling material Material_002
[2026.08.25-23.21.22:664][973]LogSavePackage: Moving 'E:/_Alex's Data/Unreal Engine/Unreal Projects/Brackeys2026/Brackeys-2026/BrackeysJam2026/Saved/Material_002C13856934AA4EB67B5AED3AC531E9F21.tmp' to 'E:/_Alex's Data/Unreal Engine/Unreal Projects/Brackeys2026/Brackeys-2026/BrackeysJam2026/Content/Brackeys2026/Objects/Phone/Material_002.uasset'
[2026.08.25-23.21.22:684][973]AssetCheck: New page: Asset Save: Material_002
[2026.08.25-23.21.22:684][973]LogContentValidation: Display: Validating Material /Game/Brackeys2026/Objects/Phone/Material_002.Material_002
[2026.08.25-23.22.58:568][ 24]LogMaterial: Display: Missing cached shadermap for Material_002 in PCD3D_SM5, Default, SM5 (DDC key hash: 8C42370435C4A1C011C6BBE503EBB70763EC442D), compiling. 
[2026.08.25-23.22.58:569][ 24]LogMaterial: Display: Missing cached shadermap for Material_002 in PCD3D_SM5, Default, SM5 (DDC key hash: 26264CA82390A754A7F2CCDDA4ED112367E47BE0), compiling. 
[2026.08.25-23.22.58:570][ 24]MaterialEditorStats: Texture samplers: 0/16
[2026.08.25-23.22.58:570][ 24]MaterialEditorStats: Texture Lookups (Est.): VS(0), PS(3)
[2026.08.25-23.22.58:570][ 24]MaterialEditorStats: User interpolators: 2/4 Scalars (1/4 Vectors) (TexCoords: 2, Custom: 0)
[2026.08.25-23.22.58:584][ 25]LogShaderCompilers: Display: === FShaderJobCache stats ===
[2026.08.25-23.22.58:584][ 25]LogShaderCompilers: Display: Total job queries 509, among them cache hits 359 (70.53%)
[2026.08.25-23.22.58:584][ 25]LogShaderCompilers: Display: Tracking 148 distinct input hashes that result in 81 distinct outputs (54.73%)
[2026.08.25-23.22.58:584][ 25]LogShaderCompilers: Display: RAM used: 0.48 MB (0.00 GB) of 1638.40 MB (1.60 GB) budget. Usage: 0.03%
[2026.08.25-23.22.58:584][ 25]LogShaderCompilers: Display: ================================================
[2026.08.25-23.22.58:590][ 26]MaterialEditorStats: Base pass shader: 129 instructions
[2026.08.25-23.22.58:590][ 26]MaterialEditorStats: Base pass shader with Volumetric Lightmap: 203 instructions
[2026.08.25-23.22.58:590][ 26]MaterialEditorStats: Base pass vertex shader: 46 instructions
[2026.08.25-23.22.58:590][ 26]MaterialEditorStats: Texture samplers: 5/16
[2026.08.25-23.22.58:590][ 26]MaterialEditorStats: Texture Lookups (Est.): VS(0), PS(3)
[2026.08.25-23.22.58:590][ 26]MaterialEditorStats: User interpolators: 2/4 Scalars (1/4 Vectors) (TexCoords: 2, Custom: 0)
[2026.08.25-23.23.01:138][318]LogMaterialEditor: Applying material Material_002
[2026.08.25-23.23.01:325][318]LogMaterial: Display: Missing cached shadermap for Material_002 in PCD3D_SM5, Default, SM5 (DDC key hash: 3E207268F8BF93E9E13E02155DB3C7E791C7664B), compiling. 
[2026.08.25-23.23.01:358][318]LogMaterial: Display: Missing cached shadermap for Material_002 in PCD3D_SM5, Default, SM5 (DDC key hash: C30535CD35B183EA70E8534BC19755FF076260CA), compiling. 
[2026.08.25-23.23.01:398][318]LogUObjectHash: Compacting FUObjectHashTables data took   1.50ms
[2026.08.25-23.23.01:546][318]LogUObjectHash: Compacting FUObjectHashTables data took   0.41ms
[2026.08.25-23.23.01:558][318]MaterialEditorStats: Base pass shader: 129 instructions
[2026.08.25-23.23.01:558][318]MaterialEditorStats: Base pass shader with Volumetric Lightmap: 203 instructions
[2026.08.25-23.23.01:558][318]MaterialEditorStats: Base pass vertex shader: 46 instructions
[2026.08.25-23.23.01:558][318]MaterialEditorStats: Texture samplers: 6/16
[2026.08.25-23.23.01:558][318]MaterialEditorStats: Texture Lookups (Est.): VS(0), PS(3)
[2026.08.25-23.23.01:558][318]MaterialEditorStats: User interpolators: 2/4 Scalars (1/4 Vectors) (TexCoords: 2, Custom: 0)
[2026.08.25-23.23.01:769][341]LogMaterialEditor: Saving and Compiling material Material_002
[2026.08.25-23.23.01:800][341]LogSavePackage: Moving 'E:/_Alex's Data/Unreal Engine/Unreal Projects/Brackeys2026/Brackeys-2026/BrackeysJam2026/Saved/Material_0028F32C1E847BA0CC36C3F60ADD4058945.tmp' to 'E:/_Alex's Data/Unreal Engine/Unreal Projects/Brackeys2026/Brackeys-2026/BrackeysJam2026/Content/Brackeys2026/Objects/Phone/Material_002.uasset'
[2026.08.25-23.23.01:821][341]AssetCheck: New page: Asset Save: Material_002
[2026.08.25-23.23.01:821][341]LogContentValidation: Display: Validating Material /Game/Brackeys2026/Objects/Phone/Material_002.Material_002
[2026.08.25-23.23.05:502][753]LogMaterial: Display: Missing cached shadermap for Material_002 in PCD3D_SM5, Default, SM5 (DDC key hash: 441A4A0A770C76696DC7F9080C4965FEB497F83F), compiling. 
[2026.08.25-23.23.05:506][753]MaterialEditorStats: Texture samplers: 0/16
[2026.08.25-23.23.05:506][753]MaterialEditorStats: Texture Lookups (Est.): VS(0), PS(3)
[2026.08.25-23.23.05:506][753]MaterialEditorStats: User interpolators: 2/4 Scalars (1/4 Vectors) (TexCoords: 2, Custom: 0)
[2026.08.25-23.23.05:520][755]MaterialEditorStats: Texture samplers: 5/16
[2026.08.25-23.23.05:520][755]MaterialEditorStats: Texture Lookups (Est.): VS(0), PS(3)
[2026.08.25-23.23.05:520][755]MaterialEditorStats: User interpolators: 2/4 Scalars (1/4 Vectors) (TexCoords: 2, Custom: 0)
[2026.08.25-23.23.05:530][756]MaterialEditorStats: Base pass shader: 128 instructions
[2026.08.25-23.23.05:530][756]MaterialEditorStats: Base pass shader with Volumetric Lightmap: 202 instructions
[2026.08.25-23.23.05:530][756]MaterialEditorStats: Base pass vertex shader: 46 instructions
[2026.08.25-23.23.05:530][756]MaterialEditorStats: Texture samplers: 5/16
[2026.08.25-23.23.05:530][756]MaterialEditorStats: Texture Lookups (Est.): VS(0), PS(3)
[2026.08.25-23.23.05:530][756]MaterialEditorStats: User interpolators: 2/4 Scalars (1/4 Vectors) (TexCoords: 2, Custom: 0)
[2026.08.25-23.23.06:597][872]LogMaterialEditor: Applying material Material_002
[2026.08.25-23.23.06:783][872]LogMaterial: Display: Missing cached shadermap for Material_002 in PCD3D_SM5, Default, SM5 (DDC key hash: 58E6C62ACBCE3DFDF60117235F864A96A63B2176), compiling. 
[2026.08.25-23.23.06:806][872]LogMaterial: Display: Missing cached shadermap for Material_002 in PCD3D_SM5, Default, SM5 (DDC key hash: CDBB58C4A3222D26A21C176395A8769BB98A2529), compiling. 
[2026.08.25-23.23.06:838][872]LogShaderCompilers: Display: Submitted 6 shader compile jobs with 'Normal' priority
[2026.08.25-23.23.06:838][872]LogShaderCompilers: Display: Worker (1/13): shaders left to compile 6
[2026.08.25-23.23.06:838][872]LogShaderCompilers: Display: Worker (2/13): shaders left to compile 5
[2026.08.25-23.23.06:838][872]LogShaderCompilers: Display: Worker (3/13): shaders left to compile 4
[2026.08.25-23.23.06:838][872]LogShaderCompilers: Display: Worker (4/13): shaders left to compile 3
[2026.08.25-23.23.06:838][872]LogShaderCompilers: Display: Worker (5/13): shaders left to compile 2
[2026.08.25-23.23.06:838][872]LogShaderCompilers: Display: Worker (6/13): shaders left to compile 1
[2026.08.25-23.23.06:838][872]LogShaderCompilers: Display: Started 6 'Local' shader compile jobs with 'Normal' priority
[2026.08.25-23.23.06:838][872]LogUObjectHash: Compacting FUObjectHashTables data took   1.42ms
[2026.08.25-23.23.07:183][872]LogUObjectHash: Compacting FUObjectHashTables data took   0.50ms
[2026.08.25-23.23.07:193][872]MaterialEditorStats: Texture samplers: 6/16
[2026.08.25-23.23.07:193][872]MaterialEditorStats: Texture Lookups (Est.): VS(0), PS(3)
[2026.08.25-23.23.07:193][872]MaterialEditorStats: User interpolators: 2/4 Scalars (1/4 Vectors) (TexCoords: 2, Custom: 0)
[2026.08.25-23.23.07:229][874]MaterialEditorStats: Base pass shader: 128 instructions
[2026.08.25-23.23.07:229][874]MaterialEditorStats: Base pass shader with Volumetric Lightmap: 202 instructions
[2026.08.25-23.23.07:229][874]MaterialEditorStats: Base pass vertex shader: 46 instructions
[2026.08.25-23.23.07:229][874]MaterialEditorStats: Texture samplers: 6/16
[2026.08.25-23.23.07:229][874]MaterialEditorStats: Texture Lookups (Est.): VS(0), PS(3)
[2026.08.25-23.23.07:229][874]MaterialEditorStats: User interpolators: 2/4 Scalars (1/4 Vectors) (TexCoords: 2, Custom: 0)
[2026.08.25-23.23.16:135][675]LogMaterial: Display: Missing cached shadermap for Material_002 in PCD3D_SM5, Default, SM5 (DDC key hash: ABD1C288BA0A9079E15196C17867364EF5CF6DE1), compiling. 
[2026.08.25-23.23.16:139][675]MaterialEditorStats: Texture samplers: 0/16
[2026.08.25-23.23.16:139][675]MaterialEditorStats: Texture Lookups (Est.): VS(0), PS(3)
[2026.08.25-23.23.16:139][675]MaterialEditorStats: User interpolators: 2/4 Scalars (1/4 Vectors) (TexCoords: 2, Custom: 0)
[2026.08.25-23.23.16:157][677]MaterialEditorStats: Base pass shader: 129 instructions
[2026.08.25-23.23.16:157][677]MaterialEditorStats: Base pass shader with Volumetric Lightmap: 203 instructions
[2026.08.25-23.23.16:157][677]MaterialEditorStats: Base pass vertex shader: 46 instructions
[2026.08.25-23.23.16:157][677]MaterialEditorStats: Texture samplers: 5/16
[2026.08.25-23.23.16:157][677]MaterialEditorStats: Texture Lookups (Est.): VS(0), PS(3)
[2026.08.25-23.23.16:157][677]MaterialEditorStats: User interpolators: 2/4 Scalars (1/4 Vectors) (TexCoords: 2, Custom: 0)
[2026.08.25-23.23.18:163][901]LogMaterialEditor: Applying material Material_002
[2026.08.25-23.23.18:353][901]LogMaterial: Display: Missing cached shadermap for Material_002 in PCD3D_SM5, Default, SM5 (DDC key hash: BF88A5721CF52304D984BAE30849AA084602A0A5), compiling. 
[2026.08.25-23.23.18:374][901]LogMaterial: Display: Missing cached shadermap for Material_002 in PCD3D_SM5, Default, SM5 (DDC key hash: BA8408AC7DEE5E8E5445EE1C3664D02E65597C79), compiling. 
[2026.08.25-23.23.18:406][901]LogUObjectHash: Compacting FUObjectHashTables data took   1.25ms
[2026.08.25-23.23.18:549][901]LogUObjectHash: Compacting FUObjectHashTables data took   0.50ms
[2026.08.25-23.23.18:555][901]MaterialEditorStats: Base pass shader: 129 instructions
[2026.08.25-23.23.18:555][901]MaterialEditorStats: Base pass shader with Volumetric Lightmap: 203 instructions
[2026.08.25-23.23.18:555][901]MaterialEditorStats: Base pass vertex shader: 46 instructions
[2026.08.25-23.23.18:555][901]MaterialEditorStats: Texture samplers: 6/16
[2026.08.25-23.23.18:555][901]MaterialEditorStats: Texture Lookups (Est.): VS(0), PS(3)
[2026.08.25-23.23.18:555][901]MaterialEditorStats: User interpolators: 2/4 Scalars (1/4 Vectors) (TexCoords: 2, Custom: 0)
[2026.08.25-23.23.21:728][267]LogMaterial: Display: Missing cached shadermap for Material_002 in PCD3D_SM5, Default, SM5 (DDC key hash: 84CDF18DF66BEC512F07B8F0BBAA686C48C83A98), compiling. 
[2026.08.25-23.23.21:734][267]LogMaterial: Display: Missing cached shadermap for Material_002 in PCD3D_SM5, Default, SM5 (DDC key hash: 6337F79681C6A1345F58F448E936D1602150EEAB), compiling. 
[2026.08.25-23.23.21:736][267]MaterialEditorStats: Texture samplers: 0/16
[2026.08.25-23.23.21:736][267]MaterialEditorStats: Texture Lookups (Est.): VS(0), PS(3)
[2026.08.25-23.23.21:736][267]MaterialEditorStats: User interpolators: 2/4 Scalars (1/4 Vectors) (TexCoords: 2, Custom: 0)
[2026.08.25-23.23.21:759][269]MaterialEditorStats: Base pass shader: 129 instructions
[2026.08.25-23.23.21:759][269]MaterialEditorStats: Base pass shader with Volumetric Lightmap: 203 instructions
[2026.08.25-23.23.21:759][269]MaterialEditorStats: Base pass vertex shader: 46 instructions
[2026.08.25-23.23.21:759][269]MaterialEditorStats: Texture samplers: 5/16
[2026.08.25-23.23.21:759][269]MaterialEditorStats: Texture Lookups (Est.): VS(0), PS(3)
[2026.08.25-23.23.21:759][269]MaterialEditorStats: User interpolators: 2/4 Scalars (1/4 Vectors) (TexCoords: 2, Custom: 0)
[2026.08.25-23.23.24:156][550]LogMaterial: Display: Missing cached shadermap for Material_002 in PCD3D_SM5, Default, SM5 (DDC key hash: 75FDF893295B88E175BBE211E87A781141B6B4F0), compiling. 
[2026.08.25-23.23.24:159][550]LogMaterial: Display: Missing cached shadermap for Material_002 in PCD3D_SM5, Default, SM5 (DDC key hash: 164BB3C1D4E5A5ABDDB8BFEF28793BB99042388E), compiling. 
[2026.08.25-23.23.24:160][550]MaterialEditorStats: Texture samplers: 0/16
[2026.08.25-23.23.24:160][550]MaterialEditorStats: Texture Lookups (Est.): VS(0), PS(3)
[2026.08.25-23.23.24:160][550]MaterialEditorStats: User interpolators: 2/4 Scalars (1/4 Vectors) (TexCoords: 2, Custom: 0)
[2026.08.25-23.23.24:181][552]MaterialEditorStats: Base pass shader: 129 instructions
[2026.08.25-23.23.24:181][552]MaterialEditorStats: Base pass shader with Volumetric Lightmap: 203 instructions
[2026.08.25-23.23.24:181][552]MaterialEditorStats: Base pass vertex shader: 46 instructions
[2026.08.25-23.23.24:181][552]MaterialEditorStats: Texture samplers: 5/16
[2026.08.25-23.23.24:181][552]MaterialEditorStats: Texture Lookups (Est.): VS(0), PS(3)
[2026.08.25-23.23.24:181][552]MaterialEditorStats: User interpolators: 2/4 Scalars (1/4 Vectors) (TexCoords: 2, Custom: 0)
[2026.08.25-23.23.25:241][677]LogMaterialEditor: Applying material Material_002
[2026.08.25-23.23.25:426][677]LogMaterial: Display: Missing cached shadermap for Material_002 in PCD3D_SM5, Default, SM5 (DDC key hash: 09CD11038937A50BAF34CFECE5D099EB046F81EC), compiling. 
[2026.08.25-23.23.25:458][677]LogMaterial: Display: Missing cached shadermap for Material_002 in PCD3D_SM5, Default, SM5 (DDC key hash: 4F145AD1A5CAD89F38C4B217562A0BFC0827E305), compiling. 
[2026.08.25-23.23.25:489][677]LogUObjectHash: Compacting FUObjectHashTables data took   1.47ms
[2026.08.25-23.23.25:633][677]LogUObjectHash: Compacting FUObjectHashTables data took   0.79ms
[2026.08.25-23.23.25:644][677]MaterialEditorStats: Base pass shader: 129 instructions
[2026.08.25-23.23.25:644][677]MaterialEditorStats: Base pass shader with Volumetric Lightmap: 203 instructions
[2026.08.25-23.23.25:644][677]MaterialEditorStats: Base pass vertex shader: 46 instructions
[2026.08.25-23.23.25:644][677]MaterialEditorStats: Texture samplers: 6/16
[2026.08.25-23.23.25:644][677]MaterialEditorStats: Texture Lookups (Est.): VS(0), PS(3)
[2026.08.25-23.23.25:644][677]MaterialEditorStats: User interpolators: 2/4 Scalars (1/4 Vectors) (TexCoords: 2, Custom: 0)
[2026.08.25-23.23.25:904][707]LogMaterialEditor: Saving and Compiling material Material_002
[2026.08.25-23.23.25:933][707]LogSavePackage: Moving 'E:/_Alex's Data/Unreal Engine/Unreal Projects/Brackeys2026/Brackeys-2026/BrackeysJam2026/Saved/Material_0027B56009F44AAC541F9EE088C426A8702.tmp' to 'E:/_Alex's Data/Unreal Engine/Unreal Projects/Brackeys2026/Brackeys-2026/BrackeysJam2026/Content/Brackeys2026/Objects/Phone/Material_002.uasset'
[2026.08.25-23.23.25:955][707]AssetCheck: New page: Asset Save: Material_002
[2026.08.25-23.23.25:955][707]LogContentValidation: Display: Validating Material /Game/Brackeys2026/Objects/Phone/Material_002.Material_002
[2026.08.25-23.24.03:720][417]LogUObjectHash: Compacting FUObjectHashTables data took   0.43ms
[2026.08.25-23.24.05:550][417]LogSavePackage: Moving 'E:/_Alex's Data/Unreal Engine/Unreal Projects/Brackeys2026/Brackeys-2026/BrackeysJam2026/Saved/Brackeys2026Map_Auto19542B20F48EAC2E1D11D06918EFE61A6.tmp' to 'E:/_Alex's Data/Unreal Engine/Unreal Projects/Brackeys2026/Brackeys-2026/BrackeysJam2026/Saved/Autosaves/Game/Brackeys2026/Levels/Brackeys2026Map_Auto1.umap'
[2026.08.25-23.24.05:558][417]LogFileHelpers: Editor autosave (incl. external actors) for '/Game/Brackeys2026/Levels/Brackeys2026Map' took 1.866
[2026.08.25-23.24.05:558][417]LogFileHelpers: Editor autosave (incl. sublevels & external actors) for all levels took 1.866
[2026.08.25-23.24.05:559][417]OBJ SavePackage: Generating thumbnails for [1] asset(s) in package [/Game/Brackeys2026/Objects/Phone/BP_Phone] ([4] browsable assets)...
[2026.08.25-23.24.05:559][417]OBJ SavePackage: Finished generating thumbnails for package [/Game/Brackeys2026/Objects/Phone/BP_Phone]
[2026.08.25-23.24.05:578][417]LogSavePackage: Moving 'E:/_Alex's Data/Unreal Engine/Unreal Projects/Brackeys2026/Brackeys-2026/BrackeysJam2026/Saved/BP_Phone_Auto19BD32AE44E0594E3E870A3A7FF58A8FC.tmp' to 'E:/_Alex's Data/Unreal Engine/Unreal Projects/Brackeys2026/Brackeys-2026/BrackeysJam2026/Saved/Autosaves/Game/Brackeys2026/Objects/Phone/BP_Phone_Auto1.uasset'
[2026.08.25-23.24.05:579][417]OBJ SavePackage: Generating thumbnails for [1] asset(s) in package [/Game/Brackeys2026/Objects/Phone/Phone_lowpoly] ([1] browsable assets)...
[2026.08.25-23.24.05:593][417]OBJ SavePackage:     Rendered thumbnail for [StaticMesh /Game/Brackeys2026/Objects/Phone/Phone_lowpoly.Phone_lowpoly]
[2026.08.25-23.24.05:594][417]OBJ SavePackage: Finished generating thumbnails for package [/Game/Brackeys2026/Objects/Phone/Phone_lowpoly]
[2026.08.25-23.24.05:613][417]LogSavePackage: Moving 'E:/_Alex's Data/Unreal Engine/Unreal Projects/Brackeys2026/Brackeys-2026/BrackeysJam2026/Saved/Phone_lowpoly_Auto1E1E5EEAC407E695DCF9CD6823CDA78B4.tmp' to 'E:/_Alex's Data/Unreal Engine/Unreal Projects/Brackeys2026/Brackeys-2026/BrackeysJam2026/Saved/Autosaves/Game/Brackeys2026/Objects/Phone/Phone_lowpoly_Auto1.uasset'
[2026.08.25-23.24.05:614][417]OBJ SavePackage: Generating thumbnails for [1] asset(s) in package [/Game/Brackeys2026/Objects/Phone/Material_001] ([1] browsable assets)...
[2026.08.25-23.24.05:626][417]OBJ SavePackage:     Rendered thumbnail for [Material /Game/Brackeys2026/Objects/Phone/Material_001.Material_001]
[2026.08.25-23.24.05:626][417]OBJ SavePackage: Finished generating thumbnails for package [/Game/Brackeys2026/Objects/Phone/Material_001]
[2026.08.25-23.24.05:635][417]LogSavePackage: Moving 'E:/_Alex's Data/Unreal Engine/Unreal Projects/Brackeys2026/Brackeys-2026/BrackeysJam2026/Saved/Material_001_Auto139865F374123C12AE9692FAE51F7FF30.tmp' to 'E:/_Alex's Data/Unreal Engine/Unreal Projects/Brackeys2026/Brackeys-2026/BrackeysJam2026/Saved/Autosaves/Game/Brackeys2026/Objects/Phone/Material_001_Auto1.uasset'
[2026.08.25-23.24.05:636][417]OBJ SavePackage: Generating thumbnails for [1] asset(s) in package [/Game/Brackeys2026/Objects/Phone/Phone_lowpoly_002] ([1] browsable assets)...
[2026.08.25-23.24.05:650][417]OBJ SavePackage:     Rendered thumbnail for [StaticMesh /Game/Brackeys2026/Objects/Phone/Phone_lowpoly_002.Phone_lowpoly_002]
[2026.08.25-23.24.05:650][417]OBJ SavePackage: Finished generating thumbnails for package [/Game/Brackeys2026/Objects/Phone/Phone_lowpoly_002]
[2026.08.25-23.24.05:659][417]LogSavePackage: Moving 'E:/_Alex's Data/Unreal Engine/Unreal Projects/Brackeys2026/Brackeys-2026/BrackeysJam2026/Saved/Phone_lowpoly_002_Auto1803EC76E4912B93836D33D8C700F939D.tmp' to 'E:/_Alex's Data/Unreal Engine/Unreal Projects/Brackeys2026/Brackeys-2026/BrackeysJam2026/Saved/Autosaves/Game/Brackeys2026/Objects/Phone/Phone_lowpoly_002_Auto1.uasset'
[2026.08.25-23.24.05:660][417]OBJ SavePackage: Generating thumbnails for [1] asset(s) in package [/Game/Brackeys2026/Objects/Phone/lowpoly_DefaultMaterial_BaseColor] ([1] browsable assets)...
[2026.08.25-23.24.05:664][417]OBJ SavePackage:     Rendered thumbnail for [Texture2D /Game/Brackeys2026/Objects/Phone/lowpoly_DefaultMaterial_BaseColor.lowpoly_DefaultMaterial_BaseColor]
[2026.08.25-23.24.05:664][417]OBJ SavePackage: Finished generating thumbnails for package [/Game/Brackeys2026/Objects/Phone/lowpoly_DefaultMaterial_BaseColor]
[2026.08.25-23.24.06:404][417]LogSavePackage: Moving 'E:/_Alex's Data/Unreal Engine/Unreal Projects/Brackeys2026/Brackeys-2026/BrackeysJam2026/Saved/lowpoly_DefaultMaterial_BaseColo47A74AED4F35FC7386460DBBD9703D26.tmp' to 'E:/_Alex's Data/Unreal Engine/Unreal Projects/Brackeys2026/Brackeys-2026/BrackeysJam2026/Saved/Autosaves/Game/Brackeys2026/Objects/Phone/lowpoly_DefaultMaterial_BaseColor_Auto1.uasset'
[2026.08.25-23.24.06:406][417]OBJ SavePackage: Generating thumbnails for [1] asset(s) in package [/Game/Brackeys2026/Objects/Phone/lowpoly_DefaultMaterial_Normal] ([1] browsable assets)...
[2026.08.25-23.24.06:409][417]OBJ SavePackage:     Rendered thumbnail for [Texture2D /Game/Brackeys2026/Objects/Phone/lowpoly_DefaultMaterial_Normal.lowpoly_DefaultMaterial_Normal]
[2026.08.25-23.24.06:409][417]OBJ SavePackage: Finished generating thumbnails for package [/Game/Brackeys2026/Objects/Phone/lowpoly_DefaultMaterial_Normal]
[2026.08.25-23.24.07:256][417]LogSavePackage: Moving 'E:/_Alex's Data/Unreal Engine/Unreal Projects/Brackeys2026/Brackeys-2026/BrackeysJam2026/Saved/lowpoly_DefaultMaterial_Normal_A603D3C794DFBB341DB1EDDB03EAD142D.tmp' to 'E:/_Alex's Data/Unreal Engine/Unreal Projects/Brackeys2026/Brackeys-2026/BrackeysJam2026/Saved/Autosaves/Game/Brackeys2026/Objects/Phone/lowpoly_DefaultMaterial_Normal_Auto1.uasset'
[2026.08.25-23.24.07:259][417]OBJ SavePackage: Generating thumbnails for [1] asset(s) in package [/Game/Brackeys2026/Objects/Phone/lowpoly_DefaultMaterial_OcclusionRoughnessMetallic] ([1] browsable assets)...
[2026.08.25-23.24.07:261][417]OBJ SavePackage:     Rendered thumbnail for [Texture2D /Game/Brackeys2026/Objects/Phone/lowpoly_DefaultMaterial_OcclusionRoughnessMetallic.lowpoly_DefaultMaterial_OcclusionRoughnessMetallic]
[2026.08.25-23.24.07:261][417]OBJ SavePackage: Finished generating thumbnails for package [/Game/Brackeys2026/Objects/Phone/lowpoly_DefaultMaterial_OcclusionRoughnessMetallic]
[2026.08.25-23.24.08:099][417]LogSavePackage: Moving 'E:/_Alex's Data/Unreal Engine/Unreal Projects/Brackeys2026/Brackeys-2026/BrackeysJam2026/Saved/lowpoly_DefaultMaterial_Occlusio3E6E1C644C605BB644E67ABB0F25D67D.tmp' to 'E:/_Alex's Data/Unreal Engine/Unreal Projects/Brackeys2026/Brackeys-2026/BrackeysJam2026/Saved/Autosaves/Game/Brackeys2026/Objects/Phone/lowpoly_DefaultMaterial_OcclusionRoughnessMetallic_Auto1.uasset'
[2026.08.25-23.24.08:101][417]LogFileHelpers: Auto-saving content packages took 2.543
[2026.08.25-23.24.16:755][199]BlueprintLog: New page: Compile BP_UI
[2026.08.25-23.24.16:803][199]LogUObjectHash: Compacting FUObjectHashTables data took   1.81ms
[2026.08.25-23.24.17:201][239]Cmd: OBJ SAVEPACKAGE PACKAGE="/Game/Brackeys2026/UI/BP_UI" FILE="E:/_Alex's Data/Unreal Engine/Unreal Projects/Brackeys2026/Brackeys-2026/BrackeysJam2026/Content/Brackeys2026/UI/BP_UI.uasset" SILENT=true
[2026.08.25-23.24.17:250][239]LogSavePackage: Moving 'E:/_Alex's Data/Unreal Engine/Unreal Projects/Brackeys2026/Brackeys-2026/BrackeysJam2026/Saved/BP_UIBC6051A4431F2A79904CB9B97539A930.tmp' to 'E:/_Alex's Data/Unreal Engine/Unreal Projects/Brackeys2026/Brackeys-2026/BrackeysJam2026/Content/Brackeys2026/UI/BP_UI.uasset'
[2026.08.25-23.24.17:273][239]AssetCheck: New page: Asset Save: BP_UI
[2026.08.25-23.24.17:273][239]LogContentValidation: Display: Validating WidgetBlueprint /Game/Brackeys2026/UI/BP_UI.BP_UI
[2026.08.25-23.24.49:804][ 68]BlueprintLog: New page: Compile BrackeysGameMode
[2026.08.25-23.24.49:807][ 68]LogBlueprint: Error: [AssetLog] E:\_Alex's Data\Unreal Engine\Unreal Projects\Brackeys2026\Brackeys-2026\BrackeysJam2026\Content\Brackeys2026\Levels\BrackeysGameMode.uasset: [Compiler] The current value of the ' Array ' pin is invalid: Array inputs (like 'Target Array') must have an input wired into them (try connecting a MakeArray node).
[2026.08.25-23.24.49:856][ 68]LogUObjectHash: Compacting FUObjectHashTables data took   2.19ms
[2026.08.25-23.24.50:228][104]LogSavePackage: Moving 'E:/_Alex's Data/Unreal Engine/Unreal Projects/Brackeys2026/Brackeys-2026/BrackeysJam2026/Saved/BrackeysGameMode19239E8D4FDD040DF0ACC3988ADAE04D.tmp' to 'E:/_Alex's Data/Unreal Engine/Unreal Projects/Brackeys2026/Brackeys-2026/BrackeysJam2026/Content/Brackeys2026/Levels/BrackeysGameMode.uasset'
[2026.08.25-23.24.50:245][104]AssetCheck: New page: Asset Save: BrackeysGameMode
[2026.08.25-23.24.50:245][104]LogContentValidation: Display: Validating Blueprint /Game/Brackeys2026/Levels/BrackeysGameMode.BrackeysGameMode
[2026.08.25-23.24.54:871][642]BlueprintLog: New page: Compile BrackeysGameMode
[2026.08.25-23.24.54:917][642]LogUObjectHash: Compacting FUObjectHashTables data took   2.12ms
[2026.08.25-23.24.55:380][686]LogSavePackage: Moving 'E:/_Alex's Data/Unreal Engine/Unreal Projects/Brackeys2026/Brackeys-2026/BrackeysJam2026/Saved/BrackeysGameModeF8C689044A409EFAD5060DA0436E18BA.tmp' to 'E:/_Alex's Data/Unreal Engine/Unreal Projects/Brackeys2026/Brackeys-2026/BrackeysJam2026/Content/Brackeys2026/Levels/BrackeysGameMode.uasset'
[2026.08.25-23.24.55:398][686]AssetCheck: New page: Asset Save: BrackeysGameMode
[2026.08.25-23.24.55:398][686]LogContentValidation: Display: Validating Blueprint /Game/Brackeys2026/Levels/BrackeysGameMode.BrackeysGameMode
[2026.08.25-23.25.03:873][614]BlueprintLog: New page: Compile BrackeysGameMode
[2026.08.25-23.25.03:922][614]LogUObjectHash: Compacting FUObjectHashTables data took   2.15ms
[2026.08.25-23.25.04:280][648]LogSavePackage: Moving 'E:/_Alex's Data/Unreal Engine/Unreal Projects/Brackeys2026/Brackeys-2026/BrackeysJam2026/Saved/BrackeysGameMode563661AA437D3586AF5803A6770E3BDA.tmp' to 'E:/_Alex's Data/Unreal Engine/Unreal Projects/Brackeys2026/Brackeys-2026/BrackeysJam2026/Content/Brackeys2026/Levels/BrackeysGameMode.uasset'
[2026.08.25-23.25.04:305][648]AssetCheck: New page: Asset Save: BrackeysGameMode
[2026.08.25-23.25.04:305][648]LogContentValidation: Display: Validating Blueprint /Game/Brackeys2026/Levels/BrackeysGameMode.BrackeysGameMode
[2026.08.25-23.25.13:633][710]BlueprintLog: New page: Compile BrackeysGameMode
[2026.08.25-23.25.13:678][710]LogUObjectHash: Compacting FUObjectHashTables data took   2.54ms
[2026.08.25-23.25.14:112][755]LogSavePackage: Moving 'E:/_Alex's Data/Unreal Engine/Unreal Projects/Brackeys2026/Brackeys-2026/BrackeysJam2026/Saved/BrackeysGameMode421D24544E7FE88F69511FAA56F17D98.tmp' to 'E:/_Alex's Data/Unreal Engine/Unreal Projects/Brackeys2026/Brackeys-2026/BrackeysJam2026/Content/Brackeys2026/Levels/BrackeysGameMode.uasset'
[2026.08.25-23.25.14:132][755]AssetCheck: New page: Asset Save: BrackeysGameMode
[2026.08.25-23.25.14:132][755]LogContentValidation: Display: Validating Blueprint /Game/Brackeys2026/Levels/BrackeysGameMode.BrackeysGameMode
[2026.08.25-23.27.43:971][116]LogMaterial: Display: Missing cached shadermap for Material_002 in PCD3D_SM5, Default, SM5 (DDC key hash: 282847EF651E286D91A8F9DB1FEC18B4798032C0), compiling. 
[2026.08.25-23.27.43:972][116]LogMaterial: Display: Missing cached shadermap for Material_002 in PCD3D_SM5, Default, SM5 (DDC key hash: E6D65E04373A69B023DCCE66194BA1900370AA78), compiling. 
[2026.08.25-23.27.43:974][116]MaterialEditorStats: Texture samplers: 0/16
[2026.08.25-23.27.43:974][116]MaterialEditorStats: Texture Lookups (Est.): VS(0), PS(3)
[2026.08.25-23.27.43:974][116]MaterialEditorStats: User interpolators: 2/4 Scalars (1/4 Vectors) (TexCoords: 2, Custom: 0)
[2026.08.25-23.27.43:987][117]LogShaderCompilers: Display: === FShaderJobCache stats ===
[2026.08.25-23.27.43:988][117]LogShaderCompilers: Display: Total job queries 673, among them cache hits 517 (76.82%)
[2026.08.25-23.27.43:988][117]LogShaderCompilers: Display: Tracking 154 distinct input hashes that result in 83 distinct outputs (53.90%)
[2026.08.25-23.27.43:988][117]LogShaderCompilers: Display: RAM used: 0.49 MB (0.00 GB) of 1638.40 MB (1.60 GB) budget. Usage: 0.03%
[2026.08.25-23.27.43:988][117]LogShaderCompilers: Display: ================================================
[2026.08.25-23.27.43:995][118]MaterialEditorStats: Base pass shader: 129 instructions
[2026.08.25-23.27.43:995][118]MaterialEditorStats: Base pass shader with Volumetric Lightmap: 203 instructions
[2026.08.25-23.27.43:995][118]MaterialEditorStats: Base pass vertex shader: 46 instructions
[2026.08.25-23.27.43:995][118]MaterialEditorStats: Texture samplers: 5/16
[2026.08.25-23.27.43:995][118]MaterialEditorStats: Texture Lookups (Est.): VS(0), PS(3)
[2026.08.25-23.27.43:995][118]MaterialEditorStats: User interpolators: 2/4 Scalars (1/4 Vectors) (TexCoords: 2, Custom: 0)
[2026.08.25-23.27.46:335][387]LogMaterialEditor: Applying material Material_002
[2026.08.25-23.27.46:517][387]LogMaterial: Display: Missing cached shadermap for Material_002 in PCD3D_SM5, Default, SM5 (DDC key hash: 31074141C46076CD7EC9890D30F976595BF22EB9), compiling. 
[2026.08.25-23.27.46:541][387]LogMaterial: Display: Missing cached shadermap for Material_002 in PCD3D_SM5, Default, SM5 (DDC key hash: E2D770807D28BA1D01FFE7375812A43A0A1B139E), compiling. 
[2026.08.25-23.27.46:582][387]LogUObjectHash: Compacting FUObjectHashTables data took   2.39ms
[2026.08.25-23.27.46:730][387]LogUObjectHash: Compacting FUObjectHashTables data took   0.57ms
[2026.08.25-23.27.46:739][387]MaterialEditorStats: Base pass shader: 129 instructions
[2026.08.25-23.27.46:739][387]MaterialEditorStats: Base pass shader with Volumetric Lightmap: 203 instructions
[2026.08.25-23.27.46:739][387]MaterialEditorStats: Base pass vertex shader: 46 instructions
[2026.08.25-23.27.46:739][387]MaterialEditorStats: Texture samplers: 6/16
[2026.08.25-23.27.46:739][387]MaterialEditorStats: Texture Lookups (Est.): VS(0), PS(3)
[2026.08.25-23.27.46:739][387]MaterialEditorStats: User interpolators: 2/4 Scalars (1/4 Vectors) (TexCoords: 2, Custom: 0)
[2026.08.25-23.27.46:882][404]LogMaterialEditor: Saving and Compiling material Material_002
[2026.08.25-23.27.46:923][404]LogSavePackage: Moving 'E:/_Alex's Data/Unreal Engine/Unreal Projects/Brackeys2026/Brackeys-2026/BrackeysJam2026/Saved/Material_002371020234FDEA4B88AAF569AB5A93233.tmp' to 'E:/_Alex's Data/Unreal Engine/Unreal Projects/Brackeys2026/Brackeys-2026/BrackeysJam2026/Content/Brackeys2026/Objects/Phone/Material_002.uasset'
[2026.08.25-23.27.46:938][404]AssetCheck: New page: Asset Save: Material_002
[2026.08.25-23.27.46:939][404]LogContentValidation: Display: Validating Material /Game/Brackeys2026/Objects/Phone/Material_002.Material_002
[2026.08.25-23.27.57:013][426]LogMaterial: Display: Missing cached shadermap for Material_002 in PCD3D_SM5, Default, SM5 (DDC key hash: 6EB6AFB766692DDB1A47A44CBD4AAC518295E77C), compiling. 
[2026.08.25-23.27.57:015][426]LogMaterial: Display: Missing cached shadermap for Material_002 in PCD3D_SM5, Default, SM5 (DDC key hash: 1786090F9147511526436062E8CAA6E85BA3BE60), compiling. 
[2026.08.25-23.27.57:017][426]MaterialEditorStats: Texture samplers: 0/16
[2026.08.25-23.27.57:017][426]MaterialEditorStats: Texture Lookups (Est.): VS(0), PS(3)
[2026.08.25-23.27.57:017][426]MaterialEditorStats: User interpolators: 2/4 Scalars (1/4 Vectors) (TexCoords: 2, Custom: 0)
[2026.08.25-23.27.57:033][428]MaterialEditorStats: Texture samplers: 5/16
[2026.08.25-23.27.57:034][428]MaterialEditorStats: Texture Lookups (Est.): VS(0), PS(3)
[2026.08.25-23.27.57:034][428]MaterialEditorStats: User interpolators: 2/4 Scalars (1/4 Vectors) (TexCoords: 2, Custom: 0)
[2026.08.25-23.27.57:044][429]MaterialEditorStats: Base pass shader: 129 instructions
[2026.08.25-23.27.57:044][429]MaterialEditorStats: Base pass shader with Volumetric Lightmap: 203 instructions
[2026.08.25-23.27.57:044][429]MaterialEditorStats: Base pass vertex shader: 46 instructions
[2026.08.25-23.27.57:044][429]MaterialEditorStats: Texture samplers: 5/16
[2026.08.25-23.27.57:044][429]MaterialEditorStats: Texture Lookups (Est.): VS(0), PS(3)
[2026.08.25-23.27.57:044][429]MaterialEditorStats: User interpolators: 2/4 Scalars (1/4 Vectors) (TexCoords: 2, Custom: 0)
[2026.08.25-23.27.57:631][497]LogMaterialEditor: Applying material Material_002
[2026.08.25-23.27.57:817][497]LogMaterial: Display: Missing cached shadermap for Material_002 in PCD3D_SM5, Default, SM5 (DDC key hash: 7FD6A2455C87B0C76ABEAD0E59DEE0AF59CC2380), compiling. 
[2026.08.25-23.27.57:843][497]LogMaterial: Display: Missing cached shadermap for Material_002 in PCD3D_SM5, Default, SM5 (DDC key hash: 9C2BD1A5EE80DB2FC36F1C626C7202A1A5BE2A6E), compiling. 
[2026.08.25-23.27.57:874][497]LogUObjectHash: Compacting FUObjectHashTables data took   1.28ms
[2026.08.25-23.27.58:017][497]LogUObjectHash: Compacting FUObjectHashTables data took   0.42ms
[2026.08.25-23.27.58:028][497]MaterialEditorStats: Base pass shader: 129 instructions
[2026.08.25-23.27.58:028][497]MaterialEditorStats: Base pass shader with Volumetric Lightmap: 203 instructions
[2026.08.25-23.27.58:028][497]MaterialEditorStats: Base pass vertex shader: 46 instructions
[2026.08.25-23.27.58:028][497]MaterialEditorStats: Texture samplers: 6/16
[2026.08.25-23.27.58:028][497]MaterialEditorStats: Texture Lookups (Est.): VS(0), PS(3)
[2026.08.25-23.27.58:028][497]MaterialEditorStats: User interpolators: 2/4 Scalars (1/4 Vectors) (TexCoords: 2, Custom: 0)
[2026.08.25-23.27.58:157][511]LogMaterialEditor: Saving and Compiling material Material_002
[2026.08.25-23.27.58:200][511]LogSavePackage: Moving 'E:/_Alex's Data/Unreal Engine/Unreal Projects/Brackeys2026/Brackeys-2026/BrackeysJam2026/Saved/Material_002122437B642934E38F0CD38BF050DF967.tmp' to 'E:/_Alex's Data/Unreal Engine/Unreal Projects/Brackeys2026/Brackeys-2026/BrackeysJam2026/Content/Brackeys2026/Objects/Phone/Material_002.uasset'
[2026.08.25-23.27.58:221][511]AssetCheck: New page: Asset Save: Material_002
[2026.08.25-23.27.58:221][511]LogContentValidation: Display: Validating Material /Game/Brackeys2026/Objects/Phone/Material_002.Material_002
[2026.08.25-23.28.05:848][357]LogMaterial: Display: Missing cached shadermap for Material_002 in PCD3D_SM5, Default, SM5 (DDC key hash: 474FDB47FD1F4BDBDECB3F6DCD448117950E8342), compiling. 
[2026.08.25-23.28.05:849][357]LogMaterial: Display: Missing cached shadermap for FMatExpressionPreview MaterialExpressionVectorParameter_0 in PCD3D_SM5, Default, SM5 (DDC key hash: D082727C246CCF7613F016E80A5339D2B3F9D5B4), compiling. 
[2026.08.25-23.28.05:850][357]LogMaterial: Display: Missing cached shadermap for FMatExpressionPreview MaterialExpressionTextureSample_0 in PCD3D_SM5, Default, SM5 (DDC key hash: FEA744C74228DF5C0ABC371CE4874FB51DD76EBC), compiling. 
[2026.08.25-23.28.05:851][357]LogMaterial: Display: Missing cached shadermap for FMatExpressionPreview MaterialExpressionTextureSample_2 in PCD3D_SM5, Default, SM5 (DDC key hash: 64935310AA7F52E72D693DFF04036BC777610FCD), compiling. 
[2026.08.25-23.28.05:852][357]LogMaterial: Display: Missing cached shadermap for FMatExpressionPreview MaterialExpressionTextureSample_1 in PCD3D_SM5, Default, SM5 (DDC key hash: 84951BB4926525D7DFFD8E3C1AC0B878EA6813D5), compiling. 
[2026.08.25-23.28.05:853][357]LogMaterial: Display: Missing cached shadermap for FMatExpressionPreview MaterialExpressionVectorParameter_0 in PCD3D_SM5, Default, SM5 (DDC key hash: 6C306FBFC14769E91F5FD6CF5AD4EE674F57E521), compiling. 
[2026.08.25-23.28.05:854][357]LogMaterial: Display: Missing cached shadermap for Material_002 in PCD3D_SM5, Default, SM5 (DDC key hash: 1EC99755AF7DE5A027D6FE54A35FF5875B7E242E), compiling. 
[2026.08.25-23.28.05:855][357]LogMaterial: Display: Missing cached shadermap for FMatExpressionPreview MaterialExpressionTextureSample_0 in PCD3D_SM5, Default, SM5 (DDC key hash: 708F2C7D8E513803A57910DD69D8133220BDEDBF), compiling. 
[2026.08.25-23.28.05:856][357]LogMaterial: Display: Missing cached shadermap for FMatExpressionPreview MaterialExpressionTextureSample_2 in PCD3D_SM5, Default, SM5 (DDC key hash: 5DA2045CEE4C8881114D0342D6427E7E04C68413), compiling. 
[2026.08.25-23.28.05:857][357]LogMaterial: Display: Missing cached shadermap for FMatExpressionPreview MaterialExpressionTextureSample_1 in PCD3D_SM5, Default, SM5 (DDC key hash: C66789A96773DDB1934950C9AA6EB6BE3CC42B3D), compiling. 
[2026.08.25-23.28.05:858][357]LogMaterial: Display: Missing cached shadermap for FMatExpressionPreview MaterialExpressionVectorParameter_0 in PCD3D_SM5, Default, SM5 (DDC key hash: B7F2029E695FFAA47275F35C15961F362878B01A), compiling. 
[2026.08.25-23.28.05:859][357]LogMaterial: Display: Missing cached shadermap for Material_002 in PCD3D_SM5, Default, SM5 (DDC key hash: AB6528AB040BDE605682E3488292D08BC0807785), compiling. 
[2026.08.25-23.28.05:860][357]LogSlate: Window 'Color Picker' being destroyed
[2026.08.25-23.28.05:870][357]MaterialEditorStats: Texture samplers: 0/16
[2026.08.25-23.28.05:870][357]MaterialEditorStats: Texture Lookups (Est.): VS(0), PS(3)
[2026.08.25-23.28.05:871][357]MaterialEditorStats: User interpolators: 2/4 Scalars (1/4 Vectors) (TexCoords: 2, Custom: 0)
[2026.08.25-23.28.05:892][359]MaterialEditorStats: Texture samplers: 5/16
[2026.08.25-23.28.05:892][359]MaterialEditorStats: Texture Lookups (Est.): VS(0), PS(3)
[2026.08.25-23.28.05:892][359]MaterialEditorStats: User interpolators: 2/4 Scalars (1/4 Vectors) (TexCoords: 2, Custom: 0)
[2026.08.25-23.28.05:905][360]MaterialEditorStats: Base pass shader: 129 instructions
[2026.08.25-23.28.05:905][360]MaterialEditorStats: Base pass shader with Volumetric Lightmap: 203 instructions
[2026.08.25-23.28.05:905][360]MaterialEditorStats: Base pass vertex shader: 46 instructions
[2026.08.25-23.28.05:905][360]MaterialEditorStats: Texture samplers: 5/16
[2026.08.25-23.28.05:905][360]MaterialEditorStats: Texture Lookups (Est.): VS(0), PS(3)
[2026.08.25-23.28.05:905][360]MaterialEditorStats: User interpolators: 2/4 Scalars (1/4 Vectors) (TexCoords: 2, Custom: 0)
[2026.08.25-23.28.07:361][532]LogMaterialEditor: Applying material Material_002
[2026.08.25-23.28.07:546][532]LogMaterial: Display: Missing cached shadermap for Material_002 in PCD3D_SM5, Default, SM5 (DDC key hash: C18AC9256BD5C25D7A3578DE074DC5A0D5A0D732), compiling. 
[2026.08.25-23.28.07:574][532]LogMaterial: Display: Missing cached shadermap for Material_002 in PCD3D_SM5, Default, SM5 (DDC key hash: CF9AA80E9FA7E40EEBDD17F0AE626DEE135961E9), compiling. 
[2026.08.25-23.28.07:604][532]LogUObjectHash: Compacting FUObjectHashTables data took   1.29ms
[2026.08.25-23.28.07:749][532]LogUObjectHash: Compacting FUObjectHashTables data took   0.42ms
[2026.08.25-23.28.07:755][532]MaterialEditorStats: Base pass shader: 129 instructions
[2026.08.25-23.28.07:755][532]MaterialEditorStats: Base pass shader with Volumetric Lightmap: 203 instructions
[2026.08.25-23.28.07:755][532]MaterialEditorStats: Base pass vertex shader: 46 instructions
[2026.08.25-23.28.07:755][532]MaterialEditorStats: Texture samplers: 6/16
[2026.08.25-23.28.07:755][532]MaterialEditorStats: Texture Lookups (Est.): VS(0), PS(3)
[2026.08.25-23.28.07:755][532]MaterialEditorStats: User interpolators: 2/4 Scalars (1/4 Vectors) (TexCoords: 2, Custom: 0)
[2026.08.25-23.28.07:899][549]LogMaterialEditor: Saving and Compiling material Material_002
[2026.08.25-23.28.07:934][549]LogSavePackage: Moving 'E:/_Alex's Data/Unreal Engine/Unreal Projects/Brackeys2026/Brackeys-2026/BrackeysJam2026/Saved/Material_002D6216F2345C50C87ECFA8B83304C6567.tmp' to 'E:/_Alex's Data/Unreal Engine/Unreal Projects/Brackeys2026/Brackeys-2026/BrackeysJam2026/Content/Brackeys2026/Objects/Phone/Material_002.uasset'
[2026.08.25-23.28.07:952][549]AssetCheck: New page: Asset Save: Material_002
[2026.08.25-23.28.07:952][549]LogContentValidation: Display: Validating Material /Game/Brackeys2026/Objects/Phone/Material_002.Material_002
[2026.08.25-23.28.43:251][199]LogMaterial: Display: Missing cached shadermap for Material_002 in PCD3D_SM5, Default, SM5 (DDC key hash: D2461B347A25754C844B9647CC1BF5C49821A73E), compiling. 
[2026.08.25-23.28.43:253][199]LogMaterial: Display: Missing cached shadermap for Material_002 in PCD3D_SM5, Default, SM5 (DDC key hash: DA9F34CAF2D476357DE6C1AE4B4B4FF9DEDB2AF0), compiling. 
[2026.08.25-23.28.43:254][199]MaterialEditorStats: Texture samplers: 0/16
[2026.08.25-23.28.43:254][199]MaterialEditorStats: Texture Lookups (Est.): VS(0), PS(3)
[2026.08.25-23.28.43:256][199]MaterialEditorStats: User interpolators: 2/4 Scalars (1/4 Vectors) (TexCoords: 2, Custom: 0)
[2026.08.25-23.28.43:270][201]MaterialEditorStats: Texture samplers: 5/16
[2026.08.25-23.28.43:270][201]MaterialEditorStats: Texture Lookups (Est.): VS(0), PS(3)
[2026.08.25-23.28.43:270][201]MaterialEditorStats: User interpolators: 2/4 Scalars (1/4 Vectors) (TexCoords: 2, Custom: 0)
[2026.08.25-23.28.43:281][202]MaterialEditorStats: Base pass shader: 129 instructions
[2026.08.25-23.28.43:281][202]MaterialEditorStats: Base pass shader with Volumetric Lightmap: 203 instructions
[2026.08.25-23.28.43:281][202]MaterialEditorStats: Base pass vertex shader: 46 instructions
[2026.08.25-23.28.43:281][202]MaterialEditorStats: Texture samplers: 5/16
[2026.08.25-23.28.43:281][202]MaterialEditorStats: Texture Lookups (Est.): VS(0), PS(3)
[2026.08.25-23.28.43:281][202]MaterialEditorStats: User interpolators: 2/4 Scalars (1/4 Vectors) (TexCoords: 2, Custom: 0)
[2026.08.25-23.28.44:265][319]LogMaterialEditor: Applying material Material_002
[2026.08.25-23.28.44:449][319]LogMaterial: Display: Missing cached shadermap for Material_002 in PCD3D_SM5, Default, SM5 (DDC key hash: 35CEE1BB8B9DB1B42463BF0B9CB1A94F4E3C6039), compiling. 
[2026.08.25-23.28.44:476][319]LogMaterial: Display: Missing cached shadermap for Material_002 in PCD3D_SM5, Default, SM5 (DDC key hash: C145DF109FEB20106DAECD2F0BC1ABB208E6B72F), compiling. 
[2026.08.25-23.28.44:507][319]LogUObjectHash: Compacting FUObjectHashTables data took   1.84ms
[2026.08.25-23.28.44:655][319]LogUObjectHash: Compacting FUObjectHashTables data took   0.57ms
[2026.08.25-23.28.44:664][319]MaterialEditorStats: Base pass shader: 129 instructions
[2026.08.25-23.28.44:664][319]MaterialEditorStats: Base pass shader with Volumetric Lightmap: 203 instructions
[2026.08.25-23.28.44:664][319]MaterialEditorStats: Base pass vertex shader: 46 instructions
[2026.08.25-23.28.44:664][319]MaterialEditorStats: Texture samplers: 6/16
[2026.08.25-23.28.44:664][319]MaterialEditorStats: Texture Lookups (Est.): VS(0), PS(3)
[2026.08.25-23.28.44:664][319]MaterialEditorStats: User interpolators: 2/4 Scalars (1/4 Vectors) (TexCoords: 2, Custom: 0)
[2026.08.25-23.28.44:782][333]LogMaterialEditor: Saving and Compiling material Material_002
[2026.08.25-23.28.44:816][333]LogSavePackage: Moving 'E:/_Alex's Data/Unreal Engine/Unreal Projects/Brackeys2026/Brackeys-2026/BrackeysJam2026/Saved/Material_002BDC56E7A420AEF7ECBFFD89494FB1182.tmp' to 'E:/_Alex's Data/Unreal Engine/Unreal Projects/Brackeys2026/Brackeys-2026/BrackeysJam2026/Content/Brackeys2026/Objects/Phone/Material_002.uasset'
[2026.08.25-23.28.44:832][333]AssetCheck: New page: Asset Save: Material_002
[2026.08.25-23.28.44:832][333]LogContentValidation: Display: Validating Material /Game/Brackeys2026/Objects/Phone/Material_002.Material_002
[2026.08.25-23.28.58:175][274]LogEditorTransaction: Undo Edit Default Value
[2026.08.25-23.28.58:175][274]LogMaterial: Display: Missing cached shadermap for Material_002 in PCD3D_SM5, Default, SM5 (DDC key hash: D614015C93B7FFD957C920712839570D15B5BF8C), compiling. 
[2026.08.25-23.28.58:188][274]LogMaterial: Display: Missing cached shadermap for Material_002 in PCD3D_SM5, Default, SM5 (DDC key hash: 196EFA11021E3B3E9A4C78257B1DA47F3F81AD6C), compiling. 
[2026.08.25-23.28.58:201][274]MaterialEditorStats: Texture samplers: 0/16
[2026.08.25-23.28.58:201][274]MaterialEditorStats: Texture Lookups (Est.): VS(0), PS(3)
[2026.08.25-23.28.58:201][274]MaterialEditorStats: User interpolators: 2/4 Scalars (1/4 Vectors) (TexCoords: 2, Custom: 0)
[2026.08.25-23.28.58:331][277]MaterialEditorStats: Base pass shader: 129 instructions
[2026.08.25-23.28.58:331][277]MaterialEditorStats: Base pass shader with Volumetric Lightmap: 203 instructions
[2026.08.25-23.28.58:331][277]MaterialEditorStats: Base pass vertex shader: 46 instructions
[2026.08.25-23.28.58:331][277]MaterialEditorStats: Texture samplers: 5/16
[2026.08.25-23.28.58:331][277]MaterialEditorStats: Texture Lookups (Est.): VS(0), PS(3)
[2026.08.25-23.28.58:331][277]MaterialEditorStats: User interpolators: 2/4 Scalars (1/4 Vectors) (TexCoords: 2, Custom: 0)
[2026.08.25-23.29.03:257][809]LogMaterialEditor: Applying material Material_002
[2026.08.25-23.29.03:441][809]LogMaterial: Display: Missing cached shadermap for Material_002 in PCD3D_SM5, Default, SM5 (DDC key hash: 6577A6F39182D94D207311F4F2EFF1411EF76A4E), compiling. 
[2026.08.25-23.29.03:474][809]LogMaterial: Display: Missing cached shadermap for Material_002 in PCD3D_SM5, Default, SM5 (DDC key hash: F5912625C27D6D34DEAAA69E26049DD8B9424B4A), compiling. 
[2026.08.25-23.29.03:509][809]LogUObjectHash: Compacting FUObjectHashTables data took   1.24ms
[2026.08.25-23.29.03:655][809]LogUObjectHash: Compacting FUObjectHashTables data took   0.42ms
[2026.08.25-23.29.03:664][809]MaterialEditorStats: Base pass shader: 129 instructions
[2026.08.25-23.29.03:664][809]MaterialEditorStats: Base pass shader with Volumetric Lightmap: 203 instructions
[2026.08.25-23.29.03:664][809]MaterialEditorStats: Base pass vertex shader: 46 instructions
[2026.08.25-23.29.03:664][809]MaterialEditorStats: Texture samplers: 6/16
[2026.08.25-23.29.03:664][809]MaterialEditorStats: Texture Lookups (Est.): VS(0), PS(3)
[2026.08.25-23.29.03:664][809]MaterialEditorStats: User interpolators: 2/4 Scalars (1/4 Vectors) (TexCoords: 2, Custom: 0)
[2026.08.25-23.29.03:949][841]LogMaterialEditor: Saving and Compiling material Material_002
[2026.08.25-23.29.03:986][841]LogSavePackage: Moving 'E:/_Alex's Data/Unreal Engine/Unreal Projects/Brackeys2026/Brackeys-2026/BrackeysJam2026/Saved/Material_002A9DE32954BB83E3CD1408D8004FBDD94.tmp' to 'E:/_Alex's Data/Unreal Engine/Unreal Projects/Brackeys2026/Brackeys-2026/BrackeysJam2026/Content/Brackeys2026/Objects/Phone/Material_002.uasset'
[2026.08.25-23.29.04:009][841]AssetCheck: New page: Asset Save: Material_002
[2026.08.25-23.29.04:009][841]LogContentValidation: Display: Validating Material /Game/Brackeys2026/Objects/Phone/Material_002.Material_002
[2026.08.25-23.29.17:173][515]LogTemp: Repeating last play command: Selected Viewport
[2026.08.25-23.29.17:181][515]LogPlayLevel: PlayLevel: No blueprints needed recompiling
[2026.08.25-23.29.17:181][515]PIE: New page: PIE session: Brackeys2026Map (Aug 25, 2026, 9:29:17 AM)
[2026.08.25-23.29.17:214][515]LogPlayLevel: Creating play world package: /Game/Brackeys2026/Levels/UEDPIE_0_Brackeys2026Map
[2026.08.25-23.29.17:215][515]LogPlayLevel: PIE: StaticDuplicateObject took: (0.002155s)
[2026.08.25-23.29.17:216][515]LogAIModule: Creating AISystem for world Brackeys2026Map
[2026.08.25-23.29.17:216][515]LogPlayLevel: PIE: World Init took: (0.000991s)
[2026.08.25-23.29.17:216][515]LogPlayLevel: PIE: Created PIE world by copying editor world from /Game/Brackeys2026/Levels/Brackeys2026Map.Brackeys2026Map to /Game/Brackeys2026/Levels/UEDPIE_0_Brackeys2026Map.Brackeys2026Map (0.003309s)
[2026.08.25-23.29.17:250][515]LogUObjectHash: Compacting FUObjectHashTables data took   1.99ms
[2026.08.25-23.29.17:253][515]LogAudio: Display: Creating Audio Device:                 Id: 4, Scope: Unique, Realtime: True
[2026.08.25-23.29.17:253][515]LogAudioMixer: Display: Audio Mixer Platform Settings:
[2026.08.25-23.29.17:253][515]LogAudioMixer: Display: 	Sample Rate:						  48000
[2026.08.25-23.29.17:253][515]LogAudioMixer: Display: 	Callback Buffer Frame Size Requested: 1024
[2026.08.25-23.29.17:253][515]LogAudioMixer: Display: 	Callback Buffer Frame Size To Use:	  1024
[2026.08.25-23.29.17:253][515]LogAudioMixer: Display: 	Number of buffers to queue:			  2
[2026.08.25-23.29.17:253][515]LogAudioMixer: Display: 	Max Channels (voices):				  32
[2026.08.25-23.29.17:253][515]LogAudioMixer: Display: 	Number of Async Source Workers:		  0
[2026.08.25-23.29.17:253][515]LogAudio: Display: AudioDevice MaxSources: 32
[2026.08.25-23.29.17:253][515]LogAudio: Display: Audio Spatialization Plugin: None (built-in).
[2026.08.25-23.29.17:253][515]LogAudio: Display: Audio Reverb Plugin: None (built-in).
[2026.08.25-23.29.17:253][515]LogAudio: Display: Audio Occlusion Plugin: None (built-in).
[2026.08.25-23.29.17:253][515]LogAudioMixer: Display: Initializing audio mixer.
[2026.08.25-23.29.17:258][515]LogAudioMixer: Display: 0: FrontLeft
[2026.08.25-23.29.17:258][515]LogAudioMixer: Display: 1: FrontRight
[2026.08.25-23.29.17:275][515]LogAudioMixer: Display: Using Audio Device Realtek HD Audio 2nd output (Realtek(R) Audio)
[2026.08.25-23.29.17:275][515]LogAudioMixer: Display: Initializing Sound Submixes...
[2026.08.25-23.29.17:275][515]LogAudioMixer: Display: Creating Master Submix 'MasterSubmixDefault'
[2026.08.25-23.29.17:275][515]LogAudioMixer: Display: Creating Master Submix 'MasterReverbSubmixDefault'
[2026.08.25-23.29.17:275][515]LogAudioMixer: Display: Creating Master Submix 'MasterEQSubmixDefault'
[2026.08.25-23.29.17:275][515]LogAudioMixer: FMixerPlatformXAudio2::StartAudioStream() called
[2026.08.25-23.29.17:275][515]LogAudioMixer: Display: Output buffers initialized: Frames=1024, Channels=2, Samples=2048
[2026.08.25-23.29.17:277][515]LogAudioMixer: Display: Starting AudioMixerPlatformInterface::RunInternal()
[2026.08.25-23.29.17:277][515]LogAudioMixer: Display: FMixerPlatformXAudio2::SubmitBuffer() called for the first time
[2026.08.25-23.29.17:277][515]LogInit: FAudioDevice initialized.
[2026.08.25-23.29.17:277][515]LogAudio: Display: Audio Device (ID: 4) registered with world 'Brackeys2026Map'.
[2026.08.25-23.29.17:286][515]LogLoad: Game class is 'BrackeysGameMode_C'
[2026.08.25-23.29.17:287][515]LogWorld: Bringing World /Game/Brackeys2026/Levels/UEDPIE_0_Brackeys2026Map.Brackeys2026Map up for play (max tick rate 0) at 2026.08.25-16.29.17
[2026.08.25-23.29.17:287][515]LogWorld: Bringing up level for play took: 0.001001
[2026.08.25-23.29.17:288][515]LogOnline: OSS: Creating online subsystem instance for: :Context_19
[2026.08.25-23.29.17:290][515]LogBlueprintUserMessages: [BP_CoinGun_2] false
[2026.08.25-23.29.17:290][515]LogBlueprintUserMessages: [BP_CoinGun_2] false
[2026.08.25-23.29.17:290][515]LogBlueprintUserMessages: [BP_CoinGun_2] false
[2026.08.25-23.29.17:290][515]LogBlueprintUserMessages: [BP_CoinGun_2] false
[2026.08.25-23.29.17:291][515]LogBlueprintUserMessages: [BP_CoinGun_2] true
[2026.08.25-23.29.17:291][515]LogBlueprintUserMessages: [BP_CoinGun_2] false
[2026.08.25-23.29.17:291][515]PIE: Server logged in
[2026.08.25-23.29.17:293][515]PIE: Play in editor total start time 0.115 seconds.
[2026.08.25-23.29.23:120][213]LogBlueprintUserMessages: [BP_Phone_2] Smell Hint
[2026.08.25-23.29.25:687][516]LogSlate: Updating window title bar state: overlay mode, drag disabled, window buttons hidden, title bar hidden
[2026.08.25-23.29.25:687][516]LogWorld: BeginTearingDown for /Game/Brackeys2026/Levels/UEDPIE_0_Brackeys2026Map
[2026.08.25-23.29.25:687][516]LogWorld: UWorld::CleanupWorld for Brackeys2026Map, bSessionEnded=true, bCleanupResources=true
[2026.08.25-23.29.25:687][516]LogSlate: InvalidateAllWidgets triggered.  All widgets were invalidated
[2026.08.25-23.29.25:701][516]LogPlayLevel: Display: Shutting down PIE online subsystems
[2026.08.25-23.29.25:707][516]LogSlate: InvalidateAllWidgets triggered.  All widgets were invalidated
[2026.08.25-23.29.25:733][516]LogSlate: Updating window title bar state: overlay mode, drag disabled, window buttons hidden, title bar hidden
[2026.08.25-23.29.25:734][516]LogAudioMixer: FMixerPlatformXAudio2::StopAudioStream() called
[2026.08.25-23.29.25:735][516]LogAudioMixer: FMixerPlatformXAudio2::StopAudioStream() called
[2026.08.25-23.29.25:738][516]LogUObjectHash: Compacting FUObjectHashTables data took   1.53ms
[2026.08.25-23.29.25:753][517]LogPlayLevel: Display: Destroying online subsystem :Context_19
[2026.08.25-23.29.27:786][728]LogMaterialEditor: Saving and Compiling material Material_002
[2026.08.25-23.29.27:807][728]LogSavePackage: Moving 'E:/_Alex's Data/Unreal Engine/Unreal Projects/Brackeys2026/Brackeys-2026/BrackeysJam2026/Saved/Material_002A01053164CBB896C016755ABE71DDA1A.tmp' to 'E:/_Alex's Data/Unreal Engine/Unreal Projects/Brackeys2026/Brackeys-2026/BrackeysJam2026/Content/Brackeys2026/Objects/Phone/Material_002.uasset'
[2026.08.25-23.29.27:827][728]AssetCheck: New page: Asset Save: Material_002
[2026.08.25-23.29.27:827][728]LogContentValidation: Display: Validating Material /Game/Brackeys2026/Objects/Phone/Material_002.Material_002
[2026.08.25-23.29.28:700][816]LogWorld: UWorld::CleanupWorld for World_15, bSessionEnded=true, bCleanupResources=true
[2026.08.25-23.29.28:700][816]LogSlate: InvalidateAllWidgets triggered.  All widgets were invalidated
[2026.08.25-23.30.48:057][853]BlueprintLog: New page: Compile BP_Phone
[2026.08.25-23.30.48:128][853]LogUObjectHash: Compacting FUObjectHashTables data took   1.75ms
[2026.08.25-23.30.49:059][890]LogSavePackage: Moving 'E:/_Alex's Data/Unreal Engine/Unreal Projects/Brackeys2026/Brackeys-2026/BrackeysJam2026/Saved/BP_PhoneF4746AFF4FAEB3808F857CA448F0291B.tmp' to 'E:/_Alex's Data/Unreal Engine/Unreal Projects/Brackeys2026/Brackeys-2026/BrackeysJam2026/Content/Brackeys2026/Objects/Phone/BP_Phone.uasset'
[2026.08.25-23.30.49:083][890]AssetCheck: New page: Asset Save: BP_Phone
[2026.08.25-23.30.49:083][890]LogContentValidation: Display: Validating Blueprint /Game/Brackeys2026/Objects/Phone/BP_Phone.BP_Phone
[2026.08.25-23.30.52:153][248]LogAssetEditorSubsystem: Opening Asset editor for Material /Game/Brackeys2026/Objects/Phone/Material_002.Material_002
[2026.08.25-23.30.52:154][248]LogMaterial: Display: Missing cached shadermap for PreviewMaterial_0 in PCD3D_SM5, Default, SM5 (DDC key hash: D0710D377CE32245AE2A4E17723A1F236C3843D4), compiling. 
[2026.08.25-23.30.52:162][248]LogShaderCompilers: Display: Submitted 10 shader compile jobs with 'Normal' priority
[2026.08.25-23.30.52:218][248]LogMaterial: Display: Missing cached shadermap for PreviewMaterial_0 in PCD3D_SM5, Default, SM5 (DDC key hash: C925A40A68444163B25E1C60314CDFECEB1BA63E), compiling. 
[2026.08.25-23.30.52:220][248]LogMaterial: Display: Missing cached shadermap for PreviewMaterial_0 in PCD3D_SM5, Default, SM5 (DDC key hash: 3788A770C1937AF7893FB1E0D7D5F0A9C075F97E), compiling. 
[2026.08.25-23.30.52:221][248]LogMaterial: Display: Missing cached shadermap for FMatExpressionPreview MaterialExpressionTextureSample_0 in PCD3D_SM5, Default, SM5 (DDC key hash: 17B12F191C46ADEDB8F5E5447EFBB5C371A7615D), compiling. 
[2026.08.25-23.30.52:221][248]LogMaterial: Display: Missing cached shadermap for FMatExpressionPreview MaterialExpressionTextureSample_2 in PCD3D_SM5, Default, SM5 (DDC key hash: AF93A51D4FFABE82621624FD94BF31558637241A), compiling. 
[2026.08.25-23.30.52:222][248]LogMaterial: Display: Missing cached shadermap for FMatExpressionPreview MaterialExpressionTextureSample_1 in PCD3D_SM5, Default, SM5 (DDC key hash: 123715E032DCE72A32D963CB0F1BF15A5BDB10FC), compiling. 
[2026.08.25-23.30.52:223][248]LogMaterial: Display: Missing cached shadermap for FMatExpressionPreview MaterialExpressionVectorParameter_0 in PCD3D_SM5, Default, SM5 (DDC key hash: 39E49106C1F73A1C1441F42C6D94DA138F7EA4DF), compiling. 
[2026.08.25-23.30.52:237][248]MaterialEditorStats: Texture samplers: 0/16
[2026.08.25-23.30.52:237][248]MaterialEditorStats: Texture Lookups (Est.): VS(0), PS(3)
[2026.08.25-23.30.52:237][248]MaterialEditorStats: User interpolators: 2/4 Scalars (1/4 Vectors) (TexCoords: 2, Custom: 0)
[2026.08.25-23.30.52:279][249]LogShaderCompilers: Display: Submitted 2 shader compile jobs with 'ForceLocal' priority
[2026.08.25-23.30.52:279][249]LogShaderCompilers: Display: Submitted 8 shader compile jobs with 'Normal' priority
[2026.08.25-23.30.52:279][249]LogShaderCompilers: Display: Worker (1/13): shaders left to compile 2
[2026.08.25-23.30.52:279][249]LogShaderCompilers: Display: Worker (2/13): shaders left to compile 1
[2026.08.25-23.30.52:279][249]LogShaderCompilers: Display: Worker (3/13): shaders left to compile 8
[2026.08.25-23.30.52:279][249]LogShaderCompilers: Display: Worker (4/13): shaders left to compile 7
[2026.08.25-23.30.52:279][249]LogShaderCompilers: Display: Worker (5/13): shaders left to compile 6
[2026.08.25-23.30.52:279][249]LogShaderCompilers: Display: Worker (6/13): shaders left to compile 5
[2026.08.25-23.30.52:279][249]LogShaderCompilers: Display: Worker (7/13): shaders left to compile 4
[2026.08.25-23.30.52:279][249]LogShaderCompilers: Display: Worker (8/13): shaders left to compile 3
[2026.08.25-23.30.52:279][249]LogShaderCompilers: Display: Worker (9/13): shaders left to compile 2
[2026.08.25-23.30.52:279][249]LogShaderCompilers: Display: Worker (10/13): shaders left to compile 1
[2026.08.25-23.30.52:279][249]LogShaderCompilers: Display: Started 8 'Local' shader compile jobs with 'Normal' priority
[2026.08.25-23.30.52:279][249]LogShaderCompilers: Display: Started 2 'Local' shader compile jobs with 'ForceLocal' priority
[2026.08.25-23.30.52:306][251]LogShaderCompilers: Display: === FShaderJobCache stats ===
[2026.08.25-23.30.52:306][251]LogShaderCompilers: Display: Total job queries 881, among them cache hits 705 (80.02%)
[2026.08.25-23.30.52:306][251]LogShaderCompilers: Display: Tracking 154 distinct input hashes that result in 83 distinct outputs (53.90%)
[2026.08.25-23.30.52:306][251]LogShaderCompilers: Display: RAM used: 0.49 MB (0.00 GB) of 1638.40 MB (1.60 GB) budget. Usage: 0.03%
[2026.08.25-23.30.52:306][251]LogShaderCompilers: Display: ================================================
[2026.08.25-23.30.52:824][291]MaterialEditorStats: Texture samplers: 5/16
[2026.08.25-23.30.52:824][291]MaterialEditorStats: Texture Lookups (Est.): VS(0), PS(3)
[2026.08.25-23.30.52:824][291]MaterialEditorStats: User interpolators: 2/4 Scalars (1/4 Vectors) (TexCoords: 2, Custom: 0)
[2026.08.25-23.30.52:927][303]MaterialEditorStats: Base pass shader: 129 instructions
[2026.08.25-23.30.52:927][303]MaterialEditorStats: Base pass shader with Volumetric Lightmap: 203 instructions
[2026.08.25-23.30.52:927][303]MaterialEditorStats: Base pass vertex shader: 46 instructions
[2026.08.25-23.30.52:927][303]MaterialEditorStats: Texture samplers: 5/16
[2026.08.25-23.30.52:927][303]MaterialEditorStats: Texture Lookups (Est.): VS(0), PS(3)
[2026.08.25-23.30.52:927][303]MaterialEditorStats: User interpolators: 2/4 Scalars (1/4 Vectors) (TexCoords: 2, Custom: 0)
[2026.08.25-23.31.13:236][702]LogMaterialEditor: Saving and Compiling material Material_002
[2026.08.25-23.31.13:257][702]LogSavePackage: Moving 'E:/_Alex's Data/Unreal Engine/Unreal Projects/Brackeys2026/Brackeys-2026/BrackeysJam2026/Saved/Material_002E50D981E40ECCEC6EC76BCB45EA40868.tmp' to 'E:/_Alex's Data/Unreal Engine/Unreal Projects/Brackeys2026/Brackeys-2026/BrackeysJam2026/Content/Brackeys2026/Objects/Phone/Material_002.uasset'
[2026.08.25-23.31.13:280][702]AssetCheck: New page: Asset Save: Material_002
[2026.08.25-23.31.13:280][702]LogContentValidation: Display: Validating Material /Game/Brackeys2026/Objects/Phone/Material_002.Material_002
[2026.08.25-23.31.17:185][133]LogContentBrowser: Deferred new asset file creation: Material_002_Inst
[2026.08.25-23.31.17:206][133]LogContentBrowser: Creating deferred item: Material_002_Inst
[2026.08.25-23.31.17:862][208]LogContentBrowser: Attempting asset rename: Material_002_Inst -> Material_002_Inst
[2026.08.25-23.31.17:864][208]LogContentBrowser: End creating deferred item Material_002_Inst
[2026.08.25-23.31.18:750][312]LogAssetEditorSubsystem: Opening Asset editor for MaterialInstanceConstant /Game/Brackeys2026/Objects/Phone/Material_002_Inst.Material_002_Inst
[2026.08.25-23.31.21:757][644]LogUObjectHash: Compacting FUObjectHashTables data took   2.19ms
[2026.08.25-23.31.21:815][644]LogUObjectHash: Compacting FUObjectHashTables data took   0.42ms
[2026.08.25-23.31.21:827][644]LogWorld: UWorld::CleanupWorld for World_18, bSessionEnded=true, bCleanupResources=true
[2026.08.25-23.31.21:827][644]LogSlate: InvalidateAllWidgets triggered.  All widgets were invalidated
[2026.08.25-23.31.23:777][852]LogWorld: UWorld::CleanupWorld for World_17, bSessionEnded=true, bCleanupResources=true
[2026.08.25-23.31.23:777][852]LogSlate: InvalidateAllWidgets triggered.  All widgets were invalidated
[2026.08.25-23.31.35:615][ 75]BlueprintLog: New page: Compile BP_Phone
[2026.08.25-23.31.35:673][ 75]LogUObjectHash: Compacting FUObjectHashTables data took   1.79ms
[2026.08.25-23.31.36:091][109]LogSavePackage: Moving 'E:/_Alex's Data/Unreal Engine/Unreal Projects/Brackeys2026/Brackeys-2026/BrackeysJam2026/Saved/BP_PhoneBBBF73CE4EB55391DD6CF3B6E70C9121.tmp' to 'E:/_Alex's Data/Unreal Engine/Unreal Projects/Brackeys2026/Brackeys-2026/BrackeysJam2026/Content/Brackeys2026/Objects/Phone/BP_Phone.uasset'
[2026.08.25-23.31.36:108][109]AssetCheck: New page: Asset Save: BP_Phone
[2026.08.25-23.31.36:108][109]LogContentValidation: Display: Validating Blueprint /Game/Brackeys2026/Objects/Phone/BP_Phone.BP_Phone
[2026.08.25-23.31.44:519][ 37]LogAssetEditorSubsystem: Opening Asset editor for MaterialInstanceConstant /Game/Brackeys2026/Objects/Phone/Material_002_Inst.Material_002_Inst
[2026.08.25-23.31.52:945][  9]LogUObjectHash: Compacting FUObjectHashTables data took   2.17ms
[2026.08.25-23.31.52:974][  9]LogUObjectHash: Compacting FUObjectHashTables data took   0.58ms
[2026.08.25-23.31.52:982][  9]LogSavePackage: Moving 'E:/_Alex's Data/Unreal Engine/Unreal Projects/Brackeys2026/Brackeys-2026/BrackeysJam2026/Saved/Material_002_Inst67D3B5BE4DEE9AFCCE7DBB878E8A8D27.tmp' to 'E:/_Alex's Data/Unreal Engine/Unreal Projects/Brackeys2026/Brackeys-2026/BrackeysJam2026/Content/Brackeys2026/Objects/Phone/Material_002_Inst.uasset'
[2026.08.25-23.31.52:999][  9]AssetCheck: New page: Asset Save: Material_002_Inst
[2026.08.25-23.31.52:999][  9]LogContentValidation: Display: Validating MaterialInstanceConstant /Game/Brackeys2026/Objects/Phone/Material_002_Inst.Material_002_Inst
[2026.08.25-23.32.13:750][380]LogMaterial: Display: Missing cached shadermap for Material_0 in PCD3D_SM5, Default, SM5 (DDC key hash: 456783BB3AAAC5B74C4BCBD947A09DD1ECD7FB49), compiling. 
[2026.08.25-23.32.13:758][381]LogShaderCompilers: Display: Submitted 2 shader compile jobs with 'ForceLocal' priority
[2026.08.25-23.32.13:767][381]LogShaderCompilers: Display: Worker (1/13): shaders left to compile 2
[2026.08.25-23.32.13:767][381]LogShaderCompilers: Display: Worker (2/13): shaders left to compile 1
[2026.08.25-23.32.13:767][381]LogShaderCompilers: Display: Started 2 'Local' shader compile jobs with 'ForceLocal' priority
[2026.08.25-23.32.13:791][381]LogShaderCompilers: Display: Submitted 41 shader compile jobs with 'Normal' priority
[2026.08.25-23.32.13:791][381]LogShaderCompilers: Display: Worker (3/13): shaders left to compile 41
[2026.08.25-23.32.13:791][381]LogShaderCompilers: Display: Worker (4/13): shaders left to compile 37
[2026.08.25-23.32.13:791][381]LogShaderCompilers: Display: Worker (5/13): shaders left to compile 33
[2026.08.25-23.32.13:791][381]LogShaderCompilers: Display: Worker (6/13): shaders left to compile 29
[2026.08.25-23.32.13:791][381]LogShaderCompilers: Display: Worker (7/13): shaders left to compile 25
[2026.08.25-23.32.13:791][381]LogShaderCompilers: Display: Worker (8/13): shaders left to compile 21
[2026.08.25-23.32.13:791][381]LogShaderCompilers: Display: Worker (9/13): shaders left to compile 17
[2026.08.25-23.32.13:791][381]LogShaderCompilers: Display: Worker (10/13): shaders left to compile 13
[2026.08.25-23.32.13:791][381]LogShaderCompilers: Display: Worker (11/13): shaders left to compile 9
[2026.08.25-23.32.13:791][381]LogShaderCompilers: Display: Worker (12/13): shaders left to compile 5
[2026.08.25-23.32.13:791][381]LogShaderCompilers: Display: Started 40 'Local' shader compile jobs with 'Normal' priority
[2026.08.25-23.32.13:801][381]LogMaterial: Display: Missing cached shadermap for Material_0 in PCD3D_SM5, Default, SM5 (DDC key hash: BC54ED2CC13D725B65888E920541D84F236CEE8D), compiling. 
[2026.08.25-23.32.13:809][382]LogShaderCompilers: Display: Submitted 2 shader compile jobs with 'ForceLocal' priority
[2026.08.25-23.32.13:826][382]LogShaderCompilers: Display: Submitted 41 shader compile jobs with 'Normal' priority
[2026.08.25-23.32.13:840][382]LogMaterial: Display: Missing cached shadermap for Material_0 in PCD3D_SM5, Default, SM5 (DDC key hash: E6A71AF0F578940521DB60BAD9A79EF5454DC019), compiling. 
[2026.08.25-23.32.13:875][383]LogMaterial: Display: Missing cached shadermap for Material_0 in PCD3D_SM5, Default, SM5 (DDC key hash: C4F6F4B58C71EF0779A343CD0EBC0DFC8696CF4E), compiling. 
[2026.08.25-23.32.13:885][384]LogShaderCompilers: Display: Submitted 2 shader compile jobs with 'ForceLocal' priority
[2026.08.25-23.32.13:907][384]LogShaderCompilers: Display: Submitted 41 shader compile jobs with 'Normal' priority
[2026.08.25-23.32.13:913][384]LogMaterial: Display: Missing cached shadermap for Material_0 in PCD3D_SM5, Default, SM5 (DDC key hash: F85CED8840DE6D0CD21A0D5A7E5A4E0B9116E53A), compiling. 
[2026.08.25-23.32.13:952][385]LogMaterial: Display: Missing cached shadermap for Material_0 in PCD3D_SM5, Default, SM5 (DDC key hash: 031F47149D7734AE9D5EE4C3C58B070344AF6229), compiling. 
[2026.08.25-23.32.13:960][386]LogShaderCompilers: Display: Submitted 2 shader compile jobs with 'ForceLocal' priority
[2026.08.25-23.32.13:985][386]LogShaderCompilers: Display: Submitted 41 shader compile jobs with 'Normal' priority
[2026.08.25-23.32.13:993][386]LogMaterial: Display: Missing cached shadermap for Material_0 in PCD3D_SM5, Default, SM5 (DDC key hash: D41C61E19DBEEBA0CD1A51FF7B7394FA871758AA), compiling. 
[2026.08.25-23.32.14:004][387]LogShaderCompilers: Display: Submitted 2 shader compile jobs with 'ForceLocal' priority
[2026.08.25-23.32.14:028][387]LogShaderCompilers: Display: Submitted 41 shader compile jobs with 'Normal' priority
[2026.08.25-23.32.14:035][387]LogMaterial: Display: Missing cached shadermap for Material_0 in PCD3D_SM5, Default, SM5 (DDC key hash: CDBF628DFE05E4D0E029479BE44CFBE718EE800E), compiling. 
[2026.08.25-23.32.14:196][401]LogShaderCompilers: Display: Worker (2/13): shaders left to compile 8
[2026.08.25-23.32.14:196][401]LogShaderCompilers: Display: Started 1 'Local' shader compile jobs with 'ForceLocal' priority
[2026.08.25-23.32.14:336][414]LogShaderCompilers: Display: Worker (1/13): shaders left to compile 7
[2026.08.25-23.32.14:336][414]LogShaderCompilers: Display: Started 1 'Local' shader compile jobs with 'ForceLocal' priority
[2026.08.25-23.32.14:575][434]LogShaderCompilers: Display: Worker (6/13): shaders left to compile 6
[2026.08.25-23.32.14:575][434]LogShaderCompilers: Display: Started 1 'Local' shader compile jobs with 'ForceLocal' priority
[2026.08.25-23.32.14:615][439]LogShaderCompilers: Display: Worker (2/13): shaders left to compile 5
[2026.08.25-23.32.14:615][439]LogShaderCompilers: Display: Started 1 'Local' shader compile jobs with 'ForceLocal' priority
[2026.08.25-23.32.14:626][440]LogShaderCompilers: Display: Worker (1/13): shaders left to compile 4
[2026.08.25-23.32.14:627][440]LogShaderCompilers: Display: Started 1 'Local' shader compile jobs with 'ForceLocal' priority
[2026.08.25-23.32.14:861][461]LogShaderCompilers: Display: Worker (11/13): shaders left to compile 3
[2026.08.25-23.32.14:861][461]LogShaderCompilers: Display: Started 1 'Local' shader compile jobs with 'ForceLocal' priority
[2026.08.25-23.32.14:966][464]LogShaderCompilers: Display: Worker (10/13): shaders left to compile 2
[2026.08.25-23.32.14:966][464]LogShaderCompilers: Display: Started 1 'Local' shader compile jobs with 'ForceLocal' priority
[2026.08.25-23.32.14:966][464]LogShaderCompilers: Display: Worker (2/13): shaders left to compile 1
[2026.08.25-23.32.14:966][464]LogShaderCompilers: Display: Started 1 'Local' shader compile jobs with 'ForceLocal' priority
[2026.08.25-23.32.14:999][465]LogShaderCompilers: Display: Worker (6/13): shaders left to compile 165
[2026.08.25-23.32.14:999][465]LogShaderCompilers: Display: Started 10 'Local' shader compile jobs with 'Normal' priority
[2026.08.25-23.32.15:065][467]LogShaderCompilers: Display: Worker (12/13): shaders left to compile 155
[2026.08.25-23.32.15:065][467]LogShaderCompilers: Display: Started 10 'Local' shader compile jobs with 'Normal' priority
[2026.08.25-23.32.15:066][467]LogShaderCompilers: Display: Worker (1/13): shaders left to compile 145
[2026.08.25-23.32.15:066][467]LogShaderCompilers: Display: Started 10 'Local' shader compile jobs with 'Normal' priority
[2026.08.25-23.32.15:066][467]LogShaderCompilers: Display: Worker (5/13): shaders left to compile 135
[2026.08.25-23.32.15:066][467]LogShaderCompilers: Display: Started 10 'Local' shader compile jobs with 'Normal' priority
[2026.08.25-23.32.15:134][467]LogShaderCompilers: Display: Worker (4/13): shaders left to compile 125
[2026.08.25-23.32.15:134][467]LogShaderCompilers: Display: Started 10 'Local' shader compile jobs with 'Normal' priority
[2026.08.25-23.32.15:134][467]LogShaderCompilers: Display: Worker (8/13): shaders left to compile 115
[2026.08.25-23.32.15:134][467]LogShaderCompilers: Display: Started 10 'Local' shader compile jobs with 'Normal' priority
[2026.08.25-23.32.15:134][467]LogShaderCompilers: Display: Worker (11/13): shaders left to compile 105
[2026.08.25-23.32.15:134][467]LogShaderCompilers: Display: Started 9 'Local' shader compile jobs with 'Normal' priority
[2026.08.25-23.32.15:216][469]LogShaderCompilers: Display: Worker (7/13): shaders left to compile 96
[2026.08.25-23.32.15:216][469]LogShaderCompilers: Display: Started 9 'Local' shader compile jobs with 'Normal' priority
[2026.08.25-23.32.15:266][470]LogShaderCompilers: Display: Worker (2/13): shaders left to compile 87
[2026.08.25-23.32.15:266][470]LogShaderCompilers: Display: Started 8 'Local' shader compile jobs with 'Normal' priority
[2026.08.25-23.32.15:366][473]LogShaderCompilers: Display: Worker (10/13): shaders left to compile 79
[2026.08.25-23.32.15:367][473]LogShaderCompilers: Display: Started 7 'Local' shader compile jobs with 'Normal' priority
[2026.08.25-23.32.15:381][475]LogShaderCompilers: Display: Worker (9/13): shaders left to compile 72
[2026.08.25-23.32.15:381][475]LogShaderCompilers: Display: Started 7 'Local' shader compile jobs with 'Normal' priority
[2026.08.25-23.32.15:587][495]LogShaderCompilers: Display: Worker (3/13): shaders left to compile 65
[2026.08.25-23.32.15:587][495]LogShaderCompilers: Display: Started 6 'Local' shader compile jobs with 'Normal' priority
[2026.08.25-23.32.16:817][603]LogShaderCompilers: Display: Worker (5/13): shaders left to compile 59
[2026.08.25-23.32.16:817][603]LogShaderCompilers: Display: Started 5 'Local' shader compile jobs with 'Normal' priority
[2026.08.25-23.32.16:968][619]LogShaderCompilers: Display: Worker (7/13): shaders left to compile 54
[2026.08.25-23.32.16:968][619]LogShaderCompilers: Display: Started 5 'Local' shader compile jobs with 'Normal' priority
[2026.08.25-23.32.16:981][620]LogShaderCompilers: Display: Worker (9/13): shaders left to compile 49
[2026.08.25-23.32.16:981][620]LogShaderCompilers: Display: Started 5 'Local' shader compile jobs with 'Normal' priority
[2026.08.25-23.32.17:124][634]LogShaderCompilers: Display: Worker (10/13): shaders left to compile 44
[2026.08.25-23.32.17:125][634]LogShaderCompilers: Display: Started 4 'Local' shader compile jobs with 'Normal' priority
[2026.08.25-23.32.17:154][636]LogShaderCompilers: Display: Worker (3/13): shaders left to compile 40
[2026.08.25-23.32.17:154][636]LogShaderCompilers: Display: Started 4 'Local' shader compile jobs with 'Normal' priority
[2026.08.25-23.32.17:382][659]LogShaderCompilers: Display: Worker (12/13): shaders left to compile 36
[2026.08.25-23.32.17:382][659]LogShaderCompilers: Display: Started 4 'Local' shader compile jobs with 'Normal' priority
[2026.08.25-23.32.17:438][664]LogShaderCompilers: Display: Worker (8/13): shaders left to compile 32
[2026.08.25-23.32.17:438][664]LogShaderCompilers: Display: Started 3 'Local' shader compile jobs with 'Normal' priority
[2026.08.25-23.32.17:538][674]LogShaderCompilers: Display: Worker (11/13): shaders left to compile 29
[2026.08.25-23.32.17:538][674]LogShaderCompilers: Display: Started 3 'Local' shader compile jobs with 'Normal' priority
[2026.08.25-23.32.17:809][699]LogShaderCompilers: Display: Worker (11/13): shaders left to compile 26
[2026.08.25-23.32.17:809][699]LogShaderCompilers: Display: Started 3 'Local' shader compile jobs with 'Normal' priority
[2026.08.25-23.32.17:853][702]LogShaderCompilers: Display: Worker (7/13): shaders left to compile 23
[2026.08.25-23.32.17:853][702]LogShaderCompilers: Display: Started 2 'Local' shader compile jobs with 'Normal' priority
[2026.08.25-23.32.17:908][707]LogShaderCompilers: Display: Worker (1/13): shaders left to compile 21
[2026.08.25-23.32.17:908][707]LogShaderCompilers: Display: Started 2 'Local' shader compile jobs with 'Normal' priority
[2026.08.25-23.32.17:981][707]LogShaderCompilers: Display: Worker (2/13): shaders left to compile 19
[2026.08.25-23.32.17:981][707]LogShaderCompilers: Display: Started 2 'Local' shader compile jobs with 'Normal' priority
[2026.08.25-23.32.18:015][708]LogShaderCompilers: Display: Worker (6/13): shaders left to compile 17
[2026.08.25-23.32.18:015][708]LogShaderCompilers: Display: Started 2 'Local' shader compile jobs with 'Normal' priority
[2026.08.25-23.32.18:041][710]LogShaderCompilers: Display: Worker (9/13): shaders left to compile 15
[2026.08.25-23.32.18:041][710]LogShaderCompilers: Display: Started 2 'Local' shader compile jobs with 'Normal' priority
[2026.08.25-23.32.18:077][713]LogShaderCompilers: Display: Worker (7/13): shaders left to compile 13
[2026.08.25-23.32.18:078][713]LogShaderCompilers: Display: Started 2 'Local' shader compile jobs with 'Normal' priority
[2026.08.25-23.32.18:278][726]LogShaderCompilers: Display: Worker (12/13): shaders left to compile 11
[2026.08.25-23.32.18:278][726]LogShaderCompilers: Display: Started 1 'Local' shader compile jobs with 'Normal' priority
[2026.08.25-23.32.18:389][735]LogShaderCompilers: Display: Worker (8/13): shaders left to compile 10
[2026.08.25-23.32.18:389][735]LogShaderCompilers: Display: Started 1 'Local' shader compile jobs with 'Normal' priority
[2026.08.25-23.32.18:415][737]LogShaderCompilers: Display: Worker (6/13): shaders left to compile 9
[2026.08.25-23.32.18:415][737]LogShaderCompilers: Display: Started 1 'Local' shader compile jobs with 'Normal' priority
[2026.08.25-23.32.18:437][738]LogShaderCompilers: Display: Worker (5/13): shaders left to compile 8
[2026.08.25-23.32.18:437][738]LogShaderCompilers: Display: Started 1 'Local' shader compile jobs with 'Normal' priority
[2026.08.25-23.32.18:453][739]LogShaderCompilers: Display: Worker (12/13): shaders left to compile 7
[2026.08.25-23.32.18:453][739]LogShaderCompilers: Display: Started 1 'Local' shader compile jobs with 'Normal' priority
[2026.08.25-23.32.18:481][741]LogShaderCompilers: Display: Worker (10/13): shaders left to compile 6
[2026.08.25-23.32.18:481][741]LogShaderCompilers: Display: Started 1 'Local' shader compile jobs with 'Normal' priority
[2026.08.25-23.32.18:481][741]LogShaderCompilers: Display: Worker (4/13): shaders left to compile 5
[2026.08.25-23.32.18:481][741]LogShaderCompilers: Display: Started 1 'Local' shader compile jobs with 'Normal' priority
[2026.08.25-23.32.18:513][742]LogShaderCompilers: Display: Worker (7/13): shaders left to compile 4
[2026.08.25-23.32.18:513][742]LogShaderCompilers: Display: Worker (8/13): shaders left to compile 3
[2026.08.25-23.32.18:513][742]LogShaderCompilers: Display: Started 2 'Local' shader compile jobs with 'Normal' priority
[2026.08.25-23.32.18:513][742]LogShaderCompilers: Display: Worker (1/13): shaders left to compile 2
[2026.08.25-23.32.18:513][742]LogShaderCompilers: Display: Started 1 'Local' shader compile jobs with 'Normal' priority
[2026.08.25-23.32.18:542][744]LogShaderCompilers: Display: Worker (3/13): shaders left to compile 1
[2026.08.25-23.32.18:542][744]LogShaderCompilers: Display: Started 1 'Local' shader compile jobs with 'Normal' priority
[2026.08.25-23.32.34:487][598]BlueprintLog: New page: Compile BP_Phone
[2026.08.25-23.32.34:545][598]LogUObjectHash: Compacting FUObjectHashTables data took   1.87ms
[2026.08.25-23.32.35:059][646]LogSavePackage: Moving 'E:/_Alex's Data/Unreal Engine/Unreal Projects/Brackeys2026/Brackeys-2026/BrackeysJam2026/Saved/BP_PhoneB13A3C864603CDF57A831FAF3D3E4250.tmp' to 'E:/_Alex's Data/Unreal Engine/Unreal Projects/Brackeys2026/Brackeys-2026/BrackeysJam2026/Content/Brackeys2026/Objects/Phone/BP_Phone.uasset'
[2026.08.25-23.32.35:081][646]AssetCheck: New page: Asset Save: BP_Phone
[2026.08.25-23.32.35:081][646]LogContentValidation: Display: Validating Blueprint /Game/Brackeys2026/Objects/Phone/BP_Phone.BP_Phone
[2026.08.25-23.32.38:123][989]LogUObjectHash: Compacting FUObjectHashTables data took   2.27ms
[2026.08.25-23.32.39:326][989]LogSlate: Window 'Save Content' being destroyed
[2026.08.25-23.32.39:384][989]LogUObjectHash: Compacting FUObjectHashTables data took   0.57ms
[2026.08.25-23.32.39:443][989]LogSavePackage: Moving 'E:/_Alex's Data/Unreal Engine/Unreal Projects/Brackeys2026/Brackeys-2026/BrackeysJam2026/Saved/Brackeys2026MapBC0D8C3B43AE9C51C0497A82B328E299.tmp' to 'E:/_Alex's Data/Unreal Engine/Unreal Projects/Brackeys2026/Brackeys-2026/BrackeysJam2026/Content/Brackeys2026/Levels/Brackeys2026Map.umap'
[2026.08.25-23.32.39:585][989]LogFileHelpers: Saving map 'Brackeys2026Map' took 0.229
[2026.08.25-23.32.40:316][989]LogSavePackage: Moving 'E:/_Alex's Data/Unreal Engine/Unreal Projects/Brackeys2026/Brackeys-2026/BrackeysJam2026/Saved/lowpoly_DefaultMaterial_BaseColoBE369DD7495E8875B02136BE87DB1316.tmp' to 'E:/_Alex's Data/Unreal Engine/Unreal Projects/Brackeys2026/Brackeys-2026/BrackeysJam2026/Content/Brackeys2026/Objects/Phone/lowpoly_DefaultMaterial_BaseColor.uasset'
[2026.08.25-23.32.41:181][989]LogSavePackage: Moving 'E:/_Alex's Data/Unreal Engine/Unreal Projects/Brackeys2026/Brackeys-2026/BrackeysJam2026/Saved/lowpoly_DefaultMaterial_NormalF8C2E50A412D16F5243CDEBBF1FAD6BE.tmp' to 'E:/_Alex's Data/Unreal Engine/Unreal Projects/Brackeys2026/Brackeys-2026/BrackeysJam2026/Content/Brackeys2026/Objects/Phone/lowpoly_DefaultMaterial_Normal.uasset'
[2026.08.25-23.32.41:732][989]LogSavePackage: Moving 'E:/_Alex's Data/Unreal Engine/Unreal Projects/Brackeys2026/Brackeys-2026/BrackeysJam2026/Saved/lowpoly_DefaultMaterial_OcclusioEC4EADFC482BF90C0066848E8510FD15.tmp' to 'E:/_Alex's Data/Unreal Engine/Unreal Projects/Brackeys2026/Brackeys-2026/BrackeysJam2026/Content/Brackeys2026/Objects/Phone/lowpoly_DefaultMaterial_OcclusionRoughnessMetallic.uasset'
[2026.08.25-23.32.42:015][989]LogSavePackage: Moving 'E:/_Alex's Data/Unreal Engine/Unreal Projects/Brackeys2026/Brackeys-2026/BrackeysJam2026/Saved/Material_0013354B7894784C0602115FBA3AFF718C9.tmp' to 'E:/_Alex's Data/Unreal Engine/Unreal Projects/Brackeys2026/Brackeys-2026/BrackeysJam2026/Content/Brackeys2026/Objects/Phone/Material_001.uasset'
[2026.08.25-23.32.42:035][989]LogSavePackage: Moving 'E:/_Alex's Data/Unreal Engine/Unreal Projects/Brackeys2026/Brackeys-2026/BrackeysJam2026/Saved/Phone_lowpolyECE8E032417EC3ED4EE0D68B00AAA42F.tmp' to 'E:/_Alex's Data/Unreal Engine/Unreal Projects/Brackeys2026/Brackeys-2026/BrackeysJam2026/Content/Brackeys2026/Objects/Phone/Phone_lowpoly.uasset'
[2026.08.25-23.32.42:042][989]LogSavePackage: Moving 'E:/_Alex's Data/Unreal Engine/Unreal Projects/Brackeys2026/Brackeys-2026/BrackeysJam2026/Saved/Phone_lowpoly_002FC64A8594BB12F89A184BCA50CCDA165.tmp' to 'E:/_Alex's Data/Unreal Engine/Unreal Projects/Brackeys2026/Brackeys-2026/BrackeysJam2026/Content/Brackeys2026/Objects/Phone/Phone_lowpoly_002.uasset'
[2026.08.25-23.32.42:057][989]AssetCheck: New page: Asset Save: multiple assets
[2026.08.25-23.32.42:057][989]LogContentValidation: Display: Validating World /Game/Brackeys2026/Levels/Brackeys2026Map.Brackeys2026Map
[2026.08.25-23.32.42:057][989]LogContentValidation: Display: Validating StaticMesh /Game/Brackeys2026/Objects/Phone/Phone_lowpoly_002.Phone_lowpoly_002
[2026.08.25-23.32.42:057][989]LogContentValidation: Display: Validating Material /Game/Brackeys2026/Objects/Phone/Material_001.Material_001
[2026.08.25-23.32.42:057][989]LogContentValidation: Display: Validating StaticMesh /Game/Brackeys2026/Objects/Phone/Phone_lowpoly.Phone_lowpoly
[2026.08.25-23.32.42:057][989]LogContentValidation: Display: Validating Texture2D /Game/Brackeys2026/Objects/Phone/lowpoly_DefaultMaterial_OcclusionRoughnessMetallic.lowpoly_DefaultMaterial_OcclusionRoughnessMetallic
[2026.08.25-23.32.42:057][989]LogContentValidation: Display: Validating Texture2D /Game/Brackeys2026/Objects/Phone/lowpoly_DefaultMaterial_Normal.lowpoly_DefaultMaterial_Normal
[2026.08.25-23.32.42:057][989]LogContentValidation: Display: Validating Texture2D /Game/Brackeys2026/Objects/Phone/lowpoly_DefaultMaterial_BaseColor.lowpoly_DefaultMaterial_BaseColor
[2026.08.25-23.32.48:899][471]LogSlate: Window 'Switch Project' being destroyed
[2026.08.25-23.32.48:909][472]Cmd: CLOSE_SLATE_MAINFRAME
[2026.08.25-23.32.48:941][472]LogUObjectHash: Compacting FUObjectHashTables data took   1.78ms
[2026.08.25-23.32.48:966][472]LogWorld: UWorld::CleanupWorld for World_1, bSessionEnded=true, bCleanupResources=true
[2026.08.25-23.32.48:966][472]LogSlate: InvalidateAllWidgets triggered.  All widgets were invalidated
[2026.08.25-23.32.49:040][472]LogActorComponent: UnregisterComponent: (/Engine/Transient.EditorFloorComp) Not registered. Aborting.
[2026.08.25-23.32.49:040][472]LogWorld: UWorld::CleanupWorld for World_2, bSessionEnded=true, bCleanupResources=true
[2026.08.25-23.32.49:040][472]LogSlate: InvalidateAllWidgets triggered.  All widgets were invalidated
[2026.08.25-23.32.49:106][472]LogActorComponent: UnregisterComponent: (/Engine/Transient.EditorFloorComp) Not registered. Aborting.
[2026.08.25-23.32.49:106][472]LogWorld: UWorld::CleanupWorld for World_3, bSessionEnded=true, bCleanupResources=true
[2026.08.25-23.32.49:106][472]LogSlate: InvalidateAllWidgets triggered.  All widgets were invalidated
[2026.08.25-23.32.49:153][472]LogActorComponent: UnregisterComponent: (/Engine/Transient.EditorFloorComp) Not registered. Aborting.
[2026.08.25-23.32.49:153][472]LogWorld: UWorld::CleanupWorld for World_4, bSessionEnded=true, bCleanupResources=true
[2026.08.25-23.32.49:153][472]LogSlate: InvalidateAllWidgets triggered.  All widgets were invalidated
[2026.08.25-23.32.49:203][472]LogActorComponent: UnregisterComponent: (/Engine/Transient.EditorFloorComp) Not registered. Aborting.
[2026.08.25-23.32.49:203][472]LogWorld: UWorld::CleanupWorld for World_5, bSessionEnded=true, bCleanupResources=true
[2026.08.25-23.32.49:203][472]LogSlate: InvalidateAllWidgets triggered.  All widgets were invalidated
[2026.08.25-23.32.49:261][472]LogWorld: UWorld::CleanupWorld for World_7, bSessionEnded=true, bCleanupResources=true
[2026.08.25-23.32.49:261][472]LogSlate: InvalidateAllWidgets triggered.  All widgets were invalidated
[2026.08.25-23.32.49:269][472]LogWorld: UWorld::CleanupWorld for World_6, bSessionEnded=true, bCleanupResources=true
[2026.08.25-23.32.49:269][472]LogSlate: InvalidateAllWidgets triggered.  All widgets were invalidated
[2026.08.25-23.32.49:316][472]LogActorComponent: UnregisterComponent: (/Engine/Transient.EditorFloorComp) Not registered. Aborting.
[2026.08.25-23.32.49:316][472]LogWorld: UWorld::CleanupWorld for World_8, bSessionEnded=true, bCleanupResources=true
[2026.08.25-23.32.49:316][472]LogSlate: InvalidateAllWidgets triggered.  All widgets were invalidated
[2026.08.25-23.32.49:378][472]LogWorld: UWorld::CleanupWorld for World_19, bSessionEnded=true, bCleanupResources=true
[2026.08.25-23.32.49:378][472]LogSlate: InvalidateAllWidgets triggered.  All widgets were invalidated
[2026.08.25-23.32.49:406][472]LogSlate: Window 'BrackeysJam2026 - Unreal Editor' being destroyed
[2026.08.25-23.32.49:539][473]Cmd: QUIT_EDITOR
[2026.08.25-23.32.49:539][473]LogCore: Engine exit requested (reason: UUnrealEdEngine::CloseEditor())
[2026.08.25-23.32.49:674][473]LogCore: Engine exit requested (reason: EngineExit() was called; note: exit was already requested)
[2026.08.25-23.32.49:944][473]LogAudio: Display: Beginning Audio Device Manager Shutdown (Module: AudioMixerXAudio2)...
[2026.08.25-23.32.49:944][473]LogAudio: Display: Destroying 1 Remaining Audio Device(s)...
[2026.08.25-23.32.49:944][473]LogAudio: Display: Audio Device unregistered from world 'Brackeys2026Map'.
[2026.08.25-23.32.49:944][473]LogAudioMixer: FMixerPlatformXAudio2::StopAudioStream() called
[2026.08.25-23.32.49:945][473]LogAudioMixer: FMixerPlatformXAudio2::StopAudioStream() called
[2026.08.25-23.32.49:947][473]LogAudio: Display: Audio Device Manager Shutdown
[2026.08.25-23.32.49:952][473]LogExit: Preparing to exit.
[2026.08.25-23.32.50:876][473]LogUObjectHash: Compacting FUObjectHashTables data took   3.01ms
[2026.08.25-23.32.50:993][473]LogWorld: UWorld::CleanupWorld for World_9, bSessionEnded=true, bCleanupResources=true
[2026.08.25-23.32.50:997][473]LogWorld: UWorld::CleanupWorld for World_10, bSessionEnded=true, bCleanupResources=true
[2026.08.25-23.32.51:001][473]LogWorld: UWorld::CleanupWorld for World_0, bSessionEnded=true, bCleanupResources=true
[2026.08.25-23.32.51:005][473]LogWorld: UWorld::CleanupWorld for World_20, bSessionEnded=true, bCleanupResources=true
[2026.08.25-23.32.51:008][473]LogWorld: UWorld::CleanupWorld for World_11, bSessionEnded=true, bCleanupResources=true
[2026.08.25-23.32.51:061][473]LogDemo: Cleaned up 0 splitscreen connections with owner deletion
[2026.08.25-23.32.51:071][473]LogWorld: UWorld::CleanupWorld for None, bSessionEnded=true, bCleanupResources=true
[2026.08.25-23.32.51:071][473]LogExit: Editor shut down
[2026.08.25-23.32.51:071][473]LogExit: Transaction tracking system shut down
[2026.08.25-23.32.51:357][473]LogExit: Object subsystem successfully closed.
[2026.08.25-23.32.51:380][473]LogShaderCompilers: Display: === FShaderJobCache stats ===
[2026.08.25-23.32.51:380][473]LogShaderCompilers: Display: Total job queries 1232, among them cache hits 712 (57.79%)
[2026.08.25-23.32.51:380][473]LogShaderCompilers: Display: Tracking 379 distinct input hashes that result in 173 distinct outputs (45.65%)
[2026.08.25-23.32.51:380][473]LogShaderCompilers: Display: RAM used: 0.87 MB (0.00 GB) of 1638.40 MB (1.60 GB) budget. Usage: 0.05%
[2026.08.25-23.32.51:380][473]LogShaderCompilers: Display: ================================================
[2026.08.25-23.32.51:397][473]LogShaderCompilers: Display: Shaders left to compile 0
[2026.08.25-23.32.51:431][473]LogModuleManager: Shutting down and abandoning module HierarchicalLODUtilities (888)
[2026.08.25-23.32.51:431][473]LogModuleManager: Shutting down and abandoning module MovieSceneCapture (886)
[2026.08.25-23.32.51:431][473]LogModuleManager: Shutting down and abandoning module Voice (884)
[2026.08.25-23.32.51:432][473]LogModuleManager: Shutting down and abandoning module StaticMeshEditor (882)
[2026.08.25-23.32.51:432][473]LogModuleManager: Shutting down and abandoning module SequencerWidgets (880)
[2026.08.25-23.32.51:432][473]LogModuleManager: Shutting down and abandoning module BlueprintGraph (878)
[2026.08.25-23.32.51:432][473]LogModuleManager: Shutting down and abandoning module HierarchicalLODOutliner (876)
[2026.08.25-23.32.51:432][473]LogModuleManager: Shutting down and abandoning module AddContentDialog (874)
[2026.08.25-23.32.51:432][473]LogModuleManager: Shutting down and abandoning module WidgetCarousel (873)
[2026.08.25-23.32.51:432][473]LogModuleManager: Shutting down and abandoning module EditorWidgets (870)
[2026.08.25-23.32.51:432][473]LogModuleManager: Shutting down and abandoning module ExternalImagePicker (868)
[2026.08.25-23.32.51:432][473]LogModuleManager: Shutting down and abandoning module SceneOutliner (866)
[2026.08.25-23.32.51:432][473]LogModuleManager: Shutting down and abandoning module StatsViewer (862)
[2026.08.25-23.32.51:432][473]LogModuleManager: Shutting down and abandoning module PIEPreviewDeviceProfileSelector (860)
[2026.08.25-23.32.51:433][473]LogModuleManager: Shutting down and abandoning module SequenceRecorderSections (858)
[2026.08.25-23.32.51:433][473]LogModuleManager: Shutting down and abandoning module AutomationWorker (856)
[2026.08.25-23.32.51:433][473]LogModuleManager: Shutting down and abandoning module SteamVREditor (854)
[2026.08.25-23.32.51:433][473]LogModuleManager: Shutting down and abandoning module OculusMR (852)
[2026.08.25-23.32.51:433][473]LogModuleManager: Shutting down and abandoning module TakeRecorderSources (850)
[2026.08.25-23.32.51:433][473]LogModuleManager: Shutting down and abandoning module TakeRecorder (849)
[2026.08.25-23.32.51:433][473]LogModuleManager: Shutting down and abandoning module TakeTrackRecorders (846)
[2026.08.25-23.32.51:433][473]LogModuleManager: Shutting down and abandoning module TakesCore (844)
[2026.08.25-23.32.51:433][473]LogModuleManager: Shutting down and abandoning module OpenXRInput (842)
[2026.08.25-23.32.51:433][473]LogModuleManager: Shutting down and abandoning module GooglePADEditor (840)
[2026.08.25-23.32.51:433][473]LogModuleManager: Shutting down and abandoning module AudioCaptureEditor (838)
[2026.08.25-23.32.51:433][473]LogModuleManager: Shutting down and abandoning module TemplateSequenceEditor (836)
[2026.08.25-23.32.51:433][473]LogModuleManager: Shutting down and abandoning module LevelSequenceEditor (834)
[2026.08.25-23.32.51:433][473]LogModuleManager: Shutting down and abandoning module MatineeToLevelSequence (832)
[2026.08.25-23.32.51:433][473]LogModuleManager: Shutting down and abandoning module ActorSequenceEditor (830)
[2026.08.25-23.32.51:433][473]LogModuleManager: Shutting down and abandoning module PlanarCut (828)
[2026.08.25-23.32.51:433][473]LogModuleManager: Shutting down and abandoning module MagicLeapMediaCodecFactory (826)
[2026.08.25-23.32.51:433][473]LogModuleManager: Shutting down and abandoning module MagicLeapMediaFactory (824)
[2026.08.25-23.32.51:433][473]LogModuleManager: Shutting down and abandoning module MagicLeapMediaEditor (822)
[2026.08.25-23.32.51:433][473]LogModuleManager: Shutting down and abandoning module WmfMediaFactory (820)
[2026.08.25-23.32.51:433][473]LogModuleManager: Shutting down and abandoning module WmfMediaEditor (818)
[2026.08.25-23.32.51:433][473]LogModuleManager: Shutting down and abandoning module WebMMediaFactory (816)
[2026.08.25-23.32.51:433][473]LogModuleManager: Shutting down and abandoning module WebMMediaEditor (814)
[2026.08.25-23.32.51:433][473]LogModuleManager: Shutting down and abandoning module WebMMedia (812)
[2026.08.25-23.32.51:433][473]LogModuleManager: Shutting down and abandoning module MediaPlayerEditor (810)
[2026.08.25-23.32.51:433][473]LogModuleManager: Shutting down and abandoning module MediaCompositingEditor (808)
[2026.08.25-23.32.51:433][473]LogModuleManager: Shutting down and abandoning module SequenceRecorder (807)
[2026.08.25-23.32.51:433][473]LogModuleManager: Shutting down and abandoning module OpenExrWrapper (804)
[2026.08.25-23.32.51:433][473]LogModuleManager: Shutting down and abandoning module ImgMediaFactory (802)
[2026.08.25-23.32.51:433][473]LogModuleManager: Shutting down and abandoning module ImgMediaEditor (800)
[2026.08.25-23.32.51:433][473]LogModuleManager: Shutting down and abandoning module AvfMediaFactory (798)
[2026.08.25-23.32.51:433][473]LogModuleManager: Shutting down and abandoning module AvfMediaEditor (796)
[2026.08.25-23.32.51:433][473]LogModuleManager: Shutting down and abandoning module AndroidMediaFactory (794)
[2026.08.25-23.32.51:433][473]LogModuleManager: Shutting down and abandoning module AndroidMediaEditor (792)
[2026.08.25-23.32.51:433][473]LogModuleManager: Shutting down and abandoning module TextureAlignMode (790)
[2026.08.25-23.32.51:433][473]LogModuleManager: Shutting down and abandoning module BspMode (788)
[2026.08.25-23.32.51:433][473]LogModuleManager: Shutting down and abandoning module GeometryMode (786)
[2026.08.25-23.32.51:433][473]LogModuleManager: Shutting down and abandoning module CharacterAI (784)
[2026.08.25-23.32.51:434][473]LogModuleManager: Shutting down and abandoning module CameraShakePreviewer (782)
[2026.08.25-23.32.51:434][473]LogModuleManager: Shutting down and abandoning module SmartSnapping (780)
[2026.08.25-23.32.51:434][473]LogModuleManager: Shutting down and abandoning module SessionServices (778)
[2026.08.25-23.32.51:434][473]LogModuleManager: Shutting down and abandoning module MeshPaint (776)
[2026.08.25-23.32.51:434][473]LogModuleManager: Shutting down and abandoning module VirtualTexturingEditor (774)
[2026.08.25-23.32.51:434][473]LogModuleManager: Shutting down and abandoning module FoliageEdit (772)
[2026.08.25-23.32.51:434][473]LogModuleManager: Shutting down and abandoning module LandscapeEditor (770)
[2026.08.25-23.32.51:434][473]LogModuleManager: Shutting down and abandoning module MeshPaintMode (768)
[2026.08.25-23.32.51:434][473]LogModuleManager: Shutting down and abandoning module SceneDepthPickerMode (766)
[2026.08.25-23.32.51:434][473]LogModuleManager: Shutting down and abandoning module ActorPickerMode (764)
[2026.08.25-23.32.51:434][473]LogModuleManager: Shutting down and abandoning module PlacementMode (762)
[2026.08.25-23.32.51:434][473]LogModuleManager: Shutting down and abandoning module ViewportSnapping (760)
[2026.08.25-23.32.51:434][473]LogModuleManager: Shutting down and abandoning module ViewportInteraction (758)
[2026.08.25-23.32.51:434][473]LogModuleManager: Shutting down and abandoning module ClothPainter (756)
[2026.08.25-23.32.51:434][473]LogModuleManager: Shutting down and abandoning module SkeletalMeshEditor (755)
[2026.08.25-23.32.51:434][473]LogModuleManager: Shutting down and abandoning module LogVisualizer (752)
[2026.08.25-23.32.51:434][473]LogModuleManager: Shutting down and abandoning module IntroTutorials (750)
[2026.08.25-23.32.51:434][473]LogModuleManager: Shutting down and abandoning module GameProjectGeneration (749)
[2026.08.25-23.32.51:434][473]LogModuleManager: Shutting down and abandoning module LuminPlatformEditor (746)
[2026.08.25-23.32.51:434][473]LogModuleManager: Shutting down and abandoning module IOSPlatformEditor (744)
[2026.08.25-23.32.51:434][473]LogModuleManager: Shutting down and abandoning module AndroidPlatformEditor (742)
[2026.08.25-23.32.51:434][473]LogModuleManager: Shutting down and abandoning module AndroidDeviceDetection (741)
[2026.08.25-23.32.52:216][473]LogModuleManager: Shutting down and abandoning module WindowsPlatformEditor (738)
[2026.08.25-23.32.52:216][473]LogModuleManager: Shutting down and abandoning module LuminRuntimeSettings (736)
[2026.08.25-23.32.52:216][473]LogModuleManager: Shutting down and abandoning module IOSRuntimeSettings (734)
[2026.08.25-23.32.52:216][473]LogModuleManager: Shutting down and abandoning module AndroidRuntimeSettings (732)
[2026.08.25-23.32.52:216][473]LogModuleManager: Shutting down and abandoning module TraceInsights (730)
[2026.08.25-23.32.52:216][473]MemoryProfiler: Shutdown
[2026.08.25-23.32.52:216][473]NetworkingProfiler: Shutdown
[2026.08.25-23.32.52:216][473]LoadingProfiler: Shutdown
[2026.08.25-23.32.52:216][473]TimingProfiler: Shutdown
[2026.08.25-23.32.52:216][473]LogModuleManager: Shutting down and abandoning module TraceServices (729)
[2026.08.25-23.32.52:216][473]LogModuleManager: Shutting down and abandoning module EditorInteractiveToolsFramework (726)
[2026.08.25-23.32.52:216][473]LogModuleManager: Shutting down and abandoning module TimeManagementEditor (724)
[2026.08.25-23.32.52:216][473]LogModuleManager: Shutting down and abandoning module InputBindingEditor (722)
[2026.08.25-23.32.52:216][473]LogModuleManager: Shutting down and abandoning module MergeActors (720)
[2026.08.25-23.32.52:216][473]LogModuleManager: Shutting down and abandoning module LocalizationDashboard (718)
[2026.08.25-23.32.52:216][473]LogModuleManager: Shutting down and abandoning module LocalizationService (717)
[2026.08.25-23.32.52:216][473]LogModuleManager: Shutting down and abandoning module HardwareTargeting (714)
[2026.08.25-23.32.52:216][473]LogModuleManager: Shutting down and abandoning module DeviceProfileEditor (712)
[2026.08.25-23.32.52:216][473]LogModuleManager: Shutting down and abandoning module UndoHistory (710)
[2026.08.25-23.32.52:216][473]LogModuleManager: Shutting down and abandoning module XmlParser (708)
[2026.08.25-23.32.52:216][473]LogModuleManager: Shutting down and abandoning module Blutility (706)
[2026.08.25-23.32.52:216][473]LogModuleManager: Shutting down and abandoning module ProjectSettingsViewer (704)
[2026.08.25-23.32.52:216][473]LogModuleManager: Shutting down and abandoning module ProjectTargetPlatformEditor (703)
[2026.08.25-23.32.52:217][473]LogModuleManager: Shutting down and abandoning module EditorSettingsViewer (700)
[2026.08.25-23.32.52:217][473]LogModuleManager: Shutting down and abandoning module InternationalizationSettings (699)
[2026.08.25-23.32.52:217][473]LogModuleManager: Shutting down and abandoning module SettingsEditor (696)
[2026.08.25-23.32.52:217][473]LogModuleManager: Shutting down and abandoning module ProjectLauncher (694)
[2026.08.25-23.32.52:217][473]LogModuleManager: Shutting down and abandoning module SessionFrontend (692)
[2026.08.25-23.32.52:217][473]LogModuleManager: Shutting down and abandoning module ProfilerClient (690)
[2026.08.25-23.32.52:217][473]LogModuleManager: Shutting down and abandoning module DeviceManager (688)
[2026.08.25-23.32.52:217][473]LogModuleManager: Shutting down and abandoning module TargetDeviceServices (687)
[2026.08.25-23.32.52:249][473]LogModuleManager: Shutting down and abandoning module AutomationController (684)
[2026.08.25-23.32.52:249][473]LogModuleManager: Shutting down and abandoning module AutomationWindow (682)
[2026.08.25-23.32.52:249][473]LogModuleManager: Shutting down and abandoning module Layers (680)
[2026.08.25-23.32.52:249][473]LogModuleManager: Shutting down and abandoning module ComponentVisualizers (678)
[2026.08.25-23.32.52:249][473]LogModuleManager: Shutting down and abandoning module DetailCustomizations (676)
[2026.08.25-23.32.52:249][473]LogModuleManager: Shutting down and abandoning module PackagesDialog (674)
[2026.08.25-23.32.52:249][473]LogModuleManager: Shutting down and abandoning module AnimationBlueprintEditor (672)
[2026.08.25-23.32.52:249][473]LogModuleManager: Shutting down and abandoning module Persona (670)
[2026.08.25-23.32.52:249][473]LogModuleManager: Shutting down and abandoning module AdvancedPreviewScene (669)
[2026.08.25-23.32.52:249][473]LogModuleManager: Shutting down and abandoning module Kismet (666)
[2026.08.25-23.32.52:257][473]LogModuleManager: Shutting down and abandoning module KismetWidgets (665)
[2026.08.25-23.32.52:257][473]LogModuleManager: Shutting down and abandoning module GraphEditor (662)
[2026.08.25-23.32.52:257][473]LogModuleManager: Shutting down and abandoning module StructViewer (660)
[2026.08.25-23.32.52:257][473]LogModuleManager: Shutting down and abandoning module ClassViewer (658)
[2026.08.25-23.32.52:257][473]LogModuleManager: Shutting down and abandoning module Toolbox (656)
[2026.08.25-23.32.52:257][473]LogModuleManager: Shutting down and abandoning module ModuleUI (654)
[2026.08.25-23.32.52:257][473]LogModuleManager: Shutting down and abandoning module OutputLog (652)
[2026.08.25-23.32.52:258][473]LogModuleManager: Shutting down and abandoning module GammaUI (650)
[2026.08.25-23.32.52:258][473]LogModuleManager: Shutting down and abandoning module Documentation (648)
[2026.08.25-23.32.52:258][473]LogModuleManager: Shutting down and abandoning module LiveCoding (646)
[2026.08.25-23.32.52:258][473]LogModuleManager: Shutting down and abandoning module LevelSequence (644)
[2026.08.25-23.32.52:258][473]LogModuleManager: Shutting down and abandoning module MovieSceneTracks (642)
[2026.08.25-23.32.52:258][473]LogModuleManager: Shutting down and abandoning module MovieScene (640)
[2026.08.25-23.32.52:258][473]LogModuleManager: Shutting down and abandoning module StreamingPauseRendering (638)
[2026.08.25-23.32.52:258][473]LogModuleManager: Shutting down and abandoning module LauncherPlatform (636)
[2026.08.25-23.32.52:258][473]LogModuleManager: Shutting down and abandoning module AnalyticsET (634)
[2026.08.25-23.32.52:258][473]LogModuleManager: Shutting down and abandoning module PortalServices (632)
[2026.08.25-23.32.52:258][473]LogModuleManager: Shutting down and abandoning module PortalRpc (630)
[2026.08.25-23.32.52:258][473]LogModuleManager: Shutting down and abandoning module MessagingRpc (628)
[2026.08.25-23.32.52:258][473]LogModuleManager: Shutting down and abandoning module AudioMixerXAudio2 (626)
[2026.08.25-23.32.52:258][473]LogModuleManager: Shutting down and abandoning module AudioMixerCore (625)
[2026.08.25-23.32.52:258][473]LogModuleManager: Shutting down and abandoning module AIModule (622)
[2026.08.25-23.32.52:258][473]LogModuleManager: Shutting down and abandoning module GameplayDebugger (621)
[2026.08.25-23.32.52:258][473]LogModuleManager: Shutting down and abandoning module AITestSuite (619)
[2026.08.25-23.32.52:258][473]LogModuleManager: Shutting down and abandoning module NavigationSystem (617)
[2026.08.25-23.32.52:258][473]LogModuleManager: Shutting down and abandoning module ImageWriteQueue (614)
[2026.08.25-23.32.52:263][473]LogModuleManager: Shutting down and abandoning module ProfilerService (612)
[2026.08.25-23.32.52:450][473]LogModuleManager: Shutting down and abandoning module TaskGraph (610)
[2026.08.25-23.32.52:450][473]LogModuleManager: Shutting down and abandoning module AudioSynesthesiaEditor (608)
[2026.08.25-23.32.52:450][473]LogModuleManager: Shutting down and abandoning module OculusEditor (606)
[2026.08.25-23.32.52:450][473]LogModuleManager: Shutting down and abandoning module OculusInput (604)
[2026.08.25-23.32.52:450][473]LogModuleManager: Shutting down and abandoning module ContentBrowserFileDataSource (602)
[2026.08.25-23.32.52:450][473]LogModuleManager: Shutting down and abandoning module ContentBrowserClassDataSource (600)
[2026.08.25-23.32.52:450][473]LogModuleManager: Shutting down and abandoning module ContentBrowserAssetDataSource (598)
[2026.08.25-23.32.52:450][473]LogModuleManager: Shutting down and abandoning module CollectionManager (597)
[2026.08.25-23.32.52:450][473]LogModuleManager: Shutting down and abandoning module SynthesisEditor (594)
[2026.08.25-23.32.52:450][473]LogModuleManager: Shutting down and abandoning module Synthesis (592)
[2026.08.25-23.32.52:450][473]LogModuleManager: Shutting down and abandoning module ProceduralMeshComponentEditor (590)
[2026.08.25-23.32.52:450][473]LogModuleManager: Shutting down and abandoning module ProceduralMeshComponent (588)
[2026.08.25-23.32.52:450][473]LogModuleManager: Shutting down and abandoning module TakeSequencer (586)
[2026.08.25-23.32.52:450][473]LogModuleManager: Shutting down and abandoning module TakeMovieScene (584)
[2026.08.25-23.32.52:450][473]LogModuleManager: Shutting down and abandoning module OpenXREditor (582)
[2026.08.25-23.32.52:450][473]LogModuleManager: Shutting down and abandoning module MobilePatchingUtils (580)
[2026.08.25-23.32.52:451][473]LogModuleManager: Shutting down and abandoning module GooglePAD (578)
[2026.08.25-23.32.52:451][473]LogModuleManager: Shutting down and abandoning module ScreenshotTools (576)
[2026.08.25-23.32.52:451][473]LogModuleManager: Shutting down and abandoning module AssetTags (574)
[2026.08.25-23.32.52:451][473]LogModuleManager: Shutting down and abandoning module EditableMesh (572)
[2026.08.25-23.32.52:451][473]LogModuleManager: Shutting down and abandoning module CustomMeshComponent (570)
[2026.08.25-23.32.52:451][473]LogModuleManager: Shutting down and abandoning module CableComponent (568)
[2026.08.25-23.32.52:451][473]LogModuleManager: Shutting down and abandoning module AndroidPermission (566)
[2026.08.25-23.32.52:451][473]LogModuleManager: Shutting down and abandoning module AppleImageUtilsBlueprintSupport (564)
[2026.08.25-23.32.52:451][473]LogModuleManager: Shutting down and abandoning module AppleImageUtils (562)
[2026.08.25-23.32.52:451][473]LogModuleManager: Shutting down and abandoning module AudioCapture (560)
[2026.08.25-23.32.52:451][473]LogModuleManager: Shutting down and abandoning module AudioCaptureRtAudio (559)
[2026.08.25-23.32.52:451][473]LogModuleManager: Shutting down and abandoning module ArchVisCharacter (556)
[2026.08.25-23.32.52:451][473]LogModuleManager: Shutting down and abandoning module ActorLayerUtilitiesEditor (554)
[2026.08.25-23.32.52:451][473]LogModuleManager: Shutting down and abandoning module ActorLayerUtilities (552)
[2026.08.25-23.32.52:451][473]LogModuleManager: Shutting down and abandoning module TemplateSequence (550)
[2026.08.25-23.32.52:451][473]LogModuleManager: Shutting down and abandoning module OpenImageDenoise (548)
[2026.08.25-23.32.52:451][473]LogOpenImageDenoise: OIDN shutting down
[2026.08.25-23.32.52:451][473]LogModuleManager: Shutting down and abandoning module MotoSynthEditor (546)
[2026.08.25-23.32.52:451][473]LogModuleManager: Shutting down and abandoning module MotoSynth (544)
[2026.08.25-23.32.52:451][473]LogModuleManager: Shutting down and abandoning module MeshConversion (542)
[2026.08.25-23.32.52:451][473]LogModuleManager: Shutting down and abandoning module DynamicMesh (540)
[2026.08.25-23.32.52:451][473]LogModuleManager: Shutting down and abandoning module GeometryAlgorithms (538)
[2026.08.25-23.32.52:451][473]LogModuleManager: Shutting down and abandoning module GeometricObjects (536)
[2026.08.25-23.32.52:451][473]LogModuleManager: Shutting down and abandoning module GeometryCollectionTracks (534)
[2026.08.25-23.32.52:451][473]LogModuleManager: Shutting down and abandoning module GeometryCollectionSequencer (533)
[2026.08.25-23.32.52:451][473]LogModuleManager: Shutting down and abandoning module GeometryCollectionEditor (530)
[2026.08.25-23.32.52:451][473]LogModuleManager: Shutting down and abandoning module GeometryCacheTracks (528)
[2026.08.25-23.32.52:451][473]LogModuleManager: Shutting down and abandoning module GeometryCacheStreamer (526)
[2026.08.25-23.32.52:451][473]LogModuleManager: Shutting down and abandoning module GeometryCacheSequencer (524)
[2026.08.25-23.32.52:451][473]LogModuleManager: Shutting down and abandoning module MagicLeapSharedWorld (522)
[2026.08.25-23.32.52:451][473]LogModuleManager: Shutting down and abandoning module MagicLeapLightEstimation (520)
[2026.08.25-23.32.52:451][473]LogModuleManager: Shutting down and abandoning module MagicLeapHelperVulkan (518)
[2026.08.25-23.32.52:451][473]LogModuleManager: Shutting down and abandoning module MagicLeapHelperOpenGL (516)
[2026.08.25-23.32.52:451][473]LogModuleManager: Shutting down and abandoning module MagicLeapAudio (514)
[2026.08.25-23.32.52:451][473]LogModuleManager: Shutting down and abandoning module MediaCompositing (512)
[2026.08.25-23.32.52:451][473]LogModuleManager: Shutting down and abandoning module ImgMedia (510)
[2026.08.25-23.32.52:451][473]LogModuleManager: Shutting down and abandoning module VariantManagerContentEditor (508)
[2026.08.25-23.32.52:451][473]LogModuleManager: Shutting down and abandoning module DatasmithContentEditor (506)
[2026.08.25-23.32.52:451][473]LogModuleManager: Shutting down and abandoning module PluginBrowser (504)
[2026.08.25-23.32.52:451][473]LogModuleManager: Shutting down and abandoning module MaterialAnalyzer (502)
[2026.08.25-23.32.52:451][473]LogModuleManager: Shutting down and abandoning module SpeedTreeImporter (500)
[2026.08.25-23.32.52:451][473]LogModuleManager: Shutting down and abandoning module MobileLauncherProfileWizard (498)
[2026.08.25-23.32.52:451][473]LogModuleManager: Shutting down and abandoning module NiagaraEditorWidgets (496)
[2026.08.25-23.32.52:451][473]LogModuleManager: Shutting down and abandoning module CurveEditorTools (494)
[2026.08.25-23.32.52:451][473]LogModuleManager: Shutting down and abandoning module CryptoKeysOpenSSL (492)
[2026.08.25-23.32.52:451][473]LogModuleManager: Shutting down and abandoning module CryptoKeys (490)
[2026.08.25-23.32.52:451][473]LogModuleManager: Shutting down and abandoning module VisualStudioCodeSourceCodeAccess (488)
[2026.08.25-23.32.52:451][473]LogModuleManager: Shutting down and abandoning module ChaosSolverEditor (486)
[2026.08.25-23.32.52:451][473]LogModuleManager: Shutting down and abandoning module VisualStudioSourceCodeAccess (484)
[2026.08.25-23.32.52:451][473]LogModuleManager: Shutting down and abandoning module ChaosNiagara (482)
[2026.08.25-23.32.52:451][473]LogModuleManager: Shutting down and abandoning module ChaosClothEditor (480)
[2026.08.25-23.32.52:451][473]LogModuleManager: Shutting down and abandoning module FractureEditor (478)
[2026.08.25-23.32.52:451][473]LogModuleManager: Shutting down and abandoning module FieldSystemEngine (477)
[2026.08.25-23.32.52:451][473]LogModuleManager: Shutting down and abandoning module PerforceSourceControl (474)
[2026.08.25-23.32.52:451][473]LogModuleManager: Shutting down and abandoning module AutomationUtilsEditor (472)
[2026.08.25-23.32.52:452][473]LogModuleManager: Shutting down and abandoning module AutomationUtils (470)
[2026.08.25-23.32.52:452][473]LogModuleManager: Shutting down and abandoning module BackChannel (468)
[2026.08.25-23.32.52:452][473]LogModuleManager: Shutting down and abandoning module AlembicImporter (466)
[2026.08.25-23.32.52:452][473]LogModuleManager: Shutting down and abandoning module AlembicLibrary (465)
[2026.08.25-23.32.52:452][473]LogModuleManager: Shutting down and abandoning module GeometryCache (464)
[2026.08.25-23.32.52:452][473]LogModuleManager: Shutting down and abandoning module GeometryCacheEd (463)
[2026.08.25-23.32.52:452][473]LogModuleManager: Shutting down and abandoning module UObjectPlugin (458)
[2026.08.25-23.32.52:452][473]LogModuleManager: Shutting down and abandoning module RiderSourceCodeAccess (456)
[2026.08.25-23.32.52:452][473]LogModuleManager: Shutting down and abandoning module SubversionSourceControl (454)
[2026.08.25-23.32.52:452][473]LogModuleManager: Shutting down and abandoning module PluginUtils (452)
[2026.08.25-23.32.52:452][473]LogModuleManager: Shutting down and abandoning module PlasticSourceControl (450)
[2026.08.25-23.32.52:452][473]LogModuleManager: Shutting down and abandoning module GitSourceControl (448)
[2026.08.25-23.32.52:452][473]LogModuleManager: Shutting down and abandoning module SourceControl (447)
[2026.08.25-23.32.52:452][473]LogModuleManager: Shutting down and abandoning module OodleNetworkHandlerComponent (444)
[2026.08.25-23.32.52:452][473]LogModuleManager: Shutting down and abandoning module CLionSourceCodeAccess (442)
[2026.08.25-23.32.52:452][473]LogModuleManager: Shutting down and abandoning module AnimationSharingEd (440)
[2026.08.25-23.32.52:452][473]LogModuleManager: Shutting down and abandoning module LightPropagationVolumeEditor (438)
[2026.08.25-23.32.52:452][473]LogModuleManager: Shutting down and abandoning module PaperTiledImporter (436)
[2026.08.25-23.32.52:452][473]LogModuleManager: Shutting down and abandoning module PaperSpriteSheetImporter (434)
[2026.08.25-23.32.52:452][473]LogModuleManager: Shutting down and abandoning module Paper2DEditor (432)
[2026.08.25-23.32.52:452][473]LogModuleManager: Shutting down and abandoning module LiveLinkSequencer (430)
[2026.08.25-23.32.52:452][473]LogModuleManager: Shutting down and abandoning module LiveLinkMovieScene (428)
[2026.08.25-23.32.52:452][473]LogModuleManager: Shutting down and abandoning module LiveLinkGraphNode (426)
[2026.08.25-23.32.52:452][473]LogModuleManager: Shutting down and abandoning module LiveLinkEditor (424)
[2026.08.25-23.32.52:452][473]LogModuleManager: Shutting down and abandoning module LiveLinkComponents (422)
[2026.08.25-23.32.52:452][473]LogModuleManager: Shutting down and abandoning module LiveLink (420)
[2026.08.25-23.32.52:458][473]LogModuleManager: Shutting down and abandoning module MeshPaintingToolset (418)
[2026.08.25-23.32.52:458][473]LogModuleManager: Shutting down and abandoning module MeshPaintEditorMode (416)
[2026.08.25-23.32.52:458][473]LogModuleManager: Shutting down and abandoning module BrackeysJam2026 (414)
[2026.08.25-23.32.52:458][473]LogModuleManager: Shutting down and abandoning module AnimGraph (413)
[2026.08.25-23.32.52:458][473]LogModuleManager: Shutting down and abandoning module SignificanceManager (410)
[2026.08.25-23.32.52:458][473]LogModuleManager: Shutting down and abandoning module RuntimePhysXCooking (408)
[2026.08.25-23.32.52:458][473]LogModuleManager: Shutting down and abandoning module SoundFields (406)
[2026.08.25-23.32.52:458][473]LogModuleManager: Shutting down and abandoning module PhysXVehiclesEditor (404)
[2026.08.25-23.32.52:458][473]LogModuleManager: Shutting down and abandoning module PropertyAccessEditor (400)
[2026.08.25-23.32.52:458][473]LogModuleManager: Shutting down and abandoning module LocationServicesBPLibrary (398)
[2026.08.25-23.32.52:458][473]LogModuleManager: Shutting down and abandoning module AudioSynesthesia (396)
[2026.08.25-23.32.52:458][473]LogModuleManager: Shutting down and abandoning module AudioSynesthesiaCore (394)
[2026.08.25-23.32.52:458][473]LogModuleManager: Shutting down and abandoning module ActorSequence (392)
[2026.08.25-23.32.52:458][473]LogModuleManager: Shutting down and abandoning module UdpMessaging (390)
[2026.08.25-23.32.52:559][473]LogModuleManager: Shutting down and abandoning module TcpMessaging (388)
[2026.08.25-23.32.52:659][473]LogModuleManager: Shutting down and abandoning module PythonScriptPlugin (386)
[2026.08.25-23.32.52:659][473]LogModuleManager: Shutting down and abandoning module MagicLeapARPin (384)
[2026.08.25-23.32.52:659][473]LogModuleManager: Shutting down and abandoning module MagicLeapHandMeshing (382)
[2026.08.25-23.32.52:659][473]LogModuleManager: Shutting down and abandoning module MagicLeapSecureStorage (380)
[2026.08.25-23.32.52:659][473]LogModuleManager: Shutting down and abandoning module MagicLeapPrivileges (378)
[2026.08.25-23.32.52:659][473]LogModuleManager: Shutting down and abandoning module MagicLeapPlanes (376)
[2026.08.25-23.32.52:659][473]LogMagicLeapPlanes: Planes tracker already destroyed.
[2026.08.25-23.32.52:659][473]LogModuleManager: Shutting down and abandoning module MagicLeapImageTracker (374)
[2026.08.25-23.32.52:659][473]LogModuleManager: Shutting down and abandoning module MagicLeapIdentity (372)
[2026.08.25-23.32.52:659][473]LogModuleManager: Shutting down and abandoning module MagicLeapHandTracking (370)
[2026.08.25-23.32.52:659][473]LogModuleManager: Shutting down and abandoning module MagicLeapEyeTracker (368)
[2026.08.25-23.32.52:659][473]LogModuleManager: Shutting down and abandoning module MagicLeapController (366)
[2026.08.25-23.32.52:659][473]LogModuleManager: Shutting down and abandoning module MagicLeapARPinImpl (364)
[2026.08.25-23.32.52:659][473]LogModuleManager: Shutting down and abandoning module MagicLeapAR (362)
[2026.08.25-23.32.52:659][473]LogModuleManager: Shutting down and abandoning module ImgMediaEngine (360)
[2026.08.25-23.32.52:659][473]LogModuleManager: Shutting down and abandoning module NiagaraAnimNotifies (358)
[2026.08.25-23.32.52:659][473]LogModuleManager: Shutting down and abandoning module Niagara (356)
[2026.08.25-23.32.52:659][473]LogModuleManager: Shutting down and abandoning module SignalProcessing (355)
[2026.08.25-23.32.52:659][473]LogModuleManager: Shutting down and abandoning module NiagaraEditor (353)
[2026.08.25-23.32.52:659][473]LogModuleManager: Shutting down and abandoning module NiagaraCore (350)
[2026.08.25-23.32.52:659][473]LogModuleManager: Shutting down and abandoning module GameplayTagsEditor (348)
[2026.08.25-23.32.52:659][473]LogModuleManager: Shutting down and abandoning module FacialAnimationEditor (346)
[2026.08.25-23.32.52:659][473]LogModuleManager: Shutting down and abandoning module FacialAnimation (344)
[2026.08.25-23.32.52:659][473]LogModuleManager: Shutting down and abandoning module DataValidation (342)
[2026.08.25-23.32.52:659][473]LogModuleManager: Shutting down and abandoning module AssetManagerEditor (340)
[2026.08.25-23.32.52:659][473]LogModuleManager: Shutting down and abandoning module LevelEditor (339)
[2026.08.25-23.32.52:661][473]LogModuleManager: Shutting down and abandoning module PixelInspectorModule (338)
[2026.08.25-23.32.52:661][473]LogModuleManager: Shutting down and abandoning module CommonMenuExtensions (336)
[2026.08.25-23.32.52:661][473]LogModuleManager: Shutting down and abandoning module MainFrame (334)
[2026.08.25-23.32.52:661][473]LogModuleManager: Shutting down and abandoning module HotReload (333)
[2026.08.25-23.32.52:662][473]LogModuleManager: Shutting down and abandoning module ToolMenus (329)
[2026.08.25-23.32.52:662][473]LogModuleManager: Shutting down and abandoning module ContentBrowser (327)
[2026.08.25-23.32.52:662][473]LogModuleManager: Shutting down and abandoning module ContentBrowserData (326)
[2026.08.25-23.32.52:662][473]LogModuleManager: Shutting down and abandoning module TreeMap (323)
[2026.08.25-23.32.52:662][473]LogModuleManager: Shutting down and abandoning module PropertyAccessNode (320)
[2026.08.25-23.32.52:662][473]LogModuleManager: Shutting down and abandoning module AnimationSharing (318)
[2026.08.25-23.32.52:662][473]LogModuleManager: Shutting down and abandoning module GameplayCameras (316)
[2026.08.25-23.32.52:662][473]LogModuleManager: Shutting down and abandoning module EnvironmentQueryEditor (314)
[2026.08.25-23.32.52:662][473]LogModuleManager: Shutting down and abandoning module LightPropagationVolumeRuntime (312)
[2026.08.25-23.32.52:662][473]LogModuleManager: Shutting down and abandoning module Paper2D (310)
[2026.08.25-23.32.52:662][473]LogModuleManager: Shutting down and abandoning module WindowsMoviePlayer (308)
[2026.08.25-23.32.52:663][473]LogModuleManager: Shutting down and abandoning module WebMMoviePlayer (306)
[2026.08.25-23.32.52:663][473]LogModuleManager: Shutting down and abandoning module NetworkReplayStreaming (304)
[2026.08.25-23.32.52:663][473]LogModuleManager: Shutting down and abandoning module PacketHandler (302)
[2026.08.25-23.32.52:663][473]LogModuleManager: Shutting down and abandoning module ClothingSystemEditor (300)
[2026.08.25-23.32.52:663][473]LogModuleManager: Shutting down and abandoning module ClothingSystemRuntimeNv (298)
[2026.08.25-23.32.52:663][473]LogModuleManager: Shutting down and abandoning module MediaAssets (296)
[2026.08.25-23.32.52:663][473]LogModuleManager: Shutting down and abandoning module Overlay (294)
[2026.08.25-23.32.52:663][473]LogModuleManager: Shutting down and abandoning module OverlayEditor (293)
[2026.08.25-23.32.52:663][473]LogModuleManager: Shutting down and abandoning module VREditor (290)
[2026.08.25-23.32.52:663][473]LogModuleManager: Shutting down and abandoning module StringTableEditor (288)
[2026.08.25-23.32.52:663][473]LogModuleManager: Shutting down and abandoning module GameplayTasksEditor (286)
[2026.08.25-23.32.52:663][473]LogModuleManager: Shutting down and abandoning module BehaviorTreeEditor (284)
[2026.08.25-23.32.52:663][473]LogModuleManager: Shutting down and abandoning module FunctionalTesting (282)
[2026.08.25-23.32.52:663][473]LogModuleManager: Shutting down and abandoning module CollisionAnalyzer (280)
[2026.08.25-23.32.52:663][473]LogModuleManager: Shutting down and abandoning module WorkspaceMenuStructure (279)
[2026.08.25-23.32.52:663][473]LogModuleManager: Shutting down and abandoning module UMG (276)
[2026.08.25-23.32.52:663][473]LogModuleManager: Shutting down and abandoning module UMGEditor (275)
[2026.08.25-23.32.52:663][473]LogModuleManager: Shutting down and abandoning module MessageLog (273)
[2026.08.25-23.32.52:663][473]LogModuleManager: Shutting down and abandoning module SlateReflector (268)
[2026.08.25-23.32.52:663][473]LogModuleManager: Shutting down and abandoning module Slate (266)
[2026.08.25-23.32.52:663][473]LogModuleManager: Shutting down and abandoning module SlateCore (264)
[2026.08.25-23.32.52:664][473]LogModuleManager: Shutting down and abandoning module LandscapeEditorUtilities (262)
[2026.08.25-23.32.52:664][473]LogModuleManager: Shutting down and abandoning module UnrealEd (260)
[2026.08.25-23.32.52:664][473]LogModuleManager: Shutting down and abandoning module MRMesh (258)
[2026.08.25-23.32.52:664][473]LogModuleManager: Shutting down and abandoning module SourceCodeAccess (256)
[2026.08.25-23.32.52:664][473]LogModuleManager: Shutting down and abandoning module HeadMountedDisplay (254)
[2026.08.25-23.32.52:664][473]LogModuleManager: Shutting down and abandoning module XAudio2 (252)
[2026.08.25-23.32.52:664][473]LogModuleManager: Shutting down and abandoning module Networking (250)
[2026.08.25-23.32.52:664][473]LogModuleManager: Shutting down and abandoning module Core (248)
[2026.08.25-23.32.52:664][473]LogModuleManager: Shutting down and abandoning module MaterialEditor (246)
[2026.08.25-23.32.52:664][473]LogModuleManager: Shutting down and abandoning module MovieSceneTools (244)
[2026.08.25-23.32.52:664][473]LogModuleManager: Shutting down and abandoning module CurveEditor (243)
[2026.08.25-23.32.52:664][473]LogModuleManager: Shutting down and abandoning module Sequencer (241)
[2026.08.25-23.32.52:664][473]LogModuleManager: Shutting down and abandoning module EditorStyle (240)
[2026.08.25-23.32.52:665][473]LogModuleManager: Shutting down and abandoning module KismetCompiler (236)
[2026.08.25-23.32.52:665][473]LogModuleManager: Shutting down and abandoning module MeshBuilder (234)
[2026.08.25-23.32.52:665][473]LogModuleManager: Shutting down and abandoning module MeshUtilities (232)
[2026.08.25-23.32.52:665][473]LogModuleManager: Shutting down and abandoning module MeshMergeUtilities (231)
[2026.08.25-23.32.52:665][473]LogModuleManager: Shutting down and abandoning module MeshReductionInterface (230)
[2026.08.25-23.32.52:665][473]LogModuleManager: Shutting down and abandoning module MeshBoneReduction (229)
[2026.08.25-23.32.52:665][473]LogModuleManager: Shutting down and abandoning module SkeletalMeshReduction (227)
[2026.08.25-23.32.52:665][473]LogModuleManager: Shutting down and abandoning module ProxyLODMeshReduction (225)
[2026.08.25-23.32.52:665][473]LogModuleManager: Shutting down and abandoning module QuadricMeshReduction (223)
[2026.08.25-23.32.52:665][473]LogModuleManager: Shutting down and abandoning module MaterialBaking (219)
[2026.08.25-23.32.52:665][473]LogModuleManager: Shutting down and abandoning module NullInstallBundleManager (214)
[2026.08.25-23.32.52:665][473]LogModuleManager: Shutting down and abandoning module DerivedDataCache (212)
[2026.08.25-23.32.52:665][473]LogModuleManager: Shutting down and abandoning module TargetPlatform (210)
[2026.08.25-23.32.52:665][473]LogModuleManager: Shutting down and abandoning module VulkanShaderFormat (209)
[2026.08.25-23.32.52:665][473]LogModuleManager: Shutting down and abandoning module ShaderFormatVectorVM (207)
[2026.08.25-23.32.52:665][473]LogModuleManager: Shutting down and abandoning module ShaderFormatOpenGL (205)
[2026.08.25-23.32.52:665][473]LogModuleManager: Shutting down and abandoning module ShaderFormatD3D (203)
[2026.08.25-23.32.52:665][473]LogModuleManager: Shutting down and abandoning module MetalShaderFormat (201)
[2026.08.25-23.32.52:665][473]LogModuleManager: Shutting down and abandoning module TextureFormatOodle (199)
[2026.08.25-23.32.52:665][473]LogModuleManager: Shutting down and abandoning module TextureFormatUncompressed (197)
[2026.08.25-23.32.52:665][473]LogModuleManager: Shutting down and abandoning module TextureFormatPVR (195)
[2026.08.25-23.32.52:665][473]LogModuleManager: Shutting down and abandoning module TextureFormatETC2 (193)
[2026.08.25-23.32.52:665][473]LogModuleManager: Shutting down and abandoning module TextureFormatDXT (191)
[2026.08.25-23.32.52:665][473]LogModuleManager: Shutting down and abandoning module TextureFormatIntelISPCTexComp (189)
[2026.08.25-23.32.52:665][473]LogModuleManager: Shutting down and abandoning module TextureFormatASTC (187)
[2026.08.25-23.32.52:665][473]LogModuleManager: Shutting down and abandoning module ImageWrapper (186)
[2026.08.25-23.32.52:666][473]LogModuleManager: Shutting down and abandoning module AudioFormatOpus (183)
[2026.08.25-23.32.52:666][473]LogModuleManager: Shutting down and abandoning module AudioFormatOgg (181)
[2026.08.25-23.32.52:666][473]LogModuleManager: Shutting down and abandoning module AudioFormatADPCM (179)
[2026.08.25-23.32.52:666][473]LogModuleManager: Shutting down and abandoning module WindowsServerTargetPlatform (177)
[2026.08.25-23.32.52:666][473]LogModuleManager: Shutting down and abandoning module WindowsClientTargetPlatform (175)
[2026.08.25-23.32.52:666][473]LogModuleManager: Shutting down and abandoning module WindowsTargetPlatform (173)
[2026.08.25-23.32.52:666][473]LogModuleManager: Shutting down and abandoning module WindowsNoEditorTargetPlatform (171)
[2026.08.25-23.32.52:666][473]LogModuleManager: Shutting down and abandoning module TVOSTargetPlatform (169)
[2026.08.25-23.32.52:666][473]LogModuleManager: Shutting down and abandoning module MacServerTargetPlatform (167)
[2026.08.25-23.32.52:666][473]LogModuleManager: Shutting down and abandoning module MacClientTargetPlatform (165)
[2026.08.25-23.32.52:666][473]LogModuleManager: Shutting down and abandoning module MacTargetPlatform (163)
[2026.08.25-23.32.52:666][473]LogModuleManager: Shutting down and abandoning module MacNoEditorTargetPlatform (161)
[2026.08.25-23.32.52:666][473]LogModuleManager: Shutting down and abandoning module LuminTargetPlatform (159)
[2026.08.25-23.32.52:667][473]LogModuleManager: Shutting down and abandoning module LinuxAArch64ServerTargetPlatform (157)
[2026.08.25-23.32.52:667][473]LogModuleManager: Shutting down and abandoning module LinuxAArch64ClientTargetPlatform (155)
[2026.08.25-23.32.52:667][473]LogModuleManager: Shutting down and abandoning module LinuxAArch64NoEditorTargetPlatform (153)
[2026.08.25-23.32.52:667][473]LogModuleManager: Shutting down and abandoning module LinuxServerTargetPlatform (151)
[2026.08.25-23.32.52:667][473]LogModuleManager: Shutting down and abandoning module LinuxClientTargetPlatform (149)
[2026.08.25-23.32.52:667][473]LogModuleManager: Shutting down and abandoning module LinuxNoEditorTargetPlatform (147)
[2026.08.25-23.32.52:667][473]LogModuleManager: Shutting down and abandoning module LinuxTargetPlatform (145)
[2026.08.25-23.32.52:667][473]LogModuleManager: Shutting down and abandoning module Messaging (143)
[2026.08.25-23.32.52:667][473]LogModuleManager: Shutting down and abandoning module IOSTargetPlatform (141)
[2026.08.25-23.32.52:667][473]LogModuleManager: Shutting down and abandoning module AndroidTargetPlatform (139)
[2026.08.25-23.32.52:670][473]LogModuleManager: Shutting down and abandoning module AllDesktopTargetPlatform (137)
[2026.08.25-23.32.52:670][473]LogModuleManager: Shutting down and abandoning module D3D11RHI (134)
[2026.08.25-23.32.52:670][473]LogModuleManager: Shutting down and abandoning module InputCore (132)
[2026.08.25-23.32.52:670][473]LogModuleManager: Shutting down and abandoning module Settings (130)
[2026.08.25-23.32.52:670][473]LogModuleManager: Shutting down and abandoning module DirectoryWatcher (128)
[2026.08.25-23.32.52:670][473]LogModuleManager: Shutting down and abandoning module PhysXCooking (126)
[2026.08.25-23.32.52:670][473]LogModuleManager: Shutting down and abandoning module Chaos (124)
[2026.08.25-23.32.52:670][473]LogModuleManager: Shutting down and abandoning module WindowsPlatformFeatures (122)
[2026.08.25-23.32.52:670][473]LogModuleManager: Shutting down and abandoning module GameplayMediaEncoder (121)
[2026.08.25-23.32.52:670][473]LogModuleManager: Shutting down and abandoning module AVEncoder (120)
[2026.08.25-23.32.52:670][473]LogModuleManager: Shutting down and abandoning module SteamVRInputDevice (116)
[2026.08.25-23.32.52:670][473]LogModuleManager: Shutting down and abandoning module SteamVRInput (114)
[2026.08.25-23.32.52:670][473]LogModuleManager: Shutting down and abandoning module SteamVR (112)
[2026.08.25-23.32.52:670][473]LogHMD: Freeing OpenVRDLLHandle.
[2026.08.25-23.32.52:670][473]LogModuleManager: Shutting down and abandoning module OculusHMD (110)
[2026.08.25-23.32.52:670][473]LogModuleManager: Shutting down and abandoning module OpenXRHandTracking (108)
[2026.08.25-23.32.52:670][473]LogSlate: Slate User Destroyed.  User Index 0, Is Virtual User: 0
[2026.08.25-23.32.52:670][473]LogModuleManager: Shutting down and abandoning module OpenXREyeTracker (106)
[2026.08.25-23.32.52:670][473]LogModuleManager: Shutting down and abandoning module OpenXRAR (104)
[2026.08.25-23.32.52:670][473]LogModuleManager: Shutting down and abandoning module AugmentedReality (103)
[2026.08.25-23.32.52:670][473]LogModuleManager: Shutting down and abandoning module OpenXRHMD (100)
[2026.08.25-23.32.52:671][473]LogModuleManager: Shutting down and abandoning module ExampleDeviceProfileSelector (98)
[2026.08.25-23.32.52:671][473]LogModuleManager: Shutting down and abandoning module ChunkDownloader (96)
[2026.08.25-23.32.52:671][473]LogModuleManager: Shutting down and abandoning module LauncherChunkInstaller (94)
[2026.08.25-23.32.52:671][473]LogModuleManager: Shutting down and abandoning module OnlineBlueprintSupport (92)
[2026.08.25-23.32.52:671][473]LogModuleManager: Shutting down and abandoning module OnlineSubsystem (88)
[2026.08.25-23.32.52:672][473]LogModuleManager: Shutting down and abandoning module XMPP (83)
[2026.08.25-23.32.52:672][473]LogModuleManager: Shutting down and abandoning module WebSockets (82)
[2026.08.25-23.32.52:687][473]LogModuleManager: Shutting down and abandoning module HTTP (79)
[2026.08.25-23.32.52:687][473]LogHttp: Display: Http module shutting down, but needs to wait on 1 outstanding Http requests:
[2026.08.25-23.32.52:687][473]LogHttp: Display: 	verb=[POST] url=[https://datarouter.ol.epicgames.com/datarouter/api/v1/public/data?SessionID=%7BD1EDDD73-443A-569D-A861-56B4E9AEE4B8%7D&AppID=UEEditor.Rocket.Release&AppVersion=4.27.2-18319896%2B%2B%2BUE4%2BRelease-4.27&UserID=aad14cfa4a1ed281c560f785102d869b%7C24de892310f14890888f3bfa72d3ca7c%7C72aeb03c-3a2b-4ff1-80d4-ff410d42d422&AppEnvironment=datacollector-binary&UploadType=eteventstream] refs=[1] status=Processing
[2026.08.25-23.32.52:687][473]LogHttp: Display: cleaning up 1 outstanding Http requests.
[2026.08.25-23.32.52:717][473]LogModuleManager: Shutting down and abandoning module SSL (78)
[2026.08.25-23.32.52:718][473]LogModuleManager: Shutting down and abandoning module MLSDK (74)
[2026.08.25-23.32.52:718][473]LogModuleManager: Shutting down and abandoning module WmfMedia (72)
[2026.08.25-23.32.52:719][473]LogModuleManager: Shutting down and abandoning module Media (71)
[2026.08.25-23.32.52:721][473]LogModuleManager: Shutting down and abandoning module MediaInfo (70)
[2026.08.25-23.32.52:721][473]LogModuleManager: Shutting down and abandoning module MagicLeap (66)
[2026.08.25-23.32.52:721][473]LogModuleManager: Shutting down and abandoning module ExrReaderGpu (64)
[2026.08.25-23.32.52:721][473]LogModuleManager: Shutting down and abandoning module VariantManagerContent (62)
[2026.08.25-23.32.52:721][473]LogModuleManager: Shutting down and abandoning module DatasmithContent (60)
[2026.08.25-23.32.52:722][473]LogModuleManager: Shutting down and abandoning module NiagaraVertexFactories (58)
[2026.08.25-23.32.52:722][473]LogModuleManager: Shutting down and abandoning module NiagaraShader (56)
[2026.08.25-23.32.52:722][473]LogModuleManager: Shutting down and abandoning module ChaosCloth (54)
[2026.08.25-23.32.52:722][473]LogModuleManager: Shutting down and abandoning module PixWinPlugin (52)
[2026.08.25-23.32.52:722][473]LogModuleManager: Shutting down and abandoning module AISupportModule (50)
[2026.08.25-23.32.52:722][473]LogModuleManager: Shutting down and abandoning module DesktopPlatform (48)
[2026.08.25-23.32.52:722][473]LogModuleManager: Shutting down and abandoning module PythonScriptPluginPreload (46)
[2026.08.25-23.32.52:722][473]LogModuleManager: Shutting down and abandoning module PlatformCryptoOpenSSL (44)
[2026.08.25-23.32.52:722][473]LogModuleManager: Shutting down and abandoning module PlatformCryptoTypes (42)
[2026.08.25-23.32.52:722][473]LogModuleManager: Shutting down and abandoning module PlatformCrypto (40)
[2026.08.25-23.32.52:722][473]LogModuleManager: Shutting down and abandoning module OodleDataCompressionFormat (38)
[2026.08.25-23.32.52:722][473]LogModuleManager: Shutting down and abandoning module XGEController (36)
[2026.08.25-23.32.52:722][473]LogModuleManager: Shutting down and abandoning module AnimationModifiers (34)
[2026.08.25-23.32.52:722][473]LogModuleManager: Shutting down and abandoning module AudioEditor (32)
[2026.08.25-23.32.52:722][473]LogModuleManager: Shutting down and abandoning module PropertyEditor (31)
[2026.08.25-23.32.52:722][473]LogModuleManager: Shutting down and abandoning module TextureCompressor (28)
[2026.08.25-23.32.52:722][473]LogModuleManager: Shutting down and abandoning module RenderCore (26)
[2026.08.25-23.32.52:722][473]LogModuleManager: Shutting down and abandoning module Landscape (24)
[2026.08.25-23.32.52:722][473]LogModuleManager: Shutting down and abandoning module SlateRHIRenderer (22)
[2026.08.25-23.32.52:725][473]LogModuleManager: Shutting down and abandoning module AnimGraphRuntime (20)
[2026.08.25-23.32.52:725][473]LogModuleManager: Shutting down and abandoning module Renderer (18)
[2026.08.25-23.32.52:725][473]LogModuleManager: Shutting down and abandoning module Engine (16)
[2026.08.25-23.32.52:725][473]LogModuleManager: Shutting down and abandoning module CoreUObject (14)
[2026.08.25-23.32.52:725][473]LogModuleManager: Shutting down and abandoning module NetworkFile (12)
[2026.08.25-23.32.52:725][473]LogModuleManager: Shutting down and abandoning module CookedIterativeFile (10)
[2026.08.25-23.32.52:725][473]LogModuleManager: Shutting down and abandoning module StreamingFile (8)
[2026.08.25-23.32.52:725][473]LogModuleManager: Shutting down and abandoning module SandboxFile (6)
[2026.08.25-23.32.52:725][473]LogModuleManager: Shutting down and abandoning module PakFile (4)
[2026.08.25-23.32.52:725][473]LogModuleManager: Shutting down and abandoning module RSA (3)
[2026.08.25-23.32.52:725][473]LogContentStreaming: Display: There are 1 unreleased StreamingManagers
[2026.08.25-23.32.52:755][473]LogD3D11RHI: Shutdown
[2026.08.25-23.32.52:755][473]LogD3D11RHI: CleanupD3DDevice
[2026.08.25-23.32.52:757][473]LogExit: Exiting.
[2026.08.25-23.32.52:775][473]Log file closed, 08/25/26 16:32:52
